[2026-03-06T07:57:53.063+0000] {local_task_job_runner.py:123} INFO - ::group::Pre task execution logs
[2026-03-06T07:57:53.095+0000] {taskinstance.py:2614} INFO - Dependencies all met for dep_context=non-requeueable deps ti=<TaskInstance: 01_master_processing_pipeline.process_travel_data manual__2026-03-06T07:57:46.004240+00:00 [queued]>
[2026-03-06T07:57:53.116+0000] {taskinstance.py:2614} INFO - Dependencies all met for dep_context=requeueable deps ti=<TaskInstance: 01_master_processing_pipeline.process_travel_data manual__2026-03-06T07:57:46.004240+00:00 [queued]>
[2026-03-06T07:57:53.117+0000] {taskinstance.py:2867} INFO - Starting attempt 1 of 2
[2026-03-06T07:57:53.139+0000] {taskinstance.py:2890} INFO - Executing <Task(BashOperator): process_travel_data> on 2026-03-06 07:57:46.004240+00:00
[2026-03-06T07:57:53.161+0000] {logging_mixin.py:190} WARNING - /home/***/.local/lib/python3.12/site-packages/***/task/task_runner/standard_task_runner.py:70 DeprecationWarning: This process (pid=1662) is multi-threaded, use of fork() may lead to deadlocks in the child.
[2026-03-06T07:57:53.158+0000] {standard_task_runner.py:104} INFO - Running: ['***', 'tasks', 'run', '01_master_processing_pipeline', 'process_travel_data', 'manual__2026-03-06T07:57:46.004240+00:00', '--job-id', '15', '--raw', '--subdir', 'DAGS_FOLDER/master_processing_dag.py', '--cfg-path', '/tmp/tmpoerxphm6']
[2026-03-06T07:57:53.163+0000] {standard_task_runner.py:72} INFO - Started process 1663 to run task
[2026-03-06T07:57:53.163+0000] {standard_task_runner.py:105} INFO - Job 15: Subtask process_travel_data
[2026-03-06T07:57:53.246+0000] {task_command.py:467} INFO - Running <TaskInstance: 01_master_processing_pipeline.process_travel_data manual__2026-03-06T07:57:46.004240+00:00 [running]> on host eb669c802a68
[2026-03-06T07:57:53.418+0000] {taskinstance.py:3134} INFO - Exporting env vars: AIRFLOW_CTX_DAG_OWNER='khang_data_guy' AIRFLOW_CTX_DAG_ID='01_master_processing_pipeline' AIRFLOW_CTX_TASK_ID='process_travel_data' AIRFLOW_CTX_EXECUTION_DATE='2026-03-06T07:57:46.004240+00:00' AIRFLOW_CTX_TRY_NUMBER='1' AIRFLOW_CTX_DAG_RUN_ID='manual__2026-03-06T07:57:46.004240+00:00'
[2026-03-06T07:57:53.420+0000] {taskinstance.py:732} INFO - ::endgroup::
[2026-03-06T07:57:53.443+0000] {subprocess.py:78} INFO - Tmp dir root location: /tmp
[2026-03-06T07:57:53.447+0000] {subprocess.py:88} INFO - Running command: ['/usr/bin/bash', '-c', '\n        export SPARK_HOME=/home/***/.local/lib/python3.12/site-packages/pyspark &&\n        python /opt/***/src/processing/travel/process_reviews_spark.py\n        ']
[2026-03-06T07:57:53.461+0000] {subprocess.py:99} INFO - Output:
[2026-03-06T07:58:05.799+0000] {subprocess.py:106} INFO - :: loading settings :: url = jar:file:/home/***/.local/lib/python3.12/site-packages/pyspark/jars/ivy-2.5.1.jar!/org/apache/ivy/core/settings/ivysettings.xml
[2026-03-06T07:58:06.012+0000] {subprocess.py:106} INFO - Ivy Default Cache set to: /home/***/.ivy2/cache
[2026-03-06T07:58:06.013+0000] {subprocess.py:106} INFO - The jars for the packages stored in: /home/***/.ivy2/jars
[2026-03-06T07:58:06.022+0000] {subprocess.py:106} INFO - org.apache.hadoop#hadoop-aws added as a dependency
[2026-03-06T07:58:06.023+0000] {subprocess.py:106} INFO - com.amazonaws#aws-java-sdk-bundle added as a dependency
[2026-03-06T07:58:06.024+0000] {subprocess.py:106} INFO - :: resolving dependencies :: org.apache.spark#spark-submit-parent-e3895407-f872-4ef7-9c31-1685e48abb79;1.0
[2026-03-06T07:58:06.025+0000] {subprocess.py:106} INFO - 	confs: [default]
[2026-03-06T07:58:09.504+0000] {subprocess.py:106} INFO - 	found org.apache.hadoop#hadoop-aws;3.3.4 in central
[2026-03-06T07:58:10.946+0000] {subprocess.py:106} INFO - 	found com.amazonaws#aws-java-sdk-bundle;1.12.262 in central
[2026-03-06T07:58:12.861+0000] {subprocess.py:106} INFO - 	found org.wildfly.openssl#wildfly-openssl;1.0.7.Final in central
[2026-03-06T07:58:12.946+0000] {subprocess.py:106} INFO - downloading https://repo1.maven.org/maven2/org/apache/hadoop/hadoop-aws/3.3.4/hadoop-aws-3.3.4.jar ...
[2026-03-06T07:58:13.779+0000] {subprocess.py:106} INFO - 	[SUCCESSFUL ] org.apache.hadoop#hadoop-aws;3.3.4!hadoop-aws.jar (897ms)
[2026-03-06T07:58:13.848+0000] {subprocess.py:106} INFO - downloading https://repo1.maven.org/maven2/com/amazonaws/aws-java-sdk-bundle/1.12.262/aws-java-sdk-bundle-1.12.262.jar ...
[2026-03-06T08:00:12.015+0000] {subprocess.py:106} INFO - 	[SUCCESSFUL ] com.amazonaws#aws-java-sdk-bundle;1.12.262!aws-java-sdk-bundle.jar (118230ms)
[2026-03-06T08:00:12.093+0000] {subprocess.py:106} INFO - downloading https://repo1.maven.org/maven2/org/wildfly/openssl/wildfly-openssl/1.0.7.Final/wildfly-openssl-1.0.7.Final.jar ...
[2026-03-06T08:00:12.340+0000] {subprocess.py:106} INFO - 	[SUCCESSFUL ] org.wildfly.openssl#wildfly-openssl;1.0.7.Final!wildfly-openssl.jar (322ms)
[2026-03-06T08:00:12.341+0000] {subprocess.py:106} INFO - :: resolution report :: resolve 6855ms :: artifacts dl 119461ms
[2026-03-06T08:00:12.343+0000] {subprocess.py:106} INFO - 	:: modules in use:
[2026-03-06T08:00:12.344+0000] {subprocess.py:106} INFO - 	com.amazonaws#aws-java-sdk-bundle;1.12.262 from central in [default]
[2026-03-06T08:00:12.345+0000] {subprocess.py:106} INFO - 	org.apache.hadoop#hadoop-aws;3.3.4 from central in [default]
[2026-03-06T08:00:12.346+0000] {subprocess.py:106} INFO - 	org.wildfly.openssl#wildfly-openssl;1.0.7.Final from central in [default]
[2026-03-06T08:00:12.347+0000] {subprocess.py:106} INFO - 	---------------------------------------------------------------------
[2026-03-06T08:00:12.349+0000] {subprocess.py:106} INFO - 	|                  |            modules            ||   artifacts   |
[2026-03-06T08:00:12.350+0000] {subprocess.py:106} INFO - 	|       conf       | number| search|dwnlded|evicted|| number|dwnlded|
[2026-03-06T08:00:12.351+0000] {subprocess.py:106} INFO - 	---------------------------------------------------------------------
[2026-03-06T08:00:12.352+0000] {subprocess.py:106} INFO - 	|      default     |   3   |   3   |   3   |   0   ||   3   |   3   |
[2026-03-06T08:00:12.353+0000] {subprocess.py:106} INFO - 	---------------------------------------------------------------------
[2026-03-06T08:00:12.371+0000] {subprocess.py:106} INFO - :: retrieving :: org.apache.spark#spark-submit-parent-e3895407-f872-4ef7-9c31-1685e48abb79
[2026-03-06T08:00:12.372+0000] {subprocess.py:106} INFO - 	confs: [default]
[2026-03-06T08:00:14.516+0000] {subprocess.py:106} INFO - 	3 artifacts copied, 0 already retrieved (275421kB/2144ms)
[2026-03-06T08:00:15.078+0000] {subprocess.py:106} INFO - 26/03/06 08:00:15 WARN NativeCodeLoader: Unable to load native-hadoop library for your platform... using builtin-java classes where applicable
[2026-03-06T08:00:15.431+0000] {subprocess.py:106} INFO - Setting default log level to "WARN".
[2026-03-06T08:00:15.432+0000] {subprocess.py:106} INFO - To adjust logging level use sc.setLogLevel(newLevel). For SparkR, use setLogLevel(newLevel).
[2026-03-06T08:00:25.776+0000] {subprocess.py:106} INFO - 26/03/06 08:00:25 WARN MetricsConfig: Cannot locate configuration: tried hadoop-metrics2-s3a-file-system.properties,hadoop-metrics2.properties
[2026-03-06T08:01:50.809+0000] {job.py:239} ERROR - Job heartbeat failed with error
Traceback (most recent call last):
  File "/home/airflow/.local/lib/python3.12/site-packages/sqlalchemy/engine/base.py", line 3371, in _wrap_pool_connect
    return fn()
           ^^^^
  File "/home/airflow/.local/lib/python3.12/site-packages/sqlalchemy/pool/base.py", line 327, in connect
    return _ConnectionFairy._checkout(self)
           ^^^^^^^^^^^^^^^^^^^^^^^^^^^^^^^^
  File "/home/airflow/.local/lib/python3.12/site-packages/sqlalchemy/pool/base.py", line 894, in _checkout
    fairy = _ConnectionRecord.checkout(pool)
            ^^^^^^^^^^^^^^^^^^^^^^^^^^^^^^^^
  File "/home/airflow/.local/lib/python3.12/site-packages/sqlalchemy/pool/base.py", line 493, in checkout
    rec = pool._do_get()
          ^^^^^^^^^^^^^^
  File "/home/airflow/.local/lib/python3.12/site-packages/sqlalchemy/pool/impl.py", line 256, in _do_get
    return self._create_connection()
           ^^^^^^^^^^^^^^^^^^^^^^^^^
  File "/home/airflow/.local/lib/python3.12/site-packages/sqlalchemy/pool/base.py", line 273, in _create_connection
    return _ConnectionRecord(self)
           ^^^^^^^^^^^^^^^^^^^^^^^
  File "/home/airflow/.local/lib/python3.12/site-packages/sqlalchemy/pool/base.py", line 388, in __init__
    self.__connect()
  File "/home/airflow/.local/lib/python3.12/site-packages/sqlalchemy/pool/base.py", line 690, in __connect
    with util.safe_reraise():
         ^^^^^^^^^^^^^^^^^^^
  File "/home/airflow/.local/lib/python3.12/site-packages/sqlalchemy/util/langhelpers.py", line 70, in __exit__
    compat.raise_(
  File "/home/airflow/.local/lib/python3.12/site-packages/sqlalchemy/util/compat.py", line 211, in raise_
    raise exception
  File "/home/airflow/.local/lib/python3.12/site-packages/sqlalchemy/pool/base.py", line 686, in __connect
    self.dbapi_connection = connection = pool._invoke_creator(self)
                                         ^^^^^^^^^^^^^^^^^^^^^^^^^^
  File "/home/airflow/.local/lib/python3.12/site-packages/sqlalchemy/engine/create.py", line 574, in connect
    return dialect.connect(*cargs, **cparams)
           ^^^^^^^^^^^^^^^^^^^^^^^^^^^^^^^^^^
  File "/home/airflow/.local/lib/python3.12/site-packages/sqlalchemy/engine/default.py", line 598, in connect
    return self.dbapi.connect(*cargs, **cparams)
           ^^^^^^^^^^^^^^^^^^^^^^^^^^^^^^^^^^^^^
  File "/home/airflow/.local/lib/python3.12/site-packages/psycopg2/__init__.py", line 122, in connect
    conn = _connect(dsn, connection_factory=connection_factory, **kwasync)
           ^^^^^^^^^^^^^^^^^^^^^^^^^^^^^^^^^^^^^^^^^^^^^^^^^^^^^^^^^^^^^^^
psycopg2.OperationalError: could not translate host name "postgres" to address: Temporary failure in name resolution


The above exception was the direct cause of the following exception:

Traceback (most recent call last):
  File "/home/airflow/.local/lib/python3.12/site-packages/airflow/jobs/job.py", line 207, in heartbeat
    self._merge_from(Job._fetch_from_db(self, session))
                     ^^^^^^^^^^^^^^^^^^^^^^^^^^^^^^^^^
  File "/home/airflow/.local/lib/python3.12/site-packages/airflow/api_internal/internal_api_call.py", line 166, in wrapper
    return func(*args, **kwargs)
           ^^^^^^^^^^^^^^^^^^^^^
  File "/home/airflow/.local/lib/python3.12/site-packages/airflow/utils/session.py", line 94, in wrapper
    return func(*args, **kwargs)
           ^^^^^^^^^^^^^^^^^^^^^
  File "/home/airflow/.local/lib/python3.12/site-packages/airflow/utils/retries.py", line 93, in wrapped_function
    for attempt in run_with_db_retries(max_retries=retries, logger=logger, **retry_kwargs):
                   ^^^^^^^^^^^^^^^^^^^^^^^^^^^^^^^^^^^^^^^^^^^^^^^^^^^^^^^^^^^^^^^^^^^^^^^
  File "/home/airflow/.local/lib/python3.12/site-packages/tenacity/__init__.py", line 443, in __iter__
    do = self.iter(retry_state=retry_state)
         ^^^^^^^^^^^^^^^^^^^^^^^^^^^^^^^^^^
  File "/home/airflow/.local/lib/python3.12/site-packages/tenacity/__init__.py", line 376, in iter
    result = action(retry_state)
             ^^^^^^^^^^^^^^^^^^^
  File "/home/airflow/.local/lib/python3.12/site-packages/tenacity/__init__.py", line 418, in exc_check
    raise retry_exc.reraise()
          ^^^^^^^^^^^^^^^^^^^
  File "/home/airflow/.local/lib/python3.12/site-packages/tenacity/__init__.py", line 185, in reraise
    raise self.last_attempt.result()
          ^^^^^^^^^^^^^^^^^^^^^^^^^^
  File "/usr/local/lib/python3.12/concurrent/futures/_base.py", line 449, in result
    return self.__get_result()
           ^^^^^^^^^^^^^^^^^^^
  File "/usr/local/lib/python3.12/concurrent/futures/_base.py", line 401, in __get_result
    raise self._exception
  File "/home/airflow/.local/lib/python3.12/site-packages/airflow/utils/retries.py", line 102, in wrapped_function
    return func(*args, **kwargs)
           ^^^^^^^^^^^^^^^^^^^^^
  File "/home/airflow/.local/lib/python3.12/site-packages/airflow/jobs/job.py", line 335, in _fetch_from_db
    session.merge(job)
  File "/home/airflow/.local/lib/python3.12/site-packages/sqlalchemy/orm/session.py", line 3056, in merge
    return self._merge(
           ^^^^^^^^^^^^
  File "/home/airflow/.local/lib/python3.12/site-packages/sqlalchemy/orm/session.py", line 3136, in _merge
    merged = self.get(
             ^^^^^^^^^
  File "/home/airflow/.local/lib/python3.12/site-packages/sqlalchemy/orm/session.py", line 2853, in get
    return self._get_impl(
           ^^^^^^^^^^^^^^^
  File "/home/airflow/.local/lib/python3.12/site-packages/sqlalchemy/orm/session.py", line 2975, in _get_impl
    return db_load_fn(
           ^^^^^^^^^^^
  File "/home/airflow/.local/lib/python3.12/site-packages/sqlalchemy/orm/loading.py", line 530, in load_on_pk_identity
    session.execute(
  File "/home/airflow/.local/lib/python3.12/site-packages/sqlalchemy/orm/session.py", line 1716, in execute
    conn = self._connection_for_bind(bind)
           ^^^^^^^^^^^^^^^^^^^^^^^^^^^^^^^
  File "/home/airflow/.local/lib/python3.12/site-packages/sqlalchemy/orm/session.py", line 1555, in _connection_for_bind
    return self._transaction._connection_for_bind(
           ^^^^^^^^^^^^^^^^^^^^^^^^^^^^^^^^^^^^^^^
  File "/home/airflow/.local/lib/python3.12/site-packages/sqlalchemy/orm/session.py", line 750, in _connection_for_bind
    conn = bind.connect()
           ^^^^^^^^^^^^^^
  File "/home/airflow/.local/lib/python3.12/site-packages/sqlalchemy/future/engine.py", line 412, in connect
    return super(Engine, self).connect()
           ^^^^^^^^^^^^^^^^^^^^^^^^^^^^^
  File "/home/airflow/.local/lib/python3.12/site-packages/sqlalchemy/engine/base.py", line 3325, in connect
    return self._connection_cls(self, close_with_result=close_with_result)
           ^^^^^^^^^^^^^^^^^^^^^^^^^^^^^^^^^^^^^^^^^^^^^^^^^^^^^^^^^^^^^^^
  File "/home/airflow/.local/lib/python3.12/site-packages/sqlalchemy/engine/base.py", line 96, in __init__
    else engine.raw_connection()
         ^^^^^^^^^^^^^^^^^^^^^^^
  File "/home/airflow/.local/lib/python3.12/site-packages/sqlalchemy/engine/base.py", line 3404, in raw_connection
    return self._wrap_pool_connect(self.pool.connect, _connection)
           ^^^^^^^^^^^^^^^^^^^^^^^^^^^^^^^^^^^^^^^^^^^^^^^^^^^^^^^
  File "/home/airflow/.local/lib/python3.12/site-packages/sqlalchemy/engine/base.py", line 3374, in _wrap_pool_connect
    Connection._handle_dbapi_exception_noconnection(
  File "/home/airflow/.local/lib/python3.12/site-packages/sqlalchemy/engine/base.py", line 2208, in _handle_dbapi_exception_noconnection
    util.raise_(
  File "/home/airflow/.local/lib/python3.12/site-packages/sqlalchemy/util/compat.py", line 211, in raise_
    raise exception
  File "/home/airflow/.local/lib/python3.12/site-packages/sqlalchemy/engine/base.py", line 3371, in _wrap_pool_connect
    return fn()
           ^^^^
  File "/home/airflow/.local/lib/python3.12/site-packages/sqlalchemy/pool/base.py", line 327, in connect
    return _ConnectionFairy._checkout(self)
           ^^^^^^^^^^^^^^^^^^^^^^^^^^^^^^^^
  File "/home/airflow/.local/lib/python3.12/site-packages/sqlalchemy/pool/base.py", line 894, in _checkout
    fairy = _ConnectionRecord.checkout(pool)
            ^^^^^^^^^^^^^^^^^^^^^^^^^^^^^^^^
  File "/home/airflow/.local/lib/python3.12/site-packages/sqlalchemy/pool/base.py", line 493, in checkout
    rec = pool._do_get()
          ^^^^^^^^^^^^^^
  File "/home/airflow/.local/lib/python3.12/site-packages/sqlalchemy/pool/impl.py", line 256, in _do_get
    return self._create_connection()
           ^^^^^^^^^^^^^^^^^^^^^^^^^
  File "/home/airflow/.local/lib/python3.12/site-packages/sqlalchemy/pool/base.py", line 273, in _create_connection
    return _ConnectionRecord(self)
           ^^^^^^^^^^^^^^^^^^^^^^^
  File "/home/airflow/.local/lib/python3.12/site-packages/sqlalchemy/pool/base.py", line 388, in __init__
    self.__connect()
  File "/home/airflow/.local/lib/python3.12/site-packages/sqlalchemy/pool/base.py", line 690, in __connect
    with util.safe_reraise():
         ^^^^^^^^^^^^^^^^^^^
  File "/home/airflow/.local/lib/python3.12/site-packages/sqlalchemy/util/langhelpers.py", line 70, in __exit__
    compat.raise_(
  File "/home/airflow/.local/lib/python3.12/site-packages/sqlalchemy/util/compat.py", line 211, in raise_
    raise exception
  File "/home/airflow/.local/lib/python3.12/site-packages/sqlalchemy/pool/base.py", line 686, in __connect
    self.dbapi_connection = connection = pool._invoke_creator(self)
                                         ^^^^^^^^^^^^^^^^^^^^^^^^^^
  File "/home/airflow/.local/lib/python3.12/site-packages/sqlalchemy/engine/create.py", line 574, in connect
    return dialect.connect(*cargs, **cparams)
           ^^^^^^^^^^^^^^^^^^^^^^^^^^^^^^^^^^
  File "/home/airflow/.local/lib/python3.12/site-packages/sqlalchemy/engine/default.py", line 598, in connect
    return self.dbapi.connect(*cargs, **cparams)
           ^^^^^^^^^^^^^^^^^^^^^^^^^^^^^^^^^^^^^
  File "/home/airflow/.local/lib/python3.12/site-packages/psycopg2/__init__.py", line 122, in connect
    conn = _connect(dsn, connection_factory=connection_factory, **kwasync)
           ^^^^^^^^^^^^^^^^^^^^^^^^^^^^^^^^^^^^^^^^^^^^^^^^^^^^^^^^^^^^^^^
sqlalchemy.exc.OperationalError: (psycopg2.OperationalError) could not translate host name "postgres" to address: Temporary failure in name resolution

(Background on this error at: https://sqlalche.me/e/14/e3q8)
[2026-03-06T08:02:32.296+0000] {job.py:254} ERROR - Job heartbeat failed with error. Scheduler is in unhealthy state
[2026-03-06T08:02:38.029+0000] {subprocess.py:106} INFO - [Stage 0:>                                                          (0 + 1) / 1]                                                                                26/03/06 08:02:37 WARN HeartbeatReceiver: Removing executor driver with no recent heartbeats: 125195 ms exceeds timeout 120000 ms
[2026-03-06T08:02:38.874+0000] {subprocess.py:106} INFO - 26/03/06 08:02:38 WARN SparkContext: Killing executors is not supported by current scheduler.
[2026-03-06T08:02:39.394+0000] {subprocess.py:106} INFO - 26/03/06 08:02:39 ERROR Inbox: Ignoring error
[2026-03-06T08:02:39.403+0000] {subprocess.py:106} INFO - org.apache.spark.SparkException: Exception thrown in awaitResult:
[2026-03-06T08:02:39.407+0000] {subprocess.py:106} INFO - 	at org.apache.spark.util.SparkThreadUtils$.awaitResult(SparkThreadUtils.scala:56)
[2026-03-06T08:02:39.413+0000] {subprocess.py:106} INFO - 	at org.apache.spark.util.ThreadUtils$.awaitResult(ThreadUtils.scala:310)
[2026-03-06T08:02:39.417+0000] {subprocess.py:106} INFO - 	at org.apache.spark.rpc.RpcTimeout.awaitResult(RpcTimeout.scala:75)
[2026-03-06T08:02:39.428+0000] {subprocess.py:106} INFO - 	at org.apache.spark.rpc.RpcEnv.setupEndpointRefByURI(RpcEnv.scala:102)
[2026-03-06T08:02:39.469+0000] {subprocess.py:106} INFO - 	at org.apache.spark.rpc.RpcEnv.setupEndpointRef(RpcEnv.scala:110)
[2026-03-06T08:02:39.488+0000] {subprocess.py:106} INFO - 	at org.apache.spark.util.RpcUtils$.makeDriverRef(RpcUtils.scala:36)
[2026-03-06T08:02:39.496+0000] {subprocess.py:106} INFO - 	at org.apache.spark.storage.BlockManagerMasterEndpoint.driverEndpoint$lzycompute(BlockManagerMasterEndpoint.scala:124)
[2026-03-06T08:02:39.502+0000] {subprocess.py:106} INFO - 	at org.apache.spark.storage.BlockManagerMasterEndpoint.org$apache$spark$storage$BlockManagerMasterEndpoint$$driverEndpoint(BlockManagerMasterEndpoint.scala:123)
[2026-03-06T08:02:39.505+0000] {subprocess.py:106} INFO - 	at org.apache.spark.storage.BlockManagerMasterEndpoint.isExecutorAlive$lzycompute$1(BlockManagerMasterEndpoint.scala:688)
[2026-03-06T08:02:39.507+0000] {subprocess.py:106} INFO - 	at org.apache.spark.storage.BlockManagerMasterEndpoint.isExecutorAlive$1(BlockManagerMasterEndpoint.scala:687)
[2026-03-06T08:02:39.511+0000] {subprocess.py:106} INFO - 	at org.apache.spark.storage.BlockManagerMasterEndpoint.org$apache$spark$storage$BlockManagerMasterEndpoint$$register(BlockManagerMasterEndpoint.scala:725)
[2026-03-06T08:02:39.513+0000] {subprocess.py:106} INFO - 	at org.apache.spark.storage.BlockManagerMasterEndpoint$$anonfun$receiveAndReply$1.applyOrElse(BlockManagerMasterEndpoint.scala:133)
[2026-03-06T08:02:39.515+0000] {subprocess.py:106} INFO - 	at org.apache.spark.rpc.netty.Inbox.$anonfun$process$1(Inbox.scala:103)
[2026-03-06T08:02:39.518+0000] {subprocess.py:106} INFO - 	at org.apache.spark.rpc.netty.Inbox.safelyCall(Inbox.scala:213)
[2026-03-06T08:02:39.521+0000] {subprocess.py:106} INFO - 	at org.apache.spark.rpc.netty.Inbox.process(Inbox.scala:100)
[2026-03-06T08:02:39.524+0000] {subprocess.py:106} INFO - 	at org.apache.spark.rpc.netty.MessageLoop.org$apache$spark$rpc$netty$MessageLoop$$receiveLoop(MessageLoop.scala:75)
[2026-03-06T08:02:39.529+0000] {subprocess.py:106} INFO - 	at org.apache.spark.rpc.netty.MessageLoop$$anon$1.run(MessageLoop.scala:41)
[2026-03-06T08:02:39.530+0000] {subprocess.py:106} INFO - 	at java.base/java.util.concurrent.ThreadPoolExecutor.runWorker(ThreadPoolExecutor.java:1136)
[2026-03-06T08:02:39.532+0000] {subprocess.py:106} INFO - 	at java.base/java.util.concurrent.ThreadPoolExecutor$Worker.run(ThreadPoolExecutor.java:635)
[2026-03-06T08:02:39.549+0000] {subprocess.py:106} INFO - 	at java.base/java.lang.Thread.run(Thread.java:840)
[2026-03-06T08:02:39.555+0000] {subprocess.py:106} INFO - Caused by: org.apache.spark.rpc.RpcEndpointNotFoundException: Cannot find endpoint: spark://CoarseGrainedScheduler@eb669c802a68:36887
[2026-03-06T08:02:39.562+0000] {subprocess.py:106} INFO - 	at org.apache.spark.rpc.netty.NettyRpcEnv.$anonfun$asyncSetupEndpointRefByURI$1(NettyRpcEnv.scala:148)
[2026-03-06T08:02:39.563+0000] {subprocess.py:106} INFO - 	at org.apache.spark.rpc.netty.NettyRpcEnv.$anonfun$asyncSetupEndpointRefByURI$1$adapted(NettyRpcEnv.scala:144)
[2026-03-06T08:02:39.564+0000] {subprocess.py:106} INFO - 	at scala.concurrent.Future.$anonfun$flatMap$1(Future.scala:307)
[2026-03-06T08:02:39.569+0000] {subprocess.py:106} INFO - 	at scala.concurrent.impl.Promise.$anonfun$transformWith$1(Promise.scala:41)
[2026-03-06T08:02:39.572+0000] {subprocess.py:106} INFO - 	at scala.concurrent.impl.CallbackRunnable.run(Promise.scala:64)
[2026-03-06T08:02:39.575+0000] {subprocess.py:106} INFO - 	at org.apache.spark.util.ThreadUtils$$anon$1.execute(ThreadUtils.scala:99)
[2026-03-06T08:02:39.588+0000] {subprocess.py:106} INFO - 	at scala.concurrent.impl.ExecutionContextImpl$$anon$4.execute(ExecutionContextImpl.scala:138)
[2026-03-06T08:02:39.594+0000] {subprocess.py:106} INFO - 	at scala.concurrent.impl.CallbackRunnable.executeWithValue(Promise.scala:72)
[2026-03-06T08:02:39.609+0000] {subprocess.py:106} INFO - 	at scala.concurrent.impl.Promise$DefaultPromise.$anonfun$tryComplete$1(Promise.scala:288)
[2026-03-06T08:02:39.619+0000] {subprocess.py:106} INFO - 	at scala.concurrent.impl.Promise$DefaultPromise.$anonfun$tryComplete$1$adapted(Promise.scala:288)
[2026-03-06T08:02:39.627+0000] {subprocess.py:106} INFO - 	at scala.concurrent.impl.Promise$DefaultPromise.tryComplete(Promise.scala:288)
[2026-03-06T08:02:39.630+0000] {subprocess.py:106} INFO - 	at scala.concurrent.Promise.complete(Promise.scala:53)
[2026-03-06T08:02:39.635+0000] {subprocess.py:106} INFO - 	at scala.concurrent.Promise.complete$(Promise.scala:52)
[2026-03-06T08:02:39.646+0000] {subprocess.py:106} INFO - 	at scala.concurrent.impl.Promise$DefaultPromise.complete(Promise.scala:187)
[2026-03-06T08:02:39.653+0000] {subprocess.py:106} INFO - 	at scala.concurrent.impl.Promise.$anonfun$transform$1(Promise.scala:33)
[2026-03-06T08:02:39.660+0000] {subprocess.py:106} INFO - 	at scala.concurrent.impl.CallbackRunnable.run(Promise.scala:64)
[2026-03-06T08:02:39.666+0000] {subprocess.py:106} INFO - 	at org.apache.spark.util.ThreadUtils$$anon$1.execute(ThreadUtils.scala:99)
[2026-03-06T08:02:39.673+0000] {subprocess.py:106} INFO - 	at scala.concurrent.impl.ExecutionContextImpl$$anon$4.execute(ExecutionContextImpl.scala:138)
[2026-03-06T08:02:39.675+0000] {subprocess.py:106} INFO - 	at scala.concurrent.impl.CallbackRunnable.executeWithValue(Promise.scala:72)
[2026-03-06T08:02:39.678+0000] {subprocess.py:106} INFO - 	at scala.concurrent.impl.Promise$DefaultPromise.$anonfun$tryComplete$1(Promise.scala:288)
[2026-03-06T08:02:39.682+0000] {subprocess.py:106} INFO - 	at scala.concurrent.impl.Promise$DefaultPromise.$anonfun$tryComplete$1$adapted(Promise.scala:288)
[2026-03-06T08:02:39.685+0000] {subprocess.py:106} INFO - 	at scala.concurrent.impl.Promise$DefaultPromise.tryComplete(Promise.scala:288)
[2026-03-06T08:02:39.687+0000] {subprocess.py:106} INFO - 	at scala.concurrent.Promise.complete(Promise.scala:53)
[2026-03-06T08:02:39.689+0000] {subprocess.py:106} INFO - 	at scala.concurrent.Promise.complete$(Promise.scala:52)
[2026-03-06T08:02:39.703+0000] {subprocess.py:106} INFO - 	at scala.concurrent.impl.Promise$DefaultPromise.complete(Promise.scala:187)
[2026-03-06T08:02:39.706+0000] {subprocess.py:106} INFO - 	at scala.concurrent.impl.Promise.$anonfun$transform$1(Promise.scala:33)
[2026-03-06T08:02:39.716+0000] {subprocess.py:106} INFO - 	at scala.concurrent.impl.CallbackRunnable.run(Promise.scala:64)
[2026-03-06T08:02:39.720+0000] {subprocess.py:106} INFO - 	at scala.concurrent.BatchingExecutor$Batch.processBatch$1(BatchingExecutor.scala:67)
[2026-03-06T08:02:39.723+0000] {subprocess.py:106} INFO - 	at scala.concurrent.BatchingExecutor$Batch.$anonfun$run$1(BatchingExecutor.scala:82)
[2026-03-06T08:02:39.724+0000] {subprocess.py:106} INFO - 	at scala.runtime.java8.JFunction0$mcV$sp.apply(JFunction0$mcV$sp.java:23)
[2026-03-06T08:02:39.727+0000] {subprocess.py:106} INFO - 	at scala.concurrent.BlockContext$.withBlockContext(BlockContext.scala:85)
[2026-03-06T08:02:39.729+0000] {subprocess.py:106} INFO - 	at scala.concurrent.BatchingExecutor$Batch.run(BatchingExecutor.scala:59)
[2026-03-06T08:02:39.730+0000] {subprocess.py:106} INFO - 	at scala.concurrent.Future$InternalCallbackExecutor$.unbatchedExecute(Future.scala:875)
[2026-03-06T08:02:39.731+0000] {subprocess.py:106} INFO - 	at scala.concurrent.BatchingExecutor.execute(BatchingExecutor.scala:110)
[2026-03-06T08:02:39.733+0000] {subprocess.py:106} INFO - 	at scala.concurrent.BatchingExecutor.execute$(BatchingExecutor.scala:107)
[2026-03-06T08:02:39.734+0000] {subprocess.py:106} INFO - 	at scala.concurrent.Future$InternalCallbackExecutor$.execute(Future.scala:873)
[2026-03-06T08:02:39.735+0000] {subprocess.py:106} INFO - 	at scala.concurrent.impl.CallbackRunnable.executeWithValue(Promise.scala:72)
[2026-03-06T08:02:39.736+0000] {subprocess.py:106} INFO - 	at scala.concurrent.impl.Promise$DefaultPromise.$anonfun$tryComplete$1(Promise.scala:288)
[2026-03-06T08:02:39.738+0000] {subprocess.py:106} INFO - 	at scala.concurrent.impl.Promise$DefaultPromise.$anonfun$tryComplete$1$adapted(Promise.scala:288)
[2026-03-06T08:02:39.741+0000] {subprocess.py:106} INFO - 	at scala.concurrent.impl.Promise$DefaultPromise.tryComplete(Promise.scala:288)
[2026-03-06T08:02:39.742+0000] {subprocess.py:106} INFO - 	at scala.concurrent.Promise.trySuccess(Promise.scala:94)
[2026-03-06T08:02:39.743+0000] {subprocess.py:106} INFO - 	at scala.concurrent.Promise.trySuccess$(Promise.scala:94)
[2026-03-06T08:02:39.744+0000] {subprocess.py:106} INFO - 	at scala.concurrent.impl.Promise$DefaultPromise.trySuccess(Promise.scala:187)
[2026-03-06T08:02:39.745+0000] {subprocess.py:106} INFO - 	at org.apache.spark.rpc.netty.NettyRpcEnv.onSuccess$1(NettyRpcEnv.scala:225)
[2026-03-06T08:02:39.746+0000] {subprocess.py:106} INFO - 	at org.apache.spark.rpc.netty.NettyRpcEnv.$anonfun$askAbortable$5(NettyRpcEnv.scala:239)
[2026-03-06T08:02:39.749+0000] {subprocess.py:106} INFO - 	at org.apache.spark.rpc.netty.NettyRpcEnv.$anonfun$askAbortable$5$adapted(NettyRpcEnv.scala:238)
[2026-03-06T08:02:39.751+0000] {subprocess.py:106} INFO - 	at scala.concurrent.impl.CallbackRunnable.run(Promise.scala:64)
[2026-03-06T08:02:39.752+0000] {subprocess.py:106} INFO - 	at org.apache.spark.util.ThreadUtils$$anon$1.execute(ThreadUtils.scala:99)
[2026-03-06T08:02:39.756+0000] {subprocess.py:106} INFO - 	at scala.concurrent.impl.ExecutionContextImpl$$anon$4.execute(ExecutionContextImpl.scala:138)
[2026-03-06T08:02:39.758+0000] {subprocess.py:106} INFO - 	at scala.concurrent.impl.CallbackRunnable.executeWithValue(Promise.scala:72)
[2026-03-06T08:02:39.760+0000] {subprocess.py:106} INFO - 	at scala.concurrent.impl.Promise$DefaultPromise.$anonfun$tryComplete$1(Promise.scala:288)
[2026-03-06T08:02:39.762+0000] {subprocess.py:106} INFO - 	at scala.concurrent.impl.Promise$DefaultPromise.$anonfun$tryComplete$1$adapted(Promise.scala:288)
[2026-03-06T08:02:39.764+0000] {subprocess.py:106} INFO - 	at scala.concurrent.impl.Promise$DefaultPromise.tryComplete(Promise.scala:288)
[2026-03-06T08:02:39.765+0000] {subprocess.py:106} INFO - 	at scala.concurrent.Promise.complete(Promise.scala:53)
[2026-03-06T08:02:39.766+0000] {subprocess.py:106} INFO - 	at scala.concurrent.Promise.complete$(Promise.scala:52)
[2026-03-06T08:02:39.768+0000] {subprocess.py:106} INFO - 	at scala.concurrent.impl.Promise$DefaultPromise.complete(Promise.scala:187)
[2026-03-06T08:02:39.769+0000] {subprocess.py:106} INFO - 	at scala.concurrent.Promise.success(Promise.scala:86)
[2026-03-06T08:02:39.770+0000] {subprocess.py:106} INFO - 	at scala.concurrent.Promise.success$(Promise.scala:86)
[2026-03-06T08:02:39.771+0000] {subprocess.py:106} INFO - 	at scala.concurrent.impl.Promise$DefaultPromise.success(Promise.scala:187)
[2026-03-06T08:02:39.772+0000] {subprocess.py:106} INFO - 	at org.apache.spark.rpc.netty.LocalNettyRpcCallContext.send(NettyRpcCallContext.scala:50)
[2026-03-06T08:02:39.773+0000] {subprocess.py:106} INFO - 	at org.apache.spark.rpc.netty.NettyRpcCallContext.reply(NettyRpcCallContext.scala:32)
[2026-03-06T08:02:39.774+0000] {subprocess.py:106} INFO - 	at org.apache.spark.rpc.netty.RpcEndpointVerifier$$anonfun$receiveAndReply$1.applyOrElse(RpcEndpointVerifier.scala:31)
[2026-03-06T08:02:39.775+0000] {subprocess.py:106} INFO - 	... 8 more
[2026-03-06T08:02:39.776+0000] {subprocess.py:106} INFO - 26/03/06 08:02:39 WARN Executor: Issue communicating with driver in heartbeater
[2026-03-06T08:02:39.778+0000] {subprocess.py:106} INFO - org.apache.spark.SparkException: Exception thrown in awaitResult:
[2026-03-06T08:02:39.780+0000] {subprocess.py:106} INFO - 	at org.apache.spark.util.SparkThreadUtils$.awaitResult(SparkThreadUtils.scala:56)
[2026-03-06T08:02:39.781+0000] {subprocess.py:106} INFO - 	at org.apache.spark.util.ThreadUtils$.awaitResult(ThreadUtils.scala:310)
[2026-03-06T08:02:39.783+0000] {subprocess.py:106} INFO - 	at org.apache.spark.rpc.RpcTimeout.awaitResult(RpcTimeout.scala:75)
[2026-03-06T08:02:39.785+0000] {subprocess.py:106} INFO - 	at org.apache.spark.rpc.RpcEndpointRef.askSync(RpcEndpointRef.scala:101)
[2026-03-06T08:02:39.786+0000] {subprocess.py:106} INFO - 	at org.apache.spark.rpc.RpcEndpointRef.askSync(RpcEndpointRef.scala:85)
[2026-03-06T08:02:39.787+0000] {subprocess.py:106} INFO - 	at org.apache.spark.storage.BlockManagerMaster.registerBlockManager(BlockManagerMaster.scala:80)
[2026-03-06T08:02:39.788+0000] {subprocess.py:106} INFO - 	at org.apache.spark.storage.BlockManager.reregister(BlockManager.scala:642)
[2026-03-06T08:02:39.789+0000] {subprocess.py:106} INFO - 	at org.apache.spark.executor.Executor.reportHeartBeat(Executor.scala:1223)
[2026-03-06T08:02:39.790+0000] {subprocess.py:106} INFO - 	at org.apache.spark.executor.Executor.$anonfun$heartbeater$1(Executor.scala:295)
[2026-03-06T08:02:39.791+0000] {subprocess.py:106} INFO - 	at scala.runtime.java8.JFunction0$mcV$sp.apply(JFunction0$mcV$sp.java:23)
[2026-03-06T08:02:39.793+0000] {subprocess.py:106} INFO - 	at org.apache.spark.util.Utils$.logUncaughtExceptions(Utils.scala:1928)
[2026-03-06T08:02:39.795+0000] {subprocess.py:106} INFO - 	at org.apache.spark.Heartbeater$$anon$1.run(Heartbeater.scala:46)
[2026-03-06T08:02:39.800+0000] {subprocess.py:106} INFO - 	at java.base/java.util.concurrent.Executors$RunnableAdapter.call(Executors.java:539)
[2026-03-06T08:02:39.801+0000] {subprocess.py:106} INFO - 	at java.base/java.util.concurrent.FutureTask.runAndReset(FutureTask.java:305)
[2026-03-06T08:02:39.802+0000] {subprocess.py:106} INFO - 	at java.base/java.util.concurrent.ScheduledThreadPoolExecutor$ScheduledFutureTask.run(ScheduledThreadPoolExecutor.java:305)
[2026-03-06T08:02:39.803+0000] {subprocess.py:106} INFO - 	at java.base/java.util.concurrent.ThreadPoolExecutor.runWorker(ThreadPoolExecutor.java:1136)
[2026-03-06T08:02:39.805+0000] {subprocess.py:106} INFO - 	at java.base/java.util.concurrent.ThreadPoolExecutor$Worker.run(ThreadPoolExecutor.java:635)
[2026-03-06T08:02:39.806+0000] {subprocess.py:106} INFO - 	at java.base/java.lang.Thread.run(Thread.java:840)
[2026-03-06T08:02:39.807+0000] {subprocess.py:106} INFO - Caused by: org.apache.spark.SparkException: Exception thrown in awaitResult:
[2026-03-06T08:02:39.808+0000] {subprocess.py:106} INFO - 	at org.apache.spark.util.SparkThreadUtils$.awaitResult(SparkThreadUtils.scala:56)
[2026-03-06T08:02:39.810+0000] {subprocess.py:106} INFO - 	at org.apache.spark.util.ThreadUtils$.awaitResult(ThreadUtils.scala:310)
[2026-03-06T08:02:39.812+0000] {subprocess.py:106} INFO - 	at org.apache.spark.rpc.RpcTimeout.awaitResult(RpcTimeout.scala:75)
[2026-03-06T08:02:39.813+0000] {subprocess.py:106} INFO - 	at org.apache.spark.rpc.RpcEnv.setupEndpointRefByURI(RpcEnv.scala:102)
[2026-03-06T08:02:39.814+0000] {subprocess.py:106} INFO - 	at org.apache.spark.rpc.RpcEnv.setupEndpointRef(RpcEnv.scala:110)
[2026-03-06T08:02:39.815+0000] {subprocess.py:106} INFO - 	at org.apache.spark.util.RpcUtils$.makeDriverRef(RpcUtils.scala:36)
[2026-03-06T08:02:39.817+0000] {subprocess.py:106} INFO - 	at org.apache.spark.storage.BlockManagerMasterEndpoint.driverEndpoint$lzycompute(BlockManagerMasterEndpoint.scala:124)
[2026-03-06T08:02:39.818+0000] {subprocess.py:106} INFO - 	at org.apache.spark.storage.BlockManagerMasterEndpoint.org$apache$spark$storage$BlockManagerMasterEndpoint$$driverEndpoint(BlockManagerMasterEndpoint.scala:123)
[2026-03-06T08:02:39.819+0000] {subprocess.py:106} INFO - 	at org.apache.spark.storage.BlockManagerMasterEndpoint.isExecutorAlive$lzycompute$1(BlockManagerMasterEndpoint.scala:688)
[2026-03-06T08:02:39.821+0000] {subprocess.py:106} INFO - 	at org.apache.spark.storage.BlockManagerMasterEndpoint.isExecutorAlive$1(BlockManagerMasterEndpoint.scala:687)
[2026-03-06T08:02:39.822+0000] {subprocess.py:106} INFO - 	at org.apache.spark.storage.BlockManagerMasterEndpoint.org$apache$spark$storage$BlockManagerMasterEndpoint$$register(BlockManagerMasterEndpoint.scala:725)
[2026-03-06T08:02:39.823+0000] {subprocess.py:106} INFO - 	at org.apache.spark.storage.BlockManagerMasterEndpoint$$anonfun$receiveAndReply$1.applyOrElse(BlockManagerMasterEndpoint.scala:133)
[2026-03-06T08:02:39.824+0000] {subprocess.py:106} INFO - 	at org.apache.spark.rpc.netty.Inbox.$anonfun$process$1(Inbox.scala:103)
[2026-03-06T08:02:39.827+0000] {subprocess.py:106} INFO - 	at org.apache.spark.rpc.netty.Inbox.safelyCall(Inbox.scala:213)
[2026-03-06T08:02:39.829+0000] {subprocess.py:106} INFO - 	at org.apache.spark.rpc.netty.Inbox.process(Inbox.scala:100)
[2026-03-06T08:02:39.836+0000] {subprocess.py:106} INFO - 	at org.apache.spark.rpc.netty.MessageLoop.org$apache$spark$rpc$netty$MessageLoop$$receiveLoop(MessageLoop.scala:75)
[2026-03-06T08:02:39.837+0000] {subprocess.py:106} INFO - 	at org.apache.spark.rpc.netty.MessageLoop$$anon$1.run(MessageLoop.scala:41)
[2026-03-06T08:02:39.838+0000] {subprocess.py:106} INFO - 	... 3 more
[2026-03-06T08:02:39.844+0000] {subprocess.py:106} INFO - Caused by: org.apache.spark.rpc.RpcEndpointNotFoundException: Cannot find endpoint: spark://CoarseGrainedScheduler@eb669c802a68:36887
[2026-03-06T08:02:39.846+0000] {subprocess.py:106} INFO - 	at org.apache.spark.rpc.netty.NettyRpcEnv.$anonfun$asyncSetupEndpointRefByURI$1(NettyRpcEnv.scala:148)
[2026-03-06T08:02:39.848+0000] {subprocess.py:106} INFO - 	at org.apache.spark.rpc.netty.NettyRpcEnv.$anonfun$asyncSetupEndpointRefByURI$1$adapted(NettyRpcEnv.scala:144)
[2026-03-06T08:02:39.851+0000] {subprocess.py:106} INFO - 	at scala.concurrent.Future.$anonfun$flatMap$1(Future.scala:307)
[2026-03-06T08:02:39.856+0000] {subprocess.py:106} INFO - 	at scala.concurrent.impl.Promise.$anonfun$transformWith$1(Promise.scala:41)
[2026-03-06T08:02:39.861+0000] {subprocess.py:106} INFO - 	at scala.concurrent.impl.CallbackRunnable.run(Promise.scala:64)
[2026-03-06T08:02:39.868+0000] {subprocess.py:106} INFO - 	at org.apache.spark.util.ThreadUtils$$anon$1.execute(ThreadUtils.scala:99)
[2026-03-06T08:02:39.869+0000] {subprocess.py:106} INFO - 	at scala.concurrent.impl.ExecutionContextImpl$$anon$4.execute(ExecutionContextImpl.scala:138)
[2026-03-06T08:02:39.870+0000] {subprocess.py:106} INFO - 	at scala.concurrent.impl.CallbackRunnable.executeWithValue(Promise.scala:72)
[2026-03-06T08:02:39.871+0000] {subprocess.py:106} INFO - 	at scala.concurrent.impl.Promise$DefaultPromise.$anonfun$tryComplete$1(Promise.scala:288)
[2026-03-06T08:02:39.872+0000] {subprocess.py:106} INFO - 	at scala.concurrent.impl.Promise$DefaultPromise.$anonfun$tryComplete$1$adapted(Promise.scala:288)
[2026-03-06T08:02:39.873+0000] {subprocess.py:106} INFO - 	at scala.concurrent.impl.Promise$DefaultPromise.tryComplete(Promise.scala:288)
[2026-03-06T08:02:39.874+0000] {subprocess.py:106} INFO - 	at scala.concurrent.Promise.complete(Promise.scala:53)
[2026-03-06T08:02:39.875+0000] {subprocess.py:106} INFO - 	at scala.concurrent.Promise.complete$(Promise.scala:52)
[2026-03-06T08:02:39.876+0000] {subprocess.py:106} INFO - 	at scala.concurrent.impl.Promise$DefaultPromise.complete(Promise.scala:187)
[2026-03-06T08:02:39.877+0000] {subprocess.py:106} INFO - 	at scala.concurrent.impl.Promise.$anonfun$transform$1(Promise.scala:33)
[2026-03-06T08:02:39.879+0000] {subprocess.py:106} INFO - 	at scala.concurrent.impl.CallbackRunnable.run(Promise.scala:64)
[2026-03-06T08:02:39.883+0000] {subprocess.py:106} INFO - 	at org.apache.spark.util.ThreadUtils$$anon$1.execute(ThreadUtils.scala:99)
[2026-03-06T08:02:39.885+0000] {subprocess.py:106} INFO - 	at scala.concurrent.impl.ExecutionContextImpl$$anon$4.execute(ExecutionContextImpl.scala:138)
[2026-03-06T08:02:39.886+0000] {subprocess.py:106} INFO - 	at scala.concurrent.impl.CallbackRunnable.executeWithValue(Promise.scala:72)
[2026-03-06T08:02:39.887+0000] {subprocess.py:106} INFO - 	at scala.concurrent.impl.Promise$DefaultPromise.$anonfun$tryComplete$1(Promise.scala:288)
[2026-03-06T08:02:39.888+0000] {subprocess.py:106} INFO - 	at scala.concurrent.impl.Promise$DefaultPromise.$anonfun$tryComplete$1$adapted(Promise.scala:288)
[2026-03-06T08:02:39.890+0000] {subprocess.py:106} INFO - 	at scala.concurrent.impl.Promise$DefaultPromise.tryComplete(Promise.scala:288)
[2026-03-06T08:02:39.896+0000] {subprocess.py:106} INFO - 	at scala.concurrent.Promise.complete(Promise.scala:53)
[2026-03-06T08:02:39.905+0000] {subprocess.py:106} INFO - 	at scala.concurrent.Promise.complete$(Promise.scala:52)
[2026-03-06T08:02:39.908+0000] {subprocess.py:106} INFO - 	at scala.concurrent.impl.Promise$DefaultPromise.complete(Promise.scala:187)
[2026-03-06T08:02:39.910+0000] {subprocess.py:106} INFO - 	at scala.concurrent.impl.Promise.$anonfun$transform$1(Promise.scala:33)
[2026-03-06T08:02:39.912+0000] {subprocess.py:106} INFO - 	at scala.concurrent.impl.CallbackRunnable.run(Promise.scala:64)
[2026-03-06T08:02:39.914+0000] {subprocess.py:106} INFO - 	at scala.concurrent.BatchingExecutor$Batch.processBatch$1(BatchingExecutor.scala:67)
[2026-03-06T08:02:39.917+0000] {subprocess.py:106} INFO - 	at scala.concurrent.BatchingExecutor$Batch.$anonfun$run$1(BatchingExecutor.scala:82)
[2026-03-06T08:02:39.924+0000] {subprocess.py:106} INFO - 	at scala.runtime.java8.JFunction0$mcV$sp.apply(JFunction0$mcV$sp.java:23)
[2026-03-06T08:02:39.928+0000] {subprocess.py:106} INFO - 	at scala.concurrent.BlockContext$.withBlockContext(BlockContext.scala:85)
[2026-03-06T08:02:39.929+0000] {subprocess.py:106} INFO - 	at scala.concurrent.BatchingExecutor$Batch.run(BatchingExecutor.scala:59)
[2026-03-06T08:02:39.931+0000] {subprocess.py:106} INFO - 	at scala.concurrent.Future$InternalCallbackExecutor$.unbatchedExecute(Future.scala:875)
[2026-03-06T08:02:39.932+0000] {subprocess.py:106} INFO - 	at scala.concurrent.BatchingExecutor.execute(BatchingExecutor.scala:110)
[2026-03-06T08:02:39.940+0000] {subprocess.py:106} INFO - 	at scala.concurrent.BatchingExecutor.execute$(BatchingExecutor.scala:107)
[2026-03-06T08:02:39.942+0000] {subprocess.py:106} INFO - 	at scala.concurrent.Future$InternalCallbackExecutor$.execute(Future.scala:873)
[2026-03-06T08:02:39.943+0000] {subprocess.py:106} INFO - 	at scala.concurrent.impl.CallbackRunnable.executeWithValue(Promise.scala:72)
[2026-03-06T08:02:39.944+0000] {subprocess.py:106} INFO - 	at scala.concurrent.impl.Promise$DefaultPromise.$anonfun$tryComplete$1(Promise.scala:288)
[2026-03-06T08:02:39.945+0000] {subprocess.py:106} INFO - 	at scala.concurrent.impl.Promise$DefaultPromise.$anonfun$tryComplete$1$adapted(Promise.scala:288)
[2026-03-06T08:02:39.945+0000] {subprocess.py:106} INFO - 	at scala.concurrent.impl.Promise$DefaultPromise.tryComplete(Promise.scala:288)
[2026-03-06T08:02:39.946+0000] {subprocess.py:106} INFO - 	at scala.concurrent.Promise.trySuccess(Promise.scala:94)
[2026-03-06T08:02:39.947+0000] {subprocess.py:106} INFO - 	at scala.concurrent.Promise.trySuccess$(Promise.scala:94)
[2026-03-06T08:02:39.948+0000] {subprocess.py:106} INFO - 	at scala.concurrent.impl.Promise$DefaultPromise.trySuccess(Promise.scala:187)
[2026-03-06T08:02:39.954+0000] {subprocess.py:106} INFO - 	at org.apache.spark.rpc.netty.NettyRpcEnv.onSuccess$1(NettyRpcEnv.scala:225)
[2026-03-06T08:02:39.958+0000] {subprocess.py:106} INFO - 	at org.apache.spark.rpc.netty.NettyRpcEnv.$anonfun$askAbortable$5(NettyRpcEnv.scala:239)
[2026-03-06T08:02:39.959+0000] {subprocess.py:106} INFO - 	at org.apache.spark.rpc.netty.NettyRpcEnv.$anonfun$askAbortable$5$adapted(NettyRpcEnv.scala:238)
[2026-03-06T08:02:39.960+0000] {subprocess.py:106} INFO - 	at scala.concurrent.impl.CallbackRunnable.run(Promise.scala:64)
[2026-03-06T08:02:39.961+0000] {subprocess.py:106} INFO - 	at org.apache.spark.util.ThreadUtils$$anon$1.execute(ThreadUtils.scala:99)
[2026-03-06T08:02:39.962+0000] {subprocess.py:106} INFO - 	at scala.concurrent.impl.ExecutionContextImpl$$anon$4.execute(ExecutionContextImpl.scala:138)
[2026-03-06T08:02:39.963+0000] {subprocess.py:106} INFO - 	at scala.concurrent.impl.CallbackRunnable.executeWithValue(Promise.scala:72)
[2026-03-06T08:02:39.965+0000] {subprocess.py:106} INFO - 	at scala.concurrent.impl.Promise$DefaultPromise.$anonfun$tryComplete$1(Promise.scala:288)
[2026-03-06T08:02:39.966+0000] {subprocess.py:106} INFO - 	at scala.concurrent.impl.Promise$DefaultPromise.$anonfun$tryComplete$1$adapted(Promise.scala:288)
[2026-03-06T08:02:39.969+0000] {subprocess.py:106} INFO - 	at scala.concurrent.impl.Promise$DefaultPromise.tryComplete(Promise.scala:288)
[2026-03-06T08:02:39.971+0000] {subprocess.py:106} INFO - 	at scala.concurrent.Promise.complete(Promise.scala:53)
[2026-03-06T08:02:39.974+0000] {subprocess.py:106} INFO - 	at scala.concurrent.Promise.complete$(Promise.scala:52)
[2026-03-06T08:02:39.975+0000] {subprocess.py:106} INFO - 	at scala.concurrent.impl.Promise$DefaultPromise.complete(Promise.scala:187)
[2026-03-06T08:02:39.976+0000] {subprocess.py:106} INFO - 	at scala.concurrent.Promise.success(Promise.scala:86)
[2026-03-06T08:02:39.979+0000] {subprocess.py:106} INFO - 	at scala.concurrent.Promise.success$(Promise.scala:86)
[2026-03-06T08:02:39.980+0000] {subprocess.py:106} INFO - 	at scala.concurrent.impl.Promise$DefaultPromise.success(Promise.scala:187)
[2026-03-06T08:02:39.983+0000] {subprocess.py:106} INFO - 	at org.apache.spark.rpc.netty.LocalNettyRpcCallContext.send(NettyRpcCallContext.scala:50)
[2026-03-06T08:02:39.985+0000] {subprocess.py:106} INFO - 	at org.apache.spark.rpc.netty.NettyRpcCallContext.reply(NettyRpcCallContext.scala:32)
[2026-03-06T08:02:39.986+0000] {subprocess.py:106} INFO - 	at org.apache.spark.rpc.netty.RpcEndpointVerifier$$anonfun$receiveAndReply$1.applyOrElse(RpcEndpointVerifier.scala:31)
[2026-03-06T08:02:39.987+0000] {subprocess.py:106} INFO - 	... 8 more
[2026-03-06T08:02:39.988+0000] {subprocess.py:106} INFO - 26/03/06 08:02:39 ERROR Inbox: Ignoring error
[2026-03-06T08:02:39.990+0000] {subprocess.py:106} INFO - org.apache.spark.SparkException: Exception thrown in awaitResult:
[2026-03-06T08:02:39.995+0000] {subprocess.py:106} INFO - 	at org.apache.spark.util.SparkThreadUtils$.awaitResult(SparkThreadUtils.scala:56)
[2026-03-06T08:02:39.999+0000] {subprocess.py:106} INFO - 	at org.apache.spark.util.ThreadUtils$.awaitResult(ThreadUtils.scala:310)
[2026-03-06T08:02:40.002+0000] {subprocess.py:106} INFO - 	at org.apache.spark.rpc.RpcTimeout.awaitResult(RpcTimeout.scala:75)
[2026-03-06T08:02:40.003+0000] {subprocess.py:106} INFO - 	at org.apache.spark.rpc.RpcEnv.setupEndpointRefByURI(RpcEnv.scala:102)
[2026-03-06T08:02:40.004+0000] {subprocess.py:106} INFO - 	at org.apache.spark.rpc.RpcEnv.setupEndpointRef(RpcEnv.scala:110)
[2026-03-06T08:02:40.006+0000] {subprocess.py:106} INFO - 	at org.apache.spark.util.RpcUtils$.makeDriverRef(RpcUtils.scala:36)
[2026-03-06T08:02:40.007+0000] {subprocess.py:106} INFO - 	at org.apache.spark.storage.BlockManagerMasterEndpoint.driverEndpoint$lzycompute(BlockManagerMasterEndpoint.scala:124)
[2026-03-06T08:02:40.008+0000] {subprocess.py:106} INFO - 	at org.apache.spark.storage.BlockManagerMasterEndpoint.org$apache$spark$storage$BlockManagerMasterEndpoint$$driverEndpoint(BlockManagerMasterEndpoint.scala:123)
[2026-03-06T08:02:40.010+0000] {subprocess.py:106} INFO - 	at org.apache.spark.storage.BlockManagerMasterEndpoint.isExecutorAlive$lzycompute$1(BlockManagerMasterEndpoint.scala:688)
[2026-03-06T08:02:40.016+0000] {subprocess.py:106} INFO - 	at org.apache.spark.storage.BlockManagerMasterEndpoint.isExecutorAlive$1(BlockManagerMasterEndpoint.scala:687)
[2026-03-06T08:02:40.018+0000] {subprocess.py:106} INFO - 	at org.apache.spark.storage.BlockManagerMasterEndpoint.org$apache$spark$storage$BlockManagerMasterEndpoint$$register(BlockManagerMasterEndpoint.scala:725)
[2026-03-06T08:02:40.019+0000] {subprocess.py:106} INFO - 	at org.apache.spark.storage.BlockManagerMasterEndpoint$$anonfun$receiveAndReply$1.applyOrElse(BlockManagerMasterEndpoint.scala:133)
[2026-03-06T08:02:40.021+0000] {subprocess.py:106} INFO - 	at org.apache.spark.rpc.netty.Inbox.$anonfun$process$1(Inbox.scala:103)
[2026-03-06T08:02:40.022+0000] {subprocess.py:106} INFO - 	at org.apache.spark.rpc.netty.Inbox.safelyCall(Inbox.scala:213)
[2026-03-06T08:02:40.023+0000] {subprocess.py:106} INFO - 	at org.apache.spark.rpc.netty.Inbox.process(Inbox.scala:100)
[2026-03-06T08:02:40.024+0000] {subprocess.py:106} INFO - 	at org.apache.spark.rpc.netty.MessageLoop.org$apache$spark$rpc$netty$MessageLoop$$receiveLoop(MessageLoop.scala:75)
[2026-03-06T08:02:40.025+0000] {subprocess.py:106} INFO - 	at org.apache.spark.rpc.netty.MessageLoop$$anon$1.run(MessageLoop.scala:41)
[2026-03-06T08:02:40.032+0000] {subprocess.py:106} INFO - 	at java.base/java.util.concurrent.ThreadPoolExecutor.runWorker(ThreadPoolExecutor.java:1136)
[2026-03-06T08:02:40.034+0000] {subprocess.py:106} INFO - 	at java.base/java.util.concurrent.ThreadPoolExecutor$Worker.run(ThreadPoolExecutor.java:635)
[2026-03-06T08:02:40.035+0000] {subprocess.py:106} INFO - 	at java.base/java.lang.Thread.run(Thread.java:840)
[2026-03-06T08:02:40.037+0000] {subprocess.py:106} INFO - Caused by: org.apache.spark.rpc.RpcEndpointNotFoundException: Cannot find endpoint: spark://CoarseGrainedScheduler@eb669c802a68:36887
[2026-03-06T08:02:40.038+0000] {subprocess.py:106} INFO - 	at org.apache.spark.rpc.netty.NettyRpcEnv.$anonfun$asyncSetupEndpointRefByURI$1(NettyRpcEnv.scala:148)
[2026-03-06T08:02:40.040+0000] {subprocess.py:106} INFO - 	at org.apache.spark.rpc.netty.NettyRpcEnv.$anonfun$asyncSetupEndpointRefByURI$1$adapted(NettyRpcEnv.scala:144)
[2026-03-06T08:02:40.041+0000] {subprocess.py:106} INFO - 	at scala.concurrent.Future.$anonfun$flatMap$1(Future.scala:307)
[2026-03-06T08:02:40.042+0000] {subprocess.py:106} INFO - 	at scala.concurrent.impl.Promise.$anonfun$transformWith$1(Promise.scala:41)
[2026-03-06T08:02:40.043+0000] {subprocess.py:106} INFO - 	at scala.concurrent.impl.CallbackRunnable.run(Promise.scala:64)
[2026-03-06T08:02:40.045+0000] {subprocess.py:106} INFO - 	at org.apache.spark.util.ThreadUtils$$anon$1.execute(ThreadUtils.scala:99)
[2026-03-06T08:02:40.046+0000] {subprocess.py:106} INFO - 	at scala.concurrent.impl.ExecutionContextImpl$$anon$4.execute(ExecutionContextImpl.scala:138)
[2026-03-06T08:02:40.047+0000] {subprocess.py:106} INFO - 	at scala.concurrent.impl.CallbackRunnable.executeWithValue(Promise.scala:72)
[2026-03-06T08:02:40.047+0000] {subprocess.py:106} INFO - 	at scala.concurrent.impl.Promise$DefaultPromise.$anonfun$tryComplete$1(Promise.scala:288)
[2026-03-06T08:02:40.048+0000] {subprocess.py:106} INFO - 	at scala.concurrent.impl.Promise$DefaultPromise.$anonfun$tryComplete$1$adapted(Promise.scala:288)
[2026-03-06T08:02:40.049+0000] {subprocess.py:106} INFO - 	at scala.concurrent.impl.Promise$DefaultPromise.tryComplete(Promise.scala:288)
[2026-03-06T08:02:40.051+0000] {subprocess.py:106} INFO - 	at scala.concurrent.Promise.complete(Promise.scala:53)
[2026-03-06T08:02:40.052+0000] {subprocess.py:106} INFO - 	at scala.concurrent.Promise.complete$(Promise.scala:52)
[2026-03-06T08:02:40.053+0000] {subprocess.py:106} INFO - 	at scala.concurrent.impl.Promise$DefaultPromise.complete(Promise.scala:187)
[2026-03-06T08:02:40.054+0000] {subprocess.py:106} INFO - 	at scala.concurrent.impl.Promise.$anonfun$transform$1(Promise.scala:33)
[2026-03-06T08:02:40.055+0000] {subprocess.py:106} INFO - 	at scala.concurrent.impl.CallbackRunnable.run(Promise.scala:64)
[2026-03-06T08:02:40.055+0000] {subprocess.py:106} INFO - 	at org.apache.spark.util.ThreadUtils$$anon$1.execute(ThreadUtils.scala:99)
[2026-03-06T08:02:40.056+0000] {subprocess.py:106} INFO - 	at scala.concurrent.impl.ExecutionContextImpl$$anon$4.execute(ExecutionContextImpl.scala:138)
[2026-03-06T08:02:40.057+0000] {subprocess.py:106} INFO - 	at scala.concurrent.impl.CallbackRunnable.executeWithValue(Promise.scala:72)
[2026-03-06T08:02:40.058+0000] {subprocess.py:106} INFO - 	at scala.concurrent.impl.Promise$DefaultPromise.$anonfun$tryComplete$1(Promise.scala:288)
[2026-03-06T08:02:40.059+0000] {subprocess.py:106} INFO - 	at scala.concurrent.impl.Promise$DefaultPromise.$anonfun$tryComplete$1$adapted(Promise.scala:288)
[2026-03-06T08:02:40.060+0000] {subprocess.py:106} INFO - 	at scala.concurrent.impl.Promise$DefaultPromise.tryComplete(Promise.scala:288)
[2026-03-06T08:02:40.062+0000] {subprocess.py:106} INFO - 	at scala.concurrent.Promise.complete(Promise.scala:53)
[2026-03-06T08:02:40.062+0000] {subprocess.py:106} INFO - 	at scala.concurrent.Promise.complete$(Promise.scala:52)
[2026-03-06T08:02:40.064+0000] {subprocess.py:106} INFO - 	at scala.concurrent.impl.Promise$DefaultPromise.complete(Promise.scala:187)
[2026-03-06T08:02:40.066+0000] {subprocess.py:106} INFO - 	at scala.concurrent.impl.Promise.$anonfun$transform$1(Promise.scala:33)
[2026-03-06T08:02:40.068+0000] {subprocess.py:106} INFO - 	at scala.concurrent.impl.CallbackRunnable.run(Promise.scala:64)
[2026-03-06T08:02:40.069+0000] {subprocess.py:106} INFO - 	at scala.concurrent.BatchingExecutor$Batch.processBatch$1(BatchingExecutor.scala:67)
[2026-03-06T08:02:40.070+0000] {subprocess.py:106} INFO - 	at scala.concurrent.BatchingExecutor$Batch.$anonfun$run$1(BatchingExecutor.scala:82)
[2026-03-06T08:02:40.071+0000] {subprocess.py:106} INFO - 	at scala.runtime.java8.JFunction0$mcV$sp.apply(JFunction0$mcV$sp.java:23)
[2026-03-06T08:02:40.072+0000] {subprocess.py:106} INFO - 	at scala.concurrent.BlockContext$.withBlockContext(BlockContext.scala:85)
[2026-03-06T08:02:40.073+0000] {subprocess.py:106} INFO - 	at scala.concurrent.BatchingExecutor$Batch.run(BatchingExecutor.scala:59)
[2026-03-06T08:02:40.076+0000] {subprocess.py:106} INFO - 	at scala.concurrent.Future$InternalCallbackExecutor$.unbatchedExecute(Future.scala:875)
[2026-03-06T08:02:40.077+0000] {subprocess.py:106} INFO - 	at scala.concurrent.BatchingExecutor.execute(BatchingExecutor.scala:110)
[2026-03-06T08:02:40.078+0000] {subprocess.py:106} INFO - 	at scala.concurrent.BatchingExecutor.execute$(BatchingExecutor.scala:107)
[2026-03-06T08:02:40.080+0000] {subprocess.py:106} INFO - 	at scala.concurrent.Future$InternalCallbackExecutor$.execute(Future.scala:873)
[2026-03-06T08:02:40.081+0000] {subprocess.py:106} INFO - 	at scala.concurrent.impl.CallbackRunnable.executeWithValue(Promise.scala:72)
[2026-03-06T08:02:40.083+0000] {subprocess.py:106} INFO - 	at scala.concurrent.impl.Promise$DefaultPromise.$anonfun$tryComplete$1(Promise.scala:288)
[2026-03-06T08:02:40.087+0000] {subprocess.py:106} INFO - 	at scala.concurrent.impl.Promise$DefaultPromise.$anonfun$tryComplete$1$adapted(Promise.scala:288)
[2026-03-06T08:02:40.089+0000] {subprocess.py:106} INFO - 	at scala.concurrent.impl.Promise$DefaultPromise.tryComplete(Promise.scala:288)
[2026-03-06T08:02:40.090+0000] {subprocess.py:106} INFO - 	at scala.concurrent.Promise.trySuccess(Promise.scala:94)
[2026-03-06T08:02:40.091+0000] {subprocess.py:106} INFO - 	at scala.concurrent.Promise.trySuccess$(Promise.scala:94)
[2026-03-06T08:02:40.092+0000] {subprocess.py:106} INFO - 	at scala.concurrent.impl.Promise$DefaultPromise.trySuccess(Promise.scala:187)
[2026-03-06T08:02:40.094+0000] {subprocess.py:106} INFO - 	at org.apache.spark.rpc.netty.NettyRpcEnv.onSuccess$1(NettyRpcEnv.scala:225)
[2026-03-06T08:02:40.095+0000] {subprocess.py:106} INFO - 	at org.apache.spark.rpc.netty.NettyRpcEnv.$anonfun$askAbortable$5(NettyRpcEnv.scala:239)
[2026-03-06T08:02:40.096+0000] {subprocess.py:106} INFO - 	at org.apache.spark.rpc.netty.NettyRpcEnv.$anonfun$askAbortable$5$adapted(NettyRpcEnv.scala:238)
[2026-03-06T08:02:40.098+0000] {subprocess.py:106} INFO - 	at scala.concurrent.impl.CallbackRunnable.run(Promise.scala:64)
[2026-03-06T08:02:40.099+0000] {subprocess.py:106} INFO - 	at org.apache.spark.util.ThreadUtils$$anon$1.execute(ThreadUtils.scala:99)
[2026-03-06T08:02:40.100+0000] {subprocess.py:106} INFO - 	at scala.concurrent.impl.ExecutionContextImpl$$anon$4.execute(ExecutionContextImpl.scala:138)
[2026-03-06T08:02:40.101+0000] {subprocess.py:106} INFO - 	at scala.concurrent.impl.CallbackRunnable.executeWithValue(Promise.scala:72)
[2026-03-06T08:02:40.102+0000] {subprocess.py:106} INFO - 	at scala.concurrent.impl.Promise$DefaultPromise.$anonfun$tryComplete$1(Promise.scala:288)
[2026-03-06T08:02:40.104+0000] {subprocess.py:106} INFO - 	at scala.concurrent.impl.Promise$DefaultPromise.$anonfun$tryComplete$1$adapted(Promise.scala:288)
[2026-03-06T08:02:40.104+0000] {subprocess.py:106} INFO - 	at scala.concurrent.impl.Promise$DefaultPromise.tryComplete(Promise.scala:288)
[2026-03-06T08:02:40.105+0000] {subprocess.py:106} INFO - 	at scala.concurrent.Promise.complete(Promise.scala:53)
[2026-03-06T08:02:40.106+0000] {subprocess.py:106} INFO - 	at scala.concurrent.Promise.complete$(Promise.scala:52)
[2026-03-06T08:02:40.109+0000] {subprocess.py:106} INFO - 	at scala.concurrent.impl.Promise$DefaultPromise.complete(Promise.scala:187)
[2026-03-06T08:02:40.112+0000] {subprocess.py:106} INFO - 	at scala.concurrent.Promise.success(Promise.scala:86)
[2026-03-06T08:02:40.115+0000] {subprocess.py:106} INFO - 	at scala.concurrent.Promise.success$(Promise.scala:86)
[2026-03-06T08:02:40.117+0000] {subprocess.py:106} INFO - 	at scala.concurrent.impl.Promise$DefaultPromise.success(Promise.scala:187)
[2026-03-06T08:02:40.118+0000] {subprocess.py:106} INFO - 	at org.apache.spark.rpc.netty.LocalNettyRpcCallContext.send(NettyRpcCallContext.scala:50)
[2026-03-06T08:02:40.119+0000] {subprocess.py:106} INFO - 	at org.apache.spark.rpc.netty.NettyRpcCallContext.reply(NettyRpcCallContext.scala:32)
[2026-03-06T08:02:40.119+0000] {subprocess.py:106} INFO - 	at org.apache.spark.rpc.netty.RpcEndpointVerifier$$anonfun$receiveAndReply$1.applyOrElse(RpcEndpointVerifier.scala:31)
[2026-03-06T08:02:40.120+0000] {subprocess.py:106} INFO - 	... 8 more
[2026-03-06T08:02:40.121+0000] {subprocess.py:106} INFO - 26/03/06 08:02:39 WARN Executor: Issue communicating with driver in heartbeater
[2026-03-06T08:02:40.121+0000] {subprocess.py:106} INFO - org.apache.spark.SparkException: Exception thrown in awaitResult:
[2026-03-06T08:02:40.122+0000] {subprocess.py:106} INFO - 	at org.apache.spark.util.SparkThreadUtils$.awaitResult(SparkThreadUtils.scala:56)
[2026-03-06T08:02:40.123+0000] {subprocess.py:106} INFO - 	at org.apache.spark.util.ThreadUtils$.awaitResult(ThreadUtils.scala:310)
[2026-03-06T08:02:40.123+0000] {subprocess.py:106} INFO - 	at org.apache.spark.rpc.RpcTimeout.awaitResult(RpcTimeout.scala:75)
[2026-03-06T08:02:40.124+0000] {subprocess.py:106} INFO - 	at org.apache.spark.rpc.RpcEndpointRef.askSync(RpcEndpointRef.scala:101)
[2026-03-06T08:02:40.125+0000] {subprocess.py:106} INFO - 	at org.apache.spark.rpc.RpcEndpointRef.askSync(RpcEndpointRef.scala:85)
[2026-03-06T08:02:40.126+0000] {subprocess.py:106} INFO - 	at org.apache.spark.storage.BlockManagerMaster.registerBlockManager(BlockManagerMaster.scala:80)
[2026-03-06T08:02:40.127+0000] {subprocess.py:106} INFO - 	at org.apache.spark.storage.BlockManager.reregister(BlockManager.scala:642)
[2026-03-06T08:02:40.129+0000] {subprocess.py:106} INFO - 	at org.apache.spark.executor.Executor.reportHeartBeat(Executor.scala:1223)
[2026-03-06T08:02:40.130+0000] {subprocess.py:106} INFO - 	at org.apache.spark.executor.Executor.$anonfun$heartbeater$1(Executor.scala:295)
[2026-03-06T08:02:40.131+0000] {subprocess.py:106} INFO - 	at scala.runtime.java8.JFunction0$mcV$sp.apply(JFunction0$mcV$sp.java:23)
[2026-03-06T08:02:40.133+0000] {subprocess.py:106} INFO - 	at org.apache.spark.util.Utils$.logUncaughtExceptions(Utils.scala:1928)
[2026-03-06T08:02:40.135+0000] {subprocess.py:106} INFO - 	at org.apache.spark.Heartbeater$$anon$1.run(Heartbeater.scala:46)
[2026-03-06T08:02:40.137+0000] {subprocess.py:106} INFO - 	at java.base/java.util.concurrent.Executors$RunnableAdapter.call(Executors.java:539)
[2026-03-06T08:02:40.139+0000] {subprocess.py:106} INFO - 	at java.base/java.util.concurrent.FutureTask.runAndReset(FutureTask.java:305)
[2026-03-06T08:02:40.144+0000] {subprocess.py:106} INFO - 	at java.base/java.util.concurrent.ScheduledThreadPoolExecutor$ScheduledFutureTask.run(ScheduledThreadPoolExecutor.java:305)
[2026-03-06T08:02:40.145+0000] {subprocess.py:106} INFO - 	at java.base/java.util.concurrent.ThreadPoolExecutor.runWorker(ThreadPoolExecutor.java:1136)
[2026-03-06T08:02:40.146+0000] {subprocess.py:106} INFO - 	at java.base/java.util.concurrent.ThreadPoolExecutor$Worker.run(ThreadPoolExecutor.java:635)
[2026-03-06T08:02:40.153+0000] {subprocess.py:106} INFO - 	at java.base/java.lang.Thread.run(Thread.java:840)
[2026-03-06T08:02:40.155+0000] {subprocess.py:106} INFO - Caused by: org.apache.spark.SparkException: Exception thrown in awaitResult:
[2026-03-06T08:02:40.161+0000] {subprocess.py:106} INFO - 	at org.apache.spark.util.SparkThreadUtils$.awaitResult(SparkThreadUtils.scala:56)
[2026-03-06T08:02:40.163+0000] {subprocess.py:106} INFO - 	at org.apache.spark.util.ThreadUtils$.awaitResult(ThreadUtils.scala:310)
[2026-03-06T08:02:40.167+0000] {subprocess.py:106} INFO - 	at org.apache.spark.rpc.RpcTimeout.awaitResult(RpcTimeout.scala:75)
[2026-03-06T08:02:40.169+0000] {subprocess.py:106} INFO - 	at org.apache.spark.rpc.RpcEnv.setupEndpointRefByURI(RpcEnv.scala:102)
[2026-03-06T08:02:40.170+0000] {subprocess.py:106} INFO - 	at org.apache.spark.rpc.RpcEnv.setupEndpointRef(RpcEnv.scala:110)
[2026-03-06T08:02:40.171+0000] {subprocess.py:106} INFO - 	at org.apache.spark.util.RpcUtils$.makeDriverRef(RpcUtils.scala:36)
[2026-03-06T08:02:40.172+0000] {subprocess.py:106} INFO - 	at org.apache.spark.storage.BlockManagerMasterEndpoint.driverEndpoint$lzycompute(BlockManagerMasterEndpoint.scala:124)
[2026-03-06T08:02:40.173+0000] {subprocess.py:106} INFO - 	at org.apache.spark.storage.BlockManagerMasterEndpoint.org$apache$spark$storage$BlockManagerMasterEndpoint$$driverEndpoint(BlockManagerMasterEndpoint.scala:123)
[2026-03-06T08:02:40.175+0000] {subprocess.py:106} INFO - 	at org.apache.spark.storage.BlockManagerMasterEndpoint.isExecutorAlive$lzycompute$1(BlockManagerMasterEndpoint.scala:688)
[2026-03-06T08:02:40.176+0000] {subprocess.py:106} INFO - 	at org.apache.spark.storage.BlockManagerMasterEndpoint.isExecutorAlive$1(BlockManagerMasterEndpoint.scala:687)
[2026-03-06T08:02:40.178+0000] {subprocess.py:106} INFO - 	at org.apache.spark.storage.BlockManagerMasterEndpoint.org$apache$spark$storage$BlockManagerMasterEndpoint$$register(BlockManagerMasterEndpoint.scala:725)
[2026-03-06T08:02:40.187+0000] {subprocess.py:106} INFO - 	at org.apache.spark.storage.BlockManagerMasterEndpoint$$anonfun$receiveAndReply$1.applyOrElse(BlockManagerMasterEndpoint.scala:133)
[2026-03-06T08:02:40.188+0000] {subprocess.py:106} INFO - 	at org.apache.spark.rpc.netty.Inbox.$anonfun$process$1(Inbox.scala:103)
[2026-03-06T08:02:40.189+0000] {subprocess.py:106} INFO - 	at org.apache.spark.rpc.netty.Inbox.safelyCall(Inbox.scala:213)
[2026-03-06T08:02:40.190+0000] {subprocess.py:106} INFO - 	at org.apache.spark.rpc.netty.Inbox.process(Inbox.scala:100)
[2026-03-06T08:02:40.191+0000] {subprocess.py:106} INFO - 	at org.apache.spark.rpc.netty.MessageLoop.org$apache$spark$rpc$netty$MessageLoop$$receiveLoop(MessageLoop.scala:75)
[2026-03-06T08:02:40.192+0000] {subprocess.py:106} INFO - 	at org.apache.spark.rpc.netty.MessageLoop$$anon$1.run(MessageLoop.scala:41)
[2026-03-06T08:02:40.193+0000] {subprocess.py:106} INFO - 	... 3 more
[2026-03-06T08:02:40.194+0000] {subprocess.py:106} INFO - Caused by: org.apache.spark.rpc.RpcEndpointNotFoundException: Cannot find endpoint: spark://CoarseGrainedScheduler@eb669c802a68:36887
[2026-03-06T08:02:40.195+0000] {subprocess.py:106} INFO - 	at org.apache.spark.rpc.netty.NettyRpcEnv.$anonfun$asyncSetupEndpointRefByURI$1(NettyRpcEnv.scala:148)
[2026-03-06T08:02:40.196+0000] {subprocess.py:106} INFO - 	at org.apache.spark.rpc.netty.NettyRpcEnv.$anonfun$asyncSetupEndpointRefByURI$1$adapted(NettyRpcEnv.scala:144)
[2026-03-06T08:02:40.197+0000] {subprocess.py:106} INFO - 	at scala.concurrent.Future.$anonfun$flatMap$1(Future.scala:307)
[2026-03-06T08:02:40.199+0000] {subprocess.py:106} INFO - 	at scala.concurrent.impl.Promise.$anonfun$transformWith$1(Promise.scala:41)
[2026-03-06T08:02:40.204+0000] {subprocess.py:106} INFO - 	at scala.concurrent.impl.CallbackRunnable.run(Promise.scala:64)
[2026-03-06T08:02:40.207+0000] {subprocess.py:106} INFO - 	at org.apache.spark.util.ThreadUtils$$anon$1.execute(ThreadUtils.scala:99)
[2026-03-06T08:02:40.213+0000] {subprocess.py:106} INFO - 	at scala.concurrent.impl.ExecutionContextImpl$$anon$4.execute(ExecutionContextImpl.scala:138)
[2026-03-06T08:02:40.214+0000] {subprocess.py:106} INFO - 	at scala.concurrent.impl.CallbackRunnable.executeWithValue(Promise.scala:72)
[2026-03-06T08:02:40.217+0000] {subprocess.py:106} INFO - 	at scala.concurrent.impl.Promise$DefaultPromise.$anonfun$tryComplete$1(Promise.scala:288)
[2026-03-06T08:02:40.218+0000] {subprocess.py:106} INFO - 	at scala.concurrent.impl.Promise$DefaultPromise.$anonfun$tryComplete$1$adapted(Promise.scala:288)
[2026-03-06T08:02:40.219+0000] {subprocess.py:106} INFO - 	at scala.concurrent.impl.Promise$DefaultPromise.tryComplete(Promise.scala:288)
[2026-03-06T08:02:40.220+0000] {subprocess.py:106} INFO - 	at scala.concurrent.Promise.complete(Promise.scala:53)
[2026-03-06T08:02:40.222+0000] {subprocess.py:106} INFO - 	at scala.concurrent.Promise.complete$(Promise.scala:52)
[2026-03-06T08:02:40.228+0000] {subprocess.py:106} INFO - 	at scala.concurrent.impl.Promise$DefaultPromise.complete(Promise.scala:187)
[2026-03-06T08:02:40.235+0000] {subprocess.py:106} INFO - 	at scala.concurrent.impl.Promise.$anonfun$transform$1(Promise.scala:33)
[2026-03-06T08:02:40.246+0000] {subprocess.py:106} INFO - 	at scala.concurrent.impl.CallbackRunnable.run(Promise.scala:64)
[2026-03-06T08:02:40.255+0000] {subprocess.py:106} INFO - 	at org.apache.spark.util.ThreadUtils$$anon$1.execute(ThreadUtils.scala:99)
[2026-03-06T08:02:40.256+0000] {subprocess.py:106} INFO - 	at scala.concurrent.impl.ExecutionContextImpl$$anon$4.execute(ExecutionContextImpl.scala:138)
[2026-03-06T08:02:40.257+0000] {subprocess.py:106} INFO - 	at scala.concurrent.impl.CallbackRunnable.executeWithValue(Promise.scala:72)
[2026-03-06T08:02:40.257+0000] {subprocess.py:106} INFO - 	at scala.concurrent.impl.Promise$DefaultPromise.$anonfun$tryComplete$1(Promise.scala:288)
[2026-03-06T08:02:40.258+0000] {subprocess.py:106} INFO - 	at scala.concurrent.impl.Promise$DefaultPromise.$anonfun$tryComplete$1$adapted(Promise.scala:288)
[2026-03-06T08:02:40.262+0000] {subprocess.py:106} INFO - 	at scala.concurrent.impl.Promise$DefaultPromise.tryComplete(Promise.scala:288)
[2026-03-06T08:02:40.267+0000] {subprocess.py:106} INFO - 	at scala.concurrent.Promise.complete(Promise.scala:53)
[2026-03-06T08:02:40.271+0000] {subprocess.py:106} INFO - 	at scala.concurrent.Promise.complete$(Promise.scala:52)
[2026-03-06T08:02:40.279+0000] {subprocess.py:106} INFO - 	at scala.concurrent.impl.Promise$DefaultPromise.complete(Promise.scala:187)
[2026-03-06T08:02:40.281+0000] {subprocess.py:106} INFO - 	at scala.concurrent.impl.Promise.$anonfun$transform$1(Promise.scala:33)
[2026-03-06T08:02:40.292+0000] {subprocess.py:106} INFO - 	at scala.concurrent.impl.CallbackRunnable.run(Promise.scala:64)
[2026-03-06T08:02:40.293+0000] {subprocess.py:106} INFO - 	at scala.concurrent.BatchingExecutor$Batch.processBatch$1(BatchingExecutor.scala:67)
[2026-03-06T08:02:40.294+0000] {subprocess.py:106} INFO - 	at scala.concurrent.BatchingExecutor$Batch.$anonfun$run$1(BatchingExecutor.scala:82)
[2026-03-06T08:02:40.295+0000] {subprocess.py:106} INFO - 	at scala.runtime.java8.JFunction0$mcV$sp.apply(JFunction0$mcV$sp.java:23)
[2026-03-06T08:02:40.296+0000] {subprocess.py:106} INFO - 	at scala.concurrent.BlockContext$.withBlockContext(BlockContext.scala:85)
[2026-03-06T08:02:40.297+0000] {subprocess.py:106} INFO - 	at scala.concurrent.BatchingExecutor$Batch.run(BatchingExecutor.scala:59)
[2026-03-06T08:02:40.318+0000] {subprocess.py:106} INFO - 	at scala.concurrent.Future$InternalCallbackExecutor$.unbatchedExecute(Future.scala:875)
[2026-03-06T08:02:40.320+0000] {subprocess.py:106} INFO - 	at scala.concurrent.BatchingExecutor.execute(BatchingExecutor.scala:110)
[2026-03-06T08:02:40.328+0000] {subprocess.py:106} INFO - 	at scala.concurrent.BatchingExecutor.execute$(BatchingExecutor.scala:107)
[2026-03-06T08:02:40.343+0000] {subprocess.py:106} INFO - 	at scala.concurrent.Future$InternalCallbackExecutor$.execute(Future.scala:873)
[2026-03-06T08:02:40.345+0000] {subprocess.py:106} INFO - 	at scala.concurrent.impl.CallbackRunnable.executeWithValue(Promise.scala:72)
[2026-03-06T08:02:40.346+0000] {subprocess.py:106} INFO - 	at scala.concurrent.impl.Promise$DefaultPromise.$anonfun$tryComplete$1(Promise.scala:288)
[2026-03-06T08:02:40.348+0000] {subprocess.py:106} INFO - 	at scala.concurrent.impl.Promise$DefaultPromise.$anonfun$tryComplete$1$adapted(Promise.scala:288)
[2026-03-06T08:02:40.353+0000] {subprocess.py:106} INFO - 	at scala.concurrent.impl.Promise$DefaultPromise.tryComplete(Promise.scala:288)
[2026-03-06T08:02:40.354+0000] {subprocess.py:106} INFO - 	at scala.concurrent.Promise.trySuccess(Promise.scala:94)
[2026-03-06T08:02:40.355+0000] {subprocess.py:106} INFO - 	at scala.concurrent.Promise.trySuccess$(Promise.scala:94)
[2026-03-06T08:02:40.356+0000] {subprocess.py:106} INFO - 	at scala.concurrent.impl.Promise$DefaultPromise.trySuccess(Promise.scala:187)
[2026-03-06T08:02:40.357+0000] {subprocess.py:106} INFO - 	at org.apache.spark.rpc.netty.NettyRpcEnv.onSuccess$1(NettyRpcEnv.scala:225)
[2026-03-06T08:02:40.358+0000] {subprocess.py:106} INFO - 	at org.apache.spark.rpc.netty.NettyRpcEnv.$anonfun$askAbortable$5(NettyRpcEnv.scala:239)
[2026-03-06T08:02:40.358+0000] {subprocess.py:106} INFO - 	at org.apache.spark.rpc.netty.NettyRpcEnv.$anonfun$askAbortable$5$adapted(NettyRpcEnv.scala:238)
[2026-03-06T08:02:40.359+0000] {subprocess.py:106} INFO - 	at scala.concurrent.impl.CallbackRunnable.run(Promise.scala:64)
[2026-03-06T08:02:40.360+0000] {subprocess.py:106} INFO - 	at org.apache.spark.util.ThreadUtils$$anon$1.execute(ThreadUtils.scala:99)
[2026-03-06T08:02:40.361+0000] {subprocess.py:106} INFO - 	at scala.concurrent.impl.ExecutionContextImpl$$anon$4.execute(ExecutionContextImpl.scala:138)
[2026-03-06T08:02:40.362+0000] {subprocess.py:106} INFO - 	at scala.concurrent.impl.CallbackRunnable.executeWithValue(Promise.scala:72)
[2026-03-06T08:02:40.364+0000] {subprocess.py:106} INFO - 	at scala.concurrent.impl.Promise$DefaultPromise.$anonfun$tryComplete$1(Promise.scala:288)
[2026-03-06T08:02:40.365+0000] {subprocess.py:106} INFO - 	at scala.concurrent.impl.Promise$DefaultPromise.$anonfun$tryComplete$1$adapted(Promise.scala:288)
[2026-03-06T08:02:40.368+0000] {subprocess.py:106} INFO - 	at scala.concurrent.impl.Promise$DefaultPromise.tryComplete(Promise.scala:288)
[2026-03-06T08:02:40.369+0000] {subprocess.py:106} INFO - 	at scala.concurrent.Promise.complete(Promise.scala:53)
[2026-03-06T08:02:40.370+0000] {subprocess.py:106} INFO - 	at scala.concurrent.Promise.complete$(Promise.scala:52)
[2026-03-06T08:02:40.372+0000] {subprocess.py:106} INFO - 	at scala.concurrent.impl.Promise$DefaultPromise.complete(Promise.scala:187)
[2026-03-06T08:02:40.375+0000] {subprocess.py:106} INFO - 	at scala.concurrent.Promise.success(Promise.scala:86)
[2026-03-06T08:02:40.378+0000] {subprocess.py:106} INFO - 	at scala.concurrent.Promise.success$(Promise.scala:86)
[2026-03-06T08:02:40.386+0000] {subprocess.py:106} INFO - 	at scala.concurrent.impl.Promise$DefaultPromise.success(Promise.scala:187)
[2026-03-06T08:02:40.388+0000] {subprocess.py:106} INFO - 	at org.apache.spark.rpc.netty.LocalNettyRpcCallContext.send(NettyRpcCallContext.scala:50)
[2026-03-06T08:02:40.390+0000] {subprocess.py:106} INFO - 	at org.apache.spark.rpc.netty.NettyRpcCallContext.reply(NettyRpcCallContext.scala:32)
[2026-03-06T08:02:40.391+0000] {subprocess.py:106} INFO - 	at org.apache.spark.rpc.netty.RpcEndpointVerifier$$anonfun$receiveAndReply$1.applyOrElse(RpcEndpointVerifier.scala:31)
[2026-03-06T08:02:40.392+0000] {subprocess.py:106} INFO - 	... 8 more
[2026-03-06T08:02:40.393+0000] {subprocess.py:106} INFO - 26/03/06 08:02:39 ERROR Inbox: Ignoring error
[2026-03-06T08:02:40.394+0000] {subprocess.py:106} INFO - org.apache.spark.SparkException: Exception thrown in awaitResult:
[2026-03-06T08:02:40.395+0000] {subprocess.py:106} INFO - 	at org.apache.spark.util.SparkThreadUtils$.awaitResult(SparkThreadUtils.scala:56)
[2026-03-06T08:02:40.396+0000] {subprocess.py:106} INFO - 	at org.apache.spark.util.ThreadUtils$.awaitResult(ThreadUtils.scala:310)
[2026-03-06T08:02:40.397+0000] {subprocess.py:106} INFO - 	at org.apache.spark.rpc.RpcTimeout.awaitResult(RpcTimeout.scala:75)
[2026-03-06T08:02:40.399+0000] {subprocess.py:106} INFO - 	at org.apache.spark.rpc.RpcEnv.setupEndpointRefByURI(RpcEnv.scala:102)
[2026-03-06T08:02:40.403+0000] {subprocess.py:106} INFO - 	at org.apache.spark.rpc.RpcEnv.setupEndpointRef(RpcEnv.scala:110)
[2026-03-06T08:02:40.404+0000] {subprocess.py:106} INFO - 	at org.apache.spark.util.RpcUtils$.makeDriverRef(RpcUtils.scala:36)
[2026-03-06T08:02:40.406+0000] {subprocess.py:106} INFO - 	at org.apache.spark.storage.BlockManagerMasterEndpoint.driverEndpoint$lzycompute(BlockManagerMasterEndpoint.scala:124)
[2026-03-06T08:02:40.407+0000] {subprocess.py:106} INFO - 	at org.apache.spark.storage.BlockManagerMasterEndpoint.org$apache$spark$storage$BlockManagerMasterEndpoint$$driverEndpoint(BlockManagerMasterEndpoint.scala:123)
[2026-03-06T08:02:40.408+0000] {subprocess.py:106} INFO - 	at org.apache.spark.storage.BlockManagerMasterEndpoint.isExecutorAlive$lzycompute$1(BlockManagerMasterEndpoint.scala:688)
[2026-03-06T08:02:40.409+0000] {subprocess.py:106} INFO - 	at org.apache.spark.storage.BlockManagerMasterEndpoint.isExecutorAlive$1(BlockManagerMasterEndpoint.scala:687)
[2026-03-06T08:02:40.411+0000] {subprocess.py:106} INFO - 	at org.apache.spark.storage.BlockManagerMasterEndpoint.org$apache$spark$storage$BlockManagerMasterEndpoint$$register(BlockManagerMasterEndpoint.scala:725)
[2026-03-06T08:02:40.414+0000] {subprocess.py:106} INFO - 	at org.apache.spark.storage.BlockManagerMasterEndpoint$$anonfun$receiveAndReply$1.applyOrElse(BlockManagerMasterEndpoint.scala:133)
[2026-03-06T08:02:40.418+0000] {subprocess.py:106} INFO - 	at org.apache.spark.rpc.netty.Inbox.$anonfun$process$1(Inbox.scala:103)
[2026-03-06T08:02:40.352+0000] {job.py:229} INFO - Heartbeat recovered after 130.00 seconds
[2026-03-06T08:02:40.430+0000] {subprocess.py:106} INFO - 	at org.apache.spark.rpc.netty.Inbox.safelyCall(Inbox.scala:213)
[2026-03-06T08:02:40.432+0000] {subprocess.py:106} INFO - 	at org.apache.spark.rpc.netty.Inbox.process(Inbox.scala:100)
[2026-03-06T08:02:40.435+0000] {subprocess.py:106} INFO - 	at org.apache.spark.rpc.netty.MessageLoop.org$apache$spark$rpc$netty$MessageLoop$$receiveLoop(MessageLoop.scala:75)
[2026-03-06T08:02:40.437+0000] {subprocess.py:106} INFO - 	at org.apache.spark.rpc.netty.MessageLoop$$anon$1.run(MessageLoop.scala:41)
[2026-03-06T08:02:40.442+0000] {subprocess.py:106} INFO - 	at java.base/java.util.concurrent.ThreadPoolExecutor.runWorker(ThreadPoolExecutor.java:1136)
[2026-03-06T08:02:40.444+0000] {subprocess.py:106} INFO - 	at java.base/java.util.concurrent.ThreadPoolExecutor$Worker.run(ThreadPoolExecutor.java:635)
[2026-03-06T08:02:40.446+0000] {subprocess.py:106} INFO - 	at java.base/java.lang.Thread.run(Thread.java:840)
[2026-03-06T08:02:40.451+0000] {subprocess.py:106} INFO - Caused by: org.apache.spark.rpc.RpcEndpointNotFoundException: Cannot find endpoint: spark://CoarseGrainedScheduler@eb669c802a68:36887
[2026-03-06T08:02:40.453+0000] {subprocess.py:106} INFO - 	at org.apache.spark.rpc.netty.NettyRpcEnv.$anonfun$asyncSetupEndpointRefByURI$1(NettyRpcEnv.scala:148)
[2026-03-06T08:02:40.454+0000] {subprocess.py:106} INFO - 	at org.apache.spark.rpc.netty.NettyRpcEnv.$anonfun$asyncSetupEndpointRefByURI$1$adapted(NettyRpcEnv.scala:144)
[2026-03-06T08:02:40.456+0000] {subprocess.py:106} INFO - 	at scala.concurrent.Future.$anonfun$flatMap$1(Future.scala:307)
[2026-03-06T08:02:40.459+0000] {subprocess.py:106} INFO - 	at scala.concurrent.impl.Promise.$anonfun$transformWith$1(Promise.scala:41)
[2026-03-06T08:02:40.460+0000] {subprocess.py:106} INFO - 	at scala.concurrent.impl.CallbackRunnable.run(Promise.scala:64)
[2026-03-06T08:02:40.461+0000] {subprocess.py:106} INFO - 	at org.apache.spark.util.ThreadUtils$$anon$1.execute(ThreadUtils.scala:99)
[2026-03-06T08:02:40.464+0000] {subprocess.py:106} INFO - 	at scala.concurrent.impl.ExecutionContextImpl$$anon$4.execute(ExecutionContextImpl.scala:138)
[2026-03-06T08:02:40.465+0000] {subprocess.py:106} INFO - 	at scala.concurrent.impl.CallbackRunnable.executeWithValue(Promise.scala:72)
[2026-03-06T08:02:40.469+0000] {subprocess.py:106} INFO - 	at scala.concurrent.impl.Promise$DefaultPromise.$anonfun$tryComplete$1(Promise.scala:288)
[2026-03-06T08:02:40.471+0000] {subprocess.py:106} INFO - 	at scala.concurrent.impl.Promise$DefaultPromise.$anonfun$tryComplete$1$adapted(Promise.scala:288)
[2026-03-06T08:02:40.473+0000] {subprocess.py:106} INFO - 	at scala.concurrent.impl.Promise$DefaultPromise.tryComplete(Promise.scala:288)
[2026-03-06T08:02:40.474+0000] {subprocess.py:106} INFO - 	at scala.concurrent.Promise.complete(Promise.scala:53)
[2026-03-06T08:02:40.477+0000] {subprocess.py:106} INFO - 	at scala.concurrent.Promise.complete$(Promise.scala:52)
[2026-03-06T08:02:40.483+0000] {subprocess.py:106} INFO - 	at scala.concurrent.impl.Promise$DefaultPromise.complete(Promise.scala:187)
[2026-03-06T08:02:40.490+0000] {subprocess.py:106} INFO - 	at scala.concurrent.impl.Promise.$anonfun$transform$1(Promise.scala:33)
[2026-03-06T08:02:40.493+0000] {subprocess.py:106} INFO - 	at scala.concurrent.impl.CallbackRunnable.run(Promise.scala:64)
[2026-03-06T08:02:40.495+0000] {subprocess.py:106} INFO - 	at org.apache.spark.util.ThreadUtils$$anon$1.execute(ThreadUtils.scala:99)
[2026-03-06T08:02:40.499+0000] {subprocess.py:106} INFO - 	at scala.concurrent.impl.ExecutionContextImpl$$anon$4.execute(ExecutionContextImpl.scala:138)
[2026-03-06T08:02:40.501+0000] {subprocess.py:106} INFO - 	at scala.concurrent.impl.CallbackRunnable.executeWithValue(Promise.scala:72)
[2026-03-06T08:02:40.507+0000] {subprocess.py:106} INFO - 	at scala.concurrent.impl.Promise$DefaultPromise.$anonfun$tryComplete$1(Promise.scala:288)
[2026-03-06T08:02:40.509+0000] {subprocess.py:106} INFO - 	at scala.concurrent.impl.Promise$DefaultPromise.$anonfun$tryComplete$1$adapted(Promise.scala:288)
[2026-03-06T08:02:40.517+0000] {subprocess.py:106} INFO - 	at scala.concurrent.impl.Promise$DefaultPromise.tryComplete(Promise.scala:288)
[2026-03-06T08:02:40.523+0000] {subprocess.py:106} INFO - 	at scala.concurrent.Promise.complete(Promise.scala:53)
[2026-03-06T08:02:40.531+0000] {subprocess.py:106} INFO - 	at scala.concurrent.Promise.complete$(Promise.scala:52)
[2026-03-06T08:02:40.533+0000] {subprocess.py:106} INFO - 	at scala.concurrent.impl.Promise$DefaultPromise.complete(Promise.scala:187)
[2026-03-06T08:02:40.534+0000] {subprocess.py:106} INFO - 	at scala.concurrent.impl.Promise.$anonfun$transform$1(Promise.scala:33)
[2026-03-06T08:02:40.543+0000] {subprocess.py:106} INFO - 	at scala.concurrent.impl.CallbackRunnable.run(Promise.scala:64)
[2026-03-06T08:02:40.545+0000] {subprocess.py:106} INFO - 	at scala.concurrent.BatchingExecutor$Batch.processBatch$1(BatchingExecutor.scala:67)
[2026-03-06T08:02:40.546+0000] {subprocess.py:106} INFO - 	at scala.concurrent.BatchingExecutor$Batch.$anonfun$run$1(BatchingExecutor.scala:82)
[2026-03-06T08:02:40.548+0000] {subprocess.py:106} INFO - 	at scala.runtime.java8.JFunction0$mcV$sp.apply(JFunction0$mcV$sp.java:23)
[2026-03-06T08:02:40.549+0000] {subprocess.py:106} INFO - 	at scala.concurrent.BlockContext$.withBlockContext(BlockContext.scala:85)
[2026-03-06T08:02:40.550+0000] {subprocess.py:106} INFO - 	at scala.concurrent.BatchingExecutor$Batch.run(BatchingExecutor.scala:59)
[2026-03-06T08:02:40.553+0000] {subprocess.py:106} INFO - 	at scala.concurrent.Future$InternalCallbackExecutor$.unbatchedExecute(Future.scala:875)
[2026-03-06T08:02:40.557+0000] {subprocess.py:106} INFO - 	at scala.concurrent.BatchingExecutor.execute(BatchingExecutor.scala:110)
[2026-03-06T08:02:40.563+0000] {subprocess.py:106} INFO - 	at scala.concurrent.BatchingExecutor.execute$(BatchingExecutor.scala:107)
[2026-03-06T08:02:40.569+0000] {subprocess.py:106} INFO - 	at scala.concurrent.Future$InternalCallbackExecutor$.execute(Future.scala:873)
[2026-03-06T08:02:40.572+0000] {subprocess.py:106} INFO - 	at scala.concurrent.impl.CallbackRunnable.executeWithValue(Promise.scala:72)
[2026-03-06T08:02:40.575+0000] {subprocess.py:106} INFO - 	at scala.concurrent.impl.Promise$DefaultPromise.$anonfun$tryComplete$1(Promise.scala:288)
[2026-03-06T08:02:40.577+0000] {subprocess.py:106} INFO - 	at scala.concurrent.impl.Promise$DefaultPromise.$anonfun$tryComplete$1$adapted(Promise.scala:288)
[2026-03-06T08:02:40.578+0000] {subprocess.py:106} INFO - 	at scala.concurrent.impl.Promise$DefaultPromise.tryComplete(Promise.scala:288)
[2026-03-06T08:02:40.580+0000] {subprocess.py:106} INFO - 	at scala.concurrent.Promise.trySuccess(Promise.scala:94)
[2026-03-06T08:02:40.581+0000] {subprocess.py:106} INFO - 	at scala.concurrent.Promise.trySuccess$(Promise.scala:94)
[2026-03-06T08:02:40.587+0000] {subprocess.py:106} INFO - 	at scala.concurrent.impl.Promise$DefaultPromise.trySuccess(Promise.scala:187)
[2026-03-06T08:02:40.589+0000] {subprocess.py:106} INFO - 	at org.apache.spark.rpc.netty.NettyRpcEnv.onSuccess$1(NettyRpcEnv.scala:225)
[2026-03-06T08:02:40.591+0000] {subprocess.py:106} INFO - 	at org.apache.spark.rpc.netty.NettyRpcEnv.$anonfun$askAbortable$5(NettyRpcEnv.scala:239)
[2026-03-06T08:02:40.592+0000] {subprocess.py:106} INFO - 	at org.apache.spark.rpc.netty.NettyRpcEnv.$anonfun$askAbortable$5$adapted(NettyRpcEnv.scala:238)
[2026-03-06T08:02:40.594+0000] {subprocess.py:106} INFO - 	at scala.concurrent.impl.CallbackRunnable.run(Promise.scala:64)
[2026-03-06T08:02:40.595+0000] {subprocess.py:106} INFO - 	at org.apache.spark.util.ThreadUtils$$anon$1.execute(ThreadUtils.scala:99)
[2026-03-06T08:02:40.603+0000] {subprocess.py:106} INFO - 	at scala.concurrent.impl.ExecutionContextImpl$$anon$4.execute(ExecutionContextImpl.scala:138)
[2026-03-06T08:02:40.608+0000] {subprocess.py:106} INFO - 	at scala.concurrent.impl.CallbackRunnable.executeWithValue(Promise.scala:72)
[2026-03-06T08:02:40.609+0000] {subprocess.py:106} INFO - 	at scala.concurrent.impl.Promise$DefaultPromise.$anonfun$tryComplete$1(Promise.scala:288)
[2026-03-06T08:02:40.610+0000] {subprocess.py:106} INFO - 	at scala.concurrent.impl.Promise$DefaultPromise.$anonfun$tryComplete$1$adapted(Promise.scala:288)
[2026-03-06T08:02:40.612+0000] {subprocess.py:106} INFO - 	at scala.concurrent.impl.Promise$DefaultPromise.tryComplete(Promise.scala:288)
[2026-03-06T08:02:40.613+0000] {subprocess.py:106} INFO - 	at scala.concurrent.Promise.complete(Promise.scala:53)
[2026-03-06T08:02:40.614+0000] {subprocess.py:106} INFO - 	at scala.concurrent.Promise.complete$(Promise.scala:52)
[2026-03-06T08:02:40.615+0000] {subprocess.py:106} INFO - 	at scala.concurrent.impl.Promise$DefaultPromise.complete(Promise.scala:187)
[2026-03-06T08:02:40.617+0000] {subprocess.py:106} INFO - 	at scala.concurrent.Promise.success(Promise.scala:86)
[2026-03-06T08:02:40.618+0000] {subprocess.py:106} INFO - 	at scala.concurrent.Promise.success$(Promise.scala:86)
[2026-03-06T08:02:40.619+0000] {subprocess.py:106} INFO - 	at scala.concurrent.impl.Promise$DefaultPromise.success(Promise.scala:187)
[2026-03-06T08:02:40.620+0000] {subprocess.py:106} INFO - 	at org.apache.spark.rpc.netty.LocalNettyRpcCallContext.send(NettyRpcCallContext.scala:50)
[2026-03-06T08:02:40.621+0000] {subprocess.py:106} INFO - 	at org.apache.spark.rpc.netty.NettyRpcCallContext.reply(NettyRpcCallContext.scala:32)
[2026-03-06T08:02:40.621+0000] {subprocess.py:106} INFO - 	at org.apache.spark.rpc.netty.RpcEndpointVerifier$$anonfun$receiveAndReply$1.applyOrElse(RpcEndpointVerifier.scala:31)
[2026-03-06T08:02:40.622+0000] {subprocess.py:106} INFO - 	... 8 more
[2026-03-06T08:02:40.624+0000] {subprocess.py:106} INFO - 26/03/06 08:02:39 WARN Executor: Issue communicating with driver in heartbeater
[2026-03-06T08:02:40.626+0000] {subprocess.py:106} INFO - org.apache.spark.SparkException: Exception thrown in awaitResult:
[2026-03-06T08:02:40.627+0000] {subprocess.py:106} INFO - 	at org.apache.spark.util.SparkThreadUtils$.awaitResult(SparkThreadUtils.scala:56)
[2026-03-06T08:02:40.628+0000] {subprocess.py:106} INFO - 	at org.apache.spark.util.ThreadUtils$.awaitResult(ThreadUtils.scala:310)
[2026-03-06T08:02:40.629+0000] {subprocess.py:106} INFO - 	at org.apache.spark.rpc.RpcTimeout.awaitResult(RpcTimeout.scala:75)
[2026-03-06T08:02:40.629+0000] {subprocess.py:106} INFO - 	at org.apache.spark.rpc.RpcEndpointRef.askSync(RpcEndpointRef.scala:101)
[2026-03-06T08:02:40.630+0000] {subprocess.py:106} INFO - 	at org.apache.spark.rpc.RpcEndpointRef.askSync(RpcEndpointRef.scala:85)
[2026-03-06T08:02:40.631+0000] {subprocess.py:106} INFO - 	at org.apache.spark.storage.BlockManagerMaster.registerBlockManager(BlockManagerMaster.scala:80)
[2026-03-06T08:02:40.635+0000] {subprocess.py:106} INFO - 	at org.apache.spark.storage.BlockManager.reregister(BlockManager.scala:642)
[2026-03-06T08:02:40.636+0000] {subprocess.py:106} INFO - 	at org.apache.spark.executor.Executor.reportHeartBeat(Executor.scala:1223)
[2026-03-06T08:02:40.638+0000] {subprocess.py:106} INFO - 	at org.apache.spark.executor.Executor.$anonfun$heartbeater$1(Executor.scala:295)
[2026-03-06T08:02:40.639+0000] {subprocess.py:106} INFO - 	at scala.runtime.java8.JFunction0$mcV$sp.apply(JFunction0$mcV$sp.java:23)
[2026-03-06T08:02:40.640+0000] {subprocess.py:106} INFO - 	at org.apache.spark.util.Utils$.logUncaughtExceptions(Utils.scala:1928)
[2026-03-06T08:02:40.641+0000] {subprocess.py:106} INFO - 	at org.apache.spark.Heartbeater$$anon$1.run(Heartbeater.scala:46)
[2026-03-06T08:02:40.642+0000] {subprocess.py:106} INFO - 	at java.base/java.util.concurrent.Executors$RunnableAdapter.call(Executors.java:539)
[2026-03-06T08:02:40.643+0000] {subprocess.py:106} INFO - 	at java.base/java.util.concurrent.FutureTask.runAndReset(FutureTask.java:305)
[2026-03-06T08:02:40.644+0000] {subprocess.py:106} INFO - 	at java.base/java.util.concurrent.ScheduledThreadPoolExecutor$ScheduledFutureTask.run(ScheduledThreadPoolExecutor.java:305)
[2026-03-06T08:02:40.645+0000] {subprocess.py:106} INFO - 	at java.base/java.util.concurrent.ThreadPoolExecutor.runWorker(ThreadPoolExecutor.java:1136)
[2026-03-06T08:02:40.646+0000] {subprocess.py:106} INFO - 	at java.base/java.util.concurrent.ThreadPoolExecutor$Worker.run(ThreadPoolExecutor.java:635)
[2026-03-06T08:02:40.649+0000] {subprocess.py:106} INFO - 	at java.base/java.lang.Thread.run(Thread.java:840)
[2026-03-06T08:02:40.650+0000] {subprocess.py:106} INFO - Caused by: org.apache.spark.SparkException: Exception thrown in awaitResult:
[2026-03-06T08:02:40.651+0000] {subprocess.py:106} INFO - 	at org.apache.spark.util.SparkThreadUtils$.awaitResult(SparkThreadUtils.scala:56)
[2026-03-06T08:02:40.653+0000] {subprocess.py:106} INFO - 	at org.apache.spark.util.ThreadUtils$.awaitResult(ThreadUtils.scala:310)
[2026-03-06T08:02:40.654+0000] {subprocess.py:106} INFO - 	at org.apache.spark.rpc.RpcTimeout.awaitResult(RpcTimeout.scala:75)
[2026-03-06T08:02:40.655+0000] {subprocess.py:106} INFO - 	at org.apache.spark.rpc.RpcEnv.setupEndpointRefByURI(RpcEnv.scala:102)
[2026-03-06T08:02:40.656+0000] {subprocess.py:106} INFO - 	at org.apache.spark.rpc.RpcEnv.setupEndpointRef(RpcEnv.scala:110)
[2026-03-06T08:02:40.657+0000] {subprocess.py:106} INFO - 	at org.apache.spark.util.RpcUtils$.makeDriverRef(RpcUtils.scala:36)
[2026-03-06T08:02:40.658+0000] {subprocess.py:106} INFO - 	at org.apache.spark.storage.BlockManagerMasterEndpoint.driverEndpoint$lzycompute(BlockManagerMasterEndpoint.scala:124)
[2026-03-06T08:02:40.664+0000] {subprocess.py:106} INFO - 	at org.apache.spark.storage.BlockManagerMasterEndpoint.org$apache$spark$storage$BlockManagerMasterEndpoint$$driverEndpoint(BlockManagerMasterEndpoint.scala:123)
[2026-03-06T08:02:40.665+0000] {subprocess.py:106} INFO - 	at org.apache.spark.storage.BlockManagerMasterEndpoint.isExecutorAlive$lzycompute$1(BlockManagerMasterEndpoint.scala:688)
[2026-03-06T08:02:40.666+0000] {subprocess.py:106} INFO - 	at org.apache.spark.storage.BlockManagerMasterEndpoint.isExecutorAlive$1(BlockManagerMasterEndpoint.scala:687)
[2026-03-06T08:02:40.667+0000] {subprocess.py:106} INFO - 	at org.apache.spark.storage.BlockManagerMasterEndpoint.org$apache$spark$storage$BlockManagerMasterEndpoint$$register(BlockManagerMasterEndpoint.scala:725)
[2026-03-06T08:02:40.668+0000] {subprocess.py:106} INFO - 	at org.apache.spark.storage.BlockManagerMasterEndpoint$$anonfun$receiveAndReply$1.applyOrElse(BlockManagerMasterEndpoint.scala:133)
[2026-03-06T08:02:40.669+0000] {subprocess.py:106} INFO - 	at org.apache.spark.rpc.netty.Inbox.$anonfun$process$1(Inbox.scala:103)
[2026-03-06T08:02:40.669+0000] {subprocess.py:106} INFO - 	at org.apache.spark.rpc.netty.Inbox.safelyCall(Inbox.scala:213)
[2026-03-06T08:02:40.670+0000] {subprocess.py:106} INFO - 	at org.apache.spark.rpc.netty.Inbox.process(Inbox.scala:100)
[2026-03-06T08:02:40.671+0000] {subprocess.py:106} INFO - 	at org.apache.spark.rpc.netty.MessageLoop.org$apache$spark$rpc$netty$MessageLoop$$receiveLoop(MessageLoop.scala:75)
[2026-03-06T08:02:40.672+0000] {subprocess.py:106} INFO - 	at org.apache.spark.rpc.netty.MessageLoop$$anon$1.run(MessageLoop.scala:41)
[2026-03-06T08:02:40.673+0000] {subprocess.py:106} INFO - 	... 3 more
[2026-03-06T08:02:40.674+0000] {subprocess.py:106} INFO - Caused by: org.apache.spark.rpc.RpcEndpointNotFoundException: Cannot find endpoint: spark://CoarseGrainedScheduler@eb669c802a68:36887
[2026-03-06T08:02:40.674+0000] {subprocess.py:106} INFO - 	at org.apache.spark.rpc.netty.NettyRpcEnv.$anonfun$asyncSetupEndpointRefByURI$1(NettyRpcEnv.scala:148)
[2026-03-06T08:02:40.675+0000] {subprocess.py:106} INFO - 	at org.apache.spark.rpc.netty.NettyRpcEnv.$anonfun$asyncSetupEndpointRefByURI$1$adapted(NettyRpcEnv.scala:144)
[2026-03-06T08:02:40.676+0000] {subprocess.py:106} INFO - 	at scala.concurrent.Future.$anonfun$flatMap$1(Future.scala:307)
[2026-03-06T08:02:40.677+0000] {subprocess.py:106} INFO - 	at scala.concurrent.impl.Promise.$anonfun$transformWith$1(Promise.scala:41)
[2026-03-06T08:02:40.677+0000] {subprocess.py:106} INFO - 	at scala.concurrent.impl.CallbackRunnable.run(Promise.scala:64)
[2026-03-06T08:02:40.678+0000] {subprocess.py:106} INFO - 	at org.apache.spark.util.ThreadUtils$$anon$1.execute(ThreadUtils.scala:99)
[2026-03-06T08:02:40.679+0000] {subprocess.py:106} INFO - 	at scala.concurrent.impl.ExecutionContextImpl$$anon$4.execute(ExecutionContextImpl.scala:138)
[2026-03-06T08:02:40.680+0000] {subprocess.py:106} INFO - 	at scala.concurrent.impl.CallbackRunnable.executeWithValue(Promise.scala:72)
[2026-03-06T08:02:40.683+0000] {subprocess.py:106} INFO - 	at scala.concurrent.impl.Promise$DefaultPromise.$anonfun$tryComplete$1(Promise.scala:288)
[2026-03-06T08:02:40.684+0000] {subprocess.py:106} INFO - 	at scala.concurrent.impl.Promise$DefaultPromise.$anonfun$tryComplete$1$adapted(Promise.scala:288)
[2026-03-06T08:02:40.685+0000] {subprocess.py:106} INFO - 	at scala.concurrent.impl.Promise$DefaultPromise.tryComplete(Promise.scala:288)
[2026-03-06T08:02:40.686+0000] {subprocess.py:106} INFO - 	at scala.concurrent.Promise.complete(Promise.scala:53)
[2026-03-06T08:02:40.687+0000] {subprocess.py:106} INFO - 	at scala.concurrent.Promise.complete$(Promise.scala:52)
[2026-03-06T08:02:40.688+0000] {subprocess.py:106} INFO - 	at scala.concurrent.impl.Promise$DefaultPromise.complete(Promise.scala:187)
[2026-03-06T08:02:40.693+0000] {subprocess.py:106} INFO - 	at scala.concurrent.impl.Promise.$anonfun$transform$1(Promise.scala:33)
[2026-03-06T08:02:40.699+0000] {subprocess.py:106} INFO - 	at scala.concurrent.impl.CallbackRunnable.run(Promise.scala:64)
[2026-03-06T08:02:40.701+0000] {subprocess.py:106} INFO - 	at org.apache.spark.util.ThreadUtils$$anon$1.execute(ThreadUtils.scala:99)
[2026-03-06T08:02:40.703+0000] {subprocess.py:106} INFO - 	at scala.concurrent.impl.ExecutionContextImpl$$anon$4.execute(ExecutionContextImpl.scala:138)
[2026-03-06T08:02:40.704+0000] {subprocess.py:106} INFO - 	at scala.concurrent.impl.CallbackRunnable.executeWithValue(Promise.scala:72)
[2026-03-06T08:02:40.705+0000] {subprocess.py:106} INFO - 	at scala.concurrent.impl.Promise$DefaultPromise.$anonfun$tryComplete$1(Promise.scala:288)
[2026-03-06T08:02:40.706+0000] {subprocess.py:106} INFO - 	at scala.concurrent.impl.Promise$DefaultPromise.$anonfun$tryComplete$1$adapted(Promise.scala:288)
[2026-03-06T08:02:40.707+0000] {subprocess.py:106} INFO - 	at scala.concurrent.impl.Promise$DefaultPromise.tryComplete(Promise.scala:288)
[2026-03-06T08:02:40.708+0000] {subprocess.py:106} INFO - 	at scala.concurrent.Promise.complete(Promise.scala:53)
[2026-03-06T08:02:40.709+0000] {subprocess.py:106} INFO - 	at scala.concurrent.Promise.complete$(Promise.scala:52)
[2026-03-06T08:02:40.711+0000] {subprocess.py:106} INFO - 	at scala.concurrent.impl.Promise$DefaultPromise.complete(Promise.scala:187)
[2026-03-06T08:02:40.712+0000] {subprocess.py:106} INFO - 	at scala.concurrent.impl.Promise.$anonfun$transform$1(Promise.scala:33)
[2026-03-06T08:02:40.713+0000] {subprocess.py:106} INFO - 	at scala.concurrent.impl.CallbackRunnable.run(Promise.scala:64)
[2026-03-06T08:02:40.714+0000] {subprocess.py:106} INFO - 	at scala.concurrent.BatchingExecutor$Batch.processBatch$1(BatchingExecutor.scala:67)
[2026-03-06T08:02:40.715+0000] {subprocess.py:106} INFO - 	at scala.concurrent.BatchingExecutor$Batch.$anonfun$run$1(BatchingExecutor.scala:82)
[2026-03-06T08:02:40.717+0000] {subprocess.py:106} INFO - 	at scala.runtime.java8.JFunction0$mcV$sp.apply(JFunction0$mcV$sp.java:23)
[2026-03-06T08:02:40.718+0000] {subprocess.py:106} INFO - 	at scala.concurrent.BlockContext$.withBlockContext(BlockContext.scala:85)
[2026-03-06T08:02:40.719+0000] {subprocess.py:106} INFO - 	at scala.concurrent.BatchingExecutor$Batch.run(BatchingExecutor.scala:59)
[2026-03-06T08:02:40.720+0000] {subprocess.py:106} INFO - 	at scala.concurrent.Future$InternalCallbackExecutor$.unbatchedExecute(Future.scala:875)
[2026-03-06T08:02:40.721+0000] {subprocess.py:106} INFO - 	at scala.concurrent.BatchingExecutor.execute(BatchingExecutor.scala:110)
[2026-03-06T08:02:40.722+0000] {subprocess.py:106} INFO - 	at scala.concurrent.BatchingExecutor.execute$(BatchingExecutor.scala:107)
[2026-03-06T08:02:40.722+0000] {subprocess.py:106} INFO - 	at scala.concurrent.Future$InternalCallbackExecutor$.execute(Future.scala:873)
[2026-03-06T08:02:40.723+0000] {subprocess.py:106} INFO - 	at scala.concurrent.impl.CallbackRunnable.executeWithValue(Promise.scala:72)
[2026-03-06T08:02:40.724+0000] {subprocess.py:106} INFO - 	at scala.concurrent.impl.Promise$DefaultPromise.$anonfun$tryComplete$1(Promise.scala:288)
[2026-03-06T08:02:40.725+0000] {subprocess.py:106} INFO - 	at scala.concurrent.impl.Promise$DefaultPromise.$anonfun$tryComplete$1$adapted(Promise.scala:288)
[2026-03-06T08:02:40.725+0000] {subprocess.py:106} INFO - 	at scala.concurrent.impl.Promise$DefaultPromise.tryComplete(Promise.scala:288)
[2026-03-06T08:02:40.726+0000] {subprocess.py:106} INFO - 	at scala.concurrent.Promise.trySuccess(Promise.scala:94)
[2026-03-06T08:02:40.727+0000] {subprocess.py:106} INFO - 	at scala.concurrent.Promise.trySuccess$(Promise.scala:94)
[2026-03-06T08:02:40.728+0000] {subprocess.py:106} INFO - 	at scala.concurrent.impl.Promise$DefaultPromise.trySuccess(Promise.scala:187)
[2026-03-06T08:02:40.729+0000] {subprocess.py:106} INFO - 	at org.apache.spark.rpc.netty.NettyRpcEnv.onSuccess$1(NettyRpcEnv.scala:225)
[2026-03-06T08:02:40.730+0000] {subprocess.py:106} INFO - 	at org.apache.spark.rpc.netty.NettyRpcEnv.$anonfun$askAbortable$5(NettyRpcEnv.scala:239)
[2026-03-06T08:02:40.731+0000] {subprocess.py:106} INFO - 	at org.apache.spark.rpc.netty.NettyRpcEnv.$anonfun$askAbortable$5$adapted(NettyRpcEnv.scala:238)
[2026-03-06T08:02:40.732+0000] {subprocess.py:106} INFO - 	at scala.concurrent.impl.CallbackRunnable.run(Promise.scala:64)
[2026-03-06T08:02:40.734+0000] {subprocess.py:106} INFO - 	at org.apache.spark.util.ThreadUtils$$anon$1.execute(ThreadUtils.scala:99)
[2026-03-06T08:02:40.735+0000] {subprocess.py:106} INFO - 	at scala.concurrent.impl.ExecutionContextImpl$$anon$4.execute(ExecutionContextImpl.scala:138)
[2026-03-06T08:02:40.736+0000] {subprocess.py:106} INFO - 	at scala.concurrent.impl.CallbackRunnable.executeWithValue(Promise.scala:72)
[2026-03-06T08:02:40.736+0000] {subprocess.py:106} INFO - 	at scala.concurrent.impl.Promise$DefaultPromise.$anonfun$tryComplete$1(Promise.scala:288)
[2026-03-06T08:02:40.743+0000] {subprocess.py:106} INFO - 	at scala.concurrent.impl.Promise$DefaultPromise.$anonfun$tryComplete$1$adapted(Promise.scala:288)
[2026-03-06T08:02:40.744+0000] {subprocess.py:106} INFO - 	at scala.concurrent.impl.Promise$DefaultPromise.tryComplete(Promise.scala:288)
[2026-03-06T08:02:40.745+0000] {subprocess.py:106} INFO - 	at scala.concurrent.Promise.complete(Promise.scala:53)
[2026-03-06T08:02:40.746+0000] {subprocess.py:106} INFO - 	at scala.concurrent.Promise.complete$(Promise.scala:52)
[2026-03-06T08:02:40.747+0000] {subprocess.py:106} INFO - 	at scala.concurrent.impl.Promise$DefaultPromise.complete(Promise.scala:187)
[2026-03-06T08:02:40.747+0000] {subprocess.py:106} INFO - 	at scala.concurrent.Promise.success(Promise.scala:86)
[2026-03-06T08:02:40.749+0000] {subprocess.py:106} INFO - 	at scala.concurrent.Promise.success$(Promise.scala:86)
[2026-03-06T08:02:40.750+0000] {subprocess.py:106} INFO - 	at scala.concurrent.impl.Promise$DefaultPromise.success(Promise.scala:187)
[2026-03-06T08:02:40.751+0000] {subprocess.py:106} INFO - 	at org.apache.spark.rpc.netty.LocalNettyRpcCallContext.send(NettyRpcCallContext.scala:50)
[2026-03-06T08:02:40.752+0000] {subprocess.py:106} INFO - 	at org.apache.spark.rpc.netty.NettyRpcCallContext.reply(NettyRpcCallContext.scala:32)
[2026-03-06T08:02:40.754+0000] {subprocess.py:106} INFO - 	at org.apache.spark.rpc.netty.RpcEndpointVerifier$$anonfun$receiveAndReply$1.applyOrElse(RpcEndpointVerifier.scala:31)
[2026-03-06T08:02:40.759+0000] {subprocess.py:106} INFO - 	... 8 more
[2026-03-06T08:02:40.760+0000] {subprocess.py:106} INFO - 26/03/06 08:02:39 WARN Executor: Issue communicating with driver in heartbeater
[2026-03-06T08:02:40.761+0000] {subprocess.py:106} INFO - org.apache.spark.SparkException: Exception thrown in awaitResult:
[2026-03-06T08:02:40.762+0000] {subprocess.py:106} INFO - 	at org.apache.spark.util.SparkThreadUtils$.awaitResult(SparkThreadUtils.scala:56)
[2026-03-06T08:02:40.763+0000] {subprocess.py:106} INFO - 	at org.apache.spark.util.ThreadUtils$.awaitResult(ThreadUtils.scala:310)
[2026-03-06T08:02:40.764+0000] {subprocess.py:106} INFO - 	at org.apache.spark.rpc.RpcTimeout.awaitResult(RpcTimeout.scala:75)
[2026-03-06T08:02:40.765+0000] {subprocess.py:106} INFO - 	at org.apache.spark.rpc.RpcEndpointRef.askSync(RpcEndpointRef.scala:101)
[2026-03-06T08:02:40.766+0000] {subprocess.py:106} INFO - 	at org.apache.spark.rpc.RpcEndpointRef.askSync(RpcEndpointRef.scala:85)
[2026-03-06T08:02:40.767+0000] {subprocess.py:106} INFO - 	at org.apache.spark.storage.BlockManagerMaster.registerBlockManager(BlockManagerMaster.scala:80)
[2026-03-06T08:02:40.769+0000] {subprocess.py:106} INFO - 	at org.apache.spark.storage.BlockManager.reregister(BlockManager.scala:642)
[2026-03-06T08:02:40.770+0000] {subprocess.py:106} INFO - 	at org.apache.spark.executor.Executor.reportHeartBeat(Executor.scala:1223)
[2026-03-06T08:02:40.773+0000] {subprocess.py:106} INFO - 	at org.apache.spark.executor.Executor.$anonfun$heartbeater$1(Executor.scala:295)
[2026-03-06T08:02:40.774+0000] {subprocess.py:106} INFO - 	at scala.runtime.java8.JFunction0$mcV$sp.apply(JFunction0$mcV$sp.java:23)
[2026-03-06T08:02:40.774+0000] {subprocess.py:106} INFO - 	at org.apache.spark.util.Utils$.logUncaughtExceptions(Utils.scala:1928)
[2026-03-06T08:02:40.775+0000] {subprocess.py:106} INFO - 	at org.apache.spark.Heartbeater$$anon$1.run(Heartbeater.scala:46)
[2026-03-06T08:02:40.777+0000] {subprocess.py:106} INFO - 	at java.base/java.util.concurrent.Executors$RunnableAdapter.call(Executors.java:539)
[2026-03-06T08:02:40.778+0000] {subprocess.py:106} INFO - 	at java.base/java.util.concurrent.FutureTask.runAndReset(FutureTask.java:305)
[2026-03-06T08:02:40.779+0000] {subprocess.py:106} INFO - 	at java.base/java.util.concurrent.ScheduledThreadPoolExecutor$ScheduledFutureTask.run(ScheduledThreadPoolExecutor.java:305)
[2026-03-06T08:02:40.781+0000] {subprocess.py:106} INFO - 	at java.base/java.util.concurrent.ThreadPoolExecutor.runWorker(ThreadPoolExecutor.java:1136)
[2026-03-06T08:02:40.782+0000] {subprocess.py:106} INFO - 	at java.base/java.util.concurrent.ThreadPoolExecutor$Worker.run(ThreadPoolExecutor.java:635)
[2026-03-06T08:02:40.783+0000] {subprocess.py:106} INFO - 	at java.base/java.lang.Thread.run(Thread.java:840)
[2026-03-06T08:02:40.784+0000] {subprocess.py:106} INFO - Caused by: org.apache.spark.SparkException: Exception thrown in awaitResult:
[2026-03-06T08:02:40.786+0000] {subprocess.py:106} INFO - 	at org.apache.spark.util.SparkThreadUtils$.awaitResult(SparkThreadUtils.scala:56)
[2026-03-06T08:02:40.786+0000] {subprocess.py:106} INFO - 	at org.apache.spark.util.ThreadUtils$.awaitResult(ThreadUtils.scala:310)
[2026-03-06T08:02:40.787+0000] {subprocess.py:106} INFO - 	at org.apache.spark.rpc.RpcTimeout.awaitResult(RpcTimeout.scala:75)
[2026-03-06T08:02:40.788+0000] {subprocess.py:106} INFO - 	at org.apache.spark.rpc.RpcEnv.setupEndpointRefByURI(RpcEnv.scala:102)
[2026-03-06T08:02:40.789+0000] {subprocess.py:106} INFO - 	at org.apache.spark.rpc.RpcEnv.setupEndpointRef(RpcEnv.scala:110)
[2026-03-06T08:02:40.790+0000] {subprocess.py:106} INFO - 	at org.apache.spark.util.RpcUtils$.makeDriverRef(RpcUtils.scala:36)
[2026-03-06T08:02:40.791+0000] {subprocess.py:106} INFO - 	at org.apache.spark.storage.BlockManagerMasterEndpoint.driverEndpoint$lzycompute(BlockManagerMasterEndpoint.scala:124)
[2026-03-06T08:02:40.792+0000] {subprocess.py:106} INFO - 	at org.apache.spark.storage.BlockManagerMasterEndpoint.org$apache$spark$storage$BlockManagerMasterEndpoint$$driverEndpoint(BlockManagerMasterEndpoint.scala:123)
[2026-03-06T08:02:40.793+0000] {subprocess.py:106} INFO - 	at org.apache.spark.storage.BlockManagerMasterEndpoint.isExecutorAlive$lzycompute$1(BlockManagerMasterEndpoint.scala:688)
[2026-03-06T08:02:40.794+0000] {subprocess.py:106} INFO - 	at org.apache.spark.storage.BlockManagerMasterEndpoint.isExecutorAlive$1(BlockManagerMasterEndpoint.scala:687)
[2026-03-06T08:02:40.795+0000] {subprocess.py:106} INFO - 	at org.apache.spark.storage.BlockManagerMasterEndpoint.org$apache$spark$storage$BlockManagerMasterEndpoint$$register(BlockManagerMasterEndpoint.scala:725)
[2026-03-06T08:02:40.796+0000] {subprocess.py:106} INFO - 	at org.apache.spark.storage.BlockManagerMasterEndpoint$$anonfun$receiveAndReply$1.applyOrElse(BlockManagerMasterEndpoint.scala:133)
[2026-03-06T08:02:40.797+0000] {subprocess.py:106} INFO - 	at org.apache.spark.rpc.netty.Inbox.$anonfun$process$1(Inbox.scala:103)
[2026-03-06T08:02:40.799+0000] {subprocess.py:106} INFO - 	at org.apache.spark.rpc.netty.Inbox.safelyCall(Inbox.scala:213)
[2026-03-06T08:02:40.800+0000] {subprocess.py:106} INFO - 	at org.apache.spark.rpc.netty.Inbox.process(Inbox.scala:100)
[2026-03-06T08:02:40.807+0000] {subprocess.py:106} INFO - 	at org.apache.spark.rpc.netty.MessageLoop.org$apache$spark$rpc$netty$MessageLoop$$receiveLoop(MessageLoop.scala:75)
[2026-03-06T08:02:40.809+0000] {subprocess.py:106} INFO - 	at org.apache.spark.rpc.netty.MessageLoop$$anon$1.run(MessageLoop.scala:41)
[2026-03-06T08:02:40.812+0000] {subprocess.py:106} INFO - 	... 3 more
[2026-03-06T08:02:40.813+0000] {subprocess.py:106} INFO - Caused by: org.apache.spark.rpc.RpcEndpointNotFoundException: Cannot find endpoint: spark://CoarseGrainedScheduler@eb669c802a68:36887
[2026-03-06T08:02:40.815+0000] {subprocess.py:106} INFO - 	at org.apache.spark.rpc.netty.NettyRpcEnv.$anonfun$asyncSetupEndpointRefByURI$1(NettyRpcEnv.scala:148)
[2026-03-06T08:02:40.816+0000] {subprocess.py:106} INFO - 	at org.apache.spark.rpc.netty.NettyRpcEnv.$anonfun$asyncSetupEndpointRefByURI$1$adapted(NettyRpcEnv.scala:144)
[2026-03-06T08:02:40.817+0000] {subprocess.py:106} INFO - 	at scala.concurrent.Future.$anonfun$flatMap$1(Future.scala:307)
[2026-03-06T08:02:40.819+0000] {subprocess.py:106} INFO - 	at scala.concurrent.impl.Promise.$anonfun$transformWith$1(Promise.scala:41)
[2026-03-06T08:02:40.821+0000] {subprocess.py:106} INFO - 	at scala.concurrent.impl.CallbackRunnable.run(Promise.scala:64)
[2026-03-06T08:02:40.824+0000] {subprocess.py:106} INFO - 	at org.apache.spark.util.ThreadUtils$$anon$1.execute(ThreadUtils.scala:99)
[2026-03-06T08:02:40.826+0000] {subprocess.py:106} INFO - 	at scala.concurrent.impl.ExecutionContextImpl$$anon$4.execute(ExecutionContextImpl.scala:138)
[2026-03-06T08:02:40.827+0000] {subprocess.py:106} INFO - 	at scala.concurrent.impl.CallbackRunnable.executeWithValue(Promise.scala:72)
[2026-03-06T08:02:40.830+0000] {subprocess.py:106} INFO - 	at scala.concurrent.impl.Promise$DefaultPromise.$anonfun$tryComplete$1(Promise.scala:288)
[2026-03-06T08:02:40.831+0000] {subprocess.py:106} INFO - 	at scala.concurrent.impl.Promise$DefaultPromise.$anonfun$tryComplete$1$adapted(Promise.scala:288)
[2026-03-06T08:02:40.833+0000] {subprocess.py:106} INFO - 	at scala.concurrent.impl.Promise$DefaultPromise.tryComplete(Promise.scala:288)
[2026-03-06T08:02:40.835+0000] {subprocess.py:106} INFO - 	at scala.concurrent.Promise.complete(Promise.scala:53)
[2026-03-06T08:02:40.836+0000] {subprocess.py:106} INFO - 	at scala.concurrent.Promise.complete$(Promise.scala:52)
[2026-03-06T08:02:40.837+0000] {subprocess.py:106} INFO - 	at scala.concurrent.impl.Promise$DefaultPromise.complete(Promise.scala:187)
[2026-03-06T08:02:40.837+0000] {subprocess.py:106} INFO - 	at scala.concurrent.impl.Promise.$anonfun$transform$1(Promise.scala:33)
[2026-03-06T08:02:40.838+0000] {subprocess.py:106} INFO - 	at scala.concurrent.impl.CallbackRunnable.run(Promise.scala:64)
[2026-03-06T08:02:40.839+0000] {subprocess.py:106} INFO - 	at org.apache.spark.util.ThreadUtils$$anon$1.execute(ThreadUtils.scala:99)
[2026-03-06T08:02:40.840+0000] {subprocess.py:106} INFO - 	at scala.concurrent.impl.ExecutionContextImpl$$anon$4.execute(ExecutionContextImpl.scala:138)
[2026-03-06T08:02:40.841+0000] {subprocess.py:106} INFO - 	at scala.concurrent.impl.CallbackRunnable.executeWithValue(Promise.scala:72)
[2026-03-06T08:02:40.841+0000] {subprocess.py:106} INFO - 	at scala.concurrent.impl.Promise$DefaultPromise.$anonfun$tryComplete$1(Promise.scala:288)
[2026-03-06T08:02:40.842+0000] {subprocess.py:106} INFO - 	at scala.concurrent.impl.Promise$DefaultPromise.$anonfun$tryComplete$1$adapted(Promise.scala:288)
[2026-03-06T08:02:40.843+0000] {subprocess.py:106} INFO - 	at scala.concurrent.impl.Promise$DefaultPromise.tryComplete(Promise.scala:288)
[2026-03-06T08:02:40.845+0000] {subprocess.py:106} INFO - 	at scala.concurrent.Promise.complete(Promise.scala:53)
[2026-03-06T08:02:40.846+0000] {subprocess.py:106} INFO - 	at scala.concurrent.Promise.complete$(Promise.scala:52)
[2026-03-06T08:02:40.847+0000] {subprocess.py:106} INFO - 	at scala.concurrent.impl.Promise$DefaultPromise.complete(Promise.scala:187)
[2026-03-06T08:02:40.848+0000] {subprocess.py:106} INFO - 	at scala.concurrent.impl.Promise.$anonfun$transform$1(Promise.scala:33)
[2026-03-06T08:02:40.849+0000] {subprocess.py:106} INFO - 	at scala.concurrent.impl.CallbackRunnable.run(Promise.scala:64)
[2026-03-06T08:02:40.850+0000] {subprocess.py:106} INFO - 	at scala.concurrent.BatchingExecutor$Batch.processBatch$1(BatchingExecutor.scala:67)
[2026-03-06T08:02:40.851+0000] {subprocess.py:106} INFO - 	at scala.concurrent.BatchingExecutor$Batch.$anonfun$run$1(BatchingExecutor.scala:82)
[2026-03-06T08:02:40.852+0000] {subprocess.py:106} INFO - 	at scala.runtime.java8.JFunction0$mcV$sp.apply(JFunction0$mcV$sp.java:23)
[2026-03-06T08:02:40.853+0000] {subprocess.py:106} INFO - 	at scala.concurrent.BlockContext$.withBlockContext(BlockContext.scala:85)
[2026-03-06T08:02:40.854+0000] {subprocess.py:106} INFO - 	at scala.concurrent.BatchingExecutor$Batch.run(BatchingExecutor.scala:59)
[2026-03-06T08:02:40.855+0000] {subprocess.py:106} INFO - 	at scala.concurrent.Future$InternalCallbackExecutor$.unbatchedExecute(Future.scala:875)
[2026-03-06T08:02:40.856+0000] {subprocess.py:106} INFO - 	at scala.concurrent.BatchingExecutor.execute(BatchingExecutor.scala:110)
[2026-03-06T08:02:40.857+0000] {subprocess.py:106} INFO - 	at scala.concurrent.BatchingExecutor.execute$(BatchingExecutor.scala:107)
[2026-03-06T08:02:40.858+0000] {subprocess.py:106} INFO - 	at scala.concurrent.Future$InternalCallbackExecutor$.execute(Future.scala:873)
[2026-03-06T08:02:40.858+0000] {subprocess.py:106} INFO - 	at scala.concurrent.impl.CallbackRunnable.executeWithValue(Promise.scala:72)
[2026-03-06T08:02:40.859+0000] {subprocess.py:106} INFO - 	at scala.concurrent.impl.Promise$DefaultPromise.$anonfun$tryComplete$1(Promise.scala:288)
[2026-03-06T08:02:40.861+0000] {subprocess.py:106} INFO - 	at scala.concurrent.impl.Promise$DefaultPromise.$anonfun$tryComplete$1$adapted(Promise.scala:288)
[2026-03-06T08:02:40.862+0000] {subprocess.py:106} INFO - 	at scala.concurrent.impl.Promise$DefaultPromise.tryComplete(Promise.scala:288)
[2026-03-06T08:02:40.863+0000] {subprocess.py:106} INFO - 	at scala.concurrent.Promise.trySuccess(Promise.scala:94)
[2026-03-06T08:02:40.864+0000] {subprocess.py:106} INFO - 	at scala.concurrent.Promise.trySuccess$(Promise.scala:94)
[2026-03-06T08:02:40.866+0000] {subprocess.py:106} INFO - 	at scala.concurrent.impl.Promise$DefaultPromise.trySuccess(Promise.scala:187)
[2026-03-06T08:02:40.868+0000] {subprocess.py:106} INFO - 	at org.apache.spark.rpc.netty.NettyRpcEnv.onSuccess$1(NettyRpcEnv.scala:225)
[2026-03-06T08:02:40.870+0000] {subprocess.py:106} INFO - 	at org.apache.spark.rpc.netty.NettyRpcEnv.$anonfun$askAbortable$5(NettyRpcEnv.scala:239)
[2026-03-06T08:02:40.874+0000] {subprocess.py:106} INFO - 	at org.apache.spark.rpc.netty.NettyRpcEnv.$anonfun$askAbortable$5$adapted(NettyRpcEnv.scala:238)
[2026-03-06T08:02:40.876+0000] {subprocess.py:106} INFO - 	at scala.concurrent.impl.CallbackRunnable.run(Promise.scala:64)
[2026-03-06T08:02:40.879+0000] {subprocess.py:106} INFO - 	at org.apache.spark.util.ThreadUtils$$anon$1.execute(ThreadUtils.scala:99)
[2026-03-06T08:02:40.880+0000] {subprocess.py:106} INFO - 	at scala.concurrent.impl.ExecutionContextImpl$$anon$4.execute(ExecutionContextImpl.scala:138)
[2026-03-06T08:02:40.881+0000] {subprocess.py:106} INFO - 	at scala.concurrent.impl.CallbackRunnable.executeWithValue(Promise.scala:72)
[2026-03-06T08:02:40.882+0000] {subprocess.py:106} INFO - 	at scala.concurrent.impl.Promise$DefaultPromise.$anonfun$tryComplete$1(Promise.scala:288)
[2026-03-06T08:02:40.885+0000] {subprocess.py:106} INFO - 	at scala.concurrent.impl.Promise$DefaultPromise.$anonfun$tryComplete$1$adapted(Promise.scala:288)
[2026-03-06T08:02:40.888+0000] {subprocess.py:106} INFO - 	at scala.concurrent.impl.Promise$DefaultPromise.tryComplete(Promise.scala:288)
[2026-03-06T08:02:40.892+0000] {subprocess.py:106} INFO - 	at scala.concurrent.Promise.complete(Promise.scala:53)
[2026-03-06T08:02:40.898+0000] {subprocess.py:106} INFO - 	at scala.concurrent.Promise.complete$(Promise.scala:52)
[2026-03-06T08:02:40.906+0000] {subprocess.py:106} INFO - 	at scala.concurrent.impl.Promise$DefaultPromise.complete(Promise.scala:187)
[2026-03-06T08:02:40.909+0000] {subprocess.py:106} INFO - 	at scala.concurrent.Promise.success(Promise.scala:86)
[2026-03-06T08:02:40.910+0000] {subprocess.py:106} INFO - 	at scala.concurrent.Promise.success$(Promise.scala:86)
[2026-03-06T08:02:40.911+0000] {subprocess.py:106} INFO - 	at scala.concurrent.impl.Promise$DefaultPromise.success(Promise.scala:187)
[2026-03-06T08:02:40.912+0000] {subprocess.py:106} INFO - 	at org.apache.spark.rpc.netty.LocalNettyRpcCallContext.send(NettyRpcCallContext.scala:50)
[2026-03-06T08:02:40.916+0000] {subprocess.py:106} INFO - 	at org.apache.spark.rpc.netty.NettyRpcCallContext.reply(NettyRpcCallContext.scala:32)
[2026-03-06T08:02:40.919+0000] {subprocess.py:106} INFO - 	at org.apache.spark.rpc.netty.RpcEndpointVerifier$$anonfun$receiveAndReply$1.applyOrElse(RpcEndpointVerifier.scala:31)
[2026-03-06T08:02:40.922+0000] {subprocess.py:106} INFO - 	... 8 more
[2026-03-06T08:02:40.924+0000] {subprocess.py:106} INFO - 26/03/06 08:02:39 ERROR Inbox: Ignoring error
[2026-03-06T08:02:40.926+0000] {subprocess.py:106} INFO - org.apache.spark.SparkException: Exception thrown in awaitResult:
[2026-03-06T08:02:40.930+0000] {subprocess.py:106} INFO - 	at org.apache.spark.util.SparkThreadUtils$.awaitResult(SparkThreadUtils.scala:56)
[2026-03-06T08:02:40.932+0000] {subprocess.py:106} INFO - 	at org.apache.spark.util.ThreadUtils$.awaitResult(ThreadUtils.scala:310)
[2026-03-06T08:02:40.935+0000] {subprocess.py:106} INFO - 	at org.apache.spark.rpc.RpcTimeout.awaitResult(RpcTimeout.scala:75)
[2026-03-06T08:02:40.940+0000] {subprocess.py:106} INFO - 	at org.apache.spark.rpc.RpcEnv.setupEndpointRefByURI(RpcEnv.scala:102)
[2026-03-06T08:02:40.942+0000] {subprocess.py:106} INFO - 	at org.apache.spark.rpc.RpcEnv.setupEndpointRef(RpcEnv.scala:110)
[2026-03-06T08:02:40.943+0000] {subprocess.py:106} INFO - 	at org.apache.spark.util.RpcUtils$.makeDriverRef(RpcUtils.scala:36)
[2026-03-06T08:02:40.944+0000] {subprocess.py:106} INFO - 	at org.apache.spark.storage.BlockManagerMasterEndpoint.driverEndpoint$lzycompute(BlockManagerMasterEndpoint.scala:124)
[2026-03-06T08:02:40.945+0000] {subprocess.py:106} INFO - 	at org.apache.spark.storage.BlockManagerMasterEndpoint.org$apache$spark$storage$BlockManagerMasterEndpoint$$driverEndpoint(BlockManagerMasterEndpoint.scala:123)
[2026-03-06T08:02:40.946+0000] {subprocess.py:106} INFO - 	at org.apache.spark.storage.BlockManagerMasterEndpoint.isExecutorAlive$lzycompute$1(BlockManagerMasterEndpoint.scala:688)
[2026-03-06T08:02:40.947+0000] {subprocess.py:106} INFO - 	at org.apache.spark.storage.BlockManagerMasterEndpoint.isExecutorAlive$1(BlockManagerMasterEndpoint.scala:687)
[2026-03-06T08:02:40.948+0000] {subprocess.py:106} INFO - 	at org.apache.spark.storage.BlockManagerMasterEndpoint.org$apache$spark$storage$BlockManagerMasterEndpoint$$register(BlockManagerMasterEndpoint.scala:725)
[2026-03-06T08:02:40.949+0000] {subprocess.py:106} INFO - 	at org.apache.spark.storage.BlockManagerMasterEndpoint$$anonfun$receiveAndReply$1.applyOrElse(BlockManagerMasterEndpoint.scala:133)
[2026-03-06T08:02:40.950+0000] {subprocess.py:106} INFO - 	at org.apache.spark.rpc.netty.Inbox.$anonfun$process$1(Inbox.scala:103)
[2026-03-06T08:02:40.951+0000] {subprocess.py:106} INFO - 	at org.apache.spark.rpc.netty.Inbox.safelyCall(Inbox.scala:213)
[2026-03-06T08:02:40.952+0000] {subprocess.py:106} INFO - 	at org.apache.spark.rpc.netty.Inbox.process(Inbox.scala:100)
[2026-03-06T08:02:40.953+0000] {subprocess.py:106} INFO - 	at org.apache.spark.rpc.netty.MessageLoop.org$apache$spark$rpc$netty$MessageLoop$$receiveLoop(MessageLoop.scala:75)
[2026-03-06T08:02:40.954+0000] {subprocess.py:106} INFO - 	at org.apache.spark.rpc.netty.MessageLoop$$anon$1.run(MessageLoop.scala:41)
[2026-03-06T08:02:40.963+0000] {subprocess.py:106} INFO - 	at java.base/java.util.concurrent.ThreadPoolExecutor.runWorker(ThreadPoolExecutor.java:1136)
[2026-03-06T08:02:40.968+0000] {subprocess.py:106} INFO - 	at java.base/java.util.concurrent.ThreadPoolExecutor$Worker.run(ThreadPoolExecutor.java:635)
[2026-03-06T08:02:40.969+0000] {subprocess.py:106} INFO - 	at java.base/java.lang.Thread.run(Thread.java:840)
[2026-03-06T08:02:40.971+0000] {subprocess.py:106} INFO - Caused by: org.apache.spark.rpc.RpcEndpointNotFoundException: Cannot find endpoint: spark://CoarseGrainedScheduler@eb669c802a68:36887
[2026-03-06T08:02:40.978+0000] {subprocess.py:106} INFO - 	at org.apache.spark.rpc.netty.NettyRpcEnv.$anonfun$asyncSetupEndpointRefByURI$1(NettyRpcEnv.scala:148)
[2026-03-06T08:02:40.979+0000] {subprocess.py:106} INFO - 	at org.apache.spark.rpc.netty.NettyRpcEnv.$anonfun$asyncSetupEndpointRefByURI$1$adapted(NettyRpcEnv.scala:144)
[2026-03-06T08:02:40.987+0000] {subprocess.py:106} INFO - 	at scala.concurrent.Future.$anonfun$flatMap$1(Future.scala:307)
[2026-03-06T08:02:40.988+0000] {subprocess.py:106} INFO - 	at scala.concurrent.impl.Promise.$anonfun$transformWith$1(Promise.scala:41)
[2026-03-06T08:02:40.989+0000] {subprocess.py:106} INFO - 	at scala.concurrent.impl.CallbackRunnable.run(Promise.scala:64)
[2026-03-06T08:02:40.990+0000] {subprocess.py:106} INFO - 	at org.apache.spark.util.ThreadUtils$$anon$1.execute(ThreadUtils.scala:99)
[2026-03-06T08:02:40.991+0000] {subprocess.py:106} INFO - 	at scala.concurrent.impl.ExecutionContextImpl$$anon$4.execute(ExecutionContextImpl.scala:138)
[2026-03-06T08:02:40.992+0000] {subprocess.py:106} INFO - 	at scala.concurrent.impl.CallbackRunnable.executeWithValue(Promise.scala:72)
[2026-03-06T08:02:40.993+0000] {subprocess.py:106} INFO - 	at scala.concurrent.impl.Promise$DefaultPromise.$anonfun$tryComplete$1(Promise.scala:288)
[2026-03-06T08:02:40.995+0000] {subprocess.py:106} INFO - 	at scala.concurrent.impl.Promise$DefaultPromise.$anonfun$tryComplete$1$adapted(Promise.scala:288)
[2026-03-06T08:02:40.997+0000] {subprocess.py:106} INFO - 	at scala.concurrent.impl.Promise$DefaultPromise.tryComplete(Promise.scala:288)
[2026-03-06T08:02:40.998+0000] {subprocess.py:106} INFO - 	at scala.concurrent.Promise.complete(Promise.scala:53)
[2026-03-06T08:02:40.999+0000] {subprocess.py:106} INFO - 	at scala.concurrent.Promise.complete$(Promise.scala:52)
[2026-03-06T08:02:41.001+0000] {subprocess.py:106} INFO - 	at scala.concurrent.impl.Promise$DefaultPromise.complete(Promise.scala:187)
[2026-03-06T08:02:41.002+0000] {subprocess.py:106} INFO - 	at scala.concurrent.impl.Promise.$anonfun$transform$1(Promise.scala:33)
[2026-03-06T08:02:41.004+0000] {subprocess.py:106} INFO - 	at scala.concurrent.impl.CallbackRunnable.run(Promise.scala:64)
[2026-03-06T08:02:41.005+0000] {subprocess.py:106} INFO - 	at org.apache.spark.util.ThreadUtils$$anon$1.execute(ThreadUtils.scala:99)
[2026-03-06T08:02:41.006+0000] {subprocess.py:106} INFO - 	at scala.concurrent.impl.ExecutionContextImpl$$anon$4.execute(ExecutionContextImpl.scala:138)
[2026-03-06T08:02:41.006+0000] {subprocess.py:106} INFO - 	at scala.concurrent.impl.CallbackRunnable.executeWithValue(Promise.scala:72)
[2026-03-06T08:02:41.007+0000] {subprocess.py:106} INFO - 	at scala.concurrent.impl.Promise$DefaultPromise.$anonfun$tryComplete$1(Promise.scala:288)
[2026-03-06T08:02:41.008+0000] {subprocess.py:106} INFO - 	at scala.concurrent.impl.Promise$DefaultPromise.$anonfun$tryComplete$1$adapted(Promise.scala:288)
[2026-03-06T08:02:41.009+0000] {subprocess.py:106} INFO - 	at scala.concurrent.impl.Promise$DefaultPromise.tryComplete(Promise.scala:288)
[2026-03-06T08:02:41.010+0000] {subprocess.py:106} INFO - 	at scala.concurrent.Promise.complete(Promise.scala:53)
[2026-03-06T08:02:41.011+0000] {subprocess.py:106} INFO - 	at scala.concurrent.Promise.complete$(Promise.scala:52)
[2026-03-06T08:02:41.012+0000] {subprocess.py:106} INFO - 	at scala.concurrent.impl.Promise$DefaultPromise.complete(Promise.scala:187)
[2026-03-06T08:02:41.013+0000] {subprocess.py:106} INFO - 	at scala.concurrent.impl.Promise.$anonfun$transform$1(Promise.scala:33)
[2026-03-06T08:02:41.013+0000] {subprocess.py:106} INFO - 	at scala.concurrent.impl.CallbackRunnable.run(Promise.scala:64)
[2026-03-06T08:02:41.014+0000] {subprocess.py:106} INFO - 	at scala.concurrent.BatchingExecutor$Batch.processBatch$1(BatchingExecutor.scala:67)
[2026-03-06T08:02:41.015+0000] {subprocess.py:106} INFO - 	at scala.concurrent.BatchingExecutor$Batch.$anonfun$run$1(BatchingExecutor.scala:82)
[2026-03-06T08:02:41.016+0000] {subprocess.py:106} INFO - 	at scala.runtime.java8.JFunction0$mcV$sp.apply(JFunction0$mcV$sp.java:23)
[2026-03-06T08:02:41.017+0000] {subprocess.py:106} INFO - 	at scala.concurrent.BlockContext$.withBlockContext(BlockContext.scala:85)
[2026-03-06T08:02:41.018+0000] {subprocess.py:106} INFO - 	at scala.concurrent.BatchingExecutor$Batch.run(BatchingExecutor.scala:59)
[2026-03-06T08:02:41.019+0000] {subprocess.py:106} INFO - 	at scala.concurrent.Future$InternalCallbackExecutor$.unbatchedExecute(Future.scala:875)
[2026-03-06T08:02:41.021+0000] {subprocess.py:106} INFO - 	at scala.concurrent.BatchingExecutor.execute(BatchingExecutor.scala:110)
[2026-03-06T08:02:41.021+0000] {subprocess.py:106} INFO - 	at scala.concurrent.BatchingExecutor.execute$(BatchingExecutor.scala:107)
[2026-03-06T08:02:41.022+0000] {subprocess.py:106} INFO - 	at scala.concurrent.Future$InternalCallbackExecutor$.execute(Future.scala:873)
[2026-03-06T08:02:41.023+0000] {subprocess.py:106} INFO - 	at scala.concurrent.impl.CallbackRunnable.executeWithValue(Promise.scala:72)
[2026-03-06T08:02:41.024+0000] {subprocess.py:106} INFO - 	at scala.concurrent.impl.Promise$DefaultPromise.$anonfun$tryComplete$1(Promise.scala:288)
[2026-03-06T08:02:41.024+0000] {subprocess.py:106} INFO - 	at scala.concurrent.impl.Promise$DefaultPromise.$anonfun$tryComplete$1$adapted(Promise.scala:288)
[2026-03-06T08:02:41.025+0000] {subprocess.py:106} INFO - 	at scala.concurrent.impl.Promise$DefaultPromise.tryComplete(Promise.scala:288)
[2026-03-06T08:02:41.026+0000] {subprocess.py:106} INFO - 	at scala.concurrent.Promise.trySuccess(Promise.scala:94)
[2026-03-06T08:02:41.028+0000] {subprocess.py:106} INFO - 	at scala.concurrent.Promise.trySuccess$(Promise.scala:94)
[2026-03-06T08:02:41.029+0000] {subprocess.py:106} INFO - 	at scala.concurrent.impl.Promise$DefaultPromise.trySuccess(Promise.scala:187)
[2026-03-06T08:02:41.030+0000] {subprocess.py:106} INFO - 	at org.apache.spark.rpc.netty.NettyRpcEnv.onSuccess$1(NettyRpcEnv.scala:225)
[2026-03-06T08:02:41.031+0000] {subprocess.py:106} INFO - 	at org.apache.spark.rpc.netty.NettyRpcEnv.$anonfun$askAbortable$5(NettyRpcEnv.scala:239)
[2026-03-06T08:02:41.032+0000] {subprocess.py:106} INFO - 	at org.apache.spark.rpc.netty.NettyRpcEnv.$anonfun$askAbortable$5$adapted(NettyRpcEnv.scala:238)
[2026-03-06T08:02:41.032+0000] {subprocess.py:106} INFO - 	at scala.concurrent.impl.CallbackRunnable.run(Promise.scala:64)
[2026-03-06T08:02:41.033+0000] {subprocess.py:106} INFO - 	at org.apache.spark.util.ThreadUtils$$anon$1.execute(ThreadUtils.scala:99)
[2026-03-06T08:02:41.034+0000] {subprocess.py:106} INFO - 	at scala.concurrent.impl.ExecutionContextImpl$$anon$4.execute(ExecutionContextImpl.scala:138)
[2026-03-06T08:02:41.036+0000] {subprocess.py:106} INFO - 	at scala.concurrent.impl.CallbackRunnable.executeWithValue(Promise.scala:72)
[2026-03-06T08:02:41.037+0000] {subprocess.py:106} INFO - 	at scala.concurrent.impl.Promise$DefaultPromise.$anonfun$tryComplete$1(Promise.scala:288)
[2026-03-06T08:02:41.038+0000] {subprocess.py:106} INFO - 	at scala.concurrent.impl.Promise$DefaultPromise.$anonfun$tryComplete$1$adapted(Promise.scala:288)
[2026-03-06T08:02:41.041+0000] {subprocess.py:106} INFO - 	at scala.concurrent.impl.Promise$DefaultPromise.tryComplete(Promise.scala:288)
[2026-03-06T08:02:41.053+0000] {subprocess.py:106} INFO - 	at scala.concurrent.Promise.complete(Promise.scala:53)
[2026-03-06T08:02:41.061+0000] {subprocess.py:106} INFO - 	at scala.concurrent.Promise.complete$(Promise.scala:52)
[2026-03-06T08:02:41.062+0000] {subprocess.py:106} INFO - 	at scala.concurrent.impl.Promise$DefaultPromise.complete(Promise.scala:187)
[2026-03-06T08:02:41.063+0000] {subprocess.py:106} INFO - 	at scala.concurrent.Promise.success(Promise.scala:86)
[2026-03-06T08:02:41.065+0000] {subprocess.py:106} INFO - 	at scala.concurrent.Promise.success$(Promise.scala:86)
[2026-03-06T08:02:41.071+0000] {subprocess.py:106} INFO - 	at scala.concurrent.impl.Promise$DefaultPromise.success(Promise.scala:187)
[2026-03-06T08:02:41.073+0000] {subprocess.py:106} INFO - 	at org.apache.spark.rpc.netty.LocalNettyRpcCallContext.send(NettyRpcCallContext.scala:50)
[2026-03-06T08:02:41.080+0000] {subprocess.py:106} INFO - 	at org.apache.spark.rpc.netty.NettyRpcCallContext.reply(NettyRpcCallContext.scala:32)
[2026-03-06T08:02:41.084+0000] {subprocess.py:106} INFO - 	at org.apache.spark.rpc.netty.RpcEndpointVerifier$$anonfun$receiveAndReply$1.applyOrElse(RpcEndpointVerifier.scala:31)
[2026-03-06T08:02:41.086+0000] {subprocess.py:106} INFO - 	... 8 more
[2026-03-06T08:02:41.087+0000] {subprocess.py:106} INFO - 26/03/06 08:02:39 ERROR Inbox: Ignoring error
[2026-03-06T08:02:41.093+0000] {subprocess.py:106} INFO - org.apache.spark.SparkException: Exception thrown in awaitResult:
[2026-03-06T08:02:41.096+0000] {subprocess.py:106} INFO - 	at org.apache.spark.util.SparkThreadUtils$.awaitResult(SparkThreadUtils.scala:56)
[2026-03-06T08:02:41.102+0000] {subprocess.py:106} INFO - 	at org.apache.spark.util.ThreadUtils$.awaitResult(ThreadUtils.scala:310)
[2026-03-06T08:02:41.107+0000] {subprocess.py:106} INFO - 	at org.apache.spark.rpc.RpcTimeout.awaitResult(RpcTimeout.scala:75)
[2026-03-06T08:02:41.108+0000] {subprocess.py:106} INFO - 	at org.apache.spark.rpc.RpcEnv.setupEndpointRefByURI(RpcEnv.scala:102)
[2026-03-06T08:02:41.109+0000] {subprocess.py:106} INFO - 	at org.apache.spark.rpc.RpcEnv.setupEndpointRef(RpcEnv.scala:110)
[2026-03-06T08:02:41.110+0000] {subprocess.py:106} INFO - 	at org.apache.spark.util.RpcUtils$.makeDriverRef(RpcUtils.scala:36)
[2026-03-06T08:02:41.115+0000] {subprocess.py:106} INFO - 	at org.apache.spark.storage.BlockManagerMasterEndpoint.driverEndpoint$lzycompute(BlockManagerMasterEndpoint.scala:124)
[2026-03-06T08:02:41.116+0000] {subprocess.py:106} INFO - 	at org.apache.spark.storage.BlockManagerMasterEndpoint.org$apache$spark$storage$BlockManagerMasterEndpoint$$driverEndpoint(BlockManagerMasterEndpoint.scala:123)
[2026-03-06T08:02:41.120+0000] {subprocess.py:106} INFO - 	at org.apache.spark.storage.BlockManagerMasterEndpoint.isExecutorAlive$lzycompute$1(BlockManagerMasterEndpoint.scala:688)
[2026-03-06T08:02:41.127+0000] {subprocess.py:106} INFO - 	at org.apache.spark.storage.BlockManagerMasterEndpoint.isExecutorAlive$1(BlockManagerMasterEndpoint.scala:687)
[2026-03-06T08:02:41.128+0000] {subprocess.py:106} INFO - 	at org.apache.spark.storage.BlockManagerMasterEndpoint.org$apache$spark$storage$BlockManagerMasterEndpoint$$register(BlockManagerMasterEndpoint.scala:725)
[2026-03-06T08:02:41.129+0000] {subprocess.py:106} INFO - 	at org.apache.spark.storage.BlockManagerMasterEndpoint$$anonfun$receiveAndReply$1.applyOrElse(BlockManagerMasterEndpoint.scala:133)
[2026-03-06T08:02:41.136+0000] {subprocess.py:106} INFO - 	at org.apache.spark.rpc.netty.Inbox.$anonfun$process$1(Inbox.scala:103)
[2026-03-06T08:02:41.141+0000] {subprocess.py:106} INFO - 	at org.apache.spark.rpc.netty.Inbox.safelyCall(Inbox.scala:213)
[2026-03-06T08:02:41.142+0000] {subprocess.py:106} INFO - 	at org.apache.spark.rpc.netty.Inbox.process(Inbox.scala:100)
[2026-03-06T08:02:41.146+0000] {subprocess.py:106} INFO - 	at org.apache.spark.rpc.netty.MessageLoop.org$apache$spark$rpc$netty$MessageLoop$$receiveLoop(MessageLoop.scala:75)
[2026-03-06T08:02:41.147+0000] {subprocess.py:106} INFO - 	at org.apache.spark.rpc.netty.MessageLoop$$anon$1.run(MessageLoop.scala:41)
[2026-03-06T08:02:41.149+0000] {subprocess.py:106} INFO - 	at java.base/java.util.concurrent.ThreadPoolExecutor.runWorker(ThreadPoolExecutor.java:1136)
[2026-03-06T08:02:41.150+0000] {subprocess.py:106} INFO - 	at java.base/java.util.concurrent.ThreadPoolExecutor$Worker.run(ThreadPoolExecutor.java:635)
[2026-03-06T08:02:41.151+0000] {subprocess.py:106} INFO - 	at java.base/java.lang.Thread.run(Thread.java:840)
[2026-03-06T08:02:41.156+0000] {subprocess.py:106} INFO - Caused by: org.apache.spark.rpc.RpcEndpointNotFoundException: Cannot find endpoint: spark://CoarseGrainedScheduler@eb669c802a68:36887
[2026-03-06T08:02:41.166+0000] {subprocess.py:106} INFO - 	at org.apache.spark.rpc.netty.NettyRpcEnv.$anonfun$asyncSetupEndpointRefByURI$1(NettyRpcEnv.scala:148)
[2026-03-06T08:02:41.168+0000] {subprocess.py:106} INFO - 	at org.apache.spark.rpc.netty.NettyRpcEnv.$anonfun$asyncSetupEndpointRefByURI$1$adapted(NettyRpcEnv.scala:144)
[2026-03-06T08:02:41.170+0000] {subprocess.py:106} INFO - 	at scala.concurrent.Future.$anonfun$flatMap$1(Future.scala:307)
[2026-03-06T08:02:41.173+0000] {subprocess.py:106} INFO - 	at scala.concurrent.impl.Promise.$anonfun$transformWith$1(Promise.scala:41)
[2026-03-06T08:02:41.176+0000] {subprocess.py:106} INFO - 	at scala.concurrent.impl.CallbackRunnable.run(Promise.scala:64)
[2026-03-06T08:02:41.177+0000] {subprocess.py:106} INFO - 	at org.apache.spark.util.ThreadUtils$$anon$1.execute(ThreadUtils.scala:99)
[2026-03-06T08:02:41.179+0000] {subprocess.py:106} INFO - 	at scala.concurrent.impl.ExecutionContextImpl$$anon$4.execute(ExecutionContextImpl.scala:138)
[2026-03-06T08:02:41.180+0000] {subprocess.py:106} INFO - 	at scala.concurrent.impl.CallbackRunnable.executeWithValue(Promise.scala:72)
[2026-03-06T08:02:41.182+0000] {subprocess.py:106} INFO - 	at scala.concurrent.impl.Promise$DefaultPromise.$anonfun$tryComplete$1(Promise.scala:288)
[2026-03-06T08:02:41.183+0000] {subprocess.py:106} INFO - 	at scala.concurrent.impl.Promise$DefaultPromise.$anonfun$tryComplete$1$adapted(Promise.scala:288)
[2026-03-06T08:02:41.183+0000] {subprocess.py:106} INFO - 	at scala.concurrent.impl.Promise$DefaultPromise.tryComplete(Promise.scala:288)
[2026-03-06T08:02:41.184+0000] {subprocess.py:106} INFO - 	at scala.concurrent.Promise.complete(Promise.scala:53)
[2026-03-06T08:02:41.185+0000] {subprocess.py:106} INFO - 	at scala.concurrent.Promise.complete$(Promise.scala:52)
[2026-03-06T08:02:41.185+0000] {subprocess.py:106} INFO - 	at scala.concurrent.impl.Promise$DefaultPromise.complete(Promise.scala:187)
[2026-03-06T08:02:41.186+0000] {subprocess.py:106} INFO - 	at scala.concurrent.impl.Promise.$anonfun$transform$1(Promise.scala:33)
[2026-03-06T08:02:41.187+0000] {subprocess.py:106} INFO - 	at scala.concurrent.impl.CallbackRunnable.run(Promise.scala:64)
[2026-03-06T08:02:41.188+0000] {subprocess.py:106} INFO - 	at org.apache.spark.util.ThreadUtils$$anon$1.execute(ThreadUtils.scala:99)
[2026-03-06T08:02:41.188+0000] {subprocess.py:106} INFO - 	at scala.concurrent.impl.ExecutionContextImpl$$anon$4.execute(ExecutionContextImpl.scala:138)
[2026-03-06T08:02:41.199+0000] {subprocess.py:106} INFO - 	at scala.concurrent.impl.CallbackRunnable.executeWithValue(Promise.scala:72)
[2026-03-06T08:02:41.211+0000] {subprocess.py:106} INFO - 	at scala.concurrent.impl.Promise$DefaultPromise.$anonfun$tryComplete$1(Promise.scala:288)
[2026-03-06T08:02:41.212+0000] {subprocess.py:106} INFO - 	at scala.concurrent.impl.Promise$DefaultPromise.$anonfun$tryComplete$1$adapted(Promise.scala:288)
[2026-03-06T08:02:41.213+0000] {subprocess.py:106} INFO - 	at scala.concurrent.impl.Promise$DefaultPromise.tryComplete(Promise.scala:288)
[2026-03-06T08:02:41.214+0000] {subprocess.py:106} INFO - 	at scala.concurrent.Promise.complete(Promise.scala:53)
[2026-03-06T08:02:41.215+0000] {subprocess.py:106} INFO - 	at scala.concurrent.Promise.complete$(Promise.scala:52)
[2026-03-06T08:02:41.216+0000] {subprocess.py:106} INFO - 	at scala.concurrent.impl.Promise$DefaultPromise.complete(Promise.scala:187)
[2026-03-06T08:02:41.217+0000] {subprocess.py:106} INFO - 	at scala.concurrent.impl.Promise.$anonfun$transform$1(Promise.scala:33)
[2026-03-06T08:02:41.218+0000] {subprocess.py:106} INFO - 	at scala.concurrent.impl.CallbackRunnable.run(Promise.scala:64)
[2026-03-06T08:02:41.218+0000] {subprocess.py:106} INFO - 	at scala.concurrent.BatchingExecutor$Batch.processBatch$1(BatchingExecutor.scala:67)
[2026-03-06T08:02:41.219+0000] {subprocess.py:106} INFO - 	at scala.concurrent.BatchingExecutor$Batch.$anonfun$run$1(BatchingExecutor.scala:82)
[2026-03-06T08:02:41.220+0000] {subprocess.py:106} INFO - 	at scala.runtime.java8.JFunction0$mcV$sp.apply(JFunction0$mcV$sp.java:23)
[2026-03-06T08:02:41.221+0000] {subprocess.py:106} INFO - 	at scala.concurrent.BlockContext$.withBlockContext(BlockContext.scala:85)
[2026-03-06T08:02:41.223+0000] {subprocess.py:106} INFO - 	at scala.concurrent.BatchingExecutor$Batch.run(BatchingExecutor.scala:59)
[2026-03-06T08:02:41.225+0000] {subprocess.py:106} INFO - 	at scala.concurrent.Future$InternalCallbackExecutor$.unbatchedExecute(Future.scala:875)
[2026-03-06T08:02:41.225+0000] {subprocess.py:106} INFO - 	at scala.concurrent.BatchingExecutor.execute(BatchingExecutor.scala:110)
[2026-03-06T08:02:41.226+0000] {subprocess.py:106} INFO - 	at scala.concurrent.BatchingExecutor.execute$(BatchingExecutor.scala:107)
[2026-03-06T08:02:41.227+0000] {subprocess.py:106} INFO - 	at scala.concurrent.Future$InternalCallbackExecutor$.execute(Future.scala:873)
[2026-03-06T08:02:41.228+0000] {subprocess.py:106} INFO - 	at scala.concurrent.impl.CallbackRunnable.executeWithValue(Promise.scala:72)
[2026-03-06T08:02:41.228+0000] {subprocess.py:106} INFO - 	at scala.concurrent.impl.Promise$DefaultPromise.$anonfun$tryComplete$1(Promise.scala:288)
[2026-03-06T08:02:41.229+0000] {subprocess.py:106} INFO - 	at scala.concurrent.impl.Promise$DefaultPromise.$anonfun$tryComplete$1$adapted(Promise.scala:288)
[2026-03-06T08:02:41.230+0000] {subprocess.py:106} INFO - 	at scala.concurrent.impl.Promise$DefaultPromise.tryComplete(Promise.scala:288)
[2026-03-06T08:02:41.231+0000] {subprocess.py:106} INFO - 	at scala.concurrent.Promise.trySuccess(Promise.scala:94)
[2026-03-06T08:02:41.231+0000] {subprocess.py:106} INFO - 	at scala.concurrent.Promise.trySuccess$(Promise.scala:94)
[2026-03-06T08:02:41.232+0000] {subprocess.py:106} INFO - 	at scala.concurrent.impl.Promise$DefaultPromise.trySuccess(Promise.scala:187)
[2026-03-06T08:02:41.233+0000] {subprocess.py:106} INFO - 	at org.apache.spark.rpc.netty.NettyRpcEnv.onSuccess$1(NettyRpcEnv.scala:225)
[2026-03-06T08:02:41.233+0000] {subprocess.py:106} INFO - 	at org.apache.spark.rpc.netty.NettyRpcEnv.$anonfun$askAbortable$5(NettyRpcEnv.scala:239)
[2026-03-06T08:02:41.234+0000] {subprocess.py:106} INFO - 	at org.apache.spark.rpc.netty.NettyRpcEnv.$anonfun$askAbortable$5$adapted(NettyRpcEnv.scala:238)
[2026-03-06T08:02:41.235+0000] {subprocess.py:106} INFO - 	at scala.concurrent.impl.CallbackRunnable.run(Promise.scala:64)
[2026-03-06T08:02:41.235+0000] {subprocess.py:106} INFO - 	at org.apache.spark.util.ThreadUtils$$anon$1.execute(ThreadUtils.scala:99)
[2026-03-06T08:02:41.236+0000] {subprocess.py:106} INFO - 	at scala.concurrent.impl.ExecutionContextImpl$$anon$4.execute(ExecutionContextImpl.scala:138)
[2026-03-06T08:02:41.237+0000] {subprocess.py:106} INFO - 	at scala.concurrent.impl.CallbackRunnable.executeWithValue(Promise.scala:72)
[2026-03-06T08:02:41.238+0000] {subprocess.py:106} INFO - 	at scala.concurrent.impl.Promise$DefaultPromise.$anonfun$tryComplete$1(Promise.scala:288)
[2026-03-06T08:02:41.239+0000] {subprocess.py:106} INFO - 	at scala.concurrent.impl.Promise$DefaultPromise.$anonfun$tryComplete$1$adapted(Promise.scala:288)
[2026-03-06T08:02:41.243+0000] {subprocess.py:106} INFO - 	at scala.concurrent.impl.Promise$DefaultPromise.tryComplete(Promise.scala:288)
[2026-03-06T08:02:41.244+0000] {subprocess.py:106} INFO - 	at scala.concurrent.Promise.complete(Promise.scala:53)
[2026-03-06T08:02:41.245+0000] {subprocess.py:106} INFO - 	at scala.concurrent.Promise.complete$(Promise.scala:52)
[2026-03-06T08:02:41.246+0000] {subprocess.py:106} INFO - 	at scala.concurrent.impl.Promise$DefaultPromise.complete(Promise.scala:187)
[2026-03-06T08:02:41.248+0000] {subprocess.py:106} INFO - 	at scala.concurrent.Promise.success(Promise.scala:86)
[2026-03-06T08:02:41.249+0000] {subprocess.py:106} INFO - 	at scala.concurrent.Promise.success$(Promise.scala:86)
[2026-03-06T08:02:41.251+0000] {subprocess.py:106} INFO - 	at scala.concurrent.impl.Promise$DefaultPromise.success(Promise.scala:187)
[2026-03-06T08:02:41.252+0000] {subprocess.py:106} INFO - 	at org.apache.spark.rpc.netty.LocalNettyRpcCallContext.send(NettyRpcCallContext.scala:50)
[2026-03-06T08:02:41.254+0000] {subprocess.py:106} INFO - 	at org.apache.spark.rpc.netty.NettyRpcCallContext.reply(NettyRpcCallContext.scala:32)
[2026-03-06T08:02:41.255+0000] {subprocess.py:106} INFO - 	at org.apache.spark.rpc.netty.RpcEndpointVerifier$$anonfun$receiveAndReply$1.applyOrElse(RpcEndpointVerifier.scala:31)
[2026-03-06T08:02:41.256+0000] {subprocess.py:106} INFO - 	... 8 more
[2026-03-06T08:02:41.257+0000] {subprocess.py:106} INFO - 26/03/06 08:02:39 WARN Executor: Issue communicating with driver in heartbeater
[2026-03-06T08:02:41.257+0000] {subprocess.py:106} INFO - org.apache.spark.SparkException: Exception thrown in awaitResult:
[2026-03-06T08:02:41.258+0000] {subprocess.py:106} INFO - 	at org.apache.spark.util.SparkThreadUtils$.awaitResult(SparkThreadUtils.scala:56)
[2026-03-06T08:02:41.259+0000] {subprocess.py:106} INFO - 	at org.apache.spark.util.ThreadUtils$.awaitResult(ThreadUtils.scala:310)
[2026-03-06T08:02:41.261+0000] {subprocess.py:106} INFO - 	at org.apache.spark.rpc.RpcTimeout.awaitResult(RpcTimeout.scala:75)
[2026-03-06T08:02:41.262+0000] {subprocess.py:106} INFO - 	at org.apache.spark.rpc.RpcEndpointRef.askSync(RpcEndpointRef.scala:101)
[2026-03-06T08:02:41.263+0000] {subprocess.py:106} INFO - 	at org.apache.spark.rpc.RpcEndpointRef.askSync(RpcEndpointRef.scala:85)
[2026-03-06T08:02:41.249+0000] {subprocess.py:106} INFO - 	at org.apache.spark.storage.BlockManagerMaster.registerBlockManager(BlockManagerMaster.scala:80)
[2026-03-06T08:02:41.250+0000] {subprocess.py:106} INFO - 	at org.apache.spark.storage.BlockManager.reregister(BlockManager.scala:642)
[2026-03-06T08:02:41.251+0000] {subprocess.py:106} INFO - 	at org.apache.spark.executor.Executor.reportHeartBeat(Executor.scala:1223)
[2026-03-06T08:02:41.253+0000] {subprocess.py:106} INFO - 	at org.apache.spark.executor.Executor.$anonfun$heartbeater$1(Executor.scala:295)
[2026-03-06T08:02:41.254+0000] {subprocess.py:106} INFO - 	at scala.runtime.java8.JFunction0$mcV$sp.apply(JFunction0$mcV$sp.java:23)
[2026-03-06T08:02:41.256+0000] {subprocess.py:106} INFO - 	at org.apache.spark.util.Utils$.logUncaughtExceptions(Utils.scala:1928)
[2026-03-06T08:02:41.257+0000] {subprocess.py:106} INFO - 	at org.apache.spark.Heartbeater$$anon$1.run(Heartbeater.scala:46)
[2026-03-06T08:02:41.258+0000] {subprocess.py:106} INFO - 	at java.base/java.util.concurrent.Executors$RunnableAdapter.call(Executors.java:539)
[2026-03-06T08:02:41.259+0000] {subprocess.py:106} INFO - 	at java.base/java.util.concurrent.FutureTask.runAndReset(FutureTask.java:305)
[2026-03-06T08:02:41.261+0000] {subprocess.py:106} INFO - 	at java.base/java.util.concurrent.ScheduledThreadPoolExecutor$ScheduledFutureTask.run(ScheduledThreadPoolExecutor.java:305)
[2026-03-06T08:02:41.262+0000] {subprocess.py:106} INFO - 	at java.base/java.util.concurrent.ThreadPoolExecutor.runWorker(ThreadPoolExecutor.java:1136)
[2026-03-06T08:02:41.262+0000] {subprocess.py:106} INFO - 	at java.base/java.util.concurrent.ThreadPoolExecutor$Worker.run(ThreadPoolExecutor.java:635)
[2026-03-06T08:02:41.269+0000] {subprocess.py:106} INFO - 	at java.base/java.lang.Thread.run(Thread.java:840)
[2026-03-06T08:02:41.273+0000] {subprocess.py:106} INFO - Caused by: org.apache.spark.SparkException: Exception thrown in awaitResult:
[2026-03-06T08:02:41.274+0000] {subprocess.py:106} INFO - 	at org.apache.spark.util.SparkThreadUtils$.awaitResult(SparkThreadUtils.scala:56)
[2026-03-06T08:02:41.275+0000] {subprocess.py:106} INFO - 	at org.apache.spark.util.ThreadUtils$.awaitResult(ThreadUtils.scala:310)
[2026-03-06T08:02:41.277+0000] {subprocess.py:106} INFO - 	at org.apache.spark.rpc.RpcTimeout.awaitResult(RpcTimeout.scala:75)
[2026-03-06T08:02:41.278+0000] {subprocess.py:106} INFO - 	at org.apache.spark.rpc.RpcEnv.setupEndpointRefByURI(RpcEnv.scala:102)
[2026-03-06T08:02:41.279+0000] {subprocess.py:106} INFO - 	at org.apache.spark.rpc.RpcEnv.setupEndpointRef(RpcEnv.scala:110)
[2026-03-06T08:02:41.280+0000] {subprocess.py:106} INFO - 	at org.apache.spark.util.RpcUtils$.makeDriverRef(RpcUtils.scala:36)
[2026-03-06T08:02:41.281+0000] {subprocess.py:106} INFO - 	at org.apache.spark.storage.BlockManagerMasterEndpoint.driverEndpoint$lzycompute(BlockManagerMasterEndpoint.scala:124)
[2026-03-06T08:02:41.282+0000] {subprocess.py:106} INFO - 	at org.apache.spark.storage.BlockManagerMasterEndpoint.org$apache$spark$storage$BlockManagerMasterEndpoint$$driverEndpoint(BlockManagerMasterEndpoint.scala:123)
[2026-03-06T08:02:41.283+0000] {subprocess.py:106} INFO - 	at org.apache.spark.storage.BlockManagerMasterEndpoint.isExecutorAlive$lzycompute$1(BlockManagerMasterEndpoint.scala:688)
[2026-03-06T08:02:41.285+0000] {subprocess.py:106} INFO - 	at org.apache.spark.storage.BlockManagerMasterEndpoint.isExecutorAlive$1(BlockManagerMasterEndpoint.scala:687)
[2026-03-06T08:02:41.286+0000] {subprocess.py:106} INFO - 	at org.apache.spark.storage.BlockManagerMasterEndpoint.org$apache$spark$storage$BlockManagerMasterEndpoint$$register(BlockManagerMasterEndpoint.scala:725)
[2026-03-06T08:02:41.288+0000] {subprocess.py:106} INFO - 	at org.apache.spark.storage.BlockManagerMasterEndpoint$$anonfun$receiveAndReply$1.applyOrElse(BlockManagerMasterEndpoint.scala:133)
[2026-03-06T08:02:41.292+0000] {subprocess.py:106} INFO - 	at org.apache.spark.rpc.netty.Inbox.$anonfun$process$1(Inbox.scala:103)
[2026-03-06T08:02:41.293+0000] {subprocess.py:106} INFO - 	at org.apache.spark.rpc.netty.Inbox.safelyCall(Inbox.scala:213)
[2026-03-06T08:02:41.294+0000] {subprocess.py:106} INFO - 	at org.apache.spark.rpc.netty.Inbox.process(Inbox.scala:100)
[2026-03-06T08:02:41.296+0000] {subprocess.py:106} INFO - 	at org.apache.spark.rpc.netty.MessageLoop.org$apache$spark$rpc$netty$MessageLoop$$receiveLoop(MessageLoop.scala:75)
[2026-03-06T08:02:41.297+0000] {subprocess.py:106} INFO - 	at org.apache.spark.rpc.netty.MessageLoop$$anon$1.run(MessageLoop.scala:41)
[2026-03-06T08:02:41.298+0000] {subprocess.py:106} INFO - 	... 3 more
[2026-03-06T08:02:41.300+0000] {subprocess.py:106} INFO - Caused by: org.apache.spark.rpc.RpcEndpointNotFoundException: Cannot find endpoint: spark://CoarseGrainedScheduler@eb669c802a68:36887
[2026-03-06T08:02:41.301+0000] {subprocess.py:106} INFO - 	at org.apache.spark.rpc.netty.NettyRpcEnv.$anonfun$asyncSetupEndpointRefByURI$1(NettyRpcEnv.scala:148)
[2026-03-06T08:02:41.302+0000] {subprocess.py:106} INFO - 	at org.apache.spark.rpc.netty.NettyRpcEnv.$anonfun$asyncSetupEndpointRefByURI$1$adapted(NettyRpcEnv.scala:144)
[2026-03-06T08:02:41.303+0000] {subprocess.py:106} INFO - 	at scala.concurrent.Future.$anonfun$flatMap$1(Future.scala:307)
[2026-03-06T08:02:41.304+0000] {subprocess.py:106} INFO - 	at scala.concurrent.impl.Promise.$anonfun$transformWith$1(Promise.scala:41)
[2026-03-06T08:02:41.305+0000] {subprocess.py:106} INFO - 	at scala.concurrent.impl.CallbackRunnable.run(Promise.scala:64)
[2026-03-06T08:02:41.307+0000] {subprocess.py:106} INFO - 	at org.apache.spark.util.ThreadUtils$$anon$1.execute(ThreadUtils.scala:99)
[2026-03-06T08:02:41.307+0000] {subprocess.py:106} INFO - 	at scala.concurrent.impl.ExecutionContextImpl$$anon$4.execute(ExecutionContextImpl.scala:138)
[2026-03-06T08:02:41.309+0000] {subprocess.py:106} INFO - 	at scala.concurrent.impl.CallbackRunnable.executeWithValue(Promise.scala:72)
[2026-03-06T08:02:41.310+0000] {subprocess.py:106} INFO - 	at scala.concurrent.impl.Promise$DefaultPromise.$anonfun$tryComplete$1(Promise.scala:288)
[2026-03-06T08:02:41.312+0000] {subprocess.py:106} INFO - 	at scala.concurrent.impl.Promise$DefaultPromise.$anonfun$tryComplete$1$adapted(Promise.scala:288)
[2026-03-06T08:02:41.314+0000] {subprocess.py:106} INFO - 	at scala.concurrent.impl.Promise$DefaultPromise.tryComplete(Promise.scala:288)
[2026-03-06T08:02:41.316+0000] {subprocess.py:106} INFO - 	at scala.concurrent.Promise.complete(Promise.scala:53)
[2026-03-06T08:02:41.320+0000] {subprocess.py:106} INFO - 	at scala.concurrent.Promise.complete$(Promise.scala:52)
[2026-03-06T08:02:41.321+0000] {subprocess.py:106} INFO - 	at scala.concurrent.impl.Promise$DefaultPromise.complete(Promise.scala:187)
[2026-03-06T08:02:41.322+0000] {subprocess.py:106} INFO - 	at scala.concurrent.impl.Promise.$anonfun$transform$1(Promise.scala:33)
[2026-03-06T08:02:41.323+0000] {subprocess.py:106} INFO - 	at scala.concurrent.impl.CallbackRunnable.run(Promise.scala:64)
[2026-03-06T08:02:41.324+0000] {subprocess.py:106} INFO - 	at org.apache.spark.util.ThreadUtils$$anon$1.execute(ThreadUtils.scala:99)
[2026-03-06T08:02:41.325+0000] {subprocess.py:106} INFO - 	at scala.concurrent.impl.ExecutionContextImpl$$anon$4.execute(ExecutionContextImpl.scala:138)
[2026-03-06T08:02:41.326+0000] {subprocess.py:106} INFO - 	at scala.concurrent.impl.CallbackRunnable.executeWithValue(Promise.scala:72)
[2026-03-06T08:02:41.327+0000] {subprocess.py:106} INFO - 	at scala.concurrent.impl.Promise$DefaultPromise.$anonfun$tryComplete$1(Promise.scala:288)
[2026-03-06T08:02:41.328+0000] {subprocess.py:106} INFO - 	at scala.concurrent.impl.Promise$DefaultPromise.$anonfun$tryComplete$1$adapted(Promise.scala:288)
[2026-03-06T08:02:41.328+0000] {subprocess.py:106} INFO - 	at scala.concurrent.impl.Promise$DefaultPromise.tryComplete(Promise.scala:288)
[2026-03-06T08:02:41.329+0000] {subprocess.py:106} INFO - 	at scala.concurrent.Promise.complete(Promise.scala:53)
[2026-03-06T08:02:41.336+0000] {subprocess.py:106} INFO - 	at scala.concurrent.Promise.complete$(Promise.scala:52)
[2026-03-06T08:02:41.340+0000] {subprocess.py:106} INFO - 	at scala.concurrent.impl.Promise$DefaultPromise.complete(Promise.scala:187)
[2026-03-06T08:02:41.342+0000] {subprocess.py:106} INFO - 	at scala.concurrent.impl.Promise.$anonfun$transform$1(Promise.scala:33)
[2026-03-06T08:02:41.343+0000] {subprocess.py:106} INFO - 	at scala.concurrent.impl.CallbackRunnable.run(Promise.scala:64)
[2026-03-06T08:02:41.344+0000] {subprocess.py:106} INFO - 	at scala.concurrent.BatchingExecutor$Batch.processBatch$1(BatchingExecutor.scala:67)
[2026-03-06T08:02:41.345+0000] {subprocess.py:106} INFO - 	at scala.concurrent.BatchingExecutor$Batch.$anonfun$run$1(BatchingExecutor.scala:82)
[2026-03-06T08:02:41.346+0000] {subprocess.py:106} INFO - 	at scala.runtime.java8.JFunction0$mcV$sp.apply(JFunction0$mcV$sp.java:23)
[2026-03-06T08:02:41.347+0000] {subprocess.py:106} INFO - 	at scala.concurrent.BlockContext$.withBlockContext(BlockContext.scala:85)
[2026-03-06T08:02:41.347+0000] {subprocess.py:106} INFO - 	at scala.concurrent.BatchingExecutor$Batch.run(BatchingExecutor.scala:59)
[2026-03-06T08:02:41.348+0000] {subprocess.py:106} INFO - 	at scala.concurrent.Future$InternalCallbackExecutor$.unbatchedExecute(Future.scala:875)
[2026-03-06T08:02:41.349+0000] {subprocess.py:106} INFO - 	at scala.concurrent.BatchingExecutor.execute(BatchingExecutor.scala:110)
[2026-03-06T08:02:41.352+0000] {subprocess.py:106} INFO - 	at scala.concurrent.BatchingExecutor.execute$(BatchingExecutor.scala:107)
[2026-03-06T08:02:41.353+0000] {subprocess.py:106} INFO - 	at scala.concurrent.Future$InternalCallbackExecutor$.execute(Future.scala:873)
[2026-03-06T08:02:41.356+0000] {subprocess.py:106} INFO - 	at scala.concurrent.impl.CallbackRunnable.executeWithValue(Promise.scala:72)
[2026-03-06T08:02:41.357+0000] {subprocess.py:106} INFO - 	at scala.concurrent.impl.Promise$DefaultPromise.$anonfun$tryComplete$1(Promise.scala:288)
[2026-03-06T08:02:41.359+0000] {subprocess.py:106} INFO - 	at scala.concurrent.impl.Promise$DefaultPromise.$anonfun$tryComplete$1$adapted(Promise.scala:288)
[2026-03-06T08:02:41.361+0000] {subprocess.py:106} INFO - 	at scala.concurrent.impl.Promise$DefaultPromise.tryComplete(Promise.scala:288)
[2026-03-06T08:02:41.362+0000] {subprocess.py:106} INFO - 	at scala.concurrent.Promise.trySuccess(Promise.scala:94)
[2026-03-06T08:02:41.363+0000] {subprocess.py:106} INFO - 	at scala.concurrent.Promise.trySuccess$(Promise.scala:94)
[2026-03-06T08:02:41.363+0000] {subprocess.py:106} INFO - 	at scala.concurrent.impl.Promise$DefaultPromise.trySuccess(Promise.scala:187)
[2026-03-06T08:02:41.364+0000] {subprocess.py:106} INFO - 	at org.apache.spark.rpc.netty.NettyRpcEnv.onSuccess$1(NettyRpcEnv.scala:225)
[2026-03-06T08:02:41.365+0000] {subprocess.py:106} INFO - 	at org.apache.spark.rpc.netty.NettyRpcEnv.$anonfun$askAbortable$5(NettyRpcEnv.scala:239)
[2026-03-06T08:02:41.366+0000] {subprocess.py:106} INFO - 	at org.apache.spark.rpc.netty.NettyRpcEnv.$anonfun$askAbortable$5$adapted(NettyRpcEnv.scala:238)
[2026-03-06T08:02:41.367+0000] {subprocess.py:106} INFO - 	at scala.concurrent.impl.CallbackRunnable.run(Promise.scala:64)
[2026-03-06T08:02:41.368+0000] {subprocess.py:106} INFO - 	at org.apache.spark.util.ThreadUtils$$anon$1.execute(ThreadUtils.scala:99)
[2026-03-06T08:02:41.369+0000] {subprocess.py:106} INFO - 	at scala.concurrent.impl.ExecutionContextImpl$$anon$4.execute(ExecutionContextImpl.scala:138)
[2026-03-06T08:02:41.370+0000] {subprocess.py:106} INFO - 	at scala.concurrent.impl.CallbackRunnable.executeWithValue(Promise.scala:72)
[2026-03-06T08:02:41.370+0000] {subprocess.py:106} INFO - 	at scala.concurrent.impl.Promise$DefaultPromise.$anonfun$tryComplete$1(Promise.scala:288)
[2026-03-06T08:02:41.371+0000] {subprocess.py:106} INFO - 	at scala.concurrent.impl.Promise$DefaultPromise.$anonfun$tryComplete$1$adapted(Promise.scala:288)
[2026-03-06T08:02:41.372+0000] {subprocess.py:106} INFO - 	at scala.concurrent.impl.Promise$DefaultPromise.tryComplete(Promise.scala:288)
[2026-03-06T08:02:41.373+0000] {subprocess.py:106} INFO - 	at scala.concurrent.Promise.complete(Promise.scala:53)
[2026-03-06T08:02:41.374+0000] {subprocess.py:106} INFO - 	at scala.concurrent.Promise.complete$(Promise.scala:52)
[2026-03-06T08:02:41.375+0000] {subprocess.py:106} INFO - 	at scala.concurrent.impl.Promise$DefaultPromise.complete(Promise.scala:187)
[2026-03-06T08:02:41.376+0000] {subprocess.py:106} INFO - 	at scala.concurrent.Promise.success(Promise.scala:86)
[2026-03-06T08:02:41.379+0000] {subprocess.py:106} INFO - 	at scala.concurrent.Promise.success$(Promise.scala:86)
[2026-03-06T08:02:41.380+0000] {subprocess.py:106} INFO - 	at scala.concurrent.impl.Promise$DefaultPromise.success(Promise.scala:187)
[2026-03-06T08:02:41.381+0000] {subprocess.py:106} INFO - 	at org.apache.spark.rpc.netty.LocalNettyRpcCallContext.send(NettyRpcCallContext.scala:50)
[2026-03-06T08:02:41.381+0000] {subprocess.py:106} INFO - 	at org.apache.spark.rpc.netty.NettyRpcCallContext.reply(NettyRpcCallContext.scala:32)
[2026-03-06T08:02:41.382+0000] {subprocess.py:106} INFO - 	at org.apache.spark.rpc.netty.RpcEndpointVerifier$$anonfun$receiveAndReply$1.applyOrElse(RpcEndpointVerifier.scala:31)
[2026-03-06T08:02:41.383+0000] {subprocess.py:106} INFO - 	... 8 more
[2026-03-06T08:02:41.384+0000] {subprocess.py:106} INFO - 26/03/06 08:02:40 ERROR Inbox: Ignoring error
[2026-03-06T08:02:41.385+0000] {subprocess.py:106} INFO - org.apache.spark.SparkException: Exception thrown in awaitResult:
[2026-03-06T08:02:41.385+0000] {subprocess.py:106} INFO - 	at org.apache.spark.util.SparkThreadUtils$.awaitResult(SparkThreadUtils.scala:56)
[2026-03-06T08:02:41.386+0000] {subprocess.py:106} INFO - 	at org.apache.spark.util.ThreadUtils$.awaitResult(ThreadUtils.scala:310)
[2026-03-06T08:02:41.387+0000] {subprocess.py:106} INFO - 	at org.apache.spark.rpc.RpcTimeout.awaitResult(RpcTimeout.scala:75)
[2026-03-06T08:02:41.388+0000] {subprocess.py:106} INFO - 	at org.apache.spark.rpc.RpcEnv.setupEndpointRefByURI(RpcEnv.scala:102)
[2026-03-06T08:02:41.388+0000] {subprocess.py:106} INFO - 	at org.apache.spark.rpc.RpcEnv.setupEndpointRef(RpcEnv.scala:110)
[2026-03-06T08:02:41.389+0000] {subprocess.py:106} INFO - 	at org.apache.spark.util.RpcUtils$.makeDriverRef(RpcUtils.scala:36)
[2026-03-06T08:02:41.390+0000] {subprocess.py:106} INFO - 	at org.apache.spark.storage.BlockManagerMasterEndpoint.driverEndpoint$lzycompute(BlockManagerMasterEndpoint.scala:124)
[2026-03-06T08:02:41.391+0000] {subprocess.py:106} INFO - 	at org.apache.spark.storage.BlockManagerMasterEndpoint.org$apache$spark$storage$BlockManagerMasterEndpoint$$driverEndpoint(BlockManagerMasterEndpoint.scala:123)
[2026-03-06T08:02:41.392+0000] {subprocess.py:106} INFO - 	at org.apache.spark.storage.BlockManagerMasterEndpoint.isExecutorAlive$lzycompute$1(BlockManagerMasterEndpoint.scala:688)
[2026-03-06T08:02:41.393+0000] {subprocess.py:106} INFO - 	at org.apache.spark.storage.BlockManagerMasterEndpoint.isExecutorAlive$1(BlockManagerMasterEndpoint.scala:687)
[2026-03-06T08:02:41.394+0000] {subprocess.py:106} INFO - 	at org.apache.spark.storage.BlockManagerMasterEndpoint.org$apache$spark$storage$BlockManagerMasterEndpoint$$register(BlockManagerMasterEndpoint.scala:725)
[2026-03-06T08:02:41.396+0000] {subprocess.py:106} INFO - 	at org.apache.spark.storage.BlockManagerMasterEndpoint$$anonfun$receiveAndReply$1.applyOrElse(BlockManagerMasterEndpoint.scala:133)
[2026-03-06T08:02:41.399+0000] {subprocess.py:106} INFO - 	at org.apache.spark.rpc.netty.Inbox.$anonfun$process$1(Inbox.scala:103)
[2026-03-06T08:02:41.403+0000] {subprocess.py:106} INFO - 	at org.apache.spark.rpc.netty.Inbox.safelyCall(Inbox.scala:213)
[2026-03-06T08:02:41.404+0000] {subprocess.py:106} INFO - 	at org.apache.spark.rpc.netty.Inbox.process(Inbox.scala:100)
[2026-03-06T08:02:41.405+0000] {subprocess.py:106} INFO - 	at org.apache.spark.rpc.netty.MessageLoop.org$apache$spark$rpc$netty$MessageLoop$$receiveLoop(MessageLoop.scala:75)
[2026-03-06T08:02:41.406+0000] {subprocess.py:106} INFO - 	at org.apache.spark.rpc.netty.MessageLoop$$anon$1.run(MessageLoop.scala:41)
[2026-03-06T08:02:41.407+0000] {subprocess.py:106} INFO - 	at java.base/java.util.concurrent.ThreadPoolExecutor.runWorker(ThreadPoolExecutor.java:1136)
[2026-03-06T08:02:41.408+0000] {subprocess.py:106} INFO - 	at java.base/java.util.concurrent.ThreadPoolExecutor$Worker.run(ThreadPoolExecutor.java:635)
[2026-03-06T08:02:41.408+0000] {subprocess.py:106} INFO - 	at java.base/java.lang.Thread.run(Thread.java:840)
[2026-03-06T08:02:41.409+0000] {subprocess.py:106} INFO - Caused by: org.apache.spark.rpc.RpcEndpointNotFoundException: Cannot find endpoint: spark://CoarseGrainedScheduler@eb669c802a68:36887
[2026-03-06T08:02:41.410+0000] {subprocess.py:106} INFO - 	at org.apache.spark.rpc.netty.NettyRpcEnv.$anonfun$asyncSetupEndpointRefByURI$1(NettyRpcEnv.scala:148)
[2026-03-06T08:02:41.411+0000] {subprocess.py:106} INFO - 	at org.apache.spark.rpc.netty.NettyRpcEnv.$anonfun$asyncSetupEndpointRefByURI$1$adapted(NettyRpcEnv.scala:144)
[2026-03-06T08:02:41.412+0000] {subprocess.py:106} INFO - 	at scala.concurrent.Future.$anonfun$flatMap$1(Future.scala:307)
[2026-03-06T08:02:41.413+0000] {subprocess.py:106} INFO - 	at scala.concurrent.impl.Promise.$anonfun$transformWith$1(Promise.scala:41)
[2026-03-06T08:02:41.414+0000] {subprocess.py:106} INFO - 	at scala.concurrent.impl.CallbackRunnable.run(Promise.scala:64)
[2026-03-06T08:02:41.415+0000] {subprocess.py:106} INFO - 	at org.apache.spark.util.ThreadUtils$$anon$1.execute(ThreadUtils.scala:99)
[2026-03-06T08:02:41.416+0000] {subprocess.py:106} INFO - 	at scala.concurrent.impl.ExecutionContextImpl$$anon$4.execute(ExecutionContextImpl.scala:138)
[2026-03-06T08:02:41.417+0000] {subprocess.py:106} INFO - 	at scala.concurrent.impl.CallbackRunnable.executeWithValue(Promise.scala:72)
[2026-03-06T08:02:41.418+0000] {subprocess.py:106} INFO - 	at scala.concurrent.impl.Promise$DefaultPromise.$anonfun$tryComplete$1(Promise.scala:288)
[2026-03-06T08:02:41.419+0000] {subprocess.py:106} INFO - 	at scala.concurrent.impl.Promise$DefaultPromise.$anonfun$tryComplete$1$adapted(Promise.scala:288)
[2026-03-06T08:02:41.422+0000] {subprocess.py:106} INFO - 	at scala.concurrent.impl.Promise$DefaultPromise.tryComplete(Promise.scala:288)
[2026-03-06T08:02:41.424+0000] {subprocess.py:106} INFO - 	at scala.concurrent.Promise.complete(Promise.scala:53)
[2026-03-06T08:02:41.426+0000] {subprocess.py:106} INFO - 	at scala.concurrent.Promise.complete$(Promise.scala:52)
[2026-03-06T08:02:41.428+0000] {subprocess.py:106} INFO - 	at scala.concurrent.impl.Promise$DefaultPromise.complete(Promise.scala:187)
[2026-03-06T08:02:41.429+0000] {subprocess.py:106} INFO - 	at scala.concurrent.impl.Promise.$anonfun$transform$1(Promise.scala:33)
[2026-03-06T08:02:41.430+0000] {subprocess.py:106} INFO - 	at scala.concurrent.impl.CallbackRunnable.run(Promise.scala:64)
[2026-03-06T08:02:41.431+0000] {subprocess.py:106} INFO - 	at org.apache.spark.util.ThreadUtils$$anon$1.execute(ThreadUtils.scala:99)
[2026-03-06T08:02:41.432+0000] {subprocess.py:106} INFO - 	at scala.concurrent.impl.ExecutionContextImpl$$anon$4.execute(ExecutionContextImpl.scala:138)
[2026-03-06T08:02:41.434+0000] {subprocess.py:106} INFO - 	at scala.concurrent.impl.CallbackRunnable.executeWithValue(Promise.scala:72)
[2026-03-06T08:02:41.434+0000] {subprocess.py:106} INFO - 	at scala.concurrent.impl.Promise$DefaultPromise.$anonfun$tryComplete$1(Promise.scala:288)
[2026-03-06T08:02:41.436+0000] {subprocess.py:106} INFO - 	at scala.concurrent.impl.Promise$DefaultPromise.$anonfun$tryComplete$1$adapted(Promise.scala:288)
[2026-03-06T08:02:41.436+0000] {subprocess.py:106} INFO - 	at scala.concurrent.impl.Promise$DefaultPromise.tryComplete(Promise.scala:288)
[2026-03-06T08:02:41.437+0000] {subprocess.py:106} INFO - 	at scala.concurrent.Promise.complete(Promise.scala:53)
[2026-03-06T08:02:41.438+0000] {subprocess.py:106} INFO - 	at scala.concurrent.Promise.complete$(Promise.scala:52)
[2026-03-06T08:02:41.439+0000] {subprocess.py:106} INFO - 	at scala.concurrent.impl.Promise$DefaultPromise.complete(Promise.scala:187)
[2026-03-06T08:02:41.440+0000] {subprocess.py:106} INFO - 	at scala.concurrent.impl.Promise.$anonfun$transform$1(Promise.scala:33)
[2026-03-06T08:02:41.441+0000] {subprocess.py:106} INFO - 	at scala.concurrent.impl.CallbackRunnable.run(Promise.scala:64)
[2026-03-06T08:02:41.442+0000] {subprocess.py:106} INFO - 	at scala.concurrent.BatchingExecutor$Batch.processBatch$1(BatchingExecutor.scala:67)
[2026-03-06T08:02:41.443+0000] {subprocess.py:106} INFO - 	at scala.concurrent.BatchingExecutor$Batch.$anonfun$run$1(BatchingExecutor.scala:82)
[2026-03-06T08:02:41.444+0000] {subprocess.py:106} INFO - 	at scala.runtime.java8.JFunction0$mcV$sp.apply(JFunction0$mcV$sp.java:23)
[2026-03-06T08:02:41.445+0000] {subprocess.py:106} INFO - 	at scala.concurrent.BlockContext$.withBlockContext(BlockContext.scala:85)
[2026-03-06T08:02:41.446+0000] {subprocess.py:106} INFO - 	at scala.concurrent.BatchingExecutor$Batch.run(BatchingExecutor.scala:59)
[2026-03-06T08:02:41.447+0000] {subprocess.py:106} INFO - 	at scala.concurrent.Future$InternalCallbackExecutor$.unbatchedExecute(Future.scala:875)
[2026-03-06T08:02:41.447+0000] {subprocess.py:106} INFO - 	at scala.concurrent.BatchingExecutor.execute(BatchingExecutor.scala:110)
[2026-03-06T08:02:41.448+0000] {subprocess.py:106} INFO - 	at scala.concurrent.BatchingExecutor.execute$(BatchingExecutor.scala:107)
[2026-03-06T08:02:41.449+0000] {subprocess.py:106} INFO - 	at scala.concurrent.Future$InternalCallbackExecutor$.execute(Future.scala:873)
[2026-03-06T08:02:41.450+0000] {subprocess.py:106} INFO - 	at scala.concurrent.impl.CallbackRunnable.executeWithValue(Promise.scala:72)
[2026-03-06T08:02:41.452+0000] {subprocess.py:106} INFO - 	at scala.concurrent.impl.Promise$DefaultPromise.$anonfun$tryComplete$1(Promise.scala:288)
[2026-03-06T08:02:41.453+0000] {subprocess.py:106} INFO - 	at scala.concurrent.impl.Promise$DefaultPromise.$anonfun$tryComplete$1$adapted(Promise.scala:288)
[2026-03-06T08:02:41.461+0000] {subprocess.py:106} INFO - 	at scala.concurrent.impl.Promise$DefaultPromise.tryComplete(Promise.scala:288)
[2026-03-06T08:02:41.462+0000] {subprocess.py:106} INFO - 	at scala.concurrent.Promise.trySuccess(Promise.scala:94)
[2026-03-06T08:02:41.465+0000] {subprocess.py:106} INFO - 	at scala.concurrent.Promise.trySuccess$(Promise.scala:94)
[2026-03-06T08:02:41.467+0000] {subprocess.py:106} INFO - 	at scala.concurrent.impl.Promise$DefaultPromise.trySuccess(Promise.scala:187)
[2026-03-06T08:02:41.468+0000] {subprocess.py:106} INFO - 	at org.apache.spark.rpc.netty.NettyRpcEnv.onSuccess$1(NettyRpcEnv.scala:225)
[2026-03-06T08:02:41.469+0000] {subprocess.py:106} INFO - 	at org.apache.spark.rpc.netty.NettyRpcEnv.$anonfun$askAbortable$5(NettyRpcEnv.scala:239)
[2026-03-06T08:02:41.470+0000] {subprocess.py:106} INFO - 	at org.apache.spark.rpc.netty.NettyRpcEnv.$anonfun$askAbortable$5$adapted(NettyRpcEnv.scala:238)
[2026-03-06T08:02:41.471+0000] {subprocess.py:106} INFO - 	at scala.concurrent.impl.CallbackRunnable.run(Promise.scala:64)
[2026-03-06T08:02:41.472+0000] {subprocess.py:106} INFO - 	at org.apache.spark.util.ThreadUtils$$anon$1.execute(ThreadUtils.scala:99)
[2026-03-06T08:02:41.473+0000] {subprocess.py:106} INFO - 	at scala.concurrent.impl.ExecutionContextImpl$$anon$4.execute(ExecutionContextImpl.scala:138)
[2026-03-06T08:02:41.474+0000] {subprocess.py:106} INFO - 	at scala.concurrent.impl.CallbackRunnable.executeWithValue(Promise.scala:72)
[2026-03-06T08:02:41.475+0000] {subprocess.py:106} INFO - 	at scala.concurrent.impl.Promise$DefaultPromise.$anonfun$tryComplete$1(Promise.scala:288)
[2026-03-06T08:02:41.476+0000] {subprocess.py:106} INFO - 	at scala.concurrent.impl.Promise$DefaultPromise.$anonfun$tryComplete$1$adapted(Promise.scala:288)
[2026-03-06T08:02:41.477+0000] {subprocess.py:106} INFO - 	at scala.concurrent.impl.Promise$DefaultPromise.tryComplete(Promise.scala:288)
[2026-03-06T08:02:41.478+0000] {subprocess.py:106} INFO - 	at scala.concurrent.Promise.complete(Promise.scala:53)
[2026-03-06T08:02:41.479+0000] {subprocess.py:106} INFO - 	at scala.concurrent.Promise.complete$(Promise.scala:52)
[2026-03-06T08:02:41.483+0000] {subprocess.py:106} INFO - 	at scala.concurrent.impl.Promise$DefaultPromise.complete(Promise.scala:187)
[2026-03-06T08:02:41.488+0000] {subprocess.py:106} INFO - 	at scala.concurrent.Promise.success(Promise.scala:86)
[2026-03-06T08:02:41.495+0000] {subprocess.py:106} INFO - 	at scala.concurrent.Promise.success$(Promise.scala:86)
[2026-03-06T08:02:41.499+0000] {subprocess.py:106} INFO - 	at scala.concurrent.impl.Promise$DefaultPromise.success(Promise.scala:187)
[2026-03-06T08:02:41.503+0000] {subprocess.py:106} INFO - 	at org.apache.spark.rpc.netty.LocalNettyRpcCallContext.send(NettyRpcCallContext.scala:50)
[2026-03-06T08:02:41.507+0000] {subprocess.py:106} INFO - 	at org.apache.spark.rpc.netty.NettyRpcCallContext.reply(NettyRpcCallContext.scala:32)
[2026-03-06T08:02:41.510+0000] {subprocess.py:106} INFO - 	at org.apache.spark.rpc.netty.RpcEndpointVerifier$$anonfun$receiveAndReply$1.applyOrElse(RpcEndpointVerifier.scala:31)
[2026-03-06T08:02:41.511+0000] {subprocess.py:106} INFO - 	... 8 more
[2026-03-06T08:02:41.512+0000] {subprocess.py:106} INFO - 26/03/06 08:02:40 WARN Executor: Issue communicating with driver in heartbeater
[2026-03-06T08:02:41.514+0000] {subprocess.py:106} INFO - org.apache.spark.SparkException: Exception thrown in awaitResult:
[2026-03-06T08:02:41.515+0000] {subprocess.py:106} INFO - 	at org.apache.spark.util.SparkThreadUtils$.awaitResult(SparkThreadUtils.scala:56)
[2026-03-06T08:02:41.524+0000] {subprocess.py:106} INFO - 	at org.apache.spark.util.ThreadUtils$.awaitResult(ThreadUtils.scala:310)
[2026-03-06T08:02:41.526+0000] {subprocess.py:106} INFO - 	at org.apache.spark.rpc.RpcTimeout.awaitResult(RpcTimeout.scala:75)
[2026-03-06T08:02:41.527+0000] {subprocess.py:106} INFO - 	at org.apache.spark.rpc.RpcEndpointRef.askSync(RpcEndpointRef.scala:101)
[2026-03-06T08:02:41.529+0000] {subprocess.py:106} INFO - 	at org.apache.spark.rpc.RpcEndpointRef.askSync(RpcEndpointRef.scala:85)
[2026-03-06T08:02:41.530+0000] {subprocess.py:106} INFO - 	at org.apache.spark.storage.BlockManagerMaster.registerBlockManager(BlockManagerMaster.scala:80)
[2026-03-06T08:02:41.531+0000] {subprocess.py:106} INFO - 	at org.apache.spark.storage.BlockManager.reregister(BlockManager.scala:642)
[2026-03-06T08:02:41.533+0000] {subprocess.py:106} INFO - 	at org.apache.spark.executor.Executor.reportHeartBeat(Executor.scala:1223)
[2026-03-06T08:02:41.536+0000] {subprocess.py:106} INFO - 	at org.apache.spark.executor.Executor.$anonfun$heartbeater$1(Executor.scala:295)
[2026-03-06T08:02:41.539+0000] {subprocess.py:106} INFO - 	at scala.runtime.java8.JFunction0$mcV$sp.apply(JFunction0$mcV$sp.java:23)
[2026-03-06T08:02:41.541+0000] {subprocess.py:106} INFO - 	at org.apache.spark.util.Utils$.logUncaughtExceptions(Utils.scala:1928)
[2026-03-06T08:02:41.542+0000] {subprocess.py:106} INFO - 	at org.apache.spark.Heartbeater$$anon$1.run(Heartbeater.scala:46)
[2026-03-06T08:02:41.544+0000] {subprocess.py:106} INFO - 	at java.base/java.util.concurrent.Executors$RunnableAdapter.call(Executors.java:539)
[2026-03-06T08:02:41.545+0000] {subprocess.py:106} INFO - 	at java.base/java.util.concurrent.FutureTask.runAndReset(FutureTask.java:305)
[2026-03-06T08:02:41.546+0000] {subprocess.py:106} INFO - 	at java.base/java.util.concurrent.ScheduledThreadPoolExecutor$ScheduledFutureTask.run(ScheduledThreadPoolExecutor.java:305)
[2026-03-06T08:02:41.547+0000] {subprocess.py:106} INFO - 	at java.base/java.util.concurrent.ThreadPoolExecutor.runWorker(ThreadPoolExecutor.java:1136)
[2026-03-06T08:02:41.548+0000] {subprocess.py:106} INFO - 	at java.base/java.util.concurrent.ThreadPoolExecutor$Worker.run(ThreadPoolExecutor.java:635)
[2026-03-06T08:02:41.549+0000] {subprocess.py:106} INFO - 	at java.base/java.lang.Thread.run(Thread.java:840)
[2026-03-06T08:02:41.550+0000] {subprocess.py:106} INFO - Caused by: org.apache.spark.SparkException: Exception thrown in awaitResult:
[2026-03-06T08:02:41.553+0000] {subprocess.py:106} INFO - 	at org.apache.spark.util.SparkThreadUtils$.awaitResult(SparkThreadUtils.scala:56)
[2026-03-06T08:02:41.556+0000] {subprocess.py:106} INFO - 	at org.apache.spark.util.ThreadUtils$.awaitResult(ThreadUtils.scala:310)
[2026-03-06T08:02:41.561+0000] {subprocess.py:106} INFO - 	at org.apache.spark.rpc.RpcTimeout.awaitResult(RpcTimeout.scala:75)
[2026-03-06T08:02:41.565+0000] {subprocess.py:106} INFO - 	at org.apache.spark.rpc.RpcEnv.setupEndpointRefByURI(RpcEnv.scala:102)
[2026-03-06T08:02:41.570+0000] {subprocess.py:106} INFO - 	at org.apache.spark.rpc.RpcEnv.setupEndpointRef(RpcEnv.scala:110)
[2026-03-06T08:02:41.571+0000] {subprocess.py:106} INFO - 	at org.apache.spark.util.RpcUtils$.makeDriverRef(RpcUtils.scala:36)
[2026-03-06T08:02:41.572+0000] {subprocess.py:106} INFO - 	at org.apache.spark.storage.BlockManagerMasterEndpoint.driverEndpoint$lzycompute(BlockManagerMasterEndpoint.scala:124)
[2026-03-06T08:02:41.573+0000] {subprocess.py:106} INFO - 	at org.apache.spark.storage.BlockManagerMasterEndpoint.org$apache$spark$storage$BlockManagerMasterEndpoint$$driverEndpoint(BlockManagerMasterEndpoint.scala:123)
[2026-03-06T08:02:41.574+0000] {subprocess.py:106} INFO - 	at org.apache.spark.storage.BlockManagerMasterEndpoint.isExecutorAlive$lzycompute$1(BlockManagerMasterEndpoint.scala:688)
[2026-03-06T08:02:41.575+0000] {subprocess.py:106} INFO - 	at org.apache.spark.storage.BlockManagerMasterEndpoint.isExecutorAlive$1(BlockManagerMasterEndpoint.scala:687)
[2026-03-06T08:02:41.576+0000] {subprocess.py:106} INFO - 	at org.apache.spark.storage.BlockManagerMasterEndpoint.org$apache$spark$storage$BlockManagerMasterEndpoint$$register(BlockManagerMasterEndpoint.scala:725)
[2026-03-06T08:02:41.579+0000] {subprocess.py:106} INFO - 	at org.apache.spark.storage.BlockManagerMasterEndpoint$$anonfun$receiveAndReply$1.applyOrElse(BlockManagerMasterEndpoint.scala:133)
[2026-03-06T08:02:41.580+0000] {subprocess.py:106} INFO - 	at org.apache.spark.rpc.netty.Inbox.$anonfun$process$1(Inbox.scala:103)
[2026-03-06T08:02:41.585+0000] {subprocess.py:106} INFO - 	at org.apache.spark.rpc.netty.Inbox.safelyCall(Inbox.scala:213)
[2026-03-06T08:02:41.592+0000] {subprocess.py:106} INFO - 	at org.apache.spark.rpc.netty.Inbox.process(Inbox.scala:100)
[2026-03-06T08:02:41.602+0000] {subprocess.py:106} INFO - 	at org.apache.spark.rpc.netty.MessageLoop.org$apache$spark$rpc$netty$MessageLoop$$receiveLoop(MessageLoop.scala:75)
[2026-03-06T08:02:41.609+0000] {subprocess.py:106} INFO - 	at org.apache.spark.rpc.netty.MessageLoop$$anon$1.run(MessageLoop.scala:41)
[2026-03-06T08:02:41.619+0000] {subprocess.py:106} INFO - 	... 3 more
[2026-03-06T08:02:41.621+0000] {subprocess.py:106} INFO - Caused by: org.apache.spark.rpc.RpcEndpointNotFoundException: Cannot find endpoint: spark://CoarseGrainedScheduler@eb669c802a68:36887
[2026-03-06T08:02:41.622+0000] {subprocess.py:106} INFO - 	at org.apache.spark.rpc.netty.NettyRpcEnv.$anonfun$asyncSetupEndpointRefByURI$1(NettyRpcEnv.scala:148)
[2026-03-06T08:02:41.625+0000] {subprocess.py:106} INFO - 	at org.apache.spark.rpc.netty.NettyRpcEnv.$anonfun$asyncSetupEndpointRefByURI$1$adapted(NettyRpcEnv.scala:144)
[2026-03-06T08:02:41.627+0000] {subprocess.py:106} INFO - 	at scala.concurrent.Future.$anonfun$flatMap$1(Future.scala:307)
[2026-03-06T08:02:41.633+0000] {subprocess.py:106} INFO - 	at scala.concurrent.impl.Promise.$anonfun$transformWith$1(Promise.scala:41)
[2026-03-06T08:02:41.635+0000] {subprocess.py:106} INFO - 	at scala.concurrent.impl.CallbackRunnable.run(Promise.scala:64)
[2026-03-06T08:02:41.645+0000] {subprocess.py:106} INFO - 	at org.apache.spark.util.ThreadUtils$$anon$1.execute(ThreadUtils.scala:99)
[2026-03-06T08:02:41.670+0000] {subprocess.py:106} INFO - 	at scala.concurrent.impl.ExecutionContextImpl$$anon$4.execute(ExecutionContextImpl.scala:138)
[2026-03-06T08:02:41.671+0000] {subprocess.py:106} INFO - 	at scala.concurrent.impl.CallbackRunnable.executeWithValue(Promise.scala:72)
[2026-03-06T08:02:41.674+0000] {subprocess.py:106} INFO - 	at scala.concurrent.impl.Promise$DefaultPromise.$anonfun$tryComplete$1(Promise.scala:288)
[2026-03-06T08:02:41.678+0000] {subprocess.py:106} INFO - 	at scala.concurrent.impl.Promise$DefaultPromise.$anonfun$tryComplete$1$adapted(Promise.scala:288)
[2026-03-06T08:02:41.680+0000] {subprocess.py:106} INFO - 	at scala.concurrent.impl.Promise$DefaultPromise.tryComplete(Promise.scala:288)
[2026-03-06T08:02:41.681+0000] {subprocess.py:106} INFO - 	at scala.concurrent.Promise.complete(Promise.scala:53)
[2026-03-06T08:02:41.690+0000] {subprocess.py:106} INFO - 	at scala.concurrent.Promise.complete$(Promise.scala:52)
[2026-03-06T08:02:41.701+0000] {subprocess.py:106} INFO - 	at scala.concurrent.impl.Promise$DefaultPromise.complete(Promise.scala:187)
[2026-03-06T08:02:41.710+0000] {subprocess.py:106} INFO - 	at scala.concurrent.impl.Promise.$anonfun$transform$1(Promise.scala:33)
[2026-03-06T08:02:41.712+0000] {subprocess.py:106} INFO - 	at scala.concurrent.impl.CallbackRunnable.run(Promise.scala:64)
[2026-03-06T08:02:41.718+0000] {subprocess.py:106} INFO - 	at org.apache.spark.util.ThreadUtils$$anon$1.execute(ThreadUtils.scala:99)
[2026-03-06T08:02:41.719+0000] {subprocess.py:106} INFO - 	at scala.concurrent.impl.ExecutionContextImpl$$anon$4.execute(ExecutionContextImpl.scala:138)
[2026-03-06T08:02:41.733+0000] {subprocess.py:106} INFO - 	at scala.concurrent.impl.CallbackRunnable.executeWithValue(Promise.scala:72)
[2026-03-06T08:02:41.739+0000] {subprocess.py:106} INFO - 	at scala.concurrent.impl.Promise$DefaultPromise.$anonfun$tryComplete$1(Promise.scala:288)
[2026-03-06T08:02:41.746+0000] {subprocess.py:106} INFO - 	at scala.concurrent.impl.Promise$DefaultPromise.$anonfun$tryComplete$1$adapted(Promise.scala:288)
[2026-03-06T08:02:41.747+0000] {subprocess.py:106} INFO - 	at scala.concurrent.impl.Promise$DefaultPromise.tryComplete(Promise.scala:288)
[2026-03-06T08:02:41.749+0000] {subprocess.py:106} INFO - 	at scala.concurrent.Promise.complete(Promise.scala:53)
[2026-03-06T08:02:41.750+0000] {subprocess.py:106} INFO - 	at scala.concurrent.Promise.complete$(Promise.scala:52)
[2026-03-06T08:02:41.751+0000] {subprocess.py:106} INFO - 	at scala.concurrent.impl.Promise$DefaultPromise.complete(Promise.scala:187)
[2026-03-06T08:02:41.753+0000] {subprocess.py:106} INFO - 	at scala.concurrent.impl.Promise.$anonfun$transform$1(Promise.scala:33)
[2026-03-06T08:02:41.756+0000] {subprocess.py:106} INFO - 	at scala.concurrent.impl.CallbackRunnable.run(Promise.scala:64)
[2026-03-06T08:02:41.759+0000] {subprocess.py:106} INFO - 	at scala.concurrent.BatchingExecutor$Batch.processBatch$1(BatchingExecutor.scala:67)
[2026-03-06T08:02:41.760+0000] {subprocess.py:106} INFO - 	at scala.concurrent.BatchingExecutor$Batch.$anonfun$run$1(BatchingExecutor.scala:82)
[2026-03-06T08:02:41.761+0000] {subprocess.py:106} INFO - 	at scala.runtime.java8.JFunction0$mcV$sp.apply(JFunction0$mcV$sp.java:23)
[2026-03-06T08:02:41.762+0000] {subprocess.py:106} INFO - 	at scala.concurrent.BlockContext$.withBlockContext(BlockContext.scala:85)
[2026-03-06T08:02:41.764+0000] {subprocess.py:106} INFO - 	at scala.concurrent.BatchingExecutor$Batch.run(BatchingExecutor.scala:59)
[2026-03-06T08:02:41.765+0000] {subprocess.py:106} INFO - 	at scala.concurrent.Future$InternalCallbackExecutor$.unbatchedExecute(Future.scala:875)
[2026-03-06T08:02:41.768+0000] {subprocess.py:106} INFO - 	at scala.concurrent.BatchingExecutor.execute(BatchingExecutor.scala:110)
[2026-03-06T08:02:41.770+0000] {subprocess.py:106} INFO - 	at scala.concurrent.BatchingExecutor.execute$(BatchingExecutor.scala:107)
[2026-03-06T08:02:41.771+0000] {subprocess.py:106} INFO - 	at scala.concurrent.Future$InternalCallbackExecutor$.execute(Future.scala:873)
[2026-03-06T08:02:41.773+0000] {subprocess.py:106} INFO - 	at scala.concurrent.impl.CallbackRunnable.executeWithValue(Promise.scala:72)
[2026-03-06T08:02:41.774+0000] {subprocess.py:106} INFO - 	at scala.concurrent.impl.Promise$DefaultPromise.$anonfun$tryComplete$1(Promise.scala:288)
[2026-03-06T08:02:41.776+0000] {subprocess.py:106} INFO - 	at scala.concurrent.impl.Promise$DefaultPromise.$anonfun$tryComplete$1$adapted(Promise.scala:288)
[2026-03-06T08:02:41.783+0000] {subprocess.py:106} INFO - 	at scala.concurrent.impl.Promise$DefaultPromise.tryComplete(Promise.scala:288)
[2026-03-06T08:02:41.785+0000] {subprocess.py:106} INFO - 	at scala.concurrent.Promise.trySuccess(Promise.scala:94)
[2026-03-06T08:02:41.789+0000] {subprocess.py:106} INFO - 	at scala.concurrent.Promise.trySuccess$(Promise.scala:94)
[2026-03-06T08:02:41.791+0000] {subprocess.py:106} INFO - 	at scala.concurrent.impl.Promise$DefaultPromise.trySuccess(Promise.scala:187)
[2026-03-06T08:02:41.794+0000] {subprocess.py:106} INFO - 	at org.apache.spark.rpc.netty.NettyRpcEnv.onSuccess$1(NettyRpcEnv.scala:225)
[2026-03-06T08:02:41.796+0000] {subprocess.py:106} INFO - 	at org.apache.spark.rpc.netty.NettyRpcEnv.$anonfun$askAbortable$5(NettyRpcEnv.scala:239)
[2026-03-06T08:02:41.800+0000] {subprocess.py:106} INFO - 	at org.apache.spark.rpc.netty.NettyRpcEnv.$anonfun$askAbortable$5$adapted(NettyRpcEnv.scala:238)
[2026-03-06T08:02:41.801+0000] {subprocess.py:106} INFO - 	at scala.concurrent.impl.CallbackRunnable.run(Promise.scala:64)
[2026-03-06T08:02:41.804+0000] {subprocess.py:106} INFO - 	at org.apache.spark.util.ThreadUtils$$anon$1.execute(ThreadUtils.scala:99)
[2026-03-06T08:02:41.807+0000] {subprocess.py:106} INFO - 	at scala.concurrent.impl.ExecutionContextImpl$$anon$4.execute(ExecutionContextImpl.scala:138)
[2026-03-06T08:02:41.809+0000] {subprocess.py:106} INFO - 	at scala.concurrent.impl.CallbackRunnable.executeWithValue(Promise.scala:72)
[2026-03-06T08:02:41.811+0000] {subprocess.py:106} INFO - 	at scala.concurrent.impl.Promise$DefaultPromise.$anonfun$tryComplete$1(Promise.scala:288)
[2026-03-06T08:02:41.819+0000] {subprocess.py:106} INFO - 	at scala.concurrent.impl.Promise$DefaultPromise.$anonfun$tryComplete$1$adapted(Promise.scala:288)
[2026-03-06T08:02:41.821+0000] {subprocess.py:106} INFO - 	at scala.concurrent.impl.Promise$DefaultPromise.tryComplete(Promise.scala:288)
[2026-03-06T08:02:41.824+0000] {subprocess.py:106} INFO - 	at scala.concurrent.Promise.complete(Promise.scala:53)
[2026-03-06T08:02:41.825+0000] {subprocess.py:106} INFO - 	at scala.concurrent.Promise.complete$(Promise.scala:52)
[2026-03-06T08:02:41.826+0000] {subprocess.py:106} INFO - 	at scala.concurrent.impl.Promise$DefaultPromise.complete(Promise.scala:187)
[2026-03-06T08:02:41.827+0000] {subprocess.py:106} INFO - 	at scala.concurrent.Promise.success(Promise.scala:86)
[2026-03-06T08:02:41.828+0000] {subprocess.py:106} INFO - 	at scala.concurrent.Promise.success$(Promise.scala:86)
[2026-03-06T08:02:41.829+0000] {subprocess.py:106} INFO - 	at scala.concurrent.impl.Promise$DefaultPromise.success(Promise.scala:187)
[2026-03-06T08:02:41.832+0000] {subprocess.py:106} INFO - 	at org.apache.spark.rpc.netty.LocalNettyRpcCallContext.send(NettyRpcCallContext.scala:50)
[2026-03-06T08:02:41.837+0000] {subprocess.py:106} INFO - 	at org.apache.spark.rpc.netty.NettyRpcCallContext.reply(NettyRpcCallContext.scala:32)
[2026-03-06T08:02:41.839+0000] {subprocess.py:106} INFO - 	at org.apache.spark.rpc.netty.RpcEndpointVerifier$$anonfun$receiveAndReply$1.applyOrElse(RpcEndpointVerifier.scala:31)
[2026-03-06T08:02:41.843+0000] {subprocess.py:106} INFO - 	... 8 more
[2026-03-06T08:02:41.847+0000] {subprocess.py:106} INFO - 26/03/06 08:02:40 ERROR Inbox: Ignoring error
[2026-03-06T08:02:41.854+0000] {subprocess.py:106} INFO - org.apache.spark.SparkException: Exception thrown in awaitResult:
[2026-03-06T08:02:41.866+0000] {subprocess.py:106} INFO - 	at org.apache.spark.util.SparkThreadUtils$.awaitResult(SparkThreadUtils.scala:56)
[2026-03-06T08:02:41.870+0000] {subprocess.py:106} INFO - 	at org.apache.spark.util.ThreadUtils$.awaitResult(ThreadUtils.scala:310)
[2026-03-06T08:02:41.874+0000] {subprocess.py:106} INFO - 	at org.apache.spark.rpc.RpcTimeout.awaitResult(RpcTimeout.scala:75)
[2026-03-06T08:02:41.875+0000] {subprocess.py:106} INFO - 	at org.apache.spark.rpc.RpcEnv.setupEndpointRefByURI(RpcEnv.scala:102)
[2026-03-06T08:02:41.877+0000] {subprocess.py:106} INFO - 	at org.apache.spark.rpc.RpcEnv.setupEndpointRef(RpcEnv.scala:110)
[2026-03-06T08:02:41.878+0000] {subprocess.py:106} INFO - 	at org.apache.spark.util.RpcUtils$.makeDriverRef(RpcUtils.scala:36)
[2026-03-06T08:02:41.878+0000] {subprocess.py:106} INFO - 	at org.apache.spark.storage.BlockManagerMasterEndpoint.driverEndpoint$lzycompute(BlockManagerMasterEndpoint.scala:124)
[2026-03-06T08:02:41.879+0000] {subprocess.py:106} INFO - 	at org.apache.spark.storage.BlockManagerMasterEndpoint.org$apache$spark$storage$BlockManagerMasterEndpoint$$driverEndpoint(BlockManagerMasterEndpoint.scala:123)
[2026-03-06T08:02:41.880+0000] {subprocess.py:106} INFO - 	at org.apache.spark.storage.BlockManagerMasterEndpoint.isExecutorAlive$lzycompute$1(BlockManagerMasterEndpoint.scala:688)
[2026-03-06T08:02:41.881+0000] {subprocess.py:106} INFO - 	at org.apache.spark.storage.BlockManagerMasterEndpoint.isExecutorAlive$1(BlockManagerMasterEndpoint.scala:687)
[2026-03-06T08:02:41.882+0000] {subprocess.py:106} INFO - 	at org.apache.spark.storage.BlockManagerMasterEndpoint.org$apache$spark$storage$BlockManagerMasterEndpoint$$register(BlockManagerMasterEndpoint.scala:725)
[2026-03-06T08:02:41.886+0000] {subprocess.py:106} INFO - 	at org.apache.spark.storage.BlockManagerMasterEndpoint$$anonfun$receiveAndReply$1.applyOrElse(BlockManagerMasterEndpoint.scala:133)
[2026-03-06T08:02:41.893+0000] {subprocess.py:106} INFO - 	at org.apache.spark.rpc.netty.Inbox.$anonfun$process$1(Inbox.scala:103)
[2026-03-06T08:02:41.896+0000] {subprocess.py:106} INFO - 	at org.apache.spark.rpc.netty.Inbox.safelyCall(Inbox.scala:213)
[2026-03-06T08:02:41.899+0000] {subprocess.py:106} INFO - 	at org.apache.spark.rpc.netty.Inbox.process(Inbox.scala:100)
[2026-03-06T08:02:41.901+0000] {subprocess.py:106} INFO - 	at org.apache.spark.rpc.netty.MessageLoop.org$apache$spark$rpc$netty$MessageLoop$$receiveLoop(MessageLoop.scala:75)
[2026-03-06T08:02:41.905+0000] {subprocess.py:106} INFO - 	at org.apache.spark.rpc.netty.MessageLoop$$anon$1.run(MessageLoop.scala:41)
[2026-03-06T08:02:41.909+0000] {subprocess.py:106} INFO - 	at java.base/java.util.concurrent.ThreadPoolExecutor.runWorker(ThreadPoolExecutor.java:1136)
[2026-03-06T08:02:41.912+0000] {subprocess.py:106} INFO - 	at java.base/java.util.concurrent.ThreadPoolExecutor$Worker.run(ThreadPoolExecutor.java:635)
[2026-03-06T08:02:41.918+0000] {subprocess.py:106} INFO - 	at java.base/java.lang.Thread.run(Thread.java:840)
[2026-03-06T08:02:41.920+0000] {subprocess.py:106} INFO - Caused by: org.apache.spark.rpc.RpcEndpointNotFoundException: Cannot find endpoint: spark://CoarseGrainedScheduler@eb669c802a68:36887
[2026-03-06T08:02:41.922+0000] {subprocess.py:106} INFO - 	at org.apache.spark.rpc.netty.NettyRpcEnv.$anonfun$asyncSetupEndpointRefByURI$1(NettyRpcEnv.scala:148)
[2026-03-06T08:02:41.928+0000] {subprocess.py:106} INFO - 	at org.apache.spark.rpc.netty.NettyRpcEnv.$anonfun$asyncSetupEndpointRefByURI$1$adapted(NettyRpcEnv.scala:144)
[2026-03-06T08:02:41.929+0000] {subprocess.py:106} INFO - 	at scala.concurrent.Future.$anonfun$flatMap$1(Future.scala:307)
[2026-03-06T08:02:41.931+0000] {subprocess.py:106} INFO - 	at scala.concurrent.impl.Promise.$anonfun$transformWith$1(Promise.scala:41)
[2026-03-06T08:02:41.931+0000] {subprocess.py:106} INFO - 	at scala.concurrent.impl.CallbackRunnable.run(Promise.scala:64)
[2026-03-06T08:02:41.932+0000] {subprocess.py:106} INFO - 	at org.apache.spark.util.ThreadUtils$$anon$1.execute(ThreadUtils.scala:99)
[2026-03-06T08:02:41.933+0000] {subprocess.py:106} INFO - 	at scala.concurrent.impl.ExecutionContextImpl$$anon$4.execute(ExecutionContextImpl.scala:138)
[2026-03-06T08:02:41.934+0000] {subprocess.py:106} INFO - 	at scala.concurrent.impl.CallbackRunnable.executeWithValue(Promise.scala:72)
[2026-03-06T08:02:41.935+0000] {subprocess.py:106} INFO - 	at scala.concurrent.impl.Promise$DefaultPromise.$anonfun$tryComplete$1(Promise.scala:288)
[2026-03-06T08:02:41.936+0000] {subprocess.py:106} INFO - 	at scala.concurrent.impl.Promise$DefaultPromise.$anonfun$tryComplete$1$adapted(Promise.scala:288)
[2026-03-06T08:02:41.936+0000] {subprocess.py:106} INFO - 	at scala.concurrent.impl.Promise$DefaultPromise.tryComplete(Promise.scala:288)
[2026-03-06T08:02:41.937+0000] {subprocess.py:106} INFO - 	at scala.concurrent.Promise.complete(Promise.scala:53)
[2026-03-06T08:02:41.938+0000] {subprocess.py:106} INFO - 	at scala.concurrent.Promise.complete$(Promise.scala:52)
[2026-03-06T08:02:41.938+0000] {subprocess.py:106} INFO - 	at scala.concurrent.impl.Promise$DefaultPromise.complete(Promise.scala:187)
[2026-03-06T08:02:41.941+0000] {subprocess.py:106} INFO - 	at scala.concurrent.impl.Promise.$anonfun$transform$1(Promise.scala:33)
[2026-03-06T08:02:41.942+0000] {subprocess.py:106} INFO - 	at scala.concurrent.impl.CallbackRunnable.run(Promise.scala:64)
[2026-03-06T08:02:41.943+0000] {subprocess.py:106} INFO - 	at org.apache.spark.util.ThreadUtils$$anon$1.execute(ThreadUtils.scala:99)
[2026-03-06T08:02:41.944+0000] {subprocess.py:106} INFO - 	at scala.concurrent.impl.ExecutionContextImpl$$anon$4.execute(ExecutionContextImpl.scala:138)
[2026-03-06T08:02:41.944+0000] {subprocess.py:106} INFO - 	at scala.concurrent.impl.CallbackRunnable.executeWithValue(Promise.scala:72)
[2026-03-06T08:02:41.945+0000] {subprocess.py:106} INFO - 	at scala.concurrent.impl.Promise$DefaultPromise.$anonfun$tryComplete$1(Promise.scala:288)
[2026-03-06T08:02:41.947+0000] {subprocess.py:106} INFO - 	at scala.concurrent.impl.Promise$DefaultPromise.$anonfun$tryComplete$1$adapted(Promise.scala:288)
[2026-03-06T08:02:41.948+0000] {subprocess.py:106} INFO - 	at scala.concurrent.impl.Promise$DefaultPromise.tryComplete(Promise.scala:288)
[2026-03-06T08:02:41.950+0000] {subprocess.py:106} INFO - 	at scala.concurrent.Promise.complete(Promise.scala:53)
[2026-03-06T08:02:41.953+0000] {subprocess.py:106} INFO - 	at scala.concurrent.Promise.complete$(Promise.scala:52)
[2026-03-06T08:02:41.964+0000] {subprocess.py:106} INFO - 	at scala.concurrent.impl.Promise$DefaultPromise.complete(Promise.scala:187)
[2026-03-06T08:02:41.968+0000] {subprocess.py:106} INFO - 	at scala.concurrent.impl.Promise.$anonfun$transform$1(Promise.scala:33)
[2026-03-06T08:02:41.972+0000] {subprocess.py:106} INFO - 	at scala.concurrent.impl.CallbackRunnable.run(Promise.scala:64)
[2026-03-06T08:02:41.973+0000] {subprocess.py:106} INFO - 	at scala.concurrent.BatchingExecutor$Batch.processBatch$1(BatchingExecutor.scala:67)
[2026-03-06T08:02:41.975+0000] {subprocess.py:106} INFO - 	at scala.concurrent.BatchingExecutor$Batch.$anonfun$run$1(BatchingExecutor.scala:82)
[2026-03-06T08:02:41.978+0000] {subprocess.py:106} INFO - 	at scala.runtime.java8.JFunction0$mcV$sp.apply(JFunction0$mcV$sp.java:23)
[2026-03-06T08:02:41.979+0000] {subprocess.py:106} INFO - 	at scala.concurrent.BlockContext$.withBlockContext(BlockContext.scala:85)
[2026-03-06T08:02:41.981+0000] {subprocess.py:106} INFO - 	at scala.concurrent.BatchingExecutor$Batch.run(BatchingExecutor.scala:59)
[2026-03-06T08:02:41.983+0000] {subprocess.py:106} INFO - 	at scala.concurrent.Future$InternalCallbackExecutor$.unbatchedExecute(Future.scala:875)
[2026-03-06T08:02:41.985+0000] {subprocess.py:106} INFO - 	at scala.concurrent.BatchingExecutor.execute(BatchingExecutor.scala:110)
[2026-03-06T08:02:41.993+0000] {subprocess.py:106} INFO - 	at scala.concurrent.BatchingExecutor.execute$(BatchingExecutor.scala:107)
[2026-03-06T08:02:42.001+0000] {subprocess.py:106} INFO - 	at scala.concurrent.Future$InternalCallbackExecutor$.execute(Future.scala:873)
[2026-03-06T08:02:42.002+0000] {subprocess.py:106} INFO - 	at scala.concurrent.impl.CallbackRunnable.executeWithValue(Promise.scala:72)
[2026-03-06T08:02:42.004+0000] {subprocess.py:106} INFO - 	at scala.concurrent.impl.Promise$DefaultPromise.$anonfun$tryComplete$1(Promise.scala:288)
[2026-03-06T08:02:42.005+0000] {subprocess.py:106} INFO - 	at scala.concurrent.impl.Promise$DefaultPromise.$anonfun$tryComplete$1$adapted(Promise.scala:288)
[2026-03-06T08:02:42.006+0000] {subprocess.py:106} INFO - 	at scala.concurrent.impl.Promise$DefaultPromise.tryComplete(Promise.scala:288)
[2026-03-06T08:02:42.007+0000] {subprocess.py:106} INFO - 	at scala.concurrent.Promise.trySuccess(Promise.scala:94)
[2026-03-06T08:02:42.008+0000] {subprocess.py:106} INFO - 	at scala.concurrent.Promise.trySuccess$(Promise.scala:94)
[2026-03-06T08:02:42.009+0000] {subprocess.py:106} INFO - 	at scala.concurrent.impl.Promise$DefaultPromise.trySuccess(Promise.scala:187)
[2026-03-06T08:02:42.010+0000] {subprocess.py:106} INFO - 	at org.apache.spark.rpc.netty.NettyRpcEnv.onSuccess$1(NettyRpcEnv.scala:225)
[2026-03-06T08:02:42.011+0000] {subprocess.py:106} INFO - 	at org.apache.spark.rpc.netty.NettyRpcEnv.$anonfun$askAbortable$5(NettyRpcEnv.scala:239)
[2026-03-06T08:02:42.011+0000] {subprocess.py:106} INFO - 	at org.apache.spark.rpc.netty.NettyRpcEnv.$anonfun$askAbortable$5$adapted(NettyRpcEnv.scala:238)
[2026-03-06T08:02:42.012+0000] {subprocess.py:106} INFO - 	at scala.concurrent.impl.CallbackRunnable.run(Promise.scala:64)
[2026-03-06T08:02:42.013+0000] {subprocess.py:106} INFO - 	at org.apache.spark.util.ThreadUtils$$anon$1.execute(ThreadUtils.scala:99)
[2026-03-06T08:02:42.014+0000] {subprocess.py:106} INFO - 	at scala.concurrent.impl.ExecutionContextImpl$$anon$4.execute(ExecutionContextImpl.scala:138)
[2026-03-06T08:02:42.015+0000] {subprocess.py:106} INFO - 	at scala.concurrent.impl.CallbackRunnable.executeWithValue(Promise.scala:72)
[2026-03-06T08:02:42.017+0000] {subprocess.py:106} INFO - 	at scala.concurrent.impl.Promise$DefaultPromise.$anonfun$tryComplete$1(Promise.scala:288)
[2026-03-06T08:02:42.021+0000] {subprocess.py:106} INFO - 	at scala.concurrent.impl.Promise$DefaultPromise.$anonfun$tryComplete$1$adapted(Promise.scala:288)
[2026-03-06T08:02:42.022+0000] {subprocess.py:106} INFO - 	at scala.concurrent.impl.Promise$DefaultPromise.tryComplete(Promise.scala:288)
[2026-03-06T08:02:42.024+0000] {subprocess.py:106} INFO - 	at scala.concurrent.Promise.complete(Promise.scala:53)
[2026-03-06T08:02:42.025+0000] {subprocess.py:106} INFO - 	at scala.concurrent.Promise.complete$(Promise.scala:52)
[2026-03-06T08:02:42.025+0000] {subprocess.py:106} INFO - 	at scala.concurrent.impl.Promise$DefaultPromise.complete(Promise.scala:187)
[2026-03-06T08:02:42.032+0000] {subprocess.py:106} INFO - 	at scala.concurrent.Promise.success(Promise.scala:86)
[2026-03-06T08:02:42.033+0000] {subprocess.py:106} INFO - 	at scala.concurrent.Promise.success$(Promise.scala:86)
[2026-03-06T08:02:42.035+0000] {subprocess.py:106} INFO - 	at scala.concurrent.impl.Promise$DefaultPromise.success(Promise.scala:187)
[2026-03-06T08:02:42.036+0000] {subprocess.py:106} INFO - 	at org.apache.spark.rpc.netty.LocalNettyRpcCallContext.send(NettyRpcCallContext.scala:50)
[2026-03-06T08:02:42.037+0000] {subprocess.py:106} INFO - 	at org.apache.spark.rpc.netty.NettyRpcCallContext.reply(NettyRpcCallContext.scala:32)
[2026-03-06T08:02:42.037+0000] {subprocess.py:106} INFO - 	at org.apache.spark.rpc.netty.RpcEndpointVerifier$$anonfun$receiveAndReply$1.applyOrElse(RpcEndpointVerifier.scala:31)
[2026-03-06T08:02:42.038+0000] {subprocess.py:106} INFO - 	... 8 more
[2026-03-06T08:02:42.039+0000] {subprocess.py:106} INFO - 26/03/06 08:02:40 WARN Executor: Issue communicating with driver in heartbeater
[2026-03-06T08:02:42.040+0000] {subprocess.py:106} INFO - org.apache.spark.SparkException: Exception thrown in awaitResult:
[2026-03-06T08:02:42.041+0000] {subprocess.py:106} INFO - 	at org.apache.spark.util.SparkThreadUtils$.awaitResult(SparkThreadUtils.scala:56)
[2026-03-06T08:02:42.042+0000] {subprocess.py:106} INFO - 	at org.apache.spark.util.ThreadUtils$.awaitResult(ThreadUtils.scala:310)
[2026-03-06T08:02:42.043+0000] {subprocess.py:106} INFO - 	at org.apache.spark.rpc.RpcTimeout.awaitResult(RpcTimeout.scala:75)
[2026-03-06T08:02:42.044+0000] {subprocess.py:106} INFO - 	at org.apache.spark.rpc.RpcEndpointRef.askSync(RpcEndpointRef.scala:101)
[2026-03-06T08:02:42.045+0000] {subprocess.py:106} INFO - 	at org.apache.spark.rpc.RpcEndpointRef.askSync(RpcEndpointRef.scala:85)
[2026-03-06T08:02:42.046+0000] {subprocess.py:106} INFO - 	at org.apache.spark.storage.BlockManagerMaster.registerBlockManager(BlockManagerMaster.scala:80)
[2026-03-06T08:02:42.047+0000] {subprocess.py:106} INFO - 	at org.apache.spark.storage.BlockManager.reregister(BlockManager.scala:642)
[2026-03-06T08:02:42.049+0000] {subprocess.py:106} INFO - 	at org.apache.spark.executor.Executor.reportHeartBeat(Executor.scala:1223)
[2026-03-06T08:02:42.050+0000] {subprocess.py:106} INFO - 	at org.apache.spark.executor.Executor.$anonfun$heartbeater$1(Executor.scala:295)
[2026-03-06T08:02:42.052+0000] {subprocess.py:106} INFO - 	at scala.runtime.java8.JFunction0$mcV$sp.apply(JFunction0$mcV$sp.java:23)
[2026-03-06T08:02:42.053+0000] {subprocess.py:106} INFO - 	at org.apache.spark.util.Utils$.logUncaughtExceptions(Utils.scala:1928)
[2026-03-06T08:02:42.055+0000] {subprocess.py:106} INFO - 	at org.apache.spark.Heartbeater$$anon$1.run(Heartbeater.scala:46)
[2026-03-06T08:02:42.058+0000] {subprocess.py:106} INFO - 	at java.base/java.util.concurrent.Executors$RunnableAdapter.call(Executors.java:539)
[2026-03-06T08:02:42.059+0000] {subprocess.py:106} INFO - 	at java.base/java.util.concurrent.FutureTask.runAndReset(FutureTask.java:305)
[2026-03-06T08:02:42.059+0000] {subprocess.py:106} INFO - 	at java.base/java.util.concurrent.ScheduledThreadPoolExecutor$ScheduledFutureTask.run(ScheduledThreadPoolExecutor.java:305)
[2026-03-06T08:02:42.060+0000] {subprocess.py:106} INFO - 	at java.base/java.util.concurrent.ThreadPoolExecutor.runWorker(ThreadPoolExecutor.java:1136)
[2026-03-06T08:02:42.061+0000] {subprocess.py:106} INFO - 	at java.base/java.util.concurrent.ThreadPoolExecutor$Worker.run(ThreadPoolExecutor.java:635)
[2026-03-06T08:02:42.062+0000] {subprocess.py:106} INFO - 	at java.base/java.lang.Thread.run(Thread.java:840)
[2026-03-06T08:02:42.063+0000] {subprocess.py:106} INFO - Caused by: org.apache.spark.SparkException: Exception thrown in awaitResult:
[2026-03-06T08:02:42.064+0000] {subprocess.py:106} INFO - 	at org.apache.spark.util.SparkThreadUtils$.awaitResult(SparkThreadUtils.scala:56)
[2026-03-06T08:02:42.070+0000] {subprocess.py:106} INFO - 	at org.apache.spark.util.ThreadUtils$.awaitResult(ThreadUtils.scala:310)
[2026-03-06T08:02:42.076+0000] {subprocess.py:106} INFO - 	at org.apache.spark.rpc.RpcTimeout.awaitResult(RpcTimeout.scala:75)
[2026-03-06T08:02:42.078+0000] {subprocess.py:106} INFO - 	at org.apache.spark.rpc.RpcEnv.setupEndpointRefByURI(RpcEnv.scala:102)
[2026-03-06T08:02:42.079+0000] {subprocess.py:106} INFO - 	at org.apache.spark.rpc.RpcEnv.setupEndpointRef(RpcEnv.scala:110)
[2026-03-06T08:02:42.080+0000] {subprocess.py:106} INFO - 	at org.apache.spark.util.RpcUtils$.makeDriverRef(RpcUtils.scala:36)
[2026-03-06T08:02:42.081+0000] {subprocess.py:106} INFO - 	at org.apache.spark.storage.BlockManagerMasterEndpoint.driverEndpoint$lzycompute(BlockManagerMasterEndpoint.scala:124)
[2026-03-06T08:02:42.082+0000] {subprocess.py:106} INFO - 	at org.apache.spark.storage.BlockManagerMasterEndpoint.org$apache$spark$storage$BlockManagerMasterEndpoint$$driverEndpoint(BlockManagerMasterEndpoint.scala:123)
[2026-03-06T08:02:42.083+0000] {subprocess.py:106} INFO - 	at org.apache.spark.storage.BlockManagerMasterEndpoint.isExecutorAlive$lzycompute$1(BlockManagerMasterEndpoint.scala:688)
[2026-03-06T08:02:42.084+0000] {subprocess.py:106} INFO - 	at org.apache.spark.storage.BlockManagerMasterEndpoint.isExecutorAlive$1(BlockManagerMasterEndpoint.scala:687)
[2026-03-06T08:02:42.085+0000] {subprocess.py:106} INFO - 	at org.apache.spark.storage.BlockManagerMasterEndpoint.org$apache$spark$storage$BlockManagerMasterEndpoint$$register(BlockManagerMasterEndpoint.scala:725)
[2026-03-06T08:02:42.086+0000] {subprocess.py:106} INFO - 	at org.apache.spark.storage.BlockManagerMasterEndpoint$$anonfun$receiveAndReply$1.applyOrElse(BlockManagerMasterEndpoint.scala:133)
[2026-03-06T08:02:42.087+0000] {subprocess.py:106} INFO - 	at org.apache.spark.rpc.netty.Inbox.$anonfun$process$1(Inbox.scala:103)
[2026-03-06T08:02:42.089+0000] {subprocess.py:106} INFO - 	at org.apache.spark.rpc.netty.Inbox.safelyCall(Inbox.scala:213)
[2026-03-06T08:02:42.090+0000] {subprocess.py:106} INFO - 	at org.apache.spark.rpc.netty.Inbox.process(Inbox.scala:100)
[2026-03-06T08:02:42.091+0000] {subprocess.py:106} INFO - 	at org.apache.spark.rpc.netty.MessageLoop.org$apache$spark$rpc$netty$MessageLoop$$receiveLoop(MessageLoop.scala:75)
[2026-03-06T08:02:42.093+0000] {subprocess.py:106} INFO - 	at org.apache.spark.rpc.netty.MessageLoop$$anon$1.run(MessageLoop.scala:41)
[2026-03-06T08:02:42.093+0000] {subprocess.py:106} INFO - 	... 3 more
[2026-03-06T08:02:42.096+0000] {subprocess.py:106} INFO - Caused by: org.apache.spark.rpc.RpcEndpointNotFoundException: Cannot find endpoint: spark://CoarseGrainedScheduler@eb669c802a68:36887
[2026-03-06T08:02:42.111+0000] {subprocess.py:106} INFO - 	at org.apache.spark.rpc.netty.NettyRpcEnv.$anonfun$asyncSetupEndpointRefByURI$1(NettyRpcEnv.scala:148)
[2026-03-06T08:02:42.113+0000] {subprocess.py:106} INFO - 	at org.apache.spark.rpc.netty.NettyRpcEnv.$anonfun$asyncSetupEndpointRefByURI$1$adapted(NettyRpcEnv.scala:144)
[2026-03-06T08:02:42.130+0000] {subprocess.py:106} INFO - 	at scala.concurrent.Future.$anonfun$flatMap$1(Future.scala:307)
[2026-03-06T08:02:42.135+0000] {subprocess.py:106} INFO - 	at scala.concurrent.impl.Promise.$anonfun$transformWith$1(Promise.scala:41)
[2026-03-06T08:02:42.137+0000] {subprocess.py:106} INFO - 	at scala.concurrent.impl.CallbackRunnable.run(Promise.scala:64)
[2026-03-06T08:02:42.138+0000] {subprocess.py:106} INFO - 	at org.apache.spark.util.ThreadUtils$$anon$1.execute(ThreadUtils.scala:99)
[2026-03-06T08:02:42.141+0000] {subprocess.py:106} INFO - 	at scala.concurrent.impl.ExecutionContextImpl$$anon$4.execute(ExecutionContextImpl.scala:138)
[2026-03-06T08:02:42.142+0000] {subprocess.py:106} INFO - 	at scala.concurrent.impl.CallbackRunnable.executeWithValue(Promise.scala:72)
[2026-03-06T08:02:42.145+0000] {subprocess.py:106} INFO - 	at scala.concurrent.impl.Promise$DefaultPromise.$anonfun$tryComplete$1(Promise.scala:288)
[2026-03-06T08:02:42.149+0000] {subprocess.py:106} INFO - 	at scala.concurrent.impl.Promise$DefaultPromise.$anonfun$tryComplete$1$adapted(Promise.scala:288)
[2026-03-06T08:02:42.171+0000] {subprocess.py:106} INFO - 	at scala.concurrent.impl.Promise$DefaultPromise.tryComplete(Promise.scala:288)
[2026-03-06T08:02:42.174+0000] {subprocess.py:106} INFO - 	at scala.concurrent.Promise.complete(Promise.scala:53)
[2026-03-06T08:02:42.177+0000] {subprocess.py:106} INFO - 	at scala.concurrent.Promise.complete$(Promise.scala:52)
[2026-03-06T08:02:42.179+0000] {subprocess.py:106} INFO - 	at scala.concurrent.impl.Promise$DefaultPromise.complete(Promise.scala:187)
[2026-03-06T08:02:42.181+0000] {subprocess.py:106} INFO - 	at scala.concurrent.impl.Promise.$anonfun$transform$1(Promise.scala:33)
[2026-03-06T08:02:42.183+0000] {subprocess.py:106} INFO - 	at scala.concurrent.impl.CallbackRunnable.run(Promise.scala:64)
[2026-03-06T08:02:42.184+0000] {subprocess.py:106} INFO - 	at org.apache.spark.util.ThreadUtils$$anon$1.execute(ThreadUtils.scala:99)
[2026-03-06T08:02:42.186+0000] {subprocess.py:106} INFO - 	at scala.concurrent.impl.ExecutionContextImpl$$anon$4.execute(ExecutionContextImpl.scala:138)
[2026-03-06T08:02:42.187+0000] {subprocess.py:106} INFO - 	at scala.concurrent.impl.CallbackRunnable.executeWithValue(Promise.scala:72)
[2026-03-06T08:02:42.188+0000] {subprocess.py:106} INFO - 	at scala.concurrent.impl.Promise$DefaultPromise.$anonfun$tryComplete$1(Promise.scala:288)
[2026-03-06T08:02:42.188+0000] {subprocess.py:106} INFO - 	at scala.concurrent.impl.Promise$DefaultPromise.$anonfun$tryComplete$1$adapted(Promise.scala:288)
[2026-03-06T08:02:42.190+0000] {subprocess.py:106} INFO - 	at scala.concurrent.impl.Promise$DefaultPromise.tryComplete(Promise.scala:288)
[2026-03-06T08:02:42.192+0000] {subprocess.py:106} INFO - 	at scala.concurrent.Promise.complete(Promise.scala:53)
[2026-03-06T08:02:42.193+0000] {subprocess.py:106} INFO - 	at scala.concurrent.Promise.complete$(Promise.scala:52)
[2026-03-06T08:02:42.194+0000] {subprocess.py:106} INFO - 	at scala.concurrent.impl.Promise$DefaultPromise.complete(Promise.scala:187)
[2026-03-06T08:02:42.195+0000] {subprocess.py:106} INFO - 	at scala.concurrent.impl.Promise.$anonfun$transform$1(Promise.scala:33)
[2026-03-06T08:02:42.196+0000] {subprocess.py:106} INFO - 	at scala.concurrent.impl.CallbackRunnable.run(Promise.scala:64)
[2026-03-06T08:02:42.197+0000] {subprocess.py:106} INFO - 	at scala.concurrent.BatchingExecutor$Batch.processBatch$1(BatchingExecutor.scala:67)
[2026-03-06T08:02:42.198+0000] {subprocess.py:106} INFO - 	at scala.concurrent.BatchingExecutor$Batch.$anonfun$run$1(BatchingExecutor.scala:82)
[2026-03-06T08:02:42.199+0000] {subprocess.py:106} INFO - 	at scala.runtime.java8.JFunction0$mcV$sp.apply(JFunction0$mcV$sp.java:23)
[2026-03-06T08:02:42.200+0000] {subprocess.py:106} INFO - 	at scala.concurrent.BlockContext$.withBlockContext(BlockContext.scala:85)
[2026-03-06T08:02:42.201+0000] {subprocess.py:106} INFO - 	at scala.concurrent.BatchingExecutor$Batch.run(BatchingExecutor.scala:59)
[2026-03-06T08:02:42.203+0000] {subprocess.py:106} INFO - 	at scala.concurrent.Future$InternalCallbackExecutor$.unbatchedExecute(Future.scala:875)
[2026-03-06T08:02:42.205+0000] {subprocess.py:106} INFO - 	at scala.concurrent.BatchingExecutor.execute(BatchingExecutor.scala:110)
[2026-03-06T08:02:42.208+0000] {subprocess.py:106} INFO - 	at scala.concurrent.BatchingExecutor.execute$(BatchingExecutor.scala:107)
[2026-03-06T08:02:42.209+0000] {subprocess.py:106} INFO - 	at scala.concurrent.Future$InternalCallbackExecutor$.execute(Future.scala:873)
[2026-03-06T08:02:42.211+0000] {subprocess.py:106} INFO - 	at scala.concurrent.impl.CallbackRunnable.executeWithValue(Promise.scala:72)
[2026-03-06T08:02:42.215+0000] {subprocess.py:106} INFO - 	at scala.concurrent.impl.Promise$DefaultPromise.$anonfun$tryComplete$1(Promise.scala:288)
[2026-03-06T08:02:42.217+0000] {subprocess.py:106} INFO - 	at scala.concurrent.impl.Promise$DefaultPromise.$anonfun$tryComplete$1$adapted(Promise.scala:288)
[2026-03-06T08:02:42.218+0000] {subprocess.py:106} INFO - 	at scala.concurrent.impl.Promise$DefaultPromise.tryComplete(Promise.scala:288)
[2026-03-06T08:02:42.218+0000] {subprocess.py:106} INFO - 	at scala.concurrent.Promise.trySuccess(Promise.scala:94)
[2026-03-06T08:02:42.219+0000] {subprocess.py:106} INFO - 	at scala.concurrent.Promise.trySuccess$(Promise.scala:94)
[2026-03-06T08:02:42.222+0000] {subprocess.py:106} INFO - 	at scala.concurrent.impl.Promise$DefaultPromise.trySuccess(Promise.scala:187)
[2026-03-06T08:02:42.223+0000] {subprocess.py:106} INFO - 	at org.apache.spark.rpc.netty.NettyRpcEnv.onSuccess$1(NettyRpcEnv.scala:225)
[2026-03-06T08:02:42.223+0000] {subprocess.py:106} INFO - 	at org.apache.spark.rpc.netty.NettyRpcEnv.$anonfun$askAbortable$5(NettyRpcEnv.scala:239)
[2026-03-06T08:02:42.225+0000] {subprocess.py:106} INFO - 	at org.apache.spark.rpc.netty.NettyRpcEnv.$anonfun$askAbortable$5$adapted(NettyRpcEnv.scala:238)
[2026-03-06T08:02:42.229+0000] {subprocess.py:106} INFO - 	at scala.concurrent.impl.CallbackRunnable.run(Promise.scala:64)
[2026-03-06T08:02:42.235+0000] {subprocess.py:106} INFO - 	at org.apache.spark.util.ThreadUtils$$anon$1.execute(ThreadUtils.scala:99)
[2026-03-06T08:02:42.241+0000] {subprocess.py:106} INFO - 	at scala.concurrent.impl.ExecutionContextImpl$$anon$4.execute(ExecutionContextImpl.scala:138)
[2026-03-06T08:02:42.247+0000] {subprocess.py:106} INFO - 	at scala.concurrent.impl.CallbackRunnable.executeWithValue(Promise.scala:72)
[2026-03-06T08:02:42.249+0000] {subprocess.py:106} INFO - 	at scala.concurrent.impl.Promise$DefaultPromise.$anonfun$tryComplete$1(Promise.scala:288)
[2026-03-06T08:02:42.250+0000] {subprocess.py:106} INFO - 	at scala.concurrent.impl.Promise$DefaultPromise.$anonfun$tryComplete$1$adapted(Promise.scala:288)
[2026-03-06T08:02:42.251+0000] {subprocess.py:106} INFO - 	at scala.concurrent.impl.Promise$DefaultPromise.tryComplete(Promise.scala:288)
[2026-03-06T08:02:42.252+0000] {subprocess.py:106} INFO - 	at scala.concurrent.Promise.complete(Promise.scala:53)
[2026-03-06T08:02:42.253+0000] {subprocess.py:106} INFO - 	at scala.concurrent.Promise.complete$(Promise.scala:52)
[2026-03-06T08:02:42.264+0000] {subprocess.py:106} INFO - 	at scala.concurrent.impl.Promise$DefaultPromise.complete(Promise.scala:187)
[2026-03-06T08:02:42.268+0000] {subprocess.py:106} INFO - 	at scala.concurrent.Promise.success(Promise.scala:86)
[2026-03-06T08:02:42.270+0000] {subprocess.py:106} INFO - 	at scala.concurrent.Promise.success$(Promise.scala:86)
[2026-03-06T08:02:42.271+0000] {subprocess.py:106} INFO - 	at scala.concurrent.impl.Promise$DefaultPromise.success(Promise.scala:187)
[2026-03-06T08:02:42.272+0000] {subprocess.py:106} INFO - 	at org.apache.spark.rpc.netty.LocalNettyRpcCallContext.send(NettyRpcCallContext.scala:50)
[2026-03-06T08:02:42.273+0000] {subprocess.py:106} INFO - 	at org.apache.spark.rpc.netty.NettyRpcCallContext.reply(NettyRpcCallContext.scala:32)
[2026-03-06T08:02:42.274+0000] {subprocess.py:106} INFO - 	at org.apache.spark.rpc.netty.RpcEndpointVerifier$$anonfun$receiveAndReply$1.applyOrElse(RpcEndpointVerifier.scala:31)
[2026-03-06T08:02:42.275+0000] {subprocess.py:106} INFO - 	... 8 more
[2026-03-06T08:02:42.276+0000] {subprocess.py:106} INFO - 26/03/06 08:02:40 WARN Executor: Issue communicating with driver in heartbeater
[2026-03-06T08:02:42.277+0000] {subprocess.py:106} INFO - org.apache.spark.SparkException: Exception thrown in awaitResult:
[2026-03-06T08:02:42.278+0000] {subprocess.py:106} INFO - 	at org.apache.spark.util.SparkThreadUtils$.awaitResult(SparkThreadUtils.scala:56)
[2026-03-06T08:02:42.278+0000] {subprocess.py:106} INFO - 	at org.apache.spark.util.ThreadUtils$.awaitResult(ThreadUtils.scala:310)
[2026-03-06T08:02:42.279+0000] {subprocess.py:106} INFO - 	at org.apache.spark.rpc.RpcTimeout.awaitResult(RpcTimeout.scala:75)
[2026-03-06T08:02:42.280+0000] {subprocess.py:106} INFO - 	at org.apache.spark.rpc.RpcEndpointRef.askSync(RpcEndpointRef.scala:101)
[2026-03-06T08:02:42.281+0000] {subprocess.py:106} INFO - 	at org.apache.spark.rpc.RpcEndpointRef.askSync(RpcEndpointRef.scala:85)
[2026-03-06T08:02:42.282+0000] {subprocess.py:106} INFO - 	at org.apache.spark.storage.BlockManagerMaster.registerBlockManager(BlockManagerMaster.scala:80)
[2026-03-06T08:02:42.282+0000] {subprocess.py:106} INFO - 	at org.apache.spark.storage.BlockManager.reregister(BlockManager.scala:642)
[2026-03-06T08:02:42.283+0000] {subprocess.py:106} INFO - 	at org.apache.spark.executor.Executor.reportHeartBeat(Executor.scala:1223)
[2026-03-06T08:02:42.286+0000] {subprocess.py:106} INFO - 	at org.apache.spark.executor.Executor.$anonfun$heartbeater$1(Executor.scala:295)
[2026-03-06T08:02:42.288+0000] {subprocess.py:106} INFO - 	at scala.runtime.java8.JFunction0$mcV$sp.apply(JFunction0$mcV$sp.java:23)
[2026-03-06T08:02:42.289+0000] {subprocess.py:106} INFO - 	at org.apache.spark.util.Utils$.logUncaughtExceptions(Utils.scala:1928)
[2026-03-06T08:02:42.290+0000] {subprocess.py:106} INFO - 	at org.apache.spark.Heartbeater$$anon$1.run(Heartbeater.scala:46)
[2026-03-06T08:02:42.291+0000] {subprocess.py:106} INFO - 	at java.base/java.util.concurrent.Executors$RunnableAdapter.call(Executors.java:539)
[2026-03-06T08:02:42.292+0000] {subprocess.py:106} INFO - 	at java.base/java.util.concurrent.FutureTask.runAndReset(FutureTask.java:305)
[2026-03-06T08:02:42.293+0000] {subprocess.py:106} INFO - 	at java.base/java.util.concurrent.ScheduledThreadPoolExecutor$ScheduledFutureTask.run(ScheduledThreadPoolExecutor.java:305)
[2026-03-06T08:02:42.294+0000] {subprocess.py:106} INFO - 	at java.base/java.util.concurrent.ThreadPoolExecutor.runWorker(ThreadPoolExecutor.java:1136)
[2026-03-06T08:02:42.295+0000] {subprocess.py:106} INFO - 	at java.base/java.util.concurrent.ThreadPoolExecutor$Worker.run(ThreadPoolExecutor.java:635)
[2026-03-06T08:02:42.296+0000] {subprocess.py:106} INFO - 	at java.base/java.lang.Thread.run(Thread.java:840)
[2026-03-06T08:02:42.297+0000] {subprocess.py:106} INFO - Caused by: org.apache.spark.SparkException: Exception thrown in awaitResult:
[2026-03-06T08:02:42.297+0000] {subprocess.py:106} INFO - 	at org.apache.spark.util.SparkThreadUtils$.awaitResult(SparkThreadUtils.scala:56)
[2026-03-06T08:02:42.298+0000] {subprocess.py:106} INFO - 	at org.apache.spark.util.ThreadUtils$.awaitResult(ThreadUtils.scala:310)
[2026-03-06T08:02:42.299+0000] {subprocess.py:106} INFO - 	at org.apache.spark.rpc.RpcTimeout.awaitResult(RpcTimeout.scala:75)
[2026-03-06T08:02:42.301+0000] {subprocess.py:106} INFO - 	at org.apache.spark.rpc.RpcEnv.setupEndpointRefByURI(RpcEnv.scala:102)
[2026-03-06T08:02:42.302+0000] {subprocess.py:106} INFO - 	at org.apache.spark.rpc.RpcEnv.setupEndpointRef(RpcEnv.scala:110)
[2026-03-06T08:02:42.302+0000] {subprocess.py:106} INFO - 	at org.apache.spark.util.RpcUtils$.makeDriverRef(RpcUtils.scala:36)
[2026-03-06T08:02:42.303+0000] {subprocess.py:106} INFO - 	at org.apache.spark.storage.BlockManagerMasterEndpoint.driverEndpoint$lzycompute(BlockManagerMasterEndpoint.scala:124)
[2026-03-06T08:02:42.304+0000] {subprocess.py:106} INFO - 	at org.apache.spark.storage.BlockManagerMasterEndpoint.org$apache$spark$storage$BlockManagerMasterEndpoint$$driverEndpoint(BlockManagerMasterEndpoint.scala:123)
[2026-03-06T08:02:42.305+0000] {subprocess.py:106} INFO - 	at org.apache.spark.storage.BlockManagerMasterEndpoint.isExecutorAlive$lzycompute$1(BlockManagerMasterEndpoint.scala:688)
[2026-03-06T08:02:42.306+0000] {subprocess.py:106} INFO - 	at org.apache.spark.storage.BlockManagerMasterEndpoint.isExecutorAlive$1(BlockManagerMasterEndpoint.scala:687)
[2026-03-06T08:02:42.309+0000] {subprocess.py:106} INFO - 	at org.apache.spark.storage.BlockManagerMasterEndpoint.org$apache$spark$storage$BlockManagerMasterEndpoint$$register(BlockManagerMasterEndpoint.scala:725)
[2026-03-06T08:02:42.311+0000] {subprocess.py:106} INFO - 	at org.apache.spark.storage.BlockManagerMasterEndpoint$$anonfun$receiveAndReply$1.applyOrElse(BlockManagerMasterEndpoint.scala:133)
[2026-03-06T08:02:42.315+0000] {subprocess.py:106} INFO - 	at org.apache.spark.rpc.netty.Inbox.$anonfun$process$1(Inbox.scala:103)
[2026-03-06T08:02:42.316+0000] {subprocess.py:106} INFO - 	at org.apache.spark.rpc.netty.Inbox.safelyCall(Inbox.scala:213)
[2026-03-06T08:02:42.317+0000] {subprocess.py:106} INFO - 	at org.apache.spark.rpc.netty.Inbox.process(Inbox.scala:100)
[2026-03-06T08:02:42.318+0000] {subprocess.py:106} INFO - 	at org.apache.spark.rpc.netty.MessageLoop.org$apache$spark$rpc$netty$MessageLoop$$receiveLoop(MessageLoop.scala:75)
[2026-03-06T08:02:42.320+0000] {subprocess.py:106} INFO - 	at org.apache.spark.rpc.netty.MessageLoop$$anon$1.run(MessageLoop.scala:41)
[2026-03-06T08:02:42.321+0000] {subprocess.py:106} INFO - 	... 3 more
[2026-03-06T08:02:42.323+0000] {subprocess.py:106} INFO - Caused by: org.apache.spark.rpc.RpcEndpointNotFoundException: Cannot find endpoint: spark://CoarseGrainedScheduler@eb669c802a68:36887
[2026-03-06T08:02:42.324+0000] {subprocess.py:106} INFO - 	at org.apache.spark.rpc.netty.NettyRpcEnv.$anonfun$asyncSetupEndpointRefByURI$1(NettyRpcEnv.scala:148)
[2026-03-06T08:02:42.325+0000] {subprocess.py:106} INFO - 	at org.apache.spark.rpc.netty.NettyRpcEnv.$anonfun$asyncSetupEndpointRefByURI$1$adapted(NettyRpcEnv.scala:144)
[2026-03-06T08:02:42.326+0000] {subprocess.py:106} INFO - 	at scala.concurrent.Future.$anonfun$flatMap$1(Future.scala:307)
[2026-03-06T08:02:42.327+0000] {subprocess.py:106} INFO - 	at scala.concurrent.impl.Promise.$anonfun$transformWith$1(Promise.scala:41)
[2026-03-06T08:02:42.328+0000] {subprocess.py:106} INFO - 	at scala.concurrent.impl.CallbackRunnable.run(Promise.scala:64)
[2026-03-06T08:02:42.329+0000] {subprocess.py:106} INFO - 	at org.apache.spark.util.ThreadUtils$$anon$1.execute(ThreadUtils.scala:99)
[2026-03-06T08:02:42.330+0000] {subprocess.py:106} INFO - 	at scala.concurrent.impl.ExecutionContextImpl$$anon$4.execute(ExecutionContextImpl.scala:138)
[2026-03-06T08:02:42.331+0000] {subprocess.py:106} INFO - 	at scala.concurrent.impl.CallbackRunnable.executeWithValue(Promise.scala:72)
[2026-03-06T08:02:42.332+0000] {subprocess.py:106} INFO - 	at scala.concurrent.impl.Promise$DefaultPromise.$anonfun$tryComplete$1(Promise.scala:288)
[2026-03-06T08:02:42.333+0000] {subprocess.py:106} INFO - 	at scala.concurrent.impl.Promise$DefaultPromise.$anonfun$tryComplete$1$adapted(Promise.scala:288)
[2026-03-06T08:02:42.334+0000] {subprocess.py:106} INFO - 	at scala.concurrent.impl.Promise$DefaultPromise.tryComplete(Promise.scala:288)
[2026-03-06T08:02:42.334+0000] {subprocess.py:106} INFO - 	at scala.concurrent.Promise.complete(Promise.scala:53)
[2026-03-06T08:02:42.335+0000] {subprocess.py:106} INFO - 	at scala.concurrent.Promise.complete$(Promise.scala:52)
[2026-03-06T08:02:42.336+0000] {subprocess.py:106} INFO - 	at scala.concurrent.impl.Promise$DefaultPromise.complete(Promise.scala:187)
[2026-03-06T08:02:42.337+0000] {subprocess.py:106} INFO - 	at scala.concurrent.impl.Promise.$anonfun$transform$1(Promise.scala:33)
[2026-03-06T08:02:42.338+0000] {subprocess.py:106} INFO - 	at scala.concurrent.impl.CallbackRunnable.run(Promise.scala:64)
[2026-03-06T08:02:42.339+0000] {subprocess.py:106} INFO - 	at org.apache.spark.util.ThreadUtils$$anon$1.execute(ThreadUtils.scala:99)
[2026-03-06T08:02:42.339+0000] {subprocess.py:106} INFO - 	at scala.concurrent.impl.ExecutionContextImpl$$anon$4.execute(ExecutionContextImpl.scala:138)
[2026-03-06T08:02:42.340+0000] {subprocess.py:106} INFO - 	at scala.concurrent.impl.CallbackRunnable.executeWithValue(Promise.scala:72)
[2026-03-06T08:02:42.341+0000] {subprocess.py:106} INFO - 	at scala.concurrent.impl.Promise$DefaultPromise.$anonfun$tryComplete$1(Promise.scala:288)
[2026-03-06T08:02:42.342+0000] {subprocess.py:106} INFO - 	at scala.concurrent.impl.Promise$DefaultPromise.$anonfun$tryComplete$1$adapted(Promise.scala:288)
[2026-03-06T08:02:42.343+0000] {subprocess.py:106} INFO - 	at scala.concurrent.impl.Promise$DefaultPromise.tryComplete(Promise.scala:288)
[2026-03-06T08:02:42.344+0000] {subprocess.py:106} INFO - 	at scala.concurrent.Promise.complete(Promise.scala:53)
[2026-03-06T08:02:42.345+0000] {subprocess.py:106} INFO - 	at scala.concurrent.Promise.complete$(Promise.scala:52)
[2026-03-06T08:02:42.348+0000] {subprocess.py:106} INFO - 	at scala.concurrent.impl.Promise$DefaultPromise.complete(Promise.scala:187)
[2026-03-06T08:02:42.350+0000] {subprocess.py:106} INFO - 	at scala.concurrent.impl.Promise.$anonfun$transform$1(Promise.scala:33)
[2026-03-06T08:02:42.352+0000] {subprocess.py:106} INFO - 	at scala.concurrent.impl.CallbackRunnable.run(Promise.scala:64)
[2026-03-06T08:02:42.354+0000] {subprocess.py:106} INFO - 	at scala.concurrent.BatchingExecutor$Batch.processBatch$1(BatchingExecutor.scala:67)
[2026-03-06T08:02:42.361+0000] {subprocess.py:106} INFO - 	at scala.concurrent.BatchingExecutor$Batch.$anonfun$run$1(BatchingExecutor.scala:82)
[2026-03-06T08:02:42.365+0000] {subprocess.py:106} INFO - 	at scala.runtime.java8.JFunction0$mcV$sp.apply(JFunction0$mcV$sp.java:23)
[2026-03-06T08:02:42.366+0000] {subprocess.py:106} INFO - 	at scala.concurrent.BlockContext$.withBlockContext(BlockContext.scala:85)
[2026-03-06T08:02:42.366+0000] {subprocess.py:106} INFO - 	at scala.concurrent.BatchingExecutor$Batch.run(BatchingExecutor.scala:59)
[2026-03-06T08:02:42.367+0000] {subprocess.py:106} INFO - 	at scala.concurrent.Future$InternalCallbackExecutor$.unbatchedExecute(Future.scala:875)
[2026-03-06T08:02:42.368+0000] {subprocess.py:106} INFO - 	at scala.concurrent.BatchingExecutor.execute(BatchingExecutor.scala:110)
[2026-03-06T08:02:42.369+0000] {subprocess.py:106} INFO - 	at scala.concurrent.BatchingExecutor.execute$(BatchingExecutor.scala:107)
[2026-03-06T08:02:42.370+0000] {subprocess.py:106} INFO - 	at scala.concurrent.Future$InternalCallbackExecutor$.execute(Future.scala:873)
[2026-03-06T08:02:42.371+0000] {subprocess.py:106} INFO - 	at scala.concurrent.impl.CallbackRunnable.executeWithValue(Promise.scala:72)
[2026-03-06T08:02:42.371+0000] {subprocess.py:106} INFO - 	at scala.concurrent.impl.Promise$DefaultPromise.$anonfun$tryComplete$1(Promise.scala:288)
[2026-03-06T08:02:42.372+0000] {subprocess.py:106} INFO - 	at scala.concurrent.impl.Promise$DefaultPromise.$anonfun$tryComplete$1$adapted(Promise.scala:288)
[2026-03-06T08:02:42.373+0000] {subprocess.py:106} INFO - 	at scala.concurrent.impl.Promise$DefaultPromise.tryComplete(Promise.scala:288)
[2026-03-06T08:02:42.374+0000] {subprocess.py:106} INFO - 	at scala.concurrent.Promise.trySuccess(Promise.scala:94)
[2026-03-06T08:02:42.375+0000] {subprocess.py:106} INFO - 	at scala.concurrent.Promise.trySuccess$(Promise.scala:94)
[2026-03-06T08:02:42.376+0000] {subprocess.py:106} INFO - 	at scala.concurrent.impl.Promise$DefaultPromise.trySuccess(Promise.scala:187)
[2026-03-06T08:02:42.376+0000] {subprocess.py:106} INFO - 	at org.apache.spark.rpc.netty.NettyRpcEnv.onSuccess$1(NettyRpcEnv.scala:225)
[2026-03-06T08:02:42.377+0000] {subprocess.py:106} INFO - 	at org.apache.spark.rpc.netty.NettyRpcEnv.$anonfun$askAbortable$5(NettyRpcEnv.scala:239)
[2026-03-06T08:02:42.378+0000] {subprocess.py:106} INFO - 	at org.apache.spark.rpc.netty.NettyRpcEnv.$anonfun$askAbortable$5$adapted(NettyRpcEnv.scala:238)
[2026-03-06T08:02:42.379+0000] {subprocess.py:106} INFO - 	at scala.concurrent.impl.CallbackRunnable.run(Promise.scala:64)
[2026-03-06T08:02:42.382+0000] {subprocess.py:106} INFO - 	at org.apache.spark.util.ThreadUtils$$anon$1.execute(ThreadUtils.scala:99)
[2026-03-06T08:02:42.384+0000] {subprocess.py:106} INFO - 	at scala.concurrent.impl.ExecutionContextImpl$$anon$4.execute(ExecutionContextImpl.scala:138)
[2026-03-06T08:02:42.385+0000] {subprocess.py:106} INFO - 	at scala.concurrent.impl.CallbackRunnable.executeWithValue(Promise.scala:72)
[2026-03-06T08:02:42.386+0000] {subprocess.py:106} INFO - 	at scala.concurrent.impl.Promise$DefaultPromise.$anonfun$tryComplete$1(Promise.scala:288)
[2026-03-06T08:02:42.387+0000] {subprocess.py:106} INFO - 	at scala.concurrent.impl.Promise$DefaultPromise.$anonfun$tryComplete$1$adapted(Promise.scala:288)
[2026-03-06T08:02:42.388+0000] {subprocess.py:106} INFO - 	at scala.concurrent.impl.Promise$DefaultPromise.tryComplete(Promise.scala:288)
[2026-03-06T08:02:42.389+0000] {subprocess.py:106} INFO - 	at scala.concurrent.Promise.complete(Promise.scala:53)
[2026-03-06T08:02:42.389+0000] {subprocess.py:106} INFO - 	at scala.concurrent.Promise.complete$(Promise.scala:52)
[2026-03-06T08:02:42.390+0000] {subprocess.py:106} INFO - 	at scala.concurrent.impl.Promise$DefaultPromise.complete(Promise.scala:187)
[2026-03-06T08:02:42.391+0000] {subprocess.py:106} INFO - 	at scala.concurrent.Promise.success(Promise.scala:86)
[2026-03-06T08:02:42.392+0000] {subprocess.py:106} INFO - 	at scala.concurrent.Promise.success$(Promise.scala:86)
[2026-03-06T08:02:42.392+0000] {subprocess.py:106} INFO - 	at scala.concurrent.impl.Promise$DefaultPromise.success(Promise.scala:187)
[2026-03-06T08:02:42.393+0000] {subprocess.py:106} INFO - 	at org.apache.spark.rpc.netty.LocalNettyRpcCallContext.send(NettyRpcCallContext.scala:50)
[2026-03-06T08:02:42.394+0000] {subprocess.py:106} INFO - 	at org.apache.spark.rpc.netty.NettyRpcCallContext.reply(NettyRpcCallContext.scala:32)
[2026-03-06T08:02:42.395+0000] {subprocess.py:106} INFO - 	at org.apache.spark.rpc.netty.RpcEndpointVerifier$$anonfun$receiveAndReply$1.applyOrElse(RpcEndpointVerifier.scala:31)
[2026-03-06T08:02:42.396+0000] {subprocess.py:106} INFO - 	... 8 more
[2026-03-06T08:02:42.397+0000] {subprocess.py:106} INFO - 26/03/06 08:02:40 ERROR Inbox: Ignoring error
[2026-03-06T08:02:42.398+0000] {subprocess.py:106} INFO - org.apache.spark.SparkException: Exception thrown in awaitResult:
[2026-03-06T08:02:42.399+0000] {subprocess.py:106} INFO - 	at org.apache.spark.util.SparkThreadUtils$.awaitResult(SparkThreadUtils.scala:56)
[2026-03-06T08:02:42.402+0000] {subprocess.py:106} INFO - 	at org.apache.spark.util.ThreadUtils$.awaitResult(ThreadUtils.scala:310)
[2026-03-06T08:02:42.404+0000] {subprocess.py:106} INFO - 	at org.apache.spark.rpc.RpcTimeout.awaitResult(RpcTimeout.scala:75)
[2026-03-06T08:02:42.406+0000] {subprocess.py:106} INFO - 	at org.apache.spark.rpc.RpcEnv.setupEndpointRefByURI(RpcEnv.scala:102)
[2026-03-06T08:02:42.410+0000] {subprocess.py:106} INFO - 	at org.apache.spark.rpc.RpcEnv.setupEndpointRef(RpcEnv.scala:110)
[2026-03-06T08:02:42.417+0000] {subprocess.py:106} INFO - 	at org.apache.spark.util.RpcUtils$.makeDriverRef(RpcUtils.scala:36)
[2026-03-06T08:02:42.418+0000] {subprocess.py:106} INFO - 	at org.apache.spark.storage.BlockManagerMasterEndpoint.driverEndpoint$lzycompute(BlockManagerMasterEndpoint.scala:124)
[2026-03-06T08:02:42.421+0000] {subprocess.py:106} INFO - 	at org.apache.spark.storage.BlockManagerMasterEndpoint.org$apache$spark$storage$BlockManagerMasterEndpoint$$driverEndpoint(BlockManagerMasterEndpoint.scala:123)
[2026-03-06T08:02:42.423+0000] {subprocess.py:106} INFO - 	at org.apache.spark.storage.BlockManagerMasterEndpoint.isExecutorAlive$lzycompute$1(BlockManagerMasterEndpoint.scala:688)
[2026-03-06T08:02:42.424+0000] {subprocess.py:106} INFO - 	at org.apache.spark.storage.BlockManagerMasterEndpoint.isExecutorAlive$1(BlockManagerMasterEndpoint.scala:687)
[2026-03-06T08:02:42.426+0000] {subprocess.py:106} INFO - 	at org.apache.spark.storage.BlockManagerMasterEndpoint.org$apache$spark$storage$BlockManagerMasterEndpoint$$register(BlockManagerMasterEndpoint.scala:725)
[2026-03-06T08:02:42.430+0000] {subprocess.py:106} INFO - 	at org.apache.spark.storage.BlockManagerMasterEndpoint$$anonfun$receiveAndReply$1.applyOrElse(BlockManagerMasterEndpoint.scala:133)
[2026-03-06T08:02:42.432+0000] {subprocess.py:106} INFO - 	at org.apache.spark.rpc.netty.Inbox.$anonfun$process$1(Inbox.scala:103)
[2026-03-06T08:02:42.433+0000] {subprocess.py:106} INFO - 	at org.apache.spark.rpc.netty.Inbox.safelyCall(Inbox.scala:213)
[2026-03-06T08:02:42.434+0000] {subprocess.py:106} INFO - 	at org.apache.spark.rpc.netty.Inbox.process(Inbox.scala:100)
[2026-03-06T08:02:42.435+0000] {subprocess.py:106} INFO - 	at org.apache.spark.rpc.netty.MessageLoop.org$apache$spark$rpc$netty$MessageLoop$$receiveLoop(MessageLoop.scala:75)
[2026-03-06T08:02:42.436+0000] {subprocess.py:106} INFO - 	at org.apache.spark.rpc.netty.MessageLoop$$anon$1.run(MessageLoop.scala:41)
[2026-03-06T08:02:42.437+0000] {subprocess.py:106} INFO - 	at java.base/java.util.concurrent.ThreadPoolExecutor.runWorker(ThreadPoolExecutor.java:1136)
[2026-03-06T08:02:42.438+0000] {subprocess.py:106} INFO - 	at java.base/java.util.concurrent.ThreadPoolExecutor$Worker.run(ThreadPoolExecutor.java:635)
[2026-03-06T08:02:42.438+0000] {subprocess.py:106} INFO - 	at java.base/java.lang.Thread.run(Thread.java:840)
[2026-03-06T08:02:42.439+0000] {subprocess.py:106} INFO - Caused by: org.apache.spark.rpc.RpcEndpointNotFoundException: Cannot find endpoint: spark://CoarseGrainedScheduler@eb669c802a68:36887
[2026-03-06T08:02:42.441+0000] {subprocess.py:106} INFO - 	at org.apache.spark.rpc.netty.NettyRpcEnv.$anonfun$asyncSetupEndpointRefByURI$1(NettyRpcEnv.scala:148)
[2026-03-06T08:02:42.443+0000] {subprocess.py:106} INFO - 	at org.apache.spark.rpc.netty.NettyRpcEnv.$anonfun$asyncSetupEndpointRefByURI$1$adapted(NettyRpcEnv.scala:144)
[2026-03-06T08:02:42.444+0000] {subprocess.py:106} INFO - 	at scala.concurrent.Future.$anonfun$flatMap$1(Future.scala:307)
[2026-03-06T08:02:42.446+0000] {subprocess.py:106} INFO - 	at scala.concurrent.impl.Promise.$anonfun$transformWith$1(Promise.scala:41)
[2026-03-06T08:02:42.447+0000] {subprocess.py:106} INFO - 	at scala.concurrent.impl.CallbackRunnable.run(Promise.scala:64)
[2026-03-06T08:02:42.449+0000] {subprocess.py:106} INFO - 	at org.apache.spark.util.ThreadUtils$$anon$1.execute(ThreadUtils.scala:99)
[2026-03-06T08:02:42.451+0000] {subprocess.py:106} INFO - 	at scala.concurrent.impl.ExecutionContextImpl$$anon$4.execute(ExecutionContextImpl.scala:138)
[2026-03-06T08:02:42.452+0000] {subprocess.py:106} INFO - 	at scala.concurrent.impl.CallbackRunnable.executeWithValue(Promise.scala:72)
[2026-03-06T08:02:42.456+0000] {subprocess.py:106} INFO - 	at scala.concurrent.impl.Promise$DefaultPromise.$anonfun$tryComplete$1(Promise.scala:288)
[2026-03-06T08:02:42.460+0000] {subprocess.py:106} INFO - 	at scala.concurrent.impl.Promise$DefaultPromise.$anonfun$tryComplete$1$adapted(Promise.scala:288)
[2026-03-06T08:02:42.461+0000] {subprocess.py:106} INFO - 	at scala.concurrent.impl.Promise$DefaultPromise.tryComplete(Promise.scala:288)
[2026-03-06T08:02:42.462+0000] {subprocess.py:106} INFO - 	at scala.concurrent.Promise.complete(Promise.scala:53)
[2026-03-06T08:02:42.465+0000] {subprocess.py:106} INFO - 	at scala.concurrent.Promise.complete$(Promise.scala:52)
[2026-03-06T08:02:42.469+0000] {subprocess.py:106} INFO - 	at scala.concurrent.impl.Promise$DefaultPromise.complete(Promise.scala:187)
[2026-03-06T08:02:42.473+0000] {subprocess.py:106} INFO - 	at scala.concurrent.impl.Promise.$anonfun$transform$1(Promise.scala:33)
[2026-03-06T08:02:42.477+0000] {subprocess.py:106} INFO - 	at scala.concurrent.impl.CallbackRunnable.run(Promise.scala:64)
[2026-03-06T08:02:42.480+0000] {subprocess.py:106} INFO - 	at org.apache.spark.util.ThreadUtils$$anon$1.execute(ThreadUtils.scala:99)
[2026-03-06T08:02:42.481+0000] {subprocess.py:106} INFO - 	at scala.concurrent.impl.ExecutionContextImpl$$anon$4.execute(ExecutionContextImpl.scala:138)
[2026-03-06T08:02:42.484+0000] {subprocess.py:106} INFO - 	at scala.concurrent.impl.CallbackRunnable.executeWithValue(Promise.scala:72)
[2026-03-06T08:02:42.485+0000] {subprocess.py:106} INFO - 	at scala.concurrent.impl.Promise$DefaultPromise.$anonfun$tryComplete$1(Promise.scala:288)
[2026-03-06T08:02:42.486+0000] {subprocess.py:106} INFO - 	at scala.concurrent.impl.Promise$DefaultPromise.$anonfun$tryComplete$1$adapted(Promise.scala:288)
[2026-03-06T08:02:42.488+0000] {subprocess.py:106} INFO - 	at scala.concurrent.impl.Promise$DefaultPromise.tryComplete(Promise.scala:288)
[2026-03-06T08:02:42.490+0000] {subprocess.py:106} INFO - 	at scala.concurrent.Promise.complete(Promise.scala:53)
[2026-03-06T08:02:42.491+0000] {subprocess.py:106} INFO - 	at scala.concurrent.Promise.complete$(Promise.scala:52)
[2026-03-06T08:02:42.494+0000] {subprocess.py:106} INFO - 	at scala.concurrent.impl.Promise$DefaultPromise.complete(Promise.scala:187)
[2026-03-06T08:02:42.501+0000] {subprocess.py:106} INFO - 	at scala.concurrent.impl.Promise.$anonfun$transform$1(Promise.scala:33)
[2026-03-06T08:02:42.502+0000] {subprocess.py:106} INFO - 	at scala.concurrent.impl.CallbackRunnable.run(Promise.scala:64)
[2026-03-06T08:02:42.504+0000] {subprocess.py:106} INFO - 	at scala.concurrent.BatchingExecutor$Batch.processBatch$1(BatchingExecutor.scala:67)
[2026-03-06T08:02:42.505+0000] {subprocess.py:106} INFO - 	at scala.concurrent.BatchingExecutor$Batch.$anonfun$run$1(BatchingExecutor.scala:82)
[2026-03-06T08:02:42.506+0000] {subprocess.py:106} INFO - 	at scala.runtime.java8.JFunction0$mcV$sp.apply(JFunction0$mcV$sp.java:23)
[2026-03-06T08:02:42.508+0000] {subprocess.py:106} INFO - 	at scala.concurrent.BlockContext$.withBlockContext(BlockContext.scala:85)
[2026-03-06T08:02:42.510+0000] {subprocess.py:106} INFO - 	at scala.concurrent.BatchingExecutor$Batch.run(BatchingExecutor.scala:59)
[2026-03-06T08:02:42.511+0000] {subprocess.py:106} INFO - 	at scala.concurrent.Future$InternalCallbackExecutor$.unbatchedExecute(Future.scala:875)
[2026-03-06T08:02:42.513+0000] {subprocess.py:106} INFO - 	at scala.concurrent.BatchingExecutor.execute(BatchingExecutor.scala:110)
[2026-03-06T08:02:42.515+0000] {subprocess.py:106} INFO - 	at scala.concurrent.BatchingExecutor.execute$(BatchingExecutor.scala:107)
[2026-03-06T08:02:42.516+0000] {subprocess.py:106} INFO - 	at scala.concurrent.Future$InternalCallbackExecutor$.execute(Future.scala:873)
[2026-03-06T08:02:42.516+0000] {subprocess.py:106} INFO - 	at scala.concurrent.impl.CallbackRunnable.executeWithValue(Promise.scala:72)
[2026-03-06T08:02:42.517+0000] {subprocess.py:106} INFO - 	at scala.concurrent.impl.Promise$DefaultPromise.$anonfun$tryComplete$1(Promise.scala:288)
[2026-03-06T08:02:42.518+0000] {subprocess.py:106} INFO - 	at scala.concurrent.impl.Promise$DefaultPromise.$anonfun$tryComplete$1$adapted(Promise.scala:288)
[2026-03-06T08:02:42.518+0000] {subprocess.py:106} INFO - 	at scala.concurrent.impl.Promise$DefaultPromise.tryComplete(Promise.scala:288)
[2026-03-06T08:02:42.519+0000] {subprocess.py:106} INFO - 	at scala.concurrent.Promise.trySuccess(Promise.scala:94)
[2026-03-06T08:02:42.520+0000] {subprocess.py:106} INFO - 	at scala.concurrent.Promise.trySuccess$(Promise.scala:94)
[2026-03-06T08:02:42.520+0000] {subprocess.py:106} INFO - 	at scala.concurrent.impl.Promise$DefaultPromise.trySuccess(Promise.scala:187)
[2026-03-06T08:02:42.521+0000] {subprocess.py:106} INFO - 	at org.apache.spark.rpc.netty.NettyRpcEnv.onSuccess$1(NettyRpcEnv.scala:225)
[2026-03-06T08:02:42.522+0000] {subprocess.py:106} INFO - 	at org.apache.spark.rpc.netty.NettyRpcEnv.$anonfun$askAbortable$5(NettyRpcEnv.scala:239)
[2026-03-06T08:02:42.523+0000] {subprocess.py:106} INFO - 	at org.apache.spark.rpc.netty.NettyRpcEnv.$anonfun$askAbortable$5$adapted(NettyRpcEnv.scala:238)
[2026-03-06T08:02:42.524+0000] {subprocess.py:106} INFO - 	at scala.concurrent.impl.CallbackRunnable.run(Promise.scala:64)
[2026-03-06T08:02:42.525+0000] {subprocess.py:106} INFO - 	at org.apache.spark.util.ThreadUtils$$anon$1.execute(ThreadUtils.scala:99)
[2026-03-06T08:02:42.526+0000] {subprocess.py:106} INFO - 	at scala.concurrent.impl.ExecutionContextImpl$$anon$4.execute(ExecutionContextImpl.scala:138)
[2026-03-06T08:02:42.526+0000] {subprocess.py:106} INFO - 	at scala.concurrent.impl.CallbackRunnable.executeWithValue(Promise.scala:72)
[2026-03-06T08:02:42.527+0000] {subprocess.py:106} INFO - 	at scala.concurrent.impl.Promise$DefaultPromise.$anonfun$tryComplete$1(Promise.scala:288)
[2026-03-06T08:02:42.528+0000] {subprocess.py:106} INFO - 	at scala.concurrent.impl.Promise$DefaultPromise.$anonfun$tryComplete$1$adapted(Promise.scala:288)
[2026-03-06T08:02:42.529+0000] {subprocess.py:106} INFO - 	at scala.concurrent.impl.Promise$DefaultPromise.tryComplete(Promise.scala:288)
[2026-03-06T08:02:42.529+0000] {subprocess.py:106} INFO - 	at scala.concurrent.Promise.complete(Promise.scala:53)
[2026-03-06T08:02:42.530+0000] {subprocess.py:106} INFO - 	at scala.concurrent.Promise.complete$(Promise.scala:52)
[2026-03-06T08:02:42.531+0000] {subprocess.py:106} INFO - 	at scala.concurrent.impl.Promise$DefaultPromise.complete(Promise.scala:187)
[2026-03-06T08:02:42.532+0000] {subprocess.py:106} INFO - 	at scala.concurrent.Promise.success(Promise.scala:86)
[2026-03-06T08:02:42.532+0000] {subprocess.py:106} INFO - 	at scala.concurrent.Promise.success$(Promise.scala:86)
[2026-03-06T08:02:42.533+0000] {subprocess.py:106} INFO - 	at scala.concurrent.impl.Promise$DefaultPromise.success(Promise.scala:187)
[2026-03-06T08:02:42.534+0000] {subprocess.py:106} INFO - 	at org.apache.spark.rpc.netty.LocalNettyRpcCallContext.send(NettyRpcCallContext.scala:50)
[2026-03-06T08:02:42.535+0000] {subprocess.py:106} INFO - 	at org.apache.spark.rpc.netty.NettyRpcCallContext.reply(NettyRpcCallContext.scala:32)
[2026-03-06T08:02:42.536+0000] {subprocess.py:106} INFO - 	at org.apache.spark.rpc.netty.RpcEndpointVerifier$$anonfun$receiveAndReply$1.applyOrElse(RpcEndpointVerifier.scala:31)
[2026-03-06T08:02:42.537+0000] {subprocess.py:106} INFO - 	... 8 more
[2026-03-06T08:02:42.539+0000] {subprocess.py:106} INFO - 26/03/06 08:02:41 ERROR Inbox: Ignoring error
[2026-03-06T08:02:42.545+0000] {subprocess.py:106} INFO - org.apache.spark.SparkException: Exception thrown in awaitResult:
[2026-03-06T08:02:42.546+0000] {subprocess.py:106} INFO - 	at org.apache.spark.util.SparkThreadUtils$.awaitResult(SparkThreadUtils.scala:56)
[2026-03-06T08:02:42.548+0000] {subprocess.py:106} INFO - 	at org.apache.spark.util.ThreadUtils$.awaitResult(ThreadUtils.scala:310)
[2026-03-06T08:02:42.549+0000] {subprocess.py:106} INFO - 	at org.apache.spark.rpc.RpcTimeout.awaitResult(RpcTimeout.scala:75)
[2026-03-06T08:02:42.550+0000] {subprocess.py:106} INFO - 	at org.apache.spark.rpc.RpcEnv.setupEndpointRefByURI(RpcEnv.scala:102)
[2026-03-06T08:02:42.551+0000] {subprocess.py:106} INFO - 	at org.apache.spark.rpc.RpcEnv.setupEndpointRef(RpcEnv.scala:110)
[2026-03-06T08:02:42.552+0000] {subprocess.py:106} INFO - 	at org.apache.spark.util.RpcUtils$.makeDriverRef(RpcUtils.scala:36)
[2026-03-06T08:02:42.555+0000] {subprocess.py:106} INFO - 	at org.apache.spark.storage.BlockManagerMasterEndpoint.driverEndpoint$lzycompute(BlockManagerMasterEndpoint.scala:124)
[2026-03-06T08:02:42.556+0000] {subprocess.py:106} INFO - 	at org.apache.spark.storage.BlockManagerMasterEndpoint.org$apache$spark$storage$BlockManagerMasterEndpoint$$driverEndpoint(BlockManagerMasterEndpoint.scala:123)
[2026-03-06T08:02:42.557+0000] {subprocess.py:106} INFO - 	at org.apache.spark.storage.BlockManagerMasterEndpoint.isExecutorAlive$lzycompute$1(BlockManagerMasterEndpoint.scala:688)
[2026-03-06T08:02:42.558+0000] {subprocess.py:106} INFO - 	at org.apache.spark.storage.BlockManagerMasterEndpoint.isExecutorAlive$1(BlockManagerMasterEndpoint.scala:687)
[2026-03-06T08:02:42.559+0000] {subprocess.py:106} INFO - 	at org.apache.spark.storage.BlockManagerMasterEndpoint.org$apache$spark$storage$BlockManagerMasterEndpoint$$register(BlockManagerMasterEndpoint.scala:725)
[2026-03-06T08:02:42.560+0000] {subprocess.py:106} INFO - 	at org.apache.spark.storage.BlockManagerMasterEndpoint$$anonfun$receiveAndReply$1.applyOrElse(BlockManagerMasterEndpoint.scala:133)
[2026-03-06T08:02:42.561+0000] {subprocess.py:106} INFO - 	at org.apache.spark.rpc.netty.Inbox.$anonfun$process$1(Inbox.scala:103)
[2026-03-06T08:02:42.562+0000] {subprocess.py:106} INFO - 	at org.apache.spark.rpc.netty.Inbox.safelyCall(Inbox.scala:213)
[2026-03-06T08:02:42.563+0000] {subprocess.py:106} INFO - 	at org.apache.spark.rpc.netty.Inbox.process(Inbox.scala:100)
[2026-03-06T08:02:42.563+0000] {subprocess.py:106} INFO - 	at org.apache.spark.rpc.netty.MessageLoop.org$apache$spark$rpc$netty$MessageLoop$$receiveLoop(MessageLoop.scala:75)
[2026-03-06T08:02:42.564+0000] {subprocess.py:106} INFO - 	at org.apache.spark.rpc.netty.MessageLoop$$anon$1.run(MessageLoop.scala:41)
[2026-03-06T08:02:42.565+0000] {subprocess.py:106} INFO - 	at java.base/java.util.concurrent.ThreadPoolExecutor.runWorker(ThreadPoolExecutor.java:1136)
[2026-03-06T08:02:42.566+0000] {subprocess.py:106} INFO - 	at java.base/java.util.concurrent.ThreadPoolExecutor$Worker.run(ThreadPoolExecutor.java:635)
[2026-03-06T08:02:42.567+0000] {subprocess.py:106} INFO - 	at java.base/java.lang.Thread.run(Thread.java:840)
[2026-03-06T08:02:42.568+0000] {subprocess.py:106} INFO - Caused by: org.apache.spark.rpc.RpcEndpointNotFoundException: Cannot find endpoint: spark://CoarseGrainedScheduler@eb669c802a68:36887
[2026-03-06T08:02:42.569+0000] {subprocess.py:106} INFO - 	at org.apache.spark.rpc.netty.NettyRpcEnv.$anonfun$asyncSetupEndpointRefByURI$1(NettyRpcEnv.scala:148)
[2026-03-06T08:02:42.570+0000] {subprocess.py:106} INFO - 	at org.apache.spark.rpc.netty.NettyRpcEnv.$anonfun$asyncSetupEndpointRefByURI$1$adapted(NettyRpcEnv.scala:144)
[2026-03-06T08:02:42.572+0000] {subprocess.py:106} INFO - 	at scala.concurrent.Future.$anonfun$flatMap$1(Future.scala:307)
[2026-03-06T08:02:42.573+0000] {subprocess.py:106} INFO - 	at scala.concurrent.impl.Promise.$anonfun$transformWith$1(Promise.scala:41)
[2026-03-06T08:02:42.574+0000] {subprocess.py:106} INFO - 	at scala.concurrent.impl.CallbackRunnable.run(Promise.scala:64)
[2026-03-06T08:02:42.575+0000] {subprocess.py:106} INFO - 	at org.apache.spark.util.ThreadUtils$$anon$1.execute(ThreadUtils.scala:99)
[2026-03-06T08:02:42.576+0000] {subprocess.py:106} INFO - 	at scala.concurrent.impl.ExecutionContextImpl$$anon$4.execute(ExecutionContextImpl.scala:138)
[2026-03-06T08:02:42.577+0000] {subprocess.py:106} INFO - 	at scala.concurrent.impl.CallbackRunnable.executeWithValue(Promise.scala:72)
[2026-03-06T08:02:42.578+0000] {subprocess.py:106} INFO - 	at scala.concurrent.impl.Promise$DefaultPromise.$anonfun$tryComplete$1(Promise.scala:288)
[2026-03-06T08:02:42.579+0000] {subprocess.py:106} INFO - 	at scala.concurrent.impl.Promise$DefaultPromise.$anonfun$tryComplete$1$adapted(Promise.scala:288)
[2026-03-06T08:02:42.580+0000] {subprocess.py:106} INFO - 	at scala.concurrent.impl.Promise$DefaultPromise.tryComplete(Promise.scala:288)
[2026-03-06T08:02:42.580+0000] {subprocess.py:106} INFO - 	at scala.concurrent.Promise.complete(Promise.scala:53)
[2026-03-06T08:02:42.582+0000] {subprocess.py:106} INFO - 	at scala.concurrent.Promise.complete$(Promise.scala:52)
[2026-03-06T08:02:42.583+0000] {subprocess.py:106} INFO - 	at scala.concurrent.impl.Promise$DefaultPromise.complete(Promise.scala:187)
[2026-03-06T08:02:42.583+0000] {subprocess.py:106} INFO - 	at scala.concurrent.impl.Promise.$anonfun$transform$1(Promise.scala:33)
[2026-03-06T08:02:42.585+0000] {subprocess.py:106} INFO - 	at scala.concurrent.impl.CallbackRunnable.run(Promise.scala:64)
[2026-03-06T08:02:42.585+0000] {subprocess.py:106} INFO - 	at org.apache.spark.util.ThreadUtils$$anon$1.execute(ThreadUtils.scala:99)
[2026-03-06T08:02:42.586+0000] {subprocess.py:106} INFO - 	at scala.concurrent.impl.ExecutionContextImpl$$anon$4.execute(ExecutionContextImpl.scala:138)
[2026-03-06T08:02:42.587+0000] {subprocess.py:106} INFO - 	at scala.concurrent.impl.CallbackRunnable.executeWithValue(Promise.scala:72)
[2026-03-06T08:02:42.590+0000] {subprocess.py:106} INFO - 	at scala.concurrent.impl.Promise$DefaultPromise.$anonfun$tryComplete$1(Promise.scala:288)
[2026-03-06T08:02:42.591+0000] {subprocess.py:106} INFO - 	at scala.concurrent.impl.Promise$DefaultPromise.$anonfun$tryComplete$1$adapted(Promise.scala:288)
[2026-03-06T08:02:42.593+0000] {subprocess.py:106} INFO - 	at scala.concurrent.impl.Promise$DefaultPromise.tryComplete(Promise.scala:288)
[2026-03-06T08:02:42.599+0000] {subprocess.py:106} INFO - 	at scala.concurrent.Promise.complete(Promise.scala:53)
[2026-03-06T08:02:42.602+0000] {subprocess.py:106} INFO - 	at scala.concurrent.Promise.complete$(Promise.scala:52)
[2026-03-06T08:02:42.604+0000] {subprocess.py:106} INFO - 	at scala.concurrent.impl.Promise$DefaultPromise.complete(Promise.scala:187)
[2026-03-06T08:02:42.606+0000] {subprocess.py:106} INFO - 	at scala.concurrent.impl.Promise.$anonfun$transform$1(Promise.scala:33)
[2026-03-06T08:02:42.608+0000] {subprocess.py:106} INFO - 	at scala.concurrent.impl.CallbackRunnable.run(Promise.scala:64)
[2026-03-06T08:02:42.610+0000] {subprocess.py:106} INFO - 	at scala.concurrent.BatchingExecutor$Batch.processBatch$1(BatchingExecutor.scala:67)
[2026-03-06T08:02:42.613+0000] {subprocess.py:106} INFO - 	at scala.concurrent.BatchingExecutor$Batch.$anonfun$run$1(BatchingExecutor.scala:82)
[2026-03-06T08:02:42.614+0000] {subprocess.py:106} INFO - 	at scala.runtime.java8.JFunction0$mcV$sp.apply(JFunction0$mcV$sp.java:23)
[2026-03-06T08:02:42.615+0000] {subprocess.py:106} INFO - 	at scala.concurrent.BlockContext$.withBlockContext(BlockContext.scala:85)
[2026-03-06T08:02:42.616+0000] {subprocess.py:106} INFO - 	at scala.concurrent.BatchingExecutor$Batch.run(BatchingExecutor.scala:59)
[2026-03-06T08:02:42.617+0000] {subprocess.py:106} INFO - 	at scala.concurrent.Future$InternalCallbackExecutor$.unbatchedExecute(Future.scala:875)
[2026-03-06T08:02:42.620+0000] {subprocess.py:106} INFO - 	at scala.concurrent.BatchingExecutor.execute(BatchingExecutor.scala:110)
[2026-03-06T08:02:42.622+0000] {subprocess.py:106} INFO - 	at scala.concurrent.BatchingExecutor.execute$(BatchingExecutor.scala:107)
[2026-03-06T08:02:42.624+0000] {subprocess.py:106} INFO - 	at scala.concurrent.Future$InternalCallbackExecutor$.execute(Future.scala:873)
[2026-03-06T08:02:42.627+0000] {subprocess.py:106} INFO - 	at scala.concurrent.impl.CallbackRunnable.executeWithValue(Promise.scala:72)
[2026-03-06T08:02:42.630+0000] {subprocess.py:106} INFO - 	at scala.concurrent.impl.Promise$DefaultPromise.$anonfun$tryComplete$1(Promise.scala:288)
[2026-03-06T08:02:42.646+0000] {subprocess.py:106} INFO - 	at scala.concurrent.impl.Promise$DefaultPromise.$anonfun$tryComplete$1$adapted(Promise.scala:288)
[2026-03-06T08:02:42.651+0000] {subprocess.py:106} INFO - 	at scala.concurrent.impl.Promise$DefaultPromise.tryComplete(Promise.scala:288)
[2026-03-06T08:02:42.656+0000] {subprocess.py:106} INFO - 	at scala.concurrent.Promise.trySuccess(Promise.scala:94)
[2026-03-06T08:02:42.659+0000] {subprocess.py:106} INFO - 	at scala.concurrent.Promise.trySuccess$(Promise.scala:94)
[2026-03-06T08:02:42.661+0000] {subprocess.py:106} INFO - 	at scala.concurrent.impl.Promise$DefaultPromise.trySuccess(Promise.scala:187)
[2026-03-06T08:02:42.668+0000] {subprocess.py:106} INFO - 	at org.apache.spark.rpc.netty.NettyRpcEnv.onSuccess$1(NettyRpcEnv.scala:225)
[2026-03-06T08:02:42.669+0000] {subprocess.py:106} INFO - 	at org.apache.spark.rpc.netty.NettyRpcEnv.$anonfun$askAbortable$5(NettyRpcEnv.scala:239)
[2026-03-06T08:02:42.670+0000] {subprocess.py:106} INFO - 	at org.apache.spark.rpc.netty.NettyRpcEnv.$anonfun$askAbortable$5$adapted(NettyRpcEnv.scala:238)
[2026-03-06T08:02:42.671+0000] {subprocess.py:106} INFO - 	at scala.concurrent.impl.CallbackRunnable.run(Promise.scala:64)
[2026-03-06T08:02:42.672+0000] {subprocess.py:106} INFO - 	at org.apache.spark.util.ThreadUtils$$anon$1.execute(ThreadUtils.scala:99)
[2026-03-06T08:02:42.673+0000] {subprocess.py:106} INFO - 	at scala.concurrent.impl.ExecutionContextImpl$$anon$4.execute(ExecutionContextImpl.scala:138)
[2026-03-06T08:02:42.674+0000] {subprocess.py:106} INFO - 	at scala.concurrent.impl.CallbackRunnable.executeWithValue(Promise.scala:72)
[2026-03-06T08:02:42.675+0000] {subprocess.py:106} INFO - 	at scala.concurrent.impl.Promise$DefaultPromise.$anonfun$tryComplete$1(Promise.scala:288)
[2026-03-06T08:02:42.675+0000] {subprocess.py:106} INFO - 	at scala.concurrent.impl.Promise$DefaultPromise.$anonfun$tryComplete$1$adapted(Promise.scala:288)
[2026-03-06T08:02:42.678+0000] {subprocess.py:106} INFO - 	at scala.concurrent.impl.Promise$DefaultPromise.tryComplete(Promise.scala:288)
[2026-03-06T08:02:42.680+0000] {subprocess.py:106} INFO - 	at scala.concurrent.Promise.complete(Promise.scala:53)
[2026-03-06T08:02:42.684+0000] {subprocess.py:106} INFO - 	at scala.concurrent.Promise.complete$(Promise.scala:52)
[2026-03-06T08:02:42.685+0000] {subprocess.py:106} INFO - 	at scala.concurrent.impl.Promise$DefaultPromise.complete(Promise.scala:187)
[2026-03-06T08:02:42.686+0000] {subprocess.py:106} INFO - 	at scala.concurrent.Promise.success(Promise.scala:86)
[2026-03-06T08:02:42.687+0000] {subprocess.py:106} INFO - 	at scala.concurrent.Promise.success$(Promise.scala:86)
[2026-03-06T08:02:42.689+0000] {subprocess.py:106} INFO - 	at scala.concurrent.impl.Promise$DefaultPromise.success(Promise.scala:187)
[2026-03-06T08:02:42.689+0000] {subprocess.py:106} INFO - 	at org.apache.spark.rpc.netty.LocalNettyRpcCallContext.send(NettyRpcCallContext.scala:50)
[2026-03-06T08:02:42.691+0000] {subprocess.py:106} INFO - 	at org.apache.spark.rpc.netty.NettyRpcCallContext.reply(NettyRpcCallContext.scala:32)
[2026-03-06T08:02:42.691+0000] {subprocess.py:106} INFO - 	at org.apache.spark.rpc.netty.RpcEndpointVerifier$$anonfun$receiveAndReply$1.applyOrElse(RpcEndpointVerifier.scala:31)
[2026-03-06T08:02:42.692+0000] {subprocess.py:106} INFO - 	... 8 more
[2026-03-06T08:02:42.696+0000] {subprocess.py:106} INFO - 26/03/06 08:02:41 WARN Executor: Issue communicating with driver in heartbeater
[2026-03-06T08:02:42.702+0000] {subprocess.py:106} INFO - org.apache.spark.SparkException: Exception thrown in awaitResult:
[2026-03-06T08:02:42.703+0000] {subprocess.py:106} INFO - 	at org.apache.spark.util.SparkThreadUtils$.awaitResult(SparkThreadUtils.scala:56)
[2026-03-06T08:02:42.704+0000] {subprocess.py:106} INFO - 	at org.apache.spark.util.ThreadUtils$.awaitResult(ThreadUtils.scala:310)
[2026-03-06T08:02:42.705+0000] {subprocess.py:106} INFO - 	at org.apache.spark.rpc.RpcTimeout.awaitResult(RpcTimeout.scala:75)
[2026-03-06T08:02:42.706+0000] {subprocess.py:106} INFO - 	at org.apache.spark.rpc.RpcEndpointRef.askSync(RpcEndpointRef.scala:101)
[2026-03-06T08:02:42.706+0000] {subprocess.py:106} INFO - 	at org.apache.spark.rpc.RpcEndpointRef.askSync(RpcEndpointRef.scala:85)
[2026-03-06T08:02:42.707+0000] {subprocess.py:106} INFO - 	at org.apache.spark.storage.BlockManagerMaster.registerBlockManager(BlockManagerMaster.scala:80)
[2026-03-06T08:02:42.708+0000] {subprocess.py:106} INFO - 	at org.apache.spark.storage.BlockManager.reregister(BlockManager.scala:642)
[2026-03-06T08:02:42.708+0000] {subprocess.py:106} INFO - 	at org.apache.spark.executor.Executor.reportHeartBeat(Executor.scala:1223)
[2026-03-06T08:02:42.709+0000] {subprocess.py:106} INFO - 	at org.apache.spark.executor.Executor.$anonfun$heartbeater$1(Executor.scala:295)
[2026-03-06T08:02:42.710+0000] {subprocess.py:106} INFO - 	at scala.runtime.java8.JFunction0$mcV$sp.apply(JFunction0$mcV$sp.java:23)
[2026-03-06T08:02:42.711+0000] {subprocess.py:106} INFO - 	at org.apache.spark.util.Utils$.logUncaughtExceptions(Utils.scala:1928)
[2026-03-06T08:02:42.717+0000] {subprocess.py:106} INFO - 	at org.apache.spark.Heartbeater$$anon$1.run(Heartbeater.scala:46)
[2026-03-06T08:02:42.721+0000] {subprocess.py:106} INFO - 	at java.base/java.util.concurrent.Executors$RunnableAdapter.call(Executors.java:539)
[2026-03-06T08:02:42.724+0000] {subprocess.py:106} INFO - 	at java.base/java.util.concurrent.FutureTask.runAndReset(FutureTask.java:305)
[2026-03-06T08:02:42.728+0000] {subprocess.py:106} INFO - 	at java.base/java.util.concurrent.ScheduledThreadPoolExecutor$ScheduledFutureTask.run(ScheduledThreadPoolExecutor.java:305)
[2026-03-06T08:02:42.730+0000] {subprocess.py:106} INFO - 	at java.base/java.util.concurrent.ThreadPoolExecutor.runWorker(ThreadPoolExecutor.java:1136)
[2026-03-06T08:02:42.742+0000] {subprocess.py:106} INFO - 	at java.base/java.util.concurrent.ThreadPoolExecutor$Worker.run(ThreadPoolExecutor.java:635)
[2026-03-06T08:02:42.745+0000] {subprocess.py:106} INFO - 	at java.base/java.lang.Thread.run(Thread.java:840)
[2026-03-06T08:02:42.747+0000] {subprocess.py:106} INFO - Caused by: org.apache.spark.SparkException: Exception thrown in awaitResult:
[2026-03-06T08:02:42.750+0000] {subprocess.py:106} INFO - 	at org.apache.spark.util.SparkThreadUtils$.awaitResult(SparkThreadUtils.scala:56)
[2026-03-06T08:02:42.753+0000] {subprocess.py:106} INFO - 	at org.apache.spark.util.ThreadUtils$.awaitResult(ThreadUtils.scala:310)
[2026-03-06T08:02:42.755+0000] {subprocess.py:106} INFO - 	at org.apache.spark.rpc.RpcTimeout.awaitResult(RpcTimeout.scala:75)
[2026-03-06T08:02:42.757+0000] {subprocess.py:106} INFO - 	at org.apache.spark.rpc.RpcEnv.setupEndpointRefByURI(RpcEnv.scala:102)
[2026-03-06T08:02:42.757+0000] {subprocess.py:106} INFO - 	at org.apache.spark.rpc.RpcEnv.setupEndpointRef(RpcEnv.scala:110)
[2026-03-06T08:02:42.758+0000] {subprocess.py:106} INFO - 	at org.apache.spark.util.RpcUtils$.makeDriverRef(RpcUtils.scala:36)
[2026-03-06T08:02:42.759+0000] {subprocess.py:106} INFO - 	at org.apache.spark.storage.BlockManagerMasterEndpoint.driverEndpoint$lzycompute(BlockManagerMasterEndpoint.scala:124)
[2026-03-06T08:02:42.760+0000] {subprocess.py:106} INFO - 	at org.apache.spark.storage.BlockManagerMasterEndpoint.org$apache$spark$storage$BlockManagerMasterEndpoint$$driverEndpoint(BlockManagerMasterEndpoint.scala:123)
[2026-03-06T08:02:42.761+0000] {subprocess.py:106} INFO - 	at org.apache.spark.storage.BlockManagerMasterEndpoint.isExecutorAlive$lzycompute$1(BlockManagerMasterEndpoint.scala:688)
[2026-03-06T08:02:42.763+0000] {subprocess.py:106} INFO - 	at org.apache.spark.storage.BlockManagerMasterEndpoint.isExecutorAlive$1(BlockManagerMasterEndpoint.scala:687)
[2026-03-06T08:02:42.764+0000] {subprocess.py:106} INFO - 	at org.apache.spark.storage.BlockManagerMasterEndpoint.org$apache$spark$storage$BlockManagerMasterEndpoint$$register(BlockManagerMasterEndpoint.scala:725)
[2026-03-06T08:02:42.767+0000] {subprocess.py:106} INFO - 	at org.apache.spark.storage.BlockManagerMasterEndpoint$$anonfun$receiveAndReply$1.applyOrElse(BlockManagerMasterEndpoint.scala:133)
[2026-03-06T08:02:42.769+0000] {subprocess.py:106} INFO - 	at org.apache.spark.rpc.netty.Inbox.$anonfun$process$1(Inbox.scala:103)
[2026-03-06T08:02:42.770+0000] {subprocess.py:106} INFO - 	at org.apache.spark.rpc.netty.Inbox.safelyCall(Inbox.scala:213)
[2026-03-06T08:02:42.771+0000] {subprocess.py:106} INFO - 	at org.apache.spark.rpc.netty.Inbox.process(Inbox.scala:100)
[2026-03-06T08:02:42.771+0000] {subprocess.py:106} INFO - 	at org.apache.spark.rpc.netty.MessageLoop.org$apache$spark$rpc$netty$MessageLoop$$receiveLoop(MessageLoop.scala:75)
[2026-03-06T08:02:42.774+0000] {subprocess.py:106} INFO - 	at org.apache.spark.rpc.netty.MessageLoop$$anon$1.run(MessageLoop.scala:41)
[2026-03-06T08:02:42.778+0000] {subprocess.py:106} INFO - 	... 3 more
[2026-03-06T08:02:42.784+0000] {subprocess.py:106} INFO - Caused by: org.apache.spark.rpc.RpcEndpointNotFoundException: Cannot find endpoint: spark://CoarseGrainedScheduler@eb669c802a68:36887
[2026-03-06T08:02:42.785+0000] {subprocess.py:106} INFO - 	at org.apache.spark.rpc.netty.NettyRpcEnv.$anonfun$asyncSetupEndpointRefByURI$1(NettyRpcEnv.scala:148)
[2026-03-06T08:02:42.787+0000] {subprocess.py:106} INFO - 	at org.apache.spark.rpc.netty.NettyRpcEnv.$anonfun$asyncSetupEndpointRefByURI$1$adapted(NettyRpcEnv.scala:144)
[2026-03-06T08:02:42.789+0000] {subprocess.py:106} INFO - 	at scala.concurrent.Future.$anonfun$flatMap$1(Future.scala:307)
[2026-03-06T08:02:42.790+0000] {subprocess.py:106} INFO - 	at scala.concurrent.impl.Promise.$anonfun$transformWith$1(Promise.scala:41)
[2026-03-06T08:02:42.791+0000] {subprocess.py:106} INFO - 	at scala.concurrent.impl.CallbackRunnable.run(Promise.scala:64)
[2026-03-06T08:02:42.793+0000] {subprocess.py:106} INFO - 	at org.apache.spark.util.ThreadUtils$$anon$1.execute(ThreadUtils.scala:99)
[2026-03-06T08:02:42.795+0000] {subprocess.py:106} INFO - 	at scala.concurrent.impl.ExecutionContextImpl$$anon$4.execute(ExecutionContextImpl.scala:138)
[2026-03-06T08:02:42.799+0000] {subprocess.py:106} INFO - 	at scala.concurrent.impl.CallbackRunnable.executeWithValue(Promise.scala:72)
[2026-03-06T08:02:42.801+0000] {subprocess.py:106} INFO - 	at scala.concurrent.impl.Promise$DefaultPromise.$anonfun$tryComplete$1(Promise.scala:288)
[2026-03-06T08:02:42.802+0000] {subprocess.py:106} INFO - 	at scala.concurrent.impl.Promise$DefaultPromise.$anonfun$tryComplete$1$adapted(Promise.scala:288)
[2026-03-06T08:02:42.803+0000] {subprocess.py:106} INFO - 	at scala.concurrent.impl.Promise$DefaultPromise.tryComplete(Promise.scala:288)
[2026-03-06T08:02:42.804+0000] {subprocess.py:106} INFO - 	at scala.concurrent.Promise.complete(Promise.scala:53)
[2026-03-06T08:02:42.805+0000] {subprocess.py:106} INFO - 	at scala.concurrent.Promise.complete$(Promise.scala:52)
[2026-03-06T08:02:42.807+0000] {subprocess.py:106} INFO - 	at scala.concurrent.impl.Promise$DefaultPromise.complete(Promise.scala:187)
[2026-03-06T08:02:42.809+0000] {subprocess.py:106} INFO - 	at scala.concurrent.impl.Promise.$anonfun$transform$1(Promise.scala:33)
[2026-03-06T08:02:42.810+0000] {subprocess.py:106} INFO - 	at scala.concurrent.impl.CallbackRunnable.run(Promise.scala:64)
[2026-03-06T08:02:42.811+0000] {subprocess.py:106} INFO - 	at org.apache.spark.util.ThreadUtils$$anon$1.execute(ThreadUtils.scala:99)
[2026-03-06T08:02:42.813+0000] {subprocess.py:106} INFO - 	at scala.concurrent.impl.ExecutionContextImpl$$anon$4.execute(ExecutionContextImpl.scala:138)
[2026-03-06T08:02:42.815+0000] {subprocess.py:106} INFO - 	at scala.concurrent.impl.CallbackRunnable.executeWithValue(Promise.scala:72)
[2026-03-06T08:02:42.820+0000] {subprocess.py:106} INFO - 	at scala.concurrent.impl.Promise$DefaultPromise.$anonfun$tryComplete$1(Promise.scala:288)
[2026-03-06T08:02:42.823+0000] {subprocess.py:106} INFO - 	at scala.concurrent.impl.Promise$DefaultPromise.$anonfun$tryComplete$1$adapted(Promise.scala:288)
[2026-03-06T08:02:42.824+0000] {subprocess.py:106} INFO - 	at scala.concurrent.impl.Promise$DefaultPromise.tryComplete(Promise.scala:288)
[2026-03-06T08:02:42.825+0000] {subprocess.py:106} INFO - 	at scala.concurrent.Promise.complete(Promise.scala:53)
[2026-03-06T08:02:42.826+0000] {subprocess.py:106} INFO - 	at scala.concurrent.Promise.complete$(Promise.scala:52)
[2026-03-06T08:02:42.827+0000] {subprocess.py:106} INFO - 	at scala.concurrent.impl.Promise$DefaultPromise.complete(Promise.scala:187)
[2026-03-06T08:02:42.828+0000] {subprocess.py:106} INFO - 	at scala.concurrent.impl.Promise.$anonfun$transform$1(Promise.scala:33)
[2026-03-06T08:02:42.829+0000] {subprocess.py:106} INFO - 	at scala.concurrent.impl.CallbackRunnable.run(Promise.scala:64)
[2026-03-06T08:02:42.830+0000] {subprocess.py:106} INFO - 	at scala.concurrent.BatchingExecutor$Batch.processBatch$1(BatchingExecutor.scala:67)
[2026-03-06T08:02:42.831+0000] {subprocess.py:106} INFO - 	at scala.concurrent.BatchingExecutor$Batch.$anonfun$run$1(BatchingExecutor.scala:82)
[2026-03-06T08:02:42.832+0000] {subprocess.py:106} INFO - 	at scala.runtime.java8.JFunction0$mcV$sp.apply(JFunction0$mcV$sp.java:23)
[2026-03-06T08:02:42.833+0000] {subprocess.py:106} INFO - 	at scala.concurrent.BlockContext$.withBlockContext(BlockContext.scala:85)
[2026-03-06T08:02:42.834+0000] {subprocess.py:106} INFO - 	at scala.concurrent.BatchingExecutor$Batch.run(BatchingExecutor.scala:59)
[2026-03-06T08:02:42.835+0000] {subprocess.py:106} INFO - 	at scala.concurrent.Future$InternalCallbackExecutor$.unbatchedExecute(Future.scala:875)
[2026-03-06T08:02:42.836+0000] {subprocess.py:106} INFO - 	at scala.concurrent.BatchingExecutor.execute(BatchingExecutor.scala:110)
[2026-03-06T08:02:42.837+0000] {subprocess.py:106} INFO - 	at scala.concurrent.BatchingExecutor.execute$(BatchingExecutor.scala:107)
[2026-03-06T08:02:42.838+0000] {subprocess.py:106} INFO - 	at scala.concurrent.Future$InternalCallbackExecutor$.execute(Future.scala:873)
[2026-03-06T08:02:42.840+0000] {subprocess.py:106} INFO - 	at scala.concurrent.impl.CallbackRunnable.executeWithValue(Promise.scala:72)
[2026-03-06T08:02:42.841+0000] {subprocess.py:106} INFO - 	at scala.concurrent.impl.Promise$DefaultPromise.$anonfun$tryComplete$1(Promise.scala:288)
[2026-03-06T08:02:42.842+0000] {subprocess.py:106} INFO - 	at scala.concurrent.impl.Promise$DefaultPromise.$anonfun$tryComplete$1$adapted(Promise.scala:288)
[2026-03-06T08:02:42.843+0000] {subprocess.py:106} INFO - 	at scala.concurrent.impl.Promise$DefaultPromise.tryComplete(Promise.scala:288)
[2026-03-06T08:02:42.844+0000] {subprocess.py:106} INFO - 	at scala.concurrent.Promise.trySuccess(Promise.scala:94)
[2026-03-06T08:02:42.845+0000] {subprocess.py:106} INFO - 	at scala.concurrent.Promise.trySuccess$(Promise.scala:94)
[2026-03-06T08:02:42.845+0000] {subprocess.py:106} INFO - 	at scala.concurrent.impl.Promise$DefaultPromise.trySuccess(Promise.scala:187)
[2026-03-06T08:02:42.846+0000] {subprocess.py:106} INFO - 	at org.apache.spark.rpc.netty.NettyRpcEnv.onSuccess$1(NettyRpcEnv.scala:225)
[2026-03-06T08:02:42.847+0000] {subprocess.py:106} INFO - 	at org.apache.spark.rpc.netty.NettyRpcEnv.$anonfun$askAbortable$5(NettyRpcEnv.scala:239)
[2026-03-06T08:02:42.848+0000] {subprocess.py:106} INFO - 	at org.apache.spark.rpc.netty.NettyRpcEnv.$anonfun$askAbortable$5$adapted(NettyRpcEnv.scala:238)
[2026-03-06T08:02:42.848+0000] {subprocess.py:106} INFO - 	at scala.concurrent.impl.CallbackRunnable.run(Promise.scala:64)
[2026-03-06T08:02:42.849+0000] {subprocess.py:106} INFO - 	at org.apache.spark.util.ThreadUtils$$anon$1.execute(ThreadUtils.scala:99)
[2026-03-06T08:02:42.850+0000] {subprocess.py:106} INFO - 	at scala.concurrent.impl.ExecutionContextImpl$$anon$4.execute(ExecutionContextImpl.scala:138)
[2026-03-06T08:02:42.851+0000] {subprocess.py:106} INFO - 	at scala.concurrent.impl.CallbackRunnable.executeWithValue(Promise.scala:72)
[2026-03-06T08:02:42.851+0000] {subprocess.py:106} INFO - 	at scala.concurrent.impl.Promise$DefaultPromise.$anonfun$tryComplete$1(Promise.scala:288)
[2026-03-06T08:02:42.852+0000] {subprocess.py:106} INFO - 	at scala.concurrent.impl.Promise$DefaultPromise.$anonfun$tryComplete$1$adapted(Promise.scala:288)
[2026-03-06T08:02:42.853+0000] {subprocess.py:106} INFO - 	at scala.concurrent.impl.Promise$DefaultPromise.tryComplete(Promise.scala:288)
[2026-03-06T08:02:42.854+0000] {subprocess.py:106} INFO - 	at scala.concurrent.Promise.complete(Promise.scala:53)
[2026-03-06T08:02:42.854+0000] {subprocess.py:106} INFO - 	at scala.concurrent.Promise.complete$(Promise.scala:52)
[2026-03-06T08:02:42.855+0000] {subprocess.py:106} INFO - 	at scala.concurrent.impl.Promise$DefaultPromise.complete(Promise.scala:187)
[2026-03-06T08:02:42.856+0000] {subprocess.py:106} INFO - 	at scala.concurrent.Promise.success(Promise.scala:86)
[2026-03-06T08:02:42.856+0000] {subprocess.py:106} INFO - 	at scala.concurrent.Promise.success$(Promise.scala:86)
[2026-03-06T08:02:42.857+0000] {subprocess.py:106} INFO - 	at scala.concurrent.impl.Promise$DefaultPromise.success(Promise.scala:187)
[2026-03-06T08:02:42.858+0000] {subprocess.py:106} INFO - 	at org.apache.spark.rpc.netty.LocalNettyRpcCallContext.send(NettyRpcCallContext.scala:50)
[2026-03-06T08:02:42.859+0000] {subprocess.py:106} INFO - 	at org.apache.spark.rpc.netty.NettyRpcCallContext.reply(NettyRpcCallContext.scala:32)
[2026-03-06T08:02:42.859+0000] {subprocess.py:106} INFO - 	at org.apache.spark.rpc.netty.RpcEndpointVerifier$$anonfun$receiveAndReply$1.applyOrElse(RpcEndpointVerifier.scala:31)
[2026-03-06T08:02:42.860+0000] {subprocess.py:106} INFO - 	... 8 more
[2026-03-06T08:02:42.861+0000] {subprocess.py:106} INFO - 26/03/06 08:02:41 ERROR Inbox: Ignoring error
[2026-03-06T08:02:42.861+0000] {subprocess.py:106} INFO - org.apache.spark.SparkException: Exception thrown in awaitResult:
[2026-03-06T08:02:42.863+0000] {subprocess.py:106} INFO - 	at org.apache.spark.util.SparkThreadUtils$.awaitResult(SparkThreadUtils.scala:56)
[2026-03-06T08:02:42.864+0000] {subprocess.py:106} INFO - 	at org.apache.spark.util.ThreadUtils$.awaitResult(ThreadUtils.scala:310)
[2026-03-06T08:02:42.865+0000] {subprocess.py:106} INFO - 	at org.apache.spark.rpc.RpcTimeout.awaitResult(RpcTimeout.scala:75)
[2026-03-06T08:02:42.865+0000] {subprocess.py:106} INFO - 	at org.apache.spark.rpc.RpcEnv.setupEndpointRefByURI(RpcEnv.scala:102)
[2026-03-06T08:02:42.866+0000] {subprocess.py:106} INFO - 	at org.apache.spark.rpc.RpcEnv.setupEndpointRef(RpcEnv.scala:110)
[2026-03-06T08:02:42.867+0000] {subprocess.py:106} INFO - 	at org.apache.spark.util.RpcUtils$.makeDriverRef(RpcUtils.scala:36)
[2026-03-06T08:02:42.868+0000] {subprocess.py:106} INFO - 	at org.apache.spark.storage.BlockManagerMasterEndpoint.driverEndpoint$lzycompute(BlockManagerMasterEndpoint.scala:124)
[2026-03-06T08:02:42.869+0000] {subprocess.py:106} INFO - 	at org.apache.spark.storage.BlockManagerMasterEndpoint.org$apache$spark$storage$BlockManagerMasterEndpoint$$driverEndpoint(BlockManagerMasterEndpoint.scala:123)
[2026-03-06T08:02:42.870+0000] {subprocess.py:106} INFO - 	at org.apache.spark.storage.BlockManagerMasterEndpoint.isExecutorAlive$lzycompute$1(BlockManagerMasterEndpoint.scala:688)
[2026-03-06T08:02:42.871+0000] {subprocess.py:106} INFO - 	at org.apache.spark.storage.BlockManagerMasterEndpoint.isExecutorAlive$1(BlockManagerMasterEndpoint.scala:687)
[2026-03-06T08:02:42.872+0000] {subprocess.py:106} INFO - 	at org.apache.spark.storage.BlockManagerMasterEndpoint.org$apache$spark$storage$BlockManagerMasterEndpoint$$register(BlockManagerMasterEndpoint.scala:725)
[2026-03-06T08:02:42.873+0000] {subprocess.py:106} INFO - 	at org.apache.spark.storage.BlockManagerMasterEndpoint$$anonfun$receiveAndReply$1.applyOrElse(BlockManagerMasterEndpoint.scala:133)
[2026-03-06T08:02:42.875+0000] {subprocess.py:106} INFO - 	at org.apache.spark.rpc.netty.Inbox.$anonfun$process$1(Inbox.scala:103)
[2026-03-06T08:02:42.876+0000] {subprocess.py:106} INFO - 	at org.apache.spark.rpc.netty.Inbox.safelyCall(Inbox.scala:213)
[2026-03-06T08:02:42.878+0000] {subprocess.py:106} INFO - 	at org.apache.spark.rpc.netty.Inbox.process(Inbox.scala:100)
[2026-03-06T08:02:42.880+0000] {subprocess.py:106} INFO - 	at org.apache.spark.rpc.netty.MessageLoop.org$apache$spark$rpc$netty$MessageLoop$$receiveLoop(MessageLoop.scala:75)
[2026-03-06T08:02:42.881+0000] {subprocess.py:106} INFO - 	at org.apache.spark.rpc.netty.MessageLoop$$anon$1.run(MessageLoop.scala:41)
[2026-03-06T08:02:42.882+0000] {subprocess.py:106} INFO - 	at java.base/java.util.concurrent.ThreadPoolExecutor.runWorker(ThreadPoolExecutor.java:1136)
[2026-03-06T08:02:42.883+0000] {subprocess.py:106} INFO - 	at java.base/java.util.concurrent.ThreadPoolExecutor$Worker.run(ThreadPoolExecutor.java:635)
[2026-03-06T08:02:42.885+0000] {subprocess.py:106} INFO - 	at java.base/java.lang.Thread.run(Thread.java:840)
[2026-03-06T08:02:42.886+0000] {subprocess.py:106} INFO - Caused by: org.apache.spark.rpc.RpcEndpointNotFoundException: Cannot find endpoint: spark://CoarseGrainedScheduler@eb669c802a68:36887
[2026-03-06T08:02:42.887+0000] {subprocess.py:106} INFO - 	at org.apache.spark.rpc.netty.NettyRpcEnv.$anonfun$asyncSetupEndpointRefByURI$1(NettyRpcEnv.scala:148)
[2026-03-06T08:02:42.888+0000] {subprocess.py:106} INFO - 	at org.apache.spark.rpc.netty.NettyRpcEnv.$anonfun$asyncSetupEndpointRefByURI$1$adapted(NettyRpcEnv.scala:144)
[2026-03-06T08:02:42.889+0000] {subprocess.py:106} INFO - 	at scala.concurrent.Future.$anonfun$flatMap$1(Future.scala:307)
[2026-03-06T08:02:42.890+0000] {subprocess.py:106} INFO - 	at scala.concurrent.impl.Promise.$anonfun$transformWith$1(Promise.scala:41)
[2026-03-06T08:02:42.891+0000] {subprocess.py:106} INFO - 	at scala.concurrent.impl.CallbackRunnable.run(Promise.scala:64)
[2026-03-06T08:02:42.892+0000] {subprocess.py:106} INFO - 	at org.apache.spark.util.ThreadUtils$$anon$1.execute(ThreadUtils.scala:99)
[2026-03-06T08:02:42.893+0000] {subprocess.py:106} INFO - 	at scala.concurrent.impl.ExecutionContextImpl$$anon$4.execute(ExecutionContextImpl.scala:138)
[2026-03-06T08:02:42.894+0000] {subprocess.py:106} INFO - 	at scala.concurrent.impl.CallbackRunnable.executeWithValue(Promise.scala:72)
[2026-03-06T08:02:42.895+0000] {subprocess.py:106} INFO - 	at scala.concurrent.impl.Promise$DefaultPromise.$anonfun$tryComplete$1(Promise.scala:288)
[2026-03-06T08:02:42.896+0000] {subprocess.py:106} INFO - 	at scala.concurrent.impl.Promise$DefaultPromise.$anonfun$tryComplete$1$adapted(Promise.scala:288)
[2026-03-06T08:02:42.896+0000] {subprocess.py:106} INFO - 	at scala.concurrent.impl.Promise$DefaultPromise.tryComplete(Promise.scala:288)
[2026-03-06T08:02:42.897+0000] {subprocess.py:106} INFO - 	at scala.concurrent.Promise.complete(Promise.scala:53)
[2026-03-06T08:02:42.898+0000] {subprocess.py:106} INFO - 	at scala.concurrent.Promise.complete$(Promise.scala:52)
[2026-03-06T08:02:42.898+0000] {subprocess.py:106} INFO - 	at scala.concurrent.impl.Promise$DefaultPromise.complete(Promise.scala:187)
[2026-03-06T08:02:42.899+0000] {subprocess.py:106} INFO - 	at scala.concurrent.impl.Promise.$anonfun$transform$1(Promise.scala:33)
[2026-03-06T08:02:42.900+0000] {subprocess.py:106} INFO - 	at scala.concurrent.impl.CallbackRunnable.run(Promise.scala:64)
[2026-03-06T08:02:42.901+0000] {subprocess.py:106} INFO - 	at org.apache.spark.util.ThreadUtils$$anon$1.execute(ThreadUtils.scala:99)
[2026-03-06T08:02:42.901+0000] {subprocess.py:106} INFO - 	at scala.concurrent.impl.ExecutionContextImpl$$anon$4.execute(ExecutionContextImpl.scala:138)
[2026-03-06T08:02:42.902+0000] {subprocess.py:106} INFO - 	at scala.concurrent.impl.CallbackRunnable.executeWithValue(Promise.scala:72)
[2026-03-06T08:02:42.903+0000] {subprocess.py:106} INFO - 	at scala.concurrent.impl.Promise$DefaultPromise.$anonfun$tryComplete$1(Promise.scala:288)
[2026-03-06T08:02:42.904+0000] {subprocess.py:106} INFO - 	at scala.concurrent.impl.Promise$DefaultPromise.$anonfun$tryComplete$1$adapted(Promise.scala:288)
[2026-03-06T08:02:42.905+0000] {subprocess.py:106} INFO - 	at scala.concurrent.impl.Promise$DefaultPromise.tryComplete(Promise.scala:288)
[2026-03-06T08:02:42.905+0000] {subprocess.py:106} INFO - 	at scala.concurrent.Promise.complete(Promise.scala:53)
[2026-03-06T08:02:42.906+0000] {subprocess.py:106} INFO - 	at scala.concurrent.Promise.complete$(Promise.scala:52)
[2026-03-06T08:02:42.907+0000] {subprocess.py:106} INFO - 	at scala.concurrent.impl.Promise$DefaultPromise.complete(Promise.scala:187)
[2026-03-06T08:02:42.908+0000] {subprocess.py:106} INFO - 	at scala.concurrent.impl.Promise.$anonfun$transform$1(Promise.scala:33)
[2026-03-06T08:02:42.908+0000] {subprocess.py:106} INFO - 	at scala.concurrent.impl.CallbackRunnable.run(Promise.scala:64)
[2026-03-06T08:02:42.909+0000] {subprocess.py:106} INFO - 	at scala.concurrent.BatchingExecutor$Batch.processBatch$1(BatchingExecutor.scala:67)
[2026-03-06T08:02:42.910+0000] {subprocess.py:106} INFO - 	at scala.concurrent.BatchingExecutor$Batch.$anonfun$run$1(BatchingExecutor.scala:82)
[2026-03-06T08:02:42.910+0000] {subprocess.py:106} INFO - 	at scala.runtime.java8.JFunction0$mcV$sp.apply(JFunction0$mcV$sp.java:23)
[2026-03-06T08:02:42.911+0000] {subprocess.py:106} INFO - 	at scala.concurrent.BlockContext$.withBlockContext(BlockContext.scala:85)
[2026-03-06T08:02:42.912+0000] {subprocess.py:106} INFO - 	at scala.concurrent.BatchingExecutor$Batch.run(BatchingExecutor.scala:59)
[2026-03-06T08:02:42.912+0000] {subprocess.py:106} INFO - 	at scala.concurrent.Future$InternalCallbackExecutor$.unbatchedExecute(Future.scala:875)
[2026-03-06T08:02:42.913+0000] {subprocess.py:106} INFO - 	at scala.concurrent.BatchingExecutor.execute(BatchingExecutor.scala:110)
[2026-03-06T08:02:42.914+0000] {subprocess.py:106} INFO - 	at scala.concurrent.BatchingExecutor.execute$(BatchingExecutor.scala:107)
[2026-03-06T08:02:42.915+0000] {subprocess.py:106} INFO - 	at scala.concurrent.Future$InternalCallbackExecutor$.execute(Future.scala:873)
[2026-03-06T08:02:42.916+0000] {subprocess.py:106} INFO - 	at scala.concurrent.impl.CallbackRunnable.executeWithValue(Promise.scala:72)
[2026-03-06T08:02:42.916+0000] {subprocess.py:106} INFO - 	at scala.concurrent.impl.Promise$DefaultPromise.$anonfun$tryComplete$1(Promise.scala:288)
[2026-03-06T08:02:42.917+0000] {subprocess.py:106} INFO - 	at scala.concurrent.impl.Promise$DefaultPromise.$anonfun$tryComplete$1$adapted(Promise.scala:288)
[2026-03-06T08:02:42.918+0000] {subprocess.py:106} INFO - 	at scala.concurrent.impl.Promise$DefaultPromise.tryComplete(Promise.scala:288)
[2026-03-06T08:02:42.918+0000] {subprocess.py:106} INFO - 	at scala.concurrent.Promise.trySuccess(Promise.scala:94)
[2026-03-06T08:02:42.919+0000] {subprocess.py:106} INFO - 	at scala.concurrent.Promise.trySuccess$(Promise.scala:94)
[2026-03-06T08:02:42.920+0000] {subprocess.py:106} INFO - 	at scala.concurrent.impl.Promise$DefaultPromise.trySuccess(Promise.scala:187)
[2026-03-06T08:02:42.921+0000] {subprocess.py:106} INFO - 	at org.apache.spark.rpc.netty.NettyRpcEnv.onSuccess$1(NettyRpcEnv.scala:225)
[2026-03-06T08:02:42.921+0000] {subprocess.py:106} INFO - 	at org.apache.spark.rpc.netty.NettyRpcEnv.$anonfun$askAbortable$5(NettyRpcEnv.scala:239)
[2026-03-06T08:02:42.922+0000] {subprocess.py:106} INFO - 	at org.apache.spark.rpc.netty.NettyRpcEnv.$anonfun$askAbortable$5$adapted(NettyRpcEnv.scala:238)
[2026-03-06T08:02:42.923+0000] {subprocess.py:106} INFO - 	at scala.concurrent.impl.CallbackRunnable.run(Promise.scala:64)
[2026-03-06T08:02:42.924+0000] {subprocess.py:106} INFO - 	at org.apache.spark.util.ThreadUtils$$anon$1.execute(ThreadUtils.scala:99)
[2026-03-06T08:02:42.924+0000] {subprocess.py:106} INFO - 	at scala.concurrent.impl.ExecutionContextImpl$$anon$4.execute(ExecutionContextImpl.scala:138)
[2026-03-06T08:02:42.926+0000] {subprocess.py:106} INFO - 	at scala.concurrent.impl.CallbackRunnable.executeWithValue(Promise.scala:72)
[2026-03-06T08:02:42.928+0000] {subprocess.py:106} INFO - 	at scala.concurrent.impl.Promise$DefaultPromise.$anonfun$tryComplete$1(Promise.scala:288)
[2026-03-06T08:02:42.929+0000] {subprocess.py:106} INFO - 	at scala.concurrent.impl.Promise$DefaultPromise.$anonfun$tryComplete$1$adapted(Promise.scala:288)
[2026-03-06T08:02:42.929+0000] {subprocess.py:106} INFO - 	at scala.concurrent.impl.Promise$DefaultPromise.tryComplete(Promise.scala:288)
[2026-03-06T08:02:42.930+0000] {subprocess.py:106} INFO - 	at scala.concurrent.Promise.complete(Promise.scala:53)
[2026-03-06T08:02:42.931+0000] {subprocess.py:106} INFO - 	at scala.concurrent.Promise.complete$(Promise.scala:52)
[2026-03-06T08:02:42.932+0000] {subprocess.py:106} INFO - 	at scala.concurrent.impl.Promise$DefaultPromise.complete(Promise.scala:187)
[2026-03-06T08:02:42.933+0000] {subprocess.py:106} INFO - 	at scala.concurrent.Promise.success(Promise.scala:86)
[2026-03-06T08:02:42.933+0000] {subprocess.py:106} INFO - 	at scala.concurrent.Promise.success$(Promise.scala:86)
[2026-03-06T08:02:42.935+0000] {subprocess.py:106} INFO - 	at scala.concurrent.impl.Promise$DefaultPromise.success(Promise.scala:187)
[2026-03-06T08:02:42.936+0000] {subprocess.py:106} INFO - 	at org.apache.spark.rpc.netty.LocalNettyRpcCallContext.send(NettyRpcCallContext.scala:50)
[2026-03-06T08:02:42.937+0000] {subprocess.py:106} INFO - 	at org.apache.spark.rpc.netty.NettyRpcCallContext.reply(NettyRpcCallContext.scala:32)
[2026-03-06T08:02:42.938+0000] {subprocess.py:106} INFO - 	at org.apache.spark.rpc.netty.RpcEndpointVerifier$$anonfun$receiveAndReply$1.applyOrElse(RpcEndpointVerifier.scala:31)
[2026-03-06T08:02:42.938+0000] {subprocess.py:106} INFO - 	... 8 more
[2026-03-06T08:02:42.940+0000] {subprocess.py:106} INFO - 26/03/06 08:02:41 WARN Executor: Issue communicating with driver in heartbeater
[2026-03-06T08:02:42.943+0000] {subprocess.py:106} INFO - org.apache.spark.SparkException: Exception thrown in awaitResult:
[2026-03-06T08:02:42.944+0000] {subprocess.py:106} INFO - 	at org.apache.spark.util.SparkThreadUtils$.awaitResult(SparkThreadUtils.scala:56)
[2026-03-06T08:02:42.946+0000] {subprocess.py:106} INFO - 	at org.apache.spark.util.ThreadUtils$.awaitResult(ThreadUtils.scala:310)
[2026-03-06T08:02:42.947+0000] {subprocess.py:106} INFO - 	at org.apache.spark.rpc.RpcTimeout.awaitResult(RpcTimeout.scala:75)
[2026-03-06T08:02:42.948+0000] {subprocess.py:106} INFO - 	at org.apache.spark.rpc.RpcEndpointRef.askSync(RpcEndpointRef.scala:101)
[2026-03-06T08:02:42.949+0000] {subprocess.py:106} INFO - 	at org.apache.spark.rpc.RpcEndpointRef.askSync(RpcEndpointRef.scala:85)
[2026-03-06T08:02:42.950+0000] {subprocess.py:106} INFO - 	at org.apache.spark.storage.BlockManagerMaster.registerBlockManager(BlockManagerMaster.scala:80)
[2026-03-06T08:02:42.951+0000] {subprocess.py:106} INFO - 	at org.apache.spark.storage.BlockManager.reregister(BlockManager.scala:642)
[2026-03-06T08:02:42.951+0000] {subprocess.py:106} INFO - 	at org.apache.spark.executor.Executor.reportHeartBeat(Executor.scala:1223)
[2026-03-06T08:02:42.952+0000] {subprocess.py:106} INFO - 	at org.apache.spark.executor.Executor.$anonfun$heartbeater$1(Executor.scala:295)
[2026-03-06T08:02:42.953+0000] {subprocess.py:106} INFO - 	at scala.runtime.java8.JFunction0$mcV$sp.apply(JFunction0$mcV$sp.java:23)
[2026-03-06T08:02:42.953+0000] {subprocess.py:106} INFO - 	at org.apache.spark.util.Utils$.logUncaughtExceptions(Utils.scala:1928)
[2026-03-06T08:02:42.954+0000] {subprocess.py:106} INFO - 	at org.apache.spark.Heartbeater$$anon$1.run(Heartbeater.scala:46)
[2026-03-06T08:02:42.955+0000] {subprocess.py:106} INFO - 	at java.base/java.util.concurrent.Executors$RunnableAdapter.call(Executors.java:539)
[2026-03-06T08:02:42.956+0000] {subprocess.py:106} INFO - 	at java.base/java.util.concurrent.FutureTask.runAndReset(FutureTask.java:305)
[2026-03-06T08:02:42.956+0000] {subprocess.py:106} INFO - 	at java.base/java.util.concurrent.ScheduledThreadPoolExecutor$ScheduledFutureTask.run(ScheduledThreadPoolExecutor.java:305)
[2026-03-06T08:02:42.957+0000] {subprocess.py:106} INFO - 	at java.base/java.util.concurrent.ThreadPoolExecutor.runWorker(ThreadPoolExecutor.java:1136)
[2026-03-06T08:02:42.958+0000] {subprocess.py:106} INFO - 	at java.base/java.util.concurrent.ThreadPoolExecutor$Worker.run(ThreadPoolExecutor.java:635)
[2026-03-06T08:02:42.959+0000] {subprocess.py:106} INFO - 	at java.base/java.lang.Thread.run(Thread.java:840)
[2026-03-06T08:02:42.961+0000] {subprocess.py:106} INFO - Caused by: org.apache.spark.SparkException: Exception thrown in awaitResult:
[2026-03-06T08:02:42.962+0000] {subprocess.py:106} INFO - 	at org.apache.spark.util.SparkThreadUtils$.awaitResult(SparkThreadUtils.scala:56)
[2026-03-06T08:02:42.963+0000] {subprocess.py:106} INFO - 	at org.apache.spark.util.ThreadUtils$.awaitResult(ThreadUtils.scala:310)
[2026-03-06T08:02:42.963+0000] {subprocess.py:106} INFO - 	at org.apache.spark.rpc.RpcTimeout.awaitResult(RpcTimeout.scala:75)
[2026-03-06T08:02:42.964+0000] {subprocess.py:106} INFO - 	at org.apache.spark.rpc.RpcEnv.setupEndpointRefByURI(RpcEnv.scala:102)
[2026-03-06T08:02:42.965+0000] {subprocess.py:106} INFO - 	at org.apache.spark.rpc.RpcEnv.setupEndpointRef(RpcEnv.scala:110)
[2026-03-06T08:02:42.965+0000] {subprocess.py:106} INFO - 	at org.apache.spark.util.RpcUtils$.makeDriverRef(RpcUtils.scala:36)
[2026-03-06T08:02:42.966+0000] {subprocess.py:106} INFO - 	at org.apache.spark.storage.BlockManagerMasterEndpoint.driverEndpoint$lzycompute(BlockManagerMasterEndpoint.scala:124)
[2026-03-06T08:02:42.967+0000] {subprocess.py:106} INFO - 	at org.apache.spark.storage.BlockManagerMasterEndpoint.org$apache$spark$storage$BlockManagerMasterEndpoint$$driverEndpoint(BlockManagerMasterEndpoint.scala:123)
[2026-03-06T08:02:42.968+0000] {subprocess.py:106} INFO - 	at org.apache.spark.storage.BlockManagerMasterEndpoint.isExecutorAlive$lzycompute$1(BlockManagerMasterEndpoint.scala:688)
[2026-03-06T08:02:42.969+0000] {subprocess.py:106} INFO - 	at org.apache.spark.storage.BlockManagerMasterEndpoint.isExecutorAlive$1(BlockManagerMasterEndpoint.scala:687)
[2026-03-06T08:02:42.969+0000] {subprocess.py:106} INFO - 	at org.apache.spark.storage.BlockManagerMasterEndpoint.org$apache$spark$storage$BlockManagerMasterEndpoint$$register(BlockManagerMasterEndpoint.scala:725)
[2026-03-06T08:02:42.970+0000] {subprocess.py:106} INFO - 	at org.apache.spark.storage.BlockManagerMasterEndpoint$$anonfun$receiveAndReply$1.applyOrElse(BlockManagerMasterEndpoint.scala:133)
[2026-03-06T08:02:42.971+0000] {subprocess.py:106} INFO - 	at org.apache.spark.rpc.netty.Inbox.$anonfun$process$1(Inbox.scala:103)
[2026-03-06T08:02:42.972+0000] {subprocess.py:106} INFO - 	at org.apache.spark.rpc.netty.Inbox.safelyCall(Inbox.scala:213)
[2026-03-06T08:02:42.973+0000] {subprocess.py:106} INFO - 	at org.apache.spark.rpc.netty.Inbox.process(Inbox.scala:100)
[2026-03-06T08:02:42.975+0000] {subprocess.py:106} INFO - 	at org.apache.spark.rpc.netty.MessageLoop.org$apache$spark$rpc$netty$MessageLoop$$receiveLoop(MessageLoop.scala:75)
[2026-03-06T08:02:42.977+0000] {subprocess.py:106} INFO - 	at org.apache.spark.rpc.netty.MessageLoop$$anon$1.run(MessageLoop.scala:41)
[2026-03-06T08:02:42.978+0000] {subprocess.py:106} INFO - 	... 3 more
[2026-03-06T08:02:42.979+0000] {subprocess.py:106} INFO - Caused by: org.apache.spark.rpc.RpcEndpointNotFoundException: Cannot find endpoint: spark://CoarseGrainedScheduler@eb669c802a68:36887
[2026-03-06T08:02:42.980+0000] {subprocess.py:106} INFO - 	at org.apache.spark.rpc.netty.NettyRpcEnv.$anonfun$asyncSetupEndpointRefByURI$1(NettyRpcEnv.scala:148)
[2026-03-06T08:02:42.981+0000] {subprocess.py:106} INFO - 	at org.apache.spark.rpc.netty.NettyRpcEnv.$anonfun$asyncSetupEndpointRefByURI$1$adapted(NettyRpcEnv.scala:144)
[2026-03-06T08:02:42.982+0000] {subprocess.py:106} INFO - 	at scala.concurrent.Future.$anonfun$flatMap$1(Future.scala:307)
[2026-03-06T08:02:42.983+0000] {subprocess.py:106} INFO - 	at scala.concurrent.impl.Promise.$anonfun$transformWith$1(Promise.scala:41)
[2026-03-06T08:02:42.985+0000] {subprocess.py:106} INFO - 	at scala.concurrent.impl.CallbackRunnable.run(Promise.scala:64)
[2026-03-06T08:02:42.986+0000] {subprocess.py:106} INFO - 	at org.apache.spark.util.ThreadUtils$$anon$1.execute(ThreadUtils.scala:99)
[2026-03-06T08:02:42.987+0000] {subprocess.py:106} INFO - 	at scala.concurrent.impl.ExecutionContextImpl$$anon$4.execute(ExecutionContextImpl.scala:138)
[2026-03-06T08:02:42.988+0000] {subprocess.py:106} INFO - 	at scala.concurrent.impl.CallbackRunnable.executeWithValue(Promise.scala:72)
[2026-03-06T08:02:42.990+0000] {subprocess.py:106} INFO - 	at scala.concurrent.impl.Promise$DefaultPromise.$anonfun$tryComplete$1(Promise.scala:288)
[2026-03-06T08:02:42.991+0000] {subprocess.py:106} INFO - 	at scala.concurrent.impl.Promise$DefaultPromise.$anonfun$tryComplete$1$adapted(Promise.scala:288)
[2026-03-06T08:02:42.992+0000] {subprocess.py:106} INFO - 	at scala.concurrent.impl.Promise$DefaultPromise.tryComplete(Promise.scala:288)
[2026-03-06T08:02:42.993+0000] {subprocess.py:106} INFO - 	at scala.concurrent.Promise.complete(Promise.scala:53)
[2026-03-06T08:02:42.994+0000] {subprocess.py:106} INFO - 	at scala.concurrent.Promise.complete$(Promise.scala:52)
[2026-03-06T08:02:42.994+0000] {subprocess.py:106} INFO - 	at scala.concurrent.impl.Promise$DefaultPromise.complete(Promise.scala:187)
[2026-03-06T08:02:42.995+0000] {subprocess.py:106} INFO - 	at scala.concurrent.impl.Promise.$anonfun$transform$1(Promise.scala:33)
[2026-03-06T08:02:42.996+0000] {subprocess.py:106} INFO - 	at scala.concurrent.impl.CallbackRunnable.run(Promise.scala:64)
[2026-03-06T08:02:42.997+0000] {subprocess.py:106} INFO - 	at org.apache.spark.util.ThreadUtils$$anon$1.execute(ThreadUtils.scala:99)
[2026-03-06T08:02:42.998+0000] {subprocess.py:106} INFO - 	at scala.concurrent.impl.ExecutionContextImpl$$anon$4.execute(ExecutionContextImpl.scala:138)
[2026-03-06T08:02:42.999+0000] {subprocess.py:106} INFO - 	at scala.concurrent.impl.CallbackRunnable.executeWithValue(Promise.scala:72)
[2026-03-06T08:02:42.999+0000] {subprocess.py:106} INFO - 	at scala.concurrent.impl.Promise$DefaultPromise.$anonfun$tryComplete$1(Promise.scala:288)
[2026-03-06T08:02:43.000+0000] {subprocess.py:106} INFO - 	at scala.concurrent.impl.Promise$DefaultPromise.$anonfun$tryComplete$1$adapted(Promise.scala:288)
[2026-03-06T08:02:43.001+0000] {subprocess.py:106} INFO - 	at scala.concurrent.impl.Promise$DefaultPromise.tryComplete(Promise.scala:288)
[2026-03-06T08:02:43.001+0000] {subprocess.py:106} INFO - 	at scala.concurrent.Promise.complete(Promise.scala:53)
[2026-03-06T08:02:43.002+0000] {subprocess.py:106} INFO - 	at scala.concurrent.Promise.complete$(Promise.scala:52)
[2026-03-06T08:02:43.003+0000] {subprocess.py:106} INFO - 	at scala.concurrent.impl.Promise$DefaultPromise.complete(Promise.scala:187)
[2026-03-06T08:02:43.004+0000] {subprocess.py:106} INFO - 	at scala.concurrent.impl.Promise.$anonfun$transform$1(Promise.scala:33)
[2026-03-06T08:02:43.004+0000] {subprocess.py:106} INFO - 	at scala.concurrent.impl.CallbackRunnable.run(Promise.scala:64)
[2026-03-06T08:02:43.005+0000] {subprocess.py:106} INFO - 	at scala.concurrent.BatchingExecutor$Batch.processBatch$1(BatchingExecutor.scala:67)
[2026-03-06T08:02:43.006+0000] {subprocess.py:106} INFO - 	at scala.concurrent.BatchingExecutor$Batch.$anonfun$run$1(BatchingExecutor.scala:82)
[2026-03-06T08:02:43.007+0000] {subprocess.py:106} INFO - 	at scala.runtime.java8.JFunction0$mcV$sp.apply(JFunction0$mcV$sp.java:23)
[2026-03-06T08:02:43.007+0000] {subprocess.py:106} INFO - 	at scala.concurrent.BlockContext$.withBlockContext(BlockContext.scala:85)
[2026-03-06T08:02:43.008+0000] {subprocess.py:106} INFO - 	at scala.concurrent.BatchingExecutor$Batch.run(BatchingExecutor.scala:59)
[2026-03-06T08:02:43.009+0000] {subprocess.py:106} INFO - 	at scala.concurrent.Future$InternalCallbackExecutor$.unbatchedExecute(Future.scala:875)
[2026-03-06T08:02:43.010+0000] {subprocess.py:106} INFO - 	at scala.concurrent.BatchingExecutor.execute(BatchingExecutor.scala:110)
[2026-03-06T08:02:43.011+0000] {subprocess.py:106} INFO - 	at scala.concurrent.BatchingExecutor.execute$(BatchingExecutor.scala:107)
[2026-03-06T08:02:43.011+0000] {subprocess.py:106} INFO - 	at scala.concurrent.Future$InternalCallbackExecutor$.execute(Future.scala:873)
[2026-03-06T08:02:43.012+0000] {subprocess.py:106} INFO - 	at scala.concurrent.impl.CallbackRunnable.executeWithValue(Promise.scala:72)
[2026-03-06T08:02:43.013+0000] {subprocess.py:106} INFO - 	at scala.concurrent.impl.Promise$DefaultPromise.$anonfun$tryComplete$1(Promise.scala:288)
[2026-03-06T08:02:43.014+0000] {subprocess.py:106} INFO - 	at scala.concurrent.impl.Promise$DefaultPromise.$anonfun$tryComplete$1$adapted(Promise.scala:288)
[2026-03-06T08:02:43.015+0000] {subprocess.py:106} INFO - 	at scala.concurrent.impl.Promise$DefaultPromise.tryComplete(Promise.scala:288)
[2026-03-06T08:02:43.016+0000] {subprocess.py:106} INFO - 	at scala.concurrent.Promise.trySuccess(Promise.scala:94)
[2026-03-06T08:02:43.017+0000] {subprocess.py:106} INFO - 	at scala.concurrent.Promise.trySuccess$(Promise.scala:94)
[2026-03-06T08:02:43.017+0000] {subprocess.py:106} INFO - 	at scala.concurrent.impl.Promise$DefaultPromise.trySuccess(Promise.scala:187)
[2026-03-06T08:02:43.018+0000] {subprocess.py:106} INFO - 	at org.apache.spark.rpc.netty.NettyRpcEnv.onSuccess$1(NettyRpcEnv.scala:225)
[2026-03-06T08:02:43.019+0000] {subprocess.py:106} INFO - 	at org.apache.spark.rpc.netty.NettyRpcEnv.$anonfun$askAbortable$5(NettyRpcEnv.scala:239)
[2026-03-06T08:02:43.019+0000] {subprocess.py:106} INFO - 	at org.apache.spark.rpc.netty.NettyRpcEnv.$anonfun$askAbortable$5$adapted(NettyRpcEnv.scala:238)
[2026-03-06T08:02:43.020+0000] {subprocess.py:106} INFO - 	at scala.concurrent.impl.CallbackRunnable.run(Promise.scala:64)
[2026-03-06T08:02:43.021+0000] {subprocess.py:106} INFO - 	at org.apache.spark.util.ThreadUtils$$anon$1.execute(ThreadUtils.scala:99)
[2026-03-06T08:02:43.022+0000] {subprocess.py:106} INFO - 	at scala.concurrent.impl.ExecutionContextImpl$$anon$4.execute(ExecutionContextImpl.scala:138)
[2026-03-06T08:02:43.022+0000] {subprocess.py:106} INFO - 	at scala.concurrent.impl.CallbackRunnable.executeWithValue(Promise.scala:72)
[2026-03-06T08:02:43.023+0000] {subprocess.py:106} INFO - 	at scala.concurrent.impl.Promise$DefaultPromise.$anonfun$tryComplete$1(Promise.scala:288)
[2026-03-06T08:02:43.024+0000] {subprocess.py:106} INFO - 	at scala.concurrent.impl.Promise$DefaultPromise.$anonfun$tryComplete$1$adapted(Promise.scala:288)
[2026-03-06T08:02:43.025+0000] {subprocess.py:106} INFO - 	at scala.concurrent.impl.Promise$DefaultPromise.tryComplete(Promise.scala:288)
[2026-03-06T08:02:43.025+0000] {subprocess.py:106} INFO - 	at scala.concurrent.Promise.complete(Promise.scala:53)
[2026-03-06T08:02:43.026+0000] {subprocess.py:106} INFO - 	at scala.concurrent.Promise.complete$(Promise.scala:52)
[2026-03-06T08:02:43.027+0000] {subprocess.py:106} INFO - 	at scala.concurrent.impl.Promise$DefaultPromise.complete(Promise.scala:187)
[2026-03-06T08:02:43.027+0000] {subprocess.py:106} INFO - 	at scala.concurrent.Promise.success(Promise.scala:86)
[2026-03-06T08:02:43.028+0000] {subprocess.py:106} INFO - 	at scala.concurrent.Promise.success$(Promise.scala:86)
[2026-03-06T08:02:43.029+0000] {subprocess.py:106} INFO - 	at scala.concurrent.impl.Promise$DefaultPromise.success(Promise.scala:187)
[2026-03-06T08:02:43.030+0000] {subprocess.py:106} INFO - 	at org.apache.spark.rpc.netty.LocalNettyRpcCallContext.send(NettyRpcCallContext.scala:50)
[2026-03-06T08:02:43.031+0000] {subprocess.py:106} INFO - 	at org.apache.spark.rpc.netty.NettyRpcCallContext.reply(NettyRpcCallContext.scala:32)
[2026-03-06T08:02:43.032+0000] {subprocess.py:106} INFO - 	at org.apache.spark.rpc.netty.RpcEndpointVerifier$$anonfun$receiveAndReply$1.applyOrElse(RpcEndpointVerifier.scala:31)
[2026-03-06T08:02:43.033+0000] {subprocess.py:106} INFO - 	... 8 more
[2026-03-06T08:02:43.033+0000] {subprocess.py:106} INFO - 26/03/06 08:02:42 WARN Executor: Issue communicating with driver in heartbeater
[2026-03-06T08:02:43.034+0000] {subprocess.py:106} INFO - org.apache.spark.SparkException: Exception thrown in awaitResult:
[2026-03-06T08:02:43.035+0000] {subprocess.py:106} INFO - 	at org.apache.spark.util.SparkThreadUtils$.awaitResult(SparkThreadUtils.scala:56)
[2026-03-06T08:02:43.036+0000] {subprocess.py:106} INFO - 	at org.apache.spark.util.ThreadUtils$.awaitResult(ThreadUtils.scala:310)
[2026-03-06T08:02:43.037+0000] {subprocess.py:106} INFO - 	at org.apache.spark.rpc.RpcTimeout.awaitResult(RpcTimeout.scala:75)
[2026-03-06T08:02:43.037+0000] {subprocess.py:106} INFO - 	at org.apache.spark.rpc.RpcEndpointRef.askSync(RpcEndpointRef.scala:101)
[2026-03-06T08:02:43.038+0000] {subprocess.py:106} INFO - 	at org.apache.spark.rpc.RpcEndpointRef.askSync(RpcEndpointRef.scala:85)
[2026-03-06T08:02:43.040+0000] {subprocess.py:106} INFO - 	at org.apache.spark.storage.BlockManagerMaster.registerBlockManager(BlockManagerMaster.scala:80)
[2026-03-06T08:02:43.041+0000] {subprocess.py:106} INFO - 	at org.apache.spark.storage.BlockManager.reregister(BlockManager.scala:642)
[2026-03-06T08:02:43.042+0000] {subprocess.py:106} INFO - 	at org.apache.spark.executor.Executor.reportHeartBeat(Executor.scala:1223)
[2026-03-06T08:02:43.043+0000] {subprocess.py:106} INFO - 	at org.apache.spark.executor.Executor.$anonfun$heartbeater$1(Executor.scala:295)
[2026-03-06T08:02:43.044+0000] {subprocess.py:106} INFO - 	at scala.runtime.java8.JFunction0$mcV$sp.apply(JFunction0$mcV$sp.java:23)
[2026-03-06T08:02:43.044+0000] {subprocess.py:106} INFO - 	at org.apache.spark.util.Utils$.logUncaughtExceptions(Utils.scala:1928)
[2026-03-06T08:02:43.045+0000] {subprocess.py:106} INFO - 	at org.apache.spark.Heartbeater$$anon$1.run(Heartbeater.scala:46)
[2026-03-06T08:02:43.046+0000] {subprocess.py:106} INFO - 	at java.base/java.util.concurrent.Executors$RunnableAdapter.call(Executors.java:539)
[2026-03-06T08:02:43.046+0000] {subprocess.py:106} INFO - 	at java.base/java.util.concurrent.FutureTask.runAndReset(FutureTask.java:305)
[2026-03-06T08:02:43.047+0000] {subprocess.py:106} INFO - 	at java.base/java.util.concurrent.ScheduledThreadPoolExecutor$ScheduledFutureTask.run(ScheduledThreadPoolExecutor.java:305)
[2026-03-06T08:02:43.048+0000] {subprocess.py:106} INFO - 	at java.base/java.util.concurrent.ThreadPoolExecutor.runWorker(ThreadPoolExecutor.java:1136)
[2026-03-06T08:02:43.049+0000] {subprocess.py:106} INFO - 	at java.base/java.util.concurrent.ThreadPoolExecutor$Worker.run(ThreadPoolExecutor.java:635)
[2026-03-06T08:02:43.050+0000] {subprocess.py:106} INFO - 	at java.base/java.lang.Thread.run(Thread.java:840)
[2026-03-06T08:02:43.051+0000] {subprocess.py:106} INFO - Caused by: org.apache.spark.SparkException: Exception thrown in awaitResult:
[2026-03-06T08:02:43.052+0000] {subprocess.py:106} INFO - 	at org.apache.spark.util.SparkThreadUtils$.awaitResult(SparkThreadUtils.scala:56)
[2026-03-06T08:02:43.052+0000] {subprocess.py:106} INFO - 	at org.apache.spark.util.ThreadUtils$.awaitResult(ThreadUtils.scala:310)
[2026-03-06T08:02:43.056+0000] {subprocess.py:106} INFO - 	at org.apache.spark.rpc.RpcTimeout.awaitResult(RpcTimeout.scala:75)
[2026-03-06T08:02:43.057+0000] {subprocess.py:106} INFO - 	at org.apache.spark.rpc.RpcEnv.setupEndpointRefByURI(RpcEnv.scala:102)
[2026-03-06T08:02:43.058+0000] {subprocess.py:106} INFO - 	at org.apache.spark.rpc.RpcEnv.setupEndpointRef(RpcEnv.scala:110)
[2026-03-06T08:02:43.059+0000] {subprocess.py:106} INFO - 	at org.apache.spark.util.RpcUtils$.makeDriverRef(RpcUtils.scala:36)
[2026-03-06T08:02:43.060+0000] {subprocess.py:106} INFO - 	at org.apache.spark.storage.BlockManagerMasterEndpoint.driverEndpoint$lzycompute(BlockManagerMasterEndpoint.scala:124)
[2026-03-06T08:02:43.061+0000] {subprocess.py:106} INFO - 	at org.apache.spark.storage.BlockManagerMasterEndpoint.org$apache$spark$storage$BlockManagerMasterEndpoint$$driverEndpoint(BlockManagerMasterEndpoint.scala:123)
[2026-03-06T08:02:43.062+0000] {subprocess.py:106} INFO - 	at org.apache.spark.storage.BlockManagerMasterEndpoint.isExecutorAlive$lzycompute$1(BlockManagerMasterEndpoint.scala:688)
[2026-03-06T08:02:43.062+0000] {subprocess.py:106} INFO - 	at org.apache.spark.storage.BlockManagerMasterEndpoint.isExecutorAlive$1(BlockManagerMasterEndpoint.scala:687)
[2026-03-06T08:02:43.063+0000] {subprocess.py:106} INFO - 	at org.apache.spark.storage.BlockManagerMasterEndpoint.org$apache$spark$storage$BlockManagerMasterEndpoint$$register(BlockManagerMasterEndpoint.scala:725)
[2026-03-06T08:02:43.063+0000] {subprocess.py:106} INFO - 	at org.apache.spark.storage.BlockManagerMasterEndpoint$$anonfun$receiveAndReply$1.applyOrElse(BlockManagerMasterEndpoint.scala:133)
[2026-03-06T08:02:43.064+0000] {subprocess.py:106} INFO - 	at org.apache.spark.rpc.netty.Inbox.$anonfun$process$1(Inbox.scala:103)
[2026-03-06T08:02:43.065+0000] {subprocess.py:106} INFO - 	at org.apache.spark.rpc.netty.Inbox.safelyCall(Inbox.scala:213)
[2026-03-06T08:02:43.065+0000] {subprocess.py:106} INFO - 	at org.apache.spark.rpc.netty.Inbox.process(Inbox.scala:100)
[2026-03-06T08:02:43.066+0000] {subprocess.py:106} INFO - 	at org.apache.spark.rpc.netty.MessageLoop.org$apache$spark$rpc$netty$MessageLoop$$receiveLoop(MessageLoop.scala:75)
[2026-03-06T08:02:43.067+0000] {subprocess.py:106} INFO - 	at org.apache.spark.rpc.netty.MessageLoop$$anon$1.run(MessageLoop.scala:41)
[2026-03-06T08:02:43.067+0000] {subprocess.py:106} INFO - 	... 3 more
[2026-03-06T08:02:43.068+0000] {subprocess.py:106} INFO - Caused by: org.apache.spark.rpc.RpcEndpointNotFoundException: Cannot find endpoint: spark://CoarseGrainedScheduler@eb669c802a68:36887
[2026-03-06T08:02:43.069+0000] {subprocess.py:106} INFO - 	at org.apache.spark.rpc.netty.NettyRpcEnv.$anonfun$asyncSetupEndpointRefByURI$1(NettyRpcEnv.scala:148)
[2026-03-06T08:02:43.069+0000] {subprocess.py:106} INFO - 	at org.apache.spark.rpc.netty.NettyRpcEnv.$anonfun$asyncSetupEndpointRefByURI$1$adapted(NettyRpcEnv.scala:144)
[2026-03-06T08:02:43.070+0000] {subprocess.py:106} INFO - 	at scala.concurrent.Future.$anonfun$flatMap$1(Future.scala:307)
[2026-03-06T08:02:43.070+0000] {subprocess.py:106} INFO - 	at scala.concurrent.impl.Promise.$anonfun$transformWith$1(Promise.scala:41)
[2026-03-06T08:02:43.071+0000] {subprocess.py:106} INFO - 	at scala.concurrent.impl.CallbackRunnable.run(Promise.scala:64)
[2026-03-06T08:02:43.072+0000] {subprocess.py:106} INFO - 	at org.apache.spark.util.ThreadUtils$$anon$1.execute(ThreadUtils.scala:99)
[2026-03-06T08:02:43.073+0000] {subprocess.py:106} INFO - 	at scala.concurrent.impl.ExecutionContextImpl$$anon$4.execute(ExecutionContextImpl.scala:138)
[2026-03-06T08:02:43.074+0000] {subprocess.py:106} INFO - 	at scala.concurrent.impl.CallbackRunnable.executeWithValue(Promise.scala:72)
[2026-03-06T08:02:43.075+0000] {subprocess.py:106} INFO - 	at scala.concurrent.impl.Promise$DefaultPromise.$anonfun$tryComplete$1(Promise.scala:288)
[2026-03-06T08:02:43.075+0000] {subprocess.py:106} INFO - 	at scala.concurrent.impl.Promise$DefaultPromise.$anonfun$tryComplete$1$adapted(Promise.scala:288)
[2026-03-06T08:02:43.076+0000] {subprocess.py:106} INFO - 	at scala.concurrent.impl.Promise$DefaultPromise.tryComplete(Promise.scala:288)
[2026-03-06T08:02:43.077+0000] {subprocess.py:106} INFO - 	at scala.concurrent.Promise.complete(Promise.scala:53)
[2026-03-06T08:02:43.077+0000] {subprocess.py:106} INFO - 	at scala.concurrent.Promise.complete$(Promise.scala:52)
[2026-03-06T08:02:43.078+0000] {subprocess.py:106} INFO - 	at scala.concurrent.impl.Promise$DefaultPromise.complete(Promise.scala:187)
[2026-03-06T08:02:43.079+0000] {subprocess.py:106} INFO - 	at scala.concurrent.impl.Promise.$anonfun$transform$1(Promise.scala:33)
[2026-03-06T08:02:43.080+0000] {subprocess.py:106} INFO - 	at scala.concurrent.impl.CallbackRunnable.run(Promise.scala:64)
[2026-03-06T08:02:43.082+0000] {subprocess.py:106} INFO - 	at org.apache.spark.util.ThreadUtils$$anon$1.execute(ThreadUtils.scala:99)
[2026-03-06T08:02:43.084+0000] {subprocess.py:106} INFO - 	at scala.concurrent.impl.ExecutionContextImpl$$anon$4.execute(ExecutionContextImpl.scala:138)
[2026-03-06T08:02:43.085+0000] {subprocess.py:106} INFO - 	at scala.concurrent.impl.CallbackRunnable.executeWithValue(Promise.scala:72)
[2026-03-06T08:02:43.087+0000] {subprocess.py:106} INFO - 	at scala.concurrent.impl.Promise$DefaultPromise.$anonfun$tryComplete$1(Promise.scala:288)
[2026-03-06T08:02:43.089+0000] {subprocess.py:106} INFO - 	at scala.concurrent.impl.Promise$DefaultPromise.$anonfun$tryComplete$1$adapted(Promise.scala:288)
[2026-03-06T08:02:43.089+0000] {subprocess.py:106} INFO - 	at scala.concurrent.impl.Promise$DefaultPromise.tryComplete(Promise.scala:288)
[2026-03-06T08:02:43.090+0000] {subprocess.py:106} INFO - 	at scala.concurrent.Promise.complete(Promise.scala:53)
[2026-03-06T08:02:43.091+0000] {subprocess.py:106} INFO - 	at scala.concurrent.Promise.complete$(Promise.scala:52)
[2026-03-06T08:02:43.092+0000] {subprocess.py:106} INFO - 	at scala.concurrent.impl.Promise$DefaultPromise.complete(Promise.scala:187)
[2026-03-06T08:02:43.092+0000] {subprocess.py:106} INFO - 	at scala.concurrent.impl.Promise.$anonfun$transform$1(Promise.scala:33)
[2026-03-06T08:02:43.093+0000] {subprocess.py:106} INFO - 	at scala.concurrent.impl.CallbackRunnable.run(Promise.scala:64)
[2026-03-06T08:02:43.094+0000] {subprocess.py:106} INFO - 	at scala.concurrent.BatchingExecutor$Batch.processBatch$1(BatchingExecutor.scala:67)
[2026-03-06T08:02:43.095+0000] {subprocess.py:106} INFO - 	at scala.concurrent.BatchingExecutor$Batch.$anonfun$run$1(BatchingExecutor.scala:82)
[2026-03-06T08:02:43.096+0000] {subprocess.py:106} INFO - 	at scala.runtime.java8.JFunction0$mcV$sp.apply(JFunction0$mcV$sp.java:23)
[2026-03-06T08:02:43.097+0000] {subprocess.py:106} INFO - 	at scala.concurrent.BlockContext$.withBlockContext(BlockContext.scala:85)
[2026-03-06T08:02:43.097+0000] {subprocess.py:106} INFO - 	at scala.concurrent.BatchingExecutor$Batch.run(BatchingExecutor.scala:59)
[2026-03-06T08:02:43.101+0000] {subprocess.py:106} INFO - 	at scala.concurrent.Future$InternalCallbackExecutor$.unbatchedExecute(Future.scala:875)
[2026-03-06T08:02:43.106+0000] {subprocess.py:106} INFO - 	at scala.concurrent.BatchingExecutor.execute(BatchingExecutor.scala:110)
[2026-03-06T08:02:43.112+0000] {subprocess.py:106} INFO - 	at scala.concurrent.BatchingExecutor.execute$(BatchingExecutor.scala:107)
[2026-03-06T08:02:43.113+0000] {subprocess.py:106} INFO - 	at scala.concurrent.Future$InternalCallbackExecutor$.execute(Future.scala:873)
[2026-03-06T08:02:43.114+0000] {subprocess.py:106} INFO - 	at scala.concurrent.impl.CallbackRunnable.executeWithValue(Promise.scala:72)
[2026-03-06T08:02:43.115+0000] {subprocess.py:106} INFO - 	at scala.concurrent.impl.Promise$DefaultPromise.$anonfun$tryComplete$1(Promise.scala:288)
[2026-03-06T08:02:43.116+0000] {subprocess.py:106} INFO - 	at scala.concurrent.impl.Promise$DefaultPromise.$anonfun$tryComplete$1$adapted(Promise.scala:288)
[2026-03-06T08:02:43.117+0000] {subprocess.py:106} INFO - 	at scala.concurrent.impl.Promise$DefaultPromise.tryComplete(Promise.scala:288)
[2026-03-06T08:02:43.117+0000] {subprocess.py:106} INFO - 	at scala.concurrent.Promise.trySuccess(Promise.scala:94)
[2026-03-06T08:02:43.118+0000] {subprocess.py:106} INFO - 	at scala.concurrent.Promise.trySuccess$(Promise.scala:94)
[2026-03-06T08:02:43.119+0000] {subprocess.py:106} INFO - 	at scala.concurrent.impl.Promise$DefaultPromise.trySuccess(Promise.scala:187)
[2026-03-06T08:02:43.120+0000] {subprocess.py:106} INFO - 	at org.apache.spark.rpc.netty.NettyRpcEnv.onSuccess$1(NettyRpcEnv.scala:225)
[2026-03-06T08:02:43.121+0000] {subprocess.py:106} INFO - 	at org.apache.spark.rpc.netty.NettyRpcEnv.$anonfun$askAbortable$5(NettyRpcEnv.scala:239)
[2026-03-06T08:02:43.121+0000] {subprocess.py:106} INFO - 	at org.apache.spark.rpc.netty.NettyRpcEnv.$anonfun$askAbortable$5$adapted(NettyRpcEnv.scala:238)
[2026-03-06T08:02:43.122+0000] {subprocess.py:106} INFO - 	at scala.concurrent.impl.CallbackRunnable.run(Promise.scala:64)
[2026-03-06T08:02:43.123+0000] {subprocess.py:106} INFO - 	at org.apache.spark.util.ThreadUtils$$anon$1.execute(ThreadUtils.scala:99)
[2026-03-06T08:02:43.124+0000] {subprocess.py:106} INFO - 	at scala.concurrent.impl.ExecutionContextImpl$$anon$4.execute(ExecutionContextImpl.scala:138)
[2026-03-06T08:02:43.124+0000] {subprocess.py:106} INFO - 	at scala.concurrent.impl.CallbackRunnable.executeWithValue(Promise.scala:72)
[2026-03-06T08:02:43.126+0000] {subprocess.py:106} INFO - 	at scala.concurrent.impl.Promise$DefaultPromise.$anonfun$tryComplete$1(Promise.scala:288)
[2026-03-06T08:02:43.129+0000] {subprocess.py:106} INFO - 	at scala.concurrent.impl.Promise$DefaultPromise.$anonfun$tryComplete$1$adapted(Promise.scala:288)
[2026-03-06T08:02:43.132+0000] {subprocess.py:106} INFO - 	at scala.concurrent.impl.Promise$DefaultPromise.tryComplete(Promise.scala:288)
[2026-03-06T08:02:43.133+0000] {subprocess.py:106} INFO - 	at scala.concurrent.Promise.complete(Promise.scala:53)
[2026-03-06T08:02:43.134+0000] {subprocess.py:106} INFO - 	at scala.concurrent.Promise.complete$(Promise.scala:52)
[2026-03-06T08:02:43.135+0000] {subprocess.py:106} INFO - 	at scala.concurrent.impl.Promise$DefaultPromise.complete(Promise.scala:187)
[2026-03-06T08:02:43.136+0000] {subprocess.py:106} INFO - 	at scala.concurrent.Promise.success(Promise.scala:86)
[2026-03-06T08:02:43.136+0000] {subprocess.py:106} INFO - 	at scala.concurrent.Promise.success$(Promise.scala:86)
[2026-03-06T08:02:43.137+0000] {subprocess.py:106} INFO - 	at scala.concurrent.impl.Promise$DefaultPromise.success(Promise.scala:187)
[2026-03-06T08:02:43.138+0000] {subprocess.py:106} INFO - 	at org.apache.spark.rpc.netty.LocalNettyRpcCallContext.send(NettyRpcCallContext.scala:50)
[2026-03-06T08:02:43.140+0000] {subprocess.py:106} INFO - 	at org.apache.spark.rpc.netty.NettyRpcCallContext.reply(NettyRpcCallContext.scala:32)
[2026-03-06T08:02:43.141+0000] {subprocess.py:106} INFO - 	at org.apache.spark.rpc.netty.RpcEndpointVerifier$$anonfun$receiveAndReply$1.applyOrElse(RpcEndpointVerifier.scala:31)
[2026-03-06T08:02:43.142+0000] {subprocess.py:106} INFO - 	... 8 more
[2026-03-06T08:02:43.143+0000] {subprocess.py:106} INFO - 26/03/06 08:02:42 ERROR Inbox: Ignoring error
[2026-03-06T08:02:43.143+0000] {subprocess.py:106} INFO - org.apache.spark.SparkException: Exception thrown in awaitResult:
[2026-03-06T08:02:43.144+0000] {subprocess.py:106} INFO - 	at org.apache.spark.util.SparkThreadUtils$.awaitResult(SparkThreadUtils.scala:56)
[2026-03-06T08:02:43.145+0000] {subprocess.py:106} INFO - 	at org.apache.spark.util.ThreadUtils$.awaitResult(ThreadUtils.scala:310)
[2026-03-06T08:02:43.146+0000] {subprocess.py:106} INFO - 	at org.apache.spark.rpc.RpcTimeout.awaitResult(RpcTimeout.scala:75)
[2026-03-06T08:02:43.147+0000] {subprocess.py:106} INFO - 	at org.apache.spark.rpc.RpcEnv.setupEndpointRefByURI(RpcEnv.scala:102)
[2026-03-06T08:02:43.148+0000] {subprocess.py:106} INFO - 	at org.apache.spark.rpc.RpcEnv.setupEndpointRef(RpcEnv.scala:110)
[2026-03-06T08:02:43.149+0000] {subprocess.py:106} INFO - 	at org.apache.spark.util.RpcUtils$.makeDriverRef(RpcUtils.scala:36)
[2026-03-06T08:02:43.150+0000] {subprocess.py:106} INFO - 	at org.apache.spark.storage.BlockManagerMasterEndpoint.driverEndpoint$lzycompute(BlockManagerMasterEndpoint.scala:124)
[2026-03-06T08:02:43.151+0000] {subprocess.py:106} INFO - 	at org.apache.spark.storage.BlockManagerMasterEndpoint.org$apache$spark$storage$BlockManagerMasterEndpoint$$driverEndpoint(BlockManagerMasterEndpoint.scala:123)
[2026-03-06T08:02:43.152+0000] {subprocess.py:106} INFO - 	at org.apache.spark.storage.BlockManagerMasterEndpoint.isExecutorAlive$lzycompute$1(BlockManagerMasterEndpoint.scala:688)
[2026-03-06T08:02:43.153+0000] {subprocess.py:106} INFO - 	at org.apache.spark.storage.BlockManagerMasterEndpoint.isExecutorAlive$1(BlockManagerMasterEndpoint.scala:687)
[2026-03-06T08:02:43.154+0000] {subprocess.py:106} INFO - 	at org.apache.spark.storage.BlockManagerMasterEndpoint.org$apache$spark$storage$BlockManagerMasterEndpoint$$register(BlockManagerMasterEndpoint.scala:725)
[2026-03-06T08:02:43.154+0000] {subprocess.py:106} INFO - 	at org.apache.spark.storage.BlockManagerMasterEndpoint$$anonfun$receiveAndReply$1.applyOrElse(BlockManagerMasterEndpoint.scala:133)
[2026-03-06T08:02:43.155+0000] {subprocess.py:106} INFO - 	at org.apache.spark.rpc.netty.Inbox.$anonfun$process$1(Inbox.scala:103)
[2026-03-06T08:02:43.156+0000] {subprocess.py:106} INFO - 	at org.apache.spark.rpc.netty.Inbox.safelyCall(Inbox.scala:213)
[2026-03-06T08:02:43.156+0000] {subprocess.py:106} INFO - 	at org.apache.spark.rpc.netty.Inbox.process(Inbox.scala:100)
[2026-03-06T08:02:43.157+0000] {subprocess.py:106} INFO - 	at org.apache.spark.rpc.netty.MessageLoop.org$apache$spark$rpc$netty$MessageLoop$$receiveLoop(MessageLoop.scala:75)
[2026-03-06T08:02:43.159+0000] {subprocess.py:106} INFO - 	at org.apache.spark.rpc.netty.MessageLoop$$anon$1.run(MessageLoop.scala:41)
[2026-03-06T08:02:43.159+0000] {subprocess.py:106} INFO - 	at java.base/java.util.concurrent.ThreadPoolExecutor.runWorker(ThreadPoolExecutor.java:1136)
[2026-03-06T08:02:43.160+0000] {subprocess.py:106} INFO - 	at java.base/java.util.concurrent.ThreadPoolExecutor$Worker.run(ThreadPoolExecutor.java:635)
[2026-03-06T08:02:43.161+0000] {subprocess.py:106} INFO - 	at java.base/java.lang.Thread.run(Thread.java:840)
[2026-03-06T08:02:43.162+0000] {subprocess.py:106} INFO - Caused by: org.apache.spark.rpc.RpcEndpointNotFoundException: Cannot find endpoint: spark://CoarseGrainedScheduler@eb669c802a68:36887
[2026-03-06T08:02:43.163+0000] {subprocess.py:106} INFO - 	at org.apache.spark.rpc.netty.NettyRpcEnv.$anonfun$asyncSetupEndpointRefByURI$1(NettyRpcEnv.scala:148)
[2026-03-06T08:02:43.163+0000] {subprocess.py:106} INFO - 	at org.apache.spark.rpc.netty.NettyRpcEnv.$anonfun$asyncSetupEndpointRefByURI$1$adapted(NettyRpcEnv.scala:144)
[2026-03-06T08:02:43.164+0000] {subprocess.py:106} INFO - 	at scala.concurrent.Future.$anonfun$flatMap$1(Future.scala:307)
[2026-03-06T08:02:43.165+0000] {subprocess.py:106} INFO - 	at scala.concurrent.impl.Promise.$anonfun$transformWith$1(Promise.scala:41)
[2026-03-06T08:02:43.166+0000] {subprocess.py:106} INFO - 	at scala.concurrent.impl.CallbackRunnable.run(Promise.scala:64)
[2026-03-06T08:02:43.167+0000] {subprocess.py:106} INFO - 	at org.apache.spark.util.ThreadUtils$$anon$1.execute(ThreadUtils.scala:99)
[2026-03-06T08:02:43.168+0000] {subprocess.py:106} INFO - 	at scala.concurrent.impl.ExecutionContextImpl$$anon$4.execute(ExecutionContextImpl.scala:138)
[2026-03-06T08:02:43.168+0000] {subprocess.py:106} INFO - 	at scala.concurrent.impl.CallbackRunnable.executeWithValue(Promise.scala:72)
[2026-03-06T08:02:43.169+0000] {subprocess.py:106} INFO - 	at scala.concurrent.impl.Promise$DefaultPromise.$anonfun$tryComplete$1(Promise.scala:288)
[2026-03-06T08:02:43.170+0000] {subprocess.py:106} INFO - 	at scala.concurrent.impl.Promise$DefaultPromise.$anonfun$tryComplete$1$adapted(Promise.scala:288)
[2026-03-06T08:02:43.171+0000] {subprocess.py:106} INFO - 	at scala.concurrent.impl.Promise$DefaultPromise.tryComplete(Promise.scala:288)
[2026-03-06T08:02:43.172+0000] {subprocess.py:106} INFO - 	at scala.concurrent.Promise.complete(Promise.scala:53)
[2026-03-06T08:02:43.173+0000] {subprocess.py:106} INFO - 	at scala.concurrent.Promise.complete$(Promise.scala:52)
[2026-03-06T08:02:43.173+0000] {subprocess.py:106} INFO - 	at scala.concurrent.impl.Promise$DefaultPromise.complete(Promise.scala:187)
[2026-03-06T08:02:43.174+0000] {subprocess.py:106} INFO - 	at scala.concurrent.impl.Promise.$anonfun$transform$1(Promise.scala:33)
[2026-03-06T08:02:43.176+0000] {subprocess.py:106} INFO - 	at scala.concurrent.impl.CallbackRunnable.run(Promise.scala:64)
[2026-03-06T08:02:43.177+0000] {subprocess.py:106} INFO - 	at org.apache.spark.util.ThreadUtils$$anon$1.execute(ThreadUtils.scala:99)
[2026-03-06T08:02:43.178+0000] {subprocess.py:106} INFO - 	at scala.concurrent.impl.ExecutionContextImpl$$anon$4.execute(ExecutionContextImpl.scala:138)
[2026-03-06T08:02:43.179+0000] {subprocess.py:106} INFO - 	at scala.concurrent.impl.CallbackRunnable.executeWithValue(Promise.scala:72)
[2026-03-06T08:02:43.180+0000] {subprocess.py:106} INFO - 	at scala.concurrent.impl.Promise$DefaultPromise.$anonfun$tryComplete$1(Promise.scala:288)
[2026-03-06T08:02:43.181+0000] {subprocess.py:106} INFO - 	at scala.concurrent.impl.Promise$DefaultPromise.$anonfun$tryComplete$1$adapted(Promise.scala:288)
[2026-03-06T08:02:43.181+0000] {subprocess.py:106} INFO - 	at scala.concurrent.impl.Promise$DefaultPromise.tryComplete(Promise.scala:288)
[2026-03-06T08:02:43.182+0000] {subprocess.py:106} INFO - 	at scala.concurrent.Promise.complete(Promise.scala:53)
[2026-03-06T08:02:43.184+0000] {subprocess.py:106} INFO - 	at scala.concurrent.Promise.complete$(Promise.scala:52)
[2026-03-06T08:02:43.186+0000] {subprocess.py:106} INFO - 	at scala.concurrent.impl.Promise$DefaultPromise.complete(Promise.scala:187)
[2026-03-06T08:02:43.187+0000] {subprocess.py:106} INFO - 	at scala.concurrent.impl.Promise.$anonfun$transform$1(Promise.scala:33)
[2026-03-06T08:02:43.188+0000] {subprocess.py:106} INFO - 	at scala.concurrent.impl.CallbackRunnable.run(Promise.scala:64)
[2026-03-06T08:02:43.189+0000] {subprocess.py:106} INFO - 	at scala.concurrent.BatchingExecutor$Batch.processBatch$1(BatchingExecutor.scala:67)
[2026-03-06T08:02:43.190+0000] {subprocess.py:106} INFO - 	at scala.concurrent.BatchingExecutor$Batch.$anonfun$run$1(BatchingExecutor.scala:82)
[2026-03-06T08:02:43.191+0000] {subprocess.py:106} INFO - 	at scala.runtime.java8.JFunction0$mcV$sp.apply(JFunction0$mcV$sp.java:23)
[2026-03-06T08:02:43.192+0000] {subprocess.py:106} INFO - 	at scala.concurrent.BlockContext$.withBlockContext(BlockContext.scala:85)
[2026-03-06T08:02:43.193+0000] {subprocess.py:106} INFO - 	at scala.concurrent.BatchingExecutor$Batch.run(BatchingExecutor.scala:59)
[2026-03-06T08:02:43.194+0000] {subprocess.py:106} INFO - 	at scala.concurrent.Future$InternalCallbackExecutor$.unbatchedExecute(Future.scala:875)
[2026-03-06T08:02:43.194+0000] {subprocess.py:106} INFO - 	at scala.concurrent.BatchingExecutor.execute(BatchingExecutor.scala:110)
[2026-03-06T08:02:43.195+0000] {subprocess.py:106} INFO - 	at scala.concurrent.BatchingExecutor.execute$(BatchingExecutor.scala:107)
[2026-03-06T08:02:43.196+0000] {subprocess.py:106} INFO - 	at scala.concurrent.Future$InternalCallbackExecutor$.execute(Future.scala:873)
[2026-03-06T08:02:43.197+0000] {subprocess.py:106} INFO - 	at scala.concurrent.impl.CallbackRunnable.executeWithValue(Promise.scala:72)
[2026-03-06T08:02:43.198+0000] {subprocess.py:106} INFO - 	at scala.concurrent.impl.Promise$DefaultPromise.$anonfun$tryComplete$1(Promise.scala:288)
[2026-03-06T08:02:43.199+0000] {subprocess.py:106} INFO - 	at scala.concurrent.impl.Promise$DefaultPromise.$anonfun$tryComplete$1$adapted(Promise.scala:288)
[2026-03-06T08:02:43.199+0000] {subprocess.py:106} INFO - 	at scala.concurrent.impl.Promise$DefaultPromise.tryComplete(Promise.scala:288)
[2026-03-06T08:02:43.200+0000] {subprocess.py:106} INFO - 	at scala.concurrent.Promise.trySuccess(Promise.scala:94)
[2026-03-06T08:02:43.201+0000] {subprocess.py:106} INFO - 	at scala.concurrent.Promise.trySuccess$(Promise.scala:94)
[2026-03-06T08:02:43.202+0000] {subprocess.py:106} INFO - 	at scala.concurrent.impl.Promise$DefaultPromise.trySuccess(Promise.scala:187)
[2026-03-06T08:02:43.203+0000] {subprocess.py:106} INFO - 	at org.apache.spark.rpc.netty.NettyRpcEnv.onSuccess$1(NettyRpcEnv.scala:225)
[2026-03-06T08:02:43.204+0000] {subprocess.py:106} INFO - 	at org.apache.spark.rpc.netty.NettyRpcEnv.$anonfun$askAbortable$5(NettyRpcEnv.scala:239)
[2026-03-06T08:02:43.205+0000] {subprocess.py:106} INFO - 	at org.apache.spark.rpc.netty.NettyRpcEnv.$anonfun$askAbortable$5$adapted(NettyRpcEnv.scala:238)
[2026-03-06T08:02:43.206+0000] {subprocess.py:106} INFO - 	at scala.concurrent.impl.CallbackRunnable.run(Promise.scala:64)
[2026-03-06T08:02:43.208+0000] {subprocess.py:106} INFO - 	at org.apache.spark.util.ThreadUtils$$anon$1.execute(ThreadUtils.scala:99)
[2026-03-06T08:02:43.211+0000] {subprocess.py:106} INFO - 	at scala.concurrent.impl.ExecutionContextImpl$$anon$4.execute(ExecutionContextImpl.scala:138)
[2026-03-06T08:02:43.212+0000] {subprocess.py:106} INFO - 	at scala.concurrent.impl.CallbackRunnable.executeWithValue(Promise.scala:72)
[2026-03-06T08:02:43.220+0000] {subprocess.py:106} INFO - 	at scala.concurrent.impl.Promise$DefaultPromise.$anonfun$tryComplete$1(Promise.scala:288)
[2026-03-06T08:02:43.222+0000] {subprocess.py:106} INFO - 	at scala.concurrent.impl.Promise$DefaultPromise.$anonfun$tryComplete$1$adapted(Promise.scala:288)
[2026-03-06T08:02:43.222+0000] {subprocess.py:106} INFO - 	at scala.concurrent.impl.Promise$DefaultPromise.tryComplete(Promise.scala:288)
[2026-03-06T08:02:43.223+0000] {subprocess.py:106} INFO - 	at scala.concurrent.Promise.complete(Promise.scala:53)
[2026-03-06T08:02:43.224+0000] {subprocess.py:106} INFO - 	at scala.concurrent.Promise.complete$(Promise.scala:52)
[2026-03-06T08:02:43.226+0000] {subprocess.py:106} INFO - 	at scala.concurrent.impl.Promise$DefaultPromise.complete(Promise.scala:187)
[2026-03-06T08:02:43.228+0000] {subprocess.py:106} INFO - 	at scala.concurrent.Promise.success(Promise.scala:86)
[2026-03-06T08:02:43.230+0000] {subprocess.py:106} INFO - 	at scala.concurrent.Promise.success$(Promise.scala:86)
[2026-03-06T08:02:43.232+0000] {subprocess.py:106} INFO - 	at scala.concurrent.impl.Promise$DefaultPromise.success(Promise.scala:187)
[2026-03-06T08:02:43.233+0000] {subprocess.py:106} INFO - 	at org.apache.spark.rpc.netty.LocalNettyRpcCallContext.send(NettyRpcCallContext.scala:50)
[2026-03-06T08:02:43.234+0000] {subprocess.py:106} INFO - 	at org.apache.spark.rpc.netty.NettyRpcCallContext.reply(NettyRpcCallContext.scala:32)
[2026-03-06T08:02:43.235+0000] {subprocess.py:106} INFO - 	at org.apache.spark.rpc.netty.RpcEndpointVerifier$$anonfun$receiveAndReply$1.applyOrElse(RpcEndpointVerifier.scala:31)
[2026-03-06T08:02:43.238+0000] {subprocess.py:106} INFO - 	... 8 more
[2026-03-06T08:02:43.249+0000] {subprocess.py:106} INFO - 26/03/06 08:02:42 WARN Executor: Issue communicating with driver in heartbeater
[2026-03-06T08:02:43.251+0000] {subprocess.py:106} INFO - org.apache.spark.SparkException: Exception thrown in awaitResult:
[2026-03-06T08:02:43.253+0000] {subprocess.py:106} INFO - 	at org.apache.spark.util.SparkThreadUtils$.awaitResult(SparkThreadUtils.scala:56)
[2026-03-06T08:02:43.256+0000] {subprocess.py:106} INFO - 	at org.apache.spark.util.ThreadUtils$.awaitResult(ThreadUtils.scala:310)
[2026-03-06T08:02:43.257+0000] {subprocess.py:106} INFO - 	at org.apache.spark.rpc.RpcTimeout.awaitResult(RpcTimeout.scala:75)
[2026-03-06T08:02:43.260+0000] {subprocess.py:106} INFO - 	at org.apache.spark.rpc.RpcEndpointRef.askSync(RpcEndpointRef.scala:101)
[2026-03-06T08:02:43.261+0000] {subprocess.py:106} INFO - 	at org.apache.spark.rpc.RpcEndpointRef.askSync(RpcEndpointRef.scala:85)
[2026-03-06T08:02:43.263+0000] {subprocess.py:106} INFO - 	at org.apache.spark.storage.BlockManagerMaster.registerBlockManager(BlockManagerMaster.scala:80)
[2026-03-06T08:02:43.264+0000] {subprocess.py:106} INFO - 	at org.apache.spark.storage.BlockManager.reregister(BlockManager.scala:642)
[2026-03-06T08:02:43.265+0000] {subprocess.py:106} INFO - 	at org.apache.spark.executor.Executor.reportHeartBeat(Executor.scala:1223)
[2026-03-06T08:02:43.266+0000] {subprocess.py:106} INFO - 	at org.apache.spark.executor.Executor.$anonfun$heartbeater$1(Executor.scala:295)
[2026-03-06T08:02:43.267+0000] {subprocess.py:106} INFO - 	at scala.runtime.java8.JFunction0$mcV$sp.apply(JFunction0$mcV$sp.java:23)
[2026-03-06T08:02:43.268+0000] {subprocess.py:106} INFO - 	at org.apache.spark.util.Utils$.logUncaughtExceptions(Utils.scala:1928)
[2026-03-06T08:02:43.269+0000] {subprocess.py:106} INFO - 	at org.apache.spark.Heartbeater$$anon$1.run(Heartbeater.scala:46)
[2026-03-06T08:02:43.270+0000] {subprocess.py:106} INFO - 	at java.base/java.util.concurrent.Executors$RunnableAdapter.call(Executors.java:539)
[2026-03-06T08:02:43.271+0000] {subprocess.py:106} INFO - 	at java.base/java.util.concurrent.FutureTask.runAndReset(FutureTask.java:305)
[2026-03-06T08:02:43.272+0000] {subprocess.py:106} INFO - 	at java.base/java.util.concurrent.ScheduledThreadPoolExecutor$ScheduledFutureTask.run(ScheduledThreadPoolExecutor.java:305)
[2026-03-06T08:02:43.273+0000] {subprocess.py:106} INFO - 	at java.base/java.util.concurrent.ThreadPoolExecutor.runWorker(ThreadPoolExecutor.java:1136)
[2026-03-06T08:02:43.274+0000] {subprocess.py:106} INFO - 	at java.base/java.util.concurrent.ThreadPoolExecutor$Worker.run(ThreadPoolExecutor.java:635)
[2026-03-06T08:02:43.275+0000] {subprocess.py:106} INFO - 	at java.base/java.lang.Thread.run(Thread.java:840)
[2026-03-06T08:02:43.276+0000] {subprocess.py:106} INFO - Caused by: org.apache.spark.SparkException: Exception thrown in awaitResult:
[2026-03-06T08:02:43.276+0000] {subprocess.py:106} INFO - 	at org.apache.spark.util.SparkThreadUtils$.awaitResult(SparkThreadUtils.scala:56)
[2026-03-06T08:02:43.277+0000] {subprocess.py:106} INFO - 	at org.apache.spark.util.ThreadUtils$.awaitResult(ThreadUtils.scala:310)
[2026-03-06T08:02:43.278+0000] {subprocess.py:106} INFO - 	at org.apache.spark.rpc.RpcTimeout.awaitResult(RpcTimeout.scala:75)
[2026-03-06T08:02:43.279+0000] {subprocess.py:106} INFO - 	at org.apache.spark.rpc.RpcEnv.setupEndpointRefByURI(RpcEnv.scala:102)
[2026-03-06T08:02:43.280+0000] {subprocess.py:106} INFO - 	at org.apache.spark.rpc.RpcEnv.setupEndpointRef(RpcEnv.scala:110)
[2026-03-06T08:02:43.281+0000] {subprocess.py:106} INFO - 	at org.apache.spark.util.RpcUtils$.makeDriverRef(RpcUtils.scala:36)
[2026-03-06T08:02:43.282+0000] {subprocess.py:106} INFO - 	at org.apache.spark.storage.BlockManagerMasterEndpoint.driverEndpoint$lzycompute(BlockManagerMasterEndpoint.scala:124)
[2026-03-06T08:02:43.283+0000] {subprocess.py:106} INFO - 	at org.apache.spark.storage.BlockManagerMasterEndpoint.org$apache$spark$storage$BlockManagerMasterEndpoint$$driverEndpoint(BlockManagerMasterEndpoint.scala:123)
[2026-03-06T08:02:43.284+0000] {subprocess.py:106} INFO - 	at org.apache.spark.storage.BlockManagerMasterEndpoint.isExecutorAlive$lzycompute$1(BlockManagerMasterEndpoint.scala:688)
[2026-03-06T08:02:43.285+0000] {subprocess.py:106} INFO - 	at org.apache.spark.storage.BlockManagerMasterEndpoint.isExecutorAlive$1(BlockManagerMasterEndpoint.scala:687)
[2026-03-06T08:02:43.286+0000] {subprocess.py:106} INFO - 	at org.apache.spark.storage.BlockManagerMasterEndpoint.org$apache$spark$storage$BlockManagerMasterEndpoint$$register(BlockManagerMasterEndpoint.scala:725)
[2026-03-06T08:02:43.288+0000] {subprocess.py:106} INFO - 	at org.apache.spark.storage.BlockManagerMasterEndpoint$$anonfun$receiveAndReply$1.applyOrElse(BlockManagerMasterEndpoint.scala:133)
[2026-03-06T08:02:43.292+0000] {subprocess.py:106} INFO - 	at org.apache.spark.rpc.netty.Inbox.$anonfun$process$1(Inbox.scala:103)
[2026-03-06T08:02:43.297+0000] {subprocess.py:106} INFO - 	at org.apache.spark.rpc.netty.Inbox.safelyCall(Inbox.scala:213)
[2026-03-06T08:02:43.298+0000] {subprocess.py:106} INFO - 	at org.apache.spark.rpc.netty.Inbox.process(Inbox.scala:100)
[2026-03-06T08:02:43.299+0000] {subprocess.py:106} INFO - 	at org.apache.spark.rpc.netty.MessageLoop.org$apache$spark$rpc$netty$MessageLoop$$receiveLoop(MessageLoop.scala:75)
[2026-03-06T08:02:43.300+0000] {subprocess.py:106} INFO - 	at org.apache.spark.rpc.netty.MessageLoop$$anon$1.run(MessageLoop.scala:41)
[2026-03-06T08:02:43.303+0000] {subprocess.py:106} INFO - 	... 3 more
[2026-03-06T08:02:43.304+0000] {subprocess.py:106} INFO - Caused by: org.apache.spark.rpc.RpcEndpointNotFoundException: Cannot find endpoint: spark://CoarseGrainedScheduler@eb669c802a68:36887
[2026-03-06T08:02:43.305+0000] {subprocess.py:106} INFO - 	at org.apache.spark.rpc.netty.NettyRpcEnv.$anonfun$asyncSetupEndpointRefByURI$1(NettyRpcEnv.scala:148)
[2026-03-06T08:02:43.306+0000] {subprocess.py:106} INFO - 	at org.apache.spark.rpc.netty.NettyRpcEnv.$anonfun$asyncSetupEndpointRefByURI$1$adapted(NettyRpcEnv.scala:144)
[2026-03-06T08:02:43.307+0000] {subprocess.py:106} INFO - 	at scala.concurrent.Future.$anonfun$flatMap$1(Future.scala:307)
[2026-03-06T08:02:43.307+0000] {subprocess.py:106} INFO - 	at scala.concurrent.impl.Promise.$anonfun$transformWith$1(Promise.scala:41)
[2026-03-06T08:02:43.308+0000] {subprocess.py:106} INFO - 	at scala.concurrent.impl.CallbackRunnable.run(Promise.scala:64)
[2026-03-06T08:02:43.309+0000] {subprocess.py:106} INFO - 	at org.apache.spark.util.ThreadUtils$$anon$1.execute(ThreadUtils.scala:99)
[2026-03-06T08:02:43.310+0000] {subprocess.py:106} INFO - 	at scala.concurrent.impl.ExecutionContextImpl$$anon$4.execute(ExecutionContextImpl.scala:138)
[2026-03-06T08:02:43.311+0000] {subprocess.py:106} INFO - 	at scala.concurrent.impl.CallbackRunnable.executeWithValue(Promise.scala:72)
[2026-03-06T08:02:43.312+0000] {subprocess.py:106} INFO - 	at scala.concurrent.impl.Promise$DefaultPromise.$anonfun$tryComplete$1(Promise.scala:288)
[2026-03-06T08:02:43.313+0000] {subprocess.py:106} INFO - 	at scala.concurrent.impl.Promise$DefaultPromise.$anonfun$tryComplete$1$adapted(Promise.scala:288)
[2026-03-06T08:02:43.314+0000] {subprocess.py:106} INFO - 	at scala.concurrent.impl.Promise$DefaultPromise.tryComplete(Promise.scala:288)
[2026-03-06T08:02:43.315+0000] {subprocess.py:106} INFO - 	at scala.concurrent.Promise.complete(Promise.scala:53)
[2026-03-06T08:02:43.315+0000] {subprocess.py:106} INFO - 	at scala.concurrent.Promise.complete$(Promise.scala:52)
[2026-03-06T08:02:43.316+0000] {subprocess.py:106} INFO - 	at scala.concurrent.impl.Promise$DefaultPromise.complete(Promise.scala:187)
[2026-03-06T08:02:43.317+0000] {subprocess.py:106} INFO - 	at scala.concurrent.impl.Promise.$anonfun$transform$1(Promise.scala:33)
[2026-03-06T08:02:43.318+0000] {subprocess.py:106} INFO - 	at scala.concurrent.impl.CallbackRunnable.run(Promise.scala:64)
[2026-03-06T08:02:43.319+0000] {subprocess.py:106} INFO - 	at org.apache.spark.util.ThreadUtils$$anon$1.execute(ThreadUtils.scala:99)
[2026-03-06T08:02:43.320+0000] {subprocess.py:106} INFO - 	at scala.concurrent.impl.ExecutionContextImpl$$anon$4.execute(ExecutionContextImpl.scala:138)
[2026-03-06T08:02:43.322+0000] {subprocess.py:106} INFO - 	at scala.concurrent.impl.CallbackRunnable.executeWithValue(Promise.scala:72)
[2026-03-06T08:02:43.324+0000] {subprocess.py:106} INFO - 	at scala.concurrent.impl.Promise$DefaultPromise.$anonfun$tryComplete$1(Promise.scala:288)
[2026-03-06T08:02:43.325+0000] {subprocess.py:106} INFO - 	at scala.concurrent.impl.Promise$DefaultPromise.$anonfun$tryComplete$1$adapted(Promise.scala:288)
[2026-03-06T08:02:43.326+0000] {subprocess.py:106} INFO - 	at scala.concurrent.impl.Promise$DefaultPromise.tryComplete(Promise.scala:288)
[2026-03-06T08:02:43.327+0000] {subprocess.py:106} INFO - 	at scala.concurrent.Promise.complete(Promise.scala:53)
[2026-03-06T08:02:43.331+0000] {subprocess.py:106} INFO - 	at scala.concurrent.Promise.complete$(Promise.scala:52)
[2026-03-06T08:02:43.332+0000] {subprocess.py:106} INFO - 	at scala.concurrent.impl.Promise$DefaultPromise.complete(Promise.scala:187)
[2026-03-06T08:02:43.334+0000] {subprocess.py:106} INFO - 	at scala.concurrent.impl.Promise.$anonfun$transform$1(Promise.scala:33)
[2026-03-06T08:02:43.335+0000] {subprocess.py:106} INFO - 	at scala.concurrent.impl.CallbackRunnable.run(Promise.scala:64)
[2026-03-06T08:02:43.337+0000] {subprocess.py:106} INFO - 	at scala.concurrent.BatchingExecutor$Batch.processBatch$1(BatchingExecutor.scala:67)
[2026-03-06T08:02:43.338+0000] {subprocess.py:106} INFO - 	at scala.concurrent.BatchingExecutor$Batch.$anonfun$run$1(BatchingExecutor.scala:82)
[2026-03-06T08:02:43.339+0000] {subprocess.py:106} INFO - 	at scala.runtime.java8.JFunction0$mcV$sp.apply(JFunction0$mcV$sp.java:23)
[2026-03-06T08:02:43.340+0000] {subprocess.py:106} INFO - 	at scala.concurrent.BlockContext$.withBlockContext(BlockContext.scala:85)
[2026-03-06T08:02:43.341+0000] {subprocess.py:106} INFO - 	at scala.concurrent.BatchingExecutor$Batch.run(BatchingExecutor.scala:59)
[2026-03-06T08:02:43.341+0000] {subprocess.py:106} INFO - 	at scala.concurrent.Future$InternalCallbackExecutor$.unbatchedExecute(Future.scala:875)
[2026-03-06T08:02:43.343+0000] {subprocess.py:106} INFO - 	at scala.concurrent.BatchingExecutor.execute(BatchingExecutor.scala:110)
[2026-03-06T08:02:43.344+0000] {subprocess.py:106} INFO - 	at scala.concurrent.BatchingExecutor.execute$(BatchingExecutor.scala:107)
[2026-03-06T08:02:43.345+0000] {subprocess.py:106} INFO - 	at scala.concurrent.Future$InternalCallbackExecutor$.execute(Future.scala:873)
[2026-03-06T08:02:43.346+0000] {subprocess.py:106} INFO - 	at scala.concurrent.impl.CallbackRunnable.executeWithValue(Promise.scala:72)
[2026-03-06T08:02:43.347+0000] {subprocess.py:106} INFO - 	at scala.concurrent.impl.Promise$DefaultPromise.$anonfun$tryComplete$1(Promise.scala:288)
[2026-03-06T08:02:43.348+0000] {subprocess.py:106} INFO - 	at scala.concurrent.impl.Promise$DefaultPromise.$anonfun$tryComplete$1$adapted(Promise.scala:288)
[2026-03-06T08:02:43.349+0000] {subprocess.py:106} INFO - 	at scala.concurrent.impl.Promise$DefaultPromise.tryComplete(Promise.scala:288)
[2026-03-06T08:02:43.350+0000] {subprocess.py:106} INFO - 	at scala.concurrent.Promise.trySuccess(Promise.scala:94)
[2026-03-06T08:02:43.351+0000] {subprocess.py:106} INFO - 	at scala.concurrent.Promise.trySuccess$(Promise.scala:94)
[2026-03-06T08:02:43.352+0000] {subprocess.py:106} INFO - 	at scala.concurrent.impl.Promise$DefaultPromise.trySuccess(Promise.scala:187)
[2026-03-06T08:02:43.353+0000] {subprocess.py:106} INFO - 	at org.apache.spark.rpc.netty.NettyRpcEnv.onSuccess$1(NettyRpcEnv.scala:225)
[2026-03-06T08:02:43.354+0000] {subprocess.py:106} INFO - 	at org.apache.spark.rpc.netty.NettyRpcEnv.$anonfun$askAbortable$5(NettyRpcEnv.scala:239)
[2026-03-06T08:02:43.355+0000] {subprocess.py:106} INFO - 	at org.apache.spark.rpc.netty.NettyRpcEnv.$anonfun$askAbortable$5$adapted(NettyRpcEnv.scala:238)
[2026-03-06T08:02:43.356+0000] {subprocess.py:106} INFO - 	at scala.concurrent.impl.CallbackRunnable.run(Promise.scala:64)
[2026-03-06T08:02:43.360+0000] {subprocess.py:106} INFO - 	at org.apache.spark.util.ThreadUtils$$anon$1.execute(ThreadUtils.scala:99)
[2026-03-06T08:02:43.363+0000] {subprocess.py:106} INFO - 	at scala.concurrent.impl.ExecutionContextImpl$$anon$4.execute(ExecutionContextImpl.scala:138)
[2026-03-06T08:02:43.364+0000] {subprocess.py:106} INFO - 	at scala.concurrent.impl.CallbackRunnable.executeWithValue(Promise.scala:72)
[2026-03-06T08:02:43.365+0000] {subprocess.py:106} INFO - 	at scala.concurrent.impl.Promise$DefaultPromise.$anonfun$tryComplete$1(Promise.scala:288)
[2026-03-06T08:02:43.366+0000] {subprocess.py:106} INFO - 	at scala.concurrent.impl.Promise$DefaultPromise.$anonfun$tryComplete$1$adapted(Promise.scala:288)
[2026-03-06T08:02:43.367+0000] {subprocess.py:106} INFO - 	at scala.concurrent.impl.Promise$DefaultPromise.tryComplete(Promise.scala:288)
[2026-03-06T08:02:43.368+0000] {subprocess.py:106} INFO - 	at scala.concurrent.Promise.complete(Promise.scala:53)
[2026-03-06T08:02:43.369+0000] {subprocess.py:106} INFO - 	at scala.concurrent.Promise.complete$(Promise.scala:52)
[2026-03-06T08:02:43.370+0000] {subprocess.py:106} INFO - 	at scala.concurrent.impl.Promise$DefaultPromise.complete(Promise.scala:187)
[2026-03-06T08:02:43.371+0000] {subprocess.py:106} INFO - 	at scala.concurrent.Promise.success(Promise.scala:86)
[2026-03-06T08:02:43.371+0000] {subprocess.py:106} INFO - 	at scala.concurrent.Promise.success$(Promise.scala:86)
[2026-03-06T08:02:43.373+0000] {subprocess.py:106} INFO - 	at scala.concurrent.impl.Promise$DefaultPromise.success(Promise.scala:187)
[2026-03-06T08:02:43.373+0000] {subprocess.py:106} INFO - 	at org.apache.spark.rpc.netty.LocalNettyRpcCallContext.send(NettyRpcCallContext.scala:50)
[2026-03-06T08:02:43.374+0000] {subprocess.py:106} INFO - 	at org.apache.spark.rpc.netty.NettyRpcCallContext.reply(NettyRpcCallContext.scala:32)
[2026-03-06T08:02:43.375+0000] {subprocess.py:106} INFO - 	at org.apache.spark.rpc.netty.RpcEndpointVerifier$$anonfun$receiveAndReply$1.applyOrElse(RpcEndpointVerifier.scala:31)
[2026-03-06T08:02:43.376+0000] {subprocess.py:106} INFO - 	... 8 more
[2026-03-06T08:02:43.377+0000] {subprocess.py:106} INFO - 26/03/06 08:02:42 ERROR Inbox: Ignoring error
[2026-03-06T08:02:43.378+0000] {subprocess.py:106} INFO - org.apache.spark.SparkException: Exception thrown in awaitResult:
[2026-03-06T08:02:43.379+0000] {subprocess.py:106} INFO - 	at org.apache.spark.util.SparkThreadUtils$.awaitResult(SparkThreadUtils.scala:56)
[2026-03-06T08:02:43.383+0000] {subprocess.py:106} INFO - 	at org.apache.spark.util.ThreadUtils$.awaitResult(ThreadUtils.scala:310)
[2026-03-06T08:02:43.386+0000] {subprocess.py:106} INFO - 	at org.apache.spark.rpc.RpcTimeout.awaitResult(RpcTimeout.scala:75)
[2026-03-06T08:02:43.388+0000] {subprocess.py:106} INFO - 	at org.apache.spark.rpc.RpcEnv.setupEndpointRefByURI(RpcEnv.scala:102)
[2026-03-06T08:02:43.389+0000] {subprocess.py:106} INFO - 	at org.apache.spark.rpc.RpcEnv.setupEndpointRef(RpcEnv.scala:110)
[2026-03-06T08:02:43.390+0000] {subprocess.py:106} INFO - 	at org.apache.spark.util.RpcUtils$.makeDriverRef(RpcUtils.scala:36)
[2026-03-06T08:02:43.391+0000] {subprocess.py:106} INFO - 	at org.apache.spark.storage.BlockManagerMasterEndpoint.driverEndpoint$lzycompute(BlockManagerMasterEndpoint.scala:124)
[2026-03-06T08:02:43.392+0000] {subprocess.py:106} INFO - 	at org.apache.spark.storage.BlockManagerMasterEndpoint.org$apache$spark$storage$BlockManagerMasterEndpoint$$driverEndpoint(BlockManagerMasterEndpoint.scala:123)
[2026-03-06T08:02:43.392+0000] {subprocess.py:106} INFO - 	at org.apache.spark.storage.BlockManagerMasterEndpoint.isExecutorAlive$lzycompute$1(BlockManagerMasterEndpoint.scala:688)
[2026-03-06T08:02:43.393+0000] {subprocess.py:106} INFO - 	at org.apache.spark.storage.BlockManagerMasterEndpoint.isExecutorAlive$1(BlockManagerMasterEndpoint.scala:687)
[2026-03-06T08:02:43.394+0000] {subprocess.py:106} INFO - 	at org.apache.spark.storage.BlockManagerMasterEndpoint.org$apache$spark$storage$BlockManagerMasterEndpoint$$register(BlockManagerMasterEndpoint.scala:725)
[2026-03-06T08:02:43.395+0000] {subprocess.py:106} INFO - 	at org.apache.spark.storage.BlockManagerMasterEndpoint$$anonfun$receiveAndReply$1.applyOrElse(BlockManagerMasterEndpoint.scala:133)
[2026-03-06T08:02:43.396+0000] {subprocess.py:106} INFO - 	at org.apache.spark.rpc.netty.Inbox.$anonfun$process$1(Inbox.scala:103)
[2026-03-06T08:02:43.397+0000] {subprocess.py:106} INFO - 	at org.apache.spark.rpc.netty.Inbox.safelyCall(Inbox.scala:213)
[2026-03-06T08:02:43.398+0000] {subprocess.py:106} INFO - 	at org.apache.spark.rpc.netty.Inbox.process(Inbox.scala:100)
[2026-03-06T08:02:43.399+0000] {subprocess.py:106} INFO - 	at org.apache.spark.rpc.netty.MessageLoop.org$apache$spark$rpc$netty$MessageLoop$$receiveLoop(MessageLoop.scala:75)
[2026-03-06T08:02:43.400+0000] {subprocess.py:106} INFO - 	at org.apache.spark.rpc.netty.MessageLoop$$anon$1.run(MessageLoop.scala:41)
[2026-03-06T08:02:43.403+0000] {subprocess.py:106} INFO - 	at java.base/java.util.concurrent.ThreadPoolExecutor.runWorker(ThreadPoolExecutor.java:1136)
[2026-03-06T08:02:43.405+0000] {subprocess.py:106} INFO - 	at java.base/java.util.concurrent.ThreadPoolExecutor$Worker.run(ThreadPoolExecutor.java:635)
[2026-03-06T08:02:43.406+0000] {subprocess.py:106} INFO - 	at java.base/java.lang.Thread.run(Thread.java:840)
[2026-03-06T08:02:43.407+0000] {subprocess.py:106} INFO - Caused by: org.apache.spark.rpc.RpcEndpointNotFoundException: Cannot find endpoint: spark://CoarseGrainedScheduler@eb669c802a68:36887
[2026-03-06T08:02:43.407+0000] {subprocess.py:106} INFO - 	at org.apache.spark.rpc.netty.NettyRpcEnv.$anonfun$asyncSetupEndpointRefByURI$1(NettyRpcEnv.scala:148)
[2026-03-06T08:02:43.408+0000] {subprocess.py:106} INFO - 	at org.apache.spark.rpc.netty.NettyRpcEnv.$anonfun$asyncSetupEndpointRefByURI$1$adapted(NettyRpcEnv.scala:144)
[2026-03-06T08:02:43.409+0000] {subprocess.py:106} INFO - 	at scala.concurrent.Future.$anonfun$flatMap$1(Future.scala:307)
[2026-03-06T08:02:43.410+0000] {subprocess.py:106} INFO - 	at scala.concurrent.impl.Promise.$anonfun$transformWith$1(Promise.scala:41)
[2026-03-06T08:02:43.411+0000] {subprocess.py:106} INFO - 	at scala.concurrent.impl.CallbackRunnable.run(Promise.scala:64)
[2026-03-06T08:02:43.412+0000] {subprocess.py:106} INFO - 	at org.apache.spark.util.ThreadUtils$$anon$1.execute(ThreadUtils.scala:99)
[2026-03-06T08:02:43.413+0000] {subprocess.py:106} INFO - 	at scala.concurrent.impl.ExecutionContextImpl$$anon$4.execute(ExecutionContextImpl.scala:138)
[2026-03-06T08:02:43.414+0000] {subprocess.py:106} INFO - 	at scala.concurrent.impl.CallbackRunnable.executeWithValue(Promise.scala:72)
[2026-03-06T08:02:43.415+0000] {subprocess.py:106} INFO - 	at scala.concurrent.impl.Promise$DefaultPromise.$anonfun$tryComplete$1(Promise.scala:288)
[2026-03-06T08:02:43.415+0000] {subprocess.py:106} INFO - 	at scala.concurrent.impl.Promise$DefaultPromise.$anonfun$tryComplete$1$adapted(Promise.scala:288)
[2026-03-06T08:02:43.416+0000] {subprocess.py:106} INFO - 	at scala.concurrent.impl.Promise$DefaultPromise.tryComplete(Promise.scala:288)
[2026-03-06T08:02:43.417+0000] {subprocess.py:106} INFO - 	at scala.concurrent.Promise.complete(Promise.scala:53)
[2026-03-06T08:02:43.418+0000] {subprocess.py:106} INFO - 	at scala.concurrent.Promise.complete$(Promise.scala:52)
[2026-03-06T08:02:43.419+0000] {subprocess.py:106} INFO - 	at scala.concurrent.impl.Promise$DefaultPromise.complete(Promise.scala:187)
[2026-03-06T08:02:43.419+0000] {subprocess.py:106} INFO - 	at scala.concurrent.impl.Promise.$anonfun$transform$1(Promise.scala:33)
[2026-03-06T08:02:43.421+0000] {subprocess.py:106} INFO - 	at scala.concurrent.impl.CallbackRunnable.run(Promise.scala:64)
[2026-03-06T08:02:43.422+0000] {subprocess.py:106} INFO - 	at org.apache.spark.util.ThreadUtils$$anon$1.execute(ThreadUtils.scala:99)
[2026-03-06T08:02:43.423+0000] {subprocess.py:106} INFO - 	at scala.concurrent.impl.ExecutionContextImpl$$anon$4.execute(ExecutionContextImpl.scala:138)
[2026-03-06T08:02:43.425+0000] {subprocess.py:106} INFO - 	at scala.concurrent.impl.CallbackRunnable.executeWithValue(Promise.scala:72)
[2026-03-06T08:02:43.426+0000] {subprocess.py:106} INFO - 	at scala.concurrent.impl.Promise$DefaultPromise.$anonfun$tryComplete$1(Promise.scala:288)
[2026-03-06T08:02:43.427+0000] {subprocess.py:106} INFO - 	at scala.concurrent.impl.Promise$DefaultPromise.$anonfun$tryComplete$1$adapted(Promise.scala:288)
[2026-03-06T08:02:43.428+0000] {subprocess.py:106} INFO - 	at scala.concurrent.impl.Promise$DefaultPromise.tryComplete(Promise.scala:288)
[2026-03-06T08:02:43.429+0000] {subprocess.py:106} INFO - 	at scala.concurrent.Promise.complete(Promise.scala:53)
[2026-03-06T08:02:43.430+0000] {subprocess.py:106} INFO - 	at scala.concurrent.Promise.complete$(Promise.scala:52)
[2026-03-06T08:02:43.431+0000] {subprocess.py:106} INFO - 	at scala.concurrent.impl.Promise$DefaultPromise.complete(Promise.scala:187)
[2026-03-06T08:02:43.432+0000] {subprocess.py:106} INFO - 	at scala.concurrent.impl.Promise.$anonfun$transform$1(Promise.scala:33)
[2026-03-06T08:02:43.432+0000] {subprocess.py:106} INFO - 	at scala.concurrent.impl.CallbackRunnable.run(Promise.scala:64)
[2026-03-06T08:02:43.433+0000] {subprocess.py:106} INFO - 	at scala.concurrent.BatchingExecutor$Batch.processBatch$1(BatchingExecutor.scala:67)
[2026-03-06T08:02:43.434+0000] {subprocess.py:106} INFO - 	at scala.concurrent.BatchingExecutor$Batch.$anonfun$run$1(BatchingExecutor.scala:82)
[2026-03-06T08:02:43.435+0000] {subprocess.py:106} INFO - 	at scala.runtime.java8.JFunction0$mcV$sp.apply(JFunction0$mcV$sp.java:23)
[2026-03-06T08:02:43.436+0000] {subprocess.py:106} INFO - 	at scala.concurrent.BlockContext$.withBlockContext(BlockContext.scala:85)
[2026-03-06T08:02:43.438+0000] {subprocess.py:106} INFO - 	at scala.concurrent.BatchingExecutor$Batch.run(BatchingExecutor.scala:59)
[2026-03-06T08:02:43.438+0000] {subprocess.py:106} INFO - 	at scala.concurrent.Future$InternalCallbackExecutor$.unbatchedExecute(Future.scala:875)
[2026-03-06T08:02:43.443+0000] {subprocess.py:106} INFO - 	at scala.concurrent.BatchingExecutor.execute(BatchingExecutor.scala:110)
[2026-03-06T08:02:43.447+0000] {subprocess.py:106} INFO - 	at scala.concurrent.BatchingExecutor.execute$(BatchingExecutor.scala:107)
[2026-03-06T08:02:43.449+0000] {subprocess.py:106} INFO - 	at scala.concurrent.Future$InternalCallbackExecutor$.execute(Future.scala:873)
[2026-03-06T08:02:43.451+0000] {subprocess.py:106} INFO - 	at scala.concurrent.impl.CallbackRunnable.executeWithValue(Promise.scala:72)
[2026-03-06T08:02:43.453+0000] {subprocess.py:106} INFO - 	at scala.concurrent.impl.Promise$DefaultPromise.$anonfun$tryComplete$1(Promise.scala:288)
[2026-03-06T08:02:43.453+0000] {subprocess.py:106} INFO - 	at scala.concurrent.impl.Promise$DefaultPromise.$anonfun$tryComplete$1$adapted(Promise.scala:288)
[2026-03-06T08:02:43.458+0000] {subprocess.py:106} INFO - 	at scala.concurrent.impl.Promise$DefaultPromise.tryComplete(Promise.scala:288)
[2026-03-06T08:02:43.461+0000] {subprocess.py:106} INFO - 	at scala.concurrent.Promise.trySuccess(Promise.scala:94)
[2026-03-06T08:02:43.463+0000] {subprocess.py:106} INFO - 	at scala.concurrent.Promise.trySuccess$(Promise.scala:94)
[2026-03-06T08:02:43.465+0000] {subprocess.py:106} INFO - 	at scala.concurrent.impl.Promise$DefaultPromise.trySuccess(Promise.scala:187)
[2026-03-06T08:02:43.468+0000] {subprocess.py:106} INFO - 	at org.apache.spark.rpc.netty.NettyRpcEnv.onSuccess$1(NettyRpcEnv.scala:225)
[2026-03-06T08:02:43.470+0000] {subprocess.py:106} INFO - 	at org.apache.spark.rpc.netty.NettyRpcEnv.$anonfun$askAbortable$5(NettyRpcEnv.scala:239)
[2026-03-06T08:02:43.471+0000] {subprocess.py:106} INFO - 	at org.apache.spark.rpc.netty.NettyRpcEnv.$anonfun$askAbortable$5$adapted(NettyRpcEnv.scala:238)
[2026-03-06T08:02:43.473+0000] {subprocess.py:106} INFO - 	at scala.concurrent.impl.CallbackRunnable.run(Promise.scala:64)
[2026-03-06T08:02:43.473+0000] {subprocess.py:106} INFO - 	at org.apache.spark.util.ThreadUtils$$anon$1.execute(ThreadUtils.scala:99)
[2026-03-06T08:02:43.474+0000] {subprocess.py:106} INFO - 	at scala.concurrent.impl.ExecutionContextImpl$$anon$4.execute(ExecutionContextImpl.scala:138)
[2026-03-06T08:02:43.476+0000] {subprocess.py:106} INFO - 	at scala.concurrent.impl.CallbackRunnable.executeWithValue(Promise.scala:72)
[2026-03-06T08:02:43.477+0000] {subprocess.py:106} INFO - 	at scala.concurrent.impl.Promise$DefaultPromise.$anonfun$tryComplete$1(Promise.scala:288)
[2026-03-06T08:02:43.477+0000] {subprocess.py:106} INFO - 	at scala.concurrent.impl.Promise$DefaultPromise.$anonfun$tryComplete$1$adapted(Promise.scala:288)
[2026-03-06T08:02:43.479+0000] {subprocess.py:106} INFO - 	at scala.concurrent.impl.Promise$DefaultPromise.tryComplete(Promise.scala:288)
[2026-03-06T08:02:43.479+0000] {subprocess.py:106} INFO - 	at scala.concurrent.Promise.complete(Promise.scala:53)
[2026-03-06T08:02:43.480+0000] {subprocess.py:106} INFO - 	at scala.concurrent.Promise.complete$(Promise.scala:52)
[2026-03-06T08:02:43.481+0000] {subprocess.py:106} INFO - 	at scala.concurrent.impl.Promise$DefaultPromise.complete(Promise.scala:187)
[2026-03-06T08:02:43.482+0000] {subprocess.py:106} INFO - 	at scala.concurrent.Promise.success(Promise.scala:86)
[2026-03-06T08:02:43.483+0000] {subprocess.py:106} INFO - 	at scala.concurrent.Promise.success$(Promise.scala:86)
[2026-03-06T08:02:43.483+0000] {subprocess.py:106} INFO - 	at scala.concurrent.impl.Promise$DefaultPromise.success(Promise.scala:187)
[2026-03-06T08:02:43.484+0000] {subprocess.py:106} INFO - 	at org.apache.spark.rpc.netty.LocalNettyRpcCallContext.send(NettyRpcCallContext.scala:50)
[2026-03-06T08:02:43.485+0000] {subprocess.py:106} INFO - 	at org.apache.spark.rpc.netty.NettyRpcCallContext.reply(NettyRpcCallContext.scala:32)
[2026-03-06T08:02:43.486+0000] {subprocess.py:106} INFO - 	at org.apache.spark.rpc.netty.RpcEndpointVerifier$$anonfun$receiveAndReply$1.applyOrElse(RpcEndpointVerifier.scala:31)
[2026-03-06T08:02:43.487+0000] {subprocess.py:106} INFO - 	... 8 more
[2026-03-06T08:02:43.488+0000] {subprocess.py:106} INFO - 26/03/06 08:02:42 WARN Executor: Issue communicating with driver in heartbeater
[2026-03-06T08:02:43.488+0000] {subprocess.py:106} INFO - org.apache.spark.SparkException: Exception thrown in awaitResult:
[2026-03-06T08:02:43.490+0000] {subprocess.py:106} INFO - 	at org.apache.spark.util.SparkThreadUtils$.awaitResult(SparkThreadUtils.scala:56)
[2026-03-06T08:02:43.491+0000] {subprocess.py:106} INFO - 	at org.apache.spark.util.ThreadUtils$.awaitResult(ThreadUtils.scala:310)
[2026-03-06T08:02:43.492+0000] {subprocess.py:106} INFO - 	at org.apache.spark.rpc.RpcTimeout.awaitResult(RpcTimeout.scala:75)
[2026-03-06T08:02:43.493+0000] {subprocess.py:106} INFO - 	at org.apache.spark.rpc.RpcEndpointRef.askSync(RpcEndpointRef.scala:101)
[2026-03-06T08:02:43.494+0000] {subprocess.py:106} INFO - 	at org.apache.spark.rpc.RpcEndpointRef.askSync(RpcEndpointRef.scala:85)
[2026-03-06T08:02:43.494+0000] {subprocess.py:106} INFO - 	at org.apache.spark.storage.BlockManagerMaster.registerBlockManager(BlockManagerMaster.scala:80)
[2026-03-06T08:02:43.495+0000] {subprocess.py:106} INFO - 	at org.apache.spark.storage.BlockManager.reregister(BlockManager.scala:642)
[2026-03-06T08:02:43.496+0000] {subprocess.py:106} INFO - 	at org.apache.spark.executor.Executor.reportHeartBeat(Executor.scala:1223)
[2026-03-06T08:02:43.497+0000] {subprocess.py:106} INFO - 	at org.apache.spark.executor.Executor.$anonfun$heartbeater$1(Executor.scala:295)
[2026-03-06T08:02:43.498+0000] {subprocess.py:106} INFO - 	at scala.runtime.java8.JFunction0$mcV$sp.apply(JFunction0$mcV$sp.java:23)
[2026-03-06T08:02:43.498+0000] {subprocess.py:106} INFO - 	at org.apache.spark.util.Utils$.logUncaughtExceptions(Utils.scala:1928)
[2026-03-06T08:02:43.499+0000] {subprocess.py:106} INFO - 	at org.apache.spark.Heartbeater$$anon$1.run(Heartbeater.scala:46)
[2026-03-06T08:02:43.500+0000] {subprocess.py:106} INFO - 	at java.base/java.util.concurrent.Executors$RunnableAdapter.call(Executors.java:539)
[2026-03-06T08:02:43.501+0000] {subprocess.py:106} INFO - 	at java.base/java.util.concurrent.FutureTask.runAndReset(FutureTask.java:305)
[2026-03-06T08:02:43.502+0000] {subprocess.py:106} INFO - 	at java.base/java.util.concurrent.ScheduledThreadPoolExecutor$ScheduledFutureTask.run(ScheduledThreadPoolExecutor.java:305)
[2026-03-06T08:02:43.503+0000] {subprocess.py:106} INFO - 	at java.base/java.util.concurrent.ThreadPoolExecutor.runWorker(ThreadPoolExecutor.java:1136)
[2026-03-06T08:02:43.504+0000] {subprocess.py:106} INFO - 	at java.base/java.util.concurrent.ThreadPoolExecutor$Worker.run(ThreadPoolExecutor.java:635)
[2026-03-06T08:02:43.504+0000] {subprocess.py:106} INFO - 	at java.base/java.lang.Thread.run(Thread.java:840)
[2026-03-06T08:02:43.505+0000] {subprocess.py:106} INFO - Caused by: org.apache.spark.SparkException: Exception thrown in awaitResult:
[2026-03-06T08:02:43.506+0000] {subprocess.py:106} INFO - 	at org.apache.spark.util.SparkThreadUtils$.awaitResult(SparkThreadUtils.scala:56)
[2026-03-06T08:02:43.508+0000] {subprocess.py:106} INFO - 	at org.apache.spark.util.ThreadUtils$.awaitResult(ThreadUtils.scala:310)
[2026-03-06T08:02:43.509+0000] {subprocess.py:106} INFO - 	at org.apache.spark.rpc.RpcTimeout.awaitResult(RpcTimeout.scala:75)
[2026-03-06T08:02:43.509+0000] {subprocess.py:106} INFO - 	at org.apache.spark.rpc.RpcEnv.setupEndpointRefByURI(RpcEnv.scala:102)
[2026-03-06T08:02:43.510+0000] {subprocess.py:106} INFO - 	at org.apache.spark.rpc.RpcEnv.setupEndpointRef(RpcEnv.scala:110)
[2026-03-06T08:02:43.511+0000] {subprocess.py:106} INFO - 	at org.apache.spark.util.RpcUtils$.makeDriverRef(RpcUtils.scala:36)
[2026-03-06T08:02:43.512+0000] {subprocess.py:106} INFO - 	at org.apache.spark.storage.BlockManagerMasterEndpoint.driverEndpoint$lzycompute(BlockManagerMasterEndpoint.scala:124)
[2026-03-06T08:02:43.512+0000] {subprocess.py:106} INFO - 	at org.apache.spark.storage.BlockManagerMasterEndpoint.org$apache$spark$storage$BlockManagerMasterEndpoint$$driverEndpoint(BlockManagerMasterEndpoint.scala:123)
[2026-03-06T08:02:43.513+0000] {subprocess.py:106} INFO - 	at org.apache.spark.storage.BlockManagerMasterEndpoint.isExecutorAlive$lzycompute$1(BlockManagerMasterEndpoint.scala:688)
[2026-03-06T08:02:43.514+0000] {subprocess.py:106} INFO - 	at org.apache.spark.storage.BlockManagerMasterEndpoint.isExecutorAlive$1(BlockManagerMasterEndpoint.scala:687)
[2026-03-06T08:02:43.515+0000] {subprocess.py:106} INFO - 	at org.apache.spark.storage.BlockManagerMasterEndpoint.org$apache$spark$storage$BlockManagerMasterEndpoint$$register(BlockManagerMasterEndpoint.scala:725)
[2026-03-06T08:02:43.516+0000] {subprocess.py:106} INFO - 	at org.apache.spark.storage.BlockManagerMasterEndpoint$$anonfun$receiveAndReply$1.applyOrElse(BlockManagerMasterEndpoint.scala:133)
[2026-03-06T08:02:43.517+0000] {subprocess.py:106} INFO - 	at org.apache.spark.rpc.netty.Inbox.$anonfun$process$1(Inbox.scala:103)
[2026-03-06T08:02:43.517+0000] {subprocess.py:106} INFO - 	at org.apache.spark.rpc.netty.Inbox.safelyCall(Inbox.scala:213)
[2026-03-06T08:02:43.518+0000] {subprocess.py:106} INFO - 	at org.apache.spark.rpc.netty.Inbox.process(Inbox.scala:100)
[2026-03-06T08:02:43.519+0000] {subprocess.py:106} INFO - 	at org.apache.spark.rpc.netty.MessageLoop.org$apache$spark$rpc$netty$MessageLoop$$receiveLoop(MessageLoop.scala:75)
[2026-03-06T08:02:43.519+0000] {subprocess.py:106} INFO - 	at org.apache.spark.rpc.netty.MessageLoop$$anon$1.run(MessageLoop.scala:41)
[2026-03-06T08:02:43.520+0000] {subprocess.py:106} INFO - 	... 3 more
[2026-03-06T08:02:43.522+0000] {subprocess.py:106} INFO - Caused by: org.apache.spark.rpc.RpcEndpointNotFoundException: Cannot find endpoint: spark://CoarseGrainedScheduler@eb669c802a68:36887
[2026-03-06T08:02:43.523+0000] {subprocess.py:106} INFO - 	at org.apache.spark.rpc.netty.NettyRpcEnv.$anonfun$asyncSetupEndpointRefByURI$1(NettyRpcEnv.scala:148)
[2026-03-06T08:02:43.524+0000] {subprocess.py:106} INFO - 	at org.apache.spark.rpc.netty.NettyRpcEnv.$anonfun$asyncSetupEndpointRefByURI$1$adapted(NettyRpcEnv.scala:144)
[2026-03-06T08:02:43.525+0000] {subprocess.py:106} INFO - 	at scala.concurrent.Future.$anonfun$flatMap$1(Future.scala:307)
[2026-03-06T08:02:43.525+0000] {subprocess.py:106} INFO - 	at scala.concurrent.impl.Promise.$anonfun$transformWith$1(Promise.scala:41)
[2026-03-06T08:02:43.526+0000] {subprocess.py:106} INFO - 	at scala.concurrent.impl.CallbackRunnable.run(Promise.scala:64)
[2026-03-06T08:02:43.527+0000] {subprocess.py:106} INFO - 	at org.apache.spark.util.ThreadUtils$$anon$1.execute(ThreadUtils.scala:99)
[2026-03-06T08:02:43.528+0000] {subprocess.py:106} INFO - 	at scala.concurrent.impl.ExecutionContextImpl$$anon$4.execute(ExecutionContextImpl.scala:138)
[2026-03-06T08:02:43.528+0000] {subprocess.py:106} INFO - 	at scala.concurrent.impl.CallbackRunnable.executeWithValue(Promise.scala:72)
[2026-03-06T08:02:43.529+0000] {subprocess.py:106} INFO - 	at scala.concurrent.impl.Promise$DefaultPromise.$anonfun$tryComplete$1(Promise.scala:288)
[2026-03-06T08:02:43.530+0000] {subprocess.py:106} INFO - 	at scala.concurrent.impl.Promise$DefaultPromise.$anonfun$tryComplete$1$adapted(Promise.scala:288)
[2026-03-06T08:02:43.530+0000] {subprocess.py:106} INFO - 	at scala.concurrent.impl.Promise$DefaultPromise.tryComplete(Promise.scala:288)
[2026-03-06T08:02:43.531+0000] {subprocess.py:106} INFO - 	at scala.concurrent.Promise.complete(Promise.scala:53)
[2026-03-06T08:02:43.532+0000] {subprocess.py:106} INFO - 	at scala.concurrent.Promise.complete$(Promise.scala:52)
[2026-03-06T08:02:43.533+0000] {subprocess.py:106} INFO - 	at scala.concurrent.impl.Promise$DefaultPromise.complete(Promise.scala:187)
[2026-03-06T08:02:43.534+0000] {subprocess.py:106} INFO - 	at scala.concurrent.impl.Promise.$anonfun$transform$1(Promise.scala:33)
[2026-03-06T08:02:43.534+0000] {subprocess.py:106} INFO - 	at scala.concurrent.impl.CallbackRunnable.run(Promise.scala:64)
[2026-03-06T08:02:43.535+0000] {subprocess.py:106} INFO - 	at org.apache.spark.util.ThreadUtils$$anon$1.execute(ThreadUtils.scala:99)
[2026-03-06T08:02:43.536+0000] {subprocess.py:106} INFO - 	at scala.concurrent.impl.ExecutionContextImpl$$anon$4.execute(ExecutionContextImpl.scala:138)
[2026-03-06T08:02:43.537+0000] {subprocess.py:106} INFO - 	at scala.concurrent.impl.CallbackRunnable.executeWithValue(Promise.scala:72)
[2026-03-06T08:02:43.539+0000] {subprocess.py:106} INFO - 	at scala.concurrent.impl.Promise$DefaultPromise.$anonfun$tryComplete$1(Promise.scala:288)
[2026-03-06T08:02:43.540+0000] {subprocess.py:106} INFO - 	at scala.concurrent.impl.Promise$DefaultPromise.$anonfun$tryComplete$1$adapted(Promise.scala:288)
[2026-03-06T08:02:43.541+0000] {subprocess.py:106} INFO - 	at scala.concurrent.impl.Promise$DefaultPromise.tryComplete(Promise.scala:288)
[2026-03-06T08:02:43.542+0000] {subprocess.py:106} INFO - 	at scala.concurrent.Promise.complete(Promise.scala:53)
[2026-03-06T08:02:43.543+0000] {subprocess.py:106} INFO - 	at scala.concurrent.Promise.complete$(Promise.scala:52)
[2026-03-06T08:02:43.544+0000] {subprocess.py:106} INFO - 	at scala.concurrent.impl.Promise$DefaultPromise.complete(Promise.scala:187)
[2026-03-06T08:02:43.544+0000] {subprocess.py:106} INFO - 	at scala.concurrent.impl.Promise.$anonfun$transform$1(Promise.scala:33)
[2026-03-06T08:02:43.545+0000] {subprocess.py:106} INFO - 	at scala.concurrent.impl.CallbackRunnable.run(Promise.scala:64)
[2026-03-06T08:02:43.546+0000] {subprocess.py:106} INFO - 	at scala.concurrent.BatchingExecutor$Batch.processBatch$1(BatchingExecutor.scala:67)
[2026-03-06T08:02:43.549+0000] {subprocess.py:106} INFO - 	at scala.concurrent.BatchingExecutor$Batch.$anonfun$run$1(BatchingExecutor.scala:82)
[2026-03-06T08:02:43.550+0000] {subprocess.py:106} INFO - 	at scala.runtime.java8.JFunction0$mcV$sp.apply(JFunction0$mcV$sp.java:23)
[2026-03-06T08:02:43.552+0000] {subprocess.py:106} INFO - 	at scala.concurrent.BlockContext$.withBlockContext(BlockContext.scala:85)
[2026-03-06T08:02:43.553+0000] {subprocess.py:106} INFO - 	at scala.concurrent.BatchingExecutor$Batch.run(BatchingExecutor.scala:59)
[2026-03-06T08:02:43.554+0000] {subprocess.py:106} INFO - 	at scala.concurrent.Future$InternalCallbackExecutor$.unbatchedExecute(Future.scala:875)
[2026-03-06T08:02:43.555+0000] {subprocess.py:106} INFO - 	at scala.concurrent.BatchingExecutor.execute(BatchingExecutor.scala:110)
[2026-03-06T08:02:43.556+0000] {subprocess.py:106} INFO - 	at scala.concurrent.BatchingExecutor.execute$(BatchingExecutor.scala:107)
[2026-03-06T08:02:43.557+0000] {subprocess.py:106} INFO - 	at scala.concurrent.Future$InternalCallbackExecutor$.execute(Future.scala:873)
[2026-03-06T08:02:43.559+0000] {subprocess.py:106} INFO - 	at scala.concurrent.impl.CallbackRunnable.executeWithValue(Promise.scala:72)
[2026-03-06T08:02:43.560+0000] {subprocess.py:106} INFO - 	at scala.concurrent.impl.Promise$DefaultPromise.$anonfun$tryComplete$1(Promise.scala:288)
[2026-03-06T08:02:43.561+0000] {subprocess.py:106} INFO - 	at scala.concurrent.impl.Promise$DefaultPromise.$anonfun$tryComplete$1$adapted(Promise.scala:288)
[2026-03-06T08:02:43.561+0000] {subprocess.py:106} INFO - 	at scala.concurrent.impl.Promise$DefaultPromise.tryComplete(Promise.scala:288)
[2026-03-06T08:02:43.562+0000] {subprocess.py:106} INFO - 	at scala.concurrent.Promise.trySuccess(Promise.scala:94)
[2026-03-06T08:02:43.563+0000] {subprocess.py:106} INFO - 	at scala.concurrent.Promise.trySuccess$(Promise.scala:94)
[2026-03-06T08:02:43.564+0000] {subprocess.py:106} INFO - 	at scala.concurrent.impl.Promise$DefaultPromise.trySuccess(Promise.scala:187)
[2026-03-06T08:02:43.565+0000] {subprocess.py:106} INFO - 	at org.apache.spark.rpc.netty.NettyRpcEnv.onSuccess$1(NettyRpcEnv.scala:225)
[2026-03-06T08:02:43.566+0000] {subprocess.py:106} INFO - 	at org.apache.spark.rpc.netty.NettyRpcEnv.$anonfun$askAbortable$5(NettyRpcEnv.scala:239)
[2026-03-06T08:02:43.567+0000] {subprocess.py:106} INFO - 	at org.apache.spark.rpc.netty.NettyRpcEnv.$anonfun$askAbortable$5$adapted(NettyRpcEnv.scala:238)
[2026-03-06T08:02:43.568+0000] {subprocess.py:106} INFO - 	at scala.concurrent.impl.CallbackRunnable.run(Promise.scala:64)
[2026-03-06T08:02:43.569+0000] {subprocess.py:106} INFO - 	at org.apache.spark.util.ThreadUtils$$anon$1.execute(ThreadUtils.scala:99)
[2026-03-06T08:02:43.570+0000] {subprocess.py:106} INFO - 	at scala.concurrent.impl.ExecutionContextImpl$$anon$4.execute(ExecutionContextImpl.scala:138)
[2026-03-06T08:02:43.570+0000] {subprocess.py:106} INFO - 	at scala.concurrent.impl.CallbackRunnable.executeWithValue(Promise.scala:72)
[2026-03-06T08:02:43.571+0000] {subprocess.py:106} INFO - 	at scala.concurrent.impl.Promise$DefaultPromise.$anonfun$tryComplete$1(Promise.scala:288)
[2026-03-06T08:02:43.572+0000] {subprocess.py:106} INFO - 	at scala.concurrent.impl.Promise$DefaultPromise.$anonfun$tryComplete$1$adapted(Promise.scala:288)
[2026-03-06T08:02:43.573+0000] {subprocess.py:106} INFO - 	at scala.concurrent.impl.Promise$DefaultPromise.tryComplete(Promise.scala:288)
[2026-03-06T08:02:43.574+0000] {subprocess.py:106} INFO - 	at scala.concurrent.Promise.complete(Promise.scala:53)
[2026-03-06T08:02:43.575+0000] {subprocess.py:106} INFO - 	at scala.concurrent.Promise.complete$(Promise.scala:52)
[2026-03-06T08:02:43.575+0000] {subprocess.py:106} INFO - 	at scala.concurrent.impl.Promise$DefaultPromise.complete(Promise.scala:187)
[2026-03-06T08:02:43.580+0000] {subprocess.py:106} INFO - 	at scala.concurrent.Promise.success(Promise.scala:86)
[2026-03-06T08:02:43.581+0000] {subprocess.py:106} INFO - 	at scala.concurrent.Promise.success$(Promise.scala:86)
[2026-03-06T08:02:43.582+0000] {subprocess.py:106} INFO - 	at scala.concurrent.impl.Promise$DefaultPromise.success(Promise.scala:187)
[2026-03-06T08:02:43.582+0000] {subprocess.py:106} INFO - 	at org.apache.spark.rpc.netty.LocalNettyRpcCallContext.send(NettyRpcCallContext.scala:50)
[2026-03-06T08:02:43.584+0000] {subprocess.py:106} INFO - 	at org.apache.spark.rpc.netty.NettyRpcCallContext.reply(NettyRpcCallContext.scala:32)
[2026-03-06T08:02:43.585+0000] {subprocess.py:106} INFO - 	at org.apache.spark.rpc.netty.RpcEndpointVerifier$$anonfun$receiveAndReply$1.applyOrElse(RpcEndpointVerifier.scala:31)
[2026-03-06T08:02:43.586+0000] {subprocess.py:106} INFO - 	... 8 more
[2026-03-06T08:02:43.587+0000] {subprocess.py:106} INFO - 26/03/06 08:02:42 ERROR Inbox: Ignoring error
[2026-03-06T08:02:43.587+0000] {subprocess.py:106} INFO - org.apache.spark.SparkException: Exception thrown in awaitResult:
[2026-03-06T08:02:43.588+0000] {subprocess.py:106} INFO - 	at org.apache.spark.util.SparkThreadUtils$.awaitResult(SparkThreadUtils.scala:56)
[2026-03-06T08:02:43.589+0000] {subprocess.py:106} INFO - 	at org.apache.spark.util.ThreadUtils$.awaitResult(ThreadUtils.scala:310)
[2026-03-06T08:02:43.590+0000] {subprocess.py:106} INFO - 	at org.apache.spark.rpc.RpcTimeout.awaitResult(RpcTimeout.scala:75)
[2026-03-06T08:02:43.590+0000] {subprocess.py:106} INFO - 	at org.apache.spark.rpc.RpcEnv.setupEndpointRefByURI(RpcEnv.scala:102)
[2026-03-06T08:02:43.591+0000] {subprocess.py:106} INFO - 	at org.apache.spark.rpc.RpcEnv.setupEndpointRef(RpcEnv.scala:110)
[2026-03-06T08:02:43.591+0000] {subprocess.py:106} INFO - 	at org.apache.spark.util.RpcUtils$.makeDriverRef(RpcUtils.scala:36)
[2026-03-06T08:02:43.592+0000] {subprocess.py:106} INFO - 	at org.apache.spark.storage.BlockManagerMasterEndpoint.driverEndpoint$lzycompute(BlockManagerMasterEndpoint.scala:124)
[2026-03-06T08:02:43.593+0000] {subprocess.py:106} INFO - 	at org.apache.spark.storage.BlockManagerMasterEndpoint.org$apache$spark$storage$BlockManagerMasterEndpoint$$driverEndpoint(BlockManagerMasterEndpoint.scala:123)
[2026-03-06T08:02:43.594+0000] {subprocess.py:106} INFO - 	at org.apache.spark.storage.BlockManagerMasterEndpoint.isExecutorAlive$lzycompute$1(BlockManagerMasterEndpoint.scala:688)
[2026-03-06T08:02:43.595+0000] {subprocess.py:106} INFO - 	at org.apache.spark.storage.BlockManagerMasterEndpoint.isExecutorAlive$1(BlockManagerMasterEndpoint.scala:687)
[2026-03-06T08:02:43.595+0000] {subprocess.py:106} INFO - 	at org.apache.spark.storage.BlockManagerMasterEndpoint.org$apache$spark$storage$BlockManagerMasterEndpoint$$register(BlockManagerMasterEndpoint.scala:725)
[2026-03-06T08:02:43.596+0000] {subprocess.py:106} INFO - 	at org.apache.spark.storage.BlockManagerMasterEndpoint$$anonfun$receiveAndReply$1.applyOrElse(BlockManagerMasterEndpoint.scala:133)
[2026-03-06T08:02:43.597+0000] {subprocess.py:106} INFO - 	at org.apache.spark.rpc.netty.Inbox.$anonfun$process$1(Inbox.scala:103)
[2026-03-06T08:02:43.597+0000] {subprocess.py:106} INFO - 	at org.apache.spark.rpc.netty.Inbox.safelyCall(Inbox.scala:213)
[2026-03-06T08:02:43.598+0000] {subprocess.py:106} INFO - 	at org.apache.spark.rpc.netty.Inbox.process(Inbox.scala:100)
[2026-03-06T08:02:43.601+0000] {subprocess.py:106} INFO - 	at org.apache.spark.rpc.netty.MessageLoop.org$apache$spark$rpc$netty$MessageLoop$$receiveLoop(MessageLoop.scala:75)
[2026-03-06T08:02:43.603+0000] {subprocess.py:106} INFO - 	at org.apache.spark.rpc.netty.MessageLoop$$anon$1.run(MessageLoop.scala:41)
[2026-03-06T08:02:43.604+0000] {subprocess.py:106} INFO - 	at java.base/java.util.concurrent.ThreadPoolExecutor.runWorker(ThreadPoolExecutor.java:1136)
[2026-03-06T08:02:43.605+0000] {subprocess.py:106} INFO - 	at java.base/java.util.concurrent.ThreadPoolExecutor$Worker.run(ThreadPoolExecutor.java:635)
[2026-03-06T08:02:43.606+0000] {subprocess.py:106} INFO - 	at java.base/java.lang.Thread.run(Thread.java:840)
[2026-03-06T08:02:43.608+0000] {subprocess.py:106} INFO - Caused by: org.apache.spark.rpc.RpcEndpointNotFoundException: Cannot find endpoint: spark://CoarseGrainedScheduler@eb669c802a68:36887
[2026-03-06T08:02:43.609+0000] {subprocess.py:106} INFO - 	at org.apache.spark.rpc.netty.NettyRpcEnv.$anonfun$asyncSetupEndpointRefByURI$1(NettyRpcEnv.scala:148)
[2026-03-06T08:02:43.610+0000] {subprocess.py:106} INFO - 	at org.apache.spark.rpc.netty.NettyRpcEnv.$anonfun$asyncSetupEndpointRefByURI$1$adapted(NettyRpcEnv.scala:144)
[2026-03-06T08:02:43.610+0000] {subprocess.py:106} INFO - 	at scala.concurrent.Future.$anonfun$flatMap$1(Future.scala:307)
[2026-03-06T08:02:43.612+0000] {subprocess.py:106} INFO - 	at scala.concurrent.impl.Promise.$anonfun$transformWith$1(Promise.scala:41)
[2026-03-06T08:02:43.613+0000] {subprocess.py:106} INFO - 	at scala.concurrent.impl.CallbackRunnable.run(Promise.scala:64)
[2026-03-06T08:02:43.615+0000] {subprocess.py:106} INFO - 	at org.apache.spark.util.ThreadUtils$$anon$1.execute(ThreadUtils.scala:99)
[2026-03-06T08:02:43.616+0000] {subprocess.py:106} INFO - 	at scala.concurrent.impl.ExecutionContextImpl$$anon$4.execute(ExecutionContextImpl.scala:138)
[2026-03-06T08:02:43.619+0000] {subprocess.py:106} INFO - 	at scala.concurrent.impl.CallbackRunnable.executeWithValue(Promise.scala:72)
[2026-03-06T08:02:43.620+0000] {subprocess.py:106} INFO - 	at scala.concurrent.impl.Promise$DefaultPromise.$anonfun$tryComplete$1(Promise.scala:288)
[2026-03-06T08:02:43.621+0000] {subprocess.py:106} INFO - 	at scala.concurrent.impl.Promise$DefaultPromise.$anonfun$tryComplete$1$adapted(Promise.scala:288)
[2026-03-06T08:02:43.622+0000] {subprocess.py:106} INFO - 	at scala.concurrent.impl.Promise$DefaultPromise.tryComplete(Promise.scala:288)
[2026-03-06T08:02:43.623+0000] {subprocess.py:106} INFO - 	at scala.concurrent.Promise.complete(Promise.scala:53)
[2026-03-06T08:02:43.624+0000] {subprocess.py:106} INFO - 	at scala.concurrent.Promise.complete$(Promise.scala:52)
[2026-03-06T08:02:43.625+0000] {subprocess.py:106} INFO - 	at scala.concurrent.impl.Promise$DefaultPromise.complete(Promise.scala:187)
[2026-03-06T08:02:43.626+0000] {subprocess.py:106} INFO - 	at scala.concurrent.impl.Promise.$anonfun$transform$1(Promise.scala:33)
[2026-03-06T08:02:43.626+0000] {subprocess.py:106} INFO - 	at scala.concurrent.impl.CallbackRunnable.run(Promise.scala:64)
[2026-03-06T08:02:43.627+0000] {subprocess.py:106} INFO - 	at org.apache.spark.util.ThreadUtils$$anon$1.execute(ThreadUtils.scala:99)
[2026-03-06T08:02:43.628+0000] {subprocess.py:106} INFO - 	at scala.concurrent.impl.ExecutionContextImpl$$anon$4.execute(ExecutionContextImpl.scala:138)
[2026-03-06T08:02:43.632+0000] {subprocess.py:106} INFO - 	at scala.concurrent.impl.CallbackRunnable.executeWithValue(Promise.scala:72)
[2026-03-06T08:02:43.633+0000] {subprocess.py:106} INFO - 	at scala.concurrent.impl.Promise$DefaultPromise.$anonfun$tryComplete$1(Promise.scala:288)
[2026-03-06T08:02:43.634+0000] {subprocess.py:106} INFO - 	at scala.concurrent.impl.Promise$DefaultPromise.$anonfun$tryComplete$1$adapted(Promise.scala:288)
[2026-03-06T08:02:43.636+0000] {subprocess.py:106} INFO - 	at scala.concurrent.impl.Promise$DefaultPromise.tryComplete(Promise.scala:288)
[2026-03-06T08:02:43.637+0000] {subprocess.py:106} INFO - 	at scala.concurrent.Promise.complete(Promise.scala:53)
[2026-03-06T08:02:43.638+0000] {subprocess.py:106} INFO - 	at scala.concurrent.Promise.complete$(Promise.scala:52)
[2026-03-06T08:02:43.639+0000] {subprocess.py:106} INFO - 	at scala.concurrent.impl.Promise$DefaultPromise.complete(Promise.scala:187)
[2026-03-06T08:02:43.640+0000] {subprocess.py:106} INFO - 	at scala.concurrent.impl.Promise.$anonfun$transform$1(Promise.scala:33)
[2026-03-06T08:02:43.641+0000] {subprocess.py:106} INFO - 	at scala.concurrent.impl.CallbackRunnable.run(Promise.scala:64)
[2026-03-06T08:02:43.642+0000] {subprocess.py:106} INFO - 	at scala.concurrent.BatchingExecutor$Batch.processBatch$1(BatchingExecutor.scala:67)
[2026-03-06T08:02:43.643+0000] {subprocess.py:106} INFO - 	at scala.concurrent.BatchingExecutor$Batch.$anonfun$run$1(BatchingExecutor.scala:82)
[2026-03-06T08:02:43.643+0000] {subprocess.py:106} INFO - 	at scala.runtime.java8.JFunction0$mcV$sp.apply(JFunction0$mcV$sp.java:23)
[2026-03-06T08:02:43.644+0000] {subprocess.py:106} INFO - 	at scala.concurrent.BlockContext$.withBlockContext(BlockContext.scala:85)
[2026-03-06T08:02:43.645+0000] {subprocess.py:106} INFO - 	at scala.concurrent.BatchingExecutor$Batch.run(BatchingExecutor.scala:59)
[2026-03-06T08:02:43.646+0000] {subprocess.py:106} INFO - 	at scala.concurrent.Future$InternalCallbackExecutor$.unbatchedExecute(Future.scala:875)
[2026-03-06T08:02:43.647+0000] {subprocess.py:106} INFO - 	at scala.concurrent.BatchingExecutor.execute(BatchingExecutor.scala:110)
[2026-03-06T08:02:43.648+0000] {subprocess.py:106} INFO - 	at scala.concurrent.BatchingExecutor.execute$(BatchingExecutor.scala:107)
[2026-03-06T08:02:43.649+0000] {subprocess.py:106} INFO - 	at scala.concurrent.Future$InternalCallbackExecutor$.execute(Future.scala:873)
[2026-03-06T08:02:43.650+0000] {subprocess.py:106} INFO - 	at scala.concurrent.impl.CallbackRunnable.executeWithValue(Promise.scala:72)
[2026-03-06T08:02:43.651+0000] {subprocess.py:106} INFO - 	at scala.concurrent.impl.Promise$DefaultPromise.$anonfun$tryComplete$1(Promise.scala:288)
[2026-03-06T08:02:43.652+0000] {subprocess.py:106} INFO - 	at scala.concurrent.impl.Promise$DefaultPromise.$anonfun$tryComplete$1$adapted(Promise.scala:288)
[2026-03-06T08:02:43.653+0000] {subprocess.py:106} INFO - 	at scala.concurrent.impl.Promise$DefaultPromise.tryComplete(Promise.scala:288)
[2026-03-06T08:02:43.654+0000] {subprocess.py:106} INFO - 	at scala.concurrent.Promise.trySuccess(Promise.scala:94)
[2026-03-06T08:02:43.655+0000] {subprocess.py:106} INFO - 	at scala.concurrent.Promise.trySuccess$(Promise.scala:94)
[2026-03-06T08:02:43.656+0000] {subprocess.py:106} INFO - 	at scala.concurrent.impl.Promise$DefaultPromise.trySuccess(Promise.scala:187)
[2026-03-06T08:02:43.657+0000] {subprocess.py:106} INFO - 	at org.apache.spark.rpc.netty.NettyRpcEnv.onSuccess$1(NettyRpcEnv.scala:225)
[2026-03-06T08:02:43.657+0000] {subprocess.py:106} INFO - 	at org.apache.spark.rpc.netty.NettyRpcEnv.$anonfun$askAbortable$5(NettyRpcEnv.scala:239)
[2026-03-06T08:02:43.658+0000] {subprocess.py:106} INFO - 	at org.apache.spark.rpc.netty.NettyRpcEnv.$anonfun$askAbortable$5$adapted(NettyRpcEnv.scala:238)
[2026-03-06T08:02:43.659+0000] {subprocess.py:106} INFO - 	at scala.concurrent.impl.CallbackRunnable.run(Promise.scala:64)
[2026-03-06T08:02:43.660+0000] {subprocess.py:106} INFO - 	at org.apache.spark.util.ThreadUtils$$anon$1.execute(ThreadUtils.scala:99)
[2026-03-06T08:02:43.660+0000] {subprocess.py:106} INFO - 	at scala.concurrent.impl.ExecutionContextImpl$$anon$4.execute(ExecutionContextImpl.scala:138)
[2026-03-06T08:02:43.661+0000] {subprocess.py:106} INFO - 	at scala.concurrent.impl.CallbackRunnable.executeWithValue(Promise.scala:72)
[2026-03-06T08:02:43.662+0000] {subprocess.py:106} INFO - 	at scala.concurrent.impl.Promise$DefaultPromise.$anonfun$tryComplete$1(Promise.scala:288)
[2026-03-06T08:02:43.663+0000] {subprocess.py:106} INFO - 	at scala.concurrent.impl.Promise$DefaultPromise.$anonfun$tryComplete$1$adapted(Promise.scala:288)
[2026-03-06T08:02:43.664+0000] {subprocess.py:106} INFO - 	at scala.concurrent.impl.Promise$DefaultPromise.tryComplete(Promise.scala:288)
[2026-03-06T08:02:43.665+0000] {subprocess.py:106} INFO - 	at scala.concurrent.Promise.complete(Promise.scala:53)
[2026-03-06T08:02:43.667+0000] {subprocess.py:106} INFO - 	at scala.concurrent.Promise.complete$(Promise.scala:52)
[2026-03-06T08:02:43.668+0000] {subprocess.py:106} INFO - 	at scala.concurrent.impl.Promise$DefaultPromise.complete(Promise.scala:187)
[2026-03-06T08:02:43.669+0000] {subprocess.py:106} INFO - 	at scala.concurrent.Promise.success(Promise.scala:86)
[2026-03-06T08:02:43.670+0000] {subprocess.py:106} INFO - 	at scala.concurrent.Promise.success$(Promise.scala:86)
[2026-03-06T08:02:43.672+0000] {subprocess.py:106} INFO - 	at scala.concurrent.impl.Promise$DefaultPromise.success(Promise.scala:187)
[2026-03-06T08:02:43.673+0000] {subprocess.py:106} INFO - 	at org.apache.spark.rpc.netty.LocalNettyRpcCallContext.send(NettyRpcCallContext.scala:50)
[2026-03-06T08:02:43.674+0000] {subprocess.py:106} INFO - 	at org.apache.spark.rpc.netty.NettyRpcCallContext.reply(NettyRpcCallContext.scala:32)
[2026-03-06T08:02:43.679+0000] {subprocess.py:106} INFO - 	at org.apache.spark.rpc.netty.RpcEndpointVerifier$$anonfun$receiveAndReply$1.applyOrElse(RpcEndpointVerifier.scala:31)
[2026-03-06T08:02:43.682+0000] {subprocess.py:106} INFO - 	... 8 more
[2026-03-06T08:02:46.930+0000] {subprocess.py:106} INFO - [Stage 1:>                                                          (0 + 1) / 1]                                                                                [Stage 4:>                                                          (0 + 1) / 1]                                                                                26/03/06 08:02:46 ERROR Inbox: Ignoring error
[2026-03-06T08:02:46.946+0000] {subprocess.py:106} INFO - org.apache.spark.SparkException: Exception thrown in awaitResult:
[2026-03-06T08:02:46.946+0000] {subprocess.py:106} INFO - 	at org.apache.spark.util.SparkThreadUtils$.awaitResult(SparkThreadUtils.scala:56)
[2026-03-06T08:02:46.947+0000] {subprocess.py:106} INFO - 	at org.apache.spark.util.ThreadUtils$.awaitResult(ThreadUtils.scala:310)
[2026-03-06T08:02:46.948+0000] {subprocess.py:106} INFO - 	at org.apache.spark.rpc.RpcTimeout.awaitResult(RpcTimeout.scala:75)
[2026-03-06T08:02:46.949+0000] {subprocess.py:106} INFO - 	at org.apache.spark.rpc.RpcEnv.setupEndpointRefByURI(RpcEnv.scala:102)
[2026-03-06T08:02:46.949+0000] {subprocess.py:106} INFO - 	at org.apache.spark.rpc.RpcEnv.setupEndpointRef(RpcEnv.scala:110)
[2026-03-06T08:02:46.950+0000] {subprocess.py:106} INFO - 	at org.apache.spark.util.RpcUtils$.makeDriverRef(RpcUtils.scala:36)
[2026-03-06T08:02:46.951+0000] {subprocess.py:106} INFO - 	at org.apache.spark.storage.BlockManagerMasterEndpoint.driverEndpoint$lzycompute(BlockManagerMasterEndpoint.scala:124)
[2026-03-06T08:02:46.952+0000] {subprocess.py:106} INFO - 	at org.apache.spark.storage.BlockManagerMasterEndpoint.org$apache$spark$storage$BlockManagerMasterEndpoint$$driverEndpoint(BlockManagerMasterEndpoint.scala:123)
[2026-03-06T08:02:46.953+0000] {subprocess.py:106} INFO - 	at org.apache.spark.storage.BlockManagerMasterEndpoint.isExecutorAlive$lzycompute$1(BlockManagerMasterEndpoint.scala:688)
[2026-03-06T08:02:46.954+0000] {subprocess.py:106} INFO - 	at org.apache.spark.storage.BlockManagerMasterEndpoint.isExecutorAlive$1(BlockManagerMasterEndpoint.scala:687)
[2026-03-06T08:02:46.955+0000] {subprocess.py:106} INFO - 	at org.apache.spark.storage.BlockManagerMasterEndpoint.org$apache$spark$storage$BlockManagerMasterEndpoint$$register(BlockManagerMasterEndpoint.scala:725)
[2026-03-06T08:02:46.955+0000] {subprocess.py:106} INFO - 	at org.apache.spark.storage.BlockManagerMasterEndpoint$$anonfun$receiveAndReply$1.applyOrElse(BlockManagerMasterEndpoint.scala:133)
[2026-03-06T08:02:46.956+0000] {subprocess.py:106} INFO - 	at org.apache.spark.rpc.netty.Inbox.$anonfun$process$1(Inbox.scala:103)
[2026-03-06T08:02:46.957+0000] {subprocess.py:106} INFO - 	at org.apache.spark.rpc.netty.Inbox.safelyCall(Inbox.scala:213)
[2026-03-06T08:02:46.958+0000] {subprocess.py:106} INFO - 	at org.apache.spark.rpc.netty.Inbox.process(Inbox.scala:100)
[2026-03-06T08:02:46.958+0000] {subprocess.py:106} INFO - 	at org.apache.spark.rpc.netty.MessageLoop.org$apache$spark$rpc$netty$MessageLoop$$receiveLoop(MessageLoop.scala:75)
[2026-03-06T08:02:46.959+0000] {subprocess.py:106} INFO - 	at org.apache.spark.rpc.netty.MessageLoop$$anon$1.run(MessageLoop.scala:41)
[2026-03-06T08:02:46.960+0000] {subprocess.py:106} INFO - 	at java.base/java.util.concurrent.ThreadPoolExecutor.runWorker(ThreadPoolExecutor.java:1136)
[2026-03-06T08:02:46.960+0000] {subprocess.py:106} INFO - 	at java.base/java.util.concurrent.ThreadPoolExecutor$Worker.run(ThreadPoolExecutor.java:635)
[2026-03-06T08:02:46.961+0000] {subprocess.py:106} INFO - 	at java.base/java.lang.Thread.run(Thread.java:840)
[2026-03-06T08:02:46.962+0000] {subprocess.py:106} INFO - Caused by: org.apache.spark.rpc.RpcEndpointNotFoundException: Cannot find endpoint: spark://CoarseGrainedScheduler@eb669c802a68:36887
[2026-03-06T08:02:46.962+0000] {subprocess.py:106} INFO - 	at org.apache.spark.rpc.netty.NettyRpcEnv.$anonfun$asyncSetupEndpointRefByURI$1(NettyRpcEnv.scala:148)
[2026-03-06T08:02:46.963+0000] {subprocess.py:106} INFO - 	at org.apache.spark.rpc.netty.NettyRpcEnv.$anonfun$asyncSetupEndpointRefByURI$1$adapted(NettyRpcEnv.scala:144)
[2026-03-06T08:02:46.964+0000] {subprocess.py:106} INFO - 	at scala.concurrent.Future.$anonfun$flatMap$1(Future.scala:307)
[2026-03-06T08:02:46.965+0000] {subprocess.py:106} INFO - 	at scala.concurrent.impl.Promise.$anonfun$transformWith$1(Promise.scala:41)
[2026-03-06T08:02:46.966+0000] {subprocess.py:106} INFO - 	at scala.concurrent.impl.CallbackRunnable.run(Promise.scala:64)
[2026-03-06T08:02:46.966+0000] {subprocess.py:106} INFO - 	at org.apache.spark.util.ThreadUtils$$anon$1.execute(ThreadUtils.scala:99)
[2026-03-06T08:02:46.967+0000] {subprocess.py:106} INFO - 	at scala.concurrent.impl.ExecutionContextImpl$$anon$4.execute(ExecutionContextImpl.scala:138)
[2026-03-06T08:02:46.968+0000] {subprocess.py:106} INFO - 	at scala.concurrent.impl.CallbackRunnable.executeWithValue(Promise.scala:72)
[2026-03-06T08:02:46.968+0000] {subprocess.py:106} INFO - 	at scala.concurrent.impl.Promise$DefaultPromise.$anonfun$tryComplete$1(Promise.scala:288)
[2026-03-06T08:02:46.969+0000] {subprocess.py:106} INFO - 	at scala.concurrent.impl.Promise$DefaultPromise.$anonfun$tryComplete$1$adapted(Promise.scala:288)
[2026-03-06T08:02:46.970+0000] {subprocess.py:106} INFO - 	at scala.concurrent.impl.Promise$DefaultPromise.tryComplete(Promise.scala:288)
[2026-03-06T08:02:46.970+0000] {subprocess.py:106} INFO - 	at scala.concurrent.Promise.complete(Promise.scala:53)
[2026-03-06T08:02:46.971+0000] {subprocess.py:106} INFO - 	at scala.concurrent.Promise.complete$(Promise.scala:52)
[2026-03-06T08:02:46.972+0000] {subprocess.py:106} INFO - 	at scala.concurrent.impl.Promise$DefaultPromise.complete(Promise.scala:187)
[2026-03-06T08:02:46.973+0000] {subprocess.py:106} INFO - 	at scala.concurrent.impl.Promise.$anonfun$transform$1(Promise.scala:33)
[2026-03-06T08:02:46.973+0000] {subprocess.py:106} INFO - 	at scala.concurrent.impl.CallbackRunnable.run(Promise.scala:64)
[2026-03-06T08:02:46.974+0000] {subprocess.py:106} INFO - 	at org.apache.spark.util.ThreadUtils$$anon$1.execute(ThreadUtils.scala:99)
[2026-03-06T08:02:46.974+0000] {subprocess.py:106} INFO - 	at scala.concurrent.impl.ExecutionContextImpl$$anon$4.execute(ExecutionContextImpl.scala:138)
[2026-03-06T08:02:46.975+0000] {subprocess.py:106} INFO - 	at scala.concurrent.impl.CallbackRunnable.executeWithValue(Promise.scala:72)
[2026-03-06T08:02:46.976+0000] {subprocess.py:106} INFO - 	at scala.concurrent.impl.Promise$DefaultPromise.$anonfun$tryComplete$1(Promise.scala:288)
[2026-03-06T08:02:46.976+0000] {subprocess.py:106} INFO - 	at scala.concurrent.impl.Promise$DefaultPromise.$anonfun$tryComplete$1$adapted(Promise.scala:288)
[2026-03-06T08:02:46.977+0000] {subprocess.py:106} INFO - 	at scala.concurrent.impl.Promise$DefaultPromise.tryComplete(Promise.scala:288)
[2026-03-06T08:02:46.978+0000] {subprocess.py:106} INFO - 	at scala.concurrent.Promise.complete(Promise.scala:53)
[2026-03-06T08:02:46.979+0000] {subprocess.py:106} INFO - 	at scala.concurrent.Promise.complete$(Promise.scala:52)
[2026-03-06T08:02:46.979+0000] {subprocess.py:106} INFO - 	at scala.concurrent.impl.Promise$DefaultPromise.complete(Promise.scala:187)
[2026-03-06T08:02:46.980+0000] {subprocess.py:106} INFO - 	at scala.concurrent.impl.Promise.$anonfun$transform$1(Promise.scala:33)
[2026-03-06T08:02:46.981+0000] {subprocess.py:106} INFO - 	at scala.concurrent.impl.CallbackRunnable.run(Promise.scala:64)
[2026-03-06T08:02:46.981+0000] {subprocess.py:106} INFO - 	at scala.concurrent.BatchingExecutor$Batch.processBatch$1(BatchingExecutor.scala:67)
[2026-03-06T08:02:46.982+0000] {subprocess.py:106} INFO - 	at scala.concurrent.BatchingExecutor$Batch.$anonfun$run$1(BatchingExecutor.scala:82)
[2026-03-06T08:02:46.984+0000] {subprocess.py:106} INFO - 	at scala.runtime.java8.JFunction0$mcV$sp.apply(JFunction0$mcV$sp.java:23)
[2026-03-06T08:02:46.985+0000] {subprocess.py:106} INFO - 	at scala.concurrent.BlockContext$.withBlockContext(BlockContext.scala:85)
[2026-03-06T08:02:46.985+0000] {subprocess.py:106} INFO - 	at scala.concurrent.BatchingExecutor$Batch.run(BatchingExecutor.scala:59)
[2026-03-06T08:02:46.986+0000] {subprocess.py:106} INFO - 	at scala.concurrent.Future$InternalCallbackExecutor$.unbatchedExecute(Future.scala:875)
[2026-03-06T08:02:46.987+0000] {subprocess.py:106} INFO - 	at scala.concurrent.BatchingExecutor.execute(BatchingExecutor.scala:110)
[2026-03-06T08:02:46.988+0000] {subprocess.py:106} INFO - 	at scala.concurrent.BatchingExecutor.execute$(BatchingExecutor.scala:107)
[2026-03-06T08:02:46.989+0000] {subprocess.py:106} INFO - 	at scala.concurrent.Future$InternalCallbackExecutor$.execute(Future.scala:873)
[2026-03-06T08:02:46.989+0000] {subprocess.py:106} INFO - 	at scala.concurrent.impl.CallbackRunnable.executeWithValue(Promise.scala:72)
[2026-03-06T08:02:46.990+0000] {subprocess.py:106} INFO - 	at scala.concurrent.impl.Promise$DefaultPromise.$anonfun$tryComplete$1(Promise.scala:288)
[2026-03-06T08:02:46.990+0000] {subprocess.py:106} INFO - 	at scala.concurrent.impl.Promise$DefaultPromise.$anonfun$tryComplete$1$adapted(Promise.scala:288)
[2026-03-06T08:02:46.991+0000] {subprocess.py:106} INFO - 	at scala.concurrent.impl.Promise$DefaultPromise.tryComplete(Promise.scala:288)
[2026-03-06T08:02:46.992+0000] {subprocess.py:106} INFO - 	at scala.concurrent.Promise.trySuccess(Promise.scala:94)
[2026-03-06T08:02:46.992+0000] {subprocess.py:106} INFO - 	at scala.concurrent.Promise.trySuccess$(Promise.scala:94)
[2026-03-06T08:02:46.993+0000] {subprocess.py:106} INFO - 	at scala.concurrent.impl.Promise$DefaultPromise.trySuccess(Promise.scala:187)
[2026-03-06T08:02:46.993+0000] {subprocess.py:106} INFO - 	at org.apache.spark.rpc.netty.NettyRpcEnv.onSuccess$1(NettyRpcEnv.scala:225)
[2026-03-06T08:02:46.994+0000] {subprocess.py:106} INFO - 	at org.apache.spark.rpc.netty.NettyRpcEnv.$anonfun$askAbortable$5(NettyRpcEnv.scala:239)
[2026-03-06T08:02:46.995+0000] {subprocess.py:106} INFO - 	at org.apache.spark.rpc.netty.NettyRpcEnv.$anonfun$askAbortable$5$adapted(NettyRpcEnv.scala:238)
[2026-03-06T08:02:46.995+0000] {subprocess.py:106} INFO - 	at scala.concurrent.impl.CallbackRunnable.run(Promise.scala:64)
[2026-03-06T08:02:46.996+0000] {subprocess.py:106} INFO - 	at org.apache.spark.util.ThreadUtils$$anon$1.execute(ThreadUtils.scala:99)
[2026-03-06T08:02:46.996+0000] {subprocess.py:106} INFO - 	at scala.concurrent.impl.ExecutionContextImpl$$anon$4.execute(ExecutionContextImpl.scala:138)
[2026-03-06T08:02:46.997+0000] {subprocess.py:106} INFO - 	at scala.concurrent.impl.CallbackRunnable.executeWithValue(Promise.scala:72)
[2026-03-06T08:02:46.997+0000] {subprocess.py:106} INFO - 	at scala.concurrent.impl.Promise$DefaultPromise.$anonfun$tryComplete$1(Promise.scala:288)
[2026-03-06T08:02:46.998+0000] {subprocess.py:106} INFO - 	at scala.concurrent.impl.Promise$DefaultPromise.$anonfun$tryComplete$1$adapted(Promise.scala:288)
[2026-03-06T08:02:46.999+0000] {subprocess.py:106} INFO - 	at scala.concurrent.impl.Promise$DefaultPromise.tryComplete(Promise.scala:288)
[2026-03-06T08:02:46.999+0000] {subprocess.py:106} INFO - 	at scala.concurrent.Promise.complete(Promise.scala:53)
[2026-03-06T08:02:47.000+0000] {subprocess.py:106} INFO - 	at scala.concurrent.Promise.complete$(Promise.scala:52)
[2026-03-06T08:02:47.000+0000] {subprocess.py:106} INFO - 	at scala.concurrent.impl.Promise$DefaultPromise.complete(Promise.scala:187)
[2026-03-06T08:02:47.001+0000] {subprocess.py:106} INFO - 	at scala.concurrent.Promise.success(Promise.scala:86)
[2026-03-06T08:02:47.001+0000] {subprocess.py:106} INFO - 	at scala.concurrent.Promise.success$(Promise.scala:86)
[2026-03-06T08:02:47.002+0000] {subprocess.py:106} INFO - 	at scala.concurrent.impl.Promise$DefaultPromise.success(Promise.scala:187)
[2026-03-06T08:02:47.002+0000] {subprocess.py:106} INFO - 	at org.apache.spark.rpc.netty.LocalNettyRpcCallContext.send(NettyRpcCallContext.scala:50)
[2026-03-06T08:02:47.003+0000] {subprocess.py:106} INFO - 	at org.apache.spark.rpc.netty.NettyRpcCallContext.reply(NettyRpcCallContext.scala:32)
[2026-03-06T08:02:47.003+0000] {subprocess.py:106} INFO - 	at org.apache.spark.rpc.netty.RpcEndpointVerifier$$anonfun$receiveAndReply$1.applyOrElse(RpcEndpointVerifier.scala:31)
[2026-03-06T08:02:47.004+0000] {subprocess.py:106} INFO - 	... 8 more
[2026-03-06T08:02:47.005+0000] {subprocess.py:106} INFO - 26/03/06 08:02:46 WARN Executor: Issue communicating with driver in heartbeater
[2026-03-06T08:02:47.006+0000] {subprocess.py:106} INFO - org.apache.spark.SparkException: Exception thrown in awaitResult:
[2026-03-06T08:02:47.007+0000] {subprocess.py:106} INFO - 	at org.apache.spark.util.SparkThreadUtils$.awaitResult(SparkThreadUtils.scala:56)
[2026-03-06T08:02:47.007+0000] {subprocess.py:106} INFO - 	at org.apache.spark.util.ThreadUtils$.awaitResult(ThreadUtils.scala:310)
[2026-03-06T08:02:47.008+0000] {subprocess.py:106} INFO - 	at org.apache.spark.rpc.RpcTimeout.awaitResult(RpcTimeout.scala:75)
[2026-03-06T08:02:47.009+0000] {subprocess.py:106} INFO - 	at org.apache.spark.rpc.RpcEndpointRef.askSync(RpcEndpointRef.scala:101)
[2026-03-06T08:02:47.009+0000] {subprocess.py:106} INFO - 	at org.apache.spark.rpc.RpcEndpointRef.askSync(RpcEndpointRef.scala:85)
[2026-03-06T08:02:47.010+0000] {subprocess.py:106} INFO - 	at org.apache.spark.storage.BlockManagerMaster.registerBlockManager(BlockManagerMaster.scala:80)
[2026-03-06T08:02:47.011+0000] {subprocess.py:106} INFO - 	at org.apache.spark.storage.BlockManager.reregister(BlockManager.scala:642)
[2026-03-06T08:02:47.011+0000] {subprocess.py:106} INFO - 	at org.apache.spark.executor.Executor.reportHeartBeat(Executor.scala:1223)
[2026-03-06T08:02:47.012+0000] {subprocess.py:106} INFO - 	at org.apache.spark.executor.Executor.$anonfun$heartbeater$1(Executor.scala:295)
[2026-03-06T08:02:47.013+0000] {subprocess.py:106} INFO - 	at scala.runtime.java8.JFunction0$mcV$sp.apply(JFunction0$mcV$sp.java:23)
[2026-03-06T08:02:47.013+0000] {subprocess.py:106} INFO - 	at org.apache.spark.util.Utils$.logUncaughtExceptions(Utils.scala:1928)
[2026-03-06T08:02:47.014+0000] {subprocess.py:106} INFO - 	at org.apache.spark.Heartbeater$$anon$1.run(Heartbeater.scala:46)
[2026-03-06T08:02:47.015+0000] {subprocess.py:106} INFO - 	at java.base/java.util.concurrent.Executors$RunnableAdapter.call(Executors.java:539)
[2026-03-06T08:02:47.015+0000] {subprocess.py:106} INFO - 	at java.base/java.util.concurrent.FutureTask.runAndReset(FutureTask.java:305)
[2026-03-06T08:02:47.016+0000] {subprocess.py:106} INFO - 	at java.base/java.util.concurrent.ScheduledThreadPoolExecutor$ScheduledFutureTask.run(ScheduledThreadPoolExecutor.java:305)
[2026-03-06T08:02:47.017+0000] {subprocess.py:106} INFO - 	at java.base/java.util.concurrent.ThreadPoolExecutor.runWorker(ThreadPoolExecutor.java:1136)
[2026-03-06T08:02:47.017+0000] {subprocess.py:106} INFO - 	at java.base/java.util.concurrent.ThreadPoolExecutor$Worker.run(ThreadPoolExecutor.java:635)
[2026-03-06T08:02:47.018+0000] {subprocess.py:106} INFO - 	at java.base/java.lang.Thread.run(Thread.java:840)
[2026-03-06T08:02:47.019+0000] {subprocess.py:106} INFO - Caused by: org.apache.spark.SparkException: Exception thrown in awaitResult:
[2026-03-06T08:02:47.020+0000] {subprocess.py:106} INFO - 	at org.apache.spark.util.SparkThreadUtils$.awaitResult(SparkThreadUtils.scala:56)
[2026-03-06T08:02:47.020+0000] {subprocess.py:106} INFO - 	at org.apache.spark.util.ThreadUtils$.awaitResult(ThreadUtils.scala:310)
[2026-03-06T08:02:47.021+0000] {subprocess.py:106} INFO - 	at org.apache.spark.rpc.RpcTimeout.awaitResult(RpcTimeout.scala:75)
[2026-03-06T08:02:47.022+0000] {subprocess.py:106} INFO - 	at org.apache.spark.rpc.RpcEnv.setupEndpointRefByURI(RpcEnv.scala:102)
[2026-03-06T08:02:47.022+0000] {subprocess.py:106} INFO - 	at org.apache.spark.rpc.RpcEnv.setupEndpointRef(RpcEnv.scala:110)
[2026-03-06T08:02:47.023+0000] {subprocess.py:106} INFO - 	at org.apache.spark.util.RpcUtils$.makeDriverRef(RpcUtils.scala:36)
[2026-03-06T08:02:47.025+0000] {subprocess.py:106} INFO - 	at org.apache.spark.storage.BlockManagerMasterEndpoint.driverEndpoint$lzycompute(BlockManagerMasterEndpoint.scala:124)
[2026-03-06T08:02:47.025+0000] {subprocess.py:106} INFO - 	at org.apache.spark.storage.BlockManagerMasterEndpoint.org$apache$spark$storage$BlockManagerMasterEndpoint$$driverEndpoint(BlockManagerMasterEndpoint.scala:123)
[2026-03-06T08:02:47.026+0000] {subprocess.py:106} INFO - 	at org.apache.spark.storage.BlockManagerMasterEndpoint.isExecutorAlive$lzycompute$1(BlockManagerMasterEndpoint.scala:688)
[2026-03-06T08:02:47.027+0000] {subprocess.py:106} INFO - 	at org.apache.spark.storage.BlockManagerMasterEndpoint.isExecutorAlive$1(BlockManagerMasterEndpoint.scala:687)
[2026-03-06T08:02:47.028+0000] {subprocess.py:106} INFO - 	at org.apache.spark.storage.BlockManagerMasterEndpoint.org$apache$spark$storage$BlockManagerMasterEndpoint$$register(BlockManagerMasterEndpoint.scala:725)
[2026-03-06T08:02:47.029+0000] {subprocess.py:106} INFO - 	at org.apache.spark.storage.BlockManagerMasterEndpoint$$anonfun$receiveAndReply$1.applyOrElse(BlockManagerMasterEndpoint.scala:133)
[2026-03-06T08:02:47.029+0000] {subprocess.py:106} INFO - 	at org.apache.spark.rpc.netty.Inbox.$anonfun$process$1(Inbox.scala:103)
[2026-03-06T08:02:47.030+0000] {subprocess.py:106} INFO - 	at org.apache.spark.rpc.netty.Inbox.safelyCall(Inbox.scala:213)
[2026-03-06T08:02:47.031+0000] {subprocess.py:106} INFO - 	at org.apache.spark.rpc.netty.Inbox.process(Inbox.scala:100)
[2026-03-06T08:02:47.031+0000] {subprocess.py:106} INFO - 	at org.apache.spark.rpc.netty.MessageLoop.org$apache$spark$rpc$netty$MessageLoop$$receiveLoop(MessageLoop.scala:75)
[2026-03-06T08:02:47.032+0000] {subprocess.py:106} INFO - 	at org.apache.spark.rpc.netty.MessageLoop$$anon$1.run(MessageLoop.scala:41)
[2026-03-06T08:02:47.033+0000] {subprocess.py:106} INFO - 	... 3 more
[2026-03-06T08:02:47.033+0000] {subprocess.py:106} INFO - Caused by: org.apache.spark.rpc.RpcEndpointNotFoundException: Cannot find endpoint: spark://CoarseGrainedScheduler@eb669c802a68:36887
[2026-03-06T08:02:47.034+0000] {subprocess.py:106} INFO - 	at org.apache.spark.rpc.netty.NettyRpcEnv.$anonfun$asyncSetupEndpointRefByURI$1(NettyRpcEnv.scala:148)
[2026-03-06T08:02:47.035+0000] {subprocess.py:106} INFO - 	at org.apache.spark.rpc.netty.NettyRpcEnv.$anonfun$asyncSetupEndpointRefByURI$1$adapted(NettyRpcEnv.scala:144)
[2026-03-06T08:02:47.035+0000] {subprocess.py:106} INFO - 	at scala.concurrent.Future.$anonfun$flatMap$1(Future.scala:307)
[2026-03-06T08:02:47.036+0000] {subprocess.py:106} INFO - 	at scala.concurrent.impl.Promise.$anonfun$transformWith$1(Promise.scala:41)
[2026-03-06T08:02:47.037+0000] {subprocess.py:106} INFO - 	at scala.concurrent.impl.CallbackRunnable.run(Promise.scala:64)
[2026-03-06T08:02:47.038+0000] {subprocess.py:106} INFO - 	at org.apache.spark.util.ThreadUtils$$anon$1.execute(ThreadUtils.scala:99)
[2026-03-06T08:02:47.039+0000] {subprocess.py:106} INFO - 	at scala.concurrent.impl.ExecutionContextImpl$$anon$4.execute(ExecutionContextImpl.scala:138)
[2026-03-06T08:02:47.040+0000] {subprocess.py:106} INFO - 	at scala.concurrent.impl.CallbackRunnable.executeWithValue(Promise.scala:72)
[2026-03-06T08:02:47.041+0000] {subprocess.py:106} INFO - 	at scala.concurrent.impl.Promise$DefaultPromise.$anonfun$tryComplete$1(Promise.scala:288)
[2026-03-06T08:02:47.042+0000] {subprocess.py:106} INFO - 	at scala.concurrent.impl.Promise$DefaultPromise.$anonfun$tryComplete$1$adapted(Promise.scala:288)
[2026-03-06T08:02:47.042+0000] {subprocess.py:106} INFO - 	at scala.concurrent.impl.Promise$DefaultPromise.tryComplete(Promise.scala:288)
[2026-03-06T08:02:47.043+0000] {subprocess.py:106} INFO - 	at scala.concurrent.Promise.complete(Promise.scala:53)
[2026-03-06T08:02:47.045+0000] {subprocess.py:106} INFO - 	at scala.concurrent.Promise.complete$(Promise.scala:52)
[2026-03-06T08:02:47.046+0000] {subprocess.py:106} INFO - 	at scala.concurrent.impl.Promise$DefaultPromise.complete(Promise.scala:187)
[2026-03-06T08:02:47.049+0000] {subprocess.py:106} INFO - 	at scala.concurrent.impl.Promise.$anonfun$transform$1(Promise.scala:33)
[2026-03-06T08:02:47.050+0000] {subprocess.py:106} INFO - 	at scala.concurrent.impl.CallbackRunnable.run(Promise.scala:64)
[2026-03-06T08:02:47.052+0000] {subprocess.py:106} INFO - 	at org.apache.spark.util.ThreadUtils$$anon$1.execute(ThreadUtils.scala:99)
[2026-03-06T08:02:47.053+0000] {subprocess.py:106} INFO - 	at scala.concurrent.impl.ExecutionContextImpl$$anon$4.execute(ExecutionContextImpl.scala:138)
[2026-03-06T08:02:47.054+0000] {subprocess.py:106} INFO - 	at scala.concurrent.impl.CallbackRunnable.executeWithValue(Promise.scala:72)
[2026-03-06T08:02:47.056+0000] {subprocess.py:106} INFO - 	at scala.concurrent.impl.Promise$DefaultPromise.$anonfun$tryComplete$1(Promise.scala:288)
[2026-03-06T08:02:47.056+0000] {subprocess.py:106} INFO - 	at scala.concurrent.impl.Promise$DefaultPromise.$anonfun$tryComplete$1$adapted(Promise.scala:288)
[2026-03-06T08:02:47.057+0000] {subprocess.py:106} INFO - 	at scala.concurrent.impl.Promise$DefaultPromise.tryComplete(Promise.scala:288)
[2026-03-06T08:02:47.058+0000] {subprocess.py:106} INFO - 	at scala.concurrent.Promise.complete(Promise.scala:53)
[2026-03-06T08:02:47.059+0000] {subprocess.py:106} INFO - 	at scala.concurrent.Promise.complete$(Promise.scala:52)
[2026-03-06T08:02:47.059+0000] {subprocess.py:106} INFO - 	at scala.concurrent.impl.Promise$DefaultPromise.complete(Promise.scala:187)
[2026-03-06T08:02:47.060+0000] {subprocess.py:106} INFO - 	at scala.concurrent.impl.Promise.$anonfun$transform$1(Promise.scala:33)
[2026-03-06T08:02:47.061+0000] {subprocess.py:106} INFO - 	at scala.concurrent.impl.CallbackRunnable.run(Promise.scala:64)
[2026-03-06T08:02:47.062+0000] {subprocess.py:106} INFO - 	at scala.concurrent.BatchingExecutor$Batch.processBatch$1(BatchingExecutor.scala:67)
[2026-03-06T08:02:47.063+0000] {subprocess.py:106} INFO - 	at scala.concurrent.BatchingExecutor$Batch.$anonfun$run$1(BatchingExecutor.scala:82)
[2026-03-06T08:02:47.064+0000] {subprocess.py:106} INFO - 	at scala.runtime.java8.JFunction0$mcV$sp.apply(JFunction0$mcV$sp.java:23)
[2026-03-06T08:02:47.065+0000] {subprocess.py:106} INFO - 	at scala.concurrent.BlockContext$.withBlockContext(BlockContext.scala:85)
[2026-03-06T08:02:47.066+0000] {subprocess.py:106} INFO - 	at scala.concurrent.BatchingExecutor$Batch.run(BatchingExecutor.scala:59)
[2026-03-06T08:02:47.066+0000] {subprocess.py:106} INFO - 	at scala.concurrent.Future$InternalCallbackExecutor$.unbatchedExecute(Future.scala:875)
[2026-03-06T08:02:47.067+0000] {subprocess.py:106} INFO - 	at scala.concurrent.BatchingExecutor.execute(BatchingExecutor.scala:110)
[2026-03-06T08:02:47.069+0000] {subprocess.py:106} INFO - 	at scala.concurrent.BatchingExecutor.execute$(BatchingExecutor.scala:107)
[2026-03-06T08:02:47.070+0000] {subprocess.py:106} INFO - 	at scala.concurrent.Future$InternalCallbackExecutor$.execute(Future.scala:873)
[2026-03-06T08:02:47.071+0000] {subprocess.py:106} INFO - 	at scala.concurrent.impl.CallbackRunnable.executeWithValue(Promise.scala:72)
[2026-03-06T08:02:47.072+0000] {subprocess.py:106} INFO - 	at scala.concurrent.impl.Promise$DefaultPromise.$anonfun$tryComplete$1(Promise.scala:288)
[2026-03-06T08:02:47.073+0000] {subprocess.py:106} INFO - 	at scala.concurrent.impl.Promise$DefaultPromise.$anonfun$tryComplete$1$adapted(Promise.scala:288)
[2026-03-06T08:02:47.074+0000] {subprocess.py:106} INFO - 	at scala.concurrent.impl.Promise$DefaultPromise.tryComplete(Promise.scala:288)
[2026-03-06T08:02:47.075+0000] {subprocess.py:106} INFO - 	at scala.concurrent.Promise.trySuccess(Promise.scala:94)
[2026-03-06T08:02:47.077+0000] {subprocess.py:106} INFO - 	at scala.concurrent.Promise.trySuccess$(Promise.scala:94)
[2026-03-06T08:02:47.078+0000] {subprocess.py:106} INFO - 	at scala.concurrent.impl.Promise$DefaultPromise.trySuccess(Promise.scala:187)
[2026-03-06T08:02:47.079+0000] {subprocess.py:106} INFO - 	at org.apache.spark.rpc.netty.NettyRpcEnv.onSuccess$1(NettyRpcEnv.scala:225)
[2026-03-06T08:02:47.080+0000] {subprocess.py:106} INFO - 	at org.apache.spark.rpc.netty.NettyRpcEnv.$anonfun$askAbortable$5(NettyRpcEnv.scala:239)
[2026-03-06T08:02:47.081+0000] {subprocess.py:106} INFO - 	at org.apache.spark.rpc.netty.NettyRpcEnv.$anonfun$askAbortable$5$adapted(NettyRpcEnv.scala:238)
[2026-03-06T08:02:47.081+0000] {subprocess.py:106} INFO - 	at scala.concurrent.impl.CallbackRunnable.run(Promise.scala:64)
[2026-03-06T08:02:47.082+0000] {subprocess.py:106} INFO - 	at org.apache.spark.util.ThreadUtils$$anon$1.execute(ThreadUtils.scala:99)
[2026-03-06T08:02:47.083+0000] {subprocess.py:106} INFO - 	at scala.concurrent.impl.ExecutionContextImpl$$anon$4.execute(ExecutionContextImpl.scala:138)
[2026-03-06T08:02:47.084+0000] {subprocess.py:106} INFO - 	at scala.concurrent.impl.CallbackRunnable.executeWithValue(Promise.scala:72)
[2026-03-06T08:02:47.084+0000] {subprocess.py:106} INFO - 	at scala.concurrent.impl.Promise$DefaultPromise.$anonfun$tryComplete$1(Promise.scala:288)
[2026-03-06T08:02:47.085+0000] {subprocess.py:106} INFO - 	at scala.concurrent.impl.Promise$DefaultPromise.$anonfun$tryComplete$1$adapted(Promise.scala:288)
[2026-03-06T08:02:47.086+0000] {subprocess.py:106} INFO - 	at scala.concurrent.impl.Promise$DefaultPromise.tryComplete(Promise.scala:288)
[2026-03-06T08:02:47.088+0000] {subprocess.py:106} INFO - 	at scala.concurrent.Promise.complete(Promise.scala:53)
[2026-03-06T08:02:47.089+0000] {subprocess.py:106} INFO - 	at scala.concurrent.Promise.complete$(Promise.scala:52)
[2026-03-06T08:02:47.090+0000] {subprocess.py:106} INFO - 	at scala.concurrent.impl.Promise$DefaultPromise.complete(Promise.scala:187)
[2026-03-06T08:02:47.091+0000] {subprocess.py:106} INFO - 	at scala.concurrent.Promise.success(Promise.scala:86)
[2026-03-06T08:02:47.093+0000] {subprocess.py:106} INFO - 	at scala.concurrent.Promise.success$(Promise.scala:86)
[2026-03-06T08:02:47.094+0000] {subprocess.py:106} INFO - 	at scala.concurrent.impl.Promise$DefaultPromise.success(Promise.scala:187)
[2026-03-06T08:02:47.094+0000] {subprocess.py:106} INFO - 	at org.apache.spark.rpc.netty.LocalNettyRpcCallContext.send(NettyRpcCallContext.scala:50)
[2026-03-06T08:02:47.095+0000] {subprocess.py:106} INFO - 	at org.apache.spark.rpc.netty.NettyRpcCallContext.reply(NettyRpcCallContext.scala:32)
[2026-03-06T08:02:47.097+0000] {subprocess.py:106} INFO - 	at org.apache.spark.rpc.netty.RpcEndpointVerifier$$anonfun$receiveAndReply$1.applyOrElse(RpcEndpointVerifier.scala:31)
[2026-03-06T08:02:47.098+0000] {subprocess.py:106} INFO - 	... 8 more
[2026-03-06T08:02:47.319+0000] {local_task_job_runner.py:346} WARNING - State of this instance has been externally set to None. Terminating instance.
[2026-03-06T08:02:47.330+0000] {local_task_job_runner.py:245} INFO - ::endgroup::
[2026-03-06T08:02:47.347+0000] {process_utils.py:132} INFO - Sending 15 to group 1663. PIDs of all processes in the group: [1665, 1666, 1674, 1663]
[2026-03-06T08:02:47.352+0000] {process_utils.py:87} INFO - Sending the signal 15 to group 1663
[2026-03-06T08:02:47.355+0000] {taskinstance.py:3094} ERROR - Received SIGTERM. Terminating subprocesses.
[2026-03-06T08:02:47.433+0000] {taskinstance.py:3095} ERROR - Stacktrace: 
  File "/home/***/.local/bin/***", line 8, in <module>
    sys.exit(main())
  File "/home/***/.local/lib/python3.12/site-packages/***/__main__.py", line 62, in main
    args.func(args)
  File "/home/***/.local/lib/python3.12/site-packages/***/cli/cli_config.py", line 49, in command
    return func(*args, **kwargs)
  File "/home/***/.local/lib/python3.12/site-packages/***/utils/cli.py", line 116, in wrapper
    return f(*args, **kwargs)
  File "/home/***/.local/lib/python3.12/site-packages/***/utils/providers_configuration_loader.py", line 55, in wrapped_function
    return func(*args, **kwargs)
  File "/home/***/.local/lib/python3.12/site-packages/***/cli/commands/scheduler_command.py", line 56, in scheduler
    run_command_with_daemon_option(
  File "/home/***/.local/lib/python3.12/site-packages/***/cli/commands/daemon_utils.py", line 86, in run_command_with_daemon_option
    callback()
  File "/home/***/.local/lib/python3.12/site-packages/***/cli/commands/scheduler_command.py", line 59, in <lambda>
    callback=lambda: _run_scheduler_job(args),
  File "/home/***/.local/lib/python3.12/site-packages/***/cli/commands/scheduler_command.py", line 47, in _run_scheduler_job
    run_job(job=job_runner.job, execute_callable=job_runner._execute)
  File "/home/***/.local/lib/python3.12/site-packages/***/utils/session.py", line 97, in wrapper
    return func(*args, session=session, **kwargs)
  File "/home/***/.local/lib/python3.12/site-packages/***/jobs/job.py", line 421, in run_job
    return execute_job(job, execute_callable=execute_callable)
  File "/home/***/.local/lib/python3.12/site-packages/***/jobs/job.py", line 450, in execute_job
    ret = execute_callable()
  File "/home/***/.local/lib/python3.12/site-packages/***/jobs/scheduler_job_runner.py", line 990, in _execute
    executor.start()
  File "/home/***/.local/lib/python3.12/site-packages/***/executors/local_executor.py", line 392, in start
    self.impl.start()
  File "/home/***/.local/lib/python3.12/site-packages/***/executors/local_executor.py", line 330, in start
    worker.start()
  File "/usr/local/lib/python3.12/multiprocessing/process.py", line 121, in start
    self._popen = self._Popen(self)
  File "/usr/local/lib/python3.12/multiprocessing/context.py", line 224, in _Popen
    return _default_context.get_context().Process._Popen(process_obj)
  File "/usr/local/lib/python3.12/multiprocessing/context.py", line 282, in _Popen
    return Popen(process_obj)
  File "/usr/local/lib/python3.12/multiprocessing/popen_fork.py", line 19, in __init__
    self._launch(process_obj)
  File "/usr/local/lib/python3.12/multiprocessing/popen_fork.py", line 71, in _launch
    code = process_obj._bootstrap(parent_sentinel=child_r)
  File "/usr/local/lib/python3.12/multiprocessing/process.py", line 314, in _bootstrap
    self.run()
  File "/home/***/.local/lib/python3.12/site-packages/***/executors/local_executor.py", line 80, in run
    return super().run()
  File "/usr/local/lib/python3.12/multiprocessing/process.py", line 108, in run
    self._target(*self._args, **self._kwargs)
  File "/home/***/.local/lib/python3.12/site-packages/***/traces/tracer.py", line 58, in wrapper
    return func(*args, **kwargs)
  File "/home/***/.local/lib/python3.12/site-packages/***/executors/local_executor.py", line 211, in do_work
    self.execute_work(key=key, command=command)
  File "/home/***/.local/lib/python3.12/site-packages/***/traces/tracer.py", line 58, in wrapper
    return func(*args, **kwargs)
  File "/home/***/.local/lib/python3.12/site-packages/***/executors/local_executor.py", line 100, in execute_work
    state = self._execute_work_in_fork(command)
  File "/home/***/.local/lib/python3.12/site-packages/***/traces/tracer.py", line 58, in wrapper
    return func(*args, **kwargs)
  File "/home/***/.local/lib/python3.12/site-packages/***/executors/local_executor.py", line 142, in _execute_work_in_fork
    args.func(args)
  File "/home/***/.local/lib/python3.12/site-packages/***/cli/cli_config.py", line 49, in command
    return func(*args, **kwargs)
  File "/home/***/.local/lib/python3.12/site-packages/***/utils/cli.py", line 116, in wrapper
    return f(*args, **kwargs)
  File "/home/***/.local/lib/python3.12/site-packages/***/cli/commands/task_command.py", line 483, in task_run
    task_return_code = _run_task_by_selected_method(args, _dag, ti)
  File "/home/***/.local/lib/python3.12/site-packages/***/cli/commands/task_command.py", line 254, in _run_task_by_selected_method
    return _run_task_by_local_task_job(args, ti)
  File "/home/***/.local/lib/python3.12/site-packages/***/cli/commands/task_command.py", line 322, in _run_task_by_local_task_job
    ret = run_job(job=job_runner.job, execute_callable=job_runner._execute)
  File "/home/***/.local/lib/python3.12/site-packages/***/utils/session.py", line 97, in wrapper
    return func(*args, session=session, **kwargs)
  File "/home/***/.local/lib/python3.12/site-packages/***/jobs/job.py", line 421, in run_job
    return execute_job(job, execute_callable=execute_callable)
  File "/home/***/.local/lib/python3.12/site-packages/***/jobs/job.py", line 450, in execute_job
    ret = execute_callable()
  File "/home/***/.local/lib/python3.12/site-packages/***/jobs/local_task_job_runner.py", line 171, in _execute
    self.task_runner.start()
  File "/home/***/.local/lib/python3.12/site-packages/***/task/task_runner/standard_task_runner.py", line 55, in start
    self.process = self._start_by_fork()
  File "/home/***/.local/lib/python3.12/site-packages/***/task/task_runner/standard_task_runner.py", line 117, in _start_by_fork
    ret = args.func(args, dag=self.dag)
  File "/home/***/.local/lib/python3.12/site-packages/***/cli/cli_config.py", line 49, in command
    return func(*args, **kwargs)
  File "/home/***/.local/lib/python3.12/site-packages/***/utils/cli.py", line 116, in wrapper
    return f(*args, **kwargs)
  File "/home/***/.local/lib/python3.12/site-packages/***/cli/commands/task_command.py", line 483, in task_run
    task_return_code = _run_task_by_selected_method(args, _dag, ti)
  File "/home/***/.local/lib/python3.12/site-packages/***/cli/commands/task_command.py", line 256, in _run_task_by_selected_method
    return _run_raw_task(args, ti)
  File "/home/***/.local/lib/python3.12/site-packages/***/cli/commands/task_command.py", line 341, in _run_raw_task
    return ti._run_raw_task(
  File "/home/***/.local/lib/python3.12/site-packages/***/utils/session.py", line 97, in wrapper
    return func(*args, session=session, **kwargs)
  File "/home/***/.local/lib/python3.12/site-packages/***/models/taskinstance.py", line 3006, in _run_raw_task
    return _run_raw_task(
  File "/home/***/.local/lib/python3.12/site-packages/***/models/taskinstance.py", line 274, in _run_raw_task
    TaskInstance._execute_task_with_callbacks(
  File "/home/***/.local/lib/python3.12/site-packages/***/models/taskinstance.py", line 3161, in _execute_task_with_callbacks
    result = self._execute_task(context, task_orig)
  File "/home/***/.local/lib/python3.12/site-packages/***/models/taskinstance.py", line 3185, in _execute_task
    return _execute_task(self, context, task_orig)
  File "/home/***/.local/lib/python3.12/site-packages/***/models/taskinstance.py", line 768, in _execute_task
    result = _execute_callable(context=context, **execute_callable_kwargs)
  File "/home/***/.local/lib/python3.12/site-packages/***/models/taskinstance.py", line 734, in _execute_callable
    return ExecutionCallableRunner(
  File "/home/***/.local/lib/python3.12/site-packages/***/utils/operator_helpers.py", line 252, in run
    return self.func(*args, **kwargs)
  File "/home/***/.local/lib/python3.12/site-packages/***/models/baseoperator.py", line 424, in wrapper
    return func(self, *args, **kwargs)
  File "/home/***/.local/lib/python3.12/site-packages/***/operators/bash.py", line 257, in execute
    result = self._run_inline_command(bash_path=bash_path, env=env)
  File "/home/***/.local/lib/python3.12/site-packages/***/operators/bash.py", line 284, in _run_inline_command
    return self.subprocess_hook.run_command(
  File "/home/***/.local/lib/python3.12/site-packages/***/hooks/subprocess.py", line 104, in run_command
    for raw_line in iter(self.sub_process.stdout.readline, b""):
  File "/home/***/.local/lib/python3.12/site-packages/***/models/taskinstance.py", line 3095, in signal_handler
    self.log.error("Stacktrace: \n%s", "".join(traceback.format_stack()))

[2026-03-06T08:02:47.444+0000] {subprocess.py:117} INFO - Sending SIGTERM signal to process group
[2026-03-06T08:02:47.739+0000] {taskinstance.py:3313} ERROR - Task failed with exception
Traceback (most recent call last):
  File "/home/airflow/.local/lib/python3.12/site-packages/airflow/models/taskinstance.py", line 768, in _execute_task
    result = _execute_callable(context=context, **execute_callable_kwargs)
             ^^^^^^^^^^^^^^^^^^^^^^^^^^^^^^^^^^^^^^^^^^^^^^^^^^^^^^^^^^^^^
  File "/home/airflow/.local/lib/python3.12/site-packages/airflow/models/taskinstance.py", line 734, in _execute_callable
    return ExecutionCallableRunner(
           ^^^^^^^^^^^^^^^^^^^^^^^^
  File "/home/airflow/.local/lib/python3.12/site-packages/airflow/utils/operator_helpers.py", line 252, in run
    return self.func(*args, **kwargs)
           ^^^^^^^^^^^^^^^^^^^^^^^^^^
  File "/home/airflow/.local/lib/python3.12/site-packages/airflow/models/baseoperator.py", line 424, in wrapper
    return func(self, *args, **kwargs)
           ^^^^^^^^^^^^^^^^^^^^^^^^^^^
  File "/home/airflow/.local/lib/python3.12/site-packages/airflow/operators/bash.py", line 257, in execute
    result = self._run_inline_command(bash_path=bash_path, env=env)
             ^^^^^^^^^^^^^^^^^^^^^^^^^^^^^^^^^^^^^^^^^^^^^^^^^^^^^^
  File "/home/airflow/.local/lib/python3.12/site-packages/airflow/operators/bash.py", line 284, in _run_inline_command
    return self.subprocess_hook.run_command(
           ^^^^^^^^^^^^^^^^^^^^^^^^^^^^^^^^^
  File "/home/airflow/.local/lib/python3.12/site-packages/airflow/hooks/subprocess.py", line 104, in run_command
    for raw_line in iter(self.sub_process.stdout.readline, b""):
                    ^^^^^^^^^^^^^^^^^^^^^^^^^^^^^^^^^^^^^^^^^^^
  File "/home/airflow/.local/lib/python3.12/site-packages/airflow/models/taskinstance.py", line 3097, in signal_handler
    raise AirflowTaskTerminated("Task received SIGTERM signal")
airflow.exceptions.AirflowTaskTerminated: Task received SIGTERM signal
[2026-03-06T08:02:47.776+0000] {taskinstance.py:1226} INFO - Marking task as UP_FOR_RETRY. dag_id=01_master_processing_pipeline, task_id=process_travel_data, run_id=manual__2026-03-06T07:57:46.004240+00:00, execution_date=20260306T075746, start_date=20260306T075753, end_date=20260306T080247
[2026-03-06T08:02:47.974+0000] {taskinstance.py:341} INFO - ::group::Post task execution logs
[2026-03-06T08:02:48.038+0000] {process_utils.py:80} INFO - Process psutil.Process(pid=1663, status='terminated', exitcode=2, started='07:57:52') (1663) terminated with exit code 2
[2026-03-06T08:02:48.045+0000] {process_utils.py:80} INFO - Process psutil.Process(pid=1666, status='terminated', started='07:57:52') (1666) terminated with exit code None
[2026-03-06T08:02:48.046+0000] {process_utils.py:80} INFO - Process psutil.Process(pid=1665, status='terminated', started='07:57:52') (1665) terminated with exit code None
[2026-03-06T08:02:48.300+0000] {process_utils.py:80} INFO - Process psutil.Process(pid=1674, status='terminated', started='07:57:56') (1674) terminated with exit code None
