[2026-03-06T07:16:09.121+0000] {processor.py:186} INFO - Started process (PID=169) to work on /opt/airflow/dags/master_processing_dag.py
[2026-03-06T07:16:09.124+0000] {processor.py:914} INFO - Processing file /opt/airflow/dags/master_processing_dag.py for tasks to queue
[2026-03-06T07:16:09.130+0000] {logging_mixin.py:190} INFO - [2026-03-06T07:16:09.129+0000] {dagbag.py:588} INFO - Filling up the DagBag from /opt/airflow/dags/master_processing_dag.py
[2026-03-06T07:16:09.227+0000] {processor.py:925} INFO - DAG(s) '01_master_processing_pipeline' retrieved from /opt/airflow/dags/master_processing_dag.py
[2026-03-06T07:16:09.407+0000] {logging_mixin.py:190} INFO - [2026-03-06T07:16:09.406+0000] {dag.py:3239} INFO - Sync 1 DAGs
[2026-03-06T07:16:09.628+0000] {logging_mixin.py:190} INFO - [2026-03-06T07:16:09.628+0000] {dag.py:4180} INFO - Setting next_dagrun for 01_master_processing_pipeline to 2026-03-06 00:00:00+00:00, run_after=2026-03-07 00:00:00+00:00
[2026-03-06T07:16:09.722+0000] {processor.py:208} INFO - Processing /opt/airflow/dags/master_processing_dag.py took 0.618 seconds
[2026-03-06T07:16:40.840+0000] {processor.py:186} INFO - Started process (PID=302) to work on /opt/airflow/dags/master_processing_dag.py
[2026-03-06T07:16:40.844+0000] {processor.py:914} INFO - Processing file /opt/airflow/dags/master_processing_dag.py for tasks to queue
[2026-03-06T07:16:40.884+0000] {logging_mixin.py:190} INFO - [2026-03-06T07:16:40.882+0000] {dagbag.py:588} INFO - Filling up the DagBag from /opt/airflow/dags/master_processing_dag.py
[2026-03-06T07:16:41.708+0000] {processor.py:925} INFO - DAG(s) '01_master_processing_pipeline' retrieved from /opt/airflow/dags/master_processing_dag.py
[2026-03-06T07:16:44.575+0000] {logging_mixin.py:190} INFO - [2026-03-06T07:16:44.573+0000] {dag.py:3239} INFO - Sync 1 DAGs
[2026-03-06T07:16:46.457+0000] {logging_mixin.py:190} INFO - [2026-03-06T07:16:46.455+0000] {dag.py:4180} INFO - Setting next_dagrun for 01_master_processing_pipeline to 2026-03-06 00:00:00+00:00, run_after=2026-03-07 00:00:00+00:00
[2026-03-06T07:16:47.078+0000] {processor.py:208} INFO - Processing /opt/airflow/dags/master_processing_dag.py took 6.384 seconds
[2026-03-06T07:17:18.160+0000] {processor.py:186} INFO - Started process (PID=354) to work on /opt/airflow/dags/master_processing_dag.py
[2026-03-06T07:17:18.169+0000] {processor.py:914} INFO - Processing file /opt/airflow/dags/master_processing_dag.py for tasks to queue
[2026-03-06T07:17:18.192+0000] {logging_mixin.py:190} INFO - [2026-03-06T07:17:18.190+0000] {dagbag.py:588} INFO - Filling up the DagBag from /opt/airflow/dags/master_processing_dag.py
[2026-03-06T07:17:18.389+0000] {processor.py:925} INFO - DAG(s) '01_master_processing_pipeline' retrieved from /opt/airflow/dags/master_processing_dag.py
[2026-03-06T07:17:19.449+0000] {logging_mixin.py:190} INFO - [2026-03-06T07:17:19.446+0000] {dag.py:3239} INFO - Sync 1 DAGs
[2026-03-06T07:17:20.169+0000] {logging_mixin.py:190} INFO - [2026-03-06T07:17:20.168+0000] {dag.py:4180} INFO - Setting next_dagrun for 01_master_processing_pipeline to 2026-03-06 00:00:00+00:00, run_after=2026-03-07 00:00:00+00:00
[2026-03-06T07:17:20.851+0000] {processor.py:208} INFO - Processing /opt/airflow/dags/master_processing_dag.py took 2.778 seconds
[2026-03-06T07:17:56.716+0000] {processor.py:186} INFO - Started process (PID=364) to work on /opt/airflow/dags/master_processing_dag.py
[2026-03-06T07:17:56.753+0000] {processor.py:914} INFO - Processing file /opt/airflow/dags/master_processing_dag.py for tasks to queue
[2026-03-06T07:17:56.942+0000] {logging_mixin.py:190} INFO - [2026-03-06T07:17:56.940+0000] {dagbag.py:588} INFO - Filling up the DagBag from /opt/airflow/dags/master_processing_dag.py
[2026-03-06T07:17:58.607+0000] {processor.py:925} INFO - DAG(s) '01_master_processing_pipeline' retrieved from /opt/airflow/dags/master_processing_dag.py
[2026-03-06T07:17:58.885+0000] {logging_mixin.py:190} INFO - [2026-03-06T07:17:58.884+0000] {dag.py:3239} INFO - Sync 1 DAGs
[2026-03-06T07:17:59.136+0000] {logging_mixin.py:190} INFO - [2026-03-06T07:17:59.135+0000] {dag.py:4180} INFO - Setting next_dagrun for 01_master_processing_pipeline to 2026-03-06 00:00:00+00:00, run_after=2026-03-07 00:00:00+00:00
[2026-03-06T07:17:59.639+0000] {processor.py:208} INFO - Processing /opt/airflow/dags/master_processing_dag.py took 3.123 seconds
[2026-03-06T07:18:30.486+0000] {processor.py:186} INFO - Started process (PID=374) to work on /opt/airflow/dags/master_processing_dag.py
[2026-03-06T07:18:30.495+0000] {processor.py:914} INFO - Processing file /opt/airflow/dags/master_processing_dag.py for tasks to queue
[2026-03-06T07:18:30.575+0000] {logging_mixin.py:190} INFO - [2026-03-06T07:18:30.553+0000] {dagbag.py:588} INFO - Filling up the DagBag from /opt/airflow/dags/master_processing_dag.py
[2026-03-06T07:18:30.867+0000] {processor.py:925} INFO - DAG(s) '01_master_processing_pipeline' retrieved from /opt/airflow/dags/master_processing_dag.py
[2026-03-06T07:18:31.242+0000] {logging_mixin.py:190} INFO - [2026-03-06T07:18:31.241+0000] {dag.py:3239} INFO - Sync 1 DAGs
[2026-03-06T07:18:31.895+0000] {logging_mixin.py:190} INFO - [2026-03-06T07:18:31.895+0000] {dag.py:4180} INFO - Setting next_dagrun for 01_master_processing_pipeline to 2026-03-06 00:00:00+00:00, run_after=2026-03-07 00:00:00+00:00
[2026-03-06T07:18:31.983+0000] {processor.py:208} INFO - Processing /opt/airflow/dags/master_processing_dag.py took 1.557 seconds
[2026-03-06T07:19:02.111+0000] {processor.py:186} INFO - Started process (PID=384) to work on /opt/airflow/dags/master_processing_dag.py
[2026-03-06T07:19:02.113+0000] {processor.py:914} INFO - Processing file /opt/airflow/dags/master_processing_dag.py for tasks to queue
[2026-03-06T07:19:02.116+0000] {logging_mixin.py:190} INFO - [2026-03-06T07:19:02.115+0000] {dagbag.py:588} INFO - Filling up the DagBag from /opt/airflow/dags/master_processing_dag.py
[2026-03-06T07:19:02.143+0000] {processor.py:925} INFO - DAG(s) '01_master_processing_pipeline' retrieved from /opt/airflow/dags/master_processing_dag.py
[2026-03-06T07:19:02.215+0000] {logging_mixin.py:190} INFO - [2026-03-06T07:19:02.215+0000] {dag.py:3239} INFO - Sync 1 DAGs
[2026-03-06T07:19:02.355+0000] {logging_mixin.py:190} INFO - [2026-03-06T07:19:02.355+0000] {dag.py:4180} INFO - Setting next_dagrun for 01_master_processing_pipeline to 2026-03-06 00:00:00+00:00, run_after=2026-03-07 00:00:00+00:00
[2026-03-06T07:19:02.455+0000] {processor.py:208} INFO - Processing /opt/airflow/dags/master_processing_dag.py took 0.354 seconds
[2026-03-06T07:19:33.014+0000] {processor.py:186} INFO - Started process (PID=394) to work on /opt/airflow/dags/master_processing_dag.py
[2026-03-06T07:19:33.016+0000] {processor.py:914} INFO - Processing file /opt/airflow/dags/master_processing_dag.py for tasks to queue
[2026-03-06T07:19:33.021+0000] {logging_mixin.py:190} INFO - [2026-03-06T07:19:33.020+0000] {dagbag.py:588} INFO - Filling up the DagBag from /opt/airflow/dags/master_processing_dag.py
[2026-03-06T07:19:33.128+0000] {processor.py:925} INFO - DAG(s) '01_master_processing_pipeline' retrieved from /opt/airflow/dags/master_processing_dag.py
[2026-03-06T07:19:33.179+0000] {logging_mixin.py:190} INFO - [2026-03-06T07:19:33.178+0000] {dag.py:3239} INFO - Sync 1 DAGs
[2026-03-06T07:19:33.232+0000] {logging_mixin.py:190} INFO - [2026-03-06T07:19:33.232+0000] {dag.py:4180} INFO - Setting next_dagrun for 01_master_processing_pipeline to 2026-03-06 00:00:00+00:00, run_after=2026-03-07 00:00:00+00:00
[2026-03-06T07:19:33.263+0000] {processor.py:208} INFO - Processing /opt/airflow/dags/master_processing_dag.py took 0.263 seconds
[2026-03-06T07:20:03.497+0000] {processor.py:186} INFO - Started process (PID=404) to work on /opt/airflow/dags/master_processing_dag.py
[2026-03-06T07:20:03.498+0000] {processor.py:914} INFO - Processing file /opt/airflow/dags/master_processing_dag.py for tasks to queue
[2026-03-06T07:20:03.500+0000] {logging_mixin.py:190} INFO - [2026-03-06T07:20:03.500+0000] {dagbag.py:588} INFO - Filling up the DagBag from /opt/airflow/dags/master_processing_dag.py
[2026-03-06T07:20:03.543+0000] {processor.py:925} INFO - DAG(s) '01_master_processing_pipeline' retrieved from /opt/airflow/dags/master_processing_dag.py
[2026-03-06T07:20:03.570+0000] {logging_mixin.py:190} INFO - [2026-03-06T07:20:03.570+0000] {dag.py:3239} INFO - Sync 1 DAGs
[2026-03-06T07:20:03.597+0000] {logging_mixin.py:190} INFO - [2026-03-06T07:20:03.597+0000] {dag.py:4180} INFO - Setting next_dagrun for 01_master_processing_pipeline to 2026-03-06 00:00:00+00:00, run_after=2026-03-07 00:00:00+00:00
[2026-03-06T07:20:03.672+0000] {processor.py:208} INFO - Processing /opt/airflow/dags/master_processing_dag.py took 0.182 seconds
[2026-03-06T07:20:34.160+0000] {processor.py:186} INFO - Started process (PID=414) to work on /opt/airflow/dags/master_processing_dag.py
[2026-03-06T07:20:34.161+0000] {processor.py:914} INFO - Processing file /opt/airflow/dags/master_processing_dag.py for tasks to queue
[2026-03-06T07:20:34.278+0000] {logging_mixin.py:190} INFO - [2026-03-06T07:20:34.278+0000] {dagbag.py:588} INFO - Filling up the DagBag from /opt/airflow/dags/master_processing_dag.py
[2026-03-06T07:20:35.305+0000] {processor.py:925} INFO - DAG(s) '01_master_processing_pipeline' retrieved from /opt/airflow/dags/master_processing_dag.py
[2026-03-06T07:20:35.447+0000] {logging_mixin.py:190} INFO - [2026-03-06T07:20:35.447+0000] {dag.py:3239} INFO - Sync 1 DAGs
[2026-03-06T07:20:35.632+0000] {logging_mixin.py:190} INFO - [2026-03-06T07:20:35.632+0000] {dag.py:4180} INFO - Setting next_dagrun for 01_master_processing_pipeline to 2026-03-06 00:00:00+00:00, run_after=2026-03-07 00:00:00+00:00
[2026-03-06T07:20:35.666+0000] {processor.py:208} INFO - Processing /opt/airflow/dags/master_processing_dag.py took 1.513 seconds
[2026-03-06T07:21:06.189+0000] {processor.py:186} INFO - Started process (PID=424) to work on /opt/airflow/dags/master_processing_dag.py
[2026-03-06T07:21:06.191+0000] {processor.py:914} INFO - Processing file /opt/airflow/dags/master_processing_dag.py for tasks to queue
[2026-03-06T07:21:06.193+0000] {logging_mixin.py:190} INFO - [2026-03-06T07:21:06.193+0000] {dagbag.py:588} INFO - Filling up the DagBag from /opt/airflow/dags/master_processing_dag.py
[2026-03-06T07:21:06.217+0000] {processor.py:925} INFO - DAG(s) '01_master_processing_pipeline' retrieved from /opt/airflow/dags/master_processing_dag.py
[2026-03-06T07:21:06.247+0000] {logging_mixin.py:190} INFO - [2026-03-06T07:21:06.247+0000] {dag.py:3239} INFO - Sync 1 DAGs
[2026-03-06T07:21:06.294+0000] {logging_mixin.py:190} INFO - [2026-03-06T07:21:06.294+0000] {dag.py:4180} INFO - Setting next_dagrun for 01_master_processing_pipeline to 2026-03-06 00:00:00+00:00, run_after=2026-03-07 00:00:00+00:00
[2026-03-06T07:21:06.417+0000] {processor.py:208} INFO - Processing /opt/airflow/dags/master_processing_dag.py took 0.235 seconds
[2026-03-06T07:21:36.644+0000] {processor.py:186} INFO - Started process (PID=434) to work on /opt/airflow/dags/master_processing_dag.py
[2026-03-06T07:21:36.648+0000] {processor.py:914} INFO - Processing file /opt/airflow/dags/master_processing_dag.py for tasks to queue
[2026-03-06T07:21:36.651+0000] {logging_mixin.py:190} INFO - [2026-03-06T07:21:36.651+0000] {dagbag.py:588} INFO - Filling up the DagBag from /opt/airflow/dags/master_processing_dag.py
[2026-03-06T07:21:36.697+0000] {processor.py:925} INFO - DAG(s) '01_master_processing_pipeline' retrieved from /opt/airflow/dags/master_processing_dag.py
[2026-03-06T07:21:36.762+0000] {logging_mixin.py:190} INFO - [2026-03-06T07:21:36.762+0000] {dag.py:3239} INFO - Sync 1 DAGs
[2026-03-06T07:21:36.814+0000] {logging_mixin.py:190} INFO - [2026-03-06T07:21:36.814+0000] {dag.py:4180} INFO - Setting next_dagrun for 01_master_processing_pipeline to 2026-03-06 00:00:00+00:00, run_after=2026-03-07 00:00:00+00:00
[2026-03-06T07:21:36.897+0000] {processor.py:208} INFO - Processing /opt/airflow/dags/master_processing_dag.py took 0.274 seconds
[2026-03-06T07:22:07.258+0000] {processor.py:186} INFO - Started process (PID=505) to work on /opt/airflow/dags/master_processing_dag.py
[2026-03-06T07:22:07.263+0000] {processor.py:914} INFO - Processing file /opt/airflow/dags/master_processing_dag.py for tasks to queue
[2026-03-06T07:22:07.303+0000] {logging_mixin.py:190} INFO - [2026-03-06T07:22:07.303+0000] {dagbag.py:588} INFO - Filling up the DagBag from /opt/airflow/dags/master_processing_dag.py
[2026-03-06T07:22:07.474+0000] {processor.py:925} INFO - DAG(s) '01_master_processing_pipeline' retrieved from /opt/airflow/dags/master_processing_dag.py
[2026-03-06T07:22:07.763+0000] {logging_mixin.py:190} INFO - [2026-03-06T07:22:07.762+0000] {dag.py:3239} INFO - Sync 1 DAGs
[2026-03-06T07:22:07.942+0000] {logging_mixin.py:190} INFO - [2026-03-06T07:22:07.941+0000] {dag.py:4180} INFO - Setting next_dagrun for 01_master_processing_pipeline to 2026-03-06 00:00:00+00:00, run_after=2026-03-07 00:00:00+00:00
[2026-03-06T07:22:08.032+0000] {processor.py:208} INFO - Processing /opt/airflow/dags/master_processing_dag.py took 0.823 seconds
[2026-03-06T07:22:38.481+0000] {processor.py:186} INFO - Started process (PID=614) to work on /opt/airflow/dags/master_processing_dag.py
[2026-03-06T07:22:38.483+0000] {processor.py:914} INFO - Processing file /opt/airflow/dags/master_processing_dag.py for tasks to queue
[2026-03-06T07:22:38.489+0000] {logging_mixin.py:190} INFO - [2026-03-06T07:22:38.487+0000] {dagbag.py:588} INFO - Filling up the DagBag from /opt/airflow/dags/master_processing_dag.py
[2026-03-06T07:22:38.536+0000] {processor.py:925} INFO - DAG(s) '01_master_processing_pipeline' retrieved from /opt/airflow/dags/master_processing_dag.py
[2026-03-06T07:22:38.592+0000] {logging_mixin.py:190} INFO - [2026-03-06T07:22:38.591+0000] {dag.py:3239} INFO - Sync 1 DAGs
[2026-03-06T07:22:38.638+0000] {logging_mixin.py:190} INFO - [2026-03-06T07:22:38.637+0000] {dag.py:4180} INFO - Setting next_dagrun for 01_master_processing_pipeline to 2026-03-06 00:00:00+00:00, run_after=2026-03-07 00:00:00+00:00
[2026-03-06T07:22:38.670+0000] {processor.py:208} INFO - Processing /opt/airflow/dags/master_processing_dag.py took 0.204 seconds
[2026-03-06T07:23:09.551+0000] {processor.py:186} INFO - Started process (PID=624) to work on /opt/airflow/dags/master_processing_dag.py
[2026-03-06T07:23:09.557+0000] {processor.py:914} INFO - Processing file /opt/airflow/dags/master_processing_dag.py for tasks to queue
[2026-03-06T07:23:09.561+0000] {logging_mixin.py:190} INFO - [2026-03-06T07:23:09.560+0000] {dagbag.py:588} INFO - Filling up the DagBag from /opt/airflow/dags/master_processing_dag.py
[2026-03-06T07:23:09.612+0000] {processor.py:925} INFO - DAG(s) '01_master_processing_pipeline' retrieved from /opt/airflow/dags/master_processing_dag.py
[2026-03-06T07:23:09.676+0000] {logging_mixin.py:190} INFO - [2026-03-06T07:23:09.676+0000] {dag.py:3239} INFO - Sync 1 DAGs
[2026-03-06T07:23:09.715+0000] {logging_mixin.py:190} INFO - [2026-03-06T07:23:09.715+0000] {dag.py:4180} INFO - Setting next_dagrun for 01_master_processing_pipeline to 2026-03-06 00:00:00+00:00, run_after=2026-03-07 00:00:00+00:00
[2026-03-06T07:23:09.752+0000] {processor.py:208} INFO - Processing /opt/airflow/dags/master_processing_dag.py took 0.209 seconds
[2026-03-06T07:23:40.208+0000] {processor.py:186} INFO - Started process (PID=634) to work on /opt/airflow/dags/master_processing_dag.py
[2026-03-06T07:23:40.209+0000] {processor.py:914} INFO - Processing file /opt/airflow/dags/master_processing_dag.py for tasks to queue
[2026-03-06T07:23:40.213+0000] {logging_mixin.py:190} INFO - [2026-03-06T07:23:40.212+0000] {dagbag.py:588} INFO - Filling up the DagBag from /opt/airflow/dags/master_processing_dag.py
[2026-03-06T07:23:40.240+0000] {processor.py:925} INFO - DAG(s) '01_master_processing_pipeline' retrieved from /opt/airflow/dags/master_processing_dag.py
[2026-03-06T07:23:40.277+0000] {logging_mixin.py:190} INFO - [2026-03-06T07:23:40.277+0000] {dag.py:3239} INFO - Sync 1 DAGs
[2026-03-06T07:23:40.306+0000] {logging_mixin.py:190} INFO - [2026-03-06T07:23:40.306+0000] {dag.py:4180} INFO - Setting next_dagrun for 01_master_processing_pipeline to 2026-03-06 00:00:00+00:00, run_after=2026-03-07 00:00:00+00:00
[2026-03-06T07:23:40.345+0000] {processor.py:208} INFO - Processing /opt/airflow/dags/master_processing_dag.py took 0.145 seconds
[2026-03-06T07:24:10.673+0000] {processor.py:186} INFO - Started process (PID=644) to work on /opt/airflow/dags/master_processing_dag.py
[2026-03-06T07:24:10.675+0000] {processor.py:914} INFO - Processing file /opt/airflow/dags/master_processing_dag.py for tasks to queue
[2026-03-06T07:24:10.679+0000] {logging_mixin.py:190} INFO - [2026-03-06T07:24:10.678+0000] {dagbag.py:588} INFO - Filling up the DagBag from /opt/airflow/dags/master_processing_dag.py
[2026-03-06T07:24:10.705+0000] {processor.py:925} INFO - DAG(s) '01_master_processing_pipeline' retrieved from /opt/airflow/dags/master_processing_dag.py
[2026-03-06T07:24:10.740+0000] {logging_mixin.py:190} INFO - [2026-03-06T07:24:10.740+0000] {dag.py:3239} INFO - Sync 1 DAGs
[2026-03-06T07:24:10.770+0000] {logging_mixin.py:190} INFO - [2026-03-06T07:24:10.770+0000] {dag.py:4180} INFO - Setting next_dagrun for 01_master_processing_pipeline to 2026-03-06 00:00:00+00:00, run_after=2026-03-07 00:00:00+00:00
[2026-03-06T07:24:10.814+0000] {processor.py:208} INFO - Processing /opt/airflow/dags/master_processing_dag.py took 0.150 seconds
[2026-03-06T07:24:41.098+0000] {processor.py:186} INFO - Started process (PID=654) to work on /opt/airflow/dags/master_processing_dag.py
[2026-03-06T07:24:41.100+0000] {processor.py:914} INFO - Processing file /opt/airflow/dags/master_processing_dag.py for tasks to queue
[2026-03-06T07:24:41.104+0000] {logging_mixin.py:190} INFO - [2026-03-06T07:24:41.103+0000] {dagbag.py:588} INFO - Filling up the DagBag from /opt/airflow/dags/master_processing_dag.py
[2026-03-06T07:24:41.140+0000] {processor.py:925} INFO - DAG(s) '01_master_processing_pipeline' retrieved from /opt/airflow/dags/master_processing_dag.py
[2026-03-06T07:24:41.182+0000] {logging_mixin.py:190} INFO - [2026-03-06T07:24:41.182+0000] {dag.py:3239} INFO - Sync 1 DAGs
[2026-03-06T07:24:41.215+0000] {logging_mixin.py:190} INFO - [2026-03-06T07:24:41.215+0000] {dag.py:4180} INFO - Setting next_dagrun for 01_master_processing_pipeline to 2026-03-06 00:00:00+00:00, run_after=2026-03-07 00:00:00+00:00
[2026-03-06T07:24:41.244+0000] {processor.py:208} INFO - Processing /opt/airflow/dags/master_processing_dag.py took 0.155 seconds
[2026-03-06T07:25:11.706+0000] {processor.py:186} INFO - Started process (PID=664) to work on /opt/airflow/dags/master_processing_dag.py
[2026-03-06T07:25:11.708+0000] {processor.py:914} INFO - Processing file /opt/airflow/dags/master_processing_dag.py for tasks to queue
[2026-03-06T07:25:11.712+0000] {logging_mixin.py:190} INFO - [2026-03-06T07:25:11.711+0000] {dagbag.py:588} INFO - Filling up the DagBag from /opt/airflow/dags/master_processing_dag.py
[2026-03-06T07:25:11.738+0000] {processor.py:925} INFO - DAG(s) '01_master_processing_pipeline' retrieved from /opt/airflow/dags/master_processing_dag.py
[2026-03-06T07:25:11.776+0000] {logging_mixin.py:190} INFO - [2026-03-06T07:25:11.775+0000] {dag.py:3239} INFO - Sync 1 DAGs
[2026-03-06T07:25:11.805+0000] {logging_mixin.py:190} INFO - [2026-03-06T07:25:11.804+0000] {dag.py:4180} INFO - Setting next_dagrun for 01_master_processing_pipeline to 2026-03-06 00:00:00+00:00, run_after=2026-03-07 00:00:00+00:00
[2026-03-06T07:25:11.833+0000] {processor.py:208} INFO - Processing /opt/airflow/dags/master_processing_dag.py took 0.135 seconds
[2026-03-06T07:25:42.139+0000] {processor.py:186} INFO - Started process (PID=674) to work on /opt/airflow/dags/master_processing_dag.py
[2026-03-06T07:25:42.140+0000] {processor.py:914} INFO - Processing file /opt/airflow/dags/master_processing_dag.py for tasks to queue
[2026-03-06T07:25:42.143+0000] {logging_mixin.py:190} INFO - [2026-03-06T07:25:42.143+0000] {dagbag.py:588} INFO - Filling up the DagBag from /opt/airflow/dags/master_processing_dag.py
[2026-03-06T07:25:42.172+0000] {processor.py:925} INFO - DAG(s) '01_master_processing_pipeline' retrieved from /opt/airflow/dags/master_processing_dag.py
[2026-03-06T07:25:42.212+0000] {logging_mixin.py:190} INFO - [2026-03-06T07:25:42.212+0000] {dag.py:3239} INFO - Sync 1 DAGs
[2026-03-06T07:25:42.245+0000] {logging_mixin.py:190} INFO - [2026-03-06T07:25:42.245+0000] {dag.py:4180} INFO - Setting next_dagrun for 01_master_processing_pipeline to 2026-03-06 00:00:00+00:00, run_after=2026-03-07 00:00:00+00:00
[2026-03-06T07:25:42.273+0000] {processor.py:208} INFO - Processing /opt/airflow/dags/master_processing_dag.py took 0.142 seconds
[2026-03-06T07:26:12.657+0000] {processor.py:186} INFO - Started process (PID=684) to work on /opt/airflow/dags/master_processing_dag.py
[2026-03-06T07:26:12.659+0000] {processor.py:914} INFO - Processing file /opt/airflow/dags/master_processing_dag.py for tasks to queue
[2026-03-06T07:26:12.662+0000] {logging_mixin.py:190} INFO - [2026-03-06T07:26:12.662+0000] {dagbag.py:588} INFO - Filling up the DagBag from /opt/airflow/dags/master_processing_dag.py
[2026-03-06T07:26:12.687+0000] {processor.py:925} INFO - DAG(s) '01_master_processing_pipeline' retrieved from /opt/airflow/dags/master_processing_dag.py
[2026-03-06T07:26:12.730+0000] {logging_mixin.py:190} INFO - [2026-03-06T07:26:12.729+0000] {dag.py:3239} INFO - Sync 1 DAGs
[2026-03-06T07:26:12.769+0000] {logging_mixin.py:190} INFO - [2026-03-06T07:26:12.769+0000] {dag.py:4180} INFO - Setting next_dagrun for 01_master_processing_pipeline to 2026-03-06 00:00:00+00:00, run_after=2026-03-07 00:00:00+00:00
[2026-03-06T07:26:12.804+0000] {processor.py:208} INFO - Processing /opt/airflow/dags/master_processing_dag.py took 0.154 seconds
[2026-03-06T07:26:43.727+0000] {processor.py:186} INFO - Started process (PID=694) to work on /opt/airflow/dags/master_processing_dag.py
[2026-03-06T07:26:43.729+0000] {processor.py:914} INFO - Processing file /opt/airflow/dags/master_processing_dag.py for tasks to queue
[2026-03-06T07:26:43.733+0000] {logging_mixin.py:190} INFO - [2026-03-06T07:26:43.733+0000] {dagbag.py:588} INFO - Filling up the DagBag from /opt/airflow/dags/master_processing_dag.py
[2026-03-06T07:26:43.765+0000] {processor.py:925} INFO - DAG(s) '01_master_processing_pipeline' retrieved from /opt/airflow/dags/master_processing_dag.py
[2026-03-06T07:26:43.800+0000] {logging_mixin.py:190} INFO - [2026-03-06T07:26:43.800+0000] {dag.py:3239} INFO - Sync 1 DAGs
[2026-03-06T07:26:43.831+0000] {logging_mixin.py:190} INFO - [2026-03-06T07:26:43.831+0000] {dag.py:4180} INFO - Setting next_dagrun for 01_master_processing_pipeline to 2026-03-06 00:00:00+00:00, run_after=2026-03-07 00:00:00+00:00
[2026-03-06T07:26:43.865+0000] {processor.py:208} INFO - Processing /opt/airflow/dags/master_processing_dag.py took 0.149 seconds
[2026-03-06T07:27:14.132+0000] {processor.py:186} INFO - Started process (PID=704) to work on /opt/airflow/dags/master_processing_dag.py
[2026-03-06T07:27:14.134+0000] {processor.py:914} INFO - Processing file /opt/airflow/dags/master_processing_dag.py for tasks to queue
[2026-03-06T07:27:14.137+0000] {logging_mixin.py:190} INFO - [2026-03-06T07:27:14.137+0000] {dagbag.py:588} INFO - Filling up the DagBag from /opt/airflow/dags/master_processing_dag.py
[2026-03-06T07:27:14.163+0000] {processor.py:925} INFO - DAG(s) '01_master_processing_pipeline' retrieved from /opt/airflow/dags/master_processing_dag.py
[2026-03-06T07:27:14.198+0000] {logging_mixin.py:190} INFO - [2026-03-06T07:27:14.198+0000] {dag.py:3239} INFO - Sync 1 DAGs
[2026-03-06T07:27:14.227+0000] {logging_mixin.py:190} INFO - [2026-03-06T07:27:14.227+0000] {dag.py:4180} INFO - Setting next_dagrun for 01_master_processing_pipeline to 2026-03-06 00:00:00+00:00, run_after=2026-03-07 00:00:00+00:00
[2026-03-06T07:27:14.256+0000] {processor.py:208} INFO - Processing /opt/airflow/dags/master_processing_dag.py took 0.130 seconds
[2026-03-06T07:27:44.645+0000] {processor.py:186} INFO - Started process (PID=714) to work on /opt/airflow/dags/master_processing_dag.py
[2026-03-06T07:27:44.647+0000] {processor.py:914} INFO - Processing file /opt/airflow/dags/master_processing_dag.py for tasks to queue
[2026-03-06T07:27:44.650+0000] {logging_mixin.py:190} INFO - [2026-03-06T07:27:44.650+0000] {dagbag.py:588} INFO - Filling up the DagBag from /opt/airflow/dags/master_processing_dag.py
[2026-03-06T07:27:44.674+0000] {processor.py:925} INFO - DAG(s) '01_master_processing_pipeline' retrieved from /opt/airflow/dags/master_processing_dag.py
[2026-03-06T07:27:44.707+0000] {logging_mixin.py:190} INFO - [2026-03-06T07:27:44.707+0000] {dag.py:3239} INFO - Sync 1 DAGs
[2026-03-06T07:27:44.736+0000] {logging_mixin.py:190} INFO - [2026-03-06T07:27:44.735+0000] {dag.py:4180} INFO - Setting next_dagrun for 01_master_processing_pipeline to 2026-03-06 00:00:00+00:00, run_after=2026-03-07 00:00:00+00:00
[2026-03-06T07:27:44.764+0000] {processor.py:208} INFO - Processing /opt/airflow/dags/master_processing_dag.py took 0.126 seconds
[2026-03-06T07:28:15.190+0000] {processor.py:186} INFO - Started process (PID=888) to work on /opt/airflow/dags/master_processing_dag.py
[2026-03-06T07:28:15.192+0000] {processor.py:914} INFO - Processing file /opt/airflow/dags/master_processing_dag.py for tasks to queue
[2026-03-06T07:28:15.195+0000] {logging_mixin.py:190} INFO - [2026-03-06T07:28:15.194+0000] {dagbag.py:588} INFO - Filling up the DagBag from /opt/airflow/dags/master_processing_dag.py
[2026-03-06T07:28:15.222+0000] {processor.py:925} INFO - DAG(s) '01_master_processing_pipeline' retrieved from /opt/airflow/dags/master_processing_dag.py
[2026-03-06T07:28:15.273+0000] {logging_mixin.py:190} INFO - [2026-03-06T07:28:15.273+0000] {dag.py:3239} INFO - Sync 1 DAGs
[2026-03-06T07:28:15.311+0000] {logging_mixin.py:190} INFO - [2026-03-06T07:28:15.310+0000] {dag.py:4180} INFO - Setting next_dagrun for 01_master_processing_pipeline to 2026-03-06 00:00:00+00:00, run_after=2026-03-07 00:00:00+00:00
[2026-03-06T07:28:15.352+0000] {processor.py:208} INFO - Processing /opt/airflow/dags/master_processing_dag.py took 0.173 seconds
[2026-03-06T07:28:45.600+0000] {processor.py:186} INFO - Started process (PID=898) to work on /opt/airflow/dags/master_processing_dag.py
[2026-03-06T07:28:45.602+0000] {processor.py:914} INFO - Processing file /opt/airflow/dags/master_processing_dag.py for tasks to queue
[2026-03-06T07:28:45.608+0000] {logging_mixin.py:190} INFO - [2026-03-06T07:28:45.607+0000] {dagbag.py:588} INFO - Filling up the DagBag from /opt/airflow/dags/master_processing_dag.py
[2026-03-06T07:28:45.648+0000] {processor.py:925} INFO - DAG(s) '01_master_processing_pipeline' retrieved from /opt/airflow/dags/master_processing_dag.py
[2026-03-06T07:28:45.689+0000] {logging_mixin.py:190} INFO - [2026-03-06T07:28:45.689+0000] {dag.py:3239} INFO - Sync 1 DAGs
[2026-03-06T07:28:45.724+0000] {logging_mixin.py:190} INFO - [2026-03-06T07:28:45.723+0000] {dag.py:4180} INFO - Setting next_dagrun for 01_master_processing_pipeline to 2026-03-06 00:00:00+00:00, run_after=2026-03-07 00:00:00+00:00
[2026-03-06T07:28:45.757+0000] {processor.py:208} INFO - Processing /opt/airflow/dags/master_processing_dag.py took 0.182 seconds
[2026-03-06T07:29:16.147+0000] {processor.py:186} INFO - Started process (PID=908) to work on /opt/airflow/dags/master_processing_dag.py
[2026-03-06T07:29:16.148+0000] {processor.py:914} INFO - Processing file /opt/airflow/dags/master_processing_dag.py for tasks to queue
[2026-03-06T07:29:16.151+0000] {logging_mixin.py:190} INFO - [2026-03-06T07:29:16.151+0000] {dagbag.py:588} INFO - Filling up the DagBag from /opt/airflow/dags/master_processing_dag.py
[2026-03-06T07:29:16.175+0000] {processor.py:925} INFO - DAG(s) '01_master_processing_pipeline' retrieved from /opt/airflow/dags/master_processing_dag.py
[2026-03-06T07:29:16.210+0000] {logging_mixin.py:190} INFO - [2026-03-06T07:29:16.209+0000] {dag.py:3239} INFO - Sync 1 DAGs
[2026-03-06T07:29:16.253+0000] {logging_mixin.py:190} INFO - [2026-03-06T07:29:16.253+0000] {dag.py:4180} INFO - Setting next_dagrun for 01_master_processing_pipeline to 2026-03-06 00:00:00+00:00, run_after=2026-03-07 00:00:00+00:00
[2026-03-06T07:29:16.285+0000] {processor.py:208} INFO - Processing /opt/airflow/dags/master_processing_dag.py took 0.145 seconds
[2026-03-06T07:29:46.758+0000] {processor.py:186} INFO - Started process (PID=918) to work on /opt/airflow/dags/master_processing_dag.py
[2026-03-06T07:29:46.759+0000] {processor.py:914} INFO - Processing file /opt/airflow/dags/master_processing_dag.py for tasks to queue
[2026-03-06T07:29:46.763+0000] {logging_mixin.py:190} INFO - [2026-03-06T07:29:46.762+0000] {dagbag.py:588} INFO - Filling up the DagBag from /opt/airflow/dags/master_processing_dag.py
[2026-03-06T07:29:46.794+0000] {processor.py:925} INFO - DAG(s) '01_master_processing_pipeline' retrieved from /opt/airflow/dags/master_processing_dag.py
[2026-03-06T07:29:46.832+0000] {logging_mixin.py:190} INFO - [2026-03-06T07:29:46.832+0000] {dag.py:3239} INFO - Sync 1 DAGs
[2026-03-06T07:29:46.870+0000] {logging_mixin.py:190} INFO - [2026-03-06T07:29:46.870+0000] {dag.py:4180} INFO - Setting next_dagrun for 01_master_processing_pipeline to 2026-03-06 00:00:00+00:00, run_after=2026-03-07 00:00:00+00:00
[2026-03-06T07:29:46.900+0000] {processor.py:208} INFO - Processing /opt/airflow/dags/master_processing_dag.py took 0.150 seconds
[2026-03-06T07:30:17.208+0000] {processor.py:186} INFO - Started process (PID=928) to work on /opt/airflow/dags/master_processing_dag.py
[2026-03-06T07:30:17.209+0000] {processor.py:914} INFO - Processing file /opt/airflow/dags/master_processing_dag.py for tasks to queue
[2026-03-06T07:30:17.214+0000] {logging_mixin.py:190} INFO - [2026-03-06T07:30:17.213+0000] {dagbag.py:588} INFO - Filling up the DagBag from /opt/airflow/dags/master_processing_dag.py
[2026-03-06T07:30:17.253+0000] {processor.py:925} INFO - DAG(s) '01_master_processing_pipeline' retrieved from /opt/airflow/dags/master_processing_dag.py
[2026-03-06T07:30:17.290+0000] {logging_mixin.py:190} INFO - [2026-03-06T07:30:17.290+0000] {dag.py:3239} INFO - Sync 1 DAGs
[2026-03-06T07:30:17.320+0000] {logging_mixin.py:190} INFO - [2026-03-06T07:30:17.319+0000] {dag.py:4180} INFO - Setting next_dagrun for 01_master_processing_pipeline to 2026-03-06 00:00:00+00:00, run_after=2026-03-07 00:00:00+00:00
[2026-03-06T07:30:17.351+0000] {processor.py:208} INFO - Processing /opt/airflow/dags/master_processing_dag.py took 0.151 seconds
[2026-03-06T07:30:47.684+0000] {processor.py:186} INFO - Started process (PID=938) to work on /opt/airflow/dags/master_processing_dag.py
[2026-03-06T07:30:47.685+0000] {processor.py:914} INFO - Processing file /opt/airflow/dags/master_processing_dag.py for tasks to queue
[2026-03-06T07:30:47.689+0000] {logging_mixin.py:190} INFO - [2026-03-06T07:30:47.688+0000] {dagbag.py:588} INFO - Filling up the DagBag from /opt/airflow/dags/master_processing_dag.py
[2026-03-06T07:30:47.722+0000] {processor.py:925} INFO - DAG(s) '01_master_processing_pipeline' retrieved from /opt/airflow/dags/master_processing_dag.py
[2026-03-06T07:30:47.759+0000] {logging_mixin.py:190} INFO - [2026-03-06T07:30:47.759+0000] {dag.py:3239} INFO - Sync 1 DAGs
[2026-03-06T07:30:47.786+0000] {logging_mixin.py:190} INFO - [2026-03-06T07:30:47.786+0000] {dag.py:4180} INFO - Setting next_dagrun for 01_master_processing_pipeline to 2026-03-06 00:00:00+00:00, run_after=2026-03-07 00:00:00+00:00
[2026-03-06T07:30:47.815+0000] {processor.py:208} INFO - Processing /opt/airflow/dags/master_processing_dag.py took 0.138 seconds
[2026-03-06T07:31:18.260+0000] {processor.py:186} INFO - Started process (PID=948) to work on /opt/airflow/dags/master_processing_dag.py
[2026-03-06T07:31:18.261+0000] {processor.py:914} INFO - Processing file /opt/airflow/dags/master_processing_dag.py for tasks to queue
[2026-03-06T07:31:18.264+0000] {logging_mixin.py:190} INFO - [2026-03-06T07:31:18.263+0000] {dagbag.py:588} INFO - Filling up the DagBag from /opt/airflow/dags/master_processing_dag.py
[2026-03-06T07:31:18.287+0000] {processor.py:925} INFO - DAG(s) '01_master_processing_pipeline' retrieved from /opt/airflow/dags/master_processing_dag.py
[2026-03-06T07:31:18.325+0000] {logging_mixin.py:190} INFO - [2026-03-06T07:31:18.325+0000] {dag.py:3239} INFO - Sync 1 DAGs
[2026-03-06T07:31:18.355+0000] {logging_mixin.py:190} INFO - [2026-03-06T07:31:18.354+0000] {dag.py:4180} INFO - Setting next_dagrun for 01_master_processing_pipeline to 2026-03-06 00:00:00+00:00, run_after=2026-03-07 00:00:00+00:00
[2026-03-06T07:31:18.386+0000] {processor.py:208} INFO - Processing /opt/airflow/dags/master_processing_dag.py took 0.134 seconds
[2026-03-06T07:31:48.672+0000] {processor.py:186} INFO - Started process (PID=958) to work on /opt/airflow/dags/master_processing_dag.py
[2026-03-06T07:31:48.673+0000] {processor.py:914} INFO - Processing file /opt/airflow/dags/master_processing_dag.py for tasks to queue
[2026-03-06T07:31:48.677+0000] {logging_mixin.py:190} INFO - [2026-03-06T07:31:48.676+0000] {dagbag.py:588} INFO - Filling up the DagBag from /opt/airflow/dags/master_processing_dag.py
[2026-03-06T07:31:48.702+0000] {processor.py:925} INFO - DAG(s) '01_master_processing_pipeline' retrieved from /opt/airflow/dags/master_processing_dag.py
[2026-03-06T07:31:48.740+0000] {logging_mixin.py:190} INFO - [2026-03-06T07:31:48.739+0000] {dag.py:3239} INFO - Sync 1 DAGs
[2026-03-06T07:31:48.777+0000] {logging_mixin.py:190} INFO - [2026-03-06T07:31:48.776+0000] {dag.py:4180} INFO - Setting next_dagrun for 01_master_processing_pipeline to 2026-03-06 00:00:00+00:00, run_after=2026-03-07 00:00:00+00:00
[2026-03-06T07:31:48.807+0000] {processor.py:208} INFO - Processing /opt/airflow/dags/master_processing_dag.py took 0.143 seconds
[2026-03-06T07:32:19.289+0000] {processor.py:186} INFO - Started process (PID=968) to work on /opt/airflow/dags/master_processing_dag.py
[2026-03-06T07:32:19.290+0000] {processor.py:914} INFO - Processing file /opt/airflow/dags/master_processing_dag.py for tasks to queue
[2026-03-06T07:32:19.293+0000] {logging_mixin.py:190} INFO - [2026-03-06T07:32:19.293+0000] {dagbag.py:588} INFO - Filling up the DagBag from /opt/airflow/dags/master_processing_dag.py
[2026-03-06T07:32:19.318+0000] {processor.py:925} INFO - DAG(s) '01_master_processing_pipeline' retrieved from /opt/airflow/dags/master_processing_dag.py
[2026-03-06T07:32:19.351+0000] {logging_mixin.py:190} INFO - [2026-03-06T07:32:19.351+0000] {dag.py:3239} INFO - Sync 1 DAGs
[2026-03-06T07:32:19.379+0000] {logging_mixin.py:190} INFO - [2026-03-06T07:32:19.379+0000] {dag.py:4180} INFO - Setting next_dagrun for 01_master_processing_pipeline to 2026-03-06 00:00:00+00:00, run_after=2026-03-07 00:00:00+00:00
[2026-03-06T07:32:19.409+0000] {processor.py:208} INFO - Processing /opt/airflow/dags/master_processing_dag.py took 0.128 seconds
[2026-03-06T07:32:49.734+0000] {processor.py:186} INFO - Started process (PID=978) to work on /opt/airflow/dags/master_processing_dag.py
[2026-03-06T07:32:49.735+0000] {processor.py:914} INFO - Processing file /opt/airflow/dags/master_processing_dag.py for tasks to queue
[2026-03-06T07:32:49.738+0000] {logging_mixin.py:190} INFO - [2026-03-06T07:32:49.738+0000] {dagbag.py:588} INFO - Filling up the DagBag from /opt/airflow/dags/master_processing_dag.py
[2026-03-06T07:32:49.763+0000] {processor.py:925} INFO - DAG(s) '01_master_processing_pipeline' retrieved from /opt/airflow/dags/master_processing_dag.py
[2026-03-06T07:32:49.797+0000] {logging_mixin.py:190} INFO - [2026-03-06T07:32:49.797+0000] {dag.py:3239} INFO - Sync 1 DAGs
[2026-03-06T07:32:49.827+0000] {logging_mixin.py:190} INFO - [2026-03-06T07:32:49.826+0000] {dag.py:4180} INFO - Setting next_dagrun for 01_master_processing_pipeline to 2026-03-06 00:00:00+00:00, run_after=2026-03-07 00:00:00+00:00
[2026-03-06T07:32:49.858+0000] {processor.py:208} INFO - Processing /opt/airflow/dags/master_processing_dag.py took 0.131 seconds
[2026-03-06T07:33:20.197+0000] {processor.py:186} INFO - Started process (PID=1059) to work on /opt/airflow/dags/master_processing_dag.py
[2026-03-06T07:33:20.199+0000] {processor.py:914} INFO - Processing file /opt/airflow/dags/master_processing_dag.py for tasks to queue
[2026-03-06T07:33:20.206+0000] {logging_mixin.py:190} INFO - [2026-03-06T07:33:20.205+0000] {dagbag.py:588} INFO - Filling up the DagBag from /opt/airflow/dags/master_processing_dag.py
[2026-03-06T07:33:20.275+0000] {processor.py:925} INFO - DAG(s) '01_master_processing_pipeline' retrieved from /opt/airflow/dags/master_processing_dag.py
[2026-03-06T07:33:20.352+0000] {logging_mixin.py:190} INFO - [2026-03-06T07:33:20.352+0000] {dag.py:3239} INFO - Sync 1 DAGs
[2026-03-06T07:33:20.473+0000] {logging_mixin.py:190} INFO - [2026-03-06T07:33:20.472+0000] {dag.py:4180} INFO - Setting next_dagrun for 01_master_processing_pipeline to 2026-03-06 00:00:00+00:00, run_after=2026-03-07 00:00:00+00:00
[2026-03-06T07:33:20.524+0000] {processor.py:208} INFO - Processing /opt/airflow/dags/master_processing_dag.py took 0.344 seconds
[2026-03-06T07:33:50.652+0000] {processor.py:186} INFO - Started process (PID=1158) to work on /opt/airflow/dags/master_processing_dag.py
[2026-03-06T07:33:50.654+0000] {processor.py:914} INFO - Processing file /opt/airflow/dags/master_processing_dag.py for tasks to queue
[2026-03-06T07:33:50.661+0000] {logging_mixin.py:190} INFO - [2026-03-06T07:33:50.660+0000] {dagbag.py:588} INFO - Filling up the DagBag from /opt/airflow/dags/master_processing_dag.py
[2026-03-06T07:33:50.698+0000] {processor.py:925} INFO - DAG(s) '01_master_processing_pipeline' retrieved from /opt/airflow/dags/master_processing_dag.py
[2026-03-06T07:33:50.747+0000] {logging_mixin.py:190} INFO - [2026-03-06T07:33:50.746+0000] {dag.py:3239} INFO - Sync 1 DAGs
[2026-03-06T07:33:50.785+0000] {logging_mixin.py:190} INFO - [2026-03-06T07:33:50.785+0000] {dag.py:4180} INFO - Setting next_dagrun for 01_master_processing_pipeline to 2026-03-06 00:00:00+00:00, run_after=2026-03-07 00:00:00+00:00
[2026-03-06T07:33:50.810+0000] {processor.py:208} INFO - Processing /opt/airflow/dags/master_processing_dag.py took 0.170 seconds
[2026-03-06T07:34:21.055+0000] {processor.py:186} INFO - Started process (PID=1168) to work on /opt/airflow/dags/master_processing_dag.py
[2026-03-06T07:34:21.058+0000] {processor.py:914} INFO - Processing file /opt/airflow/dags/master_processing_dag.py for tasks to queue
[2026-03-06T07:34:21.063+0000] {logging_mixin.py:190} INFO - [2026-03-06T07:34:21.063+0000] {dagbag.py:588} INFO - Filling up the DagBag from /opt/airflow/dags/master_processing_dag.py
[2026-03-06T07:34:21.098+0000] {processor.py:925} INFO - DAG(s) '01_master_processing_pipeline' retrieved from /opt/airflow/dags/master_processing_dag.py
[2026-03-06T07:34:21.138+0000] {logging_mixin.py:190} INFO - [2026-03-06T07:34:21.137+0000] {dag.py:3239} INFO - Sync 1 DAGs
[2026-03-06T07:34:21.172+0000] {logging_mixin.py:190} INFO - [2026-03-06T07:34:21.171+0000] {dag.py:4180} INFO - Setting next_dagrun for 01_master_processing_pipeline to 2026-03-06 00:00:00+00:00, run_after=2026-03-07 00:00:00+00:00
[2026-03-06T07:34:21.204+0000] {processor.py:208} INFO - Processing /opt/airflow/dags/master_processing_dag.py took 0.163 seconds
[2026-03-06T07:34:51.661+0000] {processor.py:186} INFO - Started process (PID=1178) to work on /opt/airflow/dags/master_processing_dag.py
[2026-03-06T07:34:51.663+0000] {processor.py:914} INFO - Processing file /opt/airflow/dags/master_processing_dag.py for tasks to queue
[2026-03-06T07:34:51.667+0000] {logging_mixin.py:190} INFO - [2026-03-06T07:34:51.667+0000] {dagbag.py:588} INFO - Filling up the DagBag from /opt/airflow/dags/master_processing_dag.py
[2026-03-06T07:34:51.696+0000] {processor.py:925} INFO - DAG(s) '01_master_processing_pipeline' retrieved from /opt/airflow/dags/master_processing_dag.py
[2026-03-06T07:34:51.727+0000] {logging_mixin.py:190} INFO - [2026-03-06T07:34:51.727+0000] {dag.py:3239} INFO - Sync 1 DAGs
[2026-03-06T07:34:51.769+0000] {logging_mixin.py:190} INFO - [2026-03-06T07:34:51.768+0000] {dag.py:4180} INFO - Setting next_dagrun for 01_master_processing_pipeline to 2026-03-06 00:00:00+00:00, run_after=2026-03-07 00:00:00+00:00
[2026-03-06T07:34:51.801+0000] {processor.py:208} INFO - Processing /opt/airflow/dags/master_processing_dag.py took 0.149 seconds
[2026-03-06T07:35:22.061+0000] {processor.py:186} INFO - Started process (PID=1188) to work on /opt/airflow/dags/master_processing_dag.py
[2026-03-06T07:35:22.063+0000] {processor.py:914} INFO - Processing file /opt/airflow/dags/master_processing_dag.py for tasks to queue
[2026-03-06T07:35:22.067+0000] {logging_mixin.py:190} INFO - [2026-03-06T07:35:22.067+0000] {dagbag.py:588} INFO - Filling up the DagBag from /opt/airflow/dags/master_processing_dag.py
[2026-03-06T07:35:22.095+0000] {processor.py:925} INFO - DAG(s) '01_master_processing_pipeline' retrieved from /opt/airflow/dags/master_processing_dag.py
[2026-03-06T07:35:22.132+0000] {logging_mixin.py:190} INFO - [2026-03-06T07:35:22.131+0000] {dag.py:3239} INFO - Sync 1 DAGs
[2026-03-06T07:35:22.159+0000] {logging_mixin.py:190} INFO - [2026-03-06T07:35:22.158+0000] {dag.py:4180} INFO - Setting next_dagrun for 01_master_processing_pipeline to 2026-03-06 00:00:00+00:00, run_after=2026-03-07 00:00:00+00:00
[2026-03-06T07:35:22.190+0000] {processor.py:208} INFO - Processing /opt/airflow/dags/master_processing_dag.py took 0.135 seconds
[2026-03-06T07:35:52.585+0000] {processor.py:186} INFO - Started process (PID=1198) to work on /opt/airflow/dags/master_processing_dag.py
[2026-03-06T07:35:52.587+0000] {processor.py:914} INFO - Processing file /opt/airflow/dags/master_processing_dag.py for tasks to queue
[2026-03-06T07:35:52.591+0000] {logging_mixin.py:190} INFO - [2026-03-06T07:35:52.590+0000] {dagbag.py:588} INFO - Filling up the DagBag from /opt/airflow/dags/master_processing_dag.py
[2026-03-06T07:35:52.624+0000] {processor.py:925} INFO - DAG(s) '01_master_processing_pipeline' retrieved from /opt/airflow/dags/master_processing_dag.py
[2026-03-06T07:35:52.662+0000] {logging_mixin.py:190} INFO - [2026-03-06T07:35:52.662+0000] {dag.py:3239} INFO - Sync 1 DAGs
[2026-03-06T07:35:52.692+0000] {logging_mixin.py:190} INFO - [2026-03-06T07:35:52.691+0000] {dag.py:4180} INFO - Setting next_dagrun for 01_master_processing_pipeline to 2026-03-06 00:00:00+00:00, run_after=2026-03-07 00:00:00+00:00
[2026-03-06T07:35:52.721+0000] {processor.py:208} INFO - Processing /opt/airflow/dags/master_processing_dag.py took 0.144 seconds
[2026-03-06T07:36:23.098+0000] {processor.py:186} INFO - Started process (PID=1208) to work on /opt/airflow/dags/master_processing_dag.py
[2026-03-06T07:36:23.101+0000] {processor.py:914} INFO - Processing file /opt/airflow/dags/master_processing_dag.py for tasks to queue
[2026-03-06T07:36:23.105+0000] {logging_mixin.py:190} INFO - [2026-03-06T07:36:23.105+0000] {dagbag.py:588} INFO - Filling up the DagBag from /opt/airflow/dags/master_processing_dag.py
[2026-03-06T07:36:23.151+0000] {processor.py:925} INFO - DAG(s) '01_master_processing_pipeline' retrieved from /opt/airflow/dags/master_processing_dag.py
[2026-03-06T07:36:23.190+0000] {logging_mixin.py:190} INFO - [2026-03-06T07:36:23.190+0000] {dag.py:3239} INFO - Sync 1 DAGs
[2026-03-06T07:36:23.219+0000] {logging_mixin.py:190} INFO - [2026-03-06T07:36:23.219+0000] {dag.py:4180} INFO - Setting next_dagrun for 01_master_processing_pipeline to 2026-03-06 00:00:00+00:00, run_after=2026-03-07 00:00:00+00:00
[2026-03-06T07:36:23.246+0000] {processor.py:208} INFO - Processing /opt/airflow/dags/master_processing_dag.py took 0.161 seconds
[2026-03-06T07:36:53.571+0000] {processor.py:186} INFO - Started process (PID=1218) to work on /opt/airflow/dags/master_processing_dag.py
[2026-03-06T07:36:53.572+0000] {processor.py:914} INFO - Processing file /opt/airflow/dags/master_processing_dag.py for tasks to queue
[2026-03-06T07:36:53.577+0000] {logging_mixin.py:190} INFO - [2026-03-06T07:36:53.576+0000] {dagbag.py:588} INFO - Filling up the DagBag from /opt/airflow/dags/master_processing_dag.py
[2026-03-06T07:36:53.605+0000] {processor.py:925} INFO - DAG(s) '01_master_processing_pipeline' retrieved from /opt/airflow/dags/master_processing_dag.py
[2026-03-06T07:36:53.643+0000] {logging_mixin.py:190} INFO - [2026-03-06T07:36:53.643+0000] {dag.py:3239} INFO - Sync 1 DAGs
[2026-03-06T07:36:53.674+0000] {logging_mixin.py:190} INFO - [2026-03-06T07:36:53.674+0000] {dag.py:4180} INFO - Setting next_dagrun for 01_master_processing_pipeline to 2026-03-06 00:00:00+00:00, run_after=2026-03-07 00:00:00+00:00
[2026-03-06T07:36:53.707+0000] {processor.py:208} INFO - Processing /opt/airflow/dags/master_processing_dag.py took 0.143 seconds
[2026-03-06T07:37:24.101+0000] {processor.py:186} INFO - Started process (PID=1228) to work on /opt/airflow/dags/master_processing_dag.py
[2026-03-06T07:37:24.102+0000] {processor.py:914} INFO - Processing file /opt/airflow/dags/master_processing_dag.py for tasks to queue
[2026-03-06T07:37:24.107+0000] {logging_mixin.py:190} INFO - [2026-03-06T07:37:24.106+0000] {dagbag.py:588} INFO - Filling up the DagBag from /opt/airflow/dags/master_processing_dag.py
[2026-03-06T07:37:24.143+0000] {processor.py:925} INFO - DAG(s) '01_master_processing_pipeline' retrieved from /opt/airflow/dags/master_processing_dag.py
[2026-03-06T07:37:24.189+0000] {logging_mixin.py:190} INFO - [2026-03-06T07:37:24.188+0000] {dag.py:3239} INFO - Sync 1 DAGs
[2026-03-06T07:37:24.223+0000] {logging_mixin.py:190} INFO - [2026-03-06T07:37:24.223+0000] {dag.py:4180} INFO - Setting next_dagrun for 01_master_processing_pipeline to 2026-03-06 00:00:00+00:00, run_after=2026-03-07 00:00:00+00:00
[2026-03-06T07:37:24.253+0000] {processor.py:208} INFO - Processing /opt/airflow/dags/master_processing_dag.py took 0.159 seconds
[2026-03-06T07:37:54.489+0000] {processor.py:186} INFO - Started process (PID=1238) to work on /opt/airflow/dags/master_processing_dag.py
[2026-03-06T07:37:54.492+0000] {processor.py:914} INFO - Processing file /opt/airflow/dags/master_processing_dag.py for tasks to queue
[2026-03-06T07:37:54.497+0000] {logging_mixin.py:190} INFO - [2026-03-06T07:37:54.496+0000] {dagbag.py:588} INFO - Filling up the DagBag from /opt/airflow/dags/master_processing_dag.py
[2026-03-06T07:37:54.535+0000] {processor.py:925} INFO - DAG(s) '01_master_processing_pipeline' retrieved from /opt/airflow/dags/master_processing_dag.py
[2026-03-06T07:37:54.576+0000] {logging_mixin.py:190} INFO - [2026-03-06T07:37:54.576+0000] {dag.py:3239} INFO - Sync 1 DAGs
[2026-03-06T07:37:54.610+0000] {logging_mixin.py:190} INFO - [2026-03-06T07:37:54.610+0000] {dag.py:4180} INFO - Setting next_dagrun for 01_master_processing_pipeline to 2026-03-06 00:00:00+00:00, run_after=2026-03-07 00:00:00+00:00
[2026-03-06T07:37:54.643+0000] {processor.py:208} INFO - Processing /opt/airflow/dags/master_processing_dag.py took 0.163 seconds
[2026-03-06T07:38:24.996+0000] {processor.py:186} INFO - Started process (PID=1248) to work on /opt/airflow/dags/master_processing_dag.py
[2026-03-06T07:38:24.998+0000] {processor.py:914} INFO - Processing file /opt/airflow/dags/master_processing_dag.py for tasks to queue
[2026-03-06T07:38:25.002+0000] {logging_mixin.py:190} INFO - [2026-03-06T07:38:25.002+0000] {dagbag.py:588} INFO - Filling up the DagBag from /opt/airflow/dags/master_processing_dag.py
[2026-03-06T07:38:25.034+0000] {processor.py:925} INFO - DAG(s) '01_master_processing_pipeline' retrieved from /opt/airflow/dags/master_processing_dag.py
[2026-03-06T07:38:25.078+0000] {logging_mixin.py:190} INFO - [2026-03-06T07:38:25.077+0000] {dag.py:3239} INFO - Sync 1 DAGs
[2026-03-06T07:38:25.111+0000] {logging_mixin.py:190} INFO - [2026-03-06T07:38:25.111+0000] {dag.py:4180} INFO - Setting next_dagrun for 01_master_processing_pipeline to 2026-03-06 00:00:00+00:00, run_after=2026-03-07 00:00:00+00:00
[2026-03-06T07:38:25.145+0000] {processor.py:208} INFO - Processing /opt/airflow/dags/master_processing_dag.py took 0.157 seconds
[2026-03-06T07:38:55.373+0000] {processor.py:186} INFO - Started process (PID=1258) to work on /opt/airflow/dags/master_processing_dag.py
[2026-03-06T07:38:55.374+0000] {processor.py:914} INFO - Processing file /opt/airflow/dags/master_processing_dag.py for tasks to queue
[2026-03-06T07:38:55.378+0000] {logging_mixin.py:190} INFO - [2026-03-06T07:38:55.378+0000] {dagbag.py:588} INFO - Filling up the DagBag from /opt/airflow/dags/master_processing_dag.py
[2026-03-06T07:38:55.403+0000] {processor.py:925} INFO - DAG(s) '01_master_processing_pipeline' retrieved from /opt/airflow/dags/master_processing_dag.py
[2026-03-06T07:38:55.439+0000] {logging_mixin.py:190} INFO - [2026-03-06T07:38:55.438+0000] {dag.py:3239} INFO - Sync 1 DAGs
[2026-03-06T07:38:55.469+0000] {logging_mixin.py:190} INFO - [2026-03-06T07:38:55.469+0000] {dag.py:4180} INFO - Setting next_dagrun for 01_master_processing_pipeline to 2026-03-06 00:00:00+00:00, run_after=2026-03-07 00:00:00+00:00
[2026-03-06T07:38:55.509+0000] {processor.py:208} INFO - Processing /opt/airflow/dags/master_processing_dag.py took 0.142 seconds
[2026-03-06T07:39:25.870+0000] {processor.py:186} INFO - Started process (PID=1268) to work on /opt/airflow/dags/master_processing_dag.py
[2026-03-06T07:39:25.872+0000] {processor.py:914} INFO - Processing file /opt/airflow/dags/master_processing_dag.py for tasks to queue
[2026-03-06T07:39:25.875+0000] {logging_mixin.py:190} INFO - [2026-03-06T07:39:25.874+0000] {dagbag.py:588} INFO - Filling up the DagBag from /opt/airflow/dags/master_processing_dag.py
[2026-03-06T07:39:25.899+0000] {processor.py:925} INFO - DAG(s) '01_master_processing_pipeline' retrieved from /opt/airflow/dags/master_processing_dag.py
[2026-03-06T07:39:25.934+0000] {logging_mixin.py:190} INFO - [2026-03-06T07:39:25.933+0000] {dag.py:3239} INFO - Sync 1 DAGs
[2026-03-06T07:39:25.965+0000] {logging_mixin.py:190} INFO - [2026-03-06T07:39:25.965+0000] {dag.py:4180} INFO - Setting next_dagrun for 01_master_processing_pipeline to 2026-03-06 00:00:00+00:00, run_after=2026-03-07 00:00:00+00:00
[2026-03-06T07:39:25.995+0000] {processor.py:208} INFO - Processing /opt/airflow/dags/master_processing_dag.py took 0.132 seconds
[2026-03-06T07:39:56.320+0000] {processor.py:186} INFO - Started process (PID=1278) to work on /opt/airflow/dags/master_processing_dag.py
[2026-03-06T07:39:56.321+0000] {processor.py:914} INFO - Processing file /opt/airflow/dags/master_processing_dag.py for tasks to queue
[2026-03-06T07:39:56.323+0000] {logging_mixin.py:190} INFO - [2026-03-06T07:39:56.323+0000] {dagbag.py:588} INFO - Filling up the DagBag from /opt/airflow/dags/master_processing_dag.py
[2026-03-06T07:39:56.346+0000] {processor.py:925} INFO - DAG(s) '01_master_processing_pipeline' retrieved from /opt/airflow/dags/master_processing_dag.py
[2026-03-06T07:39:56.382+0000] {logging_mixin.py:190} INFO - [2026-03-06T07:39:56.381+0000] {dag.py:3239} INFO - Sync 1 DAGs
[2026-03-06T07:39:56.411+0000] {logging_mixin.py:190} INFO - [2026-03-06T07:39:56.411+0000] {dag.py:4180} INFO - Setting next_dagrun for 01_master_processing_pipeline to 2026-03-06 00:00:00+00:00, run_after=2026-03-07 00:00:00+00:00
[2026-03-06T07:39:56.439+0000] {processor.py:208} INFO - Processing /opt/airflow/dags/master_processing_dag.py took 0.126 seconds
[2026-03-06T07:40:26.869+0000] {processor.py:186} INFO - Started process (PID=1288) to work on /opt/airflow/dags/master_processing_dag.py
[2026-03-06T07:40:26.870+0000] {processor.py:914} INFO - Processing file /opt/airflow/dags/master_processing_dag.py for tasks to queue
[2026-03-06T07:40:26.873+0000] {logging_mixin.py:190} INFO - [2026-03-06T07:40:26.873+0000] {dagbag.py:588} INFO - Filling up the DagBag from /opt/airflow/dags/master_processing_dag.py
[2026-03-06T07:40:26.898+0000] {processor.py:925} INFO - DAG(s) '01_master_processing_pipeline' retrieved from /opt/airflow/dags/master_processing_dag.py
[2026-03-06T07:40:26.935+0000] {logging_mixin.py:190} INFO - [2026-03-06T07:40:26.935+0000] {dag.py:3239} INFO - Sync 1 DAGs
[2026-03-06T07:40:26.964+0000] {logging_mixin.py:190} INFO - [2026-03-06T07:40:26.964+0000] {dag.py:4180} INFO - Setting next_dagrun for 01_master_processing_pipeline to 2026-03-06 00:00:00+00:00, run_after=2026-03-07 00:00:00+00:00
[2026-03-06T07:40:26.993+0000] {processor.py:208} INFO - Processing /opt/airflow/dags/master_processing_dag.py took 0.132 seconds
[2026-03-06T07:40:57.333+0000] {processor.py:186} INFO - Started process (PID=1298) to work on /opt/airflow/dags/master_processing_dag.py
[2026-03-06T07:40:57.335+0000] {processor.py:914} INFO - Processing file /opt/airflow/dags/master_processing_dag.py for tasks to queue
[2026-03-06T07:40:57.338+0000] {logging_mixin.py:190} INFO - [2026-03-06T07:40:57.338+0000] {dagbag.py:588} INFO - Filling up the DagBag from /opt/airflow/dags/master_processing_dag.py
[2026-03-06T07:40:57.364+0000] {processor.py:925} INFO - DAG(s) '01_master_processing_pipeline' retrieved from /opt/airflow/dags/master_processing_dag.py
[2026-03-06T07:40:57.396+0000] {logging_mixin.py:190} INFO - [2026-03-06T07:40:57.396+0000] {dag.py:3239} INFO - Sync 1 DAGs
[2026-03-06T07:40:57.424+0000] {logging_mixin.py:190} INFO - [2026-03-06T07:40:57.424+0000] {dag.py:4180} INFO - Setting next_dagrun for 01_master_processing_pipeline to 2026-03-06 00:00:00+00:00, run_after=2026-03-07 00:00:00+00:00
[2026-03-06T07:40:57.455+0000] {processor.py:208} INFO - Processing /opt/airflow/dags/master_processing_dag.py took 0.127 seconds
[2026-03-06T07:41:27.837+0000] {processor.py:186} INFO - Started process (PID=1308) to work on /opt/airflow/dags/master_processing_dag.py
[2026-03-06T07:41:27.838+0000] {processor.py:914} INFO - Processing file /opt/airflow/dags/master_processing_dag.py for tasks to queue
[2026-03-06T07:41:27.842+0000] {logging_mixin.py:190} INFO - [2026-03-06T07:41:27.842+0000] {dagbag.py:588} INFO - Filling up the DagBag from /opt/airflow/dags/master_processing_dag.py
[2026-03-06T07:41:27.869+0000] {processor.py:925} INFO - DAG(s) '01_master_processing_pipeline' retrieved from /opt/airflow/dags/master_processing_dag.py
[2026-03-06T07:41:27.904+0000] {logging_mixin.py:190} INFO - [2026-03-06T07:41:27.903+0000] {dag.py:3239} INFO - Sync 1 DAGs
[2026-03-06T07:41:27.933+0000] {logging_mixin.py:190} INFO - [2026-03-06T07:41:27.933+0000] {dag.py:4180} INFO - Setting next_dagrun for 01_master_processing_pipeline to 2026-03-06 00:00:00+00:00, run_after=2026-03-07 00:00:00+00:00
[2026-03-06T07:41:27.963+0000] {processor.py:208} INFO - Processing /opt/airflow/dags/master_processing_dag.py took 0.133 seconds
[2026-03-06T07:41:58.284+0000] {processor.py:186} INFO - Started process (PID=1318) to work on /opt/airflow/dags/master_processing_dag.py
[2026-03-06T07:41:58.285+0000] {processor.py:914} INFO - Processing file /opt/airflow/dags/master_processing_dag.py for tasks to queue
[2026-03-06T07:41:58.289+0000] {logging_mixin.py:190} INFO - [2026-03-06T07:41:58.289+0000] {dagbag.py:588} INFO - Filling up the DagBag from /opt/airflow/dags/master_processing_dag.py
[2026-03-06T07:41:58.319+0000] {processor.py:925} INFO - DAG(s) '01_master_processing_pipeline' retrieved from /opt/airflow/dags/master_processing_dag.py
[2026-03-06T07:41:58.361+0000] {logging_mixin.py:190} INFO - [2026-03-06T07:41:58.361+0000] {dag.py:3239} INFO - Sync 1 DAGs
[2026-03-06T07:41:58.390+0000] {logging_mixin.py:190} INFO - [2026-03-06T07:41:58.390+0000] {dag.py:4180} INFO - Setting next_dagrun for 01_master_processing_pipeline to 2026-03-06 00:00:00+00:00, run_after=2026-03-07 00:00:00+00:00
[2026-03-06T07:41:58.421+0000] {processor.py:208} INFO - Processing /opt/airflow/dags/master_processing_dag.py took 0.145 seconds
[2026-03-06T07:42:28.788+0000] {processor.py:186} INFO - Started process (PID=1328) to work on /opt/airflow/dags/master_processing_dag.py
[2026-03-06T07:42:28.789+0000] {processor.py:914} INFO - Processing file /opt/airflow/dags/master_processing_dag.py for tasks to queue
[2026-03-06T07:42:28.792+0000] {logging_mixin.py:190} INFO - [2026-03-06T07:42:28.792+0000] {dagbag.py:588} INFO - Filling up the DagBag from /opt/airflow/dags/master_processing_dag.py
[2026-03-06T07:42:28.820+0000] {processor.py:925} INFO - DAG(s) '01_master_processing_pipeline' retrieved from /opt/airflow/dags/master_processing_dag.py
[2026-03-06T07:42:28.854+0000] {logging_mixin.py:190} INFO - [2026-03-06T07:42:28.854+0000] {dag.py:3239} INFO - Sync 1 DAGs
[2026-03-06T07:42:28.881+0000] {logging_mixin.py:190} INFO - [2026-03-06T07:42:28.881+0000] {dag.py:4180} INFO - Setting next_dagrun for 01_master_processing_pipeline to 2026-03-06 00:00:00+00:00, run_after=2026-03-07 00:00:00+00:00
[2026-03-06T07:42:28.914+0000] {processor.py:208} INFO - Processing /opt/airflow/dags/master_processing_dag.py took 0.133 seconds
[2026-03-06T07:42:59.245+0000] {processor.py:186} INFO - Started process (PID=1338) to work on /opt/airflow/dags/master_processing_dag.py
[2026-03-06T07:42:59.246+0000] {processor.py:914} INFO - Processing file /opt/airflow/dags/master_processing_dag.py for tasks to queue
[2026-03-06T07:42:59.250+0000] {logging_mixin.py:190} INFO - [2026-03-06T07:42:59.249+0000] {dagbag.py:588} INFO - Filling up the DagBag from /opt/airflow/dags/master_processing_dag.py
[2026-03-06T07:42:59.279+0000] {processor.py:925} INFO - DAG(s) '01_master_processing_pipeline' retrieved from /opt/airflow/dags/master_processing_dag.py
[2026-03-06T07:42:59.315+0000] {logging_mixin.py:190} INFO - [2026-03-06T07:42:59.315+0000] {dag.py:3239} INFO - Sync 1 DAGs
[2026-03-06T07:42:59.342+0000] {logging_mixin.py:190} INFO - [2026-03-06T07:42:59.342+0000] {dag.py:4180} INFO - Setting next_dagrun for 01_master_processing_pipeline to 2026-03-06 00:00:00+00:00, run_after=2026-03-07 00:00:00+00:00
[2026-03-06T07:42:59.374+0000] {processor.py:208} INFO - Processing /opt/airflow/dags/master_processing_dag.py took 0.137 seconds
[2026-03-06T07:43:29.755+0000] {processor.py:186} INFO - Started process (PID=1348) to work on /opt/airflow/dags/master_processing_dag.py
[2026-03-06T07:43:29.757+0000] {processor.py:914} INFO - Processing file /opt/airflow/dags/master_processing_dag.py for tasks to queue
[2026-03-06T07:43:29.760+0000] {logging_mixin.py:190} INFO - [2026-03-06T07:43:29.760+0000] {dagbag.py:588} INFO - Filling up the DagBag from /opt/airflow/dags/master_processing_dag.py
[2026-03-06T07:43:29.788+0000] {processor.py:925} INFO - DAG(s) '01_master_processing_pipeline' retrieved from /opt/airflow/dags/master_processing_dag.py
[2026-03-06T07:43:29.827+0000] {logging_mixin.py:190} INFO - [2026-03-06T07:43:29.826+0000] {dag.py:3239} INFO - Sync 1 DAGs
[2026-03-06T07:43:29.867+0000] {logging_mixin.py:190} INFO - [2026-03-06T07:43:29.866+0000] {dag.py:4180} INFO - Setting next_dagrun for 01_master_processing_pipeline to 2026-03-06 00:00:00+00:00, run_after=2026-03-07 00:00:00+00:00
[2026-03-06T07:43:29.899+0000] {processor.py:208} INFO - Processing /opt/airflow/dags/master_processing_dag.py took 0.150 seconds
[2026-03-06T07:44:00.201+0000] {processor.py:186} INFO - Started process (PID=1358) to work on /opt/airflow/dags/master_processing_dag.py
[2026-03-06T07:44:00.203+0000] {processor.py:914} INFO - Processing file /opt/airflow/dags/master_processing_dag.py for tasks to queue
[2026-03-06T07:44:00.206+0000] {logging_mixin.py:190} INFO - [2026-03-06T07:44:00.205+0000] {dagbag.py:588} INFO - Filling up the DagBag from /opt/airflow/dags/master_processing_dag.py
[2026-03-06T07:44:00.230+0000] {processor.py:925} INFO - DAG(s) '01_master_processing_pipeline' retrieved from /opt/airflow/dags/master_processing_dag.py
[2026-03-06T07:44:00.264+0000] {logging_mixin.py:190} INFO - [2026-03-06T07:44:00.264+0000] {dag.py:3239} INFO - Sync 1 DAGs
[2026-03-06T07:44:00.294+0000] {logging_mixin.py:190} INFO - [2026-03-06T07:44:00.294+0000] {dag.py:4180} INFO - Setting next_dagrun for 01_master_processing_pipeline to 2026-03-06 00:00:00+00:00, run_after=2026-03-07 00:00:00+00:00
[2026-03-06T07:44:00.325+0000] {processor.py:208} INFO - Processing /opt/airflow/dags/master_processing_dag.py took 0.132 seconds
[2026-03-06T07:44:30.729+0000] {processor.py:186} INFO - Started process (PID=1368) to work on /opt/airflow/dags/master_processing_dag.py
[2026-03-06T07:44:30.730+0000] {processor.py:914} INFO - Processing file /opt/airflow/dags/master_processing_dag.py for tasks to queue
[2026-03-06T07:44:30.734+0000] {logging_mixin.py:190} INFO - [2026-03-06T07:44:30.734+0000] {dagbag.py:588} INFO - Filling up the DagBag from /opt/airflow/dags/master_processing_dag.py
[2026-03-06T07:44:30.760+0000] {processor.py:925} INFO - DAG(s) '01_master_processing_pipeline' retrieved from /opt/airflow/dags/master_processing_dag.py
[2026-03-06T07:44:30.796+0000] {logging_mixin.py:190} INFO - [2026-03-06T07:44:30.796+0000] {dag.py:3239} INFO - Sync 1 DAGs
[2026-03-06T07:44:30.839+0000] {logging_mixin.py:190} INFO - [2026-03-06T07:44:30.839+0000] {dag.py:4180} INFO - Setting next_dagrun for 01_master_processing_pipeline to 2026-03-06 00:00:00+00:00, run_after=2026-03-07 00:00:00+00:00
[2026-03-06T07:44:30.876+0000] {processor.py:208} INFO - Processing /opt/airflow/dags/master_processing_dag.py took 0.156 seconds
[2026-03-06T07:45:01.344+0000] {processor.py:186} INFO - Started process (PID=1378) to work on /opt/airflow/dags/master_processing_dag.py
[2026-03-06T07:45:01.346+0000] {processor.py:914} INFO - Processing file /opt/airflow/dags/master_processing_dag.py for tasks to queue
[2026-03-06T07:45:01.351+0000] {logging_mixin.py:190} INFO - [2026-03-06T07:45:01.350+0000] {dagbag.py:588} INFO - Filling up the DagBag from /opt/airflow/dags/master_processing_dag.py
[2026-03-06T07:45:01.391+0000] {processor.py:925} INFO - DAG(s) '01_master_processing_pipeline' retrieved from /opt/airflow/dags/master_processing_dag.py
[2026-03-06T07:45:01.433+0000] {logging_mixin.py:190} INFO - [2026-03-06T07:45:01.433+0000] {dag.py:3239} INFO - Sync 1 DAGs
[2026-03-06T07:45:01.466+0000] {logging_mixin.py:190} INFO - [2026-03-06T07:45:01.466+0000] {dag.py:4180} INFO - Setting next_dagrun for 01_master_processing_pipeline to 2026-03-06 00:00:00+00:00, run_after=2026-03-07 00:00:00+00:00
[2026-03-06T07:45:01.500+0000] {processor.py:208} INFO - Processing /opt/airflow/dags/master_processing_dag.py took 0.168 seconds
[2026-03-06T07:45:31.744+0000] {processor.py:186} INFO - Started process (PID=1388) to work on /opt/airflow/dags/master_processing_dag.py
[2026-03-06T07:45:31.746+0000] {processor.py:914} INFO - Processing file /opt/airflow/dags/master_processing_dag.py for tasks to queue
[2026-03-06T07:45:31.750+0000] {logging_mixin.py:190} INFO - [2026-03-06T07:45:31.750+0000] {dagbag.py:588} INFO - Filling up the DagBag from /opt/airflow/dags/master_processing_dag.py
[2026-03-06T07:45:31.783+0000] {processor.py:925} INFO - DAG(s) '01_master_processing_pipeline' retrieved from /opt/airflow/dags/master_processing_dag.py
[2026-03-06T07:45:31.824+0000] {logging_mixin.py:190} INFO - [2026-03-06T07:45:31.823+0000] {dag.py:3239} INFO - Sync 1 DAGs
[2026-03-06T07:45:31.857+0000] {logging_mixin.py:190} INFO - [2026-03-06T07:45:31.857+0000] {dag.py:4180} INFO - Setting next_dagrun for 01_master_processing_pipeline to 2026-03-06 00:00:00+00:00, run_after=2026-03-07 00:00:00+00:00
[2026-03-06T07:45:31.887+0000] {processor.py:208} INFO - Processing /opt/airflow/dags/master_processing_dag.py took 0.152 seconds
[2026-03-06T07:46:02.282+0000] {processor.py:186} INFO - Started process (PID=1398) to work on /opt/airflow/dags/master_processing_dag.py
[2026-03-06T07:46:02.284+0000] {processor.py:914} INFO - Processing file /opt/airflow/dags/master_processing_dag.py for tasks to queue
[2026-03-06T07:46:02.287+0000] {logging_mixin.py:190} INFO - [2026-03-06T07:46:02.287+0000] {dagbag.py:588} INFO - Filling up the DagBag from /opt/airflow/dags/master_processing_dag.py
[2026-03-06T07:46:02.315+0000] {processor.py:925} INFO - DAG(s) '01_master_processing_pipeline' retrieved from /opt/airflow/dags/master_processing_dag.py
[2026-03-06T07:46:02.359+0000] {logging_mixin.py:190} INFO - [2026-03-06T07:46:02.358+0000] {dag.py:3239} INFO - Sync 1 DAGs
[2026-03-06T07:46:02.401+0000] {logging_mixin.py:190} INFO - [2026-03-06T07:46:02.400+0000] {dag.py:4180} INFO - Setting next_dagrun for 01_master_processing_pipeline to 2026-03-06 00:00:00+00:00, run_after=2026-03-07 00:00:00+00:00
[2026-03-06T07:46:02.436+0000] {processor.py:208} INFO - Processing /opt/airflow/dags/master_processing_dag.py took 0.160 seconds
[2026-03-06T07:46:32.701+0000] {processor.py:186} INFO - Started process (PID=1408) to work on /opt/airflow/dags/master_processing_dag.py
[2026-03-06T07:46:32.703+0000] {processor.py:914} INFO - Processing file /opt/airflow/dags/master_processing_dag.py for tasks to queue
[2026-03-06T07:46:32.706+0000] {logging_mixin.py:190} INFO - [2026-03-06T07:46:32.706+0000] {dagbag.py:588} INFO - Filling up the DagBag from /opt/airflow/dags/master_processing_dag.py
[2026-03-06T07:46:32.732+0000] {processor.py:925} INFO - DAG(s) '01_master_processing_pipeline' retrieved from /opt/airflow/dags/master_processing_dag.py
[2026-03-06T07:46:32.771+0000] {logging_mixin.py:190} INFO - [2026-03-06T07:46:32.771+0000] {dag.py:3239} INFO - Sync 1 DAGs
[2026-03-06T07:46:32.798+0000] {logging_mixin.py:190} INFO - [2026-03-06T07:46:32.798+0000] {dag.py:4180} INFO - Setting next_dagrun for 01_master_processing_pipeline to 2026-03-06 00:00:00+00:00, run_after=2026-03-07 00:00:00+00:00
[2026-03-06T07:46:32.829+0000] {processor.py:208} INFO - Processing /opt/airflow/dags/master_processing_dag.py took 0.135 seconds
[2026-03-06T07:47:03.098+0000] {processor.py:186} INFO - Started process (PID=1418) to work on /opt/airflow/dags/master_processing_dag.py
[2026-03-06T07:47:03.100+0000] {processor.py:914} INFO - Processing file /opt/airflow/dags/master_processing_dag.py for tasks to queue
[2026-03-06T07:47:03.104+0000] {logging_mixin.py:190} INFO - [2026-03-06T07:47:03.103+0000] {dagbag.py:588} INFO - Filling up the DagBag from /opt/airflow/dags/master_processing_dag.py
[2026-03-06T07:47:03.131+0000] {processor.py:925} INFO - DAG(s) '01_master_processing_pipeline' retrieved from /opt/airflow/dags/master_processing_dag.py
[2026-03-06T07:47:03.170+0000] {logging_mixin.py:190} INFO - [2026-03-06T07:47:03.169+0000] {dag.py:3239} INFO - Sync 1 DAGs
[2026-03-06T07:47:03.200+0000] {logging_mixin.py:190} INFO - [2026-03-06T07:47:03.200+0000] {dag.py:4180} INFO - Setting next_dagrun for 01_master_processing_pipeline to 2026-03-06 00:00:00+00:00, run_after=2026-03-07 00:00:00+00:00
[2026-03-06T07:47:03.230+0000] {processor.py:208} INFO - Processing /opt/airflow/dags/master_processing_dag.py took 0.139 seconds
[2026-03-06T07:47:33.631+0000] {processor.py:186} INFO - Started process (PID=1428) to work on /opt/airflow/dags/master_processing_dag.py
[2026-03-06T07:47:33.633+0000] {processor.py:914} INFO - Processing file /opt/airflow/dags/master_processing_dag.py for tasks to queue
[2026-03-06T07:47:33.636+0000] {logging_mixin.py:190} INFO - [2026-03-06T07:47:33.635+0000] {dagbag.py:588} INFO - Filling up the DagBag from /opt/airflow/dags/master_processing_dag.py
[2026-03-06T07:47:33.665+0000] {processor.py:925} INFO - DAG(s) '01_master_processing_pipeline' retrieved from /opt/airflow/dags/master_processing_dag.py
[2026-03-06T07:47:33.708+0000] {logging_mixin.py:190} INFO - [2026-03-06T07:47:33.708+0000] {dag.py:3239} INFO - Sync 1 DAGs
[2026-03-06T07:47:33.743+0000] {logging_mixin.py:190} INFO - [2026-03-06T07:47:33.742+0000] {dag.py:4180} INFO - Setting next_dagrun for 01_master_processing_pipeline to 2026-03-06 00:00:00+00:00, run_after=2026-03-07 00:00:00+00:00
[2026-03-06T07:47:33.775+0000] {processor.py:208} INFO - Processing /opt/airflow/dags/master_processing_dag.py took 0.152 seconds
[2026-03-06T07:48:04.068+0000] {processor.py:186} INFO - Started process (PID=1438) to work on /opt/airflow/dags/master_processing_dag.py
[2026-03-06T07:48:04.069+0000] {processor.py:914} INFO - Processing file /opt/airflow/dags/master_processing_dag.py for tasks to queue
[2026-03-06T07:48:04.072+0000] {logging_mixin.py:190} INFO - [2026-03-06T07:48:04.072+0000] {dagbag.py:588} INFO - Filling up the DagBag from /opt/airflow/dags/master_processing_dag.py
[2026-03-06T07:48:04.101+0000] {processor.py:925} INFO - DAG(s) '01_master_processing_pipeline' retrieved from /opt/airflow/dags/master_processing_dag.py
[2026-03-06T07:48:04.138+0000] {logging_mixin.py:190} INFO - [2026-03-06T07:48:04.138+0000] {dag.py:3239} INFO - Sync 1 DAGs
[2026-03-06T07:48:04.167+0000] {logging_mixin.py:190} INFO - [2026-03-06T07:48:04.167+0000] {dag.py:4180} INFO - Setting next_dagrun for 01_master_processing_pipeline to 2026-03-06 00:00:00+00:00, run_after=2026-03-07 00:00:00+00:00
[2026-03-06T07:48:04.194+0000] {processor.py:208} INFO - Processing /opt/airflow/dags/master_processing_dag.py took 0.133 seconds
[2026-03-06T07:48:34.671+0000] {processor.py:186} INFO - Started process (PID=1448) to work on /opt/airflow/dags/master_processing_dag.py
[2026-03-06T07:48:34.673+0000] {processor.py:914} INFO - Processing file /opt/airflow/dags/master_processing_dag.py for tasks to queue
[2026-03-06T07:48:34.676+0000] {logging_mixin.py:190} INFO - [2026-03-06T07:48:34.675+0000] {dagbag.py:588} INFO - Filling up the DagBag from /opt/airflow/dags/master_processing_dag.py
[2026-03-06T07:48:34.705+0000] {processor.py:925} INFO - DAG(s) '01_master_processing_pipeline' retrieved from /opt/airflow/dags/master_processing_dag.py
[2026-03-06T07:48:34.742+0000] {logging_mixin.py:190} INFO - [2026-03-06T07:48:34.741+0000] {dag.py:3239} INFO - Sync 1 DAGs
[2026-03-06T07:48:34.773+0000] {logging_mixin.py:190} INFO - [2026-03-06T07:48:34.772+0000] {dag.py:4180} INFO - Setting next_dagrun for 01_master_processing_pipeline to 2026-03-06 00:00:00+00:00, run_after=2026-03-07 00:00:00+00:00
[2026-03-06T07:48:34.802+0000] {processor.py:208} INFO - Processing /opt/airflow/dags/master_processing_dag.py took 0.141 seconds
[2026-03-06T07:49:05.259+0000] {processor.py:186} INFO - Started process (PID=1458) to work on /opt/airflow/dags/master_processing_dag.py
[2026-03-06T07:49:05.260+0000] {processor.py:914} INFO - Processing file /opt/airflow/dags/master_processing_dag.py for tasks to queue
[2026-03-06T07:49:05.263+0000] {logging_mixin.py:190} INFO - [2026-03-06T07:49:05.262+0000] {dagbag.py:588} INFO - Filling up the DagBag from /opt/airflow/dags/master_processing_dag.py
[2026-03-06T07:49:05.290+0000] {processor.py:925} INFO - DAG(s) '01_master_processing_pipeline' retrieved from /opt/airflow/dags/master_processing_dag.py
[2026-03-06T07:49:05.324+0000] {logging_mixin.py:190} INFO - [2026-03-06T07:49:05.324+0000] {dag.py:3239} INFO - Sync 1 DAGs
[2026-03-06T07:49:05.355+0000] {logging_mixin.py:190} INFO - [2026-03-06T07:49:05.354+0000] {dag.py:4180} INFO - Setting next_dagrun for 01_master_processing_pipeline to 2026-03-06 00:00:00+00:00, run_after=2026-03-07 00:00:00+00:00
[2026-03-06T07:49:05.383+0000] {processor.py:208} INFO - Processing /opt/airflow/dags/master_processing_dag.py took 0.136 seconds
[2026-03-06T07:49:35.884+0000] {processor.py:186} INFO - Started process (PID=1468) to work on /opt/airflow/dags/master_processing_dag.py
[2026-03-06T07:49:35.886+0000] {processor.py:914} INFO - Processing file /opt/airflow/dags/master_processing_dag.py for tasks to queue
[2026-03-06T07:49:35.889+0000] {logging_mixin.py:190} INFO - [2026-03-06T07:49:35.889+0000] {dagbag.py:588} INFO - Filling up the DagBag from /opt/airflow/dags/master_processing_dag.py
[2026-03-06T07:49:35.917+0000] {processor.py:925} INFO - DAG(s) '01_master_processing_pipeline' retrieved from /opt/airflow/dags/master_processing_dag.py
[2026-03-06T07:49:35.955+0000] {logging_mixin.py:190} INFO - [2026-03-06T07:49:35.955+0000] {dag.py:3239} INFO - Sync 1 DAGs
[2026-03-06T07:49:35.987+0000] {logging_mixin.py:190} INFO - [2026-03-06T07:49:35.986+0000] {dag.py:4180} INFO - Setting next_dagrun for 01_master_processing_pipeline to 2026-03-06 00:00:00+00:00, run_after=2026-03-07 00:00:00+00:00
[2026-03-06T07:49:36.016+0000] {processor.py:208} INFO - Processing /opt/airflow/dags/master_processing_dag.py took 0.140 seconds
[2026-03-06T07:50:06.382+0000] {processor.py:186} INFO - Started process (PID=1478) to work on /opt/airflow/dags/master_processing_dag.py
[2026-03-06T07:50:06.384+0000] {processor.py:914} INFO - Processing file /opt/airflow/dags/master_processing_dag.py for tasks to queue
[2026-03-06T07:50:06.387+0000] {logging_mixin.py:190} INFO - [2026-03-06T07:50:06.387+0000] {dagbag.py:588} INFO - Filling up the DagBag from /opt/airflow/dags/master_processing_dag.py
[2026-03-06T07:50:06.415+0000] {processor.py:925} INFO - DAG(s) '01_master_processing_pipeline' retrieved from /opt/airflow/dags/master_processing_dag.py
[2026-03-06T07:50:06.448+0000] {logging_mixin.py:190} INFO - [2026-03-06T07:50:06.447+0000] {dag.py:3239} INFO - Sync 1 DAGs
[2026-03-06T07:50:06.477+0000] {logging_mixin.py:190} INFO - [2026-03-06T07:50:06.477+0000] {dag.py:4180} INFO - Setting next_dagrun for 01_master_processing_pipeline to 2026-03-06 00:00:00+00:00, run_after=2026-03-07 00:00:00+00:00
[2026-03-06T07:50:06.509+0000] {processor.py:208} INFO - Processing /opt/airflow/dags/master_processing_dag.py took 0.133 seconds
[2026-03-06T07:50:36.966+0000] {processor.py:186} INFO - Started process (PID=1488) to work on /opt/airflow/dags/master_processing_dag.py
[2026-03-06T07:50:36.967+0000] {processor.py:914} INFO - Processing file /opt/airflow/dags/master_processing_dag.py for tasks to queue
[2026-03-06T07:50:36.971+0000] {logging_mixin.py:190} INFO - [2026-03-06T07:50:36.970+0000] {dagbag.py:588} INFO - Filling up the DagBag from /opt/airflow/dags/master_processing_dag.py
[2026-03-06T07:50:36.995+0000] {processor.py:925} INFO - DAG(s) '01_master_processing_pipeline' retrieved from /opt/airflow/dags/master_processing_dag.py
[2026-03-06T07:50:37.032+0000] {logging_mixin.py:190} INFO - [2026-03-06T07:50:37.032+0000] {dag.py:3239} INFO - Sync 1 DAGs
[2026-03-06T07:50:37.059+0000] {logging_mixin.py:190} INFO - [2026-03-06T07:50:37.059+0000] {dag.py:4180} INFO - Setting next_dagrun for 01_master_processing_pipeline to 2026-03-06 00:00:00+00:00, run_after=2026-03-07 00:00:00+00:00
[2026-03-06T07:50:37.089+0000] {processor.py:208} INFO - Processing /opt/airflow/dags/master_processing_dag.py took 0.130 seconds
[2026-03-06T07:51:07.473+0000] {processor.py:186} INFO - Started process (PID=1498) to work on /opt/airflow/dags/master_processing_dag.py
[2026-03-06T07:51:07.474+0000] {processor.py:914} INFO - Processing file /opt/airflow/dags/master_processing_dag.py for tasks to queue
[2026-03-06T07:51:07.477+0000] {logging_mixin.py:190} INFO - [2026-03-06T07:51:07.477+0000] {dagbag.py:588} INFO - Filling up the DagBag from /opt/airflow/dags/master_processing_dag.py
[2026-03-06T07:51:07.502+0000] {processor.py:925} INFO - DAG(s) '01_master_processing_pipeline' retrieved from /opt/airflow/dags/master_processing_dag.py
[2026-03-06T07:51:07.557+0000] {logging_mixin.py:190} INFO - [2026-03-06T07:51:07.556+0000] {dag.py:3239} INFO - Sync 1 DAGs
[2026-03-06T07:51:07.597+0000] {logging_mixin.py:190} INFO - [2026-03-06T07:51:07.597+0000] {dag.py:4180} INFO - Setting next_dagrun for 01_master_processing_pipeline to 2026-03-06 00:00:00+00:00, run_after=2026-03-07 00:00:00+00:00
[2026-03-06T07:51:07.628+0000] {processor.py:208} INFO - Processing /opt/airflow/dags/master_processing_dag.py took 0.162 seconds
[2026-03-06T07:51:37.909+0000] {processor.py:186} INFO - Started process (PID=1508) to work on /opt/airflow/dags/master_processing_dag.py
[2026-03-06T07:51:37.911+0000] {processor.py:914} INFO - Processing file /opt/airflow/dags/master_processing_dag.py for tasks to queue
[2026-03-06T07:51:37.917+0000] {logging_mixin.py:190} INFO - [2026-03-06T07:51:37.916+0000] {dagbag.py:588} INFO - Filling up the DagBag from /opt/airflow/dags/master_processing_dag.py
[2026-03-06T07:51:37.958+0000] {processor.py:925} INFO - DAG(s) '01_master_processing_pipeline' retrieved from /opt/airflow/dags/master_processing_dag.py
[2026-03-06T07:51:38.000+0000] {logging_mixin.py:190} INFO - [2026-03-06T07:51:38.000+0000] {dag.py:3239} INFO - Sync 1 DAGs
[2026-03-06T07:51:38.044+0000] {logging_mixin.py:190} INFO - [2026-03-06T07:51:38.043+0000] {dag.py:4180} INFO - Setting next_dagrun for 01_master_processing_pipeline to 2026-03-06 00:00:00+00:00, run_after=2026-03-07 00:00:00+00:00
[2026-03-06T07:51:38.067+0000] {processor.py:208} INFO - Processing /opt/airflow/dags/master_processing_dag.py took 0.170 seconds
[2026-03-06T07:51:44.209+0000] {processor.py:186} INFO - Started process (PID=1518) to work on /opt/airflow/dags/master_processing_dag.py
[2026-03-06T07:51:44.211+0000] {processor.py:914} INFO - Processing file /opt/airflow/dags/master_processing_dag.py for tasks to queue
[2026-03-06T07:51:44.214+0000] {logging_mixin.py:190} INFO - [2026-03-06T07:51:44.214+0000] {dagbag.py:588} INFO - Filling up the DagBag from /opt/airflow/dags/master_processing_dag.py
[2026-03-06T07:51:44.254+0000] {processor.py:925} INFO - DAG(s) '01_master_processing_pipeline' retrieved from /opt/airflow/dags/master_processing_dag.py
[2026-03-06T07:51:45.864+0000] {logging_mixin.py:190} INFO - [2026-03-06T07:51:45.863+0000] {dag.py:3239} INFO - Sync 1 DAGs
[2026-03-06T07:51:45.885+0000] {logging_mixin.py:190} INFO - [2026-03-06T07:51:45.885+0000] {dag.py:4180} INFO - Setting next_dagrun for 01_master_processing_pipeline to 2026-03-06 00:00:00+00:00, run_after=2026-03-07 00:00:00+00:00
[2026-03-06T07:51:45.941+0000] {processor.py:208} INFO - Processing /opt/airflow/dags/master_processing_dag.py took 1.738 seconds
[2026-03-06T07:51:46.239+0000] {processor.py:186} INFO - Started process (PID=1523) to work on /opt/airflow/dags/master_processing_dag.py
[2026-03-06T07:51:46.240+0000] {processor.py:914} INFO - Processing file /opt/airflow/dags/master_processing_dag.py for tasks to queue
[2026-03-06T07:51:46.243+0000] {logging_mixin.py:190} INFO - [2026-03-06T07:51:46.242+0000] {dagbag.py:588} INFO - Filling up the DagBag from /opt/airflow/dags/master_processing_dag.py
[2026-03-06T07:51:46.274+0000] {processor.py:925} INFO - DAG(s) '01_master_processing_pipeline' retrieved from /opt/airflow/dags/master_processing_dag.py
[2026-03-06T07:51:46.293+0000] {logging_mixin.py:190} INFO - [2026-03-06T07:51:46.293+0000] {dag.py:3239} INFO - Sync 1 DAGs
[2026-03-06T07:51:46.329+0000] {logging_mixin.py:190} INFO - [2026-03-06T07:51:46.328+0000] {dag.py:4180} INFO - Setting next_dagrun for 01_master_processing_pipeline to 2026-03-06 00:00:00+00:00, run_after=2026-03-07 00:00:00+00:00
[2026-03-06T07:51:46.378+0000] {processor.py:208} INFO - Processing /opt/airflow/dags/master_processing_dag.py took 0.145 seconds
[2026-03-06T07:51:57.405+0000] {processor.py:186} INFO - Started process (PID=1528) to work on /opt/airflow/dags/master_processing_dag.py
[2026-03-06T07:51:57.406+0000] {processor.py:914} INFO - Processing file /opt/airflow/dags/master_processing_dag.py for tasks to queue
[2026-03-06T07:51:57.409+0000] {logging_mixin.py:190} INFO - [2026-03-06T07:51:57.408+0000] {dagbag.py:588} INFO - Filling up the DagBag from /opt/airflow/dags/master_processing_dag.py
[2026-03-06T07:51:57.443+0000] {processor.py:925} INFO - DAG(s) '01_master_processing_pipeline' retrieved from /opt/airflow/dags/master_processing_dag.py
[2026-03-06T07:51:57.458+0000] {logging_mixin.py:190} INFO - [2026-03-06T07:51:57.458+0000] {dag.py:3239} INFO - Sync 1 DAGs
[2026-03-06T07:51:57.483+0000] {logging_mixin.py:190} INFO - [2026-03-06T07:51:57.482+0000] {dag.py:4180} INFO - Setting next_dagrun for 01_master_processing_pipeline to 2026-03-06 00:00:00+00:00, run_after=2026-03-07 00:00:00+00:00
[2026-03-06T07:51:57.519+0000] {processor.py:208} INFO - Processing /opt/airflow/dags/master_processing_dag.py took 0.120 seconds
[2026-03-06T07:51:57.586+0000] {processor.py:186} INFO - Started process (PID=1533) to work on /opt/airflow/dags/master_processing_dag.py
[2026-03-06T07:51:57.588+0000] {processor.py:914} INFO - Processing file /opt/airflow/dags/master_processing_dag.py for tasks to queue
[2026-03-06T07:51:57.592+0000] {logging_mixin.py:190} INFO - [2026-03-06T07:51:57.591+0000] {dagbag.py:588} INFO - Filling up the DagBag from /opt/airflow/dags/master_processing_dag.py
[2026-03-06T07:51:57.621+0000] {processor.py:925} INFO - DAG(s) '01_master_processing_pipeline' retrieved from /opt/airflow/dags/master_processing_dag.py
[2026-03-06T07:51:57.637+0000] {logging_mixin.py:190} INFO - [2026-03-06T07:51:57.636+0000] {dag.py:3239} INFO - Sync 1 DAGs
[2026-03-06T07:51:57.666+0000] {logging_mixin.py:190} INFO - [2026-03-06T07:51:57.666+0000] {dag.py:4180} INFO - Setting next_dagrun for 01_master_processing_pipeline to 2026-03-06 00:00:00+00:00, run_after=2026-03-07 00:00:00+00:00
[2026-03-06T07:51:57.755+0000] {processor.py:208} INFO - Processing /opt/airflow/dags/master_processing_dag.py took 0.175 seconds
[2026-03-06T07:51:58.635+0000] {processor.py:186} INFO - Started process (PID=1538) to work on /opt/airflow/dags/master_processing_dag.py
[2026-03-06T07:51:58.638+0000] {processor.py:914} INFO - Processing file /opt/airflow/dags/master_processing_dag.py for tasks to queue
[2026-03-06T07:51:58.642+0000] {logging_mixin.py:190} INFO - [2026-03-06T07:51:58.642+0000] {dagbag.py:588} INFO - Filling up the DagBag from /opt/airflow/dags/master_processing_dag.py
[2026-03-06T07:51:58.684+0000] {processor.py:925} INFO - DAG(s) '01_master_processing_pipeline' retrieved from /opt/airflow/dags/master_processing_dag.py
[2026-03-06T07:51:58.706+0000] {logging_mixin.py:190} INFO - [2026-03-06T07:51:58.706+0000] {dag.py:3239} INFO - Sync 1 DAGs
[2026-03-06T07:51:58.741+0000] {logging_mixin.py:190} INFO - [2026-03-06T07:51:58.741+0000] {dag.py:4180} INFO - Setting next_dagrun for 01_master_processing_pipeline to 2026-03-06 00:00:00+00:00, run_after=2026-03-07 00:00:00+00:00
[2026-03-06T07:51:58.777+0000] {processor.py:208} INFO - Processing /opt/airflow/dags/master_processing_dag.py took 0.153 seconds
[2026-03-06T07:52:23.151+0000] {processor.py:186} INFO - Started process (PID=1548) to work on /opt/airflow/dags/master_processing_dag.py
[2026-03-06T07:52:23.153+0000] {processor.py:914} INFO - Processing file /opt/airflow/dags/master_processing_dag.py for tasks to queue
[2026-03-06T07:52:23.156+0000] {logging_mixin.py:190} INFO - [2026-03-06T07:52:23.155+0000] {dagbag.py:588} INFO - Filling up the DagBag from /opt/airflow/dags/master_processing_dag.py
[2026-03-06T07:52:23.196+0000] {processor.py:925} INFO - DAG(s) '01_master_processing_pipeline' retrieved from /opt/airflow/dags/master_processing_dag.py
[2026-03-06T07:52:23.230+0000] {logging_mixin.py:190} INFO - [2026-03-06T07:52:23.230+0000] {dag.py:3239} INFO - Sync 1 DAGs
[2026-03-06T07:52:23.259+0000] {logging_mixin.py:190} INFO - [2026-03-06T07:52:23.259+0000] {dag.py:4180} INFO - Setting next_dagrun for 01_master_processing_pipeline to 2026-03-06 00:00:00+00:00, run_after=2026-03-07 00:00:00+00:00
[2026-03-06T07:52:23.295+0000] {processor.py:208} INFO - Processing /opt/airflow/dags/master_processing_dag.py took 0.149 seconds
[2026-03-06T07:52:53.715+0000] {processor.py:186} INFO - Started process (PID=1558) to work on /opt/airflow/dags/master_processing_dag.py
[2026-03-06T07:52:53.717+0000] {processor.py:914} INFO - Processing file /opt/airflow/dags/master_processing_dag.py for tasks to queue
[2026-03-06T07:52:53.720+0000] {logging_mixin.py:190} INFO - [2026-03-06T07:52:53.720+0000] {dagbag.py:588} INFO - Filling up the DagBag from /opt/airflow/dags/master_processing_dag.py
[2026-03-06T07:52:53.767+0000] {processor.py:925} INFO - DAG(s) '01_master_processing_pipeline' retrieved from /opt/airflow/dags/master_processing_dag.py
[2026-03-06T07:52:53.801+0000] {logging_mixin.py:190} INFO - [2026-03-06T07:52:53.800+0000] {dag.py:3239} INFO - Sync 1 DAGs
[2026-03-06T07:52:53.832+0000] {logging_mixin.py:190} INFO - [2026-03-06T07:52:53.832+0000] {dag.py:4180} INFO - Setting next_dagrun for 01_master_processing_pipeline to 2026-03-06 00:00:00+00:00, run_after=2026-03-07 00:00:00+00:00
[2026-03-06T07:52:53.863+0000] {processor.py:208} INFO - Processing /opt/airflow/dags/master_processing_dag.py took 0.157 seconds
[2026-03-06T07:53:24.323+0000] {processor.py:186} INFO - Started process (PID=1568) to work on /opt/airflow/dags/master_processing_dag.py
[2026-03-06T07:53:24.325+0000] {processor.py:914} INFO - Processing file /opt/airflow/dags/master_processing_dag.py for tasks to queue
[2026-03-06T07:53:24.328+0000] {logging_mixin.py:190} INFO - [2026-03-06T07:53:24.328+0000] {dagbag.py:588} INFO - Filling up the DagBag from /opt/airflow/dags/master_processing_dag.py
[2026-03-06T07:53:24.351+0000] {processor.py:925} INFO - DAG(s) '01_master_processing_pipeline' retrieved from /opt/airflow/dags/master_processing_dag.py
[2026-03-06T07:53:24.381+0000] {logging_mixin.py:190} INFO - [2026-03-06T07:53:24.381+0000] {dag.py:3239} INFO - Sync 1 DAGs
[2026-03-06T07:53:24.408+0000] {logging_mixin.py:190} INFO - [2026-03-06T07:53:24.408+0000] {dag.py:4180} INFO - Setting next_dagrun for 01_master_processing_pipeline to 2026-03-06 00:00:00+00:00, run_after=2026-03-07 00:00:00+00:00
[2026-03-06T07:53:24.437+0000] {processor.py:208} INFO - Processing /opt/airflow/dags/master_processing_dag.py took 0.120 seconds
[2026-03-06T07:53:54.872+0000] {processor.py:186} INFO - Started process (PID=1578) to work on /opt/airflow/dags/master_processing_dag.py
[2026-03-06T07:53:54.874+0000] {processor.py:914} INFO - Processing file /opt/airflow/dags/master_processing_dag.py for tasks to queue
[2026-03-06T07:53:54.877+0000] {logging_mixin.py:190} INFO - [2026-03-06T07:53:54.876+0000] {dagbag.py:588} INFO - Filling up the DagBag from /opt/airflow/dags/master_processing_dag.py
[2026-03-06T07:53:54.912+0000] {processor.py:925} INFO - DAG(s) '01_master_processing_pipeline' retrieved from /opt/airflow/dags/master_processing_dag.py
[2026-03-06T07:53:54.949+0000] {logging_mixin.py:190} INFO - [2026-03-06T07:53:54.949+0000] {dag.py:3239} INFO - Sync 1 DAGs
[2026-03-06T07:53:54.977+0000] {logging_mixin.py:190} INFO - [2026-03-06T07:53:54.977+0000] {dag.py:4180} INFO - Setting next_dagrun for 01_master_processing_pipeline to 2026-03-06 00:00:00+00:00, run_after=2026-03-07 00:00:00+00:00
[2026-03-06T07:53:55.008+0000] {processor.py:208} INFO - Processing /opt/airflow/dags/master_processing_dag.py took 0.143 seconds
[2026-03-06T07:54:25.458+0000] {processor.py:186} INFO - Started process (PID=1588) to work on /opt/airflow/dags/master_processing_dag.py
[2026-03-06T07:54:25.460+0000] {processor.py:914} INFO - Processing file /opt/airflow/dags/master_processing_dag.py for tasks to queue
[2026-03-06T07:54:25.463+0000] {logging_mixin.py:190} INFO - [2026-03-06T07:54:25.462+0000] {dagbag.py:588} INFO - Filling up the DagBag from /opt/airflow/dags/master_processing_dag.py
[2026-03-06T07:54:25.492+0000] {processor.py:925} INFO - DAG(s) '01_master_processing_pipeline' retrieved from /opt/airflow/dags/master_processing_dag.py
[2026-03-06T07:54:25.524+0000] {logging_mixin.py:190} INFO - [2026-03-06T07:54:25.523+0000] {dag.py:3239} INFO - Sync 1 DAGs
[2026-03-06T07:54:25.552+0000] {logging_mixin.py:190} INFO - [2026-03-06T07:54:25.552+0000] {dag.py:4180} INFO - Setting next_dagrun for 01_master_processing_pipeline to 2026-03-06 00:00:00+00:00, run_after=2026-03-07 00:00:00+00:00
[2026-03-06T07:54:25.580+0000] {processor.py:208} INFO - Processing /opt/airflow/dags/master_processing_dag.py took 0.133 seconds
[2026-03-06T07:54:55.988+0000] {processor.py:186} INFO - Started process (PID=1598) to work on /opt/airflow/dags/master_processing_dag.py
[2026-03-06T07:54:55.989+0000] {processor.py:914} INFO - Processing file /opt/airflow/dags/master_processing_dag.py for tasks to queue
[2026-03-06T07:54:55.991+0000] {logging_mixin.py:190} INFO - [2026-03-06T07:54:55.991+0000] {dagbag.py:588} INFO - Filling up the DagBag from /opt/airflow/dags/master_processing_dag.py
[2026-03-06T07:54:56.021+0000] {processor.py:925} INFO - DAG(s) '01_master_processing_pipeline' retrieved from /opt/airflow/dags/master_processing_dag.py
[2026-03-06T07:54:56.064+0000] {logging_mixin.py:190} INFO - [2026-03-06T07:54:56.063+0000] {dag.py:3239} INFO - Sync 1 DAGs
[2026-03-06T07:54:56.096+0000] {logging_mixin.py:190} INFO - [2026-03-06T07:54:56.095+0000] {dag.py:4180} INFO - Setting next_dagrun for 01_master_processing_pipeline to 2026-03-06 00:00:00+00:00, run_after=2026-03-07 00:00:00+00:00
[2026-03-06T07:54:56.146+0000] {processor.py:208} INFO - Processing /opt/airflow/dags/master_processing_dag.py took 0.164 seconds
[2026-03-06T07:55:26.593+0000] {processor.py:186} INFO - Started process (PID=1608) to work on /opt/airflow/dags/master_processing_dag.py
[2026-03-06T07:55:26.594+0000] {processor.py:914} INFO - Processing file /opt/airflow/dags/master_processing_dag.py for tasks to queue
[2026-03-06T07:55:26.596+0000] {logging_mixin.py:190} INFO - [2026-03-06T07:55:26.596+0000] {dagbag.py:588} INFO - Filling up the DagBag from /opt/airflow/dags/master_processing_dag.py
[2026-03-06T07:55:26.618+0000] {processor.py:925} INFO - DAG(s) '01_master_processing_pipeline' retrieved from /opt/airflow/dags/master_processing_dag.py
[2026-03-06T07:55:26.654+0000] {logging_mixin.py:190} INFO - [2026-03-06T07:55:26.654+0000] {dag.py:3239} INFO - Sync 1 DAGs
[2026-03-06T07:55:26.680+0000] {logging_mixin.py:190} INFO - [2026-03-06T07:55:26.679+0000] {dag.py:4180} INFO - Setting next_dagrun for 01_master_processing_pipeline to 2026-03-06 00:00:00+00:00, run_after=2026-03-07 00:00:00+00:00
[2026-03-06T07:55:26.705+0000] {processor.py:208} INFO - Processing /opt/airflow/dags/master_processing_dag.py took 0.118 seconds
[2026-03-06T07:55:57.100+0000] {processor.py:186} INFO - Started process (PID=1618) to work on /opt/airflow/dags/master_processing_dag.py
[2026-03-06T07:55:57.102+0000] {processor.py:914} INFO - Processing file /opt/airflow/dags/master_processing_dag.py for tasks to queue
[2026-03-06T07:55:57.106+0000] {logging_mixin.py:190} INFO - [2026-03-06T07:55:57.105+0000] {dagbag.py:588} INFO - Filling up the DagBag from /opt/airflow/dags/master_processing_dag.py
[2026-03-06T07:55:57.137+0000] {processor.py:925} INFO - DAG(s) '01_master_processing_pipeline' retrieved from /opt/airflow/dags/master_processing_dag.py
[2026-03-06T07:55:57.172+0000] {logging_mixin.py:190} INFO - [2026-03-06T07:55:57.172+0000] {dag.py:3239} INFO - Sync 1 DAGs
[2026-03-06T07:55:57.205+0000] {logging_mixin.py:190} INFO - [2026-03-06T07:55:57.205+0000] {dag.py:4180} INFO - Setting next_dagrun for 01_master_processing_pipeline to 2026-03-06 00:00:00+00:00, run_after=2026-03-07 00:00:00+00:00
[2026-03-06T07:55:57.230+0000] {processor.py:208} INFO - Processing /opt/airflow/dags/master_processing_dag.py took 0.137 seconds
[2026-03-06T07:56:27.658+0000] {processor.py:186} INFO - Started process (PID=1628) to work on /opt/airflow/dags/master_processing_dag.py
[2026-03-06T07:56:27.660+0000] {processor.py:914} INFO - Processing file /opt/airflow/dags/master_processing_dag.py for tasks to queue
[2026-03-06T07:56:27.663+0000] {logging_mixin.py:190} INFO - [2026-03-06T07:56:27.662+0000] {dagbag.py:588} INFO - Filling up the DagBag from /opt/airflow/dags/master_processing_dag.py
[2026-03-06T07:56:27.705+0000] {processor.py:925} INFO - DAG(s) '01_master_processing_pipeline' retrieved from /opt/airflow/dags/master_processing_dag.py
[2026-03-06T07:56:27.744+0000] {logging_mixin.py:190} INFO - [2026-03-06T07:56:27.743+0000] {dag.py:3239} INFO - Sync 1 DAGs
[2026-03-06T07:56:27.777+0000] {logging_mixin.py:190} INFO - [2026-03-06T07:56:27.776+0000] {dag.py:4180} INFO - Setting next_dagrun for 01_master_processing_pipeline to 2026-03-06 00:00:00+00:00, run_after=2026-03-07 00:00:00+00:00
[2026-03-06T07:56:27.806+0000] {processor.py:208} INFO - Processing /opt/airflow/dags/master_processing_dag.py took 0.157 seconds
[2026-03-06T07:56:58.292+0000] {processor.py:186} INFO - Started process (PID=1638) to work on /opt/airflow/dags/master_processing_dag.py
[2026-03-06T07:56:58.294+0000] {processor.py:914} INFO - Processing file /opt/airflow/dags/master_processing_dag.py for tasks to queue
[2026-03-06T07:56:58.297+0000] {logging_mixin.py:190} INFO - [2026-03-06T07:56:58.297+0000] {dagbag.py:588} INFO - Filling up the DagBag from /opt/airflow/dags/master_processing_dag.py
[2026-03-06T07:56:58.333+0000] {processor.py:925} INFO - DAG(s) '01_master_processing_pipeline' retrieved from /opt/airflow/dags/master_processing_dag.py
[2026-03-06T07:56:58.370+0000] {logging_mixin.py:190} INFO - [2026-03-06T07:56:58.370+0000] {dag.py:3239} INFO - Sync 1 DAGs
[2026-03-06T07:56:58.400+0000] {logging_mixin.py:190} INFO - [2026-03-06T07:56:58.400+0000] {dag.py:4180} INFO - Setting next_dagrun for 01_master_processing_pipeline to 2026-03-06 00:00:00+00:00, run_after=2026-03-07 00:00:00+00:00
[2026-03-06T07:56:58.431+0000] {processor.py:208} INFO - Processing /opt/airflow/dags/master_processing_dag.py took 0.145 seconds
[2026-03-06T07:57:28.813+0000] {processor.py:186} INFO - Started process (PID=1648) to work on /opt/airflow/dags/master_processing_dag.py
[2026-03-06T07:57:28.815+0000] {processor.py:914} INFO - Processing file /opt/airflow/dags/master_processing_dag.py for tasks to queue
[2026-03-06T07:57:28.817+0000] {logging_mixin.py:190} INFO - [2026-03-06T07:57:28.817+0000] {dagbag.py:588} INFO - Filling up the DagBag from /opt/airflow/dags/master_processing_dag.py
[2026-03-06T07:57:28.840+0000] {processor.py:925} INFO - DAG(s) '01_master_processing_pipeline' retrieved from /opt/airflow/dags/master_processing_dag.py
[2026-03-06T07:57:28.877+0000] {logging_mixin.py:190} INFO - [2026-03-06T07:57:28.877+0000] {dag.py:3239} INFO - Sync 1 DAGs
[2026-03-06T07:57:28.908+0000] {logging_mixin.py:190} INFO - [2026-03-06T07:57:28.908+0000] {dag.py:4180} INFO - Setting next_dagrun for 01_master_processing_pipeline to 2026-03-06 00:00:00+00:00, run_after=2026-03-07 00:00:00+00:00
[2026-03-06T07:57:28.935+0000] {processor.py:208} INFO - Processing /opt/airflow/dags/master_processing_dag.py took 0.129 seconds
[2026-03-06T07:57:59.751+0000] {processor.py:186} INFO - Started process (PID=1696) to work on /opt/airflow/dags/master_processing_dag.py
[2026-03-06T07:57:59.771+0000] {processor.py:914} INFO - Processing file /opt/airflow/dags/master_processing_dag.py for tasks to queue
[2026-03-06T07:57:59.853+0000] {logging_mixin.py:190} INFO - [2026-03-06T07:57:59.852+0000] {dagbag.py:588} INFO - Filling up the DagBag from /opt/airflow/dags/master_processing_dag.py
[2026-03-06T07:58:00.015+0000] {processor.py:925} INFO - DAG(s) '01_master_processing_pipeline' retrieved from /opt/airflow/dags/master_processing_dag.py
[2026-03-06T07:58:00.265+0000] {logging_mixin.py:190} INFO - [2026-03-06T07:58:00.265+0000] {dag.py:3239} INFO - Sync 1 DAGs
[2026-03-06T07:58:00.496+0000] {logging_mixin.py:190} INFO - [2026-03-06T07:58:00.496+0000] {dag.py:4180} INFO - Setting next_dagrun for 01_master_processing_pipeline to 2026-03-06 00:00:00+00:00, run_after=2026-03-07 00:00:00+00:00
[2026-03-06T07:58:00.637+0000] {processor.py:208} INFO - Processing /opt/airflow/dags/master_processing_dag.py took 1.186 seconds
[2026-03-06T07:58:31.044+0000] {processor.py:186} INFO - Started process (PID=1743) to work on /opt/airflow/dags/master_processing_dag.py
[2026-03-06T07:58:31.046+0000] {processor.py:914} INFO - Processing file /opt/airflow/dags/master_processing_dag.py for tasks to queue
[2026-03-06T07:58:31.050+0000] {logging_mixin.py:190} INFO - [2026-03-06T07:58:31.050+0000] {dagbag.py:588} INFO - Filling up the DagBag from /opt/airflow/dags/master_processing_dag.py
[2026-03-06T07:58:31.129+0000] {processor.py:925} INFO - DAG(s) '01_master_processing_pipeline' retrieved from /opt/airflow/dags/master_processing_dag.py
[2026-03-06T07:58:31.197+0000] {logging_mixin.py:190} INFO - [2026-03-06T07:58:31.196+0000] {dag.py:3239} INFO - Sync 1 DAGs
[2026-03-06T07:58:31.243+0000] {logging_mixin.py:190} INFO - [2026-03-06T07:58:31.243+0000] {dag.py:4180} INFO - Setting next_dagrun for 01_master_processing_pipeline to 2026-03-06 00:00:00+00:00, run_after=2026-03-07 00:00:00+00:00
[2026-03-06T07:58:31.278+0000] {processor.py:208} INFO - Processing /opt/airflow/dags/master_processing_dag.py took 0.248 seconds
[2026-03-06T07:59:01.689+0000] {processor.py:186} INFO - Started process (PID=1753) to work on /opt/airflow/dags/master_processing_dag.py
[2026-03-06T07:59:01.692+0000] {processor.py:914} INFO - Processing file /opt/airflow/dags/master_processing_dag.py for tasks to queue
[2026-03-06T07:59:01.699+0000] {logging_mixin.py:190} INFO - [2026-03-06T07:59:01.698+0000] {dagbag.py:588} INFO - Filling up the DagBag from /opt/airflow/dags/master_processing_dag.py
[2026-03-06T07:59:01.746+0000] {processor.py:925} INFO - DAG(s) '01_master_processing_pipeline' retrieved from /opt/airflow/dags/master_processing_dag.py
[2026-03-06T07:59:01.793+0000] {logging_mixin.py:190} INFO - [2026-03-06T07:59:01.792+0000] {dag.py:3239} INFO - Sync 1 DAGs
[2026-03-06T07:59:01.827+0000] {logging_mixin.py:190} INFO - [2026-03-06T07:59:01.827+0000] {dag.py:4180} INFO - Setting next_dagrun for 01_master_processing_pipeline to 2026-03-06 00:00:00+00:00, run_after=2026-03-07 00:00:00+00:00
[2026-03-06T07:59:01.852+0000] {processor.py:208} INFO - Processing /opt/airflow/dags/master_processing_dag.py took 0.173 seconds
[2026-03-06T07:59:32.231+0000] {processor.py:186} INFO - Started process (PID=1763) to work on /opt/airflow/dags/master_processing_dag.py
[2026-03-06T07:59:32.232+0000] {processor.py:914} INFO - Processing file /opt/airflow/dags/master_processing_dag.py for tasks to queue
[2026-03-06T07:59:32.236+0000] {logging_mixin.py:190} INFO - [2026-03-06T07:59:32.236+0000] {dagbag.py:588} INFO - Filling up the DagBag from /opt/airflow/dags/master_processing_dag.py
[2026-03-06T07:59:32.281+0000] {processor.py:925} INFO - DAG(s) '01_master_processing_pipeline' retrieved from /opt/airflow/dags/master_processing_dag.py
[2026-03-06T07:59:32.333+0000] {logging_mixin.py:190} INFO - [2026-03-06T07:59:32.333+0000] {dag.py:3239} INFO - Sync 1 DAGs
[2026-03-06T07:59:32.373+0000] {logging_mixin.py:190} INFO - [2026-03-06T07:59:32.372+0000] {dag.py:4180} INFO - Setting next_dagrun for 01_master_processing_pipeline to 2026-03-06 00:00:00+00:00, run_after=2026-03-07 00:00:00+00:00
[2026-03-06T07:59:32.417+0000] {processor.py:208} INFO - Processing /opt/airflow/dags/master_processing_dag.py took 0.194 seconds
[2026-03-06T08:00:02.580+0000] {processor.py:186} INFO - Started process (PID=1773) to work on /opt/airflow/dags/master_processing_dag.py
[2026-03-06T08:00:02.582+0000] {processor.py:914} INFO - Processing file /opt/airflow/dags/master_processing_dag.py for tasks to queue
[2026-03-06T08:00:02.589+0000] {logging_mixin.py:190} INFO - [2026-03-06T08:00:02.589+0000] {dagbag.py:588} INFO - Filling up the DagBag from /opt/airflow/dags/master_processing_dag.py
[2026-03-06T08:00:02.618+0000] {processor.py:925} INFO - DAG(s) '01_master_processing_pipeline' retrieved from /opt/airflow/dags/master_processing_dag.py
[2026-03-06T08:00:02.653+0000] {logging_mixin.py:190} INFO - [2026-03-06T08:00:02.653+0000] {dag.py:3239} INFO - Sync 1 DAGs
[2026-03-06T08:00:02.702+0000] {logging_mixin.py:190} INFO - [2026-03-06T08:00:02.702+0000] {dag.py:4180} INFO - Setting next_dagrun for 01_master_processing_pipeline to 2026-03-06 00:00:00+00:00, run_after=2026-03-07 00:00:00+00:00
[2026-03-06T08:00:02.732+0000] {processor.py:208} INFO - Processing /opt/airflow/dags/master_processing_dag.py took 0.160 seconds
[2026-03-06T08:00:33.404+0000] {processor.py:186} INFO - Started process (PID=1876) to work on /opt/airflow/dags/master_processing_dag.py
[2026-03-06T08:00:33.448+0000] {processor.py:914} INFO - Processing file /opt/airflow/dags/master_processing_dag.py for tasks to queue
[2026-03-06T08:00:33.498+0000] {logging_mixin.py:190} INFO - [2026-03-06T08:00:33.486+0000] {dagbag.py:588} INFO - Filling up the DagBag from /opt/airflow/dags/master_processing_dag.py
[2026-03-06T08:00:40.284+0000] {processor.py:925} INFO - DAG(s) '01_master_processing_pipeline' retrieved from /opt/airflow/dags/master_processing_dag.py
[2026-03-06T08:02:24.284+0000] {processor.py:211} ERROR - Got an exception! Propagating...
Traceback (most recent call last):
  File "/home/airflow/.local/lib/python3.12/site-packages/sqlalchemy/engine/base.py", line 3371, in _wrap_pool_connect
    return fn()
           ^^^^
  File "/home/airflow/.local/lib/python3.12/site-packages/sqlalchemy/pool/base.py", line 327, in connect
    return _ConnectionFairy._checkout(self)
           ^^^^^^^^^^^^^^^^^^^^^^^^^^^^^^^^
  File "/home/airflow/.local/lib/python3.12/site-packages/sqlalchemy/pool/base.py", line 894, in _checkout
    fairy = _ConnectionRecord.checkout(pool)
            ^^^^^^^^^^^^^^^^^^^^^^^^^^^^^^^^
  File "/home/airflow/.local/lib/python3.12/site-packages/sqlalchemy/pool/base.py", line 493, in checkout
    rec = pool._do_get()
          ^^^^^^^^^^^^^^
  File "/home/airflow/.local/lib/python3.12/site-packages/sqlalchemy/pool/impl.py", line 145, in _do_get
    with util.safe_reraise():
         ^^^^^^^^^^^^^^^^^^^
  File "/home/airflow/.local/lib/python3.12/site-packages/sqlalchemy/util/langhelpers.py", line 70, in __exit__
    compat.raise_(
  File "/home/airflow/.local/lib/python3.12/site-packages/sqlalchemy/util/compat.py", line 211, in raise_
    raise exception
  File "/home/airflow/.local/lib/python3.12/site-packages/sqlalchemy/pool/impl.py", line 143, in _do_get
    return self._create_connection()
           ^^^^^^^^^^^^^^^^^^^^^^^^^
  File "/home/airflow/.local/lib/python3.12/site-packages/sqlalchemy/pool/base.py", line 273, in _create_connection
    return _ConnectionRecord(self)
           ^^^^^^^^^^^^^^^^^^^^^^^
  File "/home/airflow/.local/lib/python3.12/site-packages/sqlalchemy/pool/base.py", line 388, in __init__
    self.__connect()
  File "/home/airflow/.local/lib/python3.12/site-packages/sqlalchemy/pool/base.py", line 690, in __connect
    with util.safe_reraise():
         ^^^^^^^^^^^^^^^^^^^
  File "/home/airflow/.local/lib/python3.12/site-packages/sqlalchemy/util/langhelpers.py", line 70, in __exit__
    compat.raise_(
  File "/home/airflow/.local/lib/python3.12/site-packages/sqlalchemy/util/compat.py", line 211, in raise_
    raise exception
  File "/home/airflow/.local/lib/python3.12/site-packages/sqlalchemy/pool/base.py", line 686, in __connect
    self.dbapi_connection = connection = pool._invoke_creator(self)
                                         ^^^^^^^^^^^^^^^^^^^^^^^^^^
  File "/home/airflow/.local/lib/python3.12/site-packages/sqlalchemy/engine/create.py", line 574, in connect
    return dialect.connect(*cargs, **cparams)
           ^^^^^^^^^^^^^^^^^^^^^^^^^^^^^^^^^^
  File "/home/airflow/.local/lib/python3.12/site-packages/sqlalchemy/engine/default.py", line 598, in connect
    return self.dbapi.connect(*cargs, **cparams)
           ^^^^^^^^^^^^^^^^^^^^^^^^^^^^^^^^^^^^^
  File "/home/airflow/.local/lib/python3.12/site-packages/psycopg2/__init__.py", line 122, in connect
    conn = _connect(dsn, connection_factory=connection_factory, **kwasync)
           ^^^^^^^^^^^^^^^^^^^^^^^^^^^^^^^^^^^^^^^^^^^^^^^^^^^^^^^^^^^^^^^
psycopg2.OperationalError: could not translate host name "postgres" to address: Temporary failure in name resolution


The above exception was the direct cause of the following exception:

Traceback (most recent call last):
  File "/home/airflow/.local/lib/python3.12/site-packages/airflow/dag_processing/processor.py", line 207, in _run_file_processor
    _handle_dag_file_processing()
  File "/home/airflow/.local/lib/python3.12/site-packages/airflow/dag_processing/processor.py", line 188, in _handle_dag_file_processing
    result: tuple[int, int, int] = dag_file_processor.process_file(
                                   ^^^^^^^^^^^^^^^^^^^^^^^^^^^^^^^^
  File "/home/airflow/.local/lib/python3.12/site-packages/airflow/utils/session.py", line 97, in wrapper
    return func(*args, session=session, **kwargs)
           ^^^^^^^^^^^^^^^^^^^^^^^^^^^^^^^^^^^^^^
  File "/home/airflow/.local/lib/python3.12/site-packages/airflow/dag_processing/processor.py", line 942, in process_file
    serialize_errors = DagFileProcessor.save_dag_to_db(
                       ^^^^^^^^^^^^^^^^^^^^^^^^^^^^^^^^
  File "/home/airflow/.local/lib/python3.12/site-packages/airflow/api_internal/internal_api_call.py", line 166, in wrapper
    return func(*args, **kwargs)
           ^^^^^^^^^^^^^^^^^^^^^
  File "/home/airflow/.local/lib/python3.12/site-packages/airflow/utils/session.py", line 97, in wrapper
    return func(*args, session=session, **kwargs)
           ^^^^^^^^^^^^^^^^^^^^^^^^^^^^^^^^^^^^^^
  File "/home/airflow/.local/lib/python3.12/site-packages/airflow/dag_processing/processor.py", line 982, in save_dag_to_db
    import_errors = DagBag._sync_to_db(dags=dags, processor_subdir=dag_directory, session=session)
                    ^^^^^^^^^^^^^^^^^^^^^^^^^^^^^^^^^^^^^^^^^^^^^^^^^^^^^^^^^^^^^^^^^^^^^^^^^^^^^^
  File "/home/airflow/.local/lib/python3.12/site-packages/airflow/utils/session.py", line 94, in wrapper
    return func(*args, **kwargs)
           ^^^^^^^^^^^^^^^^^^^^^
  File "/home/airflow/.local/lib/python3.12/site-packages/airflow/models/dagbag.py", line 708, in _sync_to_db
    for attempt in run_with_db_retries(logger=log):
                   ^^^^^^^^^^^^^^^^^^^^^^^^^^^^^^^
  File "/home/airflow/.local/lib/python3.12/site-packages/tenacity/__init__.py", line 443, in __iter__
    do = self.iter(retry_state=retry_state)
         ^^^^^^^^^^^^^^^^^^^^^^^^^^^^^^^^^^
  File "/home/airflow/.local/lib/python3.12/site-packages/tenacity/__init__.py", line 376, in iter
    result = action(retry_state)
             ^^^^^^^^^^^^^^^^^^^
  File "/home/airflow/.local/lib/python3.12/site-packages/tenacity/__init__.py", line 418, in exc_check
    raise retry_exc.reraise()
          ^^^^^^^^^^^^^^^^^^^
  File "/home/airflow/.local/lib/python3.12/site-packages/tenacity/__init__.py", line 185, in reraise
    raise self.last_attempt.result()
          ^^^^^^^^^^^^^^^^^^^^^^^^^^
  File "/usr/local/lib/python3.12/concurrent/futures/_base.py", line 449, in result
    return self.__get_result()
           ^^^^^^^^^^^^^^^^^^^
  File "/usr/local/lib/python3.12/concurrent/futures/_base.py", line 401, in __get_result
    raise self._exception
  File "/home/airflow/.local/lib/python3.12/site-packages/airflow/models/dagbag.py", line 721, in _sync_to_db
    _serialize_dag_capturing_errors(dag, session, processor_subdir)
  File "/home/airflow/.local/lib/python3.12/site-packages/airflow/models/dagbag.py", line 686, in _serialize_dag_capturing_errors
    dag_was_updated = SerializedDagModel.write_dag(
                      ^^^^^^^^^^^^^^^^^^^^^^^^^^^^^
  File "/home/airflow/.local/lib/python3.12/site-packages/airflow/utils/session.py", line 94, in wrapper
    return func(*args, **kwargs)
           ^^^^^^^^^^^^^^^^^^^^^
  File "/home/airflow/.local/lib/python3.12/site-packages/airflow/models/serialized_dag.py", line 160, in write_dag
    if session.scalar(
       ^^^^^^^^^^^^^^^
  File "/home/airflow/.local/lib/python3.12/site-packages/sqlalchemy/orm/session.py", line 1747, in scalar
    return self.execute(
           ^^^^^^^^^^^^^
  File "/home/airflow/.local/lib/python3.12/site-packages/sqlalchemy/orm/session.py", line 1716, in execute
    conn = self._connection_for_bind(bind)
           ^^^^^^^^^^^^^^^^^^^^^^^^^^^^^^^
  File "/home/airflow/.local/lib/python3.12/site-packages/sqlalchemy/orm/session.py", line 1555, in _connection_for_bind
    return self._transaction._connection_for_bind(
           ^^^^^^^^^^^^^^^^^^^^^^^^^^^^^^^^^^^^^^^
  File "/home/airflow/.local/lib/python3.12/site-packages/sqlalchemy/orm/session.py", line 750, in _connection_for_bind
    conn = bind.connect()
           ^^^^^^^^^^^^^^
  File "/home/airflow/.local/lib/python3.12/site-packages/sqlalchemy/future/engine.py", line 412, in connect
    return super(Engine, self).connect()
           ^^^^^^^^^^^^^^^^^^^^^^^^^^^^^
  File "/home/airflow/.local/lib/python3.12/site-packages/sqlalchemy/engine/base.py", line 3325, in connect
    return self._connection_cls(self, close_with_result=close_with_result)
           ^^^^^^^^^^^^^^^^^^^^^^^^^^^^^^^^^^^^^^^^^^^^^^^^^^^^^^^^^^^^^^^
  File "/home/airflow/.local/lib/python3.12/site-packages/sqlalchemy/engine/base.py", line 96, in __init__
    else engine.raw_connection()
         ^^^^^^^^^^^^^^^^^^^^^^^
  File "/home/airflow/.local/lib/python3.12/site-packages/sqlalchemy/engine/base.py", line 3404, in raw_connection
    return self._wrap_pool_connect(self.pool.connect, _connection)
           ^^^^^^^^^^^^^^^^^^^^^^^^^^^^^^^^^^^^^^^^^^^^^^^^^^^^^^^
  File "/home/airflow/.local/lib/python3.12/site-packages/sqlalchemy/engine/base.py", line 3374, in _wrap_pool_connect
    Connection._handle_dbapi_exception_noconnection(
  File "/home/airflow/.local/lib/python3.12/site-packages/sqlalchemy/engine/base.py", line 2208, in _handle_dbapi_exception_noconnection
    util.raise_(
  File "/home/airflow/.local/lib/python3.12/site-packages/sqlalchemy/util/compat.py", line 211, in raise_
    raise exception
  File "/home/airflow/.local/lib/python3.12/site-packages/sqlalchemy/engine/base.py", line 3371, in _wrap_pool_connect
    return fn()
           ^^^^
  File "/home/airflow/.local/lib/python3.12/site-packages/sqlalchemy/pool/base.py", line 327, in connect
    return _ConnectionFairy._checkout(self)
           ^^^^^^^^^^^^^^^^^^^^^^^^^^^^^^^^
  File "/home/airflow/.local/lib/python3.12/site-packages/sqlalchemy/pool/base.py", line 894, in _checkout
    fairy = _ConnectionRecord.checkout(pool)
            ^^^^^^^^^^^^^^^^^^^^^^^^^^^^^^^^
  File "/home/airflow/.local/lib/python3.12/site-packages/sqlalchemy/pool/base.py", line 493, in checkout
    rec = pool._do_get()
          ^^^^^^^^^^^^^^
  File "/home/airflow/.local/lib/python3.12/site-packages/sqlalchemy/pool/impl.py", line 145, in _do_get
    with util.safe_reraise():
         ^^^^^^^^^^^^^^^^^^^
  File "/home/airflow/.local/lib/python3.12/site-packages/sqlalchemy/util/langhelpers.py", line 70, in __exit__
    compat.raise_(
  File "/home/airflow/.local/lib/python3.12/site-packages/sqlalchemy/util/compat.py", line 211, in raise_
    raise exception
  File "/home/airflow/.local/lib/python3.12/site-packages/sqlalchemy/pool/impl.py", line 143, in _do_get
    return self._create_connection()
           ^^^^^^^^^^^^^^^^^^^^^^^^^
  File "/home/airflow/.local/lib/python3.12/site-packages/sqlalchemy/pool/base.py", line 273, in _create_connection
    return _ConnectionRecord(self)
           ^^^^^^^^^^^^^^^^^^^^^^^
  File "/home/airflow/.local/lib/python3.12/site-packages/sqlalchemy/pool/base.py", line 388, in __init__
    self.__connect()
  File "/home/airflow/.local/lib/python3.12/site-packages/sqlalchemy/pool/base.py", line 690, in __connect
    with util.safe_reraise():
         ^^^^^^^^^^^^^^^^^^^
  File "/home/airflow/.local/lib/python3.12/site-packages/sqlalchemy/util/langhelpers.py", line 70, in __exit__
    compat.raise_(
  File "/home/airflow/.local/lib/python3.12/site-packages/sqlalchemy/util/compat.py", line 211, in raise_
    raise exception
  File "/home/airflow/.local/lib/python3.12/site-packages/sqlalchemy/pool/base.py", line 686, in __connect
    self.dbapi_connection = connection = pool._invoke_creator(self)
                                         ^^^^^^^^^^^^^^^^^^^^^^^^^^
  File "/home/airflow/.local/lib/python3.12/site-packages/sqlalchemy/engine/create.py", line 574, in connect
    return dialect.connect(*cargs, **cparams)
           ^^^^^^^^^^^^^^^^^^^^^^^^^^^^^^^^^^
  File "/home/airflow/.local/lib/python3.12/site-packages/sqlalchemy/engine/default.py", line 598, in connect
    return self.dbapi.connect(*cargs, **cparams)
           ^^^^^^^^^^^^^^^^^^^^^^^^^^^^^^^^^^^^^
  File "/home/airflow/.local/lib/python3.12/site-packages/psycopg2/__init__.py", line 122, in connect
    conn = _connect(dsn, connection_factory=connection_factory, **kwasync)
           ^^^^^^^^^^^^^^^^^^^^^^^^^^^^^^^^^^^^^^^^^^^^^^^^^^^^^^^^^^^^^^^
sqlalchemy.exc.OperationalError: (psycopg2.OperationalError) could not translate host name "postgres" to address: Temporary failure in name resolution

(Background on this error at: https://sqlalche.me/e/14/e3q8)
[2026-03-06T08:03:10.142+0000] {processor.py:186} INFO - Started process (PID=1967) to work on /opt/airflow/dags/master_processing_dag.py
[2026-03-06T08:03:10.143+0000] {processor.py:914} INFO - Processing file /opt/airflow/dags/master_processing_dag.py for tasks to queue
[2026-03-06T08:03:10.145+0000] {logging_mixin.py:190} INFO - [2026-03-06T08:03:10.145+0000] {dagbag.py:588} INFO - Filling up the DagBag from /opt/airflow/dags/master_processing_dag.py
[2026-03-06T08:03:10.193+0000] {processor.py:925} INFO - DAG(s) '01_master_processing_pipeline' retrieved from /opt/airflow/dags/master_processing_dag.py
[2026-03-06T08:03:10.943+0000] {logging_mixin.py:190} INFO - [2026-03-06T08:03:10.942+0000] {dag.py:3239} INFO - Sync 1 DAGs
[2026-03-06T08:03:11.063+0000] {logging_mixin.py:190} INFO - [2026-03-06T08:03:11.062+0000] {dag.py:4180} INFO - Setting next_dagrun for 01_master_processing_pipeline to 2026-03-06 00:00:00+00:00, run_after=2026-03-07 00:00:00+00:00
[2026-03-06T08:03:11.121+0000] {processor.py:208} INFO - Processing /opt/airflow/dags/master_processing_dag.py took 0.996 seconds
[2026-03-06T08:03:41.554+0000] {processor.py:186} INFO - Started process (PID=1977) to work on /opt/airflow/dags/master_processing_dag.py
[2026-03-06T08:03:41.556+0000] {processor.py:914} INFO - Processing file /opt/airflow/dags/master_processing_dag.py for tasks to queue
[2026-03-06T08:03:41.558+0000] {logging_mixin.py:190} INFO - [2026-03-06T08:03:41.558+0000] {dagbag.py:588} INFO - Filling up the DagBag from /opt/airflow/dags/master_processing_dag.py
[2026-03-06T08:03:41.596+0000] {processor.py:925} INFO - DAG(s) '01_master_processing_pipeline' retrieved from /opt/airflow/dags/master_processing_dag.py
[2026-03-06T08:03:41.638+0000] {logging_mixin.py:190} INFO - [2026-03-06T08:03:41.638+0000] {dag.py:3239} INFO - Sync 1 DAGs
[2026-03-06T08:03:41.666+0000] {logging_mixin.py:190} INFO - [2026-03-06T08:03:41.666+0000] {dag.py:4180} INFO - Setting next_dagrun for 01_master_processing_pipeline to 2026-03-06 00:00:00+00:00, run_after=2026-03-07 00:00:00+00:00
[2026-03-06T08:03:41.696+0000] {processor.py:208} INFO - Processing /opt/airflow/dags/master_processing_dag.py took 0.153 seconds
[2026-03-06T08:04:11.942+0000] {processor.py:186} INFO - Started process (PID=1987) to work on /opt/airflow/dags/master_processing_dag.py
[2026-03-06T08:04:11.944+0000] {processor.py:914} INFO - Processing file /opt/airflow/dags/master_processing_dag.py for tasks to queue
[2026-03-06T08:04:11.946+0000] {logging_mixin.py:190} INFO - [2026-03-06T08:04:11.946+0000] {dagbag.py:588} INFO - Filling up the DagBag from /opt/airflow/dags/master_processing_dag.py
[2026-03-06T08:04:11.976+0000] {processor.py:925} INFO - DAG(s) '01_master_processing_pipeline' retrieved from /opt/airflow/dags/master_processing_dag.py
[2026-03-06T08:04:12.012+0000] {logging_mixin.py:190} INFO - [2026-03-06T08:04:12.012+0000] {dag.py:3239} INFO - Sync 1 DAGs
[2026-03-06T08:04:12.043+0000] {logging_mixin.py:190} INFO - [2026-03-06T08:04:12.043+0000] {dag.py:4180} INFO - Setting next_dagrun for 01_master_processing_pipeline to 2026-03-06 00:00:00+00:00, run_after=2026-03-07 00:00:00+00:00
[2026-03-06T08:04:12.070+0000] {processor.py:208} INFO - Processing /opt/airflow/dags/master_processing_dag.py took 0.135 seconds
[2026-03-06T08:04:42.827+0000] {processor.py:186} INFO - Started process (PID=1997) to work on /opt/airflow/dags/master_processing_dag.py
[2026-03-06T08:04:42.830+0000] {processor.py:914} INFO - Processing file /opt/airflow/dags/master_processing_dag.py for tasks to queue
[2026-03-06T08:04:42.832+0000] {logging_mixin.py:190} INFO - [2026-03-06T08:04:42.832+0000] {dagbag.py:588} INFO - Filling up the DagBag from /opt/airflow/dags/master_processing_dag.py
[2026-03-06T08:04:42.866+0000] {processor.py:925} INFO - DAG(s) '01_master_processing_pipeline' retrieved from /opt/airflow/dags/master_processing_dag.py
[2026-03-06T08:04:42.904+0000] {logging_mixin.py:190} INFO - [2026-03-06T08:04:42.904+0000] {dag.py:3239} INFO - Sync 1 DAGs
[2026-03-06T08:04:42.934+0000] {logging_mixin.py:190} INFO - [2026-03-06T08:04:42.934+0000] {dag.py:4180} INFO - Setting next_dagrun for 01_master_processing_pipeline to 2026-03-06 00:00:00+00:00, run_after=2026-03-07 00:00:00+00:00
[2026-03-06T08:04:42.957+0000] {processor.py:208} INFO - Processing /opt/airflow/dags/master_processing_dag.py took 0.140 seconds
[2026-03-06T08:05:13.477+0000] {processor.py:186} INFO - Started process (PID=2166) to work on /opt/airflow/dags/master_processing_dag.py
[2026-03-06T08:05:13.478+0000] {processor.py:914} INFO - Processing file /opt/airflow/dags/master_processing_dag.py for tasks to queue
[2026-03-06T08:05:13.482+0000] {logging_mixin.py:190} INFO - [2026-03-06T08:05:13.479+0000] {dagbag.py:588} INFO - Filling up the DagBag from /opt/airflow/dags/master_processing_dag.py
[2026-03-06T08:05:13.535+0000] {processor.py:925} INFO - DAG(s) '01_master_processing_pipeline' retrieved from /opt/airflow/dags/master_processing_dag.py
[2026-03-06T08:05:13.720+0000] {logging_mixin.py:190} INFO - [2026-03-06T08:05:13.720+0000] {dag.py:3239} INFO - Sync 1 DAGs
[2026-03-06T08:05:13.758+0000] {logging_mixin.py:190} INFO - [2026-03-06T08:05:13.758+0000] {dag.py:4180} INFO - Setting next_dagrun for 01_master_processing_pipeline to 2026-03-06 00:00:00+00:00, run_after=2026-03-07 00:00:00+00:00
[2026-03-06T08:05:13.793+0000] {processor.py:208} INFO - Processing /opt/airflow/dags/master_processing_dag.py took 0.330 seconds
[2026-03-06T08:05:44.638+0000] {processor.py:186} INFO - Started process (PID=2436) to work on /opt/airflow/dags/master_processing_dag.py
[2026-03-06T08:05:44.639+0000] {processor.py:914} INFO - Processing file /opt/airflow/dags/master_processing_dag.py for tasks to queue
[2026-03-06T08:05:44.643+0000] {logging_mixin.py:190} INFO - [2026-03-06T08:05:44.641+0000] {dagbag.py:588} INFO - Filling up the DagBag from /opt/airflow/dags/master_processing_dag.py
[2026-03-06T08:05:44.687+0000] {processor.py:925} INFO - DAG(s) '01_master_processing_pipeline' retrieved from /opt/airflow/dags/master_processing_dag.py
[2026-03-06T08:05:44.753+0000] {logging_mixin.py:190} INFO - [2026-03-06T08:05:44.752+0000] {dag.py:3239} INFO - Sync 1 DAGs
[2026-03-06T08:05:44.789+0000] {logging_mixin.py:190} INFO - [2026-03-06T08:05:44.789+0000] {dag.py:4180} INFO - Setting next_dagrun for 01_master_processing_pipeline to 2026-03-06 00:00:00+00:00, run_after=2026-03-07 00:00:00+00:00
[2026-03-06T08:05:44.824+0000] {processor.py:208} INFO - Processing /opt/airflow/dags/master_processing_dag.py took 0.200 seconds
[2026-03-06T08:21:17.580+0000] {processor.py:186} INFO - Started process (PID=2522) to work on /opt/airflow/dags/master_processing_dag.py
[2026-03-06T08:21:17.637+0000] {processor.py:914} INFO - Processing file /opt/airflow/dags/master_processing_dag.py for tasks to queue
[2026-03-06T08:21:17.778+0000] {logging_mixin.py:190} INFO - [2026-03-06T08:21:17.748+0000] {dagbag.py:588} INFO - Filling up the DagBag from /opt/airflow/dags/master_processing_dag.py
[2026-03-06T08:21:21.174+0000] {processor.py:186} INFO - Started process (PID=2531) to work on /opt/airflow/dags/master_processing_dag.py
[2026-03-06T08:21:21.180+0000] {processor.py:914} INFO - Processing file /opt/airflow/dags/master_processing_dag.py for tasks to queue
[2026-03-06T08:21:21.200+0000] {logging_mixin.py:190} INFO - [2026-03-06T08:21:21.199+0000] {dagbag.py:588} INFO - Filling up the DagBag from /opt/airflow/dags/master_processing_dag.py
[2026-03-06T08:21:21.850+0000] {processor.py:925} INFO - DAG(s) '01_master_processing_pipeline' retrieved from /opt/airflow/dags/master_processing_dag.py
[2026-03-06T08:21:22.583+0000] {logging_mixin.py:190} INFO - [2026-03-06T08:21:22.567+0000] {taskinstance.py:3315} ERROR - {'DAG Id': '01_master_processing_pipeline', 'Task Id': 'process_music_lifecycle', 'Run Id': 'manual__2026-03-06T07:57:46.004240+00:00', 'Hostname': 'eb669c802a68'}
[2026-03-06T08:21:23.527+0000] {logging_mixin.py:190} INFO - [2026-03-06T08:21:23.527+0000] {taskinstance.py:1226} INFO - Marking task as UP_FOR_RETRY. dag_id=01_master_processing_pipeline, task_id=process_music_lifecycle, run_id=manual__2026-03-06T07:57:46.004240+00:00, execution_date=20260306T075746, start_date=20260306T080518, end_date=20260306T082122
[2026-03-06T08:21:24.027+0000] {logging_mixin.py:190} INFO - [2026-03-06T08:21:24.026+0000] {processor.py:876} INFO - Executed callback for <TaskInstance: 01_master_processing_pipeline.process_music_lifecycle manual__2026-03-06T07:57:46.004240+00:00 [up_for_retry]> in state up_for_retry
[2026-03-06T08:21:24.169+0000] {logging_mixin.py:190} INFO - [2026-03-06T08:21:24.168+0000] {dag.py:3239} INFO - Sync 1 DAGs
[2026-03-06T08:21:24.274+0000] {logging_mixin.py:190} INFO - [2026-03-06T08:21:24.274+0000] {dag.py:4180} INFO - Setting next_dagrun for 01_master_processing_pipeline to 2026-03-06 00:00:00+00:00, run_after=2026-03-07 00:00:00+00:00
[2026-03-06T08:21:24.360+0000] {processor.py:208} INFO - Processing /opt/airflow/dags/master_processing_dag.py took 3.252 seconds
[2026-03-06T08:21:55.593+0000] {processor.py:186} INFO - Started process (PID=2657) to work on /opt/airflow/dags/master_processing_dag.py
[2026-03-06T08:21:55.596+0000] {processor.py:914} INFO - Processing file /opt/airflow/dags/master_processing_dag.py for tasks to queue
[2026-03-06T08:21:55.600+0000] {logging_mixin.py:190} INFO - [2026-03-06T08:21:55.599+0000] {dagbag.py:588} INFO - Filling up the DagBag from /opt/airflow/dags/master_processing_dag.py
[2026-03-06T08:21:55.671+0000] {processor.py:925} INFO - DAG(s) '01_master_processing_pipeline' retrieved from /opt/airflow/dags/master_processing_dag.py
[2026-03-06T08:21:55.716+0000] {logging_mixin.py:190} INFO - [2026-03-06T08:21:55.715+0000] {dag.py:3239} INFO - Sync 1 DAGs
[2026-03-06T08:21:55.754+0000] {logging_mixin.py:190} INFO - [2026-03-06T08:21:55.754+0000] {dag.py:4180} INFO - Setting next_dagrun for 01_master_processing_pipeline to 2026-03-06 00:00:00+00:00, run_after=2026-03-07 00:00:00+00:00
[2026-03-06T08:21:55.791+0000] {processor.py:208} INFO - Processing /opt/airflow/dags/master_processing_dag.py took 0.221 seconds
[2026-03-06T08:22:26.263+0000] {processor.py:186} INFO - Started process (PID=2667) to work on /opt/airflow/dags/master_processing_dag.py
[2026-03-06T08:22:26.264+0000] {processor.py:914} INFO - Processing file /opt/airflow/dags/master_processing_dag.py for tasks to queue
[2026-03-06T08:22:26.266+0000] {logging_mixin.py:190} INFO - [2026-03-06T08:22:26.266+0000] {dagbag.py:588} INFO - Filling up the DagBag from /opt/airflow/dags/master_processing_dag.py
[2026-03-06T08:22:26.292+0000] {processor.py:925} INFO - DAG(s) '01_master_processing_pipeline' retrieved from /opt/airflow/dags/master_processing_dag.py
[2026-03-06T08:22:26.347+0000] {logging_mixin.py:190} INFO - [2026-03-06T08:22:26.347+0000] {dag.py:3239} INFO - Sync 1 DAGs
[2026-03-06T08:22:26.378+0000] {logging_mixin.py:190} INFO - [2026-03-06T08:22:26.378+0000] {dag.py:4180} INFO - Setting next_dagrun for 01_master_processing_pipeline to 2026-03-06 00:00:00+00:00, run_after=2026-03-07 00:00:00+00:00
[2026-03-06T08:22:26.423+0000] {processor.py:208} INFO - Processing /opt/airflow/dags/master_processing_dag.py took 0.168 seconds
[2026-03-06T08:22:56.506+0000] {processor.py:186} INFO - Started process (PID=2677) to work on /opt/airflow/dags/master_processing_dag.py
[2026-03-06T08:22:56.510+0000] {processor.py:914} INFO - Processing file /opt/airflow/dags/master_processing_dag.py for tasks to queue
[2026-03-06T08:22:56.513+0000] {logging_mixin.py:190} INFO - [2026-03-06T08:22:56.512+0000] {dagbag.py:588} INFO - Filling up the DagBag from /opt/airflow/dags/master_processing_dag.py
[2026-03-06T08:22:56.559+0000] {processor.py:925} INFO - DAG(s) '01_master_processing_pipeline' retrieved from /opt/airflow/dags/master_processing_dag.py
[2026-03-06T08:22:56.615+0000] {logging_mixin.py:190} INFO - [2026-03-06T08:22:56.615+0000] {dag.py:3239} INFO - Sync 1 DAGs
[2026-03-06T08:22:56.652+0000] {logging_mixin.py:190} INFO - [2026-03-06T08:22:56.652+0000] {dag.py:4180} INFO - Setting next_dagrun for 01_master_processing_pipeline to 2026-03-06 00:00:00+00:00, run_after=2026-03-07 00:00:00+00:00
[2026-03-06T08:22:56.684+0000] {processor.py:208} INFO - Processing /opt/airflow/dags/master_processing_dag.py took 0.192 seconds
[2026-03-06T08:23:26.924+0000] {processor.py:186} INFO - Started process (PID=2721) to work on /opt/airflow/dags/master_processing_dag.py
[2026-03-06T08:23:26.925+0000] {processor.py:914} INFO - Processing file /opt/airflow/dags/master_processing_dag.py for tasks to queue
[2026-03-06T08:23:26.927+0000] {logging_mixin.py:190} INFO - [2026-03-06T08:23:26.927+0000] {dagbag.py:588} INFO - Filling up the DagBag from /opt/airflow/dags/master_processing_dag.py
[2026-03-06T08:23:26.957+0000] {processor.py:925} INFO - DAG(s) '01_master_processing_pipeline' retrieved from /opt/airflow/dags/master_processing_dag.py
[2026-03-06T08:23:27.007+0000] {logging_mixin.py:190} INFO - [2026-03-06T08:23:27.007+0000] {dag.py:3239} INFO - Sync 1 DAGs
[2026-03-06T08:23:27.052+0000] {logging_mixin.py:190} INFO - [2026-03-06T08:23:27.052+0000] {dag.py:4180} INFO - Setting next_dagrun for 01_master_processing_pipeline to 2026-03-06 00:00:00+00:00, run_after=2026-03-07 00:00:00+00:00
[2026-03-06T08:23:27.085+0000] {processor.py:208} INFO - Processing /opt/airflow/dags/master_processing_dag.py took 0.170 seconds
[2026-03-06T08:23:57.523+0000] {processor.py:186} INFO - Started process (PID=3039) to work on /opt/airflow/dags/master_processing_dag.py
[2026-03-06T08:23:57.530+0000] {processor.py:914} INFO - Processing file /opt/airflow/dags/master_processing_dag.py for tasks to queue
[2026-03-06T08:23:57.552+0000] {logging_mixin.py:190} INFO - [2026-03-06T08:23:57.552+0000] {dagbag.py:588} INFO - Filling up the DagBag from /opt/airflow/dags/master_processing_dag.py
[2026-03-06T08:23:57.648+0000] {processor.py:925} INFO - DAG(s) '01_master_processing_pipeline' retrieved from /opt/airflow/dags/master_processing_dag.py
[2026-03-06T08:23:57.752+0000] {logging_mixin.py:190} INFO - [2026-03-06T08:23:57.752+0000] {dag.py:3239} INFO - Sync 1 DAGs
[2026-03-06T08:23:57.813+0000] {logging_mixin.py:190} INFO - [2026-03-06T08:23:57.812+0000] {dag.py:4180} INFO - Setting next_dagrun for 01_master_processing_pipeline to 2026-03-06 00:00:00+00:00, run_after=2026-03-07 00:00:00+00:00
[2026-03-06T08:23:57.855+0000] {processor.py:208} INFO - Processing /opt/airflow/dags/master_processing_dag.py took 0.375 seconds
[2026-03-06T08:24:28.317+0000] {processor.py:186} INFO - Started process (PID=3053) to work on /opt/airflow/dags/master_processing_dag.py
[2026-03-06T08:24:28.319+0000] {processor.py:914} INFO - Processing file /opt/airflow/dags/master_processing_dag.py for tasks to queue
[2026-03-06T08:24:28.322+0000] {logging_mixin.py:190} INFO - [2026-03-06T08:24:28.321+0000] {dagbag.py:588} INFO - Filling up the DagBag from /opt/airflow/dags/master_processing_dag.py
[2026-03-06T08:24:28.355+0000] {processor.py:925} INFO - DAG(s) '01_master_processing_pipeline' retrieved from /opt/airflow/dags/master_processing_dag.py
[2026-03-06T08:24:28.402+0000] {logging_mixin.py:190} INFO - [2026-03-06T08:24:28.402+0000] {dag.py:3239} INFO - Sync 1 DAGs
[2026-03-06T08:24:28.442+0000] {logging_mixin.py:190} INFO - [2026-03-06T08:24:28.441+0000] {dag.py:4180} INFO - Setting next_dagrun for 01_master_processing_pipeline to 2026-03-06 00:00:00+00:00, run_after=2026-03-07 00:00:00+00:00
[2026-03-06T08:24:28.473+0000] {processor.py:208} INFO - Processing /opt/airflow/dags/master_processing_dag.py took 0.169 seconds
[2026-03-06T08:24:59.017+0000] {processor.py:186} INFO - Started process (PID=3063) to work on /opt/airflow/dags/master_processing_dag.py
[2026-03-06T08:24:59.019+0000] {processor.py:914} INFO - Processing file /opt/airflow/dags/master_processing_dag.py for tasks to queue
[2026-03-06T08:24:59.021+0000] {logging_mixin.py:190} INFO - [2026-03-06T08:24:59.020+0000] {dagbag.py:588} INFO - Filling up the DagBag from /opt/airflow/dags/master_processing_dag.py
[2026-03-06T08:24:59.047+0000] {processor.py:925} INFO - DAG(s) '01_master_processing_pipeline' retrieved from /opt/airflow/dags/master_processing_dag.py
[2026-03-06T08:24:59.079+0000] {logging_mixin.py:190} INFO - [2026-03-06T08:24:59.079+0000] {dag.py:3239} INFO - Sync 1 DAGs
[2026-03-06T08:24:59.109+0000] {logging_mixin.py:190} INFO - [2026-03-06T08:24:59.109+0000] {dag.py:4180} INFO - Setting next_dagrun for 01_master_processing_pipeline to 2026-03-06 00:00:00+00:00, run_after=2026-03-07 00:00:00+00:00
[2026-03-06T08:24:59.137+0000] {processor.py:208} INFO - Processing /opt/airflow/dags/master_processing_dag.py took 0.129 seconds
[2026-03-06T08:25:29.456+0000] {processor.py:186} INFO - Started process (PID=3073) to work on /opt/airflow/dags/master_processing_dag.py
[2026-03-06T08:25:29.457+0000] {processor.py:914} INFO - Processing file /opt/airflow/dags/master_processing_dag.py for tasks to queue
[2026-03-06T08:25:29.459+0000] {logging_mixin.py:190} INFO - [2026-03-06T08:25:29.459+0000] {dagbag.py:588} INFO - Filling up the DagBag from /opt/airflow/dags/master_processing_dag.py
[2026-03-06T08:25:29.487+0000] {processor.py:925} INFO - DAG(s) '01_master_processing_pipeline' retrieved from /opt/airflow/dags/master_processing_dag.py
[2026-03-06T08:25:29.527+0000] {logging_mixin.py:190} INFO - [2026-03-06T08:25:29.527+0000] {dag.py:3239} INFO - Sync 1 DAGs
[2026-03-06T08:25:29.560+0000] {logging_mixin.py:190} INFO - [2026-03-06T08:25:29.560+0000] {dag.py:4180} INFO - Setting next_dagrun for 01_master_processing_pipeline to 2026-03-06 00:00:00+00:00, run_after=2026-03-07 00:00:00+00:00
[2026-03-06T08:25:29.600+0000] {processor.py:208} INFO - Processing /opt/airflow/dags/master_processing_dag.py took 0.153 seconds
[2026-03-06T08:26:00.059+0000] {processor.py:186} INFO - Started process (PID=3083) to work on /opt/airflow/dags/master_processing_dag.py
[2026-03-06T08:26:00.061+0000] {processor.py:914} INFO - Processing file /opt/airflow/dags/master_processing_dag.py for tasks to queue
[2026-03-06T08:26:00.062+0000] {logging_mixin.py:190} INFO - [2026-03-06T08:26:00.062+0000] {dagbag.py:588} INFO - Filling up the DagBag from /opt/airflow/dags/master_processing_dag.py
[2026-03-06T08:26:00.091+0000] {processor.py:925} INFO - DAG(s) '01_master_processing_pipeline' retrieved from /opt/airflow/dags/master_processing_dag.py
[2026-03-06T08:26:00.122+0000] {logging_mixin.py:190} INFO - [2026-03-06T08:26:00.122+0000] {dag.py:3239} INFO - Sync 1 DAGs
[2026-03-06T08:26:00.158+0000] {logging_mixin.py:190} INFO - [2026-03-06T08:26:00.155+0000] {dag.py:4180} INFO - Setting next_dagrun for 01_master_processing_pipeline to 2026-03-06 00:00:00+00:00, run_after=2026-03-07 00:00:00+00:00
[2026-03-06T08:26:00.192+0000] {processor.py:208} INFO - Processing /opt/airflow/dags/master_processing_dag.py took 0.144 seconds
[2026-03-06T08:26:30.501+0000] {processor.py:186} INFO - Started process (PID=3093) to work on /opt/airflow/dags/master_processing_dag.py
[2026-03-06T08:26:30.503+0000] {processor.py:914} INFO - Processing file /opt/airflow/dags/master_processing_dag.py for tasks to queue
[2026-03-06T08:26:30.505+0000] {logging_mixin.py:190} INFO - [2026-03-06T08:26:30.504+0000] {dagbag.py:588} INFO - Filling up the DagBag from /opt/airflow/dags/master_processing_dag.py
[2026-03-06T08:26:30.535+0000] {processor.py:925} INFO - DAG(s) '01_master_processing_pipeline' retrieved from /opt/airflow/dags/master_processing_dag.py
[2026-03-06T08:26:30.578+0000] {logging_mixin.py:190} INFO - [2026-03-06T08:26:30.577+0000] {dag.py:3239} INFO - Sync 1 DAGs
[2026-03-06T08:26:30.613+0000] {logging_mixin.py:190} INFO - [2026-03-06T08:26:30.613+0000] {dag.py:4180} INFO - Setting next_dagrun for 01_master_processing_pipeline to 2026-03-06 00:00:00+00:00, run_after=2026-03-07 00:00:00+00:00
[2026-03-06T08:26:30.645+0000] {processor.py:208} INFO - Processing /opt/airflow/dags/master_processing_dag.py took 0.156 seconds
[2026-03-06T08:27:01.084+0000] {processor.py:186} INFO - Started process (PID=3103) to work on /opt/airflow/dags/master_processing_dag.py
[2026-03-06T08:27:01.085+0000] {processor.py:914} INFO - Processing file /opt/airflow/dags/master_processing_dag.py for tasks to queue
[2026-03-06T08:27:01.087+0000] {logging_mixin.py:190} INFO - [2026-03-06T08:27:01.086+0000] {dagbag.py:588} INFO - Filling up the DagBag from /opt/airflow/dags/master_processing_dag.py
[2026-03-06T08:27:01.108+0000] {processor.py:925} INFO - DAG(s) '01_master_processing_pipeline' retrieved from /opt/airflow/dags/master_processing_dag.py
[2026-03-06T08:27:01.141+0000] {logging_mixin.py:190} INFO - [2026-03-06T08:27:01.141+0000] {dag.py:3239} INFO - Sync 1 DAGs
[2026-03-06T08:27:01.170+0000] {logging_mixin.py:190} INFO - [2026-03-06T08:27:01.170+0000] {dag.py:4180} INFO - Setting next_dagrun for 01_master_processing_pipeline to 2026-03-06 00:00:00+00:00, run_after=2026-03-07 00:00:00+00:00
[2026-03-06T08:27:01.202+0000] {processor.py:208} INFO - Processing /opt/airflow/dags/master_processing_dag.py took 0.125 seconds
[2026-03-06T08:27:31.545+0000] {processor.py:186} INFO - Started process (PID=3113) to work on /opt/airflow/dags/master_processing_dag.py
[2026-03-06T08:27:31.546+0000] {processor.py:914} INFO - Processing file /opt/airflow/dags/master_processing_dag.py for tasks to queue
[2026-03-06T08:27:31.548+0000] {logging_mixin.py:190} INFO - [2026-03-06T08:27:31.547+0000] {dagbag.py:588} INFO - Filling up the DagBag from /opt/airflow/dags/master_processing_dag.py
[2026-03-06T08:27:31.569+0000] {processor.py:925} INFO - DAG(s) '01_master_processing_pipeline' retrieved from /opt/airflow/dags/master_processing_dag.py
[2026-03-06T08:27:31.602+0000] {logging_mixin.py:190} INFO - [2026-03-06T08:27:31.602+0000] {dag.py:3239} INFO - Sync 1 DAGs
[2026-03-06T08:27:31.632+0000] {logging_mixin.py:190} INFO - [2026-03-06T08:27:31.631+0000] {dag.py:4180} INFO - Setting next_dagrun for 01_master_processing_pipeline to 2026-03-06 00:00:00+00:00, run_after=2026-03-07 00:00:00+00:00
[2026-03-06T08:27:31.661+0000] {processor.py:208} INFO - Processing /opt/airflow/dags/master_processing_dag.py took 0.122 seconds
[2026-03-06T08:28:01.997+0000] {processor.py:186} INFO - Started process (PID=3123) to work on /opt/airflow/dags/master_processing_dag.py
[2026-03-06T08:28:01.998+0000] {processor.py:914} INFO - Processing file /opt/airflow/dags/master_processing_dag.py for tasks to queue
[2026-03-06T08:28:02.000+0000] {logging_mixin.py:190} INFO - [2026-03-06T08:28:02.000+0000] {dagbag.py:588} INFO - Filling up the DagBag from /opt/airflow/dags/master_processing_dag.py
[2026-03-06T08:28:02.022+0000] {processor.py:925} INFO - DAG(s) '01_master_processing_pipeline' retrieved from /opt/airflow/dags/master_processing_dag.py
[2026-03-06T08:28:02.058+0000] {logging_mixin.py:190} INFO - [2026-03-06T08:28:02.057+0000] {dag.py:3239} INFO - Sync 1 DAGs
[2026-03-06T08:28:02.090+0000] {logging_mixin.py:190} INFO - [2026-03-06T08:28:02.090+0000] {dag.py:4180} INFO - Setting next_dagrun for 01_master_processing_pipeline to 2026-03-06 00:00:00+00:00, run_after=2026-03-07 00:00:00+00:00
[2026-03-06T08:28:02.123+0000] {processor.py:208} INFO - Processing /opt/airflow/dags/master_processing_dag.py took 0.133 seconds
[2026-03-06T08:28:32.482+0000] {processor.py:186} INFO - Started process (PID=3133) to work on /opt/airflow/dags/master_processing_dag.py
[2026-03-06T08:28:32.483+0000] {processor.py:914} INFO - Processing file /opt/airflow/dags/master_processing_dag.py for tasks to queue
[2026-03-06T08:28:32.485+0000] {logging_mixin.py:190} INFO - [2026-03-06T08:28:32.484+0000] {dagbag.py:588} INFO - Filling up the DagBag from /opt/airflow/dags/master_processing_dag.py
[2026-03-06T08:28:32.510+0000] {processor.py:925} INFO - DAG(s) '01_master_processing_pipeline' retrieved from /opt/airflow/dags/master_processing_dag.py
[2026-03-06T08:28:32.545+0000] {logging_mixin.py:190} INFO - [2026-03-06T08:28:32.544+0000] {dag.py:3239} INFO - Sync 1 DAGs
[2026-03-06T08:28:32.582+0000] {logging_mixin.py:190} INFO - [2026-03-06T08:28:32.582+0000] {dag.py:4180} INFO - Setting next_dagrun for 01_master_processing_pipeline to 2026-03-06 00:00:00+00:00, run_after=2026-03-07 00:00:00+00:00
[2026-03-06T08:28:32.616+0000] {processor.py:208} INFO - Processing /opt/airflow/dags/master_processing_dag.py took 0.141 seconds
[2026-03-06T08:29:02.982+0000] {processor.py:186} INFO - Started process (PID=3143) to work on /opt/airflow/dags/master_processing_dag.py
[2026-03-06T08:29:02.983+0000] {processor.py:914} INFO - Processing file /opt/airflow/dags/master_processing_dag.py for tasks to queue
[2026-03-06T08:29:02.985+0000] {logging_mixin.py:190} INFO - [2026-03-06T08:29:02.984+0000] {dagbag.py:588} INFO - Filling up the DagBag from /opt/airflow/dags/master_processing_dag.py
[2026-03-06T08:29:03.006+0000] {processor.py:925} INFO - DAG(s) '01_master_processing_pipeline' retrieved from /opt/airflow/dags/master_processing_dag.py
[2026-03-06T08:29:03.043+0000] {logging_mixin.py:190} INFO - [2026-03-06T08:29:03.043+0000] {dag.py:3239} INFO - Sync 1 DAGs
[2026-03-06T08:29:03.075+0000] {logging_mixin.py:190} INFO - [2026-03-06T08:29:03.075+0000] {dag.py:4180} INFO - Setting next_dagrun for 01_master_processing_pipeline to 2026-03-06 00:00:00+00:00, run_after=2026-03-07 00:00:00+00:00
[2026-03-06T08:29:03.106+0000] {processor.py:208} INFO - Processing /opt/airflow/dags/master_processing_dag.py took 0.130 seconds
[2026-03-06T08:29:33.579+0000] {processor.py:186} INFO - Started process (PID=3153) to work on /opt/airflow/dags/master_processing_dag.py
[2026-03-06T08:29:33.580+0000] {processor.py:914} INFO - Processing file /opt/airflow/dags/master_processing_dag.py for tasks to queue
[2026-03-06T08:29:33.581+0000] {logging_mixin.py:190} INFO - [2026-03-06T08:29:33.581+0000] {dagbag.py:588} INFO - Filling up the DagBag from /opt/airflow/dags/master_processing_dag.py
[2026-03-06T08:29:33.605+0000] {processor.py:925} INFO - DAG(s) '01_master_processing_pipeline' retrieved from /opt/airflow/dags/master_processing_dag.py
[2026-03-06T08:29:33.640+0000] {logging_mixin.py:190} INFO - [2026-03-06T08:29:33.640+0000] {dag.py:3239} INFO - Sync 1 DAGs
[2026-03-06T08:29:33.670+0000] {logging_mixin.py:190} INFO - [2026-03-06T08:29:33.670+0000] {dag.py:4180} INFO - Setting next_dagrun for 01_master_processing_pipeline to 2026-03-06 00:00:00+00:00, run_after=2026-03-07 00:00:00+00:00
[2026-03-06T08:29:33.701+0000] {processor.py:208} INFO - Processing /opt/airflow/dags/master_processing_dag.py took 0.130 seconds
[2026-03-06T08:30:04.057+0000] {processor.py:186} INFO - Started process (PID=3163) to work on /opt/airflow/dags/master_processing_dag.py
[2026-03-06T08:30:04.058+0000] {processor.py:914} INFO - Processing file /opt/airflow/dags/master_processing_dag.py for tasks to queue
[2026-03-06T08:30:04.060+0000] {logging_mixin.py:190} INFO - [2026-03-06T08:30:04.060+0000] {dagbag.py:588} INFO - Filling up the DagBag from /opt/airflow/dags/master_processing_dag.py
[2026-03-06T08:30:04.083+0000] {processor.py:925} INFO - DAG(s) '01_master_processing_pipeline' retrieved from /opt/airflow/dags/master_processing_dag.py
[2026-03-06T08:30:04.115+0000] {logging_mixin.py:190} INFO - [2026-03-06T08:30:04.115+0000] {dag.py:3239} INFO - Sync 1 DAGs
[2026-03-06T08:30:04.146+0000] {logging_mixin.py:190} INFO - [2026-03-06T08:30:04.146+0000] {dag.py:4180} INFO - Setting next_dagrun for 01_master_processing_pipeline to 2026-03-06 00:00:00+00:00, run_after=2026-03-07 00:00:00+00:00
[2026-03-06T08:30:04.176+0000] {processor.py:208} INFO - Processing /opt/airflow/dags/master_processing_dag.py took 0.127 seconds
[2026-03-06T08:30:34.503+0000] {processor.py:186} INFO - Started process (PID=3173) to work on /opt/airflow/dags/master_processing_dag.py
[2026-03-06T08:30:34.505+0000] {processor.py:914} INFO - Processing file /opt/airflow/dags/master_processing_dag.py for tasks to queue
[2026-03-06T08:30:34.507+0000] {logging_mixin.py:190} INFO - [2026-03-06T08:30:34.507+0000] {dagbag.py:588} INFO - Filling up the DagBag from /opt/airflow/dags/master_processing_dag.py
[2026-03-06T08:30:34.529+0000] {processor.py:925} INFO - DAG(s) '01_master_processing_pipeline' retrieved from /opt/airflow/dags/master_processing_dag.py
[2026-03-06T08:30:34.567+0000] {logging_mixin.py:190} INFO - [2026-03-06T08:30:34.567+0000] {dag.py:3239} INFO - Sync 1 DAGs
[2026-03-06T08:30:34.603+0000] {logging_mixin.py:190} INFO - [2026-03-06T08:30:34.603+0000] {dag.py:4180} INFO - Setting next_dagrun for 01_master_processing_pipeline to 2026-03-06 00:00:00+00:00, run_after=2026-03-07 00:00:00+00:00
[2026-03-06T08:30:34.633+0000] {processor.py:208} INFO - Processing /opt/airflow/dags/master_processing_dag.py took 0.138 seconds
[2026-03-06T08:31:05.003+0000] {processor.py:186} INFO - Started process (PID=3183) to work on /opt/airflow/dags/master_processing_dag.py
[2026-03-06T08:31:05.004+0000] {processor.py:914} INFO - Processing file /opt/airflow/dags/master_processing_dag.py for tasks to queue
[2026-03-06T08:31:05.006+0000] {logging_mixin.py:190} INFO - [2026-03-06T08:31:05.005+0000] {dagbag.py:588} INFO - Filling up the DagBag from /opt/airflow/dags/master_processing_dag.py
[2026-03-06T08:31:05.026+0000] {processor.py:925} INFO - DAG(s) '01_master_processing_pipeline' retrieved from /opt/airflow/dags/master_processing_dag.py
[2026-03-06T08:31:05.058+0000] {logging_mixin.py:190} INFO - [2026-03-06T08:31:05.057+0000] {dag.py:3239} INFO - Sync 1 DAGs
[2026-03-06T08:31:05.088+0000] {logging_mixin.py:190} INFO - [2026-03-06T08:31:05.087+0000] {dag.py:4180} INFO - Setting next_dagrun for 01_master_processing_pipeline to 2026-03-06 00:00:00+00:00, run_after=2026-03-07 00:00:00+00:00
[2026-03-06T08:31:05.118+0000] {processor.py:208} INFO - Processing /opt/airflow/dags/master_processing_dag.py took 0.122 seconds
[2026-03-06T08:31:35.590+0000] {processor.py:186} INFO - Started process (PID=3193) to work on /opt/airflow/dags/master_processing_dag.py
[2026-03-06T08:31:35.595+0000] {processor.py:914} INFO - Processing file /opt/airflow/dags/master_processing_dag.py for tasks to queue
[2026-03-06T08:31:35.600+0000] {logging_mixin.py:190} INFO - [2026-03-06T08:31:35.598+0000] {dagbag.py:588} INFO - Filling up the DagBag from /opt/airflow/dags/master_processing_dag.py
[2026-03-06T08:31:35.633+0000] {processor.py:925} INFO - DAG(s) '01_master_processing_pipeline' retrieved from /opt/airflow/dags/master_processing_dag.py
[2026-03-06T08:31:35.674+0000] {logging_mixin.py:190} INFO - [2026-03-06T08:31:35.673+0000] {dag.py:3239} INFO - Sync 1 DAGs
[2026-03-06T08:31:35.704+0000] {logging_mixin.py:190} INFO - [2026-03-06T08:31:35.704+0000] {dag.py:4180} INFO - Setting next_dagrun for 01_master_processing_pipeline to 2026-03-06 00:00:00+00:00, run_after=2026-03-07 00:00:00+00:00
[2026-03-06T08:31:35.729+0000] {processor.py:208} INFO - Processing /opt/airflow/dags/master_processing_dag.py took 0.148 seconds
[2026-03-06T08:32:06.018+0000] {processor.py:186} INFO - Started process (PID=3203) to work on /opt/airflow/dags/master_processing_dag.py
[2026-03-06T08:32:06.019+0000] {processor.py:914} INFO - Processing file /opt/airflow/dags/master_processing_dag.py for tasks to queue
[2026-03-06T08:32:06.021+0000] {logging_mixin.py:190} INFO - [2026-03-06T08:32:06.020+0000] {dagbag.py:588} INFO - Filling up the DagBag from /opt/airflow/dags/master_processing_dag.py
[2026-03-06T08:32:06.040+0000] {processor.py:925} INFO - DAG(s) '01_master_processing_pipeline' retrieved from /opt/airflow/dags/master_processing_dag.py
[2026-03-06T08:32:06.080+0000] {logging_mixin.py:190} INFO - [2026-03-06T08:32:06.080+0000] {dag.py:3239} INFO - Sync 1 DAGs
[2026-03-06T08:32:06.112+0000] {logging_mixin.py:190} INFO - [2026-03-06T08:32:06.111+0000] {dag.py:4180} INFO - Setting next_dagrun for 01_master_processing_pipeline to 2026-03-06 00:00:00+00:00, run_after=2026-03-07 00:00:00+00:00
[2026-03-06T08:32:06.145+0000] {processor.py:208} INFO - Processing /opt/airflow/dags/master_processing_dag.py took 0.133 seconds
[2026-03-06T08:32:36.588+0000] {processor.py:186} INFO - Started process (PID=3213) to work on /opt/airflow/dags/master_processing_dag.py
[2026-03-06T08:32:36.589+0000] {processor.py:914} INFO - Processing file /opt/airflow/dags/master_processing_dag.py for tasks to queue
[2026-03-06T08:32:36.591+0000] {logging_mixin.py:190} INFO - [2026-03-06T08:32:36.590+0000] {dagbag.py:588} INFO - Filling up the DagBag from /opt/airflow/dags/master_processing_dag.py
[2026-03-06T08:32:36.619+0000] {processor.py:925} INFO - DAG(s) '01_master_processing_pipeline' retrieved from /opt/airflow/dags/master_processing_dag.py
[2026-03-06T08:32:36.654+0000] {logging_mixin.py:190} INFO - [2026-03-06T08:32:36.653+0000] {dag.py:3239} INFO - Sync 1 DAGs
[2026-03-06T08:32:36.684+0000] {logging_mixin.py:190} INFO - [2026-03-06T08:32:36.684+0000] {dag.py:4180} INFO - Setting next_dagrun for 01_master_processing_pipeline to 2026-03-06 00:00:00+00:00, run_after=2026-03-07 00:00:00+00:00
[2026-03-06T08:32:36.718+0000] {processor.py:208} INFO - Processing /opt/airflow/dags/master_processing_dag.py took 0.138 seconds
[2026-03-06T08:33:06.993+0000] {processor.py:186} INFO - Started process (PID=3223) to work on /opt/airflow/dags/master_processing_dag.py
[2026-03-06T08:33:06.995+0000] {processor.py:914} INFO - Processing file /opt/airflow/dags/master_processing_dag.py for tasks to queue
[2026-03-06T08:33:06.996+0000] {logging_mixin.py:190} INFO - [2026-03-06T08:33:06.996+0000] {dagbag.py:588} INFO - Filling up the DagBag from /opt/airflow/dags/master_processing_dag.py
[2026-03-06T08:33:07.017+0000] {processor.py:925} INFO - DAG(s) '01_master_processing_pipeline' retrieved from /opt/airflow/dags/master_processing_dag.py
[2026-03-06T08:33:07.050+0000] {logging_mixin.py:190} INFO - [2026-03-06T08:33:07.050+0000] {dag.py:3239} INFO - Sync 1 DAGs
[2026-03-06T08:33:07.079+0000] {logging_mixin.py:190} INFO - [2026-03-06T08:33:07.078+0000] {dag.py:4180} INFO - Setting next_dagrun for 01_master_processing_pipeline to 2026-03-06 00:00:00+00:00, run_after=2026-03-07 00:00:00+00:00
[2026-03-06T08:33:07.108+0000] {processor.py:208} INFO - Processing /opt/airflow/dags/master_processing_dag.py took 0.121 seconds
[2026-03-06T08:33:37.576+0000] {processor.py:186} INFO - Started process (PID=3233) to work on /opt/airflow/dags/master_processing_dag.py
[2026-03-06T08:33:37.577+0000] {processor.py:914} INFO - Processing file /opt/airflow/dags/master_processing_dag.py for tasks to queue
[2026-03-06T08:33:37.579+0000] {logging_mixin.py:190} INFO - [2026-03-06T08:33:37.579+0000] {dagbag.py:588} INFO - Filling up the DagBag from /opt/airflow/dags/master_processing_dag.py
[2026-03-06T08:33:37.600+0000] {processor.py:925} INFO - DAG(s) '01_master_processing_pipeline' retrieved from /opt/airflow/dags/master_processing_dag.py
[2026-03-06T08:33:37.633+0000] {logging_mixin.py:190} INFO - [2026-03-06T08:33:37.632+0000] {dag.py:3239} INFO - Sync 1 DAGs
[2026-03-06T08:33:37.660+0000] {logging_mixin.py:190} INFO - [2026-03-06T08:33:37.660+0000] {dag.py:4180} INFO - Setting next_dagrun for 01_master_processing_pipeline to 2026-03-06 00:00:00+00:00, run_after=2026-03-07 00:00:00+00:00
[2026-03-06T08:33:37.690+0000] {processor.py:208} INFO - Processing /opt/airflow/dags/master_processing_dag.py took 0.121 seconds
[2026-03-06T08:34:08.206+0000] {processor.py:186} INFO - Started process (PID=3243) to work on /opt/airflow/dags/master_processing_dag.py
[2026-03-06T08:34:08.207+0000] {processor.py:914} INFO - Processing file /opt/airflow/dags/master_processing_dag.py for tasks to queue
[2026-03-06T08:34:08.210+0000] {logging_mixin.py:190} INFO - [2026-03-06T08:34:08.209+0000] {dagbag.py:588} INFO - Filling up the DagBag from /opt/airflow/dags/master_processing_dag.py
[2026-03-06T08:34:08.230+0000] {processor.py:925} INFO - DAG(s) '01_master_processing_pipeline' retrieved from /opt/airflow/dags/master_processing_dag.py
[2026-03-06T08:34:08.262+0000] {logging_mixin.py:190} INFO - [2026-03-06T08:34:08.262+0000] {dag.py:3239} INFO - Sync 1 DAGs
[2026-03-06T08:34:08.291+0000] {logging_mixin.py:190} INFO - [2026-03-06T08:34:08.291+0000] {dag.py:4180} INFO - Setting next_dagrun for 01_master_processing_pipeline to 2026-03-06 00:00:00+00:00, run_after=2026-03-07 00:00:00+00:00
[2026-03-06T08:34:08.321+0000] {processor.py:208} INFO - Processing /opt/airflow/dags/master_processing_dag.py took 0.122 seconds
[2026-03-06T08:34:38.660+0000] {processor.py:186} INFO - Started process (PID=3253) to work on /opt/airflow/dags/master_processing_dag.py
[2026-03-06T08:34:38.661+0000] {processor.py:914} INFO - Processing file /opt/airflow/dags/master_processing_dag.py for tasks to queue
[2026-03-06T08:34:38.663+0000] {logging_mixin.py:190} INFO - [2026-03-06T08:34:38.662+0000] {dagbag.py:588} INFO - Filling up the DagBag from /opt/airflow/dags/master_processing_dag.py
[2026-03-06T08:34:38.683+0000] {processor.py:925} INFO - DAG(s) '01_master_processing_pipeline' retrieved from /opt/airflow/dags/master_processing_dag.py
[2026-03-06T08:34:38.719+0000] {logging_mixin.py:190} INFO - [2026-03-06T08:34:38.719+0000] {dag.py:3239} INFO - Sync 1 DAGs
[2026-03-06T08:34:38.749+0000] {logging_mixin.py:190} INFO - [2026-03-06T08:34:38.748+0000] {dag.py:4180} INFO - Setting next_dagrun for 01_master_processing_pipeline to 2026-03-06 00:00:00+00:00, run_after=2026-03-07 00:00:00+00:00
[2026-03-06T08:34:38.775+0000] {processor.py:208} INFO - Processing /opt/airflow/dags/master_processing_dag.py took 0.123 seconds
[2026-03-06T08:35:09.155+0000] {processor.py:186} INFO - Started process (PID=3263) to work on /opt/airflow/dags/master_processing_dag.py
[2026-03-06T08:35:09.156+0000] {processor.py:914} INFO - Processing file /opt/airflow/dags/master_processing_dag.py for tasks to queue
[2026-03-06T08:35:09.158+0000] {logging_mixin.py:190} INFO - [2026-03-06T08:35:09.158+0000] {dagbag.py:588} INFO - Filling up the DagBag from /opt/airflow/dags/master_processing_dag.py
[2026-03-06T08:35:09.183+0000] {processor.py:925} INFO - DAG(s) '01_master_processing_pipeline' retrieved from /opt/airflow/dags/master_processing_dag.py
[2026-03-06T08:35:09.220+0000] {logging_mixin.py:190} INFO - [2026-03-06T08:35:09.220+0000] {dag.py:3239} INFO - Sync 1 DAGs
[2026-03-06T08:35:09.252+0000] {logging_mixin.py:190} INFO - [2026-03-06T08:35:09.252+0000] {dag.py:4180} INFO - Setting next_dagrun for 01_master_processing_pipeline to 2026-03-06 00:00:00+00:00, run_after=2026-03-07 00:00:00+00:00
[2026-03-06T08:35:09.284+0000] {processor.py:208} INFO - Processing /opt/airflow/dags/master_processing_dag.py took 0.136 seconds
[2026-03-06T08:35:39.604+0000] {processor.py:186} INFO - Started process (PID=3273) to work on /opt/airflow/dags/master_processing_dag.py
[2026-03-06T08:35:39.605+0000] {processor.py:914} INFO - Processing file /opt/airflow/dags/master_processing_dag.py for tasks to queue
[2026-03-06T08:35:39.607+0000] {logging_mixin.py:190} INFO - [2026-03-06T08:35:39.607+0000] {dagbag.py:588} INFO - Filling up the DagBag from /opt/airflow/dags/master_processing_dag.py
[2026-03-06T08:35:39.631+0000] {processor.py:925} INFO - DAG(s) '01_master_processing_pipeline' retrieved from /opt/airflow/dags/master_processing_dag.py
[2026-03-06T08:35:39.663+0000] {logging_mixin.py:190} INFO - [2026-03-06T08:35:39.663+0000] {dag.py:3239} INFO - Sync 1 DAGs
[2026-03-06T08:35:39.701+0000] {logging_mixin.py:190} INFO - [2026-03-06T08:35:39.701+0000] {dag.py:4180} INFO - Setting next_dagrun for 01_master_processing_pipeline to 2026-03-06 00:00:00+00:00, run_after=2026-03-07 00:00:00+00:00
[2026-03-06T08:35:39.739+0000] {processor.py:208} INFO - Processing /opt/airflow/dags/master_processing_dag.py took 0.142 seconds
[2026-03-06T08:36:10.160+0000] {processor.py:186} INFO - Started process (PID=3283) to work on /opt/airflow/dags/master_processing_dag.py
[2026-03-06T08:36:10.162+0000] {processor.py:914} INFO - Processing file /opt/airflow/dags/master_processing_dag.py for tasks to queue
[2026-03-06T08:36:10.164+0000] {logging_mixin.py:190} INFO - [2026-03-06T08:36:10.164+0000] {dagbag.py:588} INFO - Filling up the DagBag from /opt/airflow/dags/master_processing_dag.py
[2026-03-06T08:36:10.189+0000] {processor.py:925} INFO - DAG(s) '01_master_processing_pipeline' retrieved from /opt/airflow/dags/master_processing_dag.py
[2026-03-06T08:36:10.225+0000] {logging_mixin.py:190} INFO - [2026-03-06T08:36:10.225+0000] {dag.py:3239} INFO - Sync 1 DAGs
[2026-03-06T08:36:10.258+0000] {logging_mixin.py:190} INFO - [2026-03-06T08:36:10.258+0000] {dag.py:4180} INFO - Setting next_dagrun for 01_master_processing_pipeline to 2026-03-06 00:00:00+00:00, run_after=2026-03-07 00:00:00+00:00
[2026-03-06T08:36:10.286+0000] {processor.py:208} INFO - Processing /opt/airflow/dags/master_processing_dag.py took 0.138 seconds
[2026-03-06T08:36:40.541+0000] {processor.py:186} INFO - Started process (PID=3293) to work on /opt/airflow/dags/master_processing_dag.py
[2026-03-06T08:36:40.542+0000] {processor.py:914} INFO - Processing file /opt/airflow/dags/master_processing_dag.py for tasks to queue
[2026-03-06T08:36:40.544+0000] {logging_mixin.py:190} INFO - [2026-03-06T08:36:40.544+0000] {dagbag.py:588} INFO - Filling up the DagBag from /opt/airflow/dags/master_processing_dag.py
[2026-03-06T08:36:40.573+0000] {processor.py:925} INFO - DAG(s) '01_master_processing_pipeline' retrieved from /opt/airflow/dags/master_processing_dag.py
[2026-03-06T08:36:40.610+0000] {logging_mixin.py:190} INFO - [2026-03-06T08:36:40.610+0000] {dag.py:3239} INFO - Sync 1 DAGs
[2026-03-06T08:36:40.644+0000] {logging_mixin.py:190} INFO - [2026-03-06T08:36:40.644+0000] {dag.py:4180} INFO - Setting next_dagrun for 01_master_processing_pipeline to 2026-03-06 00:00:00+00:00, run_after=2026-03-07 00:00:00+00:00
[2026-03-06T08:36:40.677+0000] {processor.py:208} INFO - Processing /opt/airflow/dags/master_processing_dag.py took 0.145 seconds
[2026-03-06T08:37:11.093+0000] {processor.py:186} INFO - Started process (PID=3303) to work on /opt/airflow/dags/master_processing_dag.py
[2026-03-06T08:37:11.095+0000] {processor.py:914} INFO - Processing file /opt/airflow/dags/master_processing_dag.py for tasks to queue
[2026-03-06T08:37:11.096+0000] {logging_mixin.py:190} INFO - [2026-03-06T08:37:11.096+0000] {dagbag.py:588} INFO - Filling up the DagBag from /opt/airflow/dags/master_processing_dag.py
[2026-03-06T08:37:11.122+0000] {processor.py:925} INFO - DAG(s) '01_master_processing_pipeline' retrieved from /opt/airflow/dags/master_processing_dag.py
[2026-03-06T08:37:11.161+0000] {logging_mixin.py:190} INFO - [2026-03-06T08:37:11.161+0000] {dag.py:3239} INFO - Sync 1 DAGs
[2026-03-06T08:37:11.194+0000] {logging_mixin.py:190} INFO - [2026-03-06T08:37:11.194+0000] {dag.py:4180} INFO - Setting next_dagrun for 01_master_processing_pipeline to 2026-03-06 00:00:00+00:00, run_after=2026-03-07 00:00:00+00:00
[2026-03-06T08:37:11.218+0000] {processor.py:208} INFO - Processing /opt/airflow/dags/master_processing_dag.py took 0.132 seconds
[2026-03-06T08:37:41.580+0000] {processor.py:186} INFO - Started process (PID=3313) to work on /opt/airflow/dags/master_processing_dag.py
[2026-03-06T08:37:41.581+0000] {processor.py:914} INFO - Processing file /opt/airflow/dags/master_processing_dag.py for tasks to queue
[2026-03-06T08:37:41.583+0000] {logging_mixin.py:190} INFO - [2026-03-06T08:37:41.582+0000] {dagbag.py:588} INFO - Filling up the DagBag from /opt/airflow/dags/master_processing_dag.py
[2026-03-06T08:37:41.604+0000] {processor.py:925} INFO - DAG(s) '01_master_processing_pipeline' retrieved from /opt/airflow/dags/master_processing_dag.py
[2026-03-06T08:37:41.638+0000] {logging_mixin.py:190} INFO - [2026-03-06T08:37:41.638+0000] {dag.py:3239} INFO - Sync 1 DAGs
[2026-03-06T08:37:41.667+0000] {logging_mixin.py:190} INFO - [2026-03-06T08:37:41.667+0000] {dag.py:4180} INFO - Setting next_dagrun for 01_master_processing_pipeline to 2026-03-06 00:00:00+00:00, run_after=2026-03-07 00:00:00+00:00
[2026-03-06T08:37:41.694+0000] {processor.py:208} INFO - Processing /opt/airflow/dags/master_processing_dag.py took 0.120 seconds
[2026-03-06T08:38:12.107+0000] {processor.py:186} INFO - Started process (PID=3323) to work on /opt/airflow/dags/master_processing_dag.py
[2026-03-06T08:38:12.108+0000] {processor.py:914} INFO - Processing file /opt/airflow/dags/master_processing_dag.py for tasks to queue
[2026-03-06T08:38:12.110+0000] {logging_mixin.py:190} INFO - [2026-03-06T08:38:12.110+0000] {dagbag.py:588} INFO - Filling up the DagBag from /opt/airflow/dags/master_processing_dag.py
[2026-03-06T08:38:12.135+0000] {processor.py:925} INFO - DAG(s) '01_master_processing_pipeline' retrieved from /opt/airflow/dags/master_processing_dag.py
[2026-03-06T08:38:12.169+0000] {logging_mixin.py:190} INFO - [2026-03-06T08:38:12.169+0000] {dag.py:3239} INFO - Sync 1 DAGs
[2026-03-06T08:38:12.197+0000] {logging_mixin.py:190} INFO - [2026-03-06T08:38:12.197+0000] {dag.py:4180} INFO - Setting next_dagrun for 01_master_processing_pipeline to 2026-03-06 00:00:00+00:00, run_after=2026-03-07 00:00:00+00:00
[2026-03-06T08:38:12.228+0000] {processor.py:208} INFO - Processing /opt/airflow/dags/master_processing_dag.py took 0.128 seconds
[2026-03-06T08:38:42.639+0000] {processor.py:186} INFO - Started process (PID=3333) to work on /opt/airflow/dags/master_processing_dag.py
[2026-03-06T08:38:42.640+0000] {processor.py:914} INFO - Processing file /opt/airflow/dags/master_processing_dag.py for tasks to queue
[2026-03-06T08:38:42.641+0000] {logging_mixin.py:190} INFO - [2026-03-06T08:38:42.641+0000] {dagbag.py:588} INFO - Filling up the DagBag from /opt/airflow/dags/master_processing_dag.py
[2026-03-06T08:38:42.660+0000] {processor.py:925} INFO - DAG(s) '01_master_processing_pipeline' retrieved from /opt/airflow/dags/master_processing_dag.py
[2026-03-06T08:38:42.694+0000] {logging_mixin.py:190} INFO - [2026-03-06T08:38:42.694+0000] {dag.py:3239} INFO - Sync 1 DAGs
[2026-03-06T08:38:42.723+0000] {logging_mixin.py:190} INFO - [2026-03-06T08:38:42.722+0000] {dag.py:4180} INFO - Setting next_dagrun for 01_master_processing_pipeline to 2026-03-06 00:00:00+00:00, run_after=2026-03-07 00:00:00+00:00
[2026-03-06T08:38:42.752+0000] {processor.py:208} INFO - Processing /opt/airflow/dags/master_processing_dag.py took 0.121 seconds
[2026-03-06T08:39:13.234+0000] {processor.py:186} INFO - Started process (PID=3343) to work on /opt/airflow/dags/master_processing_dag.py
[2026-03-06T08:39:13.236+0000] {processor.py:914} INFO - Processing file /opt/airflow/dags/master_processing_dag.py for tasks to queue
[2026-03-06T08:39:13.237+0000] {logging_mixin.py:190} INFO - [2026-03-06T08:39:13.237+0000] {dagbag.py:588} INFO - Filling up the DagBag from /opt/airflow/dags/master_processing_dag.py
[2026-03-06T08:39:13.259+0000] {processor.py:925} INFO - DAG(s) '01_master_processing_pipeline' retrieved from /opt/airflow/dags/master_processing_dag.py
[2026-03-06T08:39:13.293+0000] {logging_mixin.py:190} INFO - [2026-03-06T08:39:13.293+0000] {dag.py:3239} INFO - Sync 1 DAGs
[2026-03-06T08:39:13.322+0000] {logging_mixin.py:190} INFO - [2026-03-06T08:39:13.322+0000] {dag.py:4180} INFO - Setting next_dagrun for 01_master_processing_pipeline to 2026-03-06 00:00:00+00:00, run_after=2026-03-07 00:00:00+00:00
[2026-03-06T08:39:13.350+0000] {processor.py:208} INFO - Processing /opt/airflow/dags/master_processing_dag.py took 0.124 seconds
[2026-03-06T08:39:43.661+0000] {processor.py:186} INFO - Started process (PID=3353) to work on /opt/airflow/dags/master_processing_dag.py
[2026-03-06T08:39:43.663+0000] {processor.py:914} INFO - Processing file /opt/airflow/dags/master_processing_dag.py for tasks to queue
[2026-03-06T08:39:43.665+0000] {logging_mixin.py:190} INFO - [2026-03-06T08:39:43.664+0000] {dagbag.py:588} INFO - Filling up the DagBag from /opt/airflow/dags/master_processing_dag.py
[2026-03-06T08:39:43.691+0000] {processor.py:925} INFO - DAG(s) '01_master_processing_pipeline' retrieved from /opt/airflow/dags/master_processing_dag.py
[2026-03-06T08:39:43.736+0000] {logging_mixin.py:190} INFO - [2026-03-06T08:39:43.736+0000] {dag.py:3239} INFO - Sync 1 DAGs
[2026-03-06T08:39:43.778+0000] {logging_mixin.py:190} INFO - [2026-03-06T08:39:43.777+0000] {dag.py:4180} INFO - Setting next_dagrun for 01_master_processing_pipeline to 2026-03-06 00:00:00+00:00, run_after=2026-03-07 00:00:00+00:00
[2026-03-06T08:39:43.809+0000] {processor.py:208} INFO - Processing /opt/airflow/dags/master_processing_dag.py took 0.156 seconds
[2026-03-06T08:40:14.383+0000] {processor.py:186} INFO - Started process (PID=3363) to work on /opt/airflow/dags/master_processing_dag.py
[2026-03-06T08:40:14.386+0000] {processor.py:914} INFO - Processing file /opt/airflow/dags/master_processing_dag.py for tasks to queue
[2026-03-06T08:40:14.389+0000] {logging_mixin.py:190} INFO - [2026-03-06T08:40:14.388+0000] {dagbag.py:588} INFO - Filling up the DagBag from /opt/airflow/dags/master_processing_dag.py
[2026-03-06T08:40:14.429+0000] {processor.py:925} INFO - DAG(s) '01_master_processing_pipeline' retrieved from /opt/airflow/dags/master_processing_dag.py
[2026-03-06T08:40:14.498+0000] {logging_mixin.py:190} INFO - [2026-03-06T08:40:14.497+0000] {dag.py:3239} INFO - Sync 1 DAGs
[2026-03-06T08:40:14.835+0000] {logging_mixin.py:190} INFO - [2026-03-06T08:40:14.834+0000] {dag.py:4180} INFO - Setting next_dagrun for 01_master_processing_pipeline to 2026-03-06 00:00:00+00:00, run_after=2026-03-07 00:00:00+00:00
[2026-03-06T08:40:14.985+0000] {processor.py:208} INFO - Processing /opt/airflow/dags/master_processing_dag.py took 0.615 seconds
[2026-03-06T08:40:45.536+0000] {processor.py:186} INFO - Started process (PID=3373) to work on /opt/airflow/dags/master_processing_dag.py
[2026-03-06T08:40:45.537+0000] {processor.py:914} INFO - Processing file /opt/airflow/dags/master_processing_dag.py for tasks to queue
[2026-03-06T08:40:45.541+0000] {logging_mixin.py:190} INFO - [2026-03-06T08:40:45.540+0000] {dagbag.py:588} INFO - Filling up the DagBag from /opt/airflow/dags/master_processing_dag.py
[2026-03-06T08:40:45.570+0000] {processor.py:925} INFO - DAG(s) '01_master_processing_pipeline' retrieved from /opt/airflow/dags/master_processing_dag.py
[2026-03-06T08:40:45.617+0000] {logging_mixin.py:190} INFO - [2026-03-06T08:40:45.617+0000] {dag.py:3239} INFO - Sync 1 DAGs
[2026-03-06T08:40:45.655+0000] {logging_mixin.py:190} INFO - [2026-03-06T08:40:45.655+0000] {dag.py:4180} INFO - Setting next_dagrun for 01_master_processing_pipeline to 2026-03-06 00:00:00+00:00, run_after=2026-03-07 00:00:00+00:00
[2026-03-06T08:40:45.688+0000] {processor.py:208} INFO - Processing /opt/airflow/dags/master_processing_dag.py took 0.163 seconds
[2026-03-06T08:41:16.079+0000] {processor.py:186} INFO - Started process (PID=3383) to work on /opt/airflow/dags/master_processing_dag.py
[2026-03-06T08:41:16.089+0000] {processor.py:914} INFO - Processing file /opt/airflow/dags/master_processing_dag.py for tasks to queue
[2026-03-06T08:41:16.093+0000] {logging_mixin.py:190} INFO - [2026-03-06T08:41:16.091+0000] {dagbag.py:588} INFO - Filling up the DagBag from /opt/airflow/dags/master_processing_dag.py
[2026-03-06T08:41:16.152+0000] {processor.py:925} INFO - DAG(s) '01_master_processing_pipeline' retrieved from /opt/airflow/dags/master_processing_dag.py
[2026-03-06T08:41:16.230+0000] {logging_mixin.py:190} INFO - [2026-03-06T08:41:16.229+0000] {dag.py:3239} INFO - Sync 1 DAGs
[2026-03-06T08:41:16.310+0000] {logging_mixin.py:190} INFO - [2026-03-06T08:41:16.309+0000] {dag.py:4180} INFO - Setting next_dagrun for 01_master_processing_pipeline to 2026-03-06 00:00:00+00:00, run_after=2026-03-07 00:00:00+00:00
[2026-03-06T08:41:16.394+0000] {processor.py:208} INFO - Processing /opt/airflow/dags/master_processing_dag.py took 0.350 seconds
[2026-03-06T08:41:46.527+0000] {processor.py:186} INFO - Started process (PID=3393) to work on /opt/airflow/dags/master_processing_dag.py
[2026-03-06T08:41:46.528+0000] {processor.py:914} INFO - Processing file /opt/airflow/dags/master_processing_dag.py for tasks to queue
[2026-03-06T08:41:46.531+0000] {logging_mixin.py:190} INFO - [2026-03-06T08:41:46.530+0000] {dagbag.py:588} INFO - Filling up the DagBag from /opt/airflow/dags/master_processing_dag.py
[2026-03-06T08:41:46.562+0000] {processor.py:925} INFO - DAG(s) '01_master_processing_pipeline' retrieved from /opt/airflow/dags/master_processing_dag.py
[2026-03-06T08:41:46.614+0000] {logging_mixin.py:190} INFO - [2026-03-06T08:41:46.613+0000] {dag.py:3239} INFO - Sync 1 DAGs
[2026-03-06T08:41:46.656+0000] {logging_mixin.py:190} INFO - [2026-03-06T08:41:46.656+0000] {dag.py:4180} INFO - Setting next_dagrun for 01_master_processing_pipeline to 2026-03-06 00:00:00+00:00, run_after=2026-03-07 00:00:00+00:00
[2026-03-06T08:41:46.704+0000] {processor.py:208} INFO - Processing /opt/airflow/dags/master_processing_dag.py took 0.185 seconds
[2026-03-06T08:42:16.815+0000] {processor.py:186} INFO - Started process (PID=3403) to work on /opt/airflow/dags/master_processing_dag.py
[2026-03-06T08:42:16.817+0000] {processor.py:914} INFO - Processing file /opt/airflow/dags/master_processing_dag.py for tasks to queue
[2026-03-06T08:42:16.819+0000] {logging_mixin.py:190} INFO - [2026-03-06T08:42:16.819+0000] {dagbag.py:588} INFO - Filling up the DagBag from /opt/airflow/dags/master_processing_dag.py
[2026-03-06T08:42:16.855+0000] {processor.py:925} INFO - DAG(s) '01_master_processing_pipeline' retrieved from /opt/airflow/dags/master_processing_dag.py
[2026-03-06T08:42:16.905+0000] {logging_mixin.py:190} INFO - [2026-03-06T08:42:16.905+0000] {dag.py:3239} INFO - Sync 1 DAGs
[2026-03-06T08:42:16.945+0000] {logging_mixin.py:190} INFO - [2026-03-06T08:42:16.945+0000] {dag.py:4180} INFO - Setting next_dagrun for 01_master_processing_pipeline to 2026-03-06 00:00:00+00:00, run_after=2026-03-07 00:00:00+00:00
[2026-03-06T08:42:17.000+0000] {processor.py:208} INFO - Processing /opt/airflow/dags/master_processing_dag.py took 0.195 seconds
[2026-03-06T08:42:47.358+0000] {processor.py:186} INFO - Started process (PID=3413) to work on /opt/airflow/dags/master_processing_dag.py
[2026-03-06T08:42:47.359+0000] {processor.py:914} INFO - Processing file /opt/airflow/dags/master_processing_dag.py for tasks to queue
[2026-03-06T08:42:47.361+0000] {logging_mixin.py:190} INFO - [2026-03-06T08:42:47.361+0000] {dagbag.py:588} INFO - Filling up the DagBag from /opt/airflow/dags/master_processing_dag.py
[2026-03-06T08:42:47.393+0000] {processor.py:925} INFO - DAG(s) '01_master_processing_pipeline' retrieved from /opt/airflow/dags/master_processing_dag.py
[2026-03-06T08:42:47.444+0000] {logging_mixin.py:190} INFO - [2026-03-06T08:42:47.444+0000] {dag.py:3239} INFO - Sync 1 DAGs
[2026-03-06T08:42:47.486+0000] {logging_mixin.py:190} INFO - [2026-03-06T08:42:47.486+0000] {dag.py:4180} INFO - Setting next_dagrun for 01_master_processing_pipeline to 2026-03-06 00:00:00+00:00, run_after=2026-03-07 00:00:00+00:00
[2026-03-06T08:42:47.523+0000] {processor.py:208} INFO - Processing /opt/airflow/dags/master_processing_dag.py took 0.173 seconds
[2026-03-06T08:43:17.813+0000] {processor.py:186} INFO - Started process (PID=3423) to work on /opt/airflow/dags/master_processing_dag.py
[2026-03-06T08:43:17.815+0000] {processor.py:914} INFO - Processing file /opt/airflow/dags/master_processing_dag.py for tasks to queue
[2026-03-06T08:43:17.818+0000] {logging_mixin.py:190} INFO - [2026-03-06T08:43:17.818+0000] {dagbag.py:588} INFO - Filling up the DagBag from /opt/airflow/dags/master_processing_dag.py
[2026-03-06T08:43:17.863+0000] {processor.py:925} INFO - DAG(s) '01_master_processing_pipeline' retrieved from /opt/airflow/dags/master_processing_dag.py
[2026-03-06T08:43:17.939+0000] {logging_mixin.py:190} INFO - [2026-03-06T08:43:17.938+0000] {dag.py:3239} INFO - Sync 1 DAGs
[2026-03-06T08:43:18.000+0000] {logging_mixin.py:190} INFO - [2026-03-06T08:43:17.999+0000] {dag.py:4180} INFO - Setting next_dagrun for 01_master_processing_pipeline to 2026-03-06 00:00:00+00:00, run_after=2026-03-07 00:00:00+00:00
[2026-03-06T08:43:18.035+0000] {processor.py:208} INFO - Processing /opt/airflow/dags/master_processing_dag.py took 0.233 seconds
[2026-03-06T08:43:48.389+0000] {processor.py:186} INFO - Started process (PID=3433) to work on /opt/airflow/dags/master_processing_dag.py
[2026-03-06T08:43:48.392+0000] {processor.py:914} INFO - Processing file /opt/airflow/dags/master_processing_dag.py for tasks to queue
[2026-03-06T08:43:48.396+0000] {logging_mixin.py:190} INFO - [2026-03-06T08:43:48.395+0000] {dagbag.py:588} INFO - Filling up the DagBag from /opt/airflow/dags/master_processing_dag.py
[2026-03-06T08:43:48.440+0000] {processor.py:925} INFO - DAG(s) '01_master_processing_pipeline' retrieved from /opt/airflow/dags/master_processing_dag.py
[2026-03-06T08:43:48.508+0000] {logging_mixin.py:190} INFO - [2026-03-06T08:43:48.508+0000] {dag.py:3239} INFO - Sync 1 DAGs
[2026-03-06T08:43:48.566+0000] {logging_mixin.py:190} INFO - [2026-03-06T08:43:48.566+0000] {dag.py:4180} INFO - Setting next_dagrun for 01_master_processing_pipeline to 2026-03-06 00:00:00+00:00, run_after=2026-03-07 00:00:00+00:00
[2026-03-06T08:43:48.609+0000] {processor.py:208} INFO - Processing /opt/airflow/dags/master_processing_dag.py took 0.230 seconds
[2026-03-06T08:44:18.822+0000] {processor.py:186} INFO - Started process (PID=3443) to work on /opt/airflow/dags/master_processing_dag.py
[2026-03-06T08:44:18.824+0000] {processor.py:914} INFO - Processing file /opt/airflow/dags/master_processing_dag.py for tasks to queue
[2026-03-06T08:44:18.826+0000] {logging_mixin.py:190} INFO - [2026-03-06T08:44:18.826+0000] {dagbag.py:588} INFO - Filling up the DagBag from /opt/airflow/dags/master_processing_dag.py
[2026-03-06T08:44:18.863+0000] {processor.py:925} INFO - DAG(s) '01_master_processing_pipeline' retrieved from /opt/airflow/dags/master_processing_dag.py
[2026-03-06T08:44:18.918+0000] {logging_mixin.py:190} INFO - [2026-03-06T08:44:18.917+0000] {dag.py:3239} INFO - Sync 1 DAGs
[2026-03-06T08:44:18.972+0000] {logging_mixin.py:190} INFO - [2026-03-06T08:44:18.971+0000] {dag.py:4180} INFO - Setting next_dagrun for 01_master_processing_pipeline to 2026-03-06 00:00:00+00:00, run_after=2026-03-07 00:00:00+00:00
[2026-03-06T08:44:19.020+0000] {processor.py:208} INFO - Processing /opt/airflow/dags/master_processing_dag.py took 0.211 seconds
[2026-03-06T08:44:49.439+0000] {processor.py:186} INFO - Started process (PID=3453) to work on /opt/airflow/dags/master_processing_dag.py
[2026-03-06T08:44:49.441+0000] {processor.py:914} INFO - Processing file /opt/airflow/dags/master_processing_dag.py for tasks to queue
[2026-03-06T08:44:49.443+0000] {logging_mixin.py:190} INFO - [2026-03-06T08:44:49.443+0000] {dagbag.py:588} INFO - Filling up the DagBag from /opt/airflow/dags/master_processing_dag.py
[2026-03-06T08:44:49.480+0000] {processor.py:925} INFO - DAG(s) '01_master_processing_pipeline' retrieved from /opt/airflow/dags/master_processing_dag.py
[2026-03-06T08:44:49.530+0000] {logging_mixin.py:190} INFO - [2026-03-06T08:44:49.530+0000] {dag.py:3239} INFO - Sync 1 DAGs
[2026-03-06T08:44:49.580+0000] {logging_mixin.py:190} INFO - [2026-03-06T08:44:49.579+0000] {dag.py:4180} INFO - Setting next_dagrun for 01_master_processing_pipeline to 2026-03-06 00:00:00+00:00, run_after=2026-03-07 00:00:00+00:00
[2026-03-06T08:44:49.617+0000] {processor.py:208} INFO - Processing /opt/airflow/dags/master_processing_dag.py took 0.187 seconds
[2026-03-06T08:45:19.788+0000] {processor.py:186} INFO - Started process (PID=3463) to work on /opt/airflow/dags/master_processing_dag.py
[2026-03-06T08:45:19.790+0000] {processor.py:914} INFO - Processing file /opt/airflow/dags/master_processing_dag.py for tasks to queue
[2026-03-06T08:45:19.793+0000] {logging_mixin.py:190} INFO - [2026-03-06T08:45:19.792+0000] {dagbag.py:588} INFO - Filling up the DagBag from /opt/airflow/dags/master_processing_dag.py
[2026-03-06T08:45:19.841+0000] {processor.py:925} INFO - DAG(s) '01_master_processing_pipeline' retrieved from /opt/airflow/dags/master_processing_dag.py
[2026-03-06T08:45:19.886+0000] {logging_mixin.py:190} INFO - [2026-03-06T08:45:19.886+0000] {dag.py:3239} INFO - Sync 1 DAGs
[2026-03-06T08:45:19.928+0000] {logging_mixin.py:190} INFO - [2026-03-06T08:45:19.927+0000] {dag.py:4180} INFO - Setting next_dagrun for 01_master_processing_pipeline to 2026-03-06 00:00:00+00:00, run_after=2026-03-07 00:00:00+00:00
[2026-03-06T08:45:19.958+0000] {processor.py:208} INFO - Processing /opt/airflow/dags/master_processing_dag.py took 0.182 seconds
[2026-03-06T08:45:50.376+0000] {processor.py:186} INFO - Started process (PID=3473) to work on /opt/airflow/dags/master_processing_dag.py
[2026-03-06T08:45:50.377+0000] {processor.py:914} INFO - Processing file /opt/airflow/dags/master_processing_dag.py for tasks to queue
[2026-03-06T08:45:50.380+0000] {logging_mixin.py:190} INFO - [2026-03-06T08:45:50.379+0000] {dagbag.py:588} INFO - Filling up the DagBag from /opt/airflow/dags/master_processing_dag.py
[2026-03-06T08:45:50.410+0000] {processor.py:925} INFO - DAG(s) '01_master_processing_pipeline' retrieved from /opt/airflow/dags/master_processing_dag.py
[2026-03-06T08:45:50.455+0000] {logging_mixin.py:190} INFO - [2026-03-06T08:45:50.455+0000] {dag.py:3239} INFO - Sync 1 DAGs
[2026-03-06T08:45:50.498+0000] {logging_mixin.py:190} INFO - [2026-03-06T08:45:50.498+0000] {dag.py:4180} INFO - Setting next_dagrun for 01_master_processing_pipeline to 2026-03-06 00:00:00+00:00, run_after=2026-03-07 00:00:00+00:00
[2026-03-06T08:45:50.534+0000] {processor.py:208} INFO - Processing /opt/airflow/dags/master_processing_dag.py took 0.167 seconds
[2026-03-06T08:46:20.997+0000] {processor.py:186} INFO - Started process (PID=3483) to work on /opt/airflow/dags/master_processing_dag.py
[2026-03-06T08:46:20.999+0000] {processor.py:914} INFO - Processing file /opt/airflow/dags/master_processing_dag.py for tasks to queue
[2026-03-06T08:46:21.002+0000] {logging_mixin.py:190} INFO - [2026-03-06T08:46:21.002+0000] {dagbag.py:588} INFO - Filling up the DagBag from /opt/airflow/dags/master_processing_dag.py
[2026-03-06T08:46:21.031+0000] {processor.py:925} INFO - DAG(s) '01_master_processing_pipeline' retrieved from /opt/airflow/dags/master_processing_dag.py
[2026-03-06T08:46:21.075+0000] {logging_mixin.py:190} INFO - [2026-03-06T08:46:21.074+0000] {dag.py:3239} INFO - Sync 1 DAGs
[2026-03-06T08:46:21.113+0000] {logging_mixin.py:190} INFO - [2026-03-06T08:46:21.112+0000] {dag.py:4180} INFO - Setting next_dagrun for 01_master_processing_pipeline to 2026-03-06 00:00:00+00:00, run_after=2026-03-07 00:00:00+00:00
[2026-03-06T08:46:21.157+0000] {processor.py:208} INFO - Processing /opt/airflow/dags/master_processing_dag.py took 0.168 seconds
[2026-03-06T08:46:51.333+0000] {processor.py:186} INFO - Started process (PID=3493) to work on /opt/airflow/dags/master_processing_dag.py
[2026-03-06T08:46:51.334+0000] {processor.py:914} INFO - Processing file /opt/airflow/dags/master_processing_dag.py for tasks to queue
[2026-03-06T08:46:51.336+0000] {logging_mixin.py:190} INFO - [2026-03-06T08:46:51.336+0000] {dagbag.py:588} INFO - Filling up the DagBag from /opt/airflow/dags/master_processing_dag.py
[2026-03-06T08:46:51.372+0000] {processor.py:925} INFO - DAG(s) '01_master_processing_pipeline' retrieved from /opt/airflow/dags/master_processing_dag.py
[2026-03-06T08:46:51.426+0000] {logging_mixin.py:190} INFO - [2026-03-06T08:46:51.426+0000] {dag.py:3239} INFO - Sync 1 DAGs
[2026-03-06T08:46:51.468+0000] {logging_mixin.py:190} INFO - [2026-03-06T08:46:51.468+0000] {dag.py:4180} INFO - Setting next_dagrun for 01_master_processing_pipeline to 2026-03-06 00:00:00+00:00, run_after=2026-03-07 00:00:00+00:00
[2026-03-06T08:46:51.506+0000] {processor.py:208} INFO - Processing /opt/airflow/dags/master_processing_dag.py took 0.184 seconds
[2026-03-06T08:47:21.901+0000] {processor.py:186} INFO - Started process (PID=3503) to work on /opt/airflow/dags/master_processing_dag.py
[2026-03-06T08:47:21.904+0000] {processor.py:914} INFO - Processing file /opt/airflow/dags/master_processing_dag.py for tasks to queue
[2026-03-06T08:47:21.906+0000] {logging_mixin.py:190} INFO - [2026-03-06T08:47:21.906+0000] {dagbag.py:588} INFO - Filling up the DagBag from /opt/airflow/dags/master_processing_dag.py
[2026-03-06T08:47:21.942+0000] {processor.py:925} INFO - DAG(s) '01_master_processing_pipeline' retrieved from /opt/airflow/dags/master_processing_dag.py
[2026-03-06T08:47:21.986+0000] {logging_mixin.py:190} INFO - [2026-03-06T08:47:21.986+0000] {dag.py:3239} INFO - Sync 1 DAGs
[2026-03-06T08:47:22.027+0000] {logging_mixin.py:190} INFO - [2026-03-06T08:47:22.027+0000] {dag.py:4180} INFO - Setting next_dagrun for 01_master_processing_pipeline to 2026-03-06 00:00:00+00:00, run_after=2026-03-07 00:00:00+00:00
[2026-03-06T08:47:22.062+0000] {processor.py:208} INFO - Processing /opt/airflow/dags/master_processing_dag.py took 0.172 seconds
[2026-03-06T08:47:52.304+0000] {processor.py:186} INFO - Started process (PID=3513) to work on /opt/airflow/dags/master_processing_dag.py
[2026-03-06T08:47:52.305+0000] {processor.py:914} INFO - Processing file /opt/airflow/dags/master_processing_dag.py for tasks to queue
[2026-03-06T08:47:52.311+0000] {logging_mixin.py:190} INFO - [2026-03-06T08:47:52.311+0000] {dagbag.py:588} INFO - Filling up the DagBag from /opt/airflow/dags/master_processing_dag.py
[2026-03-06T08:47:52.344+0000] {processor.py:925} INFO - DAG(s) '01_master_processing_pipeline' retrieved from /opt/airflow/dags/master_processing_dag.py
[2026-03-06T08:47:52.392+0000] {logging_mixin.py:190} INFO - [2026-03-06T08:47:52.391+0000] {dag.py:3239} INFO - Sync 1 DAGs
[2026-03-06T08:47:52.441+0000] {logging_mixin.py:190} INFO - [2026-03-06T08:47:52.440+0000] {dag.py:4180} INFO - Setting next_dagrun for 01_master_processing_pipeline to 2026-03-06 00:00:00+00:00, run_after=2026-03-07 00:00:00+00:00
[2026-03-06T08:47:52.476+0000] {processor.py:208} INFO - Processing /opt/airflow/dags/master_processing_dag.py took 0.182 seconds
[2026-03-06T08:48:22.741+0000] {processor.py:186} INFO - Started process (PID=3523) to work on /opt/airflow/dags/master_processing_dag.py
[2026-03-06T08:48:22.743+0000] {processor.py:914} INFO - Processing file /opt/airflow/dags/master_processing_dag.py for tasks to queue
[2026-03-06T08:48:22.746+0000] {logging_mixin.py:190} INFO - [2026-03-06T08:48:22.745+0000] {dagbag.py:588} INFO - Filling up the DagBag from /opt/airflow/dags/master_processing_dag.py
[2026-03-06T08:48:22.787+0000] {processor.py:925} INFO - DAG(s) '01_master_processing_pipeline' retrieved from /opt/airflow/dags/master_processing_dag.py
[2026-03-06T08:48:22.836+0000] {logging_mixin.py:190} INFO - [2026-03-06T08:48:22.835+0000] {dag.py:3239} INFO - Sync 1 DAGs
[2026-03-06T08:48:22.880+0000] {logging_mixin.py:190} INFO - [2026-03-06T08:48:22.880+0000] {dag.py:4180} INFO - Setting next_dagrun for 01_master_processing_pipeline to 2026-03-06 00:00:00+00:00, run_after=2026-03-07 00:00:00+00:00
[2026-03-06T08:48:22.911+0000] {processor.py:208} INFO - Processing /opt/airflow/dags/master_processing_dag.py took 0.179 seconds
[2026-03-06T08:48:53.204+0000] {processor.py:186} INFO - Started process (PID=3533) to work on /opt/airflow/dags/master_processing_dag.py
[2026-03-06T08:48:53.207+0000] {processor.py:914} INFO - Processing file /opt/airflow/dags/master_processing_dag.py for tasks to queue
[2026-03-06T08:48:53.210+0000] {logging_mixin.py:190} INFO - [2026-03-06T08:48:53.210+0000] {dagbag.py:588} INFO - Filling up the DagBag from /opt/airflow/dags/master_processing_dag.py
[2026-03-06T08:48:53.251+0000] {processor.py:925} INFO - DAG(s) '01_master_processing_pipeline' retrieved from /opt/airflow/dags/master_processing_dag.py
[2026-03-06T08:48:53.308+0000] {logging_mixin.py:190} INFO - [2026-03-06T08:48:53.307+0000] {dag.py:3239} INFO - Sync 1 DAGs
[2026-03-06T08:48:53.353+0000] {logging_mixin.py:190} INFO - [2026-03-06T08:48:53.352+0000] {dag.py:4180} INFO - Setting next_dagrun for 01_master_processing_pipeline to 2026-03-06 00:00:00+00:00, run_after=2026-03-07 00:00:00+00:00
[2026-03-06T08:48:53.397+0000] {processor.py:208} INFO - Processing /opt/airflow/dags/master_processing_dag.py took 0.203 seconds
[2026-03-06T08:49:23.666+0000] {processor.py:186} INFO - Started process (PID=3543) to work on /opt/airflow/dags/master_processing_dag.py
[2026-03-06T08:49:23.668+0000] {processor.py:914} INFO - Processing file /opt/airflow/dags/master_processing_dag.py for tasks to queue
[2026-03-06T08:49:23.673+0000] {logging_mixin.py:190} INFO - [2026-03-06T08:49:23.672+0000] {dagbag.py:588} INFO - Filling up the DagBag from /opt/airflow/dags/master_processing_dag.py
[2026-03-06T08:49:23.719+0000] {processor.py:925} INFO - DAG(s) '01_master_processing_pipeline' retrieved from /opt/airflow/dags/master_processing_dag.py
[2026-03-06T08:49:23.777+0000] {logging_mixin.py:190} INFO - [2026-03-06T08:49:23.776+0000] {dag.py:3239} INFO - Sync 1 DAGs
[2026-03-06T08:49:23.826+0000] {logging_mixin.py:190} INFO - [2026-03-06T08:49:23.826+0000] {dag.py:4180} INFO - Setting next_dagrun for 01_master_processing_pipeline to 2026-03-06 00:00:00+00:00, run_after=2026-03-07 00:00:00+00:00
[2026-03-06T08:49:23.862+0000] {processor.py:208} INFO - Processing /opt/airflow/dags/master_processing_dag.py took 0.206 seconds
[2026-03-06T08:49:54.259+0000] {processor.py:186} INFO - Started process (PID=3553) to work on /opt/airflow/dags/master_processing_dag.py
[2026-03-06T08:49:54.261+0000] {processor.py:914} INFO - Processing file /opt/airflow/dags/master_processing_dag.py for tasks to queue
[2026-03-06T08:49:54.262+0000] {logging_mixin.py:190} INFO - [2026-03-06T08:49:54.262+0000] {dagbag.py:588} INFO - Filling up the DagBag from /opt/airflow/dags/master_processing_dag.py
[2026-03-06T08:49:54.297+0000] {processor.py:925} INFO - DAG(s) '01_master_processing_pipeline' retrieved from /opt/airflow/dags/master_processing_dag.py
[2026-03-06T08:49:54.345+0000] {logging_mixin.py:190} INFO - [2026-03-06T08:49:54.345+0000] {dag.py:3239} INFO - Sync 1 DAGs
[2026-03-06T08:49:54.398+0000] {logging_mixin.py:190} INFO - [2026-03-06T08:49:54.397+0000] {dag.py:4180} INFO - Setting next_dagrun for 01_master_processing_pipeline to 2026-03-06 00:00:00+00:00, run_after=2026-03-07 00:00:00+00:00
[2026-03-06T08:49:54.437+0000] {processor.py:208} INFO - Processing /opt/airflow/dags/master_processing_dag.py took 0.189 seconds
[2026-03-06T08:50:24.809+0000] {processor.py:186} INFO - Started process (PID=3563) to work on /opt/airflow/dags/master_processing_dag.py
[2026-03-06T08:50:24.811+0000] {processor.py:914} INFO - Processing file /opt/airflow/dags/master_processing_dag.py for tasks to queue
[2026-03-06T08:50:24.815+0000] {logging_mixin.py:190} INFO - [2026-03-06T08:50:24.814+0000] {dagbag.py:588} INFO - Filling up the DagBag from /opt/airflow/dags/master_processing_dag.py
[2026-03-06T08:50:24.889+0000] {processor.py:925} INFO - DAG(s) '01_master_processing_pipeline' retrieved from /opt/airflow/dags/master_processing_dag.py
[2026-03-06T08:50:25.001+0000] {logging_mixin.py:190} INFO - [2026-03-06T08:50:25.000+0000] {dag.py:3239} INFO - Sync 1 DAGs
[2026-03-06T08:50:25.150+0000] {logging_mixin.py:190} INFO - [2026-03-06T08:50:25.149+0000] {dag.py:4180} INFO - Setting next_dagrun for 01_master_processing_pipeline to 2026-03-06 00:00:00+00:00, run_after=2026-03-07 00:00:00+00:00
[2026-03-06T08:50:25.236+0000] {processor.py:208} INFO - Processing /opt/airflow/dags/master_processing_dag.py took 0.439 seconds
[2026-03-06T08:50:55.829+0000] {processor.py:186} INFO - Started process (PID=3573) to work on /opt/airflow/dags/master_processing_dag.py
[2026-03-06T08:50:55.831+0000] {processor.py:914} INFO - Processing file /opt/airflow/dags/master_processing_dag.py for tasks to queue
[2026-03-06T08:50:55.833+0000] {logging_mixin.py:190} INFO - [2026-03-06T08:50:55.833+0000] {dagbag.py:588} INFO - Filling up the DagBag from /opt/airflow/dags/master_processing_dag.py
[2026-03-06T08:50:55.870+0000] {processor.py:925} INFO - DAG(s) '01_master_processing_pipeline' retrieved from /opt/airflow/dags/master_processing_dag.py
[2026-03-06T08:50:55.919+0000] {logging_mixin.py:190} INFO - [2026-03-06T08:50:55.918+0000] {dag.py:3239} INFO - Sync 1 DAGs
[2026-03-06T08:50:55.957+0000] {logging_mixin.py:190} INFO - [2026-03-06T08:50:55.956+0000] {dag.py:4180} INFO - Setting next_dagrun for 01_master_processing_pipeline to 2026-03-06 00:00:00+00:00, run_after=2026-03-07 00:00:00+00:00
[2026-03-06T08:50:55.994+0000] {processor.py:208} INFO - Processing /opt/airflow/dags/master_processing_dag.py took 0.173 seconds
[2026-03-06T08:51:26.464+0000] {processor.py:186} INFO - Started process (PID=3583) to work on /opt/airflow/dags/master_processing_dag.py
[2026-03-06T08:51:26.467+0000] {processor.py:914} INFO - Processing file /opt/airflow/dags/master_processing_dag.py for tasks to queue
[2026-03-06T08:51:26.469+0000] {logging_mixin.py:190} INFO - [2026-03-06T08:51:26.468+0000] {dagbag.py:588} INFO - Filling up the DagBag from /opt/airflow/dags/master_processing_dag.py
[2026-03-06T08:51:26.521+0000] {processor.py:925} INFO - DAG(s) '01_master_processing_pipeline' retrieved from /opt/airflow/dags/master_processing_dag.py
[2026-03-06T08:51:26.596+0000] {logging_mixin.py:190} INFO - [2026-03-06T08:51:26.596+0000] {dag.py:3239} INFO - Sync 1 DAGs
[2026-03-06T08:51:26.648+0000] {logging_mixin.py:190} INFO - [2026-03-06T08:51:26.648+0000] {dag.py:4180} INFO - Setting next_dagrun for 01_master_processing_pipeline to 2026-03-06 00:00:00+00:00, run_after=2026-03-07 00:00:00+00:00
[2026-03-06T08:51:26.692+0000] {processor.py:208} INFO - Processing /opt/airflow/dags/master_processing_dag.py took 0.263 seconds
[2026-03-06T08:51:57.137+0000] {processor.py:186} INFO - Started process (PID=3593) to work on /opt/airflow/dags/master_processing_dag.py
[2026-03-06T08:51:57.139+0000] {processor.py:914} INFO - Processing file /opt/airflow/dags/master_processing_dag.py for tasks to queue
[2026-03-06T08:51:57.141+0000] {logging_mixin.py:190} INFO - [2026-03-06T08:51:57.141+0000] {dagbag.py:588} INFO - Filling up the DagBag from /opt/airflow/dags/master_processing_dag.py
[2026-03-06T08:51:57.179+0000] {processor.py:925} INFO - DAG(s) '01_master_processing_pipeline' retrieved from /opt/airflow/dags/master_processing_dag.py
[2026-03-06T08:51:57.227+0000] {logging_mixin.py:190} INFO - [2026-03-06T08:51:57.227+0000] {dag.py:3239} INFO - Sync 1 DAGs
[2026-03-06T08:51:57.279+0000] {logging_mixin.py:190} INFO - [2026-03-06T08:51:57.279+0000] {dag.py:4180} INFO - Setting next_dagrun for 01_master_processing_pipeline to 2026-03-06 00:00:00+00:00, run_after=2026-03-07 00:00:00+00:00
[2026-03-06T08:51:57.319+0000] {processor.py:208} INFO - Processing /opt/airflow/dags/master_processing_dag.py took 0.199 seconds
[2026-03-06T08:52:27.540+0000] {processor.py:186} INFO - Started process (PID=3603) to work on /opt/airflow/dags/master_processing_dag.py
[2026-03-06T08:52:27.541+0000] {processor.py:914} INFO - Processing file /opt/airflow/dags/master_processing_dag.py for tasks to queue
[2026-03-06T08:52:27.544+0000] {logging_mixin.py:190} INFO - [2026-03-06T08:52:27.544+0000] {dagbag.py:588} INFO - Filling up the DagBag from /opt/airflow/dags/master_processing_dag.py
[2026-03-06T08:52:27.575+0000] {processor.py:925} INFO - DAG(s) '01_master_processing_pipeline' retrieved from /opt/airflow/dags/master_processing_dag.py
[2026-03-06T08:52:27.620+0000] {logging_mixin.py:190} INFO - [2026-03-06T08:52:27.620+0000] {dag.py:3239} INFO - Sync 1 DAGs
[2026-03-06T08:52:27.668+0000] {logging_mixin.py:190} INFO - [2026-03-06T08:52:27.667+0000] {dag.py:4180} INFO - Setting next_dagrun for 01_master_processing_pipeline to 2026-03-06 00:00:00+00:00, run_after=2026-03-07 00:00:00+00:00
[2026-03-06T08:52:27.705+0000] {processor.py:208} INFO - Processing /opt/airflow/dags/master_processing_dag.py took 0.174 seconds
[2026-03-06T08:52:58.120+0000] {processor.py:186} INFO - Started process (PID=3613) to work on /opt/airflow/dags/master_processing_dag.py
[2026-03-06T08:52:58.122+0000] {processor.py:914} INFO - Processing file /opt/airflow/dags/master_processing_dag.py for tasks to queue
[2026-03-06T08:52:58.124+0000] {logging_mixin.py:190} INFO - [2026-03-06T08:52:58.123+0000] {dagbag.py:588} INFO - Filling up the DagBag from /opt/airflow/dags/master_processing_dag.py
[2026-03-06T08:52:58.148+0000] {processor.py:925} INFO - DAG(s) '01_master_processing_pipeline' retrieved from /opt/airflow/dags/master_processing_dag.py
[2026-03-06T08:52:58.196+0000] {logging_mixin.py:190} INFO - [2026-03-06T08:52:58.196+0000] {dag.py:3239} INFO - Sync 1 DAGs
[2026-03-06T08:52:58.237+0000] {logging_mixin.py:190} INFO - [2026-03-06T08:52:58.237+0000] {dag.py:4180} INFO - Setting next_dagrun for 01_master_processing_pipeline to 2026-03-06 00:00:00+00:00, run_after=2026-03-07 00:00:00+00:00
[2026-03-06T08:52:58.270+0000] {processor.py:208} INFO - Processing /opt/airflow/dags/master_processing_dag.py took 0.160 seconds
[2026-03-06T08:53:28.681+0000] {processor.py:186} INFO - Started process (PID=3623) to work on /opt/airflow/dags/master_processing_dag.py
[2026-03-06T08:53:28.683+0000] {processor.py:914} INFO - Processing file /opt/airflow/dags/master_processing_dag.py for tasks to queue
[2026-03-06T08:53:28.685+0000] {logging_mixin.py:190} INFO - [2026-03-06T08:53:28.684+0000] {dagbag.py:588} INFO - Filling up the DagBag from /opt/airflow/dags/master_processing_dag.py
[2026-03-06T08:53:28.715+0000] {processor.py:925} INFO - DAG(s) '01_master_processing_pipeline' retrieved from /opt/airflow/dags/master_processing_dag.py
[2026-03-06T08:53:28.763+0000] {logging_mixin.py:190} INFO - [2026-03-06T08:53:28.762+0000] {dag.py:3239} INFO - Sync 1 DAGs
[2026-03-06T08:53:28.802+0000] {logging_mixin.py:190} INFO - [2026-03-06T08:53:28.802+0000] {dag.py:4180} INFO - Setting next_dagrun for 01_master_processing_pipeline to 2026-03-06 00:00:00+00:00, run_after=2026-03-07 00:00:00+00:00
[2026-03-06T08:53:28.839+0000] {processor.py:208} INFO - Processing /opt/airflow/dags/master_processing_dag.py took 0.167 seconds
[2026-03-06T08:53:59.034+0000] {processor.py:186} INFO - Started process (PID=3633) to work on /opt/airflow/dags/master_processing_dag.py
[2026-03-06T08:53:59.035+0000] {processor.py:914} INFO - Processing file /opt/airflow/dags/master_processing_dag.py for tasks to queue
[2026-03-06T08:53:59.037+0000] {logging_mixin.py:190} INFO - [2026-03-06T08:53:59.037+0000] {dagbag.py:588} INFO - Filling up the DagBag from /opt/airflow/dags/master_processing_dag.py
[2026-03-06T08:53:59.067+0000] {processor.py:925} INFO - DAG(s) '01_master_processing_pipeline' retrieved from /opt/airflow/dags/master_processing_dag.py
[2026-03-06T08:53:59.117+0000] {logging_mixin.py:190} INFO - [2026-03-06T08:53:59.116+0000] {dag.py:3239} INFO - Sync 1 DAGs
[2026-03-06T08:53:59.158+0000] {logging_mixin.py:190} INFO - [2026-03-06T08:53:59.157+0000] {dag.py:4180} INFO - Setting next_dagrun for 01_master_processing_pipeline to 2026-03-06 00:00:00+00:00, run_after=2026-03-07 00:00:00+00:00
[2026-03-06T08:53:59.194+0000] {processor.py:208} INFO - Processing /opt/airflow/dags/master_processing_dag.py took 0.168 seconds
[2026-03-06T08:54:29.586+0000] {processor.py:186} INFO - Started process (PID=3643) to work on /opt/airflow/dags/master_processing_dag.py
[2026-03-06T08:54:29.589+0000] {processor.py:914} INFO - Processing file /opt/airflow/dags/master_processing_dag.py for tasks to queue
[2026-03-06T08:54:29.592+0000] {logging_mixin.py:190} INFO - [2026-03-06T08:54:29.592+0000] {dagbag.py:588} INFO - Filling up the DagBag from /opt/airflow/dags/master_processing_dag.py
[2026-03-06T08:54:29.632+0000] {processor.py:925} INFO - DAG(s) '01_master_processing_pipeline' retrieved from /opt/airflow/dags/master_processing_dag.py
[2026-03-06T08:54:29.675+0000] {logging_mixin.py:190} INFO - [2026-03-06T08:54:29.674+0000] {dag.py:3239} INFO - Sync 1 DAGs
[2026-03-06T08:54:29.716+0000] {logging_mixin.py:190} INFO - [2026-03-06T08:54:29.716+0000] {dag.py:4180} INFO - Setting next_dagrun for 01_master_processing_pipeline to 2026-03-06 00:00:00+00:00, run_after=2026-03-07 00:00:00+00:00
[2026-03-06T08:54:29.746+0000] {processor.py:208} INFO - Processing /opt/airflow/dags/master_processing_dag.py took 0.170 seconds
[2026-03-06T08:54:59.965+0000] {processor.py:186} INFO - Started process (PID=3653) to work on /opt/airflow/dags/master_processing_dag.py
[2026-03-06T08:54:59.966+0000] {processor.py:914} INFO - Processing file /opt/airflow/dags/master_processing_dag.py for tasks to queue
[2026-03-06T08:54:59.968+0000] {logging_mixin.py:190} INFO - [2026-03-06T08:54:59.968+0000] {dagbag.py:588} INFO - Filling up the DagBag from /opt/airflow/dags/master_processing_dag.py
[2026-03-06T08:55:00.006+0000] {processor.py:925} INFO - DAG(s) '01_master_processing_pipeline' retrieved from /opt/airflow/dags/master_processing_dag.py
[2026-03-06T08:55:00.070+0000] {logging_mixin.py:190} INFO - [2026-03-06T08:55:00.069+0000] {dag.py:3239} INFO - Sync 1 DAGs
[2026-03-06T08:55:00.115+0000] {logging_mixin.py:190} INFO - [2026-03-06T08:55:00.115+0000] {dag.py:4180} INFO - Setting next_dagrun for 01_master_processing_pipeline to 2026-03-06 00:00:00+00:00, run_after=2026-03-07 00:00:00+00:00
[2026-03-06T08:55:00.145+0000] {processor.py:208} INFO - Processing /opt/airflow/dags/master_processing_dag.py took 0.189 seconds
[2026-03-06T08:55:30.553+0000] {processor.py:186} INFO - Started process (PID=3663) to work on /opt/airflow/dags/master_processing_dag.py
[2026-03-06T08:55:30.556+0000] {processor.py:914} INFO - Processing file /opt/airflow/dags/master_processing_dag.py for tasks to queue
[2026-03-06T08:55:30.561+0000] {logging_mixin.py:190} INFO - [2026-03-06T08:55:30.560+0000] {dagbag.py:588} INFO - Filling up the DagBag from /opt/airflow/dags/master_processing_dag.py
[2026-03-06T08:55:30.599+0000] {processor.py:925} INFO - DAG(s) '01_master_processing_pipeline' retrieved from /opt/airflow/dags/master_processing_dag.py
[2026-03-06T08:55:30.647+0000] {logging_mixin.py:190} INFO - [2026-03-06T08:55:30.647+0000] {dag.py:3239} INFO - Sync 1 DAGs
[2026-03-06T08:55:30.684+0000] {logging_mixin.py:190} INFO - [2026-03-06T08:55:30.684+0000] {dag.py:4180} INFO - Setting next_dagrun for 01_master_processing_pipeline to 2026-03-06 00:00:00+00:00, run_after=2026-03-07 00:00:00+00:00
[2026-03-06T08:55:30.721+0000] {processor.py:208} INFO - Processing /opt/airflow/dags/master_processing_dag.py took 0.180 seconds
[2026-03-06T08:56:01.101+0000] {processor.py:186} INFO - Started process (PID=3673) to work on /opt/airflow/dags/master_processing_dag.py
[2026-03-06T08:56:01.123+0000] {processor.py:914} INFO - Processing file /opt/airflow/dags/master_processing_dag.py for tasks to queue
[2026-03-06T08:56:01.140+0000] {logging_mixin.py:190} INFO - [2026-03-06T08:56:01.136+0000] {dagbag.py:588} INFO - Filling up the DagBag from /opt/airflow/dags/master_processing_dag.py
[2026-03-06T08:56:01.282+0000] {processor.py:925} INFO - DAG(s) '01_master_processing_pipeline' retrieved from /opt/airflow/dags/master_processing_dag.py
[2026-03-06T08:56:01.442+0000] {logging_mixin.py:190} INFO - [2026-03-06T08:56:01.441+0000] {dag.py:3239} INFO - Sync 1 DAGs
[2026-03-06T08:56:01.567+0000] {logging_mixin.py:190} INFO - [2026-03-06T08:56:01.566+0000] {dag.py:4180} INFO - Setting next_dagrun for 01_master_processing_pipeline to 2026-03-06 00:00:00+00:00, run_after=2026-03-07 00:00:00+00:00
[2026-03-06T08:56:01.640+0000] {processor.py:208} INFO - Processing /opt/airflow/dags/master_processing_dag.py took 0.649 seconds
[2026-03-06T08:56:32.016+0000] {processor.py:186} INFO - Started process (PID=3683) to work on /opt/airflow/dags/master_processing_dag.py
[2026-03-06T08:56:32.019+0000] {processor.py:914} INFO - Processing file /opt/airflow/dags/master_processing_dag.py for tasks to queue
[2026-03-06T08:56:32.022+0000] {logging_mixin.py:190} INFO - [2026-03-06T08:56:32.021+0000] {dagbag.py:588} INFO - Filling up the DagBag from /opt/airflow/dags/master_processing_dag.py
[2026-03-06T08:56:32.063+0000] {processor.py:925} INFO - DAG(s) '01_master_processing_pipeline' retrieved from /opt/airflow/dags/master_processing_dag.py
[2026-03-06T08:56:32.112+0000] {logging_mixin.py:190} INFO - [2026-03-06T08:56:32.111+0000] {dag.py:3239} INFO - Sync 1 DAGs
[2026-03-06T08:56:32.154+0000] {logging_mixin.py:190} INFO - [2026-03-06T08:56:32.153+0000] {dag.py:4180} INFO - Setting next_dagrun for 01_master_processing_pipeline to 2026-03-06 00:00:00+00:00, run_after=2026-03-07 00:00:00+00:00
[2026-03-06T08:56:32.195+0000] {processor.py:208} INFO - Processing /opt/airflow/dags/master_processing_dag.py took 0.191 seconds
[2026-03-06T08:57:02.402+0000] {processor.py:186} INFO - Started process (PID=3693) to work on /opt/airflow/dags/master_processing_dag.py
[2026-03-06T08:57:02.408+0000] {processor.py:914} INFO - Processing file /opt/airflow/dags/master_processing_dag.py for tasks to queue
[2026-03-06T08:57:02.411+0000] {logging_mixin.py:190} INFO - [2026-03-06T08:57:02.411+0000] {dagbag.py:588} INFO - Filling up the DagBag from /opt/airflow/dags/master_processing_dag.py
[2026-03-06T08:57:02.455+0000] {processor.py:925} INFO - DAG(s) '01_master_processing_pipeline' retrieved from /opt/airflow/dags/master_processing_dag.py
[2026-03-06T08:57:02.510+0000] {logging_mixin.py:190} INFO - [2026-03-06T08:57:02.510+0000] {dag.py:3239} INFO - Sync 1 DAGs
[2026-03-06T08:57:02.547+0000] {logging_mixin.py:190} INFO - [2026-03-06T08:57:02.546+0000] {dag.py:4180} INFO - Setting next_dagrun for 01_master_processing_pipeline to 2026-03-06 00:00:00+00:00, run_after=2026-03-07 00:00:00+00:00
[2026-03-06T08:57:02.582+0000] {processor.py:208} INFO - Processing /opt/airflow/dags/master_processing_dag.py took 0.191 seconds
[2026-03-06T08:57:32.776+0000] {processor.py:186} INFO - Started process (PID=3703) to work on /opt/airflow/dags/master_processing_dag.py
[2026-03-06T08:57:32.778+0000] {processor.py:914} INFO - Processing file /opt/airflow/dags/master_processing_dag.py for tasks to queue
[2026-03-06T08:57:32.780+0000] {logging_mixin.py:190} INFO - [2026-03-06T08:57:32.780+0000] {dagbag.py:588} INFO - Filling up the DagBag from /opt/airflow/dags/master_processing_dag.py
[2026-03-06T08:57:32.821+0000] {processor.py:925} INFO - DAG(s) '01_master_processing_pipeline' retrieved from /opt/airflow/dags/master_processing_dag.py
[2026-03-06T08:57:32.885+0000] {logging_mixin.py:190} INFO - [2026-03-06T08:57:32.884+0000] {dag.py:3239} INFO - Sync 1 DAGs
[2026-03-06T08:57:32.937+0000] {logging_mixin.py:190} INFO - [2026-03-06T08:57:32.936+0000] {dag.py:4180} INFO - Setting next_dagrun for 01_master_processing_pipeline to 2026-03-06 00:00:00+00:00, run_after=2026-03-07 00:00:00+00:00
[2026-03-06T08:57:32.973+0000] {processor.py:208} INFO - Processing /opt/airflow/dags/master_processing_dag.py took 0.211 seconds
[2026-03-06T08:58:03.178+0000] {processor.py:186} INFO - Started process (PID=3713) to work on /opt/airflow/dags/master_processing_dag.py
[2026-03-06T08:58:03.180+0000] {processor.py:914} INFO - Processing file /opt/airflow/dags/master_processing_dag.py for tasks to queue
[2026-03-06T08:58:03.183+0000] {logging_mixin.py:190} INFO - [2026-03-06T08:58:03.182+0000] {dagbag.py:588} INFO - Filling up the DagBag from /opt/airflow/dags/master_processing_dag.py
[2026-03-06T08:58:03.215+0000] {processor.py:925} INFO - DAG(s) '01_master_processing_pipeline' retrieved from /opt/airflow/dags/master_processing_dag.py
[2026-03-06T08:58:03.260+0000] {logging_mixin.py:190} INFO - [2026-03-06T08:58:03.259+0000] {dag.py:3239} INFO - Sync 1 DAGs
[2026-03-06T08:58:03.303+0000] {logging_mixin.py:190} INFO - [2026-03-06T08:58:03.303+0000] {dag.py:4180} INFO - Setting next_dagrun for 01_master_processing_pipeline to 2026-03-06 00:00:00+00:00, run_after=2026-03-07 00:00:00+00:00
[2026-03-06T08:58:03.341+0000] {processor.py:208} INFO - Processing /opt/airflow/dags/master_processing_dag.py took 0.172 seconds
[2026-03-06T08:58:33.732+0000] {processor.py:186} INFO - Started process (PID=3723) to work on /opt/airflow/dags/master_processing_dag.py
[2026-03-06T08:58:33.734+0000] {processor.py:914} INFO - Processing file /opt/airflow/dags/master_processing_dag.py for tasks to queue
[2026-03-06T08:58:33.737+0000] {logging_mixin.py:190} INFO - [2026-03-06T08:58:33.736+0000] {dagbag.py:588} INFO - Filling up the DagBag from /opt/airflow/dags/master_processing_dag.py
[2026-03-06T08:58:33.778+0000] {processor.py:925} INFO - DAG(s) '01_master_processing_pipeline' retrieved from /opt/airflow/dags/master_processing_dag.py
[2026-03-06T08:58:33.837+0000] {logging_mixin.py:190} INFO - [2026-03-06T08:58:33.836+0000] {dag.py:3239} INFO - Sync 1 DAGs
[2026-03-06T08:58:33.896+0000] {logging_mixin.py:190} INFO - [2026-03-06T08:58:33.896+0000] {dag.py:4180} INFO - Setting next_dagrun for 01_master_processing_pipeline to 2026-03-06 00:00:00+00:00, run_after=2026-03-07 00:00:00+00:00
[2026-03-06T08:58:33.937+0000] {processor.py:208} INFO - Processing /opt/airflow/dags/master_processing_dag.py took 0.220 seconds
[2026-03-06T08:59:04.413+0000] {processor.py:186} INFO - Started process (PID=3733) to work on /opt/airflow/dags/master_processing_dag.py
[2026-03-06T08:59:04.415+0000] {processor.py:914} INFO - Processing file /opt/airflow/dags/master_processing_dag.py for tasks to queue
[2026-03-06T08:59:04.417+0000] {logging_mixin.py:190} INFO - [2026-03-06T08:59:04.416+0000] {dagbag.py:588} INFO - Filling up the DagBag from /opt/airflow/dags/master_processing_dag.py
[2026-03-06T08:59:04.461+0000] {processor.py:925} INFO - DAG(s) '01_master_processing_pipeline' retrieved from /opt/airflow/dags/master_processing_dag.py
[2026-03-06T08:59:04.511+0000] {logging_mixin.py:190} INFO - [2026-03-06T08:59:04.511+0000] {dag.py:3239} INFO - Sync 1 DAGs
[2026-03-06T08:59:04.553+0000] {logging_mixin.py:190} INFO - [2026-03-06T08:59:04.552+0000] {dag.py:4180} INFO - Setting next_dagrun for 01_master_processing_pipeline to 2026-03-06 00:00:00+00:00, run_after=2026-03-07 00:00:00+00:00
[2026-03-06T08:59:04.591+0000] {processor.py:208} INFO - Processing /opt/airflow/dags/master_processing_dag.py took 0.189 seconds
[2026-03-06T08:59:35.059+0000] {processor.py:186} INFO - Started process (PID=3743) to work on /opt/airflow/dags/master_processing_dag.py
[2026-03-06T08:59:35.060+0000] {processor.py:914} INFO - Processing file /opt/airflow/dags/master_processing_dag.py for tasks to queue
[2026-03-06T08:59:35.062+0000] {logging_mixin.py:190} INFO - [2026-03-06T08:59:35.062+0000] {dagbag.py:588} INFO - Filling up the DagBag from /opt/airflow/dags/master_processing_dag.py
[2026-03-06T08:59:35.099+0000] {processor.py:925} INFO - DAG(s) '01_master_processing_pipeline' retrieved from /opt/airflow/dags/master_processing_dag.py
[2026-03-06T08:59:35.148+0000] {logging_mixin.py:190} INFO - [2026-03-06T08:59:35.148+0000] {dag.py:3239} INFO - Sync 1 DAGs
[2026-03-06T08:59:35.188+0000] {logging_mixin.py:190} INFO - [2026-03-06T08:59:35.188+0000] {dag.py:4180} INFO - Setting next_dagrun for 01_master_processing_pipeline to 2026-03-06 00:00:00+00:00, run_after=2026-03-07 00:00:00+00:00
[2026-03-06T08:59:35.223+0000] {processor.py:208} INFO - Processing /opt/airflow/dags/master_processing_dag.py took 0.175 seconds
[2026-03-06T09:00:05.712+0000] {processor.py:186} INFO - Started process (PID=3753) to work on /opt/airflow/dags/master_processing_dag.py
[2026-03-06T09:00:05.715+0000] {processor.py:914} INFO - Processing file /opt/airflow/dags/master_processing_dag.py for tasks to queue
[2026-03-06T09:00:05.717+0000] {logging_mixin.py:190} INFO - [2026-03-06T09:00:05.717+0000] {dagbag.py:588} INFO - Filling up the DagBag from /opt/airflow/dags/master_processing_dag.py
[2026-03-06T09:00:05.761+0000] {processor.py:925} INFO - DAG(s) '01_master_processing_pipeline' retrieved from /opt/airflow/dags/master_processing_dag.py
[2026-03-06T09:00:05.819+0000] {logging_mixin.py:190} INFO - [2026-03-06T09:00:05.818+0000] {dag.py:3239} INFO - Sync 1 DAGs
[2026-03-06T09:00:05.862+0000] {logging_mixin.py:190} INFO - [2026-03-06T09:00:05.862+0000] {dag.py:4180} INFO - Setting next_dagrun for 01_master_processing_pipeline to 2026-03-06 00:00:00+00:00, run_after=2026-03-07 00:00:00+00:00
[2026-03-06T09:00:05.907+0000] {processor.py:208} INFO - Processing /opt/airflow/dags/master_processing_dag.py took 0.216 seconds
[2026-03-06T09:00:36.140+0000] {processor.py:186} INFO - Started process (PID=3763) to work on /opt/airflow/dags/master_processing_dag.py
[2026-03-06T09:00:36.142+0000] {processor.py:914} INFO - Processing file /opt/airflow/dags/master_processing_dag.py for tasks to queue
[2026-03-06T09:00:36.144+0000] {logging_mixin.py:190} INFO - [2026-03-06T09:00:36.143+0000] {dagbag.py:588} INFO - Filling up the DagBag from /opt/airflow/dags/master_processing_dag.py
[2026-03-06T09:00:36.205+0000] {processor.py:925} INFO - DAG(s) '01_master_processing_pipeline' retrieved from /opt/airflow/dags/master_processing_dag.py
[2026-03-06T09:00:36.252+0000] {logging_mixin.py:190} INFO - [2026-03-06T09:00:36.252+0000] {dag.py:3239} INFO - Sync 1 DAGs
[2026-03-06T09:00:36.292+0000] {logging_mixin.py:190} INFO - [2026-03-06T09:00:36.292+0000] {dag.py:4180} INFO - Setting next_dagrun for 01_master_processing_pipeline to 2026-03-06 00:00:00+00:00, run_after=2026-03-07 00:00:00+00:00
[2026-03-06T09:00:36.326+0000] {processor.py:208} INFO - Processing /opt/airflow/dags/master_processing_dag.py took 0.194 seconds
[2026-03-06T09:01:06.742+0000] {processor.py:186} INFO - Started process (PID=3773) to work on /opt/airflow/dags/master_processing_dag.py
[2026-03-06T09:01:06.743+0000] {processor.py:914} INFO - Processing file /opt/airflow/dags/master_processing_dag.py for tasks to queue
[2026-03-06T09:01:06.746+0000] {logging_mixin.py:190} INFO - [2026-03-06T09:01:06.746+0000] {dagbag.py:588} INFO - Filling up the DagBag from /opt/airflow/dags/master_processing_dag.py
[2026-03-06T09:01:06.784+0000] {processor.py:925} INFO - DAG(s) '01_master_processing_pipeline' retrieved from /opt/airflow/dags/master_processing_dag.py
[2026-03-06T09:01:06.833+0000] {logging_mixin.py:190} INFO - [2026-03-06T09:01:06.833+0000] {dag.py:3239} INFO - Sync 1 DAGs
[2026-03-06T09:01:06.881+0000] {logging_mixin.py:190} INFO - [2026-03-06T09:01:06.881+0000] {dag.py:4180} INFO - Setting next_dagrun for 01_master_processing_pipeline to 2026-03-06 00:00:00+00:00, run_after=2026-03-07 00:00:00+00:00
[2026-03-06T09:01:06.918+0000] {processor.py:208} INFO - Processing /opt/airflow/dags/master_processing_dag.py took 0.192 seconds
[2026-03-06T09:01:37.249+0000] {processor.py:186} INFO - Started process (PID=3783) to work on /opt/airflow/dags/master_processing_dag.py
[2026-03-06T09:01:37.250+0000] {processor.py:914} INFO - Processing file /opt/airflow/dags/master_processing_dag.py for tasks to queue
[2026-03-06T09:01:37.252+0000] {logging_mixin.py:190} INFO - [2026-03-06T09:01:37.252+0000] {dagbag.py:588} INFO - Filling up the DagBag from /opt/airflow/dags/master_processing_dag.py
[2026-03-06T09:01:37.294+0000] {processor.py:925} INFO - DAG(s) '01_master_processing_pipeline' retrieved from /opt/airflow/dags/master_processing_dag.py
[2026-03-06T09:01:37.363+0000] {logging_mixin.py:190} INFO - [2026-03-06T09:01:37.363+0000] {dag.py:3239} INFO - Sync 1 DAGs
[2026-03-06T09:01:37.418+0000] {logging_mixin.py:190} INFO - [2026-03-06T09:01:37.417+0000] {dag.py:4180} INFO - Setting next_dagrun for 01_master_processing_pipeline to 2026-03-06 00:00:00+00:00, run_after=2026-03-07 00:00:00+00:00
[2026-03-06T09:01:37.457+0000] {processor.py:208} INFO - Processing /opt/airflow/dags/master_processing_dag.py took 0.221 seconds
[2026-03-06T09:02:07.714+0000] {processor.py:186} INFO - Started process (PID=3793) to work on /opt/airflow/dags/master_processing_dag.py
[2026-03-06T09:02:07.717+0000] {processor.py:914} INFO - Processing file /opt/airflow/dags/master_processing_dag.py for tasks to queue
[2026-03-06T09:02:07.721+0000] {logging_mixin.py:190} INFO - [2026-03-06T09:02:07.720+0000] {dagbag.py:588} INFO - Filling up the DagBag from /opt/airflow/dags/master_processing_dag.py
[2026-03-06T09:02:07.756+0000] {processor.py:925} INFO - DAG(s) '01_master_processing_pipeline' retrieved from /opt/airflow/dags/master_processing_dag.py
[2026-03-06T09:02:07.824+0000] {logging_mixin.py:190} INFO - [2026-03-06T09:02:07.824+0000] {dag.py:3239} INFO - Sync 1 DAGs
[2026-03-06T09:02:07.899+0000] {logging_mixin.py:190} INFO - [2026-03-06T09:02:07.898+0000] {dag.py:4180} INFO - Setting next_dagrun for 01_master_processing_pipeline to 2026-03-06 00:00:00+00:00, run_after=2026-03-07 00:00:00+00:00
[2026-03-06T09:02:07.970+0000] {processor.py:208} INFO - Processing /opt/airflow/dags/master_processing_dag.py took 0.276 seconds
[2026-03-06T09:02:38.489+0000] {processor.py:186} INFO - Started process (PID=3803) to work on /opt/airflow/dags/master_processing_dag.py
[2026-03-06T09:02:38.492+0000] {processor.py:914} INFO - Processing file /opt/airflow/dags/master_processing_dag.py for tasks to queue
[2026-03-06T09:02:38.495+0000] {logging_mixin.py:190} INFO - [2026-03-06T09:02:38.494+0000] {dagbag.py:588} INFO - Filling up the DagBag from /opt/airflow/dags/master_processing_dag.py
[2026-03-06T09:02:38.547+0000] {processor.py:925} INFO - DAG(s) '01_master_processing_pipeline' retrieved from /opt/airflow/dags/master_processing_dag.py
[2026-03-06T09:02:38.619+0000] {logging_mixin.py:190} INFO - [2026-03-06T09:02:38.619+0000] {dag.py:3239} INFO - Sync 1 DAGs
[2026-03-06T09:02:38.680+0000] {logging_mixin.py:190} INFO - [2026-03-06T09:02:38.680+0000] {dag.py:4180} INFO - Setting next_dagrun for 01_master_processing_pipeline to 2026-03-06 00:00:00+00:00, run_after=2026-03-07 00:00:00+00:00
[2026-03-06T09:02:38.730+0000] {processor.py:208} INFO - Processing /opt/airflow/dags/master_processing_dag.py took 0.262 seconds
[2026-03-06T09:03:09.217+0000] {processor.py:186} INFO - Started process (PID=3813) to work on /opt/airflow/dags/master_processing_dag.py
[2026-03-06T09:03:09.220+0000] {processor.py:914} INFO - Processing file /opt/airflow/dags/master_processing_dag.py for tasks to queue
[2026-03-06T09:03:09.222+0000] {logging_mixin.py:190} INFO - [2026-03-06T09:03:09.222+0000] {dagbag.py:588} INFO - Filling up the DagBag from /opt/airflow/dags/master_processing_dag.py
[2026-03-06T09:03:09.264+0000] {processor.py:925} INFO - DAG(s) '01_master_processing_pipeline' retrieved from /opt/airflow/dags/master_processing_dag.py
[2026-03-06T09:03:09.306+0000] {logging_mixin.py:190} INFO - [2026-03-06T09:03:09.306+0000] {dag.py:3239} INFO - Sync 1 DAGs
[2026-03-06T09:03:09.348+0000] {logging_mixin.py:190} INFO - [2026-03-06T09:03:09.347+0000] {dag.py:4180} INFO - Setting next_dagrun for 01_master_processing_pipeline to 2026-03-06 00:00:00+00:00, run_after=2026-03-07 00:00:00+00:00
[2026-03-06T09:03:09.384+0000] {processor.py:208} INFO - Processing /opt/airflow/dags/master_processing_dag.py took 0.178 seconds
[2026-03-06T09:03:39.842+0000] {processor.py:186} INFO - Started process (PID=3823) to work on /opt/airflow/dags/master_processing_dag.py
[2026-03-06T09:03:39.843+0000] {processor.py:914} INFO - Processing file /opt/airflow/dags/master_processing_dag.py for tasks to queue
[2026-03-06T09:03:39.847+0000] {logging_mixin.py:190} INFO - [2026-03-06T09:03:39.846+0000] {dagbag.py:588} INFO - Filling up the DagBag from /opt/airflow/dags/master_processing_dag.py
[2026-03-06T09:03:39.886+0000] {processor.py:925} INFO - DAG(s) '01_master_processing_pipeline' retrieved from /opt/airflow/dags/master_processing_dag.py
[2026-03-06T09:03:39.939+0000] {logging_mixin.py:190} INFO - [2026-03-06T09:03:39.938+0000] {dag.py:3239} INFO - Sync 1 DAGs
[2026-03-06T09:03:39.981+0000] {logging_mixin.py:190} INFO - [2026-03-06T09:03:39.981+0000] {dag.py:4180} INFO - Setting next_dagrun for 01_master_processing_pipeline to 2026-03-06 00:00:00+00:00, run_after=2026-03-07 00:00:00+00:00
[2026-03-06T09:03:40.012+0000] {processor.py:208} INFO - Processing /opt/airflow/dags/master_processing_dag.py took 0.180 seconds
[2026-03-06T09:04:10.317+0000] {processor.py:186} INFO - Started process (PID=3833) to work on /opt/airflow/dags/master_processing_dag.py
[2026-03-06T09:04:10.319+0000] {processor.py:914} INFO - Processing file /opt/airflow/dags/master_processing_dag.py for tasks to queue
[2026-03-06T09:04:10.322+0000] {logging_mixin.py:190} INFO - [2026-03-06T09:04:10.320+0000] {dagbag.py:588} INFO - Filling up the DagBag from /opt/airflow/dags/master_processing_dag.py
[2026-03-06T09:04:10.363+0000] {processor.py:925} INFO - DAG(s) '01_master_processing_pipeline' retrieved from /opt/airflow/dags/master_processing_dag.py
[2026-03-06T09:04:10.417+0000] {logging_mixin.py:190} INFO - [2026-03-06T09:04:10.416+0000] {dag.py:3239} INFO - Sync 1 DAGs
[2026-03-06T09:04:10.466+0000] {logging_mixin.py:190} INFO - [2026-03-06T09:04:10.466+0000] {dag.py:4180} INFO - Setting next_dagrun for 01_master_processing_pipeline to 2026-03-06 00:00:00+00:00, run_after=2026-03-07 00:00:00+00:00
[2026-03-06T09:04:10.501+0000] {processor.py:208} INFO - Processing /opt/airflow/dags/master_processing_dag.py took 0.195 seconds
[2026-03-06T09:04:40.824+0000] {processor.py:186} INFO - Started process (PID=3843) to work on /opt/airflow/dags/master_processing_dag.py
[2026-03-06T09:04:40.825+0000] {processor.py:914} INFO - Processing file /opt/airflow/dags/master_processing_dag.py for tasks to queue
[2026-03-06T09:04:40.829+0000] {logging_mixin.py:190} INFO - [2026-03-06T09:04:40.828+0000] {dagbag.py:588} INFO - Filling up the DagBag from /opt/airflow/dags/master_processing_dag.py
[2026-03-06T09:04:40.877+0000] {processor.py:925} INFO - DAG(s) '01_master_processing_pipeline' retrieved from /opt/airflow/dags/master_processing_dag.py
[2026-03-06T09:04:40.923+0000] {logging_mixin.py:190} INFO - [2026-03-06T09:04:40.922+0000] {dag.py:3239} INFO - Sync 1 DAGs
[2026-03-06T09:04:40.959+0000] {logging_mixin.py:190} INFO - [2026-03-06T09:04:40.959+0000] {dag.py:4180} INFO - Setting next_dagrun for 01_master_processing_pipeline to 2026-03-06 00:00:00+00:00, run_after=2026-03-07 00:00:00+00:00
[2026-03-06T09:04:40.999+0000] {processor.py:208} INFO - Processing /opt/airflow/dags/master_processing_dag.py took 0.188 seconds
[2026-03-06T09:05:11.313+0000] {processor.py:186} INFO - Started process (PID=3853) to work on /opt/airflow/dags/master_processing_dag.py
[2026-03-06T09:05:11.315+0000] {processor.py:914} INFO - Processing file /opt/airflow/dags/master_processing_dag.py for tasks to queue
[2026-03-06T09:05:11.318+0000] {logging_mixin.py:190} INFO - [2026-03-06T09:05:11.317+0000] {dagbag.py:588} INFO - Filling up the DagBag from /opt/airflow/dags/master_processing_dag.py
[2026-03-06T09:05:11.371+0000] {processor.py:925} INFO - DAG(s) '01_master_processing_pipeline' retrieved from /opt/airflow/dags/master_processing_dag.py
[2026-03-06T09:05:11.448+0000] {logging_mixin.py:190} INFO - [2026-03-06T09:05:11.448+0000] {dag.py:3239} INFO - Sync 1 DAGs
[2026-03-06T09:05:11.535+0000] {logging_mixin.py:190} INFO - [2026-03-06T09:05:11.533+0000] {dag.py:4180} INFO - Setting next_dagrun for 01_master_processing_pipeline to 2026-03-06 00:00:00+00:00, run_after=2026-03-07 00:00:00+00:00
[2026-03-06T09:05:11.591+0000] {processor.py:208} INFO - Processing /opt/airflow/dags/master_processing_dag.py took 0.294 seconds
[2026-03-06T09:05:42.053+0000] {processor.py:186} INFO - Started process (PID=3863) to work on /opt/airflow/dags/master_processing_dag.py
[2026-03-06T09:05:42.054+0000] {processor.py:914} INFO - Processing file /opt/airflow/dags/master_processing_dag.py for tasks to queue
[2026-03-06T09:05:42.057+0000] {logging_mixin.py:190} INFO - [2026-03-06T09:05:42.057+0000] {dagbag.py:588} INFO - Filling up the DagBag from /opt/airflow/dags/master_processing_dag.py
[2026-03-06T09:05:42.102+0000] {processor.py:925} INFO - DAG(s) '01_master_processing_pipeline' retrieved from /opt/airflow/dags/master_processing_dag.py
[2026-03-06T09:05:42.160+0000] {logging_mixin.py:190} INFO - [2026-03-06T09:05:42.160+0000] {dag.py:3239} INFO - Sync 1 DAGs
[2026-03-06T09:05:42.199+0000] {logging_mixin.py:190} INFO - [2026-03-06T09:05:42.199+0000] {dag.py:4180} INFO - Setting next_dagrun for 01_master_processing_pipeline to 2026-03-06 00:00:00+00:00, run_after=2026-03-07 00:00:00+00:00
[2026-03-06T09:05:42.235+0000] {processor.py:208} INFO - Processing /opt/airflow/dags/master_processing_dag.py took 0.191 seconds
[2026-03-06T09:06:12.538+0000] {processor.py:186} INFO - Started process (PID=3873) to work on /opt/airflow/dags/master_processing_dag.py
[2026-03-06T09:06:12.544+0000] {processor.py:914} INFO - Processing file /opt/airflow/dags/master_processing_dag.py for tasks to queue
[2026-03-06T09:06:12.547+0000] {logging_mixin.py:190} INFO - [2026-03-06T09:06:12.546+0000] {dagbag.py:588} INFO - Filling up the DagBag from /opt/airflow/dags/master_processing_dag.py
[2026-03-06T09:06:12.598+0000] {processor.py:925} INFO - DAG(s) '01_master_processing_pipeline' retrieved from /opt/airflow/dags/master_processing_dag.py
[2026-03-06T09:06:12.667+0000] {logging_mixin.py:190} INFO - [2026-03-06T09:06:12.666+0000] {dag.py:3239} INFO - Sync 1 DAGs
[2026-03-06T09:06:12.733+0000] {logging_mixin.py:190} INFO - [2026-03-06T09:06:12.733+0000] {dag.py:4180} INFO - Setting next_dagrun for 01_master_processing_pipeline to 2026-03-06 00:00:00+00:00, run_after=2026-03-07 00:00:00+00:00
[2026-03-06T09:06:12.776+0000] {processor.py:208} INFO - Processing /opt/airflow/dags/master_processing_dag.py took 0.252 seconds
[2026-03-06T09:06:43.041+0000] {processor.py:186} INFO - Started process (PID=3883) to work on /opt/airflow/dags/master_processing_dag.py
[2026-03-06T09:06:43.043+0000] {processor.py:914} INFO - Processing file /opt/airflow/dags/master_processing_dag.py for tasks to queue
[2026-03-06T09:06:43.047+0000] {logging_mixin.py:190} INFO - [2026-03-06T09:06:43.046+0000] {dagbag.py:588} INFO - Filling up the DagBag from /opt/airflow/dags/master_processing_dag.py
[2026-03-06T09:06:43.100+0000] {processor.py:925} INFO - DAG(s) '01_master_processing_pipeline' retrieved from /opt/airflow/dags/master_processing_dag.py
[2026-03-06T09:06:43.156+0000] {logging_mixin.py:190} INFO - [2026-03-06T09:06:43.156+0000] {dag.py:3239} INFO - Sync 1 DAGs
[2026-03-06T09:06:43.196+0000] {logging_mixin.py:190} INFO - [2026-03-06T09:06:43.196+0000] {dag.py:4180} INFO - Setting next_dagrun for 01_master_processing_pipeline to 2026-03-06 00:00:00+00:00, run_after=2026-03-07 00:00:00+00:00
[2026-03-06T09:06:43.230+0000] {processor.py:208} INFO - Processing /opt/airflow/dags/master_processing_dag.py took 0.200 seconds
[2026-03-06T09:07:13.442+0000] {processor.py:186} INFO - Started process (PID=3893) to work on /opt/airflow/dags/master_processing_dag.py
[2026-03-06T09:07:13.443+0000] {processor.py:914} INFO - Processing file /opt/airflow/dags/master_processing_dag.py for tasks to queue
[2026-03-06T09:07:13.446+0000] {logging_mixin.py:190} INFO - [2026-03-06T09:07:13.445+0000] {dagbag.py:588} INFO - Filling up the DagBag from /opt/airflow/dags/master_processing_dag.py
[2026-03-06T09:07:13.483+0000] {processor.py:925} INFO - DAG(s) '01_master_processing_pipeline' retrieved from /opt/airflow/dags/master_processing_dag.py
[2026-03-06T09:07:13.534+0000] {logging_mixin.py:190} INFO - [2026-03-06T09:07:13.534+0000] {dag.py:3239} INFO - Sync 1 DAGs
[2026-03-06T09:07:13.586+0000] {logging_mixin.py:190} INFO - [2026-03-06T09:07:13.586+0000] {dag.py:4180} INFO - Setting next_dagrun for 01_master_processing_pipeline to 2026-03-06 00:00:00+00:00, run_after=2026-03-07 00:00:00+00:00
[2026-03-06T09:07:13.632+0000] {processor.py:208} INFO - Processing /opt/airflow/dags/master_processing_dag.py took 0.199 seconds
[2026-03-06T09:07:44.098+0000] {processor.py:186} INFO - Started process (PID=3903) to work on /opt/airflow/dags/master_processing_dag.py
[2026-03-06T09:07:44.101+0000] {processor.py:914} INFO - Processing file /opt/airflow/dags/master_processing_dag.py for tasks to queue
[2026-03-06T09:07:44.107+0000] {logging_mixin.py:190} INFO - [2026-03-06T09:07:44.105+0000] {dagbag.py:588} INFO - Filling up the DagBag from /opt/airflow/dags/master_processing_dag.py
[2026-03-06T09:07:44.163+0000] {processor.py:925} INFO - DAG(s) '01_master_processing_pipeline' retrieved from /opt/airflow/dags/master_processing_dag.py
[2026-03-06T09:07:44.244+0000] {logging_mixin.py:190} INFO - [2026-03-06T09:07:44.243+0000] {dag.py:3239} INFO - Sync 1 DAGs
[2026-03-06T09:07:44.320+0000] {logging_mixin.py:190} INFO - [2026-03-06T09:07:44.319+0000] {dag.py:4180} INFO - Setting next_dagrun for 01_master_processing_pipeline to 2026-03-06 00:00:00+00:00, run_after=2026-03-07 00:00:00+00:00
[2026-03-06T09:07:44.362+0000] {processor.py:208} INFO - Processing /opt/airflow/dags/master_processing_dag.py took 0.277 seconds
[2026-03-06T09:08:14.698+0000] {processor.py:186} INFO - Started process (PID=3913) to work on /opt/airflow/dags/master_processing_dag.py
[2026-03-06T09:08:14.701+0000] {processor.py:914} INFO - Processing file /opt/airflow/dags/master_processing_dag.py for tasks to queue
[2026-03-06T09:08:14.705+0000] {logging_mixin.py:190} INFO - [2026-03-06T09:08:14.705+0000] {dagbag.py:588} INFO - Filling up the DagBag from /opt/airflow/dags/master_processing_dag.py
[2026-03-06T09:08:14.754+0000] {processor.py:925} INFO - DAG(s) '01_master_processing_pipeline' retrieved from /opt/airflow/dags/master_processing_dag.py
[2026-03-06T09:08:14.813+0000] {logging_mixin.py:190} INFO - [2026-03-06T09:08:14.813+0000] {dag.py:3239} INFO - Sync 1 DAGs
[2026-03-06T09:08:14.860+0000] {logging_mixin.py:190} INFO - [2026-03-06T09:08:14.860+0000] {dag.py:4180} INFO - Setting next_dagrun for 01_master_processing_pipeline to 2026-03-06 00:00:00+00:00, run_after=2026-03-07 00:00:00+00:00
[2026-03-06T09:08:14.897+0000] {processor.py:208} INFO - Processing /opt/airflow/dags/master_processing_dag.py took 0.211 seconds
[2026-03-06T09:08:45.342+0000] {processor.py:186} INFO - Started process (PID=3923) to work on /opt/airflow/dags/master_processing_dag.py
[2026-03-06T09:08:45.344+0000] {processor.py:914} INFO - Processing file /opt/airflow/dags/master_processing_dag.py for tasks to queue
[2026-03-06T09:08:45.346+0000] {logging_mixin.py:190} INFO - [2026-03-06T09:08:45.345+0000] {dagbag.py:588} INFO - Filling up the DagBag from /opt/airflow/dags/master_processing_dag.py
[2026-03-06T09:08:45.393+0000] {processor.py:925} INFO - DAG(s) '01_master_processing_pipeline' retrieved from /opt/airflow/dags/master_processing_dag.py
[2026-03-06T09:08:45.444+0000] {logging_mixin.py:190} INFO - [2026-03-06T09:08:45.444+0000] {dag.py:3239} INFO - Sync 1 DAGs
[2026-03-06T09:08:45.492+0000] {logging_mixin.py:190} INFO - [2026-03-06T09:08:45.491+0000] {dag.py:4180} INFO - Setting next_dagrun for 01_master_processing_pipeline to 2026-03-06 00:00:00+00:00, run_after=2026-03-07 00:00:00+00:00
[2026-03-06T09:08:45.528+0000] {processor.py:208} INFO - Processing /opt/airflow/dags/master_processing_dag.py took 0.198 seconds
[2026-03-06T09:09:15.772+0000] {processor.py:186} INFO - Started process (PID=3933) to work on /opt/airflow/dags/master_processing_dag.py
[2026-03-06T09:09:15.774+0000] {processor.py:914} INFO - Processing file /opt/airflow/dags/master_processing_dag.py for tasks to queue
[2026-03-06T09:09:15.777+0000] {logging_mixin.py:190} INFO - [2026-03-06T09:09:15.776+0000] {dagbag.py:588} INFO - Filling up the DagBag from /opt/airflow/dags/master_processing_dag.py
[2026-03-06T09:09:15.822+0000] {processor.py:925} INFO - DAG(s) '01_master_processing_pipeline' retrieved from /opt/airflow/dags/master_processing_dag.py
[2026-03-06T09:09:15.875+0000] {logging_mixin.py:190} INFO - [2026-03-06T09:09:15.875+0000] {dag.py:3239} INFO - Sync 1 DAGs
[2026-03-06T09:09:15.911+0000] {logging_mixin.py:190} INFO - [2026-03-06T09:09:15.911+0000] {dag.py:4180} INFO - Setting next_dagrun for 01_master_processing_pipeline to 2026-03-06 00:00:00+00:00, run_after=2026-03-07 00:00:00+00:00
[2026-03-06T09:09:15.947+0000] {processor.py:208} INFO - Processing /opt/airflow/dags/master_processing_dag.py took 0.186 seconds
[2026-03-06T09:09:46.362+0000] {processor.py:186} INFO - Started process (PID=3943) to work on /opt/airflow/dags/master_processing_dag.py
[2026-03-06T09:09:46.363+0000] {processor.py:914} INFO - Processing file /opt/airflow/dags/master_processing_dag.py for tasks to queue
[2026-03-06T09:09:46.365+0000] {logging_mixin.py:190} INFO - [2026-03-06T09:09:46.365+0000] {dagbag.py:588} INFO - Filling up the DagBag from /opt/airflow/dags/master_processing_dag.py
[2026-03-06T09:09:46.397+0000] {processor.py:925} INFO - DAG(s) '01_master_processing_pipeline' retrieved from /opt/airflow/dags/master_processing_dag.py
[2026-03-06T09:09:46.450+0000] {logging_mixin.py:190} INFO - [2026-03-06T09:09:46.450+0000] {dag.py:3239} INFO - Sync 1 DAGs
[2026-03-06T09:09:46.491+0000] {logging_mixin.py:190} INFO - [2026-03-06T09:09:46.491+0000] {dag.py:4180} INFO - Setting next_dagrun for 01_master_processing_pipeline to 2026-03-06 00:00:00+00:00, run_after=2026-03-07 00:00:00+00:00
[2026-03-06T09:09:46.529+0000] {processor.py:208} INFO - Processing /opt/airflow/dags/master_processing_dag.py took 0.178 seconds
[2026-03-06T09:10:17.008+0000] {processor.py:186} INFO - Started process (PID=3953) to work on /opt/airflow/dags/master_processing_dag.py
[2026-03-06T09:10:17.010+0000] {processor.py:914} INFO - Processing file /opt/airflow/dags/master_processing_dag.py for tasks to queue
[2026-03-06T09:10:17.013+0000] {logging_mixin.py:190} INFO - [2026-03-06T09:10:17.012+0000] {dagbag.py:588} INFO - Filling up the DagBag from /opt/airflow/dags/master_processing_dag.py
[2026-03-06T09:10:17.061+0000] {processor.py:925} INFO - DAG(s) '01_master_processing_pipeline' retrieved from /opt/airflow/dags/master_processing_dag.py
[2026-03-06T09:10:17.119+0000] {logging_mixin.py:190} INFO - [2026-03-06T09:10:17.118+0000] {dag.py:3239} INFO - Sync 1 DAGs
[2026-03-06T09:10:17.158+0000] {logging_mixin.py:190} INFO - [2026-03-06T09:10:17.157+0000] {dag.py:4180} INFO - Setting next_dagrun for 01_master_processing_pipeline to 2026-03-06 00:00:00+00:00, run_after=2026-03-07 00:00:00+00:00
[2026-03-06T09:10:17.192+0000] {processor.py:208} INFO - Processing /opt/airflow/dags/master_processing_dag.py took 0.196 seconds
[2026-03-06T09:10:47.435+0000] {processor.py:186} INFO - Started process (PID=3963) to work on /opt/airflow/dags/master_processing_dag.py
[2026-03-06T09:10:47.437+0000] {processor.py:914} INFO - Processing file /opt/airflow/dags/master_processing_dag.py for tasks to queue
[2026-03-06T09:10:47.439+0000] {logging_mixin.py:190} INFO - [2026-03-06T09:10:47.438+0000] {dagbag.py:588} INFO - Filling up the DagBag from /opt/airflow/dags/master_processing_dag.py
[2026-03-06T09:10:47.487+0000] {processor.py:925} INFO - DAG(s) '01_master_processing_pipeline' retrieved from /opt/airflow/dags/master_processing_dag.py
[2026-03-06T09:10:47.535+0000] {logging_mixin.py:190} INFO - [2026-03-06T09:10:47.534+0000] {dag.py:3239} INFO - Sync 1 DAGs
[2026-03-06T09:10:47.573+0000] {logging_mixin.py:190} INFO - [2026-03-06T09:10:47.573+0000] {dag.py:4180} INFO - Setting next_dagrun for 01_master_processing_pipeline to 2026-03-06 00:00:00+00:00, run_after=2026-03-07 00:00:00+00:00
[2026-03-06T09:10:47.614+0000] {processor.py:208} INFO - Processing /opt/airflow/dags/master_processing_dag.py took 0.190 seconds
[2026-03-06T09:11:18.007+0000] {processor.py:186} INFO - Started process (PID=3973) to work on /opt/airflow/dags/master_processing_dag.py
[2026-03-06T09:11:18.009+0000] {processor.py:914} INFO - Processing file /opt/airflow/dags/master_processing_dag.py for tasks to queue
[2026-03-06T09:11:18.012+0000] {logging_mixin.py:190} INFO - [2026-03-06T09:11:18.011+0000] {dagbag.py:588} INFO - Filling up the DagBag from /opt/airflow/dags/master_processing_dag.py
[2026-03-06T09:11:18.053+0000] {processor.py:925} INFO - DAG(s) '01_master_processing_pipeline' retrieved from /opt/airflow/dags/master_processing_dag.py
[2026-03-06T09:11:18.100+0000] {logging_mixin.py:190} INFO - [2026-03-06T09:11:18.099+0000] {dag.py:3239} INFO - Sync 1 DAGs
[2026-03-06T09:11:18.143+0000] {logging_mixin.py:190} INFO - [2026-03-06T09:11:18.142+0000] {dag.py:4180} INFO - Setting next_dagrun for 01_master_processing_pipeline to 2026-03-06 00:00:00+00:00, run_after=2026-03-07 00:00:00+00:00
[2026-03-06T09:11:18.178+0000] {processor.py:208} INFO - Processing /opt/airflow/dags/master_processing_dag.py took 0.181 seconds
[2026-03-06T09:11:48.494+0000] {processor.py:186} INFO - Started process (PID=3983) to work on /opt/airflow/dags/master_processing_dag.py
[2026-03-06T09:11:48.495+0000] {processor.py:914} INFO - Processing file /opt/airflow/dags/master_processing_dag.py for tasks to queue
[2026-03-06T09:11:48.499+0000] {logging_mixin.py:190} INFO - [2026-03-06T09:11:48.499+0000] {dagbag.py:588} INFO - Filling up the DagBag from /opt/airflow/dags/master_processing_dag.py
[2026-03-06T09:11:48.535+0000] {processor.py:925} INFO - DAG(s) '01_master_processing_pipeline' retrieved from /opt/airflow/dags/master_processing_dag.py
[2026-03-06T09:11:48.583+0000] {logging_mixin.py:190} INFO - [2026-03-06T09:11:48.582+0000] {dag.py:3239} INFO - Sync 1 DAGs
[2026-03-06T09:11:48.621+0000] {logging_mixin.py:190} INFO - [2026-03-06T09:11:48.620+0000] {dag.py:4180} INFO - Setting next_dagrun for 01_master_processing_pipeline to 2026-03-06 00:00:00+00:00, run_after=2026-03-07 00:00:00+00:00
[2026-03-06T09:11:48.658+0000] {processor.py:208} INFO - Processing /opt/airflow/dags/master_processing_dag.py took 0.173 seconds
[2026-03-06T09:12:18.987+0000] {processor.py:186} INFO - Started process (PID=3993) to work on /opt/airflow/dags/master_processing_dag.py
[2026-03-06T09:12:18.988+0000] {processor.py:914} INFO - Processing file /opt/airflow/dags/master_processing_dag.py for tasks to queue
[2026-03-06T09:12:18.991+0000] {logging_mixin.py:190} INFO - [2026-03-06T09:12:18.990+0000] {dagbag.py:588} INFO - Filling up the DagBag from /opt/airflow/dags/master_processing_dag.py
[2026-03-06T09:12:19.032+0000] {processor.py:925} INFO - DAG(s) '01_master_processing_pipeline' retrieved from /opt/airflow/dags/master_processing_dag.py
[2026-03-06T09:12:19.096+0000] {logging_mixin.py:190} INFO - [2026-03-06T09:12:19.096+0000] {dag.py:3239} INFO - Sync 1 DAGs
[2026-03-06T09:12:19.152+0000] {logging_mixin.py:190} INFO - [2026-03-06T09:12:19.151+0000] {dag.py:4180} INFO - Setting next_dagrun for 01_master_processing_pipeline to 2026-03-06 00:00:00+00:00, run_after=2026-03-07 00:00:00+00:00
[2026-03-06T09:12:19.195+0000] {processor.py:208} INFO - Processing /opt/airflow/dags/master_processing_dag.py took 0.219 seconds
[2026-03-06T09:12:49.459+0000] {processor.py:186} INFO - Started process (PID=4003) to work on /opt/airflow/dags/master_processing_dag.py
[2026-03-06T09:12:49.461+0000] {processor.py:914} INFO - Processing file /opt/airflow/dags/master_processing_dag.py for tasks to queue
[2026-03-06T09:12:49.463+0000] {logging_mixin.py:190} INFO - [2026-03-06T09:12:49.463+0000] {dagbag.py:588} INFO - Filling up the DagBag from /opt/airflow/dags/master_processing_dag.py
[2026-03-06T09:12:49.504+0000] {processor.py:925} INFO - DAG(s) '01_master_processing_pipeline' retrieved from /opt/airflow/dags/master_processing_dag.py
[2026-03-06T09:12:49.556+0000] {logging_mixin.py:190} INFO - [2026-03-06T09:12:49.555+0000] {dag.py:3239} INFO - Sync 1 DAGs
[2026-03-06T09:12:49.608+0000] {logging_mixin.py:190} INFO - [2026-03-06T09:12:49.607+0000] {dag.py:4180} INFO - Setting next_dagrun for 01_master_processing_pipeline to 2026-03-06 00:00:00+00:00, run_after=2026-03-07 00:00:00+00:00
[2026-03-06T09:12:49.667+0000] {processor.py:208} INFO - Processing /opt/airflow/dags/master_processing_dag.py took 0.223 seconds
[2026-03-06T09:13:19.958+0000] {processor.py:186} INFO - Started process (PID=4013) to work on /opt/airflow/dags/master_processing_dag.py
[2026-03-06T09:13:19.960+0000] {processor.py:914} INFO - Processing file /opt/airflow/dags/master_processing_dag.py for tasks to queue
[2026-03-06T09:13:19.964+0000] {logging_mixin.py:190} INFO - [2026-03-06T09:13:19.963+0000] {dagbag.py:588} INFO - Filling up the DagBag from /opt/airflow/dags/master_processing_dag.py
[2026-03-06T09:13:20.004+0000] {processor.py:925} INFO - DAG(s) '01_master_processing_pipeline' retrieved from /opt/airflow/dags/master_processing_dag.py
[2026-03-06T09:13:20.057+0000] {logging_mixin.py:190} INFO - [2026-03-06T09:13:20.056+0000] {dag.py:3239} INFO - Sync 1 DAGs
[2026-03-06T09:13:20.098+0000] {logging_mixin.py:190} INFO - [2026-03-06T09:13:20.097+0000] {dag.py:4180} INFO - Setting next_dagrun for 01_master_processing_pipeline to 2026-03-06 00:00:00+00:00, run_after=2026-03-07 00:00:00+00:00
[2026-03-06T09:13:20.135+0000] {processor.py:208} INFO - Processing /opt/airflow/dags/master_processing_dag.py took 0.187 seconds
[2026-03-06T09:13:50.814+0000] {processor.py:186} INFO - Started process (PID=4023) to work on /opt/airflow/dags/master_processing_dag.py
[2026-03-06T09:13:50.818+0000] {processor.py:914} INFO - Processing file /opt/airflow/dags/master_processing_dag.py for tasks to queue
[2026-03-06T09:13:50.829+0000] {logging_mixin.py:190} INFO - [2026-03-06T09:13:50.827+0000] {dagbag.py:588} INFO - Filling up the DagBag from /opt/airflow/dags/master_processing_dag.py
[2026-03-06T09:13:50.922+0000] {processor.py:925} INFO - DAG(s) '01_master_processing_pipeline' retrieved from /opt/airflow/dags/master_processing_dag.py
[2026-03-06T09:13:51.069+0000] {logging_mixin.py:190} INFO - [2026-03-06T09:13:51.069+0000] {dag.py:3239} INFO - Sync 1 DAGs
[2026-03-06T09:13:51.149+0000] {logging_mixin.py:190} INFO - [2026-03-06T09:13:51.149+0000] {dag.py:4180} INFO - Setting next_dagrun for 01_master_processing_pipeline to 2026-03-06 00:00:00+00:00, run_after=2026-03-07 00:00:00+00:00
[2026-03-06T09:13:51.215+0000] {processor.py:208} INFO - Processing /opt/airflow/dags/master_processing_dag.py took 0.448 seconds
[2026-03-06T09:14:21.864+0000] {processor.py:186} INFO - Started process (PID=4033) to work on /opt/airflow/dags/master_processing_dag.py
[2026-03-06T09:14:21.865+0000] {processor.py:914} INFO - Processing file /opt/airflow/dags/master_processing_dag.py for tasks to queue
[2026-03-06T09:14:21.869+0000] {logging_mixin.py:190} INFO - [2026-03-06T09:14:21.868+0000] {dagbag.py:588} INFO - Filling up the DagBag from /opt/airflow/dags/master_processing_dag.py
[2026-03-06T09:14:21.918+0000] {processor.py:925} INFO - DAG(s) '01_master_processing_pipeline' retrieved from /opt/airflow/dags/master_processing_dag.py
[2026-03-06T09:14:22.215+0000] {logging_mixin.py:190} INFO - [2026-03-06T09:14:22.214+0000] {dag.py:3239} INFO - Sync 1 DAGs
[2026-03-06T09:14:22.790+0000] {logging_mixin.py:190} INFO - [2026-03-06T09:14:22.789+0000] {dag.py:4180} INFO - Setting next_dagrun for 01_master_processing_pipeline to 2026-03-06 00:00:00+00:00, run_after=2026-03-07 00:00:00+00:00
[2026-03-06T09:14:23.187+0000] {processor.py:208} INFO - Processing /opt/airflow/dags/master_processing_dag.py took 1.335 seconds
[2026-03-06T09:14:55.201+0000] {processor.py:186} INFO - Started process (PID=4043) to work on /opt/airflow/dags/master_processing_dag.py
[2026-03-06T09:14:55.225+0000] {processor.py:914} INFO - Processing file /opt/airflow/dags/master_processing_dag.py for tasks to queue
[2026-03-06T09:14:55.254+0000] {logging_mixin.py:190} INFO - [2026-03-06T09:14:55.253+0000] {dagbag.py:588} INFO - Filling up the DagBag from /opt/airflow/dags/master_processing_dag.py
[2026-03-06T09:14:55.592+0000] {processor.py:925} INFO - DAG(s) '01_master_processing_pipeline' retrieved from /opt/airflow/dags/master_processing_dag.py
[2026-03-06T09:14:55.786+0000] {logging_mixin.py:190} INFO - [2026-03-06T09:14:55.780+0000] {dag.py:3239} INFO - Sync 1 DAGs
[2026-03-06T09:14:55.968+0000] {logging_mixin.py:190} INFO - [2026-03-06T09:14:55.967+0000] {dag.py:4180} INFO - Setting next_dagrun for 01_master_processing_pipeline to 2026-03-06 00:00:00+00:00, run_after=2026-03-07 00:00:00+00:00
[2026-03-06T09:14:56.086+0000] {processor.py:208} INFO - Processing /opt/airflow/dags/master_processing_dag.py took 2.114 seconds
[2026-03-06T09:15:26.840+0000] {processor.py:186} INFO - Started process (PID=4053) to work on /opt/airflow/dags/master_processing_dag.py
[2026-03-06T09:15:26.959+0000] {processor.py:914} INFO - Processing file /opt/airflow/dags/master_processing_dag.py for tasks to queue
[2026-03-06T09:15:26.963+0000] {logging_mixin.py:190} INFO - [2026-03-06T09:15:26.962+0000] {dagbag.py:588} INFO - Filling up the DagBag from /opt/airflow/dags/master_processing_dag.py
[2026-03-06T09:15:27.118+0000] {processor.py:925} INFO - DAG(s) '01_master_processing_pipeline' retrieved from /opt/airflow/dags/master_processing_dag.py
[2026-03-06T09:15:27.392+0000] {logging_mixin.py:190} INFO - [2026-03-06T09:15:27.392+0000] {dag.py:3239} INFO - Sync 1 DAGs
[2026-03-06T09:15:27.440+0000] {logging_mixin.py:190} INFO - [2026-03-06T09:15:27.439+0000] {dag.py:4180} INFO - Setting next_dagrun for 01_master_processing_pipeline to 2026-03-06 00:00:00+00:00, run_after=2026-03-07 00:00:00+00:00
[2026-03-06T09:15:27.844+0000] {processor.py:208} INFO - Processing /opt/airflow/dags/master_processing_dag.py took 1.013 seconds
[2026-03-06T09:15:58.274+0000] {processor.py:186} INFO - Started process (PID=4063) to work on /opt/airflow/dags/master_processing_dag.py
[2026-03-06T09:15:58.277+0000] {processor.py:914} INFO - Processing file /opt/airflow/dags/master_processing_dag.py for tasks to queue
[2026-03-06T09:15:58.280+0000] {logging_mixin.py:190} INFO - [2026-03-06T09:15:58.279+0000] {dagbag.py:588} INFO - Filling up the DagBag from /opt/airflow/dags/master_processing_dag.py
[2026-03-06T09:15:58.323+0000] {processor.py:925} INFO - DAG(s) '01_master_processing_pipeline' retrieved from /opt/airflow/dags/master_processing_dag.py
[2026-03-06T09:15:58.387+0000] {logging_mixin.py:190} INFO - [2026-03-06T09:15:58.386+0000] {dag.py:3239} INFO - Sync 1 DAGs
[2026-03-06T09:15:58.506+0000] {logging_mixin.py:190} INFO - [2026-03-06T09:15:58.505+0000] {dag.py:4180} INFO - Setting next_dagrun for 01_master_processing_pipeline to 2026-03-06 00:00:00+00:00, run_after=2026-03-07 00:00:00+00:00
[2026-03-06T09:15:58.638+0000] {processor.py:208} INFO - Processing /opt/airflow/dags/master_processing_dag.py took 0.373 seconds
[2026-03-06T09:16:29.272+0000] {processor.py:186} INFO - Started process (PID=4073) to work on /opt/airflow/dags/master_processing_dag.py
[2026-03-06T09:16:29.274+0000] {processor.py:914} INFO - Processing file /opt/airflow/dags/master_processing_dag.py for tasks to queue
[2026-03-06T09:16:29.279+0000] {logging_mixin.py:190} INFO - [2026-03-06T09:16:29.276+0000] {dagbag.py:588} INFO - Filling up the DagBag from /opt/airflow/dags/master_processing_dag.py
[2026-03-06T09:16:29.354+0000] {processor.py:925} INFO - DAG(s) '01_master_processing_pipeline' retrieved from /opt/airflow/dags/master_processing_dag.py
[2026-03-06T09:16:29.408+0000] {logging_mixin.py:190} INFO - [2026-03-06T09:16:29.408+0000] {dag.py:3239} INFO - Sync 1 DAGs
[2026-03-06T09:16:29.450+0000] {logging_mixin.py:190} INFO - [2026-03-06T09:16:29.450+0000] {dag.py:4180} INFO - Setting next_dagrun for 01_master_processing_pipeline to 2026-03-06 00:00:00+00:00, run_after=2026-03-07 00:00:00+00:00
[2026-03-06T09:16:29.486+0000] {processor.py:208} INFO - Processing /opt/airflow/dags/master_processing_dag.py took 0.250 seconds
[2026-03-06T09:16:59.707+0000] {processor.py:186} INFO - Started process (PID=4083) to work on /opt/airflow/dags/master_processing_dag.py
[2026-03-06T09:16:59.710+0000] {processor.py:914} INFO - Processing file /opt/airflow/dags/master_processing_dag.py for tasks to queue
[2026-03-06T09:16:59.713+0000] {logging_mixin.py:190} INFO - [2026-03-06T09:16:59.712+0000] {dagbag.py:588} INFO - Filling up the DagBag from /opt/airflow/dags/master_processing_dag.py
[2026-03-06T09:16:59.756+0000] {processor.py:925} INFO - DAG(s) '01_master_processing_pipeline' retrieved from /opt/airflow/dags/master_processing_dag.py
[2026-03-06T09:16:59.812+0000] {logging_mixin.py:190} INFO - [2026-03-06T09:16:59.812+0000] {dag.py:3239} INFO - Sync 1 DAGs
[2026-03-06T09:16:59.852+0000] {logging_mixin.py:190} INFO - [2026-03-06T09:16:59.852+0000] {dag.py:4180} INFO - Setting next_dagrun for 01_master_processing_pipeline to 2026-03-06 00:00:00+00:00, run_after=2026-03-07 00:00:00+00:00
[2026-03-06T09:16:59.892+0000] {processor.py:208} INFO - Processing /opt/airflow/dags/master_processing_dag.py took 0.196 seconds
[2026-03-06T09:17:30.599+0000] {processor.py:186} INFO - Started process (PID=4093) to work on /opt/airflow/dags/master_processing_dag.py
[2026-03-06T09:17:30.612+0000] {processor.py:914} INFO - Processing file /opt/airflow/dags/master_processing_dag.py for tasks to queue
[2026-03-06T09:17:30.707+0000] {logging_mixin.py:190} INFO - [2026-03-06T09:17:30.677+0000] {dagbag.py:588} INFO - Filling up the DagBag from /opt/airflow/dags/master_processing_dag.py
[2026-03-06T09:17:31.229+0000] {processor.py:925} INFO - DAG(s) '01_master_processing_pipeline' retrieved from /opt/airflow/dags/master_processing_dag.py
[2026-03-06T09:17:32.289+0000] {logging_mixin.py:190} INFO - [2026-03-06T09:17:32.287+0000] {dag.py:3239} INFO - Sync 1 DAGs
[2026-03-06T09:17:32.756+0000] {logging_mixin.py:190} INFO - [2026-03-06T09:17:32.755+0000] {dag.py:4180} INFO - Setting next_dagrun for 01_master_processing_pipeline to 2026-03-06 00:00:00+00:00, run_after=2026-03-07 00:00:00+00:00
[2026-03-06T09:17:32.917+0000] {processor.py:208} INFO - Processing /opt/airflow/dags/master_processing_dag.py took 2.476 seconds
[2026-03-06T09:18:03.492+0000] {processor.py:186} INFO - Started process (PID=4103) to work on /opt/airflow/dags/master_processing_dag.py
[2026-03-06T09:18:03.494+0000] {processor.py:914} INFO - Processing file /opt/airflow/dags/master_processing_dag.py for tasks to queue
[2026-03-06T09:18:03.505+0000] {logging_mixin.py:190} INFO - [2026-03-06T09:18:03.504+0000] {dagbag.py:588} INFO - Filling up the DagBag from /opt/airflow/dags/master_processing_dag.py
[2026-03-06T09:18:03.557+0000] {processor.py:925} INFO - DAG(s) '01_master_processing_pipeline' retrieved from /opt/airflow/dags/master_processing_dag.py
[2026-03-06T09:18:03.967+0000] {logging_mixin.py:190} INFO - [2026-03-06T09:18:03.966+0000] {dag.py:3239} INFO - Sync 1 DAGs
[2026-03-06T09:18:04.171+0000] {logging_mixin.py:190} INFO - [2026-03-06T09:18:04.171+0000] {dag.py:4180} INFO - Setting next_dagrun for 01_master_processing_pipeline to 2026-03-06 00:00:00+00:00, run_after=2026-03-07 00:00:00+00:00
[2026-03-06T09:18:04.281+0000] {processor.py:208} INFO - Processing /opt/airflow/dags/master_processing_dag.py took 0.801 seconds
[2026-03-06T09:18:34.766+0000] {processor.py:186} INFO - Started process (PID=4113) to work on /opt/airflow/dags/master_processing_dag.py
[2026-03-06T09:18:34.768+0000] {processor.py:914} INFO - Processing file /opt/airflow/dags/master_processing_dag.py for tasks to queue
[2026-03-06T09:18:34.771+0000] {logging_mixin.py:190} INFO - [2026-03-06T09:18:34.770+0000] {dagbag.py:588} INFO - Filling up the DagBag from /opt/airflow/dags/master_processing_dag.py
[2026-03-06T09:18:34.805+0000] {processor.py:925} INFO - DAG(s) '01_master_processing_pipeline' retrieved from /opt/airflow/dags/master_processing_dag.py
[2026-03-06T09:18:34.864+0000] {logging_mixin.py:190} INFO - [2026-03-06T09:18:34.864+0000] {dag.py:3239} INFO - Sync 1 DAGs
[2026-03-06T09:18:34.943+0000] {logging_mixin.py:190} INFO - [2026-03-06T09:18:34.942+0000] {dag.py:4180} INFO - Setting next_dagrun for 01_master_processing_pipeline to 2026-03-06 00:00:00+00:00, run_after=2026-03-07 00:00:00+00:00
[2026-03-06T09:18:34.980+0000] {processor.py:208} INFO - Processing /opt/airflow/dags/master_processing_dag.py took 0.226 seconds
[2026-03-06T09:19:05.457+0000] {processor.py:186} INFO - Started process (PID=4123) to work on /opt/airflow/dags/master_processing_dag.py
[2026-03-06T09:19:05.458+0000] {processor.py:914} INFO - Processing file /opt/airflow/dags/master_processing_dag.py for tasks to queue
[2026-03-06T09:19:05.460+0000] {logging_mixin.py:190} INFO - [2026-03-06T09:19:05.460+0000] {dagbag.py:588} INFO - Filling up the DagBag from /opt/airflow/dags/master_processing_dag.py
[2026-03-06T09:19:05.497+0000] {processor.py:925} INFO - DAG(s) '01_master_processing_pipeline' retrieved from /opt/airflow/dags/master_processing_dag.py
[2026-03-06T09:19:05.547+0000] {logging_mixin.py:190} INFO - [2026-03-06T09:19:05.547+0000] {dag.py:3239} INFO - Sync 1 DAGs
[2026-03-06T09:19:05.617+0000] {logging_mixin.py:190} INFO - [2026-03-06T09:19:05.616+0000] {dag.py:4180} INFO - Setting next_dagrun for 01_master_processing_pipeline to 2026-03-06 00:00:00+00:00, run_after=2026-03-07 00:00:00+00:00
[2026-03-06T09:19:05.673+0000] {processor.py:208} INFO - Processing /opt/airflow/dags/master_processing_dag.py took 0.232 seconds
[2026-03-06T09:19:35.876+0000] {processor.py:186} INFO - Started process (PID=4133) to work on /opt/airflow/dags/master_processing_dag.py
[2026-03-06T09:19:35.878+0000] {processor.py:914} INFO - Processing file /opt/airflow/dags/master_processing_dag.py for tasks to queue
[2026-03-06T09:19:35.880+0000] {logging_mixin.py:190} INFO - [2026-03-06T09:19:35.880+0000] {dagbag.py:588} INFO - Filling up the DagBag from /opt/airflow/dags/master_processing_dag.py
[2026-03-06T09:19:35.921+0000] {processor.py:925} INFO - DAG(s) '01_master_processing_pipeline' retrieved from /opt/airflow/dags/master_processing_dag.py
[2026-03-06T09:19:35.968+0000] {logging_mixin.py:190} INFO - [2026-03-06T09:19:35.967+0000] {dag.py:3239} INFO - Sync 1 DAGs
[2026-03-06T09:19:36.002+0000] {logging_mixin.py:190} INFO - [2026-03-06T09:19:36.002+0000] {dag.py:4180} INFO - Setting next_dagrun for 01_master_processing_pipeline to 2026-03-06 00:00:00+00:00, run_after=2026-03-07 00:00:00+00:00
[2026-03-06T09:19:36.037+0000] {processor.py:208} INFO - Processing /opt/airflow/dags/master_processing_dag.py took 0.172 seconds
[2026-03-06T09:20:06.294+0000] {processor.py:186} INFO - Started process (PID=4143) to work on /opt/airflow/dags/master_processing_dag.py
[2026-03-06T09:20:06.296+0000] {processor.py:914} INFO - Processing file /opt/airflow/dags/master_processing_dag.py for tasks to queue
[2026-03-06T09:20:06.298+0000] {logging_mixin.py:190} INFO - [2026-03-06T09:20:06.298+0000] {dagbag.py:588} INFO - Filling up the DagBag from /opt/airflow/dags/master_processing_dag.py
[2026-03-06T09:20:06.343+0000] {processor.py:925} INFO - DAG(s) '01_master_processing_pipeline' retrieved from /opt/airflow/dags/master_processing_dag.py
[2026-03-06T09:20:06.411+0000] {logging_mixin.py:190} INFO - [2026-03-06T09:20:06.411+0000] {dag.py:3239} INFO - Sync 1 DAGs
[2026-03-06T09:20:06.451+0000] {logging_mixin.py:190} INFO - [2026-03-06T09:20:06.450+0000] {dag.py:4180} INFO - Setting next_dagrun for 01_master_processing_pipeline to 2026-03-06 00:00:00+00:00, run_after=2026-03-07 00:00:00+00:00
[2026-03-06T09:20:06.495+0000] {processor.py:208} INFO - Processing /opt/airflow/dags/master_processing_dag.py took 0.219 seconds
[2026-03-06T09:20:37.012+0000] {processor.py:186} INFO - Started process (PID=4153) to work on /opt/airflow/dags/master_processing_dag.py
[2026-03-06T09:20:37.015+0000] {processor.py:914} INFO - Processing file /opt/airflow/dags/master_processing_dag.py for tasks to queue
[2026-03-06T09:20:37.019+0000] {logging_mixin.py:190} INFO - [2026-03-06T09:20:37.018+0000] {dagbag.py:588} INFO - Filling up the DagBag from /opt/airflow/dags/master_processing_dag.py
[2026-03-06T09:20:37.098+0000] {processor.py:925} INFO - DAG(s) '01_master_processing_pipeline' retrieved from /opt/airflow/dags/master_processing_dag.py
[2026-03-06T09:20:37.160+0000] {logging_mixin.py:190} INFO - [2026-03-06T09:20:37.159+0000] {dag.py:3239} INFO - Sync 1 DAGs
[2026-03-06T09:20:37.229+0000] {logging_mixin.py:190} INFO - [2026-03-06T09:20:37.228+0000] {dag.py:4180} INFO - Setting next_dagrun for 01_master_processing_pipeline to 2026-03-06 00:00:00+00:00, run_after=2026-03-07 00:00:00+00:00
[2026-03-06T09:20:37.266+0000] {processor.py:208} INFO - Processing /opt/airflow/dags/master_processing_dag.py took 0.306 seconds
[2026-03-06T09:21:07.616+0000] {processor.py:186} INFO - Started process (PID=4163) to work on /opt/airflow/dags/master_processing_dag.py
[2026-03-06T09:21:07.619+0000] {processor.py:914} INFO - Processing file /opt/airflow/dags/master_processing_dag.py for tasks to queue
[2026-03-06T09:21:07.624+0000] {logging_mixin.py:190} INFO - [2026-03-06T09:21:07.622+0000] {dagbag.py:588} INFO - Filling up the DagBag from /opt/airflow/dags/master_processing_dag.py
[2026-03-06T09:21:07.669+0000] {processor.py:925} INFO - DAG(s) '01_master_processing_pipeline' retrieved from /opt/airflow/dags/master_processing_dag.py
[2026-03-06T09:21:07.738+0000] {logging_mixin.py:190} INFO - [2026-03-06T09:21:07.737+0000] {dag.py:3239} INFO - Sync 1 DAGs
[2026-03-06T09:21:07.802+0000] {logging_mixin.py:190} INFO - [2026-03-06T09:21:07.802+0000] {dag.py:4180} INFO - Setting next_dagrun for 01_master_processing_pipeline to 2026-03-06 00:00:00+00:00, run_after=2026-03-07 00:00:00+00:00
[2026-03-06T09:21:07.835+0000] {processor.py:208} INFO - Processing /opt/airflow/dags/master_processing_dag.py took 0.234 seconds
[2026-03-06T09:21:38.088+0000] {processor.py:186} INFO - Started process (PID=4173) to work on /opt/airflow/dags/master_processing_dag.py
[2026-03-06T09:21:38.090+0000] {processor.py:914} INFO - Processing file /opt/airflow/dags/master_processing_dag.py for tasks to queue
[2026-03-06T09:21:38.094+0000] {logging_mixin.py:190} INFO - [2026-03-06T09:21:38.092+0000] {dagbag.py:588} INFO - Filling up the DagBag from /opt/airflow/dags/master_processing_dag.py
[2026-03-06T09:21:38.122+0000] {processor.py:925} INFO - DAG(s) '01_master_processing_pipeline' retrieved from /opt/airflow/dags/master_processing_dag.py
[2026-03-06T09:21:38.186+0000] {logging_mixin.py:190} INFO - [2026-03-06T09:21:38.186+0000] {dag.py:3239} INFO - Sync 1 DAGs
[2026-03-06T09:21:38.245+0000] {logging_mixin.py:190} INFO - [2026-03-06T09:21:38.244+0000] {dag.py:4180} INFO - Setting next_dagrun for 01_master_processing_pipeline to 2026-03-06 00:00:00+00:00, run_after=2026-03-07 00:00:00+00:00
[2026-03-06T09:21:38.284+0000] {processor.py:208} INFO - Processing /opt/airflow/dags/master_processing_dag.py took 0.206 seconds
[2026-03-06T09:22:08.516+0000] {processor.py:186} INFO - Started process (PID=4183) to work on /opt/airflow/dags/master_processing_dag.py
[2026-03-06T09:22:08.518+0000] {processor.py:914} INFO - Processing file /opt/airflow/dags/master_processing_dag.py for tasks to queue
[2026-03-06T09:22:08.521+0000] {logging_mixin.py:190} INFO - [2026-03-06T09:22:08.520+0000] {dagbag.py:588} INFO - Filling up the DagBag from /opt/airflow/dags/master_processing_dag.py
[2026-03-06T09:22:08.561+0000] {processor.py:925} INFO - DAG(s) '01_master_processing_pipeline' retrieved from /opt/airflow/dags/master_processing_dag.py
[2026-03-06T09:22:08.620+0000] {logging_mixin.py:190} INFO - [2026-03-06T09:22:08.619+0000] {dag.py:3239} INFO - Sync 1 DAGs
[2026-03-06T09:22:08.738+0000] {logging_mixin.py:190} INFO - [2026-03-06T09:22:08.738+0000] {dag.py:4180} INFO - Setting next_dagrun for 01_master_processing_pipeline to 2026-03-06 00:00:00+00:00, run_after=2026-03-07 00:00:00+00:00
[2026-03-06T09:22:08.815+0000] {processor.py:208} INFO - Processing /opt/airflow/dags/master_processing_dag.py took 0.316 seconds
[2026-03-06T09:22:39.269+0000] {processor.py:186} INFO - Started process (PID=4193) to work on /opt/airflow/dags/master_processing_dag.py
[2026-03-06T09:22:39.270+0000] {processor.py:914} INFO - Processing file /opt/airflow/dags/master_processing_dag.py for tasks to queue
[2026-03-06T09:22:39.274+0000] {logging_mixin.py:190} INFO - [2026-03-06T09:22:39.273+0000] {dagbag.py:588} INFO - Filling up the DagBag from /opt/airflow/dags/master_processing_dag.py
[2026-03-06T09:22:39.378+0000] {processor.py:925} INFO - DAG(s) '01_master_processing_pipeline' retrieved from /opt/airflow/dags/master_processing_dag.py
[2026-03-06T09:22:39.750+0000] {logging_mixin.py:190} INFO - [2026-03-06T09:22:39.750+0000] {dag.py:3239} INFO - Sync 1 DAGs
[2026-03-06T09:22:39.988+0000] {logging_mixin.py:190} INFO - [2026-03-06T09:22:39.986+0000] {dag.py:4180} INFO - Setting next_dagrun for 01_master_processing_pipeline to 2026-03-06 00:00:00+00:00, run_after=2026-03-07 00:00:00+00:00
[2026-03-06T09:22:40.388+0000] {processor.py:208} INFO - Processing /opt/airflow/dags/master_processing_dag.py took 1.133 seconds
[2026-03-06T09:23:10.929+0000] {processor.py:186} INFO - Started process (PID=4203) to work on /opt/airflow/dags/master_processing_dag.py
[2026-03-06T09:23:10.958+0000] {processor.py:914} INFO - Processing file /opt/airflow/dags/master_processing_dag.py for tasks to queue
[2026-03-06T09:23:10.973+0000] {logging_mixin.py:190} INFO - [2026-03-06T09:23:10.972+0000] {dagbag.py:588} INFO - Filling up the DagBag from /opt/airflow/dags/master_processing_dag.py
[2026-03-06T09:23:11.008+0000] {processor.py:925} INFO - DAG(s) '01_master_processing_pipeline' retrieved from /opt/airflow/dags/master_processing_dag.py
[2026-03-06T09:23:11.139+0000] {logging_mixin.py:190} INFO - [2026-03-06T09:23:11.139+0000] {dag.py:3239} INFO - Sync 1 DAGs
[2026-03-06T09:23:11.221+0000] {logging_mixin.py:190} INFO - [2026-03-06T09:23:11.220+0000] {dag.py:4180} INFO - Setting next_dagrun for 01_master_processing_pipeline to 2026-03-06 00:00:00+00:00, run_after=2026-03-07 00:00:00+00:00
[2026-03-06T09:23:11.272+0000] {processor.py:208} INFO - Processing /opt/airflow/dags/master_processing_dag.py took 0.433 seconds
[2026-03-06T09:23:41.845+0000] {processor.py:186} INFO - Started process (PID=4213) to work on /opt/airflow/dags/master_processing_dag.py
[2026-03-06T09:23:41.849+0000] {processor.py:914} INFO - Processing file /opt/airflow/dags/master_processing_dag.py for tasks to queue
[2026-03-06T09:23:41.854+0000] {logging_mixin.py:190} INFO - [2026-03-06T09:23:41.853+0000] {dagbag.py:588} INFO - Filling up the DagBag from /opt/airflow/dags/master_processing_dag.py
[2026-03-06T09:23:41.912+0000] {processor.py:925} INFO - DAG(s) '01_master_processing_pipeline' retrieved from /opt/airflow/dags/master_processing_dag.py
[2026-03-06T09:23:41.979+0000] {logging_mixin.py:190} INFO - [2026-03-06T09:23:41.979+0000] {dag.py:3239} INFO - Sync 1 DAGs
[2026-03-06T09:23:42.032+0000] {logging_mixin.py:190} INFO - [2026-03-06T09:23:42.031+0000] {dag.py:4180} INFO - Setting next_dagrun for 01_master_processing_pipeline to 2026-03-06 00:00:00+00:00, run_after=2026-03-07 00:00:00+00:00
[2026-03-06T09:23:42.080+0000] {processor.py:208} INFO - Processing /opt/airflow/dags/master_processing_dag.py took 0.258 seconds
[2026-03-06T09:24:12.429+0000] {processor.py:186} INFO - Started process (PID=4223) to work on /opt/airflow/dags/master_processing_dag.py
[2026-03-06T09:24:12.432+0000] {processor.py:914} INFO - Processing file /opt/airflow/dags/master_processing_dag.py for tasks to queue
[2026-03-06T09:24:12.435+0000] {logging_mixin.py:190} INFO - [2026-03-06T09:24:12.434+0000] {dagbag.py:588} INFO - Filling up the DagBag from /opt/airflow/dags/master_processing_dag.py
[2026-03-06T09:24:12.486+0000] {processor.py:925} INFO - DAG(s) '01_master_processing_pipeline' retrieved from /opt/airflow/dags/master_processing_dag.py
[2026-03-06T09:24:12.537+0000] {logging_mixin.py:190} INFO - [2026-03-06T09:24:12.536+0000] {dag.py:3239} INFO - Sync 1 DAGs
[2026-03-06T09:24:12.584+0000] {logging_mixin.py:190} INFO - [2026-03-06T09:24:12.583+0000] {dag.py:4180} INFO - Setting next_dagrun for 01_master_processing_pipeline to 2026-03-06 00:00:00+00:00, run_after=2026-03-07 00:00:00+00:00
[2026-03-06T09:24:12.628+0000] {processor.py:208} INFO - Processing /opt/airflow/dags/master_processing_dag.py took 0.208 seconds
[2026-03-06T09:24:43.136+0000] {processor.py:186} INFO - Started process (PID=4233) to work on /opt/airflow/dags/master_processing_dag.py
[2026-03-06T09:24:43.138+0000] {processor.py:914} INFO - Processing file /opt/airflow/dags/master_processing_dag.py for tasks to queue
[2026-03-06T09:24:43.148+0000] {logging_mixin.py:190} INFO - [2026-03-06T09:24:43.144+0000] {dagbag.py:588} INFO - Filling up the DagBag from /opt/airflow/dags/master_processing_dag.py
[2026-03-06T09:24:43.287+0000] {processor.py:925} INFO - DAG(s) '01_master_processing_pipeline' retrieved from /opt/airflow/dags/master_processing_dag.py
[2026-03-06T09:24:43.554+0000] {logging_mixin.py:190} INFO - [2026-03-06T09:24:43.554+0000] {dag.py:3239} INFO - Sync 1 DAGs
[2026-03-06T09:24:43.765+0000] {logging_mixin.py:190} INFO - [2026-03-06T09:24:43.764+0000] {dag.py:4180} INFO - Setting next_dagrun for 01_master_processing_pipeline to 2026-03-06 00:00:00+00:00, run_after=2026-03-07 00:00:00+00:00
[2026-03-06T09:24:43.889+0000] {processor.py:208} INFO - Processing /opt/airflow/dags/master_processing_dag.py took 0.773 seconds
[2026-03-06T09:25:14.370+0000] {processor.py:186} INFO - Started process (PID=4243) to work on /opt/airflow/dags/master_processing_dag.py
[2026-03-06T09:25:14.372+0000] {processor.py:914} INFO - Processing file /opt/airflow/dags/master_processing_dag.py for tasks to queue
[2026-03-06T09:25:14.381+0000] {logging_mixin.py:190} INFO - [2026-03-06T09:25:14.380+0000] {dagbag.py:588} INFO - Filling up the DagBag from /opt/airflow/dags/master_processing_dag.py
[2026-03-06T09:25:14.422+0000] {processor.py:925} INFO - DAG(s) '01_master_processing_pipeline' retrieved from /opt/airflow/dags/master_processing_dag.py
[2026-03-06T09:25:14.472+0000] {logging_mixin.py:190} INFO - [2026-03-06T09:25:14.471+0000] {dag.py:3239} INFO - Sync 1 DAGs
[2026-03-06T09:25:14.530+0000] {logging_mixin.py:190} INFO - [2026-03-06T09:25:14.530+0000] {dag.py:4180} INFO - Setting next_dagrun for 01_master_processing_pipeline to 2026-03-06 00:00:00+00:00, run_after=2026-03-07 00:00:00+00:00
[2026-03-06T09:25:14.631+0000] {processor.py:208} INFO - Processing /opt/airflow/dags/master_processing_dag.py took 0.275 seconds
[2026-03-06T09:25:44.778+0000] {processor.py:186} INFO - Started process (PID=4253) to work on /opt/airflow/dags/master_processing_dag.py
[2026-03-06T09:25:44.779+0000] {processor.py:914} INFO - Processing file /opt/airflow/dags/master_processing_dag.py for tasks to queue
[2026-03-06T09:25:44.788+0000] {logging_mixin.py:190} INFO - [2026-03-06T09:25:44.787+0000] {dagbag.py:588} INFO - Filling up the DagBag from /opt/airflow/dags/master_processing_dag.py
[2026-03-06T09:25:44.877+0000] {processor.py:925} INFO - DAG(s) '01_master_processing_pipeline' retrieved from /opt/airflow/dags/master_processing_dag.py
[2026-03-06T09:25:44.938+0000] {logging_mixin.py:190} INFO - [2026-03-06T09:25:44.938+0000] {dag.py:3239} INFO - Sync 1 DAGs
[2026-03-06T09:25:44.990+0000] {logging_mixin.py:190} INFO - [2026-03-06T09:25:44.989+0000] {dag.py:4180} INFO - Setting next_dagrun for 01_master_processing_pipeline to 2026-03-06 00:00:00+00:00, run_after=2026-03-07 00:00:00+00:00
[2026-03-06T09:25:45.028+0000] {processor.py:208} INFO - Processing /opt/airflow/dags/master_processing_dag.py took 0.260 seconds
[2026-03-06T09:26:15.547+0000] {processor.py:186} INFO - Started process (PID=4263) to work on /opt/airflow/dags/master_processing_dag.py
[2026-03-06T09:26:15.553+0000] {processor.py:914} INFO - Processing file /opt/airflow/dags/master_processing_dag.py for tasks to queue
[2026-03-06T09:26:15.558+0000] {logging_mixin.py:190} INFO - [2026-03-06T09:26:15.557+0000] {dagbag.py:588} INFO - Filling up the DagBag from /opt/airflow/dags/master_processing_dag.py
[2026-03-06T09:26:15.624+0000] {processor.py:925} INFO - DAG(s) '01_master_processing_pipeline' retrieved from /opt/airflow/dags/master_processing_dag.py
[2026-03-06T09:26:15.679+0000] {logging_mixin.py:190} INFO - [2026-03-06T09:26:15.678+0000] {dag.py:3239} INFO - Sync 1 DAGs
[2026-03-06T09:26:15.737+0000] {logging_mixin.py:190} INFO - [2026-03-06T09:26:15.736+0000] {dag.py:4180} INFO - Setting next_dagrun for 01_master_processing_pipeline to 2026-03-06 00:00:00+00:00, run_after=2026-03-07 00:00:00+00:00
[2026-03-06T09:26:15.778+0000] {processor.py:208} INFO - Processing /opt/airflow/dags/master_processing_dag.py took 0.253 seconds
[2026-03-06T09:26:46.084+0000] {processor.py:186} INFO - Started process (PID=4273) to work on /opt/airflow/dags/master_processing_dag.py
[2026-03-06T09:26:46.086+0000] {processor.py:914} INFO - Processing file /opt/airflow/dags/master_processing_dag.py for tasks to queue
[2026-03-06T09:26:46.098+0000] {logging_mixin.py:190} INFO - [2026-03-06T09:26:46.095+0000] {dagbag.py:588} INFO - Filling up the DagBag from /opt/airflow/dags/master_processing_dag.py
[2026-03-06T09:26:46.279+0000] {processor.py:925} INFO - DAG(s) '01_master_processing_pipeline' retrieved from /opt/airflow/dags/master_processing_dag.py
[2026-03-06T09:26:46.605+0000] {logging_mixin.py:190} INFO - [2026-03-06T09:26:46.604+0000] {dag.py:3239} INFO - Sync 1 DAGs
[2026-03-06T09:26:46.924+0000] {logging_mixin.py:190} INFO - [2026-03-06T09:26:46.922+0000] {dag.py:4180} INFO - Setting next_dagrun for 01_master_processing_pipeline to 2026-03-06 00:00:00+00:00, run_after=2026-03-07 00:00:00+00:00
[2026-03-06T09:26:47.012+0000] {processor.py:208} INFO - Processing /opt/airflow/dags/master_processing_dag.py took 0.941 seconds
[2026-03-06T09:27:17.490+0000] {processor.py:186} INFO - Started process (PID=4283) to work on /opt/airflow/dags/master_processing_dag.py
[2026-03-06T09:27:17.491+0000] {processor.py:914} INFO - Processing file /opt/airflow/dags/master_processing_dag.py for tasks to queue
[2026-03-06T09:27:17.497+0000] {logging_mixin.py:190} INFO - [2026-03-06T09:27:17.496+0000] {dagbag.py:588} INFO - Filling up the DagBag from /opt/airflow/dags/master_processing_dag.py
[2026-03-06T09:27:17.545+0000] {processor.py:925} INFO - DAG(s) '01_master_processing_pipeline' retrieved from /opt/airflow/dags/master_processing_dag.py
[2026-03-06T09:27:17.602+0000] {logging_mixin.py:190} INFO - [2026-03-06T09:27:17.601+0000] {dag.py:3239} INFO - Sync 1 DAGs
[2026-03-06T09:27:17.645+0000] {logging_mixin.py:190} INFO - [2026-03-06T09:27:17.644+0000] {dag.py:4180} INFO - Setting next_dagrun for 01_master_processing_pipeline to 2026-03-06 00:00:00+00:00, run_after=2026-03-07 00:00:00+00:00
[2026-03-06T09:27:17.684+0000] {processor.py:208} INFO - Processing /opt/airflow/dags/master_processing_dag.py took 0.206 seconds
[2026-03-06T09:27:47.968+0000] {processor.py:186} INFO - Started process (PID=4293) to work on /opt/airflow/dags/master_processing_dag.py
[2026-03-06T09:27:47.969+0000] {processor.py:914} INFO - Processing file /opt/airflow/dags/master_processing_dag.py for tasks to queue
[2026-03-06T09:27:47.971+0000] {logging_mixin.py:190} INFO - [2026-03-06T09:27:47.971+0000] {dagbag.py:588} INFO - Filling up the DagBag from /opt/airflow/dags/master_processing_dag.py
[2026-03-06T09:27:48.002+0000] {processor.py:925} INFO - DAG(s) '01_master_processing_pipeline' retrieved from /opt/airflow/dags/master_processing_dag.py
[2026-03-06T09:27:48.048+0000] {logging_mixin.py:190} INFO - [2026-03-06T09:27:48.047+0000] {dag.py:3239} INFO - Sync 1 DAGs
[2026-03-06T09:27:48.090+0000] {logging_mixin.py:190} INFO - [2026-03-06T09:27:48.089+0000] {dag.py:4180} INFO - Setting next_dagrun for 01_master_processing_pipeline to 2026-03-06 00:00:00+00:00, run_after=2026-03-07 00:00:00+00:00
[2026-03-06T09:27:48.127+0000] {processor.py:208} INFO - Processing /opt/airflow/dags/master_processing_dag.py took 0.170 seconds
[2026-03-06T09:28:18.507+0000] {processor.py:186} INFO - Started process (PID=4303) to work on /opt/airflow/dags/master_processing_dag.py
[2026-03-06T09:28:18.509+0000] {processor.py:914} INFO - Processing file /opt/airflow/dags/master_processing_dag.py for tasks to queue
[2026-03-06T09:28:18.511+0000] {logging_mixin.py:190} INFO - [2026-03-06T09:28:18.510+0000] {dagbag.py:588} INFO - Filling up the DagBag from /opt/airflow/dags/master_processing_dag.py
[2026-03-06T09:28:18.557+0000] {processor.py:925} INFO - DAG(s) '01_master_processing_pipeline' retrieved from /opt/airflow/dags/master_processing_dag.py
[2026-03-06T09:28:18.610+0000] {logging_mixin.py:190} INFO - [2026-03-06T09:28:18.610+0000] {dag.py:3239} INFO - Sync 1 DAGs
[2026-03-06T09:28:18.657+0000] {logging_mixin.py:190} INFO - [2026-03-06T09:28:18.657+0000] {dag.py:4180} INFO - Setting next_dagrun for 01_master_processing_pipeline to 2026-03-06 00:00:00+00:00, run_after=2026-03-07 00:00:00+00:00
[2026-03-06T09:28:18.688+0000] {processor.py:208} INFO - Processing /opt/airflow/dags/master_processing_dag.py took 0.188 seconds
[2026-03-06T09:28:49.015+0000] {processor.py:186} INFO - Started process (PID=4313) to work on /opt/airflow/dags/master_processing_dag.py
[2026-03-06T09:28:49.018+0000] {processor.py:914} INFO - Processing file /opt/airflow/dags/master_processing_dag.py for tasks to queue
[2026-03-06T09:28:49.020+0000] {logging_mixin.py:190} INFO - [2026-03-06T09:28:49.020+0000] {dagbag.py:588} INFO - Filling up the DagBag from /opt/airflow/dags/master_processing_dag.py
[2026-03-06T09:28:49.061+0000] {processor.py:925} INFO - DAG(s) '01_master_processing_pipeline' retrieved from /opt/airflow/dags/master_processing_dag.py
[2026-03-06T09:28:49.109+0000] {logging_mixin.py:190} INFO - [2026-03-06T09:28:49.109+0000] {dag.py:3239} INFO - Sync 1 DAGs
[2026-03-06T09:28:49.150+0000] {logging_mixin.py:190} INFO - [2026-03-06T09:28:49.150+0000] {dag.py:4180} INFO - Setting next_dagrun for 01_master_processing_pipeline to 2026-03-06 00:00:00+00:00, run_after=2026-03-07 00:00:00+00:00
[2026-03-06T09:28:49.184+0000] {processor.py:208} INFO - Processing /opt/airflow/dags/master_processing_dag.py took 0.179 seconds
[2026-03-06T09:29:19.527+0000] {processor.py:186} INFO - Started process (PID=4323) to work on /opt/airflow/dags/master_processing_dag.py
[2026-03-06T09:29:19.528+0000] {processor.py:914} INFO - Processing file /opt/airflow/dags/master_processing_dag.py for tasks to queue
[2026-03-06T09:29:19.530+0000] {logging_mixin.py:190} INFO - [2026-03-06T09:29:19.530+0000] {dagbag.py:588} INFO - Filling up the DagBag from /opt/airflow/dags/master_processing_dag.py
[2026-03-06T09:29:19.566+0000] {processor.py:925} INFO - DAG(s) '01_master_processing_pipeline' retrieved from /opt/airflow/dags/master_processing_dag.py
[2026-03-06T09:29:19.613+0000] {logging_mixin.py:190} INFO - [2026-03-06T09:29:19.612+0000] {dag.py:3239} INFO - Sync 1 DAGs
[2026-03-06T09:29:19.654+0000] {logging_mixin.py:190} INFO - [2026-03-06T09:29:19.654+0000] {dag.py:4180} INFO - Setting next_dagrun for 01_master_processing_pipeline to 2026-03-06 00:00:00+00:00, run_after=2026-03-07 00:00:00+00:00
[2026-03-06T09:29:19.693+0000] {processor.py:208} INFO - Processing /opt/airflow/dags/master_processing_dag.py took 0.180 seconds
[2026-03-06T09:29:50.168+0000] {processor.py:186} INFO - Started process (PID=4333) to work on /opt/airflow/dags/master_processing_dag.py
[2026-03-06T09:29:50.170+0000] {processor.py:914} INFO - Processing file /opt/airflow/dags/master_processing_dag.py for tasks to queue
[2026-03-06T09:29:50.175+0000] {logging_mixin.py:190} INFO - [2026-03-06T09:29:50.174+0000] {dagbag.py:588} INFO - Filling up the DagBag from /opt/airflow/dags/master_processing_dag.py
[2026-03-06T09:29:50.208+0000] {processor.py:925} INFO - DAG(s) '01_master_processing_pipeline' retrieved from /opt/airflow/dags/master_processing_dag.py
[2026-03-06T09:29:50.261+0000] {logging_mixin.py:190} INFO - [2026-03-06T09:29:50.261+0000] {dag.py:3239} INFO - Sync 1 DAGs
[2026-03-06T09:29:50.311+0000] {logging_mixin.py:190} INFO - [2026-03-06T09:29:50.311+0000] {dag.py:4180} INFO - Setting next_dagrun for 01_master_processing_pipeline to 2026-03-06 00:00:00+00:00, run_after=2026-03-07 00:00:00+00:00
[2026-03-06T09:29:50.348+0000] {processor.py:208} INFO - Processing /opt/airflow/dags/master_processing_dag.py took 0.192 seconds
[2026-03-06T09:30:20.633+0000] {processor.py:186} INFO - Started process (PID=4343) to work on /opt/airflow/dags/master_processing_dag.py
[2026-03-06T09:30:20.635+0000] {processor.py:914} INFO - Processing file /opt/airflow/dags/master_processing_dag.py for tasks to queue
[2026-03-06T09:30:20.636+0000] {logging_mixin.py:190} INFO - [2026-03-06T09:30:20.636+0000] {dagbag.py:588} INFO - Filling up the DagBag from /opt/airflow/dags/master_processing_dag.py
[2026-03-06T09:30:20.674+0000] {processor.py:925} INFO - DAG(s) '01_master_processing_pipeline' retrieved from /opt/airflow/dags/master_processing_dag.py
[2026-03-06T09:30:20.735+0000] {logging_mixin.py:190} INFO - [2026-03-06T09:30:20.735+0000] {dag.py:3239} INFO - Sync 1 DAGs
[2026-03-06T09:30:20.783+0000] {logging_mixin.py:190} INFO - [2026-03-06T09:30:20.782+0000] {dag.py:4180} INFO - Setting next_dagrun for 01_master_processing_pipeline to 2026-03-06 00:00:00+00:00, run_after=2026-03-07 00:00:00+00:00
[2026-03-06T09:30:20.820+0000] {processor.py:208} INFO - Processing /opt/airflow/dags/master_processing_dag.py took 0.196 seconds
[2026-03-06T09:30:51.306+0000] {processor.py:186} INFO - Started process (PID=4353) to work on /opt/airflow/dags/master_processing_dag.py
[2026-03-06T09:30:51.308+0000] {processor.py:914} INFO - Processing file /opt/airflow/dags/master_processing_dag.py for tasks to queue
[2026-03-06T09:30:51.310+0000] {logging_mixin.py:190} INFO - [2026-03-06T09:30:51.310+0000] {dagbag.py:588} INFO - Filling up the DagBag from /opt/airflow/dags/master_processing_dag.py
[2026-03-06T09:30:51.350+0000] {processor.py:925} INFO - DAG(s) '01_master_processing_pipeline' retrieved from /opt/airflow/dags/master_processing_dag.py
[2026-03-06T09:30:51.395+0000] {logging_mixin.py:190} INFO - [2026-03-06T09:30:51.394+0000] {dag.py:3239} INFO - Sync 1 DAGs
[2026-03-06T09:30:51.436+0000] {logging_mixin.py:190} INFO - [2026-03-06T09:30:51.435+0000] {dag.py:4180} INFO - Setting next_dagrun for 01_master_processing_pipeline to 2026-03-06 00:00:00+00:00, run_after=2026-03-07 00:00:00+00:00
[2026-03-06T09:30:51.475+0000] {processor.py:208} INFO - Processing /opt/airflow/dags/master_processing_dag.py took 0.178 seconds
[2026-03-06T09:31:21.746+0000] {processor.py:186} INFO - Started process (PID=4363) to work on /opt/airflow/dags/master_processing_dag.py
[2026-03-06T09:31:21.749+0000] {processor.py:914} INFO - Processing file /opt/airflow/dags/master_processing_dag.py for tasks to queue
[2026-03-06T09:31:21.753+0000] {logging_mixin.py:190} INFO - [2026-03-06T09:31:21.752+0000] {dagbag.py:588} INFO - Filling up the DagBag from /opt/airflow/dags/master_processing_dag.py
[2026-03-06T09:31:21.799+0000] {processor.py:925} INFO - DAG(s) '01_master_processing_pipeline' retrieved from /opt/airflow/dags/master_processing_dag.py
[2026-03-06T09:31:21.847+0000] {logging_mixin.py:190} INFO - [2026-03-06T09:31:21.846+0000] {dag.py:3239} INFO - Sync 1 DAGs
[2026-03-06T09:31:21.890+0000] {logging_mixin.py:190} INFO - [2026-03-06T09:31:21.890+0000] {dag.py:4180} INFO - Setting next_dagrun for 01_master_processing_pipeline to 2026-03-06 00:00:00+00:00, run_after=2026-03-07 00:00:00+00:00
[2026-03-06T09:31:21.921+0000] {processor.py:208} INFO - Processing /opt/airflow/dags/master_processing_dag.py took 0.184 seconds
[2026-03-06T09:31:52.374+0000] {processor.py:186} INFO - Started process (PID=4373) to work on /opt/airflow/dags/master_processing_dag.py
[2026-03-06T09:31:52.377+0000] {processor.py:914} INFO - Processing file /opt/airflow/dags/master_processing_dag.py for tasks to queue
[2026-03-06T09:31:52.381+0000] {logging_mixin.py:190} INFO - [2026-03-06T09:31:52.380+0000] {dagbag.py:588} INFO - Filling up the DagBag from /opt/airflow/dags/master_processing_dag.py
[2026-03-06T09:31:52.418+0000] {processor.py:925} INFO - DAG(s) '01_master_processing_pipeline' retrieved from /opt/airflow/dags/master_processing_dag.py
[2026-03-06T09:31:52.462+0000] {logging_mixin.py:190} INFO - [2026-03-06T09:31:52.462+0000] {dag.py:3239} INFO - Sync 1 DAGs
[2026-03-06T09:31:52.505+0000] {logging_mixin.py:190} INFO - [2026-03-06T09:31:52.505+0000] {dag.py:4180} INFO - Setting next_dagrun for 01_master_processing_pipeline to 2026-03-06 00:00:00+00:00, run_after=2026-03-07 00:00:00+00:00
[2026-03-06T09:31:52.801+0000] {processor.py:208} INFO - Processing /opt/airflow/dags/master_processing_dag.py took 0.436 seconds
[2026-03-06T09:32:23.257+0000] {processor.py:186} INFO - Started process (PID=4383) to work on /opt/airflow/dags/master_processing_dag.py
[2026-03-06T09:32:23.261+0000] {processor.py:914} INFO - Processing file /opt/airflow/dags/master_processing_dag.py for tasks to queue
[2026-03-06T09:32:23.265+0000] {logging_mixin.py:190} INFO - [2026-03-06T09:32:23.265+0000] {dagbag.py:588} INFO - Filling up the DagBag from /opt/airflow/dags/master_processing_dag.py
[2026-03-06T09:32:23.307+0000] {processor.py:925} INFO - DAG(s) '01_master_processing_pipeline' retrieved from /opt/airflow/dags/master_processing_dag.py
[2026-03-06T09:32:23.349+0000] {logging_mixin.py:190} INFO - [2026-03-06T09:32:23.349+0000] {dag.py:3239} INFO - Sync 1 DAGs
[2026-03-06T09:32:23.385+0000] {logging_mixin.py:190} INFO - [2026-03-06T09:32:23.385+0000] {dag.py:4180} INFO - Setting next_dagrun for 01_master_processing_pipeline to 2026-03-06 00:00:00+00:00, run_after=2026-03-07 00:00:00+00:00
[2026-03-06T09:32:23.421+0000] {processor.py:208} INFO - Processing /opt/airflow/dags/master_processing_dag.py took 0.174 seconds
[2026-03-06T09:32:53.877+0000] {processor.py:186} INFO - Started process (PID=4393) to work on /opt/airflow/dags/master_processing_dag.py
[2026-03-06T09:32:53.879+0000] {processor.py:914} INFO - Processing file /opt/airflow/dags/master_processing_dag.py for tasks to queue
[2026-03-06T09:32:53.881+0000] {logging_mixin.py:190} INFO - [2026-03-06T09:32:53.881+0000] {dagbag.py:588} INFO - Filling up the DagBag from /opt/airflow/dags/master_processing_dag.py
[2026-03-06T09:32:53.923+0000] {processor.py:925} INFO - DAG(s) '01_master_processing_pipeline' retrieved from /opt/airflow/dags/master_processing_dag.py
[2026-03-06T09:32:53.969+0000] {logging_mixin.py:190} INFO - [2026-03-06T09:32:53.969+0000] {dag.py:3239} INFO - Sync 1 DAGs
[2026-03-06T09:32:54.011+0000] {logging_mixin.py:190} INFO - [2026-03-06T09:32:54.011+0000] {dag.py:4180} INFO - Setting next_dagrun for 01_master_processing_pipeline to 2026-03-06 00:00:00+00:00, run_after=2026-03-07 00:00:00+00:00
[2026-03-06T09:32:54.043+0000] {processor.py:208} INFO - Processing /opt/airflow/dags/master_processing_dag.py took 0.182 seconds
[2026-03-06T09:33:24.283+0000] {processor.py:186} INFO - Started process (PID=4403) to work on /opt/airflow/dags/master_processing_dag.py
[2026-03-06T09:33:24.285+0000] {processor.py:914} INFO - Processing file /opt/airflow/dags/master_processing_dag.py for tasks to queue
[2026-03-06T09:33:24.288+0000] {logging_mixin.py:190} INFO - [2026-03-06T09:33:24.287+0000] {dagbag.py:588} INFO - Filling up the DagBag from /opt/airflow/dags/master_processing_dag.py
[2026-03-06T09:33:24.317+0000] {processor.py:925} INFO - DAG(s) '01_master_processing_pipeline' retrieved from /opt/airflow/dags/master_processing_dag.py
[2026-03-06T09:33:24.363+0000] {logging_mixin.py:190} INFO - [2026-03-06T09:33:24.362+0000] {dag.py:3239} INFO - Sync 1 DAGs
[2026-03-06T09:33:24.406+0000] {logging_mixin.py:190} INFO - [2026-03-06T09:33:24.405+0000] {dag.py:4180} INFO - Setting next_dagrun for 01_master_processing_pipeline to 2026-03-06 00:00:00+00:00, run_after=2026-03-07 00:00:00+00:00
[2026-03-06T09:33:24.446+0000] {processor.py:208} INFO - Processing /opt/airflow/dags/master_processing_dag.py took 0.172 seconds
[2026-03-06T09:33:54.862+0000] {processor.py:186} INFO - Started process (PID=4413) to work on /opt/airflow/dags/master_processing_dag.py
[2026-03-06T09:33:54.865+0000] {processor.py:914} INFO - Processing file /opt/airflow/dags/master_processing_dag.py for tasks to queue
[2026-03-06T09:33:54.867+0000] {logging_mixin.py:190} INFO - [2026-03-06T09:33:54.867+0000] {dagbag.py:588} INFO - Filling up the DagBag from /opt/airflow/dags/master_processing_dag.py
[2026-03-06T09:33:54.909+0000] {processor.py:925} INFO - DAG(s) '01_master_processing_pipeline' retrieved from /opt/airflow/dags/master_processing_dag.py
[2026-03-06T09:33:54.957+0000] {logging_mixin.py:190} INFO - [2026-03-06T09:33:54.956+0000] {dag.py:3239} INFO - Sync 1 DAGs
[2026-03-06T09:33:55.001+0000] {logging_mixin.py:190} INFO - [2026-03-06T09:33:55.001+0000] {dag.py:4180} INFO - Setting next_dagrun for 01_master_processing_pipeline to 2026-03-06 00:00:00+00:00, run_after=2026-03-07 00:00:00+00:00
[2026-03-06T09:33:55.138+0000] {processor.py:208} INFO - Processing /opt/airflow/dags/master_processing_dag.py took 0.286 seconds
[2026-03-06T09:34:25.295+0000] {processor.py:186} INFO - Started process (PID=4423) to work on /opt/airflow/dags/master_processing_dag.py
[2026-03-06T09:34:25.297+0000] {processor.py:914} INFO - Processing file /opt/airflow/dags/master_processing_dag.py for tasks to queue
[2026-03-06T09:34:25.302+0000] {logging_mixin.py:190} INFO - [2026-03-06T09:34:25.300+0000] {dagbag.py:588} INFO - Filling up the DagBag from /opt/airflow/dags/master_processing_dag.py
[2026-03-06T09:34:25.341+0000] {processor.py:925} INFO - DAG(s) '01_master_processing_pipeline' retrieved from /opt/airflow/dags/master_processing_dag.py
[2026-03-06T09:34:25.391+0000] {logging_mixin.py:190} INFO - [2026-03-06T09:34:25.390+0000] {dag.py:3239} INFO - Sync 1 DAGs
[2026-03-06T09:34:25.430+0000] {logging_mixin.py:190} INFO - [2026-03-06T09:34:25.430+0000] {dag.py:4180} INFO - Setting next_dagrun for 01_master_processing_pipeline to 2026-03-06 00:00:00+00:00, run_after=2026-03-07 00:00:00+00:00
[2026-03-06T09:34:25.482+0000] {processor.py:208} INFO - Processing /opt/airflow/dags/master_processing_dag.py took 0.208 seconds
[2026-03-06T09:34:55.735+0000] {processor.py:186} INFO - Started process (PID=4433) to work on /opt/airflow/dags/master_processing_dag.py
[2026-03-06T09:34:55.736+0000] {processor.py:914} INFO - Processing file /opt/airflow/dags/master_processing_dag.py for tasks to queue
[2026-03-06T09:34:55.739+0000] {logging_mixin.py:190} INFO - [2026-03-06T09:34:55.738+0000] {dagbag.py:588} INFO - Filling up the DagBag from /opt/airflow/dags/master_processing_dag.py
[2026-03-06T09:34:55.784+0000] {processor.py:925} INFO - DAG(s) '01_master_processing_pipeline' retrieved from /opt/airflow/dags/master_processing_dag.py
[2026-03-06T09:34:55.828+0000] {logging_mixin.py:190} INFO - [2026-03-06T09:34:55.827+0000] {dag.py:3239} INFO - Sync 1 DAGs
[2026-03-06T09:34:55.871+0000] {logging_mixin.py:190} INFO - [2026-03-06T09:34:55.871+0000] {dag.py:4180} INFO - Setting next_dagrun for 01_master_processing_pipeline to 2026-03-06 00:00:00+00:00, run_after=2026-03-07 00:00:00+00:00
[2026-03-06T09:34:55.903+0000] {processor.py:208} INFO - Processing /opt/airflow/dags/master_processing_dag.py took 0.178 seconds
[2026-03-06T09:35:26.781+0000] {processor.py:186} INFO - Started process (PID=4443) to work on /opt/airflow/dags/master_processing_dag.py
[2026-03-06T09:35:26.789+0000] {processor.py:914} INFO - Processing file /opt/airflow/dags/master_processing_dag.py for tasks to queue
[2026-03-06T09:35:26.795+0000] {logging_mixin.py:190} INFO - [2026-03-06T09:35:26.793+0000] {dagbag.py:588} INFO - Filling up the DagBag from /opt/airflow/dags/master_processing_dag.py
[2026-03-06T09:35:26.883+0000] {processor.py:925} INFO - DAG(s) '01_master_processing_pipeline' retrieved from /opt/airflow/dags/master_processing_dag.py
[2026-03-06T09:35:26.985+0000] {logging_mixin.py:190} INFO - [2026-03-06T09:35:26.985+0000] {dag.py:3239} INFO - Sync 1 DAGs
[2026-03-06T09:35:27.052+0000] {logging_mixin.py:190} INFO - [2026-03-06T09:35:27.052+0000] {dag.py:4180} INFO - Setting next_dagrun for 01_master_processing_pipeline to 2026-03-06 00:00:00+00:00, run_after=2026-03-07 00:00:00+00:00
[2026-03-06T09:35:27.100+0000] {processor.py:208} INFO - Processing /opt/airflow/dags/master_processing_dag.py took 0.361 seconds
[2026-03-06T09:35:57.572+0000] {processor.py:186} INFO - Started process (PID=4453) to work on /opt/airflow/dags/master_processing_dag.py
[2026-03-06T09:35:57.574+0000] {processor.py:914} INFO - Processing file /opt/airflow/dags/master_processing_dag.py for tasks to queue
[2026-03-06T09:35:57.577+0000] {logging_mixin.py:190} INFO - [2026-03-06T09:35:57.576+0000] {dagbag.py:588} INFO - Filling up the DagBag from /opt/airflow/dags/master_processing_dag.py
[2026-03-06T09:35:57.623+0000] {processor.py:925} INFO - DAG(s) '01_master_processing_pipeline' retrieved from /opt/airflow/dags/master_processing_dag.py
[2026-03-06T09:35:57.674+0000] {logging_mixin.py:190} INFO - [2026-03-06T09:35:57.674+0000] {dag.py:3239} INFO - Sync 1 DAGs
[2026-03-06T09:35:57.715+0000] {logging_mixin.py:190} INFO - [2026-03-06T09:35:57.715+0000] {dag.py:4180} INFO - Setting next_dagrun for 01_master_processing_pipeline to 2026-03-06 00:00:00+00:00, run_after=2026-03-07 00:00:00+00:00
[2026-03-06T09:35:57.753+0000] {processor.py:208} INFO - Processing /opt/airflow/dags/master_processing_dag.py took 0.194 seconds
[2026-03-06T09:36:28.079+0000] {processor.py:186} INFO - Started process (PID=4463) to work on /opt/airflow/dags/master_processing_dag.py
[2026-03-06T09:36:28.082+0000] {processor.py:914} INFO - Processing file /opt/airflow/dags/master_processing_dag.py for tasks to queue
[2026-03-06T09:36:28.085+0000] {logging_mixin.py:190} INFO - [2026-03-06T09:36:28.085+0000] {dagbag.py:588} INFO - Filling up the DagBag from /opt/airflow/dags/master_processing_dag.py
[2026-03-06T09:36:28.134+0000] {processor.py:925} INFO - DAG(s) '01_master_processing_pipeline' retrieved from /opt/airflow/dags/master_processing_dag.py
[2026-03-06T09:36:28.181+0000] {logging_mixin.py:190} INFO - [2026-03-06T09:36:28.181+0000] {dag.py:3239} INFO - Sync 1 DAGs
[2026-03-06T09:36:28.221+0000] {logging_mixin.py:190} INFO - [2026-03-06T09:36:28.220+0000] {dag.py:4180} INFO - Setting next_dagrun for 01_master_processing_pipeline to 2026-03-06 00:00:00+00:00, run_after=2026-03-07 00:00:00+00:00
[2026-03-06T09:36:28.259+0000] {processor.py:208} INFO - Processing /opt/airflow/dags/master_processing_dag.py took 0.196 seconds
[2026-03-06T09:36:58.572+0000] {processor.py:186} INFO - Started process (PID=4473) to work on /opt/airflow/dags/master_processing_dag.py
[2026-03-06T09:36:58.573+0000] {processor.py:914} INFO - Processing file /opt/airflow/dags/master_processing_dag.py for tasks to queue
[2026-03-06T09:36:58.575+0000] {logging_mixin.py:190} INFO - [2026-03-06T09:36:58.575+0000] {dagbag.py:588} INFO - Filling up the DagBag from /opt/airflow/dags/master_processing_dag.py
[2026-03-06T09:36:58.623+0000] {processor.py:925} INFO - DAG(s) '01_master_processing_pipeline' retrieved from /opt/airflow/dags/master_processing_dag.py
[2026-03-06T09:36:58.668+0000] {logging_mixin.py:190} INFO - [2026-03-06T09:36:58.668+0000] {dag.py:3239} INFO - Sync 1 DAGs
[2026-03-06T09:36:58.711+0000] {logging_mixin.py:190} INFO - [2026-03-06T09:36:58.711+0000] {dag.py:4180} INFO - Setting next_dagrun for 01_master_processing_pipeline to 2026-03-06 00:00:00+00:00, run_after=2026-03-07 00:00:00+00:00
[2026-03-06T09:36:58.798+0000] {processor.py:208} INFO - Processing /opt/airflow/dags/master_processing_dag.py took 0.235 seconds
[2026-03-06T09:37:29.103+0000] {processor.py:186} INFO - Started process (PID=4483) to work on /opt/airflow/dags/master_processing_dag.py
[2026-03-06T09:37:29.105+0000] {processor.py:914} INFO - Processing file /opt/airflow/dags/master_processing_dag.py for tasks to queue
[2026-03-06T09:37:29.109+0000] {logging_mixin.py:190} INFO - [2026-03-06T09:37:29.108+0000] {dagbag.py:588} INFO - Filling up the DagBag from /opt/airflow/dags/master_processing_dag.py
[2026-03-06T09:37:29.156+0000] {processor.py:925} INFO - DAG(s) '01_master_processing_pipeline' retrieved from /opt/airflow/dags/master_processing_dag.py
[2026-03-06T09:37:29.222+0000] {logging_mixin.py:190} INFO - [2026-03-06T09:37:29.222+0000] {dag.py:3239} INFO - Sync 1 DAGs
[2026-03-06T09:37:29.274+0000] {logging_mixin.py:190} INFO - [2026-03-06T09:37:29.274+0000] {dag.py:4180} INFO - Setting next_dagrun for 01_master_processing_pipeline to 2026-03-06 00:00:00+00:00, run_after=2026-03-07 00:00:00+00:00
[2026-03-06T09:37:29.323+0000] {processor.py:208} INFO - Processing /opt/airflow/dags/master_processing_dag.py took 0.235 seconds
[2026-03-06T09:37:59.674+0000] {processor.py:186} INFO - Started process (PID=4493) to work on /opt/airflow/dags/master_processing_dag.py
[2026-03-06T09:37:59.676+0000] {processor.py:914} INFO - Processing file /opt/airflow/dags/master_processing_dag.py for tasks to queue
[2026-03-06T09:37:59.678+0000] {logging_mixin.py:190} INFO - [2026-03-06T09:37:59.678+0000] {dagbag.py:588} INFO - Filling up the DagBag from /opt/airflow/dags/master_processing_dag.py
[2026-03-06T09:37:59.714+0000] {processor.py:925} INFO - DAG(s) '01_master_processing_pipeline' retrieved from /opt/airflow/dags/master_processing_dag.py
[2026-03-06T09:37:59.806+0000] {logging_mixin.py:190} INFO - [2026-03-06T09:37:59.806+0000] {dag.py:3239} INFO - Sync 1 DAGs
[2026-03-06T09:37:59.855+0000] {logging_mixin.py:190} INFO - [2026-03-06T09:37:59.854+0000] {dag.py:4180} INFO - Setting next_dagrun for 01_master_processing_pipeline to 2026-03-06 00:00:00+00:00, run_after=2026-03-07 00:00:00+00:00
[2026-03-06T09:37:59.885+0000] {processor.py:208} INFO - Processing /opt/airflow/dags/master_processing_dag.py took 0.219 seconds
[2026-03-06T09:38:30.360+0000] {processor.py:186} INFO - Started process (PID=4503) to work on /opt/airflow/dags/master_processing_dag.py
[2026-03-06T09:38:30.361+0000] {processor.py:914} INFO - Processing file /opt/airflow/dags/master_processing_dag.py for tasks to queue
[2026-03-06T09:38:30.363+0000] {logging_mixin.py:190} INFO - [2026-03-06T09:38:30.363+0000] {dagbag.py:588} INFO - Filling up the DagBag from /opt/airflow/dags/master_processing_dag.py
[2026-03-06T09:38:30.397+0000] {processor.py:925} INFO - DAG(s) '01_master_processing_pipeline' retrieved from /opt/airflow/dags/master_processing_dag.py
[2026-03-06T09:38:30.446+0000] {logging_mixin.py:190} INFO - [2026-03-06T09:38:30.445+0000] {dag.py:3239} INFO - Sync 1 DAGs
[2026-03-06T09:38:30.485+0000] {logging_mixin.py:190} INFO - [2026-03-06T09:38:30.485+0000] {dag.py:4180} INFO - Setting next_dagrun for 01_master_processing_pipeline to 2026-03-06 00:00:00+00:00, run_after=2026-03-07 00:00:00+00:00
[2026-03-06T09:38:30.522+0000] {processor.py:208} INFO - Processing /opt/airflow/dags/master_processing_dag.py took 0.170 seconds
[2026-03-06T09:39:01.055+0000] {processor.py:186} INFO - Started process (PID=4513) to work on /opt/airflow/dags/master_processing_dag.py
[2026-03-06T09:39:01.058+0000] {processor.py:914} INFO - Processing file /opt/airflow/dags/master_processing_dag.py for tasks to queue
[2026-03-06T09:39:01.061+0000] {logging_mixin.py:190} INFO - [2026-03-06T09:39:01.061+0000] {dagbag.py:588} INFO - Filling up the DagBag from /opt/airflow/dags/master_processing_dag.py
[2026-03-06T09:39:01.112+0000] {processor.py:925} INFO - DAG(s) '01_master_processing_pipeline' retrieved from /opt/airflow/dags/master_processing_dag.py
[2026-03-06T09:39:01.205+0000] {logging_mixin.py:190} INFO - [2026-03-06T09:39:01.205+0000] {dag.py:3239} INFO - Sync 1 DAGs
[2026-03-06T09:39:01.276+0000] {logging_mixin.py:190} INFO - [2026-03-06T09:39:01.276+0000] {dag.py:4180} INFO - Setting next_dagrun for 01_master_processing_pipeline to 2026-03-06 00:00:00+00:00, run_after=2026-03-07 00:00:00+00:00
[2026-03-06T09:39:01.337+0000] {processor.py:208} INFO - Processing /opt/airflow/dags/master_processing_dag.py took 0.299 seconds
[2026-03-06T09:39:31.494+0000] {processor.py:186} INFO - Started process (PID=4523) to work on /opt/airflow/dags/master_processing_dag.py
[2026-03-06T09:39:31.496+0000] {processor.py:914} INFO - Processing file /opt/airflow/dags/master_processing_dag.py for tasks to queue
[2026-03-06T09:39:31.499+0000] {logging_mixin.py:190} INFO - [2026-03-06T09:39:31.499+0000] {dagbag.py:588} INFO - Filling up the DagBag from /opt/airflow/dags/master_processing_dag.py
[2026-03-06T09:39:31.541+0000] {processor.py:925} INFO - DAG(s) '01_master_processing_pipeline' retrieved from /opt/airflow/dags/master_processing_dag.py
[2026-03-06T09:39:31.594+0000] {logging_mixin.py:190} INFO - [2026-03-06T09:39:31.593+0000] {dag.py:3239} INFO - Sync 1 DAGs
[2026-03-06T09:39:31.635+0000] {logging_mixin.py:190} INFO - [2026-03-06T09:39:31.635+0000] {dag.py:4180} INFO - Setting next_dagrun for 01_master_processing_pipeline to 2026-03-06 00:00:00+00:00, run_after=2026-03-07 00:00:00+00:00
[2026-03-06T09:39:31.669+0000] {processor.py:208} INFO - Processing /opt/airflow/dags/master_processing_dag.py took 0.185 seconds
[2026-03-06T09:40:01.897+0000] {processor.py:186} INFO - Started process (PID=4533) to work on /opt/airflow/dags/master_processing_dag.py
[2026-03-06T09:40:01.899+0000] {processor.py:914} INFO - Processing file /opt/airflow/dags/master_processing_dag.py for tasks to queue
[2026-03-06T09:40:01.902+0000] {logging_mixin.py:190} INFO - [2026-03-06T09:40:01.901+0000] {dagbag.py:588} INFO - Filling up the DagBag from /opt/airflow/dags/master_processing_dag.py
[2026-03-06T09:40:01.937+0000] {processor.py:925} INFO - DAG(s) '01_master_processing_pipeline' retrieved from /opt/airflow/dags/master_processing_dag.py
[2026-03-06T09:40:01.983+0000] {logging_mixin.py:190} INFO - [2026-03-06T09:40:01.983+0000] {dag.py:3239} INFO - Sync 1 DAGs
[2026-03-06T09:40:02.019+0000] {logging_mixin.py:190} INFO - [2026-03-06T09:40:02.018+0000] {dag.py:4180} INFO - Setting next_dagrun for 01_master_processing_pipeline to 2026-03-06 00:00:00+00:00, run_after=2026-03-07 00:00:00+00:00
[2026-03-06T09:40:02.051+0000] {processor.py:208} INFO - Processing /opt/airflow/dags/master_processing_dag.py took 0.161 seconds
[2026-03-06T09:40:32.490+0000] {processor.py:186} INFO - Started process (PID=4543) to work on /opt/airflow/dags/master_processing_dag.py
[2026-03-06T09:40:32.493+0000] {processor.py:914} INFO - Processing file /opt/airflow/dags/master_processing_dag.py for tasks to queue
[2026-03-06T09:40:32.496+0000] {logging_mixin.py:190} INFO - [2026-03-06T09:40:32.495+0000] {dagbag.py:588} INFO - Filling up the DagBag from /opt/airflow/dags/master_processing_dag.py
[2026-03-06T09:40:32.540+0000] {processor.py:925} INFO - DAG(s) '01_master_processing_pipeline' retrieved from /opt/airflow/dags/master_processing_dag.py
[2026-03-06T09:40:32.613+0000] {logging_mixin.py:190} INFO - [2026-03-06T09:40:32.612+0000] {dag.py:3239} INFO - Sync 1 DAGs
[2026-03-06T09:40:33.001+0000] {logging_mixin.py:190} INFO - [2026-03-06T09:40:33.000+0000] {dag.py:4180} INFO - Setting next_dagrun for 01_master_processing_pipeline to 2026-03-06 00:00:00+00:00, run_after=2026-03-07 00:00:00+00:00
[2026-03-06T09:40:33.113+0000] {processor.py:208} INFO - Processing /opt/airflow/dags/master_processing_dag.py took 0.641 seconds
[2026-03-06T09:41:03.560+0000] {processor.py:186} INFO - Started process (PID=4553) to work on /opt/airflow/dags/master_processing_dag.py
[2026-03-06T09:41:03.561+0000] {processor.py:914} INFO - Processing file /opt/airflow/dags/master_processing_dag.py for tasks to queue
[2026-03-06T09:41:03.567+0000] {logging_mixin.py:190} INFO - [2026-03-06T09:41:03.565+0000] {dagbag.py:588} INFO - Filling up the DagBag from /opt/airflow/dags/master_processing_dag.py
[2026-03-06T09:41:03.610+0000] {processor.py:925} INFO - DAG(s) '01_master_processing_pipeline' retrieved from /opt/airflow/dags/master_processing_dag.py
[2026-03-06T09:41:03.660+0000] {logging_mixin.py:190} INFO - [2026-03-06T09:41:03.660+0000] {dag.py:3239} INFO - Sync 1 DAGs
[2026-03-06T09:41:03.700+0000] {logging_mixin.py:190} INFO - [2026-03-06T09:41:03.699+0000] {dag.py:4180} INFO - Setting next_dagrun for 01_master_processing_pipeline to 2026-03-06 00:00:00+00:00, run_after=2026-03-07 00:00:00+00:00
[2026-03-06T09:41:03.739+0000] {processor.py:208} INFO - Processing /opt/airflow/dags/master_processing_dag.py took 0.196 seconds
[2026-03-06T09:41:33.987+0000] {processor.py:186} INFO - Started process (PID=4563) to work on /opt/airflow/dags/master_processing_dag.py
[2026-03-06T09:41:33.989+0000] {processor.py:914} INFO - Processing file /opt/airflow/dags/master_processing_dag.py for tasks to queue
[2026-03-06T09:41:33.991+0000] {logging_mixin.py:190} INFO - [2026-03-06T09:41:33.990+0000] {dagbag.py:588} INFO - Filling up the DagBag from /opt/airflow/dags/master_processing_dag.py
[2026-03-06T09:41:34.027+0000] {processor.py:925} INFO - DAG(s) '01_master_processing_pipeline' retrieved from /opt/airflow/dags/master_processing_dag.py
[2026-03-06T09:41:34.083+0000] {logging_mixin.py:190} INFO - [2026-03-06T09:41:34.082+0000] {dag.py:3239} INFO - Sync 1 DAGs
[2026-03-06T09:41:34.190+0000] {logging_mixin.py:190} INFO - [2026-03-06T09:41:34.189+0000] {dag.py:4180} INFO - Setting next_dagrun for 01_master_processing_pipeline to 2026-03-06 00:00:00+00:00, run_after=2026-03-07 00:00:00+00:00
[2026-03-06T09:41:34.305+0000] {processor.py:208} INFO - Processing /opt/airflow/dags/master_processing_dag.py took 0.327 seconds
[2026-03-06T09:42:04.702+0000] {processor.py:186} INFO - Started process (PID=4573) to work on /opt/airflow/dags/master_processing_dag.py
[2026-03-06T09:42:04.704+0000] {processor.py:914} INFO - Processing file /opt/airflow/dags/master_processing_dag.py for tasks to queue
[2026-03-06T09:42:04.713+0000] {logging_mixin.py:190} INFO - [2026-03-06T09:42:04.710+0000] {dagbag.py:588} INFO - Filling up the DagBag from /opt/airflow/dags/master_processing_dag.py
[2026-03-06T09:42:04.756+0000] {processor.py:925} INFO - DAG(s) '01_master_processing_pipeline' retrieved from /opt/airflow/dags/master_processing_dag.py
[2026-03-06T09:42:06.679+0000] {logging_mixin.py:190} INFO - [2026-03-06T09:42:06.679+0000] {dag.py:3239} INFO - Sync 1 DAGs
[2026-03-06T09:42:06.821+0000] {logging_mixin.py:190} INFO - [2026-03-06T09:42:06.821+0000] {dag.py:4180} INFO - Setting next_dagrun for 01_master_processing_pipeline to 2026-03-06 00:00:00+00:00, run_after=2026-03-07 00:00:00+00:00
[2026-03-06T09:42:06.888+0000] {processor.py:208} INFO - Processing /opt/airflow/dags/master_processing_dag.py took 2.200 seconds
[2026-03-06T09:42:37.161+0000] {processor.py:186} INFO - Started process (PID=4583) to work on /opt/airflow/dags/master_processing_dag.py
[2026-03-06T09:42:37.163+0000] {processor.py:914} INFO - Processing file /opt/airflow/dags/master_processing_dag.py for tasks to queue
[2026-03-06T09:42:37.166+0000] {logging_mixin.py:190} INFO - [2026-03-06T09:42:37.165+0000] {dagbag.py:588} INFO - Filling up the DagBag from /opt/airflow/dags/master_processing_dag.py
[2026-03-06T09:42:37.203+0000] {processor.py:925} INFO - DAG(s) '01_master_processing_pipeline' retrieved from /opt/airflow/dags/master_processing_dag.py
[2026-03-06T09:42:37.265+0000] {logging_mixin.py:190} INFO - [2026-03-06T09:42:37.265+0000] {dag.py:3239} INFO - Sync 1 DAGs
[2026-03-06T09:42:37.307+0000] {logging_mixin.py:190} INFO - [2026-03-06T09:42:37.307+0000] {dag.py:4180} INFO - Setting next_dagrun for 01_master_processing_pipeline to 2026-03-06 00:00:00+00:00, run_after=2026-03-07 00:00:00+00:00
[2026-03-06T09:42:37.340+0000] {processor.py:208} INFO - Processing /opt/airflow/dags/master_processing_dag.py took 0.193 seconds
[2026-03-06T09:43:07.705+0000] {processor.py:186} INFO - Started process (PID=4593) to work on /opt/airflow/dags/master_processing_dag.py
[2026-03-06T09:43:07.706+0000] {processor.py:914} INFO - Processing file /opt/airflow/dags/master_processing_dag.py for tasks to queue
[2026-03-06T09:43:07.709+0000] {logging_mixin.py:190} INFO - [2026-03-06T09:43:07.709+0000] {dagbag.py:588} INFO - Filling up the DagBag from /opt/airflow/dags/master_processing_dag.py
[2026-03-06T09:43:07.748+0000] {processor.py:925} INFO - DAG(s) '01_master_processing_pipeline' retrieved from /opt/airflow/dags/master_processing_dag.py
[2026-03-06T09:43:07.820+0000] {logging_mixin.py:190} INFO - [2026-03-06T09:43:07.820+0000] {dag.py:3239} INFO - Sync 1 DAGs
[2026-03-06T09:43:07.864+0000] {logging_mixin.py:190} INFO - [2026-03-06T09:43:07.863+0000] {dag.py:4180} INFO - Setting next_dagrun for 01_master_processing_pipeline to 2026-03-06 00:00:00+00:00, run_after=2026-03-07 00:00:00+00:00
[2026-03-06T09:43:07.898+0000] {processor.py:208} INFO - Processing /opt/airflow/dags/master_processing_dag.py took 0.203 seconds
[2026-03-06T09:43:38.157+0000] {processor.py:186} INFO - Started process (PID=4603) to work on /opt/airflow/dags/master_processing_dag.py
[2026-03-06T09:43:38.159+0000] {processor.py:914} INFO - Processing file /opt/airflow/dags/master_processing_dag.py for tasks to queue
[2026-03-06T09:43:38.162+0000] {logging_mixin.py:190} INFO - [2026-03-06T09:43:38.161+0000] {dagbag.py:588} INFO - Filling up the DagBag from /opt/airflow/dags/master_processing_dag.py
[2026-03-06T09:43:38.201+0000] {processor.py:925} INFO - DAG(s) '01_master_processing_pipeline' retrieved from /opt/airflow/dags/master_processing_dag.py
[2026-03-06T09:43:38.271+0000] {logging_mixin.py:190} INFO - [2026-03-06T09:43:38.270+0000] {dag.py:3239} INFO - Sync 1 DAGs
[2026-03-06T09:43:38.314+0000] {logging_mixin.py:190} INFO - [2026-03-06T09:43:38.313+0000] {dag.py:4180} INFO - Setting next_dagrun for 01_master_processing_pipeline to 2026-03-06 00:00:00+00:00, run_after=2026-03-07 00:00:00+00:00
[2026-03-06T09:43:38.346+0000] {processor.py:208} INFO - Processing /opt/airflow/dags/master_processing_dag.py took 0.199 seconds
[2026-03-06T09:44:08.811+0000] {processor.py:186} INFO - Started process (PID=4613) to work on /opt/airflow/dags/master_processing_dag.py
[2026-03-06T09:44:08.813+0000] {processor.py:914} INFO - Processing file /opt/airflow/dags/master_processing_dag.py for tasks to queue
[2026-03-06T09:44:08.816+0000] {logging_mixin.py:190} INFO - [2026-03-06T09:44:08.815+0000] {dagbag.py:588} INFO - Filling up the DagBag from /opt/airflow/dags/master_processing_dag.py
[2026-03-06T09:44:08.858+0000] {processor.py:925} INFO - DAG(s) '01_master_processing_pipeline' retrieved from /opt/airflow/dags/master_processing_dag.py
[2026-03-06T09:44:08.923+0000] {logging_mixin.py:190} INFO - [2026-03-06T09:44:08.923+0000] {dag.py:3239} INFO - Sync 1 DAGs
[2026-03-06T09:44:08.966+0000] {logging_mixin.py:190} INFO - [2026-03-06T09:44:08.965+0000] {dag.py:4180} INFO - Setting next_dagrun for 01_master_processing_pipeline to 2026-03-06 00:00:00+00:00, run_after=2026-03-07 00:00:00+00:00
[2026-03-06T09:44:09.001+0000] {processor.py:208} INFO - Processing /opt/airflow/dags/master_processing_dag.py took 0.203 seconds
[2026-03-06T09:44:39.258+0000] {processor.py:186} INFO - Started process (PID=4623) to work on /opt/airflow/dags/master_processing_dag.py
[2026-03-06T09:44:39.265+0000] {processor.py:914} INFO - Processing file /opt/airflow/dags/master_processing_dag.py for tasks to queue
[2026-03-06T09:44:39.268+0000] {logging_mixin.py:190} INFO - [2026-03-06T09:44:39.268+0000] {dagbag.py:588} INFO - Filling up the DagBag from /opt/airflow/dags/master_processing_dag.py
[2026-03-06T09:44:39.305+0000] {processor.py:925} INFO - DAG(s) '01_master_processing_pipeline' retrieved from /opt/airflow/dags/master_processing_dag.py
[2026-03-06T09:44:39.367+0000] {logging_mixin.py:190} INFO - [2026-03-06T09:44:39.367+0000] {dag.py:3239} INFO - Sync 1 DAGs
[2026-03-06T09:44:39.408+0000] {logging_mixin.py:190} INFO - [2026-03-06T09:44:39.408+0000] {dag.py:4180} INFO - Setting next_dagrun for 01_master_processing_pipeline to 2026-03-06 00:00:00+00:00, run_after=2026-03-07 00:00:00+00:00
[2026-03-06T09:44:39.441+0000] {processor.py:208} INFO - Processing /opt/airflow/dags/master_processing_dag.py took 0.198 seconds
[2026-03-06T09:45:09.813+0000] {processor.py:186} INFO - Started process (PID=4633) to work on /opt/airflow/dags/master_processing_dag.py
[2026-03-06T09:45:09.817+0000] {processor.py:914} INFO - Processing file /opt/airflow/dags/master_processing_dag.py for tasks to queue
[2026-03-06T09:45:09.823+0000] {logging_mixin.py:190} INFO - [2026-03-06T09:45:09.822+0000] {dagbag.py:588} INFO - Filling up the DagBag from /opt/airflow/dags/master_processing_dag.py
[2026-03-06T09:45:09.866+0000] {processor.py:925} INFO - DAG(s) '01_master_processing_pipeline' retrieved from /opt/airflow/dags/master_processing_dag.py
[2026-03-06T09:45:10.126+0000] {logging_mixin.py:190} INFO - [2026-03-06T09:45:10.125+0000] {dag.py:3239} INFO - Sync 1 DAGs
[2026-03-06T09:45:10.300+0000] {logging_mixin.py:190} INFO - [2026-03-06T09:45:10.300+0000] {dag.py:4180} INFO - Setting next_dagrun for 01_master_processing_pipeline to 2026-03-06 00:00:00+00:00, run_after=2026-03-07 00:00:00+00:00
[2026-03-06T09:45:10.386+0000] {processor.py:208} INFO - Processing /opt/airflow/dags/master_processing_dag.py took 0.585 seconds
[2026-03-06T09:45:40.856+0000] {processor.py:186} INFO - Started process (PID=4643) to work on /opt/airflow/dags/master_processing_dag.py
[2026-03-06T09:45:40.860+0000] {processor.py:914} INFO - Processing file /opt/airflow/dags/master_processing_dag.py for tasks to queue
[2026-03-06T09:45:40.863+0000] {logging_mixin.py:190} INFO - [2026-03-06T09:45:40.862+0000] {dagbag.py:588} INFO - Filling up the DagBag from /opt/airflow/dags/master_processing_dag.py
[2026-03-06T09:45:40.905+0000] {processor.py:925} INFO - DAG(s) '01_master_processing_pipeline' retrieved from /opt/airflow/dags/master_processing_dag.py
[2026-03-06T09:45:40.962+0000] {logging_mixin.py:190} INFO - [2026-03-06T09:45:40.962+0000] {dag.py:3239} INFO - Sync 1 DAGs
[2026-03-06T09:45:41.013+0000] {logging_mixin.py:190} INFO - [2026-03-06T09:45:41.013+0000] {dag.py:4180} INFO - Setting next_dagrun for 01_master_processing_pipeline to 2026-03-06 00:00:00+00:00, run_after=2026-03-07 00:00:00+00:00
[2026-03-06T09:45:41.128+0000] {processor.py:208} INFO - Processing /opt/airflow/dags/master_processing_dag.py took 0.284 seconds
[2026-03-06T09:46:11.317+0000] {processor.py:186} INFO - Started process (PID=4653) to work on /opt/airflow/dags/master_processing_dag.py
[2026-03-06T09:46:11.319+0000] {processor.py:914} INFO - Processing file /opt/airflow/dags/master_processing_dag.py for tasks to queue
[2026-03-06T09:46:11.321+0000] {logging_mixin.py:190} INFO - [2026-03-06T09:46:11.320+0000] {dagbag.py:588} INFO - Filling up the DagBag from /opt/airflow/dags/master_processing_dag.py
[2026-03-06T09:46:11.380+0000] {processor.py:925} INFO - DAG(s) '01_master_processing_pipeline' retrieved from /opt/airflow/dags/master_processing_dag.py
[2026-03-06T09:46:11.448+0000] {logging_mixin.py:190} INFO - [2026-03-06T09:46:11.448+0000] {dag.py:3239} INFO - Sync 1 DAGs
[2026-03-06T09:46:11.489+0000] {logging_mixin.py:190} INFO - [2026-03-06T09:46:11.488+0000] {dag.py:4180} INFO - Setting next_dagrun for 01_master_processing_pipeline to 2026-03-06 00:00:00+00:00, run_after=2026-03-07 00:00:00+00:00
[2026-03-06T09:46:11.523+0000] {processor.py:208} INFO - Processing /opt/airflow/dags/master_processing_dag.py took 0.216 seconds
[2026-03-06T09:46:42.048+0000] {processor.py:186} INFO - Started process (PID=4663) to work on /opt/airflow/dags/master_processing_dag.py
[2026-03-06T09:46:42.050+0000] {processor.py:914} INFO - Processing file /opt/airflow/dags/master_processing_dag.py for tasks to queue
[2026-03-06T09:46:42.052+0000] {logging_mixin.py:190} INFO - [2026-03-06T09:46:42.051+0000] {dagbag.py:588} INFO - Filling up the DagBag from /opt/airflow/dags/master_processing_dag.py
[2026-03-06T09:46:42.093+0000] {processor.py:925} INFO - DAG(s) '01_master_processing_pipeline' retrieved from /opt/airflow/dags/master_processing_dag.py
[2026-03-06T09:46:42.161+0000] {logging_mixin.py:190} INFO - [2026-03-06T09:46:42.160+0000] {dag.py:3239} INFO - Sync 1 DAGs
[2026-03-06T09:46:42.214+0000] {logging_mixin.py:190} INFO - [2026-03-06T09:46:42.214+0000] {dag.py:4180} INFO - Setting next_dagrun for 01_master_processing_pipeline to 2026-03-06 00:00:00+00:00, run_after=2026-03-07 00:00:00+00:00
[2026-03-06T09:46:42.250+0000] {processor.py:208} INFO - Processing /opt/airflow/dags/master_processing_dag.py took 0.215 seconds
[2026-03-06T09:47:12.475+0000] {processor.py:186} INFO - Started process (PID=4673) to work on /opt/airflow/dags/master_processing_dag.py
[2026-03-06T09:47:12.477+0000] {processor.py:914} INFO - Processing file /opt/airflow/dags/master_processing_dag.py for tasks to queue
[2026-03-06T09:47:12.480+0000] {logging_mixin.py:190} INFO - [2026-03-06T09:47:12.479+0000] {dagbag.py:588} INFO - Filling up the DagBag from /opt/airflow/dags/master_processing_dag.py
[2026-03-06T09:47:12.521+0000] {processor.py:925} INFO - DAG(s) '01_master_processing_pipeline' retrieved from /opt/airflow/dags/master_processing_dag.py
[2026-03-06T09:47:12.582+0000] {logging_mixin.py:190} INFO - [2026-03-06T09:47:12.582+0000] {dag.py:3239} INFO - Sync 1 DAGs
[2026-03-06T09:47:12.621+0000] {logging_mixin.py:190} INFO - [2026-03-06T09:47:12.620+0000] {dag.py:4180} INFO - Setting next_dagrun for 01_master_processing_pipeline to 2026-03-06 00:00:00+00:00, run_after=2026-03-07 00:00:00+00:00
[2026-03-06T09:47:12.657+0000] {processor.py:208} INFO - Processing /opt/airflow/dags/master_processing_dag.py took 0.195 seconds
[2026-03-06T09:47:43.103+0000] {processor.py:186} INFO - Started process (PID=4683) to work on /opt/airflow/dags/master_processing_dag.py
[2026-03-06T09:47:43.105+0000] {processor.py:914} INFO - Processing file /opt/airflow/dags/master_processing_dag.py for tasks to queue
[2026-03-06T09:47:43.108+0000] {logging_mixin.py:190} INFO - [2026-03-06T09:47:43.107+0000] {dagbag.py:588} INFO - Filling up the DagBag from /opt/airflow/dags/master_processing_dag.py
[2026-03-06T09:47:43.153+0000] {processor.py:925} INFO - DAG(s) '01_master_processing_pipeline' retrieved from /opt/airflow/dags/master_processing_dag.py
[2026-03-06T09:47:43.209+0000] {logging_mixin.py:190} INFO - [2026-03-06T09:47:43.209+0000] {dag.py:3239} INFO - Sync 1 DAGs
[2026-03-06T09:47:43.250+0000] {logging_mixin.py:190} INFO - [2026-03-06T09:47:43.249+0000] {dag.py:4180} INFO - Setting next_dagrun for 01_master_processing_pipeline to 2026-03-06 00:00:00+00:00, run_after=2026-03-07 00:00:00+00:00
[2026-03-06T09:47:43.289+0000] {processor.py:208} INFO - Processing /opt/airflow/dags/master_processing_dag.py took 0.198 seconds
[2026-03-06T09:48:13.562+0000] {processor.py:186} INFO - Started process (PID=4693) to work on /opt/airflow/dags/master_processing_dag.py
[2026-03-06T09:48:13.565+0000] {processor.py:914} INFO - Processing file /opt/airflow/dags/master_processing_dag.py for tasks to queue
[2026-03-06T09:48:13.567+0000] {logging_mixin.py:190} INFO - [2026-03-06T09:48:13.566+0000] {dagbag.py:588} INFO - Filling up the DagBag from /opt/airflow/dags/master_processing_dag.py
[2026-03-06T09:48:13.650+0000] {processor.py:925} INFO - DAG(s) '01_master_processing_pipeline' retrieved from /opt/airflow/dags/master_processing_dag.py
[2026-03-06T09:48:13.697+0000] {logging_mixin.py:190} INFO - [2026-03-06T09:48:13.697+0000] {dag.py:3239} INFO - Sync 1 DAGs
[2026-03-06T09:48:13.737+0000] {logging_mixin.py:190} INFO - [2026-03-06T09:48:13.736+0000] {dag.py:4180} INFO - Setting next_dagrun for 01_master_processing_pipeline to 2026-03-06 00:00:00+00:00, run_after=2026-03-07 00:00:00+00:00
[2026-03-06T09:48:13.770+0000] {processor.py:208} INFO - Processing /opt/airflow/dags/master_processing_dag.py took 0.219 seconds
[2026-03-06T09:48:44.152+0000] {processor.py:186} INFO - Started process (PID=4703) to work on /opt/airflow/dags/master_processing_dag.py
[2026-03-06T09:48:44.155+0000] {processor.py:914} INFO - Processing file /opt/airflow/dags/master_processing_dag.py for tasks to queue
[2026-03-06T09:48:44.159+0000] {logging_mixin.py:190} INFO - [2026-03-06T09:48:44.158+0000] {dagbag.py:588} INFO - Filling up the DagBag from /opt/airflow/dags/master_processing_dag.py
[2026-03-06T09:48:44.246+0000] {processor.py:925} INFO - DAG(s) '01_master_processing_pipeline' retrieved from /opt/airflow/dags/master_processing_dag.py
[2026-03-06T09:48:44.289+0000] {logging_mixin.py:190} INFO - [2026-03-06T09:48:44.289+0000] {dag.py:3239} INFO - Sync 1 DAGs
[2026-03-06T09:48:44.345+0000] {logging_mixin.py:190} INFO - [2026-03-06T09:48:44.345+0000] {dag.py:4180} INFO - Setting next_dagrun for 01_master_processing_pipeline to 2026-03-06 00:00:00+00:00, run_after=2026-03-07 00:00:00+00:00
[2026-03-06T09:48:44.377+0000] {processor.py:208} INFO - Processing /opt/airflow/dags/master_processing_dag.py took 0.239 seconds
[2026-03-06T09:49:14.600+0000] {processor.py:186} INFO - Started process (PID=4713) to work on /opt/airflow/dags/master_processing_dag.py
[2026-03-06T09:49:14.603+0000] {processor.py:914} INFO - Processing file /opt/airflow/dags/master_processing_dag.py for tasks to queue
[2026-03-06T09:49:14.605+0000] {logging_mixin.py:190} INFO - [2026-03-06T09:49:14.605+0000] {dagbag.py:588} INFO - Filling up the DagBag from /opt/airflow/dags/master_processing_dag.py
[2026-03-06T09:49:14.661+0000] {processor.py:925} INFO - DAG(s) '01_master_processing_pipeline' retrieved from /opt/airflow/dags/master_processing_dag.py
[2026-03-06T09:49:14.708+0000] {logging_mixin.py:190} INFO - [2026-03-06T09:49:14.707+0000] {dag.py:3239} INFO - Sync 1 DAGs
[2026-03-06T09:49:14.753+0000] {logging_mixin.py:190} INFO - [2026-03-06T09:49:14.752+0000] {dag.py:4180} INFO - Setting next_dagrun for 01_master_processing_pipeline to 2026-03-06 00:00:00+00:00, run_after=2026-03-07 00:00:00+00:00
[2026-03-06T09:49:14.790+0000] {processor.py:208} INFO - Processing /opt/airflow/dags/master_processing_dag.py took 0.200 seconds
[2026-03-06T09:49:45.241+0000] {processor.py:186} INFO - Started process (PID=4723) to work on /opt/airflow/dags/master_processing_dag.py
[2026-03-06T09:49:45.243+0000] {processor.py:914} INFO - Processing file /opt/airflow/dags/master_processing_dag.py for tasks to queue
[2026-03-06T09:49:45.247+0000] {logging_mixin.py:190} INFO - [2026-03-06T09:49:45.246+0000] {dagbag.py:588} INFO - Filling up the DagBag from /opt/airflow/dags/master_processing_dag.py
[2026-03-06T09:49:45.282+0000] {processor.py:925} INFO - DAG(s) '01_master_processing_pipeline' retrieved from /opt/airflow/dags/master_processing_dag.py
[2026-03-06T09:49:45.331+0000] {logging_mixin.py:190} INFO - [2026-03-06T09:49:45.331+0000] {dag.py:3239} INFO - Sync 1 DAGs
[2026-03-06T09:49:45.369+0000] {logging_mixin.py:190} INFO - [2026-03-06T09:49:45.369+0000] {dag.py:4180} INFO - Setting next_dagrun for 01_master_processing_pipeline to 2026-03-06 00:00:00+00:00, run_after=2026-03-07 00:00:00+00:00
[2026-03-06T09:49:45.402+0000] {processor.py:208} INFO - Processing /opt/airflow/dags/master_processing_dag.py took 0.175 seconds
[2026-03-06T09:50:15.852+0000] {processor.py:186} INFO - Started process (PID=4733) to work on /opt/airflow/dags/master_processing_dag.py
[2026-03-06T09:50:15.853+0000] {processor.py:914} INFO - Processing file /opt/airflow/dags/master_processing_dag.py for tasks to queue
[2026-03-06T09:50:15.855+0000] {logging_mixin.py:190} INFO - [2026-03-06T09:50:15.854+0000] {dagbag.py:588} INFO - Filling up the DagBag from /opt/airflow/dags/master_processing_dag.py
[2026-03-06T09:50:15.889+0000] {processor.py:925} INFO - DAG(s) '01_master_processing_pipeline' retrieved from /opt/airflow/dags/master_processing_dag.py
[2026-03-06T09:50:15.934+0000] {logging_mixin.py:190} INFO - [2026-03-06T09:50:15.934+0000] {dag.py:3239} INFO - Sync 1 DAGs
[2026-03-06T09:50:15.974+0000] {logging_mixin.py:190} INFO - [2026-03-06T09:50:15.973+0000] {dag.py:4180} INFO - Setting next_dagrun for 01_master_processing_pipeline to 2026-03-06 00:00:00+00:00, run_after=2026-03-07 00:00:00+00:00
[2026-03-06T09:50:16.013+0000] {processor.py:208} INFO - Processing /opt/airflow/dags/master_processing_dag.py took 0.182 seconds
[2026-03-06T09:50:46.470+0000] {processor.py:186} INFO - Started process (PID=4743) to work on /opt/airflow/dags/master_processing_dag.py
[2026-03-06T09:50:46.472+0000] {processor.py:914} INFO - Processing file /opt/airflow/dags/master_processing_dag.py for tasks to queue
[2026-03-06T09:50:46.476+0000] {logging_mixin.py:190} INFO - [2026-03-06T09:50:46.476+0000] {dagbag.py:588} INFO - Filling up the DagBag from /opt/airflow/dags/master_processing_dag.py
[2026-03-06T09:50:46.513+0000] {processor.py:925} INFO - DAG(s) '01_master_processing_pipeline' retrieved from /opt/airflow/dags/master_processing_dag.py
[2026-03-06T09:50:46.564+0000] {logging_mixin.py:190} INFO - [2026-03-06T09:50:46.564+0000] {dag.py:3239} INFO - Sync 1 DAGs
[2026-03-06T09:50:46.603+0000] {logging_mixin.py:190} INFO - [2026-03-06T09:50:46.602+0000] {dag.py:4180} INFO - Setting next_dagrun for 01_master_processing_pipeline to 2026-03-06 00:00:00+00:00, run_after=2026-03-07 00:00:00+00:00
[2026-03-06T09:50:46.642+0000] {processor.py:208} INFO - Processing /opt/airflow/dags/master_processing_dag.py took 0.184 seconds
[2026-03-06T09:51:16.912+0000] {processor.py:186} INFO - Started process (PID=4753) to work on /opt/airflow/dags/master_processing_dag.py
[2026-03-06T09:51:16.914+0000] {processor.py:914} INFO - Processing file /opt/airflow/dags/master_processing_dag.py for tasks to queue
[2026-03-06T09:51:16.916+0000] {logging_mixin.py:190} INFO - [2026-03-06T09:51:16.916+0000] {dagbag.py:588} INFO - Filling up the DagBag from /opt/airflow/dags/master_processing_dag.py
[2026-03-06T09:51:16.953+0000] {processor.py:925} INFO - DAG(s) '01_master_processing_pipeline' retrieved from /opt/airflow/dags/master_processing_dag.py
[2026-03-06T09:51:17.012+0000] {logging_mixin.py:190} INFO - [2026-03-06T09:51:17.011+0000] {dag.py:3239} INFO - Sync 1 DAGs
[2026-03-06T09:51:17.068+0000] {logging_mixin.py:190} INFO - [2026-03-06T09:51:17.067+0000] {dag.py:4180} INFO - Setting next_dagrun for 01_master_processing_pipeline to 2026-03-06 00:00:00+00:00, run_after=2026-03-07 00:00:00+00:00
[2026-03-06T09:51:17.122+0000] {processor.py:208} INFO - Processing /opt/airflow/dags/master_processing_dag.py took 0.220 seconds
[2026-03-06T09:51:47.626+0000] {processor.py:186} INFO - Started process (PID=4763) to work on /opt/airflow/dags/master_processing_dag.py
[2026-03-06T09:51:47.628+0000] {processor.py:914} INFO - Processing file /opt/airflow/dags/master_processing_dag.py for tasks to queue
[2026-03-06T09:51:47.630+0000] {logging_mixin.py:190} INFO - [2026-03-06T09:51:47.630+0000] {dagbag.py:588} INFO - Filling up the DagBag from /opt/airflow/dags/master_processing_dag.py
[2026-03-06T09:51:47.671+0000] {processor.py:925} INFO - DAG(s) '01_master_processing_pipeline' retrieved from /opt/airflow/dags/master_processing_dag.py
[2026-03-06T09:51:47.712+0000] {logging_mixin.py:190} INFO - [2026-03-06T09:51:47.711+0000] {dag.py:3239} INFO - Sync 1 DAGs
[2026-03-06T09:51:47.757+0000] {logging_mixin.py:190} INFO - [2026-03-06T09:51:47.756+0000] {dag.py:4180} INFO - Setting next_dagrun for 01_master_processing_pipeline to 2026-03-06 00:00:00+00:00, run_after=2026-03-07 00:00:00+00:00
[2026-03-06T09:51:47.792+0000] {processor.py:208} INFO - Processing /opt/airflow/dags/master_processing_dag.py took 0.178 seconds
[2026-03-06T09:52:18.049+0000] {processor.py:186} INFO - Started process (PID=4773) to work on /opt/airflow/dags/master_processing_dag.py
[2026-03-06T09:52:18.051+0000] {processor.py:914} INFO - Processing file /opt/airflow/dags/master_processing_dag.py for tasks to queue
[2026-03-06T09:52:18.054+0000] {logging_mixin.py:190} INFO - [2026-03-06T09:52:18.053+0000] {dagbag.py:588} INFO - Filling up the DagBag from /opt/airflow/dags/master_processing_dag.py
[2026-03-06T09:52:18.100+0000] {processor.py:925} INFO - DAG(s) '01_master_processing_pipeline' retrieved from /opt/airflow/dags/master_processing_dag.py
[2026-03-06T09:52:18.147+0000] {logging_mixin.py:190} INFO - [2026-03-06T09:52:18.147+0000] {dag.py:3239} INFO - Sync 1 DAGs
[2026-03-06T09:52:18.188+0000] {logging_mixin.py:190} INFO - [2026-03-06T09:52:18.187+0000] {dag.py:4180} INFO - Setting next_dagrun for 01_master_processing_pipeline to 2026-03-06 00:00:00+00:00, run_after=2026-03-07 00:00:00+00:00
[2026-03-06T09:52:18.223+0000] {processor.py:208} INFO - Processing /opt/airflow/dags/master_processing_dag.py took 0.186 seconds
[2026-03-06T09:52:48.690+0000] {processor.py:186} INFO - Started process (PID=4783) to work on /opt/airflow/dags/master_processing_dag.py
[2026-03-06T09:52:48.692+0000] {processor.py:914} INFO - Processing file /opt/airflow/dags/master_processing_dag.py for tasks to queue
[2026-03-06T09:52:48.694+0000] {logging_mixin.py:190} INFO - [2026-03-06T09:52:48.694+0000] {dagbag.py:588} INFO - Filling up the DagBag from /opt/airflow/dags/master_processing_dag.py
[2026-03-06T09:52:48.738+0000] {processor.py:925} INFO - DAG(s) '01_master_processing_pipeline' retrieved from /opt/airflow/dags/master_processing_dag.py
[2026-03-06T09:52:48.780+0000] {logging_mixin.py:190} INFO - [2026-03-06T09:52:48.780+0000] {dag.py:3239} INFO - Sync 1 DAGs
[2026-03-06T09:52:48.814+0000] {logging_mixin.py:190} INFO - [2026-03-06T09:52:48.814+0000] {dag.py:4180} INFO - Setting next_dagrun for 01_master_processing_pipeline to 2026-03-06 00:00:00+00:00, run_after=2026-03-07 00:00:00+00:00
[2026-03-06T09:52:48.855+0000] {processor.py:208} INFO - Processing /opt/airflow/dags/master_processing_dag.py took 0.180 seconds
[2026-03-06T09:53:19.102+0000] {processor.py:186} INFO - Started process (PID=4793) to work on /opt/airflow/dags/master_processing_dag.py
[2026-03-06T09:53:19.106+0000] {processor.py:914} INFO - Processing file /opt/airflow/dags/master_processing_dag.py for tasks to queue
[2026-03-06T09:53:19.109+0000] {logging_mixin.py:190} INFO - [2026-03-06T09:53:19.108+0000] {dagbag.py:588} INFO - Filling up the DagBag from /opt/airflow/dags/master_processing_dag.py
[2026-03-06T09:53:19.139+0000] {processor.py:925} INFO - DAG(s) '01_master_processing_pipeline' retrieved from /opt/airflow/dags/master_processing_dag.py
[2026-03-06T09:53:19.183+0000] {logging_mixin.py:190} INFO - [2026-03-06T09:53:19.183+0000] {dag.py:3239} INFO - Sync 1 DAGs
[2026-03-06T09:53:19.221+0000] {logging_mixin.py:190} INFO - [2026-03-06T09:53:19.221+0000] {dag.py:4180} INFO - Setting next_dagrun for 01_master_processing_pipeline to 2026-03-06 00:00:00+00:00, run_after=2026-03-07 00:00:00+00:00
[2026-03-06T09:53:19.260+0000] {processor.py:208} INFO - Processing /opt/airflow/dags/master_processing_dag.py took 0.168 seconds
[2026-03-06T09:53:49.717+0000] {processor.py:186} INFO - Started process (PID=4803) to work on /opt/airflow/dags/master_processing_dag.py
[2026-03-06T09:53:49.719+0000] {processor.py:914} INFO - Processing file /opt/airflow/dags/master_processing_dag.py for tasks to queue
[2026-03-06T09:53:49.723+0000] {logging_mixin.py:190} INFO - [2026-03-06T09:53:49.722+0000] {dagbag.py:588} INFO - Filling up the DagBag from /opt/airflow/dags/master_processing_dag.py
[2026-03-06T09:53:49.763+0000] {processor.py:925} INFO - DAG(s) '01_master_processing_pipeline' retrieved from /opt/airflow/dags/master_processing_dag.py
[2026-03-06T09:53:49.807+0000] {logging_mixin.py:190} INFO - [2026-03-06T09:53:49.806+0000] {dag.py:3239} INFO - Sync 1 DAGs
[2026-03-06T09:53:49.855+0000] {logging_mixin.py:190} INFO - [2026-03-06T09:53:49.854+0000] {dag.py:4180} INFO - Setting next_dagrun for 01_master_processing_pipeline to 2026-03-06 00:00:00+00:00, run_after=2026-03-07 00:00:00+00:00
[2026-03-06T09:53:49.890+0000] {processor.py:208} INFO - Processing /opt/airflow/dags/master_processing_dag.py took 0.182 seconds
[2026-03-06T09:54:20.429+0000] {processor.py:186} INFO - Started process (PID=4813) to work on /opt/airflow/dags/master_processing_dag.py
[2026-03-06T09:54:20.431+0000] {processor.py:914} INFO - Processing file /opt/airflow/dags/master_processing_dag.py for tasks to queue
[2026-03-06T09:54:20.433+0000] {logging_mixin.py:190} INFO - [2026-03-06T09:54:20.433+0000] {dagbag.py:588} INFO - Filling up the DagBag from /opt/airflow/dags/master_processing_dag.py
[2026-03-06T09:54:20.460+0000] {processor.py:925} INFO - DAG(s) '01_master_processing_pipeline' retrieved from /opt/airflow/dags/master_processing_dag.py
[2026-03-06T09:54:20.504+0000] {logging_mixin.py:190} INFO - [2026-03-06T09:54:20.504+0000] {dag.py:3239} INFO - Sync 1 DAGs
[2026-03-06T09:54:20.540+0000] {logging_mixin.py:190} INFO - [2026-03-06T09:54:20.539+0000] {dag.py:4180} INFO - Setting next_dagrun for 01_master_processing_pipeline to 2026-03-06 00:00:00+00:00, run_after=2026-03-07 00:00:00+00:00
[2026-03-06T09:54:20.572+0000] {processor.py:208} INFO - Processing /opt/airflow/dags/master_processing_dag.py took 0.152 seconds
[2026-03-06T09:54:50.871+0000] {processor.py:186} INFO - Started process (PID=4823) to work on /opt/airflow/dags/master_processing_dag.py
[2026-03-06T09:54:50.872+0000] {processor.py:914} INFO - Processing file /opt/airflow/dags/master_processing_dag.py for tasks to queue
[2026-03-06T09:54:50.874+0000] {logging_mixin.py:190} INFO - [2026-03-06T09:54:50.874+0000] {dagbag.py:588} INFO - Filling up the DagBag from /opt/airflow/dags/master_processing_dag.py
[2026-03-06T09:54:50.907+0000] {processor.py:925} INFO - DAG(s) '01_master_processing_pipeline' retrieved from /opt/airflow/dags/master_processing_dag.py
[2026-03-06T09:54:50.949+0000] {logging_mixin.py:190} INFO - [2026-03-06T09:54:50.949+0000] {dag.py:3239} INFO - Sync 1 DAGs
[2026-03-06T09:54:50.992+0000] {logging_mixin.py:190} INFO - [2026-03-06T09:54:50.992+0000] {dag.py:4180} INFO - Setting next_dagrun for 01_master_processing_pipeline to 2026-03-06 00:00:00+00:00, run_after=2026-03-07 00:00:00+00:00
[2026-03-06T09:54:51.029+0000] {processor.py:208} INFO - Processing /opt/airflow/dags/master_processing_dag.py took 0.168 seconds
[2026-03-06T09:55:21.489+0000] {processor.py:186} INFO - Started process (PID=4833) to work on /opt/airflow/dags/master_processing_dag.py
[2026-03-06T09:55:21.490+0000] {processor.py:914} INFO - Processing file /opt/airflow/dags/master_processing_dag.py for tasks to queue
[2026-03-06T09:55:21.492+0000] {logging_mixin.py:190} INFO - [2026-03-06T09:55:21.492+0000] {dagbag.py:588} INFO - Filling up the DagBag from /opt/airflow/dags/master_processing_dag.py
[2026-03-06T09:55:21.525+0000] {processor.py:925} INFO - DAG(s) '01_master_processing_pipeline' retrieved from /opt/airflow/dags/master_processing_dag.py
[2026-03-06T09:55:21.572+0000] {logging_mixin.py:190} INFO - [2026-03-06T09:55:21.572+0000] {dag.py:3239} INFO - Sync 1 DAGs
[2026-03-06T09:55:21.613+0000] {logging_mixin.py:190} INFO - [2026-03-06T09:55:21.613+0000] {dag.py:4180} INFO - Setting next_dagrun for 01_master_processing_pipeline to 2026-03-06 00:00:00+00:00, run_after=2026-03-07 00:00:00+00:00
[2026-03-06T09:55:21.651+0000] {processor.py:208} INFO - Processing /opt/airflow/dags/master_processing_dag.py took 0.171 seconds
[2026-03-06T09:55:52.129+0000] {processor.py:186} INFO - Started process (PID=4843) to work on /opt/airflow/dags/master_processing_dag.py
[2026-03-06T09:55:52.131+0000] {processor.py:914} INFO - Processing file /opt/airflow/dags/master_processing_dag.py for tasks to queue
[2026-03-06T09:55:52.134+0000] {logging_mixin.py:190} INFO - [2026-03-06T09:55:52.133+0000] {dagbag.py:588} INFO - Filling up the DagBag from /opt/airflow/dags/master_processing_dag.py
[2026-03-06T09:55:52.180+0000] {processor.py:925} INFO - DAG(s) '01_master_processing_pipeline' retrieved from /opt/airflow/dags/master_processing_dag.py
[2026-03-06T09:55:52.232+0000] {logging_mixin.py:190} INFO - [2026-03-06T09:55:52.232+0000] {dag.py:3239} INFO - Sync 1 DAGs
[2026-03-06T09:55:52.294+0000] {logging_mixin.py:190} INFO - [2026-03-06T09:55:52.294+0000] {dag.py:4180} INFO - Setting next_dagrun for 01_master_processing_pipeline to 2026-03-06 00:00:00+00:00, run_after=2026-03-07 00:00:00+00:00
[2026-03-06T09:55:52.346+0000] {processor.py:208} INFO - Processing /opt/airflow/dags/master_processing_dag.py took 0.229 seconds
[2026-03-06T09:56:22.541+0000] {processor.py:186} INFO - Started process (PID=4853) to work on /opt/airflow/dags/master_processing_dag.py
[2026-03-06T09:56:22.543+0000] {processor.py:914} INFO - Processing file /opt/airflow/dags/master_processing_dag.py for tasks to queue
[2026-03-06T09:56:22.547+0000] {logging_mixin.py:190} INFO - [2026-03-06T09:56:22.546+0000] {dagbag.py:588} INFO - Filling up the DagBag from /opt/airflow/dags/master_processing_dag.py
[2026-03-06T09:56:22.590+0000] {processor.py:925} INFO - DAG(s) '01_master_processing_pipeline' retrieved from /opt/airflow/dags/master_processing_dag.py
[2026-03-06T09:56:22.640+0000] {logging_mixin.py:190} INFO - [2026-03-06T09:56:22.640+0000] {dag.py:3239} INFO - Sync 1 DAGs
[2026-03-06T09:56:22.683+0000] {logging_mixin.py:190} INFO - [2026-03-06T09:56:22.682+0000] {dag.py:4180} INFO - Setting next_dagrun for 01_master_processing_pipeline to 2026-03-06 00:00:00+00:00, run_after=2026-03-07 00:00:00+00:00
[2026-03-06T09:56:22.719+0000] {processor.py:208} INFO - Processing /opt/airflow/dags/master_processing_dag.py took 0.193 seconds
[2026-03-06T09:56:53.241+0000] {processor.py:186} INFO - Started process (PID=4863) to work on /opt/airflow/dags/master_processing_dag.py
[2026-03-06T09:56:53.243+0000] {processor.py:914} INFO - Processing file /opt/airflow/dags/master_processing_dag.py for tasks to queue
[2026-03-06T09:56:53.245+0000] {logging_mixin.py:190} INFO - [2026-03-06T09:56:53.245+0000] {dagbag.py:588} INFO - Filling up the DagBag from /opt/airflow/dags/master_processing_dag.py
[2026-03-06T09:56:53.285+0000] {processor.py:925} INFO - DAG(s) '01_master_processing_pipeline' retrieved from /opt/airflow/dags/master_processing_dag.py
[2026-03-06T09:56:53.329+0000] {logging_mixin.py:190} INFO - [2026-03-06T09:56:53.329+0000] {dag.py:3239} INFO - Sync 1 DAGs
[2026-03-06T09:56:53.366+0000] {logging_mixin.py:190} INFO - [2026-03-06T09:56:53.365+0000] {dag.py:4180} INFO - Setting next_dagrun for 01_master_processing_pipeline to 2026-03-06 00:00:00+00:00, run_after=2026-03-07 00:00:00+00:00
[2026-03-06T09:56:53.405+0000] {processor.py:208} INFO - Processing /opt/airflow/dags/master_processing_dag.py took 0.172 seconds
[2026-03-06T09:57:23.665+0000] {processor.py:186} INFO - Started process (PID=4873) to work on /opt/airflow/dags/master_processing_dag.py
[2026-03-06T09:57:23.667+0000] {processor.py:914} INFO - Processing file /opt/airflow/dags/master_processing_dag.py for tasks to queue
[2026-03-06T09:57:23.669+0000] {logging_mixin.py:190} INFO - [2026-03-06T09:57:23.669+0000] {dagbag.py:588} INFO - Filling up the DagBag from /opt/airflow/dags/master_processing_dag.py
[2026-03-06T09:57:23.708+0000] {processor.py:925} INFO - DAG(s) '01_master_processing_pipeline' retrieved from /opt/airflow/dags/master_processing_dag.py
[2026-03-06T09:57:23.752+0000] {logging_mixin.py:190} INFO - [2026-03-06T09:57:23.751+0000] {dag.py:3239} INFO - Sync 1 DAGs
[2026-03-06T09:57:23.792+0000] {logging_mixin.py:190} INFO - [2026-03-06T09:57:23.792+0000] {dag.py:4180} INFO - Setting next_dagrun for 01_master_processing_pipeline to 2026-03-06 00:00:00+00:00, run_after=2026-03-07 00:00:00+00:00
[2026-03-06T09:57:23.828+0000] {processor.py:208} INFO - Processing /opt/airflow/dags/master_processing_dag.py took 0.173 seconds
[2026-03-06T09:57:54.269+0000] {processor.py:186} INFO - Started process (PID=4883) to work on /opt/airflow/dags/master_processing_dag.py
[2026-03-06T09:57:54.271+0000] {processor.py:914} INFO - Processing file /opt/airflow/dags/master_processing_dag.py for tasks to queue
[2026-03-06T09:57:54.274+0000] {logging_mixin.py:190} INFO - [2026-03-06T09:57:54.274+0000] {dagbag.py:588} INFO - Filling up the DagBag from /opt/airflow/dags/master_processing_dag.py
[2026-03-06T09:57:54.333+0000] {processor.py:925} INFO - DAG(s) '01_master_processing_pipeline' retrieved from /opt/airflow/dags/master_processing_dag.py
[2026-03-06T09:57:54.395+0000] {logging_mixin.py:190} INFO - [2026-03-06T09:57:54.395+0000] {dag.py:3239} INFO - Sync 1 DAGs
[2026-03-06T09:57:54.445+0000] {logging_mixin.py:190} INFO - [2026-03-06T09:57:54.444+0000] {dag.py:4180} INFO - Setting next_dagrun for 01_master_processing_pipeline to 2026-03-06 00:00:00+00:00, run_after=2026-03-07 00:00:00+00:00
[2026-03-06T09:57:54.484+0000] {processor.py:208} INFO - Processing /opt/airflow/dags/master_processing_dag.py took 0.233 seconds
[2026-03-06T09:58:24.691+0000] {processor.py:186} INFO - Started process (PID=4893) to work on /opt/airflow/dags/master_processing_dag.py
[2026-03-06T09:58:24.693+0000] {processor.py:914} INFO - Processing file /opt/airflow/dags/master_processing_dag.py for tasks to queue
[2026-03-06T09:58:24.697+0000] {logging_mixin.py:190} INFO - [2026-03-06T09:58:24.696+0000] {dagbag.py:588} INFO - Filling up the DagBag from /opt/airflow/dags/master_processing_dag.py
[2026-03-06T09:58:24.734+0000] {processor.py:925} INFO - DAG(s) '01_master_processing_pipeline' retrieved from /opt/airflow/dags/master_processing_dag.py
[2026-03-06T09:58:24.783+0000] {logging_mixin.py:190} INFO - [2026-03-06T09:58:24.783+0000] {dag.py:3239} INFO - Sync 1 DAGs
[2026-03-06T09:58:24.827+0000] {logging_mixin.py:190} INFO - [2026-03-06T09:58:24.827+0000] {dag.py:4180} INFO - Setting next_dagrun for 01_master_processing_pipeline to 2026-03-06 00:00:00+00:00, run_after=2026-03-07 00:00:00+00:00
[2026-03-06T09:58:24.878+0000] {processor.py:208} INFO - Processing /opt/airflow/dags/master_processing_dag.py took 0.195 seconds
[2026-03-06T09:58:55.770+0000] {processor.py:186} INFO - Started process (PID=4903) to work on /opt/airflow/dags/master_processing_dag.py
[2026-03-06T09:58:55.772+0000] {processor.py:914} INFO - Processing file /opt/airflow/dags/master_processing_dag.py for tasks to queue
[2026-03-06T09:58:55.775+0000] {logging_mixin.py:190} INFO - [2026-03-06T09:58:55.774+0000] {dagbag.py:588} INFO - Filling up the DagBag from /opt/airflow/dags/master_processing_dag.py
[2026-03-06T09:58:55.802+0000] {processor.py:925} INFO - DAG(s) '01_master_processing_pipeline' retrieved from /opt/airflow/dags/master_processing_dag.py
[2026-03-06T09:58:55.850+0000] {logging_mixin.py:190} INFO - [2026-03-06T09:58:55.849+0000] {dag.py:3239} INFO - Sync 1 DAGs
[2026-03-06T09:58:55.889+0000] {logging_mixin.py:190} INFO - [2026-03-06T09:58:55.889+0000] {dag.py:4180} INFO - Setting next_dagrun for 01_master_processing_pipeline to 2026-03-06 00:00:00+00:00, run_after=2026-03-07 00:00:00+00:00
[2026-03-06T09:58:55.934+0000] {processor.py:208} INFO - Processing /opt/airflow/dags/master_processing_dag.py took 0.173 seconds
[2026-03-06T09:59:26.640+0000] {processor.py:186} INFO - Started process (PID=4913) to work on /opt/airflow/dags/master_processing_dag.py
[2026-03-06T09:59:26.642+0000] {processor.py:914} INFO - Processing file /opt/airflow/dags/master_processing_dag.py for tasks to queue
[2026-03-06T09:59:26.644+0000] {logging_mixin.py:190} INFO - [2026-03-06T09:59:26.643+0000] {dagbag.py:588} INFO - Filling up the DagBag from /opt/airflow/dags/master_processing_dag.py
[2026-03-06T09:59:26.673+0000] {processor.py:925} INFO - DAG(s) '01_master_processing_pipeline' retrieved from /opt/airflow/dags/master_processing_dag.py
[2026-03-06T09:59:26.721+0000] {logging_mixin.py:190} INFO - [2026-03-06T09:59:26.720+0000] {dag.py:3239} INFO - Sync 1 DAGs
[2026-03-06T09:59:26.761+0000] {logging_mixin.py:190} INFO - [2026-03-06T09:59:26.761+0000] {dag.py:4180} INFO - Setting next_dagrun for 01_master_processing_pipeline to 2026-03-06 00:00:00+00:00, run_after=2026-03-07 00:00:00+00:00
[2026-03-06T09:59:26.797+0000] {processor.py:208} INFO - Processing /opt/airflow/dags/master_processing_dag.py took 0.164 seconds
[2026-03-06T09:59:57.115+0000] {processor.py:186} INFO - Started process (PID=4923) to work on /opt/airflow/dags/master_processing_dag.py
[2026-03-06T09:59:57.117+0000] {processor.py:914} INFO - Processing file /opt/airflow/dags/master_processing_dag.py for tasks to queue
[2026-03-06T09:59:57.119+0000] {logging_mixin.py:190} INFO - [2026-03-06T09:59:57.118+0000] {dagbag.py:588} INFO - Filling up the DagBag from /opt/airflow/dags/master_processing_dag.py
[2026-03-06T09:59:57.148+0000] {processor.py:925} INFO - DAG(s) '01_master_processing_pipeline' retrieved from /opt/airflow/dags/master_processing_dag.py
[2026-03-06T09:59:57.197+0000] {logging_mixin.py:190} INFO - [2026-03-06T09:59:57.197+0000] {dag.py:3239} INFO - Sync 1 DAGs
[2026-03-06T09:59:57.245+0000] {logging_mixin.py:190} INFO - [2026-03-06T09:59:57.245+0000] {dag.py:4180} INFO - Setting next_dagrun for 01_master_processing_pipeline to 2026-03-06 00:00:00+00:00, run_after=2026-03-07 00:00:00+00:00
[2026-03-06T09:59:57.281+0000] {processor.py:208} INFO - Processing /opt/airflow/dags/master_processing_dag.py took 0.178 seconds
[2026-03-06T10:00:27.677+0000] {processor.py:186} INFO - Started process (PID=4933) to work on /opt/airflow/dags/master_processing_dag.py
[2026-03-06T10:00:27.679+0000] {processor.py:914} INFO - Processing file /opt/airflow/dags/master_processing_dag.py for tasks to queue
[2026-03-06T10:00:27.681+0000] {logging_mixin.py:190} INFO - [2026-03-06T10:00:27.681+0000] {dagbag.py:588} INFO - Filling up the DagBag from /opt/airflow/dags/master_processing_dag.py
[2026-03-06T10:00:27.722+0000] {processor.py:925} INFO - DAG(s) '01_master_processing_pipeline' retrieved from /opt/airflow/dags/master_processing_dag.py
[2026-03-06T10:00:27.774+0000] {logging_mixin.py:190} INFO - [2026-03-06T10:00:27.774+0000] {dag.py:3239} INFO - Sync 1 DAGs
[2026-03-06T10:00:27.811+0000] {logging_mixin.py:190} INFO - [2026-03-06T10:00:27.810+0000] {dag.py:4180} INFO - Setting next_dagrun for 01_master_processing_pipeline to 2026-03-06 00:00:00+00:00, run_after=2026-03-07 00:00:00+00:00
[2026-03-06T10:00:27.847+0000] {processor.py:208} INFO - Processing /opt/airflow/dags/master_processing_dag.py took 0.181 seconds
[2026-03-06T10:00:58.056+0000] {processor.py:186} INFO - Started process (PID=4943) to work on /opt/airflow/dags/master_processing_dag.py
[2026-03-06T10:00:58.058+0000] {processor.py:914} INFO - Processing file /opt/airflow/dags/master_processing_dag.py for tasks to queue
[2026-03-06T10:00:58.059+0000] {logging_mixin.py:190} INFO - [2026-03-06T10:00:58.059+0000] {dagbag.py:588} INFO - Filling up the DagBag from /opt/airflow/dags/master_processing_dag.py
[2026-03-06T10:00:58.089+0000] {processor.py:925} INFO - DAG(s) '01_master_processing_pipeline' retrieved from /opt/airflow/dags/master_processing_dag.py
[2026-03-06T10:00:58.137+0000] {logging_mixin.py:190} INFO - [2026-03-06T10:00:58.137+0000] {dag.py:3239} INFO - Sync 1 DAGs
[2026-03-06T10:00:58.175+0000] {logging_mixin.py:190} INFO - [2026-03-06T10:00:58.175+0000] {dag.py:4180} INFO - Setting next_dagrun for 01_master_processing_pipeline to 2026-03-06 00:00:00+00:00, run_after=2026-03-07 00:00:00+00:00
[2026-03-06T10:00:58.215+0000] {processor.py:208} INFO - Processing /opt/airflow/dags/master_processing_dag.py took 0.166 seconds
[2026-03-06T10:01:28.624+0000] {processor.py:186} INFO - Started process (PID=4953) to work on /opt/airflow/dags/master_processing_dag.py
[2026-03-06T10:01:28.626+0000] {processor.py:914} INFO - Processing file /opt/airflow/dags/master_processing_dag.py for tasks to queue
[2026-03-06T10:01:28.630+0000] {logging_mixin.py:190} INFO - [2026-03-06T10:01:28.629+0000] {dagbag.py:588} INFO - Filling up the DagBag from /opt/airflow/dags/master_processing_dag.py
[2026-03-06T10:01:28.665+0000] {processor.py:925} INFO - DAG(s) '01_master_processing_pipeline' retrieved from /opt/airflow/dags/master_processing_dag.py
[2026-03-06T10:01:28.708+0000] {logging_mixin.py:190} INFO - [2026-03-06T10:01:28.708+0000] {dag.py:3239} INFO - Sync 1 DAGs
[2026-03-06T10:01:28.744+0000] {logging_mixin.py:190} INFO - [2026-03-06T10:01:28.744+0000] {dag.py:4180} INFO - Setting next_dagrun for 01_master_processing_pipeline to 2026-03-06 00:00:00+00:00, run_after=2026-03-07 00:00:00+00:00
[2026-03-06T10:01:28.781+0000] {processor.py:208} INFO - Processing /opt/airflow/dags/master_processing_dag.py took 0.169 seconds
[2026-03-06T10:01:59.161+0000] {processor.py:186} INFO - Started process (PID=4963) to work on /opt/airflow/dags/master_processing_dag.py
[2026-03-06T10:01:59.162+0000] {processor.py:914} INFO - Processing file /opt/airflow/dags/master_processing_dag.py for tasks to queue
[2026-03-06T10:01:59.164+0000] {logging_mixin.py:190} INFO - [2026-03-06T10:01:59.163+0000] {dagbag.py:588} INFO - Filling up the DagBag from /opt/airflow/dags/master_processing_dag.py
[2026-03-06T10:01:59.196+0000] {processor.py:925} INFO - DAG(s) '01_master_processing_pipeline' retrieved from /opt/airflow/dags/master_processing_dag.py
[2026-03-06T10:01:59.254+0000] {logging_mixin.py:190} INFO - [2026-03-06T10:01:59.254+0000] {dag.py:3239} INFO - Sync 1 DAGs
[2026-03-06T10:01:59.298+0000] {logging_mixin.py:190} INFO - [2026-03-06T10:01:59.298+0000] {dag.py:4180} INFO - Setting next_dagrun for 01_master_processing_pipeline to 2026-03-06 00:00:00+00:00, run_after=2026-03-07 00:00:00+00:00
[2026-03-06T10:01:59.329+0000] {processor.py:208} INFO - Processing /opt/airflow/dags/master_processing_dag.py took 0.177 seconds
[2026-03-06T10:02:29.551+0000] {processor.py:186} INFO - Started process (PID=4973) to work on /opt/airflow/dags/master_processing_dag.py
[2026-03-06T10:02:29.553+0000] {processor.py:914} INFO - Processing file /opt/airflow/dags/master_processing_dag.py for tasks to queue
[2026-03-06T10:02:29.555+0000] {logging_mixin.py:190} INFO - [2026-03-06T10:02:29.554+0000] {dagbag.py:588} INFO - Filling up the DagBag from /opt/airflow/dags/master_processing_dag.py
[2026-03-06T10:02:29.597+0000] {processor.py:925} INFO - DAG(s) '01_master_processing_pipeline' retrieved from /opt/airflow/dags/master_processing_dag.py
[2026-03-06T10:02:29.653+0000] {logging_mixin.py:190} INFO - [2026-03-06T10:02:29.653+0000] {dag.py:3239} INFO - Sync 1 DAGs
[2026-03-06T10:02:29.701+0000] {logging_mixin.py:190} INFO - [2026-03-06T10:02:29.701+0000] {dag.py:4180} INFO - Setting next_dagrun for 01_master_processing_pipeline to 2026-03-06 00:00:00+00:00, run_after=2026-03-07 00:00:00+00:00
[2026-03-06T10:02:29.853+0000] {processor.py:208} INFO - Processing /opt/airflow/dags/master_processing_dag.py took 0.316 seconds
[2026-03-06T10:03:00.197+0000] {processor.py:186} INFO - Started process (PID=4983) to work on /opt/airflow/dags/master_processing_dag.py
[2026-03-06T10:03:00.199+0000] {processor.py:914} INFO - Processing file /opt/airflow/dags/master_processing_dag.py for tasks to queue
[2026-03-06T10:03:00.201+0000] {logging_mixin.py:190} INFO - [2026-03-06T10:03:00.200+0000] {dagbag.py:588} INFO - Filling up the DagBag from /opt/airflow/dags/master_processing_dag.py
[2026-03-06T10:03:00.233+0000] {processor.py:925} INFO - DAG(s) '01_master_processing_pipeline' retrieved from /opt/airflow/dags/master_processing_dag.py
[2026-03-06T10:03:00.277+0000] {logging_mixin.py:190} INFO - [2026-03-06T10:03:00.277+0000] {dag.py:3239} INFO - Sync 1 DAGs
[2026-03-06T10:03:00.313+0000] {logging_mixin.py:190} INFO - [2026-03-06T10:03:00.313+0000] {dag.py:4180} INFO - Setting next_dagrun for 01_master_processing_pipeline to 2026-03-06 00:00:00+00:00, run_after=2026-03-07 00:00:00+00:00
[2026-03-06T10:03:00.349+0000] {processor.py:208} INFO - Processing /opt/airflow/dags/master_processing_dag.py took 0.159 seconds
[2026-03-06T10:03:30.558+0000] {processor.py:186} INFO - Started process (PID=4993) to work on /opt/airflow/dags/master_processing_dag.py
[2026-03-06T10:03:30.559+0000] {processor.py:914} INFO - Processing file /opt/airflow/dags/master_processing_dag.py for tasks to queue
[2026-03-06T10:03:30.562+0000] {logging_mixin.py:190} INFO - [2026-03-06T10:03:30.561+0000] {dagbag.py:588} INFO - Filling up the DagBag from /opt/airflow/dags/master_processing_dag.py
[2026-03-06T10:03:30.593+0000] {processor.py:925} INFO - DAG(s) '01_master_processing_pipeline' retrieved from /opt/airflow/dags/master_processing_dag.py
[2026-03-06T10:03:30.646+0000] {logging_mixin.py:190} INFO - [2026-03-06T10:03:30.645+0000] {dag.py:3239} INFO - Sync 1 DAGs
[2026-03-06T10:03:30.689+0000] {logging_mixin.py:190} INFO - [2026-03-06T10:03:30.689+0000] {dag.py:4180} INFO - Setting next_dagrun for 01_master_processing_pipeline to 2026-03-06 00:00:00+00:00, run_after=2026-03-07 00:00:00+00:00
[2026-03-06T10:03:30.721+0000] {processor.py:208} INFO - Processing /opt/airflow/dags/master_processing_dag.py took 0.171 seconds
[2026-03-06T10:04:01.046+0000] {processor.py:186} INFO - Started process (PID=5003) to work on /opt/airflow/dags/master_processing_dag.py
[2026-03-06T10:04:01.048+0000] {processor.py:914} INFO - Processing file /opt/airflow/dags/master_processing_dag.py for tasks to queue
[2026-03-06T10:04:01.049+0000] {logging_mixin.py:190} INFO - [2026-03-06T10:04:01.049+0000] {dagbag.py:588} INFO - Filling up the DagBag from /opt/airflow/dags/master_processing_dag.py
[2026-03-06T10:04:01.080+0000] {processor.py:925} INFO - DAG(s) '01_master_processing_pipeline' retrieved from /opt/airflow/dags/master_processing_dag.py
[2026-03-06T10:04:01.123+0000] {logging_mixin.py:190} INFO - [2026-03-06T10:04:01.123+0000] {dag.py:3239} INFO - Sync 1 DAGs
[2026-03-06T10:04:01.159+0000] {logging_mixin.py:190} INFO - [2026-03-06T10:04:01.159+0000] {dag.py:4180} INFO - Setting next_dagrun for 01_master_processing_pipeline to 2026-03-06 00:00:00+00:00, run_after=2026-03-07 00:00:00+00:00
[2026-03-06T10:04:01.206+0000] {processor.py:208} INFO - Processing /opt/airflow/dags/master_processing_dag.py took 0.169 seconds
[2026-03-06T10:04:31.614+0000] {processor.py:186} INFO - Started process (PID=5013) to work on /opt/airflow/dags/master_processing_dag.py
[2026-03-06T10:04:31.616+0000] {processor.py:914} INFO - Processing file /opt/airflow/dags/master_processing_dag.py for tasks to queue
[2026-03-06T10:04:31.618+0000] {logging_mixin.py:190} INFO - [2026-03-06T10:04:31.617+0000] {dagbag.py:588} INFO - Filling up the DagBag from /opt/airflow/dags/master_processing_dag.py
[2026-03-06T10:04:31.653+0000] {processor.py:925} INFO - DAG(s) '01_master_processing_pipeline' retrieved from /opt/airflow/dags/master_processing_dag.py
[2026-03-06T10:04:31.706+0000] {logging_mixin.py:190} INFO - [2026-03-06T10:04:31.705+0000] {dag.py:3239} INFO - Sync 1 DAGs
[2026-03-06T10:04:31.747+0000] {logging_mixin.py:190} INFO - [2026-03-06T10:04:31.747+0000] {dag.py:4180} INFO - Setting next_dagrun for 01_master_processing_pipeline to 2026-03-06 00:00:00+00:00, run_after=2026-03-07 00:00:00+00:00
[2026-03-06T10:04:31.784+0000] {processor.py:208} INFO - Processing /opt/airflow/dags/master_processing_dag.py took 0.183 seconds
[2026-03-06T10:05:01.997+0000] {processor.py:186} INFO - Started process (PID=5023) to work on /opt/airflow/dags/master_processing_dag.py
[2026-03-06T10:05:01.999+0000] {processor.py:914} INFO - Processing file /opt/airflow/dags/master_processing_dag.py for tasks to queue
[2026-03-06T10:05:02.001+0000] {logging_mixin.py:190} INFO - [2026-03-06T10:05:02.000+0000] {dagbag.py:588} INFO - Filling up the DagBag from /opt/airflow/dags/master_processing_dag.py
[2026-03-06T10:05:02.024+0000] {processor.py:925} INFO - DAG(s) '01_master_processing_pipeline' retrieved from /opt/airflow/dags/master_processing_dag.py
[2026-03-06T10:05:02.070+0000] {logging_mixin.py:190} INFO - [2026-03-06T10:05:02.070+0000] {dag.py:3239} INFO - Sync 1 DAGs
[2026-03-06T10:05:02.103+0000] {logging_mixin.py:190} INFO - [2026-03-06T10:05:02.103+0000] {dag.py:4180} INFO - Setting next_dagrun for 01_master_processing_pipeline to 2026-03-06 00:00:00+00:00, run_after=2026-03-07 00:00:00+00:00
[2026-03-06T10:05:02.141+0000] {processor.py:208} INFO - Processing /opt/airflow/dags/master_processing_dag.py took 0.154 seconds
[2026-03-06T10:05:32.470+0000] {processor.py:186} INFO - Started process (PID=5033) to work on /opt/airflow/dags/master_processing_dag.py
[2026-03-06T10:05:32.471+0000] {processor.py:914} INFO - Processing file /opt/airflow/dags/master_processing_dag.py for tasks to queue
[2026-03-06T10:05:32.474+0000] {logging_mixin.py:190} INFO - [2026-03-06T10:05:32.473+0000] {dagbag.py:588} INFO - Filling up the DagBag from /opt/airflow/dags/master_processing_dag.py
[2026-03-06T10:05:32.499+0000] {processor.py:925} INFO - DAG(s) '01_master_processing_pipeline' retrieved from /opt/airflow/dags/master_processing_dag.py
[2026-03-06T10:05:32.544+0000] {logging_mixin.py:190} INFO - [2026-03-06T10:05:32.544+0000] {dag.py:3239} INFO - Sync 1 DAGs
[2026-03-06T10:05:32.583+0000] {logging_mixin.py:190} INFO - [2026-03-06T10:05:32.582+0000] {dag.py:4180} INFO - Setting next_dagrun for 01_master_processing_pipeline to 2026-03-06 00:00:00+00:00, run_after=2026-03-07 00:00:00+00:00
[2026-03-06T10:05:32.613+0000] {processor.py:208} INFO - Processing /opt/airflow/dags/master_processing_dag.py took 0.151 seconds
[2026-03-06T10:06:02.817+0000] {processor.py:186} INFO - Started process (PID=5043) to work on /opt/airflow/dags/master_processing_dag.py
[2026-03-06T10:06:02.819+0000] {processor.py:914} INFO - Processing file /opt/airflow/dags/master_processing_dag.py for tasks to queue
[2026-03-06T10:06:02.822+0000] {logging_mixin.py:190} INFO - [2026-03-06T10:06:02.821+0000] {dagbag.py:588} INFO - Filling up the DagBag from /opt/airflow/dags/master_processing_dag.py
[2026-03-06T10:06:02.854+0000] {processor.py:925} INFO - DAG(s) '01_master_processing_pipeline' retrieved from /opt/airflow/dags/master_processing_dag.py
[2026-03-06T10:06:02.892+0000] {logging_mixin.py:190} INFO - [2026-03-06T10:06:02.891+0000] {dag.py:3239} INFO - Sync 1 DAGs
[2026-03-06T10:06:02.930+0000] {logging_mixin.py:190} INFO - [2026-03-06T10:06:02.929+0000] {dag.py:4180} INFO - Setting next_dagrun for 01_master_processing_pipeline to 2026-03-06 00:00:00+00:00, run_after=2026-03-07 00:00:00+00:00
[2026-03-06T10:06:02.961+0000] {processor.py:208} INFO - Processing /opt/airflow/dags/master_processing_dag.py took 0.151 seconds
[2026-03-06T10:06:33.380+0000] {processor.py:186} INFO - Started process (PID=5053) to work on /opt/airflow/dags/master_processing_dag.py
[2026-03-06T10:06:33.384+0000] {processor.py:914} INFO - Processing file /opt/airflow/dags/master_processing_dag.py for tasks to queue
[2026-03-06T10:06:33.387+0000] {logging_mixin.py:190} INFO - [2026-03-06T10:06:33.386+0000] {dagbag.py:588} INFO - Filling up the DagBag from /opt/airflow/dags/master_processing_dag.py
[2026-03-06T10:06:33.421+0000] {processor.py:925} INFO - DAG(s) '01_master_processing_pipeline' retrieved from /opt/airflow/dags/master_processing_dag.py
[2026-03-06T10:06:33.467+0000] {logging_mixin.py:190} INFO - [2026-03-06T10:06:33.467+0000] {dag.py:3239} INFO - Sync 1 DAGs
[2026-03-06T10:06:33.507+0000] {logging_mixin.py:190} INFO - [2026-03-06T10:06:33.506+0000] {dag.py:4180} INFO - Setting next_dagrun for 01_master_processing_pipeline to 2026-03-06 00:00:00+00:00, run_after=2026-03-07 00:00:00+00:00
[2026-03-06T10:06:33.542+0000] {processor.py:208} INFO - Processing /opt/airflow/dags/master_processing_dag.py took 0.172 seconds
[2026-03-06T10:07:03.751+0000] {processor.py:186} INFO - Started process (PID=5063) to work on /opt/airflow/dags/master_processing_dag.py
[2026-03-06T10:07:03.753+0000] {processor.py:914} INFO - Processing file /opt/airflow/dags/master_processing_dag.py for tasks to queue
[2026-03-06T10:07:03.754+0000] {logging_mixin.py:190} INFO - [2026-03-06T10:07:03.754+0000] {dagbag.py:588} INFO - Filling up the DagBag from /opt/airflow/dags/master_processing_dag.py
[2026-03-06T10:07:03.782+0000] {processor.py:925} INFO - DAG(s) '01_master_processing_pipeline' retrieved from /opt/airflow/dags/master_processing_dag.py
[2026-03-06T10:07:03.829+0000] {logging_mixin.py:190} INFO - [2026-03-06T10:07:03.828+0000] {dag.py:3239} INFO - Sync 1 DAGs
[2026-03-06T10:07:03.870+0000] {logging_mixin.py:190} INFO - [2026-03-06T10:07:03.870+0000] {dag.py:4180} INFO - Setting next_dagrun for 01_master_processing_pipeline to 2026-03-06 00:00:00+00:00, run_after=2026-03-07 00:00:00+00:00
[2026-03-06T10:07:03.909+0000] {processor.py:208} INFO - Processing /opt/airflow/dags/master_processing_dag.py took 0.167 seconds
[2026-03-06T10:07:34.343+0000] {processor.py:186} INFO - Started process (PID=5073) to work on /opt/airflow/dags/master_processing_dag.py
[2026-03-06T10:07:34.345+0000] {processor.py:914} INFO - Processing file /opt/airflow/dags/master_processing_dag.py for tasks to queue
[2026-03-06T10:07:34.347+0000] {logging_mixin.py:190} INFO - [2026-03-06T10:07:34.347+0000] {dagbag.py:588} INFO - Filling up the DagBag from /opt/airflow/dags/master_processing_dag.py
[2026-03-06T10:07:34.379+0000] {processor.py:925} INFO - DAG(s) '01_master_processing_pipeline' retrieved from /opt/airflow/dags/master_processing_dag.py
[2026-03-06T10:07:34.424+0000] {logging_mixin.py:190} INFO - [2026-03-06T10:07:34.424+0000] {dag.py:3239} INFO - Sync 1 DAGs
[2026-03-06T10:07:34.462+0000] {logging_mixin.py:190} INFO - [2026-03-06T10:07:34.461+0000] {dag.py:4180} INFO - Setting next_dagrun for 01_master_processing_pipeline to 2026-03-06 00:00:00+00:00, run_after=2026-03-07 00:00:00+00:00
[2026-03-06T10:07:34.501+0000] {processor.py:208} INFO - Processing /opt/airflow/dags/master_processing_dag.py took 0.169 seconds
[2026-03-06T10:08:04.725+0000] {processor.py:186} INFO - Started process (PID=5083) to work on /opt/airflow/dags/master_processing_dag.py
[2026-03-06T10:08:04.730+0000] {processor.py:914} INFO - Processing file /opt/airflow/dags/master_processing_dag.py for tasks to queue
[2026-03-06T10:08:04.733+0000] {logging_mixin.py:190} INFO - [2026-03-06T10:08:04.732+0000] {dagbag.py:588} INFO - Filling up the DagBag from /opt/airflow/dags/master_processing_dag.py
[2026-03-06T10:08:04.768+0000] {processor.py:925} INFO - DAG(s) '01_master_processing_pipeline' retrieved from /opt/airflow/dags/master_processing_dag.py
[2026-03-06T10:08:04.815+0000] {logging_mixin.py:190} INFO - [2026-03-06T10:08:04.814+0000] {dag.py:3239} INFO - Sync 1 DAGs
[2026-03-06T10:08:04.866+0000] {logging_mixin.py:190} INFO - [2026-03-06T10:08:04.865+0000] {dag.py:4180} INFO - Setting next_dagrun for 01_master_processing_pipeline to 2026-03-06 00:00:00+00:00, run_after=2026-03-07 00:00:00+00:00
[2026-03-06T10:08:04.899+0000] {processor.py:208} INFO - Processing /opt/airflow/dags/master_processing_dag.py took 0.183 seconds
[2026-03-06T10:08:35.225+0000] {processor.py:186} INFO - Started process (PID=5093) to work on /opt/airflow/dags/master_processing_dag.py
[2026-03-06T10:08:35.226+0000] {processor.py:914} INFO - Processing file /opt/airflow/dags/master_processing_dag.py for tasks to queue
[2026-03-06T10:08:35.227+0000] {logging_mixin.py:190} INFO - [2026-03-06T10:08:35.227+0000] {dagbag.py:588} INFO - Filling up the DagBag from /opt/airflow/dags/master_processing_dag.py
[2026-03-06T10:08:35.254+0000] {processor.py:925} INFO - DAG(s) '01_master_processing_pipeline' retrieved from /opt/airflow/dags/master_processing_dag.py
[2026-03-06T10:08:35.297+0000] {logging_mixin.py:190} INFO - [2026-03-06T10:08:35.297+0000] {dag.py:3239} INFO - Sync 1 DAGs
[2026-03-06T10:08:35.343+0000] {logging_mixin.py:190} INFO - [2026-03-06T10:08:35.343+0000] {dag.py:4180} INFO - Setting next_dagrun for 01_master_processing_pipeline to 2026-03-06 00:00:00+00:00, run_after=2026-03-07 00:00:00+00:00
[2026-03-06T10:08:35.375+0000] {processor.py:208} INFO - Processing /opt/airflow/dags/master_processing_dag.py took 0.159 seconds
[2026-03-06T10:09:05.803+0000] {processor.py:186} INFO - Started process (PID=5103) to work on /opt/airflow/dags/master_processing_dag.py
[2026-03-06T10:09:05.805+0000] {processor.py:914} INFO - Processing file /opt/airflow/dags/master_processing_dag.py for tasks to queue
[2026-03-06T10:09:05.808+0000] {logging_mixin.py:190} INFO - [2026-03-06T10:09:05.807+0000] {dagbag.py:588} INFO - Filling up the DagBag from /opt/airflow/dags/master_processing_dag.py
[2026-03-06T10:09:05.837+0000] {processor.py:925} INFO - DAG(s) '01_master_processing_pipeline' retrieved from /opt/airflow/dags/master_processing_dag.py
[2026-03-06T10:09:05.877+0000] {logging_mixin.py:190} INFO - [2026-03-06T10:09:05.877+0000] {dag.py:3239} INFO - Sync 1 DAGs
[2026-03-06T10:09:05.920+0000] {logging_mixin.py:190} INFO - [2026-03-06T10:09:05.920+0000] {dag.py:4180} INFO - Setting next_dagrun for 01_master_processing_pipeline to 2026-03-06 00:00:00+00:00, run_after=2026-03-07 00:00:00+00:00
[2026-03-06T10:09:05.960+0000] {processor.py:208} INFO - Processing /opt/airflow/dags/master_processing_dag.py took 0.166 seconds
[2026-03-06T10:09:36.199+0000] {processor.py:186} INFO - Started process (PID=5113) to work on /opt/airflow/dags/master_processing_dag.py
[2026-03-06T10:09:36.201+0000] {processor.py:914} INFO - Processing file /opt/airflow/dags/master_processing_dag.py for tasks to queue
[2026-03-06T10:09:36.204+0000] {logging_mixin.py:190} INFO - [2026-03-06T10:09:36.203+0000] {dagbag.py:588} INFO - Filling up the DagBag from /opt/airflow/dags/master_processing_dag.py
[2026-03-06T10:09:36.241+0000] {processor.py:925} INFO - DAG(s) '01_master_processing_pipeline' retrieved from /opt/airflow/dags/master_processing_dag.py
[2026-03-06T10:09:36.286+0000] {logging_mixin.py:190} INFO - [2026-03-06T10:09:36.286+0000] {dag.py:3239} INFO - Sync 1 DAGs
[2026-03-06T10:09:36.327+0000] {logging_mixin.py:190} INFO - [2026-03-06T10:09:36.326+0000] {dag.py:4180} INFO - Setting next_dagrun for 01_master_processing_pipeline to 2026-03-06 00:00:00+00:00, run_after=2026-03-07 00:00:00+00:00
[2026-03-06T10:09:36.366+0000] {processor.py:208} INFO - Processing /opt/airflow/dags/master_processing_dag.py took 0.181 seconds
[2026-03-06T10:10:06.686+0000] {processor.py:186} INFO - Started process (PID=5123) to work on /opt/airflow/dags/master_processing_dag.py
[2026-03-06T10:10:06.688+0000] {processor.py:914} INFO - Processing file /opt/airflow/dags/master_processing_dag.py for tasks to queue
[2026-03-06T10:10:06.691+0000] {logging_mixin.py:190} INFO - [2026-03-06T10:10:06.690+0000] {dagbag.py:588} INFO - Filling up the DagBag from /opt/airflow/dags/master_processing_dag.py
[2026-03-06T10:10:06.719+0000] {processor.py:925} INFO - DAG(s) '01_master_processing_pipeline' retrieved from /opt/airflow/dags/master_processing_dag.py
[2026-03-06T10:10:06.763+0000] {logging_mixin.py:190} INFO - [2026-03-06T10:10:06.763+0000] {dag.py:3239} INFO - Sync 1 DAGs
[2026-03-06T10:10:06.824+0000] {logging_mixin.py:190} INFO - [2026-03-06T10:10:06.823+0000] {dag.py:4180} INFO - Setting next_dagrun for 01_master_processing_pipeline to 2026-03-06 00:00:00+00:00, run_after=2026-03-07 00:00:00+00:00
[2026-03-06T10:10:07.081+0000] {processor.py:208} INFO - Processing /opt/airflow/dags/master_processing_dag.py took 0.406 seconds
[2026-03-06T10:10:37.513+0000] {processor.py:186} INFO - Started process (PID=5133) to work on /opt/airflow/dags/master_processing_dag.py
[2026-03-06T10:10:37.515+0000] {processor.py:914} INFO - Processing file /opt/airflow/dags/master_processing_dag.py for tasks to queue
[2026-03-06T10:10:37.522+0000] {logging_mixin.py:190} INFO - [2026-03-06T10:10:37.521+0000] {dagbag.py:588} INFO - Filling up the DagBag from /opt/airflow/dags/master_processing_dag.py
[2026-03-06T10:10:37.551+0000] {processor.py:925} INFO - DAG(s) '01_master_processing_pipeline' retrieved from /opt/airflow/dags/master_processing_dag.py
[2026-03-06T10:10:37.598+0000] {logging_mixin.py:190} INFO - [2026-03-06T10:10:37.598+0000] {dag.py:3239} INFO - Sync 1 DAGs
[2026-03-06T10:10:37.643+0000] {logging_mixin.py:190} INFO - [2026-03-06T10:10:37.643+0000] {dag.py:4180} INFO - Setting next_dagrun for 01_master_processing_pipeline to 2026-03-06 00:00:00+00:00, run_after=2026-03-07 00:00:00+00:00
[2026-03-06T10:10:37.680+0000] {processor.py:208} INFO - Processing /opt/airflow/dags/master_processing_dag.py took 0.187 seconds
[2026-03-06T10:11:07.886+0000] {processor.py:186} INFO - Started process (PID=5143) to work on /opt/airflow/dags/master_processing_dag.py
[2026-03-06T10:11:07.888+0000] {processor.py:914} INFO - Processing file /opt/airflow/dags/master_processing_dag.py for tasks to queue
[2026-03-06T10:11:07.889+0000] {logging_mixin.py:190} INFO - [2026-03-06T10:11:07.889+0000] {dagbag.py:588} INFO - Filling up the DagBag from /opt/airflow/dags/master_processing_dag.py
[2026-03-06T10:11:07.914+0000] {processor.py:925} INFO - DAG(s) '01_master_processing_pipeline' retrieved from /opt/airflow/dags/master_processing_dag.py
[2026-03-06T10:11:07.958+0000] {logging_mixin.py:190} INFO - [2026-03-06T10:11:07.957+0000] {dag.py:3239} INFO - Sync 1 DAGs
[2026-03-06T10:11:08.001+0000] {logging_mixin.py:190} INFO - [2026-03-06T10:11:08.000+0000] {dag.py:4180} INFO - Setting next_dagrun for 01_master_processing_pipeline to 2026-03-06 00:00:00+00:00, run_after=2026-03-07 00:00:00+00:00
[2026-03-06T10:11:08.038+0000] {processor.py:208} INFO - Processing /opt/airflow/dags/master_processing_dag.py took 0.160 seconds
[2026-03-06T10:11:38.464+0000] {processor.py:186} INFO - Started process (PID=5153) to work on /opt/airflow/dags/master_processing_dag.py
[2026-03-06T10:11:38.466+0000] {processor.py:914} INFO - Processing file /opt/airflow/dags/master_processing_dag.py for tasks to queue
[2026-03-06T10:11:38.470+0000] {logging_mixin.py:190} INFO - [2026-03-06T10:11:38.469+0000] {dagbag.py:588} INFO - Filling up the DagBag from /opt/airflow/dags/master_processing_dag.py
[2026-03-06T10:11:38.509+0000] {processor.py:925} INFO - DAG(s) '01_master_processing_pipeline' retrieved from /opt/airflow/dags/master_processing_dag.py
[2026-03-06T10:11:38.556+0000] {logging_mixin.py:190} INFO - [2026-03-06T10:11:38.555+0000] {dag.py:3239} INFO - Sync 1 DAGs
[2026-03-06T10:11:38.600+0000] {logging_mixin.py:190} INFO - [2026-03-06T10:11:38.599+0000] {dag.py:4180} INFO - Setting next_dagrun for 01_master_processing_pipeline to 2026-03-06 00:00:00+00:00, run_after=2026-03-07 00:00:00+00:00
[2026-03-06T10:11:38.632+0000] {processor.py:208} INFO - Processing /opt/airflow/dags/master_processing_dag.py took 0.176 seconds
[2026-03-06T10:12:08.872+0000] {processor.py:186} INFO - Started process (PID=5163) to work on /opt/airflow/dags/master_processing_dag.py
[2026-03-06T10:12:08.874+0000] {processor.py:914} INFO - Processing file /opt/airflow/dags/master_processing_dag.py for tasks to queue
[2026-03-06T10:12:08.876+0000] {logging_mixin.py:190} INFO - [2026-03-06T10:12:08.875+0000] {dagbag.py:588} INFO - Filling up the DagBag from /opt/airflow/dags/master_processing_dag.py
[2026-03-06T10:12:08.911+0000] {processor.py:925} INFO - DAG(s) '01_master_processing_pipeline' retrieved from /opt/airflow/dags/master_processing_dag.py
[2026-03-06T10:12:08.959+0000] {logging_mixin.py:190} INFO - [2026-03-06T10:12:08.959+0000] {dag.py:3239} INFO - Sync 1 DAGs
[2026-03-06T10:12:08.999+0000] {logging_mixin.py:190} INFO - [2026-03-06T10:12:08.998+0000] {dag.py:4180} INFO - Setting next_dagrun for 01_master_processing_pipeline to 2026-03-06 00:00:00+00:00, run_after=2026-03-07 00:00:00+00:00
[2026-03-06T10:12:09.028+0000] {processor.py:208} INFO - Processing /opt/airflow/dags/master_processing_dag.py took 0.169 seconds
[2026-03-06T10:12:39.465+0000] {processor.py:186} INFO - Started process (PID=5173) to work on /opt/airflow/dags/master_processing_dag.py
[2026-03-06T10:12:39.468+0000] {processor.py:914} INFO - Processing file /opt/airflow/dags/master_processing_dag.py for tasks to queue
[2026-03-06T10:12:39.473+0000] {logging_mixin.py:190} INFO - [2026-03-06T10:12:39.472+0000] {dagbag.py:588} INFO - Filling up the DagBag from /opt/airflow/dags/master_processing_dag.py
[2026-03-06T10:12:39.519+0000] {processor.py:925} INFO - DAG(s) '01_master_processing_pipeline' retrieved from /opt/airflow/dags/master_processing_dag.py
[2026-03-06T10:12:39.574+0000] {logging_mixin.py:190} INFO - [2026-03-06T10:12:39.573+0000] {dag.py:3239} INFO - Sync 1 DAGs
[2026-03-06T10:12:39.621+0000] {logging_mixin.py:190} INFO - [2026-03-06T10:12:39.621+0000] {dag.py:4180} INFO - Setting next_dagrun for 01_master_processing_pipeline to 2026-03-06 00:00:00+00:00, run_after=2026-03-07 00:00:00+00:00
[2026-03-06T10:12:39.659+0000] {processor.py:208} INFO - Processing /opt/airflow/dags/master_processing_dag.py took 0.209 seconds
[2026-03-06T10:13:10.005+0000] {processor.py:186} INFO - Started process (PID=5183) to work on /opt/airflow/dags/master_processing_dag.py
[2026-03-06T10:13:10.028+0000] {processor.py:914} INFO - Processing file /opt/airflow/dags/master_processing_dag.py for tasks to queue
[2026-03-06T10:13:10.062+0000] {logging_mixin.py:190} INFO - [2026-03-06T10:13:10.052+0000] {dagbag.py:588} INFO - Filling up the DagBag from /opt/airflow/dags/master_processing_dag.py
[2026-03-06T10:13:10.476+0000] {processor.py:925} INFO - DAG(s) '01_master_processing_pipeline' retrieved from /opt/airflow/dags/master_processing_dag.py
[2026-03-06T10:13:11.020+0000] {logging_mixin.py:190} INFO - [2026-03-06T10:13:11.017+0000] {dag.py:3239} INFO - Sync 1 DAGs
[2026-03-06T10:13:11.547+0000] {logging_mixin.py:190} INFO - [2026-03-06T10:13:11.546+0000] {dag.py:4180} INFO - Setting next_dagrun for 01_master_processing_pipeline to 2026-03-06 00:00:00+00:00, run_after=2026-03-07 00:00:00+00:00
[2026-03-06T10:13:11.926+0000] {processor.py:208} INFO - Processing /opt/airflow/dags/master_processing_dag.py took 2.016 seconds
[2026-03-06T10:13:42.406+0000] {processor.py:186} INFO - Started process (PID=5193) to work on /opt/airflow/dags/master_processing_dag.py
[2026-03-06T10:13:42.410+0000] {processor.py:914} INFO - Processing file /opt/airflow/dags/master_processing_dag.py for tasks to queue
[2026-03-06T10:13:42.413+0000] {logging_mixin.py:190} INFO - [2026-03-06T10:13:42.412+0000] {dagbag.py:588} INFO - Filling up the DagBag from /opt/airflow/dags/master_processing_dag.py
[2026-03-06T10:13:42.507+0000] {processor.py:925} INFO - DAG(s) '01_master_processing_pipeline' retrieved from /opt/airflow/dags/master_processing_dag.py
[2026-03-06T10:13:42.563+0000] {logging_mixin.py:190} INFO - [2026-03-06T10:13:42.563+0000] {dag.py:3239} INFO - Sync 1 DAGs
[2026-03-06T10:13:42.689+0000] {logging_mixin.py:190} INFO - [2026-03-06T10:13:42.689+0000] {dag.py:4180} INFO - Setting next_dagrun for 01_master_processing_pipeline to 2026-03-06 00:00:00+00:00, run_after=2026-03-07 00:00:00+00:00
[2026-03-06T10:13:42.721+0000] {processor.py:208} INFO - Processing /opt/airflow/dags/master_processing_dag.py took 0.327 seconds
[2026-03-06T10:14:12.829+0000] {processor.py:186} INFO - Started process (PID=5203) to work on /opt/airflow/dags/master_processing_dag.py
[2026-03-06T10:14:12.830+0000] {processor.py:914} INFO - Processing file /opt/airflow/dags/master_processing_dag.py for tasks to queue
[2026-03-06T10:14:12.832+0000] {logging_mixin.py:190} INFO - [2026-03-06T10:14:12.832+0000] {dagbag.py:588} INFO - Filling up the DagBag from /opt/airflow/dags/master_processing_dag.py
[2026-03-06T10:14:12.866+0000] {processor.py:925} INFO - DAG(s) '01_master_processing_pipeline' retrieved from /opt/airflow/dags/master_processing_dag.py
[2026-03-06T10:14:12.915+0000] {logging_mixin.py:190} INFO - [2026-03-06T10:14:12.915+0000] {dag.py:3239} INFO - Sync 1 DAGs
[2026-03-06T10:14:12.959+0000] {logging_mixin.py:190} INFO - [2026-03-06T10:14:12.959+0000] {dag.py:4180} INFO - Setting next_dagrun for 01_master_processing_pipeline to 2026-03-06 00:00:00+00:00, run_after=2026-03-07 00:00:00+00:00
[2026-03-06T10:14:12.999+0000] {processor.py:208} INFO - Processing /opt/airflow/dags/master_processing_dag.py took 0.182 seconds
[2026-03-06T10:14:43.197+0000] {processor.py:186} INFO - Started process (PID=5213) to work on /opt/airflow/dags/master_processing_dag.py
[2026-03-06T10:14:43.198+0000] {processor.py:914} INFO - Processing file /opt/airflow/dags/master_processing_dag.py for tasks to queue
[2026-03-06T10:14:43.201+0000] {logging_mixin.py:190} INFO - [2026-03-06T10:14:43.200+0000] {dagbag.py:588} INFO - Filling up the DagBag from /opt/airflow/dags/master_processing_dag.py
[2026-03-06T10:14:43.242+0000] {processor.py:925} INFO - DAG(s) '01_master_processing_pipeline' retrieved from /opt/airflow/dags/master_processing_dag.py
[2026-03-06T10:14:43.290+0000] {logging_mixin.py:190} INFO - [2026-03-06T10:14:43.290+0000] {dag.py:3239} INFO - Sync 1 DAGs
[2026-03-06T10:14:43.337+0000] {logging_mixin.py:190} INFO - [2026-03-06T10:14:43.336+0000] {dag.py:4180} INFO - Setting next_dagrun for 01_master_processing_pipeline to 2026-03-06 00:00:00+00:00, run_after=2026-03-07 00:00:00+00:00
[2026-03-06T10:14:43.366+0000] {processor.py:208} INFO - Processing /opt/airflow/dags/master_processing_dag.py took 0.178 seconds
[2026-03-06T10:15:13.740+0000] {processor.py:186} INFO - Started process (PID=5223) to work on /opt/airflow/dags/master_processing_dag.py
[2026-03-06T10:15:13.741+0000] {processor.py:914} INFO - Processing file /opt/airflow/dags/master_processing_dag.py for tasks to queue
[2026-03-06T10:15:13.744+0000] {logging_mixin.py:190} INFO - [2026-03-06T10:15:13.743+0000] {dagbag.py:588} INFO - Filling up the DagBag from /opt/airflow/dags/master_processing_dag.py
[2026-03-06T10:15:13.778+0000] {processor.py:925} INFO - DAG(s) '01_master_processing_pipeline' retrieved from /opt/airflow/dags/master_processing_dag.py
[2026-03-06T10:15:13.821+0000] {logging_mixin.py:190} INFO - [2026-03-06T10:15:13.820+0000] {dag.py:3239} INFO - Sync 1 DAGs
[2026-03-06T10:15:13.859+0000] {logging_mixin.py:190} INFO - [2026-03-06T10:15:13.858+0000] {dag.py:4180} INFO - Setting next_dagrun for 01_master_processing_pipeline to 2026-03-06 00:00:00+00:00, run_after=2026-03-07 00:00:00+00:00
[2026-03-06T10:15:13.896+0000] {processor.py:208} INFO - Processing /opt/airflow/dags/master_processing_dag.py took 0.164 seconds
[2026-03-06T10:15:44.139+0000] {processor.py:186} INFO - Started process (PID=5233) to work on /opt/airflow/dags/master_processing_dag.py
[2026-03-06T10:15:44.141+0000] {processor.py:914} INFO - Processing file /opt/airflow/dags/master_processing_dag.py for tasks to queue
[2026-03-06T10:15:44.144+0000] {logging_mixin.py:190} INFO - [2026-03-06T10:15:44.143+0000] {dagbag.py:588} INFO - Filling up the DagBag from /opt/airflow/dags/master_processing_dag.py
[2026-03-06T10:15:44.178+0000] {processor.py:925} INFO - DAG(s) '01_master_processing_pipeline' retrieved from /opt/airflow/dags/master_processing_dag.py
[2026-03-06T10:15:44.231+0000] {logging_mixin.py:190} INFO - [2026-03-06T10:15:44.231+0000] {dag.py:3239} INFO - Sync 1 DAGs
[2026-03-06T10:15:44.283+0000] {logging_mixin.py:190} INFO - [2026-03-06T10:15:44.282+0000] {dag.py:4180} INFO - Setting next_dagrun for 01_master_processing_pipeline to 2026-03-06 00:00:00+00:00, run_after=2026-03-07 00:00:00+00:00
[2026-03-06T10:15:44.321+0000] {processor.py:208} INFO - Processing /opt/airflow/dags/master_processing_dag.py took 0.197 seconds
[2026-03-06T10:16:14.652+0000] {processor.py:186} INFO - Started process (PID=5243) to work on /opt/airflow/dags/master_processing_dag.py
[2026-03-06T10:16:14.654+0000] {processor.py:914} INFO - Processing file /opt/airflow/dags/master_processing_dag.py for tasks to queue
[2026-03-06T10:16:14.656+0000] {logging_mixin.py:190} INFO - [2026-03-06T10:16:14.656+0000] {dagbag.py:588} INFO - Filling up the DagBag from /opt/airflow/dags/master_processing_dag.py
[2026-03-06T10:16:14.698+0000] {processor.py:925} INFO - DAG(s) '01_master_processing_pipeline' retrieved from /opt/airflow/dags/master_processing_dag.py
[2026-03-06T10:16:14.746+0000] {logging_mixin.py:190} INFO - [2026-03-06T10:16:14.745+0000] {dag.py:3239} INFO - Sync 1 DAGs
[2026-03-06T10:16:14.782+0000] {logging_mixin.py:190} INFO - [2026-03-06T10:16:14.781+0000] {dag.py:4180} INFO - Setting next_dagrun for 01_master_processing_pipeline to 2026-03-06 00:00:00+00:00, run_after=2026-03-07 00:00:00+00:00
[2026-03-06T10:16:14.820+0000] {processor.py:208} INFO - Processing /opt/airflow/dags/master_processing_dag.py took 0.181 seconds
[2026-03-06T10:16:45.138+0000] {processor.py:186} INFO - Started process (PID=5253) to work on /opt/airflow/dags/master_processing_dag.py
[2026-03-06T10:16:45.140+0000] {processor.py:914} INFO - Processing file /opt/airflow/dags/master_processing_dag.py for tasks to queue
[2026-03-06T10:16:45.144+0000] {logging_mixin.py:190} INFO - [2026-03-06T10:16:45.143+0000] {dagbag.py:588} INFO - Filling up the DagBag from /opt/airflow/dags/master_processing_dag.py
[2026-03-06T10:16:45.184+0000] {processor.py:925} INFO - DAG(s) '01_master_processing_pipeline' retrieved from /opt/airflow/dags/master_processing_dag.py
[2026-03-06T10:16:45.240+0000] {logging_mixin.py:190} INFO - [2026-03-06T10:16:45.239+0000] {dag.py:3239} INFO - Sync 1 DAGs
[2026-03-06T10:16:45.288+0000] {logging_mixin.py:190} INFO - [2026-03-06T10:16:45.288+0000] {dag.py:4180} INFO - Setting next_dagrun for 01_master_processing_pipeline to 2026-03-06 00:00:00+00:00, run_after=2026-03-07 00:00:00+00:00
[2026-03-06T10:16:45.324+0000] {processor.py:208} INFO - Processing /opt/airflow/dags/master_processing_dag.py took 0.201 seconds
[2026-03-06T10:17:15.569+0000] {processor.py:186} INFO - Started process (PID=5263) to work on /opt/airflow/dags/master_processing_dag.py
[2026-03-06T10:17:15.571+0000] {processor.py:914} INFO - Processing file /opt/airflow/dags/master_processing_dag.py for tasks to queue
[2026-03-06T10:17:15.574+0000] {logging_mixin.py:190} INFO - [2026-03-06T10:17:15.573+0000] {dagbag.py:588} INFO - Filling up the DagBag from /opt/airflow/dags/master_processing_dag.py
[2026-03-06T10:17:15.605+0000] {processor.py:925} INFO - DAG(s) '01_master_processing_pipeline' retrieved from /opt/airflow/dags/master_processing_dag.py
[2026-03-06T10:17:15.647+0000] {logging_mixin.py:190} INFO - [2026-03-06T10:17:15.647+0000] {dag.py:3239} INFO - Sync 1 DAGs
[2026-03-06T10:17:15.691+0000] {logging_mixin.py:190} INFO - [2026-03-06T10:17:15.690+0000] {dag.py:4180} INFO - Setting next_dagrun for 01_master_processing_pipeline to 2026-03-06 00:00:00+00:00, run_after=2026-03-07 00:00:00+00:00
[2026-03-06T10:17:15.732+0000] {processor.py:208} INFO - Processing /opt/airflow/dags/master_processing_dag.py took 0.172 seconds
[2026-03-06T10:17:46.095+0000] {processor.py:186} INFO - Started process (PID=5273) to work on /opt/airflow/dags/master_processing_dag.py
[2026-03-06T10:17:46.097+0000] {processor.py:914} INFO - Processing file /opt/airflow/dags/master_processing_dag.py for tasks to queue
[2026-03-06T10:17:46.104+0000] {logging_mixin.py:190} INFO - [2026-03-06T10:17:46.103+0000] {dagbag.py:588} INFO - Filling up the DagBag from /opt/airflow/dags/master_processing_dag.py
[2026-03-06T10:17:46.146+0000] {processor.py:925} INFO - DAG(s) '01_master_processing_pipeline' retrieved from /opt/airflow/dags/master_processing_dag.py
[2026-03-06T10:17:46.200+0000] {logging_mixin.py:190} INFO - [2026-03-06T10:17:46.200+0000] {dag.py:3239} INFO - Sync 1 DAGs
[2026-03-06T10:17:46.244+0000] {logging_mixin.py:190} INFO - [2026-03-06T10:17:46.244+0000] {dag.py:4180} INFO - Setting next_dagrun for 01_master_processing_pipeline to 2026-03-06 00:00:00+00:00, run_after=2026-03-07 00:00:00+00:00
[2026-03-06T10:17:46.282+0000] {processor.py:208} INFO - Processing /opt/airflow/dags/master_processing_dag.py took 0.199 seconds
[2026-03-06T10:18:16.496+0000] {processor.py:186} INFO - Started process (PID=5283) to work on /opt/airflow/dags/master_processing_dag.py
[2026-03-06T10:18:16.497+0000] {processor.py:914} INFO - Processing file /opt/airflow/dags/master_processing_dag.py for tasks to queue
[2026-03-06T10:18:16.499+0000] {logging_mixin.py:190} INFO - [2026-03-06T10:18:16.499+0000] {dagbag.py:588} INFO - Filling up the DagBag from /opt/airflow/dags/master_processing_dag.py
[2026-03-06T10:18:16.534+0000] {processor.py:925} INFO - DAG(s) '01_master_processing_pipeline' retrieved from /opt/airflow/dags/master_processing_dag.py
[2026-03-06T10:18:16.585+0000] {logging_mixin.py:190} INFO - [2026-03-06T10:18:16.584+0000] {dag.py:3239} INFO - Sync 1 DAGs
[2026-03-06T10:18:16.634+0000] {logging_mixin.py:190} INFO - [2026-03-06T10:18:16.634+0000] {dag.py:4180} INFO - Setting next_dagrun for 01_master_processing_pipeline to 2026-03-06 00:00:00+00:00, run_after=2026-03-07 00:00:00+00:00
[2026-03-06T10:18:16.673+0000] {processor.py:208} INFO - Processing /opt/airflow/dags/master_processing_dag.py took 0.188 seconds
[2026-03-06T10:18:46.863+0000] {processor.py:186} INFO - Started process (PID=5293) to work on /opt/airflow/dags/master_processing_dag.py
[2026-03-06T10:18:46.865+0000] {processor.py:914} INFO - Processing file /opt/airflow/dags/master_processing_dag.py for tasks to queue
[2026-03-06T10:18:46.866+0000] {logging_mixin.py:190} INFO - [2026-03-06T10:18:46.866+0000] {dagbag.py:588} INFO - Filling up the DagBag from /opt/airflow/dags/master_processing_dag.py
[2026-03-06T10:18:46.897+0000] {processor.py:925} INFO - DAG(s) '01_master_processing_pipeline' retrieved from /opt/airflow/dags/master_processing_dag.py
[2026-03-06T10:18:46.939+0000] {logging_mixin.py:190} INFO - [2026-03-06T10:18:46.939+0000] {dag.py:3239} INFO - Sync 1 DAGs
[2026-03-06T10:18:46.981+0000] {logging_mixin.py:190} INFO - [2026-03-06T10:18:46.981+0000] {dag.py:4180} INFO - Setting next_dagrun for 01_master_processing_pipeline to 2026-03-06 00:00:00+00:00, run_after=2026-03-07 00:00:00+00:00
[2026-03-06T10:18:47.021+0000] {processor.py:208} INFO - Processing /opt/airflow/dags/master_processing_dag.py took 0.170 seconds
[2026-03-06T10:19:17.442+0000] {processor.py:186} INFO - Started process (PID=5303) to work on /opt/airflow/dags/master_processing_dag.py
[2026-03-06T10:19:17.445+0000] {processor.py:914} INFO - Processing file /opt/airflow/dags/master_processing_dag.py for tasks to queue
[2026-03-06T10:19:17.450+0000] {logging_mixin.py:190} INFO - [2026-03-06T10:19:17.449+0000] {dagbag.py:588} INFO - Filling up the DagBag from /opt/airflow/dags/master_processing_dag.py
[2026-03-06T10:19:17.480+0000] {processor.py:925} INFO - DAG(s) '01_master_processing_pipeline' retrieved from /opt/airflow/dags/master_processing_dag.py
[2026-03-06T10:19:17.536+0000] {logging_mixin.py:190} INFO - [2026-03-06T10:19:17.535+0000] {dag.py:3239} INFO - Sync 1 DAGs
[2026-03-06T10:19:17.585+0000] {logging_mixin.py:190} INFO - [2026-03-06T10:19:17.584+0000] {dag.py:4180} INFO - Setting next_dagrun for 01_master_processing_pipeline to 2026-03-06 00:00:00+00:00, run_after=2026-03-07 00:00:00+00:00
[2026-03-06T10:19:17.620+0000] {processor.py:208} INFO - Processing /opt/airflow/dags/master_processing_dag.py took 0.186 seconds
[2026-03-06T10:19:47.829+0000] {processor.py:186} INFO - Started process (PID=5313) to work on /opt/airflow/dags/master_processing_dag.py
[2026-03-06T10:19:47.830+0000] {processor.py:914} INFO - Processing file /opt/airflow/dags/master_processing_dag.py for tasks to queue
[2026-03-06T10:19:47.834+0000] {logging_mixin.py:190} INFO - [2026-03-06T10:19:47.833+0000] {dagbag.py:588} INFO - Filling up the DagBag from /opt/airflow/dags/master_processing_dag.py
[2026-03-06T10:19:47.866+0000] {processor.py:925} INFO - DAG(s) '01_master_processing_pipeline' retrieved from /opt/airflow/dags/master_processing_dag.py
[2026-03-06T10:19:47.931+0000] {logging_mixin.py:190} INFO - [2026-03-06T10:19:47.930+0000] {dag.py:3239} INFO - Sync 1 DAGs
[2026-03-06T10:19:47.983+0000] {logging_mixin.py:190} INFO - [2026-03-06T10:19:47.983+0000] {dag.py:4180} INFO - Setting next_dagrun for 01_master_processing_pipeline to 2026-03-06 00:00:00+00:00, run_after=2026-03-07 00:00:00+00:00
[2026-03-06T10:19:48.028+0000] {processor.py:208} INFO - Processing /opt/airflow/dags/master_processing_dag.py took 0.209 seconds
[2026-03-06T10:20:18.459+0000] {processor.py:186} INFO - Started process (PID=5323) to work on /opt/airflow/dags/master_processing_dag.py
[2026-03-06T10:20:18.460+0000] {processor.py:914} INFO - Processing file /opt/airflow/dags/master_processing_dag.py for tasks to queue
[2026-03-06T10:20:18.463+0000] {logging_mixin.py:190} INFO - [2026-03-06T10:20:18.462+0000] {dagbag.py:588} INFO - Filling up the DagBag from /opt/airflow/dags/master_processing_dag.py
[2026-03-06T10:20:18.497+0000] {processor.py:925} INFO - DAG(s) '01_master_processing_pipeline' retrieved from /opt/airflow/dags/master_processing_dag.py
[2026-03-06T10:20:18.546+0000] {logging_mixin.py:190} INFO - [2026-03-06T10:20:18.546+0000] {dag.py:3239} INFO - Sync 1 DAGs
[2026-03-06T10:20:18.592+0000] {logging_mixin.py:190} INFO - [2026-03-06T10:20:18.591+0000] {dag.py:4180} INFO - Setting next_dagrun for 01_master_processing_pipeline to 2026-03-06 00:00:00+00:00, run_after=2026-03-07 00:00:00+00:00
[2026-03-06T10:20:18.625+0000] {processor.py:208} INFO - Processing /opt/airflow/dags/master_processing_dag.py took 0.189 seconds
[2026-03-06T10:20:48.938+0000] {processor.py:186} INFO - Started process (PID=5333) to work on /opt/airflow/dags/master_processing_dag.py
[2026-03-06T10:20:48.939+0000] {processor.py:914} INFO - Processing file /opt/airflow/dags/master_processing_dag.py for tasks to queue
[2026-03-06T10:20:48.944+0000] {logging_mixin.py:190} INFO - [2026-03-06T10:20:48.943+0000] {dagbag.py:588} INFO - Filling up the DagBag from /opt/airflow/dags/master_processing_dag.py
[2026-03-06T10:20:48.972+0000] {processor.py:925} INFO - DAG(s) '01_master_processing_pipeline' retrieved from /opt/airflow/dags/master_processing_dag.py
[2026-03-06T10:20:49.016+0000] {logging_mixin.py:190} INFO - [2026-03-06T10:20:49.016+0000] {dag.py:3239} INFO - Sync 1 DAGs
[2026-03-06T10:20:49.057+0000] {logging_mixin.py:190} INFO - [2026-03-06T10:20:49.056+0000] {dag.py:4180} INFO - Setting next_dagrun for 01_master_processing_pipeline to 2026-03-06 00:00:00+00:00, run_after=2026-03-07 00:00:00+00:00
[2026-03-06T10:20:49.097+0000] {processor.py:208} INFO - Processing /opt/airflow/dags/master_processing_dag.py took 0.166 seconds
[2026-03-06T10:21:19.532+0000] {processor.py:186} INFO - Started process (PID=5343) to work on /opt/airflow/dags/master_processing_dag.py
[2026-03-06T10:21:19.533+0000] {processor.py:914} INFO - Processing file /opt/airflow/dags/master_processing_dag.py for tasks to queue
[2026-03-06T10:21:19.536+0000] {logging_mixin.py:190} INFO - [2026-03-06T10:21:19.535+0000] {dagbag.py:588} INFO - Filling up the DagBag from /opt/airflow/dags/master_processing_dag.py
[2026-03-06T10:21:19.568+0000] {processor.py:925} INFO - DAG(s) '01_master_processing_pipeline' retrieved from /opt/airflow/dags/master_processing_dag.py
[2026-03-06T10:21:19.618+0000] {logging_mixin.py:190} INFO - [2026-03-06T10:21:19.618+0000] {dag.py:3239} INFO - Sync 1 DAGs
[2026-03-06T10:21:19.657+0000] {logging_mixin.py:190} INFO - [2026-03-06T10:21:19.657+0000] {dag.py:4180} INFO - Setting next_dagrun for 01_master_processing_pipeline to 2026-03-06 00:00:00+00:00, run_after=2026-03-07 00:00:00+00:00
[2026-03-06T10:21:19.690+0000] {processor.py:208} INFO - Processing /opt/airflow/dags/master_processing_dag.py took 0.167 seconds
[2026-03-06T10:21:49.946+0000] {processor.py:186} INFO - Started process (PID=5353) to work on /opt/airflow/dags/master_processing_dag.py
[2026-03-06T10:21:49.948+0000] {processor.py:914} INFO - Processing file /opt/airflow/dags/master_processing_dag.py for tasks to queue
[2026-03-06T10:21:49.950+0000] {logging_mixin.py:190} INFO - [2026-03-06T10:21:49.949+0000] {dagbag.py:588} INFO - Filling up the DagBag from /opt/airflow/dags/master_processing_dag.py
[2026-03-06T10:21:49.977+0000] {processor.py:925} INFO - DAG(s) '01_master_processing_pipeline' retrieved from /opt/airflow/dags/master_processing_dag.py
[2026-03-06T10:21:50.024+0000] {logging_mixin.py:190} INFO - [2026-03-06T10:21:50.024+0000] {dag.py:3239} INFO - Sync 1 DAGs
[2026-03-06T10:21:50.065+0000] {logging_mixin.py:190} INFO - [2026-03-06T10:21:50.064+0000] {dag.py:4180} INFO - Setting next_dagrun for 01_master_processing_pipeline to 2026-03-06 00:00:00+00:00, run_after=2026-03-07 00:00:00+00:00
[2026-03-06T10:21:50.103+0000] {processor.py:208} INFO - Processing /opt/airflow/dags/master_processing_dag.py took 0.164 seconds
[2026-03-06T10:22:20.476+0000] {processor.py:186} INFO - Started process (PID=5363) to work on /opt/airflow/dags/master_processing_dag.py
[2026-03-06T10:22:20.477+0000] {processor.py:914} INFO - Processing file /opt/airflow/dags/master_processing_dag.py for tasks to queue
[2026-03-06T10:22:20.479+0000] {logging_mixin.py:190} INFO - [2026-03-06T10:22:20.479+0000] {dagbag.py:588} INFO - Filling up the DagBag from /opt/airflow/dags/master_processing_dag.py
[2026-03-06T10:22:20.509+0000] {processor.py:925} INFO - DAG(s) '01_master_processing_pipeline' retrieved from /opt/airflow/dags/master_processing_dag.py
[2026-03-06T10:22:20.551+0000] {logging_mixin.py:190} INFO - [2026-03-06T10:22:20.551+0000] {dag.py:3239} INFO - Sync 1 DAGs
[2026-03-06T10:22:20.596+0000] {logging_mixin.py:190} INFO - [2026-03-06T10:22:20.596+0000] {dag.py:4180} INFO - Setting next_dagrun for 01_master_processing_pipeline to 2026-03-06 00:00:00+00:00, run_after=2026-03-07 00:00:00+00:00
[2026-03-06T10:22:20.669+0000] {processor.py:208} INFO - Processing /opt/airflow/dags/master_processing_dag.py took 0.201 seconds
[2026-03-06T10:22:51.059+0000] {processor.py:186} INFO - Started process (PID=5373) to work on /opt/airflow/dags/master_processing_dag.py
[2026-03-06T10:22:51.061+0000] {processor.py:914} INFO - Processing file /opt/airflow/dags/master_processing_dag.py for tasks to queue
[2026-03-06T10:22:51.063+0000] {logging_mixin.py:190} INFO - [2026-03-06T10:22:51.063+0000] {dagbag.py:588} INFO - Filling up the DagBag from /opt/airflow/dags/master_processing_dag.py
[2026-03-06T10:22:51.100+0000] {processor.py:925} INFO - DAG(s) '01_master_processing_pipeline' retrieved from /opt/airflow/dags/master_processing_dag.py
[2026-03-06T10:22:51.146+0000] {logging_mixin.py:190} INFO - [2026-03-06T10:22:51.146+0000] {dag.py:3239} INFO - Sync 1 DAGs
[2026-03-06T10:22:51.194+0000] {logging_mixin.py:190} INFO - [2026-03-06T10:22:51.194+0000] {dag.py:4180} INFO - Setting next_dagrun for 01_master_processing_pipeline to 2026-03-06 00:00:00+00:00, run_after=2026-03-07 00:00:00+00:00
[2026-03-06T10:22:51.273+0000] {processor.py:208} INFO - Processing /opt/airflow/dags/master_processing_dag.py took 0.223 seconds
[2026-03-06T10:23:21.695+0000] {processor.py:186} INFO - Started process (PID=5383) to work on /opt/airflow/dags/master_processing_dag.py
[2026-03-06T10:23:21.698+0000] {processor.py:914} INFO - Processing file /opt/airflow/dags/master_processing_dag.py for tasks to queue
[2026-03-06T10:23:21.704+0000] {logging_mixin.py:190} INFO - [2026-03-06T10:23:21.703+0000] {dagbag.py:588} INFO - Filling up the DagBag from /opt/airflow/dags/master_processing_dag.py
[2026-03-06T10:23:21.742+0000] {processor.py:925} INFO - DAG(s) '01_master_processing_pipeline' retrieved from /opt/airflow/dags/master_processing_dag.py
[2026-03-06T10:23:21.782+0000] {logging_mixin.py:190} INFO - [2026-03-06T10:23:21.782+0000] {dag.py:3239} INFO - Sync 1 DAGs
[2026-03-06T10:23:21.821+0000] {logging_mixin.py:190} INFO - [2026-03-06T10:23:21.821+0000] {dag.py:4180} INFO - Setting next_dagrun for 01_master_processing_pipeline to 2026-03-06 00:00:00+00:00, run_after=2026-03-07 00:00:00+00:00
[2026-03-06T10:23:21.893+0000] {processor.py:208} INFO - Processing /opt/airflow/dags/master_processing_dag.py took 0.211 seconds
[2026-03-06T10:23:52.095+0000] {processor.py:186} INFO - Started process (PID=5393) to work on /opt/airflow/dags/master_processing_dag.py
[2026-03-06T10:23:52.096+0000] {processor.py:914} INFO - Processing file /opt/airflow/dags/master_processing_dag.py for tasks to queue
[2026-03-06T10:23:52.099+0000] {logging_mixin.py:190} INFO - [2026-03-06T10:23:52.099+0000] {dagbag.py:588} INFO - Filling up the DagBag from /opt/airflow/dags/master_processing_dag.py
[2026-03-06T10:23:52.148+0000] {processor.py:925} INFO - DAG(s) '01_master_processing_pipeline' retrieved from /opt/airflow/dags/master_processing_dag.py
[2026-03-06T10:23:52.205+0000] {logging_mixin.py:190} INFO - [2026-03-06T10:23:52.204+0000] {dag.py:3239} INFO - Sync 1 DAGs
[2026-03-06T10:23:52.248+0000] {logging_mixin.py:190} INFO - [2026-03-06T10:23:52.248+0000] {dag.py:4180} INFO - Setting next_dagrun for 01_master_processing_pipeline to 2026-03-06 00:00:00+00:00, run_after=2026-03-07 00:00:00+00:00
[2026-03-06T10:23:52.281+0000] {processor.py:208} INFO - Processing /opt/airflow/dags/master_processing_dag.py took 0.201 seconds
[2026-03-06T10:24:22.632+0000] {processor.py:186} INFO - Started process (PID=5403) to work on /opt/airflow/dags/master_processing_dag.py
[2026-03-06T10:24:22.635+0000] {processor.py:914} INFO - Processing file /opt/airflow/dags/master_processing_dag.py for tasks to queue
[2026-03-06T10:24:22.638+0000] {logging_mixin.py:190} INFO - [2026-03-06T10:24:22.637+0000] {dagbag.py:588} INFO - Filling up the DagBag from /opt/airflow/dags/master_processing_dag.py
[2026-03-06T10:24:22.674+0000] {processor.py:925} INFO - DAG(s) '01_master_processing_pipeline' retrieved from /opt/airflow/dags/master_processing_dag.py
[2026-03-06T10:24:22.728+0000] {logging_mixin.py:190} INFO - [2026-03-06T10:24:22.727+0000] {dag.py:3239} INFO - Sync 1 DAGs
[2026-03-06T10:24:22.771+0000] {logging_mixin.py:190} INFO - [2026-03-06T10:24:22.770+0000] {dag.py:4180} INFO - Setting next_dagrun for 01_master_processing_pipeline to 2026-03-06 00:00:00+00:00, run_after=2026-03-07 00:00:00+00:00
[2026-03-06T10:24:22.809+0000] {processor.py:208} INFO - Processing /opt/airflow/dags/master_processing_dag.py took 0.191 seconds
[2026-03-06T10:24:52.998+0000] {processor.py:186} INFO - Started process (PID=5413) to work on /opt/airflow/dags/master_processing_dag.py
[2026-03-06T10:24:52.999+0000] {processor.py:914} INFO - Processing file /opt/airflow/dags/master_processing_dag.py for tasks to queue
[2026-03-06T10:24:53.001+0000] {logging_mixin.py:190} INFO - [2026-03-06T10:24:53.001+0000] {dagbag.py:588} INFO - Filling up the DagBag from /opt/airflow/dags/master_processing_dag.py
[2026-03-06T10:24:53.032+0000] {processor.py:925} INFO - DAG(s) '01_master_processing_pipeline' retrieved from /opt/airflow/dags/master_processing_dag.py
[2026-03-06T10:24:53.086+0000] {logging_mixin.py:190} INFO - [2026-03-06T10:24:53.086+0000] {dag.py:3239} INFO - Sync 1 DAGs
[2026-03-06T10:24:53.130+0000] {logging_mixin.py:190} INFO - [2026-03-06T10:24:53.130+0000] {dag.py:4180} INFO - Setting next_dagrun for 01_master_processing_pipeline to 2026-03-06 00:00:00+00:00, run_after=2026-03-07 00:00:00+00:00
[2026-03-06T10:24:53.179+0000] {processor.py:208} INFO - Processing /opt/airflow/dags/master_processing_dag.py took 0.190 seconds
[2026-03-06T10:25:23.587+0000] {processor.py:186} INFO - Started process (PID=5423) to work on /opt/airflow/dags/master_processing_dag.py
[2026-03-06T10:25:23.590+0000] {processor.py:914} INFO - Processing file /opt/airflow/dags/master_processing_dag.py for tasks to queue
[2026-03-06T10:25:23.593+0000] {logging_mixin.py:190} INFO - [2026-03-06T10:25:23.593+0000] {dagbag.py:588} INFO - Filling up the DagBag from /opt/airflow/dags/master_processing_dag.py
[2026-03-06T10:25:23.627+0000] {processor.py:925} INFO - DAG(s) '01_master_processing_pipeline' retrieved from /opt/airflow/dags/master_processing_dag.py
[2026-03-06T10:25:23.670+0000] {logging_mixin.py:190} INFO - [2026-03-06T10:25:23.670+0000] {dag.py:3239} INFO - Sync 1 DAGs
[2026-03-06T10:25:23.714+0000] {logging_mixin.py:190} INFO - [2026-03-06T10:25:23.714+0000] {dag.py:4180} INFO - Setting next_dagrun for 01_master_processing_pipeline to 2026-03-06 00:00:00+00:00, run_after=2026-03-07 00:00:00+00:00
[2026-03-06T10:25:23.746+0000] {processor.py:208} INFO - Processing /opt/airflow/dags/master_processing_dag.py took 0.170 seconds
[2026-03-06T10:25:53.969+0000] {processor.py:186} INFO - Started process (PID=5433) to work on /opt/airflow/dags/master_processing_dag.py
[2026-03-06T10:25:53.971+0000] {processor.py:914} INFO - Processing file /opt/airflow/dags/master_processing_dag.py for tasks to queue
[2026-03-06T10:25:53.973+0000] {logging_mixin.py:190} INFO - [2026-03-06T10:25:53.972+0000] {dagbag.py:588} INFO - Filling up the DagBag from /opt/airflow/dags/master_processing_dag.py
[2026-03-06T10:25:54.001+0000] {processor.py:925} INFO - DAG(s) '01_master_processing_pipeline' retrieved from /opt/airflow/dags/master_processing_dag.py
[2026-03-06T10:25:54.051+0000] {logging_mixin.py:190} INFO - [2026-03-06T10:25:54.051+0000] {dag.py:3239} INFO - Sync 1 DAGs
[2026-03-06T10:25:54.096+0000] {logging_mixin.py:190} INFO - [2026-03-06T10:25:54.096+0000] {dag.py:4180} INFO - Setting next_dagrun for 01_master_processing_pipeline to 2026-03-06 00:00:00+00:00, run_after=2026-03-07 00:00:00+00:00
[2026-03-06T10:25:54.134+0000] {processor.py:208} INFO - Processing /opt/airflow/dags/master_processing_dag.py took 0.174 seconds
[2026-03-06T10:26:24.561+0000] {processor.py:186} INFO - Started process (PID=5443) to work on /opt/airflow/dags/master_processing_dag.py
[2026-03-06T10:26:24.563+0000] {processor.py:914} INFO - Processing file /opt/airflow/dags/master_processing_dag.py for tasks to queue
[2026-03-06T10:26:24.565+0000] {logging_mixin.py:190} INFO - [2026-03-06T10:26:24.565+0000] {dagbag.py:588} INFO - Filling up the DagBag from /opt/airflow/dags/master_processing_dag.py
[2026-03-06T10:26:24.592+0000] {processor.py:925} INFO - DAG(s) '01_master_processing_pipeline' retrieved from /opt/airflow/dags/master_processing_dag.py
[2026-03-06T10:26:24.639+0000] {logging_mixin.py:190} INFO - [2026-03-06T10:26:24.639+0000] {dag.py:3239} INFO - Sync 1 DAGs
[2026-03-06T10:26:24.681+0000] {logging_mixin.py:190} INFO - [2026-03-06T10:26:24.680+0000] {dag.py:4180} INFO - Setting next_dagrun for 01_master_processing_pipeline to 2026-03-06 00:00:00+00:00, run_after=2026-03-07 00:00:00+00:00
[2026-03-06T10:26:24.716+0000] {processor.py:208} INFO - Processing /opt/airflow/dags/master_processing_dag.py took 0.165 seconds
[2026-03-06T10:26:54.964+0000] {processor.py:186} INFO - Started process (PID=5453) to work on /opt/airflow/dags/master_processing_dag.py
[2026-03-06T10:26:54.965+0000] {processor.py:914} INFO - Processing file /opt/airflow/dags/master_processing_dag.py for tasks to queue
[2026-03-06T10:26:54.968+0000] {logging_mixin.py:190} INFO - [2026-03-06T10:26:54.967+0000] {dagbag.py:588} INFO - Filling up the DagBag from /opt/airflow/dags/master_processing_dag.py
[2026-03-06T10:26:54.997+0000] {processor.py:925} INFO - DAG(s) '01_master_processing_pipeline' retrieved from /opt/airflow/dags/master_processing_dag.py
[2026-03-06T10:26:55.045+0000] {logging_mixin.py:190} INFO - [2026-03-06T10:26:55.044+0000] {dag.py:3239} INFO - Sync 1 DAGs
[2026-03-06T10:26:55.086+0000] {logging_mixin.py:190} INFO - [2026-03-06T10:26:55.086+0000] {dag.py:4180} INFO - Setting next_dagrun for 01_master_processing_pipeline to 2026-03-06 00:00:00+00:00, run_after=2026-03-07 00:00:00+00:00
[2026-03-06T10:26:55.129+0000] {processor.py:208} INFO - Processing /opt/airflow/dags/master_processing_dag.py took 0.172 seconds
[2026-03-06T10:27:25.512+0000] {processor.py:186} INFO - Started process (PID=5463) to work on /opt/airflow/dags/master_processing_dag.py
[2026-03-06T10:27:25.514+0000] {processor.py:914} INFO - Processing file /opt/airflow/dags/master_processing_dag.py for tasks to queue
[2026-03-06T10:27:25.518+0000] {logging_mixin.py:190} INFO - [2026-03-06T10:27:25.517+0000] {dagbag.py:588} INFO - Filling up the DagBag from /opt/airflow/dags/master_processing_dag.py
[2026-03-06T10:27:25.546+0000] {processor.py:925} INFO - DAG(s) '01_master_processing_pipeline' retrieved from /opt/airflow/dags/master_processing_dag.py
[2026-03-06T10:27:25.594+0000] {logging_mixin.py:190} INFO - [2026-03-06T10:27:25.593+0000] {dag.py:3239} INFO - Sync 1 DAGs
[2026-03-06T10:27:25.633+0000] {logging_mixin.py:190} INFO - [2026-03-06T10:27:25.632+0000] {dag.py:4180} INFO - Setting next_dagrun for 01_master_processing_pipeline to 2026-03-06 00:00:00+00:00, run_after=2026-03-07 00:00:00+00:00
[2026-03-06T10:27:25.664+0000] {processor.py:208} INFO - Processing /opt/airflow/dags/master_processing_dag.py took 0.160 seconds
[2026-03-06T10:27:55.900+0000] {processor.py:186} INFO - Started process (PID=5473) to work on /opt/airflow/dags/master_processing_dag.py
[2026-03-06T10:27:55.901+0000] {processor.py:914} INFO - Processing file /opt/airflow/dags/master_processing_dag.py for tasks to queue
[2026-03-06T10:27:55.903+0000] {logging_mixin.py:190} INFO - [2026-03-06T10:27:55.903+0000] {dagbag.py:588} INFO - Filling up the DagBag from /opt/airflow/dags/master_processing_dag.py
[2026-03-06T10:27:55.934+0000] {processor.py:925} INFO - DAG(s) '01_master_processing_pipeline' retrieved from /opt/airflow/dags/master_processing_dag.py
[2026-03-06T10:27:55.983+0000] {logging_mixin.py:190} INFO - [2026-03-06T10:27:55.983+0000] {dag.py:3239} INFO - Sync 1 DAGs
[2026-03-06T10:27:56.027+0000] {logging_mixin.py:190} INFO - [2026-03-06T10:27:56.027+0000] {dag.py:4180} INFO - Setting next_dagrun for 01_master_processing_pipeline to 2026-03-06 00:00:00+00:00, run_after=2026-03-07 00:00:00+00:00
[2026-03-06T10:27:56.062+0000] {processor.py:208} INFO - Processing /opt/airflow/dags/master_processing_dag.py took 0.170 seconds
[2026-03-06T10:28:26.466+0000] {processor.py:186} INFO - Started process (PID=5483) to work on /opt/airflow/dags/master_processing_dag.py
[2026-03-06T10:28:26.468+0000] {processor.py:914} INFO - Processing file /opt/airflow/dags/master_processing_dag.py for tasks to queue
[2026-03-06T10:28:26.470+0000] {logging_mixin.py:190} INFO - [2026-03-06T10:28:26.470+0000] {dagbag.py:588} INFO - Filling up the DagBag from /opt/airflow/dags/master_processing_dag.py
[2026-03-06T10:28:26.501+0000] {processor.py:925} INFO - DAG(s) '01_master_processing_pipeline' retrieved from /opt/airflow/dags/master_processing_dag.py
[2026-03-06T10:28:26.556+0000] {logging_mixin.py:190} INFO - [2026-03-06T10:28:26.556+0000] {dag.py:3239} INFO - Sync 1 DAGs
[2026-03-06T10:28:26.596+0000] {logging_mixin.py:190} INFO - [2026-03-06T10:28:26.596+0000] {dag.py:4180} INFO - Setting next_dagrun for 01_master_processing_pipeline to 2026-03-06 00:00:00+00:00, run_after=2026-03-07 00:00:00+00:00
[2026-03-06T10:28:26.631+0000] {processor.py:208} INFO - Processing /opt/airflow/dags/master_processing_dag.py took 0.173 seconds
[2026-03-06T10:28:57.053+0000] {processor.py:186} INFO - Started process (PID=5493) to work on /opt/airflow/dags/master_processing_dag.py
[2026-03-06T10:28:57.055+0000] {processor.py:914} INFO - Processing file /opt/airflow/dags/master_processing_dag.py for tasks to queue
[2026-03-06T10:28:57.057+0000] {logging_mixin.py:190} INFO - [2026-03-06T10:28:57.057+0000] {dagbag.py:588} INFO - Filling up the DagBag from /opt/airflow/dags/master_processing_dag.py
[2026-03-06T10:28:57.095+0000] {processor.py:925} INFO - DAG(s) '01_master_processing_pipeline' retrieved from /opt/airflow/dags/master_processing_dag.py
[2026-03-06T10:28:57.144+0000] {logging_mixin.py:190} INFO - [2026-03-06T10:28:57.143+0000] {dag.py:3239} INFO - Sync 1 DAGs
[2026-03-06T10:28:57.183+0000] {logging_mixin.py:190} INFO - [2026-03-06T10:28:57.183+0000] {dag.py:4180} INFO - Setting next_dagrun for 01_master_processing_pipeline to 2026-03-06 00:00:00+00:00, run_after=2026-03-07 00:00:00+00:00
[2026-03-06T10:28:57.236+0000] {processor.py:208} INFO - Processing /opt/airflow/dags/master_processing_dag.py took 0.194 seconds
[2026-03-06T10:29:27.455+0000] {processor.py:186} INFO - Started process (PID=5503) to work on /opt/airflow/dags/master_processing_dag.py
[2026-03-06T10:29:27.457+0000] {processor.py:914} INFO - Processing file /opt/airflow/dags/master_processing_dag.py for tasks to queue
[2026-03-06T10:29:27.460+0000] {logging_mixin.py:190} INFO - [2026-03-06T10:29:27.459+0000] {dagbag.py:588} INFO - Filling up the DagBag from /opt/airflow/dags/master_processing_dag.py
[2026-03-06T10:29:27.493+0000] {processor.py:925} INFO - DAG(s) '01_master_processing_pipeline' retrieved from /opt/airflow/dags/master_processing_dag.py
[2026-03-06T10:29:27.539+0000] {logging_mixin.py:190} INFO - [2026-03-06T10:29:27.539+0000] {dag.py:3239} INFO - Sync 1 DAGs
[2026-03-06T10:29:27.592+0000] {logging_mixin.py:190} INFO - [2026-03-06T10:29:27.591+0000] {dag.py:4180} INFO - Setting next_dagrun for 01_master_processing_pipeline to 2026-03-06 00:00:00+00:00, run_after=2026-03-07 00:00:00+00:00
[2026-03-06T10:29:27.644+0000] {processor.py:208} INFO - Processing /opt/airflow/dags/master_processing_dag.py took 0.208 seconds
[2026-03-06T10:29:58.008+0000] {processor.py:186} INFO - Started process (PID=5513) to work on /opt/airflow/dags/master_processing_dag.py
[2026-03-06T10:29:58.011+0000] {processor.py:914} INFO - Processing file /opt/airflow/dags/master_processing_dag.py for tasks to queue
[2026-03-06T10:29:58.013+0000] {logging_mixin.py:190} INFO - [2026-03-06T10:29:58.012+0000] {dagbag.py:588} INFO - Filling up the DagBag from /opt/airflow/dags/master_processing_dag.py
[2026-03-06T10:29:58.049+0000] {processor.py:925} INFO - DAG(s) '01_master_processing_pipeline' retrieved from /opt/airflow/dags/master_processing_dag.py
[2026-03-06T10:29:58.101+0000] {logging_mixin.py:190} INFO - [2026-03-06T10:29:58.100+0000] {dag.py:3239} INFO - Sync 1 DAGs
[2026-03-06T10:29:58.138+0000] {logging_mixin.py:190} INFO - [2026-03-06T10:29:58.137+0000] {dag.py:4180} INFO - Setting next_dagrun for 01_master_processing_pipeline to 2026-03-06 00:00:00+00:00, run_after=2026-03-07 00:00:00+00:00
[2026-03-06T10:29:58.171+0000] {processor.py:208} INFO - Processing /opt/airflow/dags/master_processing_dag.py took 0.179 seconds
[2026-03-06T10:30:28.401+0000] {processor.py:186} INFO - Started process (PID=5523) to work on /opt/airflow/dags/master_processing_dag.py
[2026-03-06T10:30:28.403+0000] {processor.py:914} INFO - Processing file /opt/airflow/dags/master_processing_dag.py for tasks to queue
[2026-03-06T10:30:28.406+0000] {logging_mixin.py:190} INFO - [2026-03-06T10:30:28.405+0000] {dagbag.py:588} INFO - Filling up the DagBag from /opt/airflow/dags/master_processing_dag.py
[2026-03-06T10:30:28.447+0000] {processor.py:925} INFO - DAG(s) '01_master_processing_pipeline' retrieved from /opt/airflow/dags/master_processing_dag.py
[2026-03-06T10:30:28.498+0000] {logging_mixin.py:190} INFO - [2026-03-06T10:30:28.498+0000] {dag.py:3239} INFO - Sync 1 DAGs
[2026-03-06T10:30:28.537+0000] {logging_mixin.py:190} INFO - [2026-03-06T10:30:28.536+0000] {dag.py:4180} INFO - Setting next_dagrun for 01_master_processing_pipeline to 2026-03-06 00:00:00+00:00, run_after=2026-03-07 00:00:00+00:00
[2026-03-06T10:30:28.572+0000] {processor.py:208} INFO - Processing /opt/airflow/dags/master_processing_dag.py took 0.191 seconds
[2026-03-06T10:30:58.951+0000] {processor.py:186} INFO - Started process (PID=5533) to work on /opt/airflow/dags/master_processing_dag.py
[2026-03-06T10:30:58.953+0000] {processor.py:914} INFO - Processing file /opt/airflow/dags/master_processing_dag.py for tasks to queue
[2026-03-06T10:30:58.957+0000] {logging_mixin.py:190} INFO - [2026-03-06T10:30:58.956+0000] {dagbag.py:588} INFO - Filling up the DagBag from /opt/airflow/dags/master_processing_dag.py
[2026-03-06T10:30:59.002+0000] {processor.py:925} INFO - DAG(s) '01_master_processing_pipeline' retrieved from /opt/airflow/dags/master_processing_dag.py
[2026-03-06T10:30:59.051+0000] {logging_mixin.py:190} INFO - [2026-03-06T10:30:59.050+0000] {dag.py:3239} INFO - Sync 1 DAGs
[2026-03-06T10:30:59.095+0000] {logging_mixin.py:190} INFO - [2026-03-06T10:30:59.095+0000] {dag.py:4180} INFO - Setting next_dagrun for 01_master_processing_pipeline to 2026-03-06 00:00:00+00:00, run_after=2026-03-07 00:00:00+00:00
[2026-03-06T10:30:59.129+0000] {processor.py:208} INFO - Processing /opt/airflow/dags/master_processing_dag.py took 0.198 seconds
[2026-03-06T10:31:29.445+0000] {processor.py:186} INFO - Started process (PID=5543) to work on /opt/airflow/dags/master_processing_dag.py
[2026-03-06T10:31:29.447+0000] {processor.py:914} INFO - Processing file /opt/airflow/dags/master_processing_dag.py for tasks to queue
[2026-03-06T10:31:29.450+0000] {logging_mixin.py:190} INFO - [2026-03-06T10:31:29.449+0000] {dagbag.py:588} INFO - Filling up the DagBag from /opt/airflow/dags/master_processing_dag.py
[2026-03-06T10:31:29.490+0000] {processor.py:925} INFO - DAG(s) '01_master_processing_pipeline' retrieved from /opt/airflow/dags/master_processing_dag.py
[2026-03-06T10:31:29.548+0000] {logging_mixin.py:190} INFO - [2026-03-06T10:31:29.547+0000] {dag.py:3239} INFO - Sync 1 DAGs
[2026-03-06T10:31:29.595+0000] {logging_mixin.py:190} INFO - [2026-03-06T10:31:29.595+0000] {dag.py:4180} INFO - Setting next_dagrun for 01_master_processing_pipeline to 2026-03-06 00:00:00+00:00, run_after=2026-03-07 00:00:00+00:00
[2026-03-06T10:31:29.625+0000] {processor.py:208} INFO - Processing /opt/airflow/dags/master_processing_dag.py took 0.193 seconds
