[2026-03-06T07:16:09.117+0000] {processor.py:186} INFO - Started process (PID=172) to work on /opt/airflow/dags/music_ingestion_dag.py
[2026-03-06T07:16:09.120+0000] {processor.py:914} INFO - Processing file /opt/airflow/dags/music_ingestion_dag.py for tasks to queue
[2026-03-06T07:16:09.130+0000] {logging_mixin.py:190} INFO - [2026-03-06T07:16:09.129+0000] {dagbag.py:588} INFO - Filling up the DagBag from /opt/airflow/dags/music_ingestion_dag.py
[2026-03-06T07:16:09.219+0000] {processor.py:925} INFO - DAG(s) '01_music_ingestion_realtime' retrieved from /opt/airflow/dags/music_ingestion_dag.py
[2026-03-06T07:16:09.406+0000] {logging_mixin.py:190} INFO - [2026-03-06T07:16:09.406+0000] {dag.py:3239} INFO - Sync 1 DAGs
[2026-03-06T07:16:09.625+0000] {logging_mixin.py:190} INFO - [2026-03-06T07:16:09.625+0000] {dag.py:4180} INFO - Setting next_dagrun for 01_music_ingestion_realtime to 2026-03-06 06:00:00+00:00, run_after=2026-03-06 07:00:00+00:00
[2026-03-06T07:16:09.716+0000] {processor.py:208} INFO - Processing /opt/airflow/dags/music_ingestion_dag.py took 0.612 seconds
[2026-03-06T07:16:40.840+0000] {processor.py:186} INFO - Started process (PID=305) to work on /opt/airflow/dags/music_ingestion_dag.py
[2026-03-06T07:16:40.846+0000] {processor.py:914} INFO - Processing file /opt/airflow/dags/music_ingestion_dag.py for tasks to queue
[2026-03-06T07:16:40.884+0000] {logging_mixin.py:190} INFO - [2026-03-06T07:16:40.867+0000] {dagbag.py:588} INFO - Filling up the DagBag from /opt/airflow/dags/music_ingestion_dag.py
[2026-03-06T07:16:41.702+0000] {processor.py:925} INFO - DAG(s) '01_music_ingestion_realtime' retrieved from /opt/airflow/dags/music_ingestion_dag.py
[2026-03-06T07:16:44.577+0000] {logging_mixin.py:190} INFO - [2026-03-06T07:16:44.574+0000] {dag.py:3239} INFO - Sync 1 DAGs
[2026-03-06T07:16:46.472+0000] {logging_mixin.py:190} INFO - [2026-03-06T07:16:46.471+0000] {dag.py:4180} INFO - Setting next_dagrun for 01_music_ingestion_realtime to 2026-03-06 06:00:00+00:00, run_after=2026-03-06 07:00:00+00:00
[2026-03-06T07:16:47.081+0000] {processor.py:208} INFO - Processing /opt/airflow/dags/music_ingestion_dag.py took 6.388 seconds
[2026-03-06T07:17:18.159+0000] {processor.py:186} INFO - Started process (PID=357) to work on /opt/airflow/dags/music_ingestion_dag.py
[2026-03-06T07:17:18.169+0000] {processor.py:914} INFO - Processing file /opt/airflow/dags/music_ingestion_dag.py for tasks to queue
[2026-03-06T07:17:18.191+0000] {logging_mixin.py:190} INFO - [2026-03-06T07:17:18.188+0000] {dagbag.py:588} INFO - Filling up the DagBag from /opt/airflow/dags/music_ingestion_dag.py
[2026-03-06T07:17:18.388+0000] {processor.py:925} INFO - DAG(s) '01_music_ingestion_realtime' retrieved from /opt/airflow/dags/music_ingestion_dag.py
[2026-03-06T07:17:19.631+0000] {logging_mixin.py:190} INFO - [2026-03-06T07:17:19.630+0000] {dag.py:3239} INFO - Sync 1 DAGs
[2026-03-06T07:17:20.228+0000] {logging_mixin.py:190} INFO - [2026-03-06T07:17:20.228+0000] {dag.py:4180} INFO - Setting next_dagrun for 01_music_ingestion_realtime to 2026-03-06 06:00:00+00:00, run_after=2026-03-06 07:00:00+00:00
[2026-03-06T07:17:20.543+0000] {processor.py:208} INFO - Processing /opt/airflow/dags/music_ingestion_dag.py took 2.426 seconds
[2026-03-06T07:17:56.913+0000] {processor.py:186} INFO - Started process (PID=366) to work on /opt/airflow/dags/music_ingestion_dag.py
[2026-03-06T07:17:56.927+0000] {processor.py:914} INFO - Processing file /opt/airflow/dags/music_ingestion_dag.py for tasks to queue
[2026-03-06T07:17:57.155+0000] {logging_mixin.py:190} INFO - [2026-03-06T07:17:57.026+0000] {dagbag.py:588} INFO - Filling up the DagBag from /opt/airflow/dags/music_ingestion_dag.py
[2026-03-06T07:17:58.608+0000] {processor.py:925} INFO - DAG(s) '01_music_ingestion_realtime' retrieved from /opt/airflow/dags/music_ingestion_dag.py
[2026-03-06T07:17:58.976+0000] {logging_mixin.py:190} INFO - [2026-03-06T07:17:58.975+0000] {dag.py:3239} INFO - Sync 1 DAGs
[2026-03-06T07:17:59.653+0000] {logging_mixin.py:190} INFO - [2026-03-06T07:17:59.652+0000] {dag.py:4180} INFO - Setting next_dagrun for 01_music_ingestion_realtime to 2026-03-06 06:00:00+00:00, run_after=2026-03-06 07:00:00+00:00
[2026-03-06T07:18:00.014+0000] {processor.py:208} INFO - Processing /opt/airflow/dags/music_ingestion_dag.py took 3.129 seconds
[2026-03-06T07:18:30.649+0000] {processor.py:186} INFO - Started process (PID=377) to work on /opt/airflow/dags/music_ingestion_dag.py
[2026-03-06T07:18:30.652+0000] {processor.py:914} INFO - Processing file /opt/airflow/dags/music_ingestion_dag.py for tasks to queue
[2026-03-06T07:18:30.785+0000] {logging_mixin.py:190} INFO - [2026-03-06T07:18:30.767+0000] {dagbag.py:588} INFO - Filling up the DagBag from /opt/airflow/dags/music_ingestion_dag.py
[2026-03-06T07:18:30.898+0000] {processor.py:925} INFO - DAG(s) '01_music_ingestion_realtime' retrieved from /opt/airflow/dags/music_ingestion_dag.py
[2026-03-06T07:18:31.246+0000] {logging_mixin.py:190} INFO - [2026-03-06T07:18:31.245+0000] {dag.py:3239} INFO - Sync 1 DAGs
[2026-03-06T07:18:31.897+0000] {logging_mixin.py:190} INFO - [2026-03-06T07:18:31.897+0000] {dag.py:4180} INFO - Setting next_dagrun for 01_music_ingestion_realtime to 2026-03-06 06:00:00+00:00, run_after=2026-03-06 07:00:00+00:00
[2026-03-06T07:18:31.991+0000] {processor.py:208} INFO - Processing /opt/airflow/dags/music_ingestion_dag.py took 1.497 seconds
[2026-03-06T07:19:02.122+0000] {processor.py:186} INFO - Started process (PID=387) to work on /opt/airflow/dags/music_ingestion_dag.py
[2026-03-06T07:19:02.124+0000] {processor.py:914} INFO - Processing file /opt/airflow/dags/music_ingestion_dag.py for tasks to queue
[2026-03-06T07:19:02.127+0000] {logging_mixin.py:190} INFO - [2026-03-06T07:19:02.127+0000] {dagbag.py:588} INFO - Filling up the DagBag from /opt/airflow/dags/music_ingestion_dag.py
[2026-03-06T07:19:02.151+0000] {processor.py:925} INFO - DAG(s) '01_music_ingestion_realtime' retrieved from /opt/airflow/dags/music_ingestion_dag.py
[2026-03-06T07:19:02.258+0000] {logging_mixin.py:190} INFO - [2026-03-06T07:19:02.258+0000] {dag.py:3239} INFO - Sync 1 DAGs
[2026-03-06T07:19:02.362+0000] {logging_mixin.py:190} INFO - [2026-03-06T07:19:02.362+0000] {dag.py:4180} INFO - Setting next_dagrun for 01_music_ingestion_realtime to 2026-03-06 06:00:00+00:00, run_after=2026-03-06 07:00:00+00:00
[2026-03-06T07:19:02.465+0000] {processor.py:208} INFO - Processing /opt/airflow/dags/music_ingestion_dag.py took 0.350 seconds
[2026-03-06T07:19:33.026+0000] {processor.py:186} INFO - Started process (PID=397) to work on /opt/airflow/dags/music_ingestion_dag.py
[2026-03-06T07:19:33.028+0000] {processor.py:914} INFO - Processing file /opt/airflow/dags/music_ingestion_dag.py for tasks to queue
[2026-03-06T07:19:33.033+0000] {logging_mixin.py:190} INFO - [2026-03-06T07:19:33.032+0000] {dagbag.py:588} INFO - Filling up the DagBag from /opt/airflow/dags/music_ingestion_dag.py
[2026-03-06T07:19:33.116+0000] {processor.py:925} INFO - DAG(s) '01_music_ingestion_realtime' retrieved from /opt/airflow/dags/music_ingestion_dag.py
[2026-03-06T07:19:33.171+0000] {logging_mixin.py:190} INFO - [2026-03-06T07:19:33.171+0000] {dag.py:3239} INFO - Sync 1 DAGs
[2026-03-06T07:19:33.223+0000] {logging_mixin.py:190} INFO - [2026-03-06T07:19:33.223+0000] {dag.py:4180} INFO - Setting next_dagrun for 01_music_ingestion_realtime to 2026-03-06 06:00:00+00:00, run_after=2026-03-06 07:00:00+00:00
[2026-03-06T07:19:33.255+0000] {processor.py:208} INFO - Processing /opt/airflow/dags/music_ingestion_dag.py took 0.241 seconds
[2026-03-06T07:20:03.503+0000] {processor.py:186} INFO - Started process (PID=407) to work on /opt/airflow/dags/music_ingestion_dag.py
[2026-03-06T07:20:03.505+0000] {processor.py:914} INFO - Processing file /opt/airflow/dags/music_ingestion_dag.py for tasks to queue
[2026-03-06T07:20:03.507+0000] {logging_mixin.py:190} INFO - [2026-03-06T07:20:03.507+0000] {dagbag.py:588} INFO - Filling up the DagBag from /opt/airflow/dags/music_ingestion_dag.py
[2026-03-06T07:20:03.537+0000] {processor.py:925} INFO - DAG(s) '01_music_ingestion_realtime' retrieved from /opt/airflow/dags/music_ingestion_dag.py
[2026-03-06T07:20:03.567+0000] {logging_mixin.py:190} INFO - [2026-03-06T07:20:03.567+0000] {dag.py:3239} INFO - Sync 1 DAGs
[2026-03-06T07:20:03.593+0000] {logging_mixin.py:190} INFO - [2026-03-06T07:20:03.593+0000] {dag.py:4180} INFO - Setting next_dagrun for 01_music_ingestion_realtime to 2026-03-06 06:00:00+00:00, run_after=2026-03-06 07:00:00+00:00
[2026-03-06T07:20:03.680+0000] {processor.py:208} INFO - Processing /opt/airflow/dags/music_ingestion_dag.py took 0.183 seconds
[2026-03-06T07:20:34.212+0000] {processor.py:186} INFO - Started process (PID=417) to work on /opt/airflow/dags/music_ingestion_dag.py
[2026-03-06T07:20:34.275+0000] {processor.py:914} INFO - Processing file /opt/airflow/dags/music_ingestion_dag.py for tasks to queue
[2026-03-06T07:20:34.280+0000] {logging_mixin.py:190} INFO - [2026-03-06T07:20:34.279+0000] {dagbag.py:588} INFO - Filling up the DagBag from /opt/airflow/dags/music_ingestion_dag.py
[2026-03-06T07:20:34.456+0000] {processor.py:925} INFO - DAG(s) '01_music_ingestion_realtime' retrieved from /opt/airflow/dags/music_ingestion_dag.py
[2026-03-06T07:20:34.561+0000] {logging_mixin.py:190} INFO - [2026-03-06T07:20:34.561+0000] {dag.py:3239} INFO - Sync 1 DAGs
[2026-03-06T07:20:35.426+0000] {logging_mixin.py:190} INFO - [2026-03-06T07:20:35.425+0000] {dag.py:4180} INFO - Setting next_dagrun for 01_music_ingestion_realtime to 2026-03-06 06:00:00+00:00, run_after=2026-03-06 07:00:00+00:00
[2026-03-06T07:20:35.601+0000] {processor.py:208} INFO - Processing /opt/airflow/dags/music_ingestion_dag.py took 1.440 seconds
[2026-03-06T07:21:06.196+0000] {processor.py:186} INFO - Started process (PID=427) to work on /opt/airflow/dags/music_ingestion_dag.py
[2026-03-06T07:21:06.197+0000] {processor.py:914} INFO - Processing file /opt/airflow/dags/music_ingestion_dag.py for tasks to queue
[2026-03-06T07:21:06.200+0000] {logging_mixin.py:190} INFO - [2026-03-06T07:21:06.199+0000] {dagbag.py:588} INFO - Filling up the DagBag from /opt/airflow/dags/music_ingestion_dag.py
[2026-03-06T07:21:06.222+0000] {processor.py:925} INFO - DAG(s) '01_music_ingestion_realtime' retrieved from /opt/airflow/dags/music_ingestion_dag.py
[2026-03-06T07:21:06.250+0000] {logging_mixin.py:190} INFO - [2026-03-06T07:21:06.250+0000] {dag.py:3239} INFO - Sync 1 DAGs
[2026-03-06T07:21:06.287+0000] {logging_mixin.py:190} INFO - [2026-03-06T07:21:06.287+0000] {dag.py:4180} INFO - Setting next_dagrun for 01_music_ingestion_realtime to 2026-03-06 06:00:00+00:00, run_after=2026-03-06 07:00:00+00:00
[2026-03-06T07:21:06.411+0000] {processor.py:208} INFO - Processing /opt/airflow/dags/music_ingestion_dag.py took 0.221 seconds
[2026-03-06T07:21:36.650+0000] {processor.py:186} INFO - Started process (PID=437) to work on /opt/airflow/dags/music_ingestion_dag.py
[2026-03-06T07:21:36.653+0000] {processor.py:914} INFO - Processing file /opt/airflow/dags/music_ingestion_dag.py for tasks to queue
[2026-03-06T07:21:36.660+0000] {logging_mixin.py:190} INFO - [2026-03-06T07:21:36.659+0000] {dagbag.py:588} INFO - Filling up the DagBag from /opt/airflow/dags/music_ingestion_dag.py
[2026-03-06T07:21:36.698+0000] {processor.py:925} INFO - DAG(s) '01_music_ingestion_realtime' retrieved from /opt/airflow/dags/music_ingestion_dag.py
[2026-03-06T07:21:36.762+0000] {logging_mixin.py:190} INFO - [2026-03-06T07:21:36.762+0000] {dag.py:3239} INFO - Sync 1 DAGs
[2026-03-06T07:21:36.814+0000] {logging_mixin.py:190} INFO - [2026-03-06T07:21:36.814+0000] {dag.py:4180} INFO - Setting next_dagrun for 01_music_ingestion_realtime to 2026-03-06 06:00:00+00:00, run_after=2026-03-06 07:00:00+00:00
[2026-03-06T07:21:36.874+0000] {processor.py:208} INFO - Processing /opt/airflow/dags/music_ingestion_dag.py took 0.235 seconds
[2026-03-06T07:22:07.283+0000] {processor.py:186} INFO - Started process (PID=506) to work on /opt/airflow/dags/music_ingestion_dag.py
[2026-03-06T07:22:07.303+0000] {processor.py:914} INFO - Processing file /opt/airflow/dags/music_ingestion_dag.py for tasks to queue
[2026-03-06T07:22:07.318+0000] {logging_mixin.py:190} INFO - [2026-03-06T07:22:07.317+0000] {dagbag.py:588} INFO - Filling up the DagBag from /opt/airflow/dags/music_ingestion_dag.py
[2026-03-06T07:22:07.471+0000] {processor.py:925} INFO - DAG(s) '01_music_ingestion_realtime' retrieved from /opt/airflow/dags/music_ingestion_dag.py
[2026-03-06T07:22:07.760+0000] {logging_mixin.py:190} INFO - [2026-03-06T07:22:07.760+0000] {dag.py:3239} INFO - Sync 1 DAGs
[2026-03-06T07:22:07.950+0000] {logging_mixin.py:190} INFO - [2026-03-06T07:22:07.949+0000] {dag.py:4180} INFO - Setting next_dagrun for 01_music_ingestion_realtime to 2026-03-06 06:00:00+00:00, run_after=2026-03-06 07:00:00+00:00
[2026-03-06T07:22:08.010+0000] {processor.py:208} INFO - Processing /opt/airflow/dags/music_ingestion_dag.py took 0.777 seconds
[2026-03-06T07:22:38.495+0000] {processor.py:186} INFO - Started process (PID=617) to work on /opt/airflow/dags/music_ingestion_dag.py
[2026-03-06T07:22:38.498+0000] {processor.py:914} INFO - Processing file /opt/airflow/dags/music_ingestion_dag.py for tasks to queue
[2026-03-06T07:22:38.503+0000] {logging_mixin.py:190} INFO - [2026-03-06T07:22:38.503+0000] {dagbag.py:588} INFO - Filling up the DagBag from /opt/airflow/dags/music_ingestion_dag.py
[2026-03-06T07:22:38.541+0000] {processor.py:925} INFO - DAG(s) '01_music_ingestion_realtime' retrieved from /opt/airflow/dags/music_ingestion_dag.py
[2026-03-06T07:22:38.592+0000] {logging_mixin.py:190} INFO - [2026-03-06T07:22:38.591+0000] {dag.py:3239} INFO - Sync 1 DAGs
[2026-03-06T07:22:38.639+0000] {logging_mixin.py:190} INFO - [2026-03-06T07:22:38.638+0000] {dag.py:4180} INFO - Setting next_dagrun for 01_music_ingestion_realtime to 2026-03-06 06:00:00+00:00, run_after=2026-03-06 07:00:00+00:00
[2026-03-06T07:22:38.670+0000] {processor.py:208} INFO - Processing /opt/airflow/dags/music_ingestion_dag.py took 0.187 seconds
[2026-03-06T07:23:09.631+0000] {processor.py:186} INFO - Started process (PID=627) to work on /opt/airflow/dags/music_ingestion_dag.py
[2026-03-06T07:23:09.635+0000] {processor.py:914} INFO - Processing file /opt/airflow/dags/music_ingestion_dag.py for tasks to queue
[2026-03-06T07:23:09.643+0000] {logging_mixin.py:190} INFO - [2026-03-06T07:23:09.642+0000] {dagbag.py:588} INFO - Filling up the DagBag from /opt/airflow/dags/music_ingestion_dag.py
[2026-03-06T07:23:09.685+0000] {processor.py:925} INFO - DAG(s) '01_music_ingestion_realtime' retrieved from /opt/airflow/dags/music_ingestion_dag.py
[2026-03-06T07:23:09.741+0000] {logging_mixin.py:190} INFO - [2026-03-06T07:23:09.741+0000] {dag.py:3239} INFO - Sync 1 DAGs
[2026-03-06T07:23:09.787+0000] {logging_mixin.py:190} INFO - [2026-03-06T07:23:09.787+0000] {dag.py:4180} INFO - Setting next_dagrun for 01_music_ingestion_realtime to 2026-03-06 06:00:00+00:00, run_after=2026-03-06 07:00:00+00:00
[2026-03-06T07:23:09.812+0000] {processor.py:208} INFO - Processing /opt/airflow/dags/music_ingestion_dag.py took 0.196 seconds
[2026-03-06T07:23:40.225+0000] {processor.py:186} INFO - Started process (PID=637) to work on /opt/airflow/dags/music_ingestion_dag.py
[2026-03-06T07:23:40.226+0000] {processor.py:914} INFO - Processing file /opt/airflow/dags/music_ingestion_dag.py for tasks to queue
[2026-03-06T07:23:40.230+0000] {logging_mixin.py:190} INFO - [2026-03-06T07:23:40.229+0000] {dagbag.py:588} INFO - Filling up the DagBag from /opt/airflow/dags/music_ingestion_dag.py
[2026-03-06T07:23:40.258+0000] {processor.py:925} INFO - DAG(s) '01_music_ingestion_realtime' retrieved from /opt/airflow/dags/music_ingestion_dag.py
[2026-03-06T07:23:40.290+0000] {logging_mixin.py:190} INFO - [2026-03-06T07:23:40.290+0000] {dag.py:3239} INFO - Sync 1 DAGs
[2026-03-06T07:23:40.321+0000] {logging_mixin.py:190} INFO - [2026-03-06T07:23:40.320+0000] {dag.py:4180} INFO - Setting next_dagrun for 01_music_ingestion_realtime to 2026-03-06 06:00:00+00:00, run_after=2026-03-06 07:00:00+00:00
[2026-03-06T07:23:40.349+0000] {processor.py:208} INFO - Processing /opt/airflow/dags/music_ingestion_dag.py took 0.132 seconds
[2026-03-06T07:24:10.689+0000] {processor.py:186} INFO - Started process (PID=647) to work on /opt/airflow/dags/music_ingestion_dag.py
[2026-03-06T07:24:10.690+0000] {processor.py:914} INFO - Processing file /opt/airflow/dags/music_ingestion_dag.py for tasks to queue
[2026-03-06T07:24:10.694+0000] {logging_mixin.py:190} INFO - [2026-03-06T07:24:10.693+0000] {dagbag.py:588} INFO - Filling up the DagBag from /opt/airflow/dags/music_ingestion_dag.py
[2026-03-06T07:24:10.718+0000] {processor.py:925} INFO - DAG(s) '01_music_ingestion_realtime' retrieved from /opt/airflow/dags/music_ingestion_dag.py
[2026-03-06T07:24:10.752+0000] {logging_mixin.py:190} INFO - [2026-03-06T07:24:10.752+0000] {dag.py:3239} INFO - Sync 1 DAGs
[2026-03-06T07:24:10.781+0000] {logging_mixin.py:190} INFO - [2026-03-06T07:24:10.781+0000] {dag.py:4180} INFO - Setting next_dagrun for 01_music_ingestion_realtime to 2026-03-06 06:00:00+00:00, run_after=2026-03-06 07:00:00+00:00
[2026-03-06T07:24:10.832+0000] {processor.py:208} INFO - Processing /opt/airflow/dags/music_ingestion_dag.py took 0.152 seconds
[2026-03-06T07:24:41.107+0000] {processor.py:186} INFO - Started process (PID=657) to work on /opt/airflow/dags/music_ingestion_dag.py
[2026-03-06T07:24:41.109+0000] {processor.py:914} INFO - Processing file /opt/airflow/dags/music_ingestion_dag.py for tasks to queue
[2026-03-06T07:24:41.113+0000] {logging_mixin.py:190} INFO - [2026-03-06T07:24:41.112+0000] {dagbag.py:588} INFO - Filling up the DagBag from /opt/airflow/dags/music_ingestion_dag.py
[2026-03-06T07:24:41.147+0000] {processor.py:925} INFO - DAG(s) '01_music_ingestion_realtime' retrieved from /opt/airflow/dags/music_ingestion_dag.py
[2026-03-06T07:24:41.185+0000] {logging_mixin.py:190} INFO - [2026-03-06T07:24:41.185+0000] {dag.py:3239} INFO - Sync 1 DAGs
[2026-03-06T07:24:41.218+0000] {logging_mixin.py:190} INFO - [2026-03-06T07:24:41.218+0000] {dag.py:4180} INFO - Setting next_dagrun for 01_music_ingestion_realtime to 2026-03-06 06:00:00+00:00, run_after=2026-03-06 07:00:00+00:00
[2026-03-06T07:24:41.277+0000] {processor.py:208} INFO - Processing /opt/airflow/dags/music_ingestion_dag.py took 0.179 seconds
[2026-03-06T07:25:11.714+0000] {processor.py:186} INFO - Started process (PID=667) to work on /opt/airflow/dags/music_ingestion_dag.py
[2026-03-06T07:25:11.715+0000] {processor.py:914} INFO - Processing file /opt/airflow/dags/music_ingestion_dag.py for tasks to queue
[2026-03-06T07:25:11.718+0000] {logging_mixin.py:190} INFO - [2026-03-06T07:25:11.718+0000] {dagbag.py:588} INFO - Filling up the DagBag from /opt/airflow/dags/music_ingestion_dag.py
[2026-03-06T07:25:11.741+0000] {processor.py:925} INFO - DAG(s) '01_music_ingestion_realtime' retrieved from /opt/airflow/dags/music_ingestion_dag.py
[2026-03-06T07:25:11.776+0000] {logging_mixin.py:190} INFO - [2026-03-06T07:25:11.775+0000] {dag.py:3239} INFO - Sync 1 DAGs
[2026-03-06T07:25:11.805+0000] {logging_mixin.py:190} INFO - [2026-03-06T07:25:11.805+0000] {dag.py:4180} INFO - Setting next_dagrun for 01_music_ingestion_realtime to 2026-03-06 06:00:00+00:00, run_after=2026-03-06 07:00:00+00:00
[2026-03-06T07:25:11.838+0000] {processor.py:208} INFO - Processing /opt/airflow/dags/music_ingestion_dag.py took 0.132 seconds
[2026-03-06T07:25:42.147+0000] {processor.py:186} INFO - Started process (PID=677) to work on /opt/airflow/dags/music_ingestion_dag.py
[2026-03-06T07:25:42.148+0000] {processor.py:914} INFO - Processing file /opt/airflow/dags/music_ingestion_dag.py for tasks to queue
[2026-03-06T07:25:42.152+0000] {logging_mixin.py:190} INFO - [2026-03-06T07:25:42.151+0000] {dagbag.py:588} INFO - Filling up the DagBag from /opt/airflow/dags/music_ingestion_dag.py
[2026-03-06T07:25:42.174+0000] {processor.py:925} INFO - DAG(s) '01_music_ingestion_realtime' retrieved from /opt/airflow/dags/music_ingestion_dag.py
[2026-03-06T07:25:42.212+0000] {logging_mixin.py:190} INFO - [2026-03-06T07:25:42.212+0000] {dag.py:3239} INFO - Sync 1 DAGs
[2026-03-06T07:25:42.246+0000] {logging_mixin.py:190} INFO - [2026-03-06T07:25:42.246+0000] {dag.py:4180} INFO - Setting next_dagrun for 01_music_ingestion_realtime to 2026-03-06 06:00:00+00:00, run_after=2026-03-06 07:00:00+00:00
[2026-03-06T07:25:42.276+0000] {processor.py:208} INFO - Processing /opt/airflow/dags/music_ingestion_dag.py took 0.136 seconds
[2026-03-06T07:26:12.664+0000] {processor.py:186} INFO - Started process (PID=687) to work on /opt/airflow/dags/music_ingestion_dag.py
[2026-03-06T07:26:12.665+0000] {processor.py:914} INFO - Processing file /opt/airflow/dags/music_ingestion_dag.py for tasks to queue
[2026-03-06T07:26:12.669+0000] {logging_mixin.py:190} INFO - [2026-03-06T07:26:12.669+0000] {dagbag.py:588} INFO - Filling up the DagBag from /opt/airflow/dags/music_ingestion_dag.py
[2026-03-06T07:26:12.690+0000] {processor.py:925} INFO - DAG(s) '01_music_ingestion_realtime' retrieved from /opt/airflow/dags/music_ingestion_dag.py
[2026-03-06T07:26:12.730+0000] {logging_mixin.py:190} INFO - [2026-03-06T07:26:12.729+0000] {dag.py:3239} INFO - Sync 1 DAGs
[2026-03-06T07:26:12.770+0000] {logging_mixin.py:190} INFO - [2026-03-06T07:26:12.770+0000] {dag.py:4180} INFO - Setting next_dagrun for 01_music_ingestion_realtime to 2026-03-06 06:00:00+00:00, run_after=2026-03-06 07:00:00+00:00
[2026-03-06T07:26:12.804+0000] {processor.py:208} INFO - Processing /opt/airflow/dags/music_ingestion_dag.py took 0.147 seconds
[2026-03-06T07:26:43.735+0000] {processor.py:186} INFO - Started process (PID=697) to work on /opt/airflow/dags/music_ingestion_dag.py
[2026-03-06T07:26:43.736+0000] {processor.py:914} INFO - Processing file /opt/airflow/dags/music_ingestion_dag.py for tasks to queue
[2026-03-06T07:26:43.740+0000] {logging_mixin.py:190} INFO - [2026-03-06T07:26:43.740+0000] {dagbag.py:588} INFO - Filling up the DagBag from /opt/airflow/dags/music_ingestion_dag.py
[2026-03-06T07:26:43.766+0000] {processor.py:925} INFO - DAG(s) '01_music_ingestion_realtime' retrieved from /opt/airflow/dags/music_ingestion_dag.py
[2026-03-06T07:26:43.800+0000] {logging_mixin.py:190} INFO - [2026-03-06T07:26:43.800+0000] {dag.py:3239} INFO - Sync 1 DAGs
[2026-03-06T07:26:43.831+0000] {logging_mixin.py:190} INFO - [2026-03-06T07:26:43.831+0000] {dag.py:4180} INFO - Setting next_dagrun for 01_music_ingestion_realtime to 2026-03-06 06:00:00+00:00, run_after=2026-03-06 07:00:00+00:00
[2026-03-06T07:26:43.863+0000] {processor.py:208} INFO - Processing /opt/airflow/dags/music_ingestion_dag.py took 0.136 seconds
[2026-03-06T07:27:14.143+0000] {processor.py:186} INFO - Started process (PID=707) to work on /opt/airflow/dags/music_ingestion_dag.py
[2026-03-06T07:27:14.144+0000] {processor.py:914} INFO - Processing file /opt/airflow/dags/music_ingestion_dag.py for tasks to queue
[2026-03-06T07:27:14.148+0000] {logging_mixin.py:190} INFO - [2026-03-06T07:27:14.148+0000] {dagbag.py:588} INFO - Filling up the DagBag from /opt/airflow/dags/music_ingestion_dag.py
[2026-03-06T07:27:14.171+0000] {processor.py:925} INFO - DAG(s) '01_music_ingestion_realtime' retrieved from /opt/airflow/dags/music_ingestion_dag.py
[2026-03-06T07:27:14.204+0000] {logging_mixin.py:190} INFO - [2026-03-06T07:27:14.204+0000] {dag.py:3239} INFO - Sync 1 DAGs
[2026-03-06T07:27:14.233+0000] {logging_mixin.py:190} INFO - [2026-03-06T07:27:14.233+0000] {dag.py:4180} INFO - Setting next_dagrun for 01_music_ingestion_realtime to 2026-03-06 06:00:00+00:00, run_after=2026-03-06 07:00:00+00:00
[2026-03-06T07:27:14.261+0000] {processor.py:208} INFO - Processing /opt/airflow/dags/music_ingestion_dag.py took 0.126 seconds
[2026-03-06T07:27:44.660+0000] {processor.py:186} INFO - Started process (PID=717) to work on /opt/airflow/dags/music_ingestion_dag.py
[2026-03-06T07:27:44.662+0000] {processor.py:914} INFO - Processing file /opt/airflow/dags/music_ingestion_dag.py for tasks to queue
[2026-03-06T07:27:44.665+0000] {logging_mixin.py:190} INFO - [2026-03-06T07:27:44.664+0000] {dagbag.py:588} INFO - Filling up the DagBag from /opt/airflow/dags/music_ingestion_dag.py
[2026-03-06T07:27:44.690+0000] {processor.py:925} INFO - DAG(s) '01_music_ingestion_realtime' retrieved from /opt/airflow/dags/music_ingestion_dag.py
[2026-03-06T07:27:44.723+0000] {logging_mixin.py:190} INFO - [2026-03-06T07:27:44.723+0000] {dag.py:3239} INFO - Sync 1 DAGs
[2026-03-06T07:27:44.753+0000] {logging_mixin.py:190} INFO - [2026-03-06T07:27:44.753+0000] {dag.py:4180} INFO - Setting next_dagrun for 01_music_ingestion_realtime to 2026-03-06 06:00:00+00:00, run_after=2026-03-06 07:00:00+00:00
[2026-03-06T07:27:44.783+0000] {processor.py:208} INFO - Processing /opt/airflow/dags/music_ingestion_dag.py took 0.130 seconds
[2026-03-06T07:28:15.194+0000] {processor.py:186} INFO - Started process (PID=891) to work on /opt/airflow/dags/music_ingestion_dag.py
[2026-03-06T07:28:15.195+0000] {processor.py:914} INFO - Processing file /opt/airflow/dags/music_ingestion_dag.py for tasks to queue
[2026-03-06T07:28:15.198+0000] {logging_mixin.py:190} INFO - [2026-03-06T07:28:15.198+0000] {dagbag.py:588} INFO - Filling up the DagBag from /opt/airflow/dags/music_ingestion_dag.py
[2026-03-06T07:28:15.222+0000] {processor.py:925} INFO - DAG(s) '01_music_ingestion_realtime' retrieved from /opt/airflow/dags/music_ingestion_dag.py
[2026-03-06T07:28:15.273+0000] {logging_mixin.py:190} INFO - [2026-03-06T07:28:15.273+0000] {dag.py:3239} INFO - Sync 1 DAGs
[2026-03-06T07:28:15.316+0000] {logging_mixin.py:190} INFO - [2026-03-06T07:28:15.316+0000] {dag.py:4180} INFO - Setting next_dagrun for 01_music_ingestion_realtime to 2026-03-06 06:00:00+00:00, run_after=2026-03-06 07:00:00+00:00
[2026-03-06T07:28:15.354+0000] {processor.py:208} INFO - Processing /opt/airflow/dags/music_ingestion_dag.py took 0.166 seconds
[2026-03-06T07:28:45.607+0000] {processor.py:186} INFO - Started process (PID=901) to work on /opt/airflow/dags/music_ingestion_dag.py
[2026-03-06T07:28:45.610+0000] {processor.py:914} INFO - Processing file /opt/airflow/dags/music_ingestion_dag.py for tasks to queue
[2026-03-06T07:28:45.615+0000] {logging_mixin.py:190} INFO - [2026-03-06T07:28:45.614+0000] {dagbag.py:588} INFO - Filling up the DagBag from /opt/airflow/dags/music_ingestion_dag.py
[2026-03-06T07:28:45.651+0000] {processor.py:925} INFO - DAG(s) '01_music_ingestion_realtime' retrieved from /opt/airflow/dags/music_ingestion_dag.py
[2026-03-06T07:28:45.690+0000] {logging_mixin.py:190} INFO - [2026-03-06T07:28:45.690+0000] {dag.py:3239} INFO - Sync 1 DAGs
[2026-03-06T07:28:45.725+0000] {logging_mixin.py:190} INFO - [2026-03-06T07:28:45.724+0000] {dag.py:4180} INFO - Setting next_dagrun for 01_music_ingestion_realtime to 2026-03-06 06:00:00+00:00, run_after=2026-03-06 07:00:00+00:00
[2026-03-06T07:28:45.757+0000] {processor.py:208} INFO - Processing /opt/airflow/dags/music_ingestion_dag.py took 0.162 seconds
[2026-03-06T07:29:16.160+0000] {processor.py:186} INFO - Started process (PID=911) to work on /opt/airflow/dags/music_ingestion_dag.py
[2026-03-06T07:29:16.162+0000] {processor.py:914} INFO - Processing file /opt/airflow/dags/music_ingestion_dag.py for tasks to queue
[2026-03-06T07:29:16.165+0000] {logging_mixin.py:190} INFO - [2026-03-06T07:29:16.165+0000] {dagbag.py:588} INFO - Filling up the DagBag from /opt/airflow/dags/music_ingestion_dag.py
[2026-03-06T07:29:16.189+0000] {processor.py:925} INFO - DAG(s) '01_music_ingestion_realtime' retrieved from /opt/airflow/dags/music_ingestion_dag.py
[2026-03-06T07:29:16.225+0000] {logging_mixin.py:190} INFO - [2026-03-06T07:29:16.225+0000] {dag.py:3239} INFO - Sync 1 DAGs
[2026-03-06T07:29:16.268+0000] {logging_mixin.py:190} INFO - [2026-03-06T07:29:16.267+0000] {dag.py:4180} INFO - Setting next_dagrun for 01_music_ingestion_realtime to 2026-03-06 06:00:00+00:00, run_after=2026-03-06 07:00:00+00:00
[2026-03-06T07:29:16.298+0000] {processor.py:208} INFO - Processing /opt/airflow/dags/music_ingestion_dag.py took 0.145 seconds
[2026-03-06T07:29:46.765+0000] {processor.py:186} INFO - Started process (PID=921) to work on /opt/airflow/dags/music_ingestion_dag.py
[2026-03-06T07:29:46.766+0000] {processor.py:914} INFO - Processing file /opt/airflow/dags/music_ingestion_dag.py for tasks to queue
[2026-03-06T07:29:46.770+0000] {logging_mixin.py:190} INFO - [2026-03-06T07:29:46.770+0000] {dagbag.py:588} INFO - Filling up the DagBag from /opt/airflow/dags/music_ingestion_dag.py
[2026-03-06T07:29:46.798+0000] {processor.py:925} INFO - DAG(s) '01_music_ingestion_realtime' retrieved from /opt/airflow/dags/music_ingestion_dag.py
[2026-03-06T07:29:46.836+0000] {logging_mixin.py:190} INFO - [2026-03-06T07:29:46.836+0000] {dag.py:3239} INFO - Sync 1 DAGs
[2026-03-06T07:29:46.880+0000] {logging_mixin.py:190} INFO - [2026-03-06T07:29:46.880+0000] {dag.py:4180} INFO - Setting next_dagrun for 01_music_ingestion_realtime to 2026-03-06 06:00:00+00:00, run_after=2026-03-06 07:00:00+00:00
[2026-03-06T07:29:46.908+0000] {processor.py:208} INFO - Processing /opt/airflow/dags/music_ingestion_dag.py took 0.151 seconds
[2026-03-06T07:30:17.212+0000] {processor.py:186} INFO - Started process (PID=931) to work on /opt/airflow/dags/music_ingestion_dag.py
[2026-03-06T07:30:17.213+0000] {processor.py:914} INFO - Processing file /opt/airflow/dags/music_ingestion_dag.py for tasks to queue
[2026-03-06T07:30:17.217+0000] {logging_mixin.py:190} INFO - [2026-03-06T07:30:17.217+0000] {dagbag.py:588} INFO - Filling up the DagBag from /opt/airflow/dags/music_ingestion_dag.py
[2026-03-06T07:30:17.254+0000] {processor.py:925} INFO - DAG(s) '01_music_ingestion_realtime' retrieved from /opt/airflow/dags/music_ingestion_dag.py
[2026-03-06T07:30:17.290+0000] {logging_mixin.py:190} INFO - [2026-03-06T07:30:17.290+0000] {dag.py:3239} INFO - Sync 1 DAGs
[2026-03-06T07:30:17.320+0000] {logging_mixin.py:190} INFO - [2026-03-06T07:30:17.319+0000] {dag.py:4180} INFO - Setting next_dagrun for 01_music_ingestion_realtime to 2026-03-06 06:00:00+00:00, run_after=2026-03-06 07:00:00+00:00
[2026-03-06T07:30:17.351+0000] {processor.py:208} INFO - Processing /opt/airflow/dags/music_ingestion_dag.py took 0.146 seconds
[2026-03-06T07:30:47.688+0000] {processor.py:186} INFO - Started process (PID=941) to work on /opt/airflow/dags/music_ingestion_dag.py
[2026-03-06T07:30:47.689+0000] {processor.py:914} INFO - Processing file /opt/airflow/dags/music_ingestion_dag.py for tasks to queue
[2026-03-06T07:30:47.693+0000] {logging_mixin.py:190} INFO - [2026-03-06T07:30:47.693+0000] {dagbag.py:588} INFO - Filling up the DagBag from /opt/airflow/dags/music_ingestion_dag.py
[2026-03-06T07:30:47.718+0000] {processor.py:925} INFO - DAG(s) '01_music_ingestion_realtime' retrieved from /opt/airflow/dags/music_ingestion_dag.py
[2026-03-06T07:30:47.755+0000] {logging_mixin.py:190} INFO - [2026-03-06T07:30:47.755+0000] {dag.py:3239} INFO - Sync 1 DAGs
[2026-03-06T07:30:47.783+0000] {logging_mixin.py:190} INFO - [2026-03-06T07:30:47.783+0000] {dag.py:4180} INFO - Setting next_dagrun for 01_music_ingestion_realtime to 2026-03-06 06:00:00+00:00, run_after=2026-03-06 07:00:00+00:00
[2026-03-06T07:30:47.813+0000] {processor.py:208} INFO - Processing /opt/airflow/dags/music_ingestion_dag.py took 0.132 seconds
[2026-03-06T07:31:18.269+0000] {processor.py:186} INFO - Started process (PID=951) to work on /opt/airflow/dags/music_ingestion_dag.py
[2026-03-06T07:31:18.270+0000] {processor.py:914} INFO - Processing file /opt/airflow/dags/music_ingestion_dag.py for tasks to queue
[2026-03-06T07:31:18.273+0000] {logging_mixin.py:190} INFO - [2026-03-06T07:31:18.273+0000] {dagbag.py:588} INFO - Filling up the DagBag from /opt/airflow/dags/music_ingestion_dag.py
[2026-03-06T07:31:18.298+0000] {processor.py:925} INFO - DAG(s) '01_music_ingestion_realtime' retrieved from /opt/airflow/dags/music_ingestion_dag.py
[2026-03-06T07:31:18.333+0000] {logging_mixin.py:190} INFO - [2026-03-06T07:31:18.332+0000] {dag.py:3239} INFO - Sync 1 DAGs
[2026-03-06T07:31:18.364+0000] {logging_mixin.py:190} INFO - [2026-03-06T07:31:18.364+0000] {dag.py:4180} INFO - Setting next_dagrun for 01_music_ingestion_realtime to 2026-03-06 06:00:00+00:00, run_after=2026-03-06 07:00:00+00:00
[2026-03-06T07:31:18.394+0000] {processor.py:208} INFO - Processing /opt/airflow/dags/music_ingestion_dag.py took 0.132 seconds
[2026-03-06T07:31:48.680+0000] {processor.py:186} INFO - Started process (PID=961) to work on /opt/airflow/dags/music_ingestion_dag.py
[2026-03-06T07:31:48.682+0000] {processor.py:914} INFO - Processing file /opt/airflow/dags/music_ingestion_dag.py for tasks to queue
[2026-03-06T07:31:48.687+0000] {logging_mixin.py:190} INFO - [2026-03-06T07:31:48.687+0000] {dagbag.py:588} INFO - Filling up the DagBag from /opt/airflow/dags/music_ingestion_dag.py
[2026-03-06T07:31:48.714+0000] {processor.py:925} INFO - DAG(s) '01_music_ingestion_realtime' retrieved from /opt/airflow/dags/music_ingestion_dag.py
[2026-03-06T07:31:48.755+0000] {logging_mixin.py:190} INFO - [2026-03-06T07:31:48.755+0000] {dag.py:3239} INFO - Sync 1 DAGs
[2026-03-06T07:31:48.792+0000] {logging_mixin.py:190} INFO - [2026-03-06T07:31:48.791+0000] {dag.py:4180} INFO - Setting next_dagrun for 01_music_ingestion_realtime to 2026-03-06 06:00:00+00:00, run_after=2026-03-06 07:00:00+00:00
[2026-03-06T07:31:48.823+0000] {processor.py:208} INFO - Processing /opt/airflow/dags/music_ingestion_dag.py took 0.151 seconds
[2026-03-06T07:32:19.295+0000] {processor.py:186} INFO - Started process (PID=971) to work on /opt/airflow/dags/music_ingestion_dag.py
[2026-03-06T07:32:19.296+0000] {processor.py:914} INFO - Processing file /opt/airflow/dags/music_ingestion_dag.py for tasks to queue
[2026-03-06T07:32:19.298+0000] {logging_mixin.py:190} INFO - [2026-03-06T07:32:19.298+0000] {dagbag.py:588} INFO - Filling up the DagBag from /opt/airflow/dags/music_ingestion_dag.py
[2026-03-06T07:32:19.320+0000] {processor.py:925} INFO - DAG(s) '01_music_ingestion_realtime' retrieved from /opt/airflow/dags/music_ingestion_dag.py
[2026-03-06T07:32:19.351+0000] {logging_mixin.py:190} INFO - [2026-03-06T07:32:19.351+0000] {dag.py:3239} INFO - Sync 1 DAGs
[2026-03-06T07:32:19.379+0000] {logging_mixin.py:190} INFO - [2026-03-06T07:32:19.379+0000] {dag.py:4180} INFO - Setting next_dagrun for 01_music_ingestion_realtime to 2026-03-06 06:00:00+00:00, run_after=2026-03-06 07:00:00+00:00
[2026-03-06T07:32:19.409+0000] {processor.py:208} INFO - Processing /opt/airflow/dags/music_ingestion_dag.py took 0.120 seconds
[2026-03-06T07:32:49.740+0000] {processor.py:186} INFO - Started process (PID=981) to work on /opt/airflow/dags/music_ingestion_dag.py
[2026-03-06T07:32:49.741+0000] {processor.py:914} INFO - Processing file /opt/airflow/dags/music_ingestion_dag.py for tasks to queue
[2026-03-06T07:32:49.744+0000] {logging_mixin.py:190} INFO - [2026-03-06T07:32:49.744+0000] {dagbag.py:588} INFO - Filling up the DagBag from /opt/airflow/dags/music_ingestion_dag.py
[2026-03-06T07:32:49.766+0000] {processor.py:925} INFO - DAG(s) '01_music_ingestion_realtime' retrieved from /opt/airflow/dags/music_ingestion_dag.py
[2026-03-06T07:32:49.797+0000] {logging_mixin.py:190} INFO - [2026-03-06T07:32:49.797+0000] {dag.py:3239} INFO - Sync 1 DAGs
[2026-03-06T07:32:49.827+0000] {logging_mixin.py:190} INFO - [2026-03-06T07:32:49.826+0000] {dag.py:4180} INFO - Setting next_dagrun for 01_music_ingestion_realtime to 2026-03-06 06:00:00+00:00, run_after=2026-03-06 07:00:00+00:00
[2026-03-06T07:32:49.856+0000] {processor.py:208} INFO - Processing /opt/airflow/dags/music_ingestion_dag.py took 0.123 seconds
[2026-03-06T07:33:20.226+0000] {processor.py:186} INFO - Started process (PID=1062) to work on /opt/airflow/dags/music_ingestion_dag.py
[2026-03-06T07:33:20.228+0000] {processor.py:914} INFO - Processing file /opt/airflow/dags/music_ingestion_dag.py for tasks to queue
[2026-03-06T07:33:20.235+0000] {logging_mixin.py:190} INFO - [2026-03-06T07:33:20.234+0000] {dagbag.py:588} INFO - Filling up the DagBag from /opt/airflow/dags/music_ingestion_dag.py
[2026-03-06T07:33:20.288+0000] {processor.py:925} INFO - DAG(s) '01_music_ingestion_realtime' retrieved from /opt/airflow/dags/music_ingestion_dag.py
[2026-03-06T07:33:20.352+0000] {logging_mixin.py:190} INFO - [2026-03-06T07:33:20.351+0000] {dag.py:3239} INFO - Sync 1 DAGs
[2026-03-06T07:33:20.456+0000] {logging_mixin.py:190} INFO - [2026-03-06T07:33:20.455+0000] {dag.py:4180} INFO - Setting next_dagrun for 01_music_ingestion_realtime to 2026-03-06 06:00:00+00:00, run_after=2026-03-06 07:00:00+00:00
[2026-03-06T07:33:20.516+0000] {processor.py:208} INFO - Processing /opt/airflow/dags/music_ingestion_dag.py took 0.314 seconds
[2026-03-06T07:33:50.658+0000] {processor.py:186} INFO - Started process (PID=1161) to work on /opt/airflow/dags/music_ingestion_dag.py
[2026-03-06T07:33:50.660+0000] {processor.py:914} INFO - Processing file /opt/airflow/dags/music_ingestion_dag.py for tasks to queue
[2026-03-06T07:33:50.667+0000] {logging_mixin.py:190} INFO - [2026-03-06T07:33:50.666+0000] {dagbag.py:588} INFO - Filling up the DagBag from /opt/airflow/dags/music_ingestion_dag.py
[2026-03-06T07:33:50.698+0000] {processor.py:925} INFO - DAG(s) '01_music_ingestion_realtime' retrieved from /opt/airflow/dags/music_ingestion_dag.py
[2026-03-06T07:33:50.747+0000] {logging_mixin.py:190} INFO - [2026-03-06T07:33:50.746+0000] {dag.py:3239} INFO - Sync 1 DAGs
[2026-03-06T07:33:50.788+0000] {logging_mixin.py:190} INFO - [2026-03-06T07:33:50.787+0000] {dag.py:4180} INFO - Setting next_dagrun for 01_music_ingestion_realtime to 2026-03-06 06:00:00+00:00, run_after=2026-03-06 07:00:00+00:00
[2026-03-06T07:33:50.811+0000] {processor.py:208} INFO - Processing /opt/airflow/dags/music_ingestion_dag.py took 0.163 seconds
[2026-03-06T07:34:21.069+0000] {processor.py:186} INFO - Started process (PID=1171) to work on /opt/airflow/dags/music_ingestion_dag.py
[2026-03-06T07:34:21.072+0000] {processor.py:914} INFO - Processing file /opt/airflow/dags/music_ingestion_dag.py for tasks to queue
[2026-03-06T07:34:21.078+0000] {logging_mixin.py:190} INFO - [2026-03-06T07:34:21.078+0000] {dagbag.py:588} INFO - Filling up the DagBag from /opt/airflow/dags/music_ingestion_dag.py
[2026-03-06T07:34:21.110+0000] {processor.py:925} INFO - DAG(s) '01_music_ingestion_realtime' retrieved from /opt/airflow/dags/music_ingestion_dag.py
[2026-03-06T07:34:21.147+0000] {logging_mixin.py:190} INFO - [2026-03-06T07:34:21.146+0000] {dag.py:3239} INFO - Sync 1 DAGs
[2026-03-06T07:34:21.184+0000] {logging_mixin.py:190} INFO - [2026-03-06T07:34:21.184+0000] {dag.py:4180} INFO - Setting next_dagrun for 01_music_ingestion_realtime to 2026-03-06 06:00:00+00:00, run_after=2026-03-06 07:00:00+00:00
[2026-03-06T07:34:21.214+0000] {processor.py:208} INFO - Processing /opt/airflow/dags/music_ingestion_dag.py took 0.158 seconds
[2026-03-06T07:34:51.667+0000] {processor.py:186} INFO - Started process (PID=1181) to work on /opt/airflow/dags/music_ingestion_dag.py
[2026-03-06T07:34:51.669+0000] {processor.py:914} INFO - Processing file /opt/airflow/dags/music_ingestion_dag.py for tasks to queue
[2026-03-06T07:34:51.674+0000] {logging_mixin.py:190} INFO - [2026-03-06T07:34:51.674+0000] {dagbag.py:588} INFO - Filling up the DagBag from /opt/airflow/dags/music_ingestion_dag.py
[2026-03-06T07:34:51.698+0000] {processor.py:925} INFO - DAG(s) '01_music_ingestion_realtime' retrieved from /opt/airflow/dags/music_ingestion_dag.py
[2026-03-06T07:34:51.727+0000] {logging_mixin.py:190} INFO - [2026-03-06T07:34:51.727+0000] {dag.py:3239} INFO - Sync 1 DAGs
[2026-03-06T07:34:51.765+0000] {logging_mixin.py:190} INFO - [2026-03-06T07:34:51.764+0000] {dag.py:4180} INFO - Setting next_dagrun for 01_music_ingestion_realtime to 2026-03-06 06:00:00+00:00, run_after=2026-03-06 07:00:00+00:00
[2026-03-06T07:34:51.795+0000] {processor.py:208} INFO - Processing /opt/airflow/dags/music_ingestion_dag.py took 0.135 seconds
[2026-03-06T07:35:22.063+0000] {processor.py:186} INFO - Started process (PID=1191) to work on /opt/airflow/dags/music_ingestion_dag.py
[2026-03-06T07:35:22.065+0000] {processor.py:914} INFO - Processing file /opt/airflow/dags/music_ingestion_dag.py for tasks to queue
[2026-03-06T07:35:22.068+0000] {logging_mixin.py:190} INFO - [2026-03-06T07:35:22.068+0000] {dagbag.py:588} INFO - Filling up the DagBag from /opt/airflow/dags/music_ingestion_dag.py
[2026-03-06T07:35:22.095+0000] {processor.py:925} INFO - DAG(s) '01_music_ingestion_realtime' retrieved from /opt/airflow/dags/music_ingestion_dag.py
[2026-03-06T07:35:22.130+0000] {logging_mixin.py:190} INFO - [2026-03-06T07:35:22.130+0000] {dag.py:3239} INFO - Sync 1 DAGs
[2026-03-06T07:35:22.159+0000] {logging_mixin.py:190} INFO - [2026-03-06T07:35:22.159+0000] {dag.py:4180} INFO - Setting next_dagrun for 01_music_ingestion_realtime to 2026-03-06 06:00:00+00:00, run_after=2026-03-06 07:00:00+00:00
[2026-03-06T07:35:22.190+0000] {processor.py:208} INFO - Processing /opt/airflow/dags/music_ingestion_dag.py took 0.134 seconds
[2026-03-06T07:35:52.593+0000] {processor.py:186} INFO - Started process (PID=1201) to work on /opt/airflow/dags/music_ingestion_dag.py
[2026-03-06T07:35:52.594+0000] {processor.py:914} INFO - Processing file /opt/airflow/dags/music_ingestion_dag.py for tasks to queue
[2026-03-06T07:35:52.598+0000] {logging_mixin.py:190} INFO - [2026-03-06T07:35:52.597+0000] {dagbag.py:588} INFO - Filling up the DagBag from /opt/airflow/dags/music_ingestion_dag.py
[2026-03-06T07:35:52.627+0000] {processor.py:925} INFO - DAG(s) '01_music_ingestion_realtime' retrieved from /opt/airflow/dags/music_ingestion_dag.py
[2026-03-06T07:35:52.663+0000] {logging_mixin.py:190} INFO - [2026-03-06T07:35:52.663+0000] {dag.py:3239} INFO - Sync 1 DAGs
[2026-03-06T07:35:52.692+0000] {logging_mixin.py:190} INFO - [2026-03-06T07:35:52.692+0000] {dag.py:4180} INFO - Setting next_dagrun for 01_music_ingestion_realtime to 2026-03-06 06:00:00+00:00, run_after=2026-03-06 07:00:00+00:00
[2026-03-06T07:35:52.724+0000] {processor.py:208} INFO - Processing /opt/airflow/dags/music_ingestion_dag.py took 0.139 seconds
[2026-03-06T07:36:23.106+0000] {processor.py:186} INFO - Started process (PID=1211) to work on /opt/airflow/dags/music_ingestion_dag.py
[2026-03-06T07:36:23.108+0000] {processor.py:914} INFO - Processing file /opt/airflow/dags/music_ingestion_dag.py for tasks to queue
[2026-03-06T07:36:23.113+0000] {logging_mixin.py:190} INFO - [2026-03-06T07:36:23.113+0000] {dagbag.py:588} INFO - Filling up the DagBag from /opt/airflow/dags/music_ingestion_dag.py
[2026-03-06T07:36:23.151+0000] {processor.py:925} INFO - DAG(s) '01_music_ingestion_realtime' retrieved from /opt/airflow/dags/music_ingestion_dag.py
[2026-03-06T07:36:23.189+0000] {logging_mixin.py:190} INFO - [2026-03-06T07:36:23.189+0000] {dag.py:3239} INFO - Sync 1 DAGs
[2026-03-06T07:36:23.220+0000] {logging_mixin.py:190} INFO - [2026-03-06T07:36:23.219+0000] {dag.py:4180} INFO - Setting next_dagrun for 01_music_ingestion_realtime to 2026-03-06 06:00:00+00:00, run_after=2026-03-06 07:00:00+00:00
[2026-03-06T07:36:23.248+0000] {processor.py:208} INFO - Processing /opt/airflow/dags/music_ingestion_dag.py took 0.154 seconds
[2026-03-06T07:36:53.584+0000] {processor.py:186} INFO - Started process (PID=1221) to work on /opt/airflow/dags/music_ingestion_dag.py
[2026-03-06T07:36:53.586+0000] {processor.py:914} INFO - Processing file /opt/airflow/dags/music_ingestion_dag.py for tasks to queue
[2026-03-06T07:36:53.590+0000] {logging_mixin.py:190} INFO - [2026-03-06T07:36:53.590+0000] {dagbag.py:588} INFO - Filling up the DagBag from /opt/airflow/dags/music_ingestion_dag.py
[2026-03-06T07:36:53.618+0000] {processor.py:925} INFO - DAG(s) '01_music_ingestion_realtime' retrieved from /opt/airflow/dags/music_ingestion_dag.py
[2026-03-06T07:36:53.655+0000] {logging_mixin.py:190} INFO - [2026-03-06T07:36:53.655+0000] {dag.py:3239} INFO - Sync 1 DAGs
[2026-03-06T07:36:53.683+0000] {logging_mixin.py:190} INFO - [2026-03-06T07:36:53.683+0000] {dag.py:4180} INFO - Setting next_dagrun for 01_music_ingestion_realtime to 2026-03-06 06:00:00+00:00, run_after=2026-03-06 07:00:00+00:00
[2026-03-06T07:36:53.711+0000] {processor.py:208} INFO - Processing /opt/airflow/dags/music_ingestion_dag.py took 0.136 seconds
[2026-03-06T07:37:24.110+0000] {processor.py:186} INFO - Started process (PID=1231) to work on /opt/airflow/dags/music_ingestion_dag.py
[2026-03-06T07:37:24.112+0000] {processor.py:914} INFO - Processing file /opt/airflow/dags/music_ingestion_dag.py for tasks to queue
[2026-03-06T07:37:24.116+0000] {logging_mixin.py:190} INFO - [2026-03-06T07:37:24.116+0000] {dagbag.py:588} INFO - Filling up the DagBag from /opt/airflow/dags/music_ingestion_dag.py
[2026-03-06T07:37:24.153+0000] {processor.py:925} INFO - DAG(s) '01_music_ingestion_realtime' retrieved from /opt/airflow/dags/music_ingestion_dag.py
[2026-03-06T07:37:24.197+0000] {logging_mixin.py:190} INFO - [2026-03-06T07:37:24.197+0000] {dag.py:3239} INFO - Sync 1 DAGs
[2026-03-06T07:37:24.230+0000] {logging_mixin.py:190} INFO - [2026-03-06T07:37:24.230+0000] {dag.py:4180} INFO - Setting next_dagrun for 01_music_ingestion_realtime to 2026-03-06 06:00:00+00:00, run_after=2026-03-06 07:00:00+00:00
[2026-03-06T07:37:24.259+0000] {processor.py:208} INFO - Processing /opt/airflow/dags/music_ingestion_dag.py took 0.159 seconds
[2026-03-06T07:37:54.494+0000] {processor.py:186} INFO - Started process (PID=1241) to work on /opt/airflow/dags/music_ingestion_dag.py
[2026-03-06T07:37:54.496+0000] {processor.py:914} INFO - Processing file /opt/airflow/dags/music_ingestion_dag.py for tasks to queue
[2026-03-06T07:37:54.500+0000] {logging_mixin.py:190} INFO - [2026-03-06T07:37:54.499+0000] {dagbag.py:588} INFO - Filling up the DagBag from /opt/airflow/dags/music_ingestion_dag.py
[2026-03-06T07:37:54.535+0000] {processor.py:925} INFO - DAG(s) '01_music_ingestion_realtime' retrieved from /opt/airflow/dags/music_ingestion_dag.py
[2026-03-06T07:37:54.576+0000] {logging_mixin.py:190} INFO - [2026-03-06T07:37:54.576+0000] {dag.py:3239} INFO - Sync 1 DAGs
[2026-03-06T07:37:54.610+0000] {logging_mixin.py:190} INFO - [2026-03-06T07:37:54.610+0000] {dag.py:4180} INFO - Setting next_dagrun for 01_music_ingestion_realtime to 2026-03-06 06:00:00+00:00, run_after=2026-03-06 07:00:00+00:00
[2026-03-06T07:37:54.642+0000] {processor.py:208} INFO - Processing /opt/airflow/dags/music_ingestion_dag.py took 0.158 seconds
[2026-03-06T07:38:25.004+0000] {processor.py:186} INFO - Started process (PID=1251) to work on /opt/airflow/dags/music_ingestion_dag.py
[2026-03-06T07:38:25.006+0000] {processor.py:914} INFO - Processing file /opt/airflow/dags/music_ingestion_dag.py for tasks to queue
[2026-03-06T07:38:25.011+0000] {logging_mixin.py:190} INFO - [2026-03-06T07:38:25.010+0000] {dagbag.py:588} INFO - Filling up the DagBag from /opt/airflow/dags/music_ingestion_dag.py
[2026-03-06T07:38:25.042+0000] {processor.py:925} INFO - DAG(s) '01_music_ingestion_realtime' retrieved from /opt/airflow/dags/music_ingestion_dag.py
[2026-03-06T07:38:25.081+0000] {logging_mixin.py:190} INFO - [2026-03-06T07:38:25.081+0000] {dag.py:3239} INFO - Sync 1 DAGs
[2026-03-06T07:38:25.116+0000] {logging_mixin.py:190} INFO - [2026-03-06T07:38:25.116+0000] {dag.py:4180} INFO - Setting next_dagrun for 01_music_ingestion_realtime to 2026-03-06 06:00:00+00:00, run_after=2026-03-06 07:00:00+00:00
[2026-03-06T07:38:25.149+0000] {processor.py:208} INFO - Processing /opt/airflow/dags/music_ingestion_dag.py took 0.152 seconds
[2026-03-06T07:38:55.379+0000] {processor.py:186} INFO - Started process (PID=1261) to work on /opt/airflow/dags/music_ingestion_dag.py
[2026-03-06T07:38:55.381+0000] {processor.py:914} INFO - Processing file /opt/airflow/dags/music_ingestion_dag.py for tasks to queue
[2026-03-06T07:38:55.385+0000] {logging_mixin.py:190} INFO - [2026-03-06T07:38:55.385+0000] {dagbag.py:588} INFO - Filling up the DagBag from /opt/airflow/dags/music_ingestion_dag.py
[2026-03-06T07:38:55.408+0000] {processor.py:925} INFO - DAG(s) '01_music_ingestion_realtime' retrieved from /opt/airflow/dags/music_ingestion_dag.py
[2026-03-06T07:38:55.441+0000] {logging_mixin.py:190} INFO - [2026-03-06T07:38:55.440+0000] {dag.py:3239} INFO - Sync 1 DAGs
[2026-03-06T07:38:55.470+0000] {logging_mixin.py:190} INFO - [2026-03-06T07:38:55.469+0000] {dag.py:4180} INFO - Setting next_dagrun for 01_music_ingestion_realtime to 2026-03-06 06:00:00+00:00, run_after=2026-03-06 07:00:00+00:00
[2026-03-06T07:38:55.509+0000] {processor.py:208} INFO - Processing /opt/airflow/dags/music_ingestion_dag.py took 0.137 seconds
[2026-03-06T07:39:25.878+0000] {processor.py:186} INFO - Started process (PID=1271) to work on /opt/airflow/dags/music_ingestion_dag.py
[2026-03-06T07:39:25.879+0000] {processor.py:914} INFO - Processing file /opt/airflow/dags/music_ingestion_dag.py for tasks to queue
[2026-03-06T07:39:25.882+0000] {logging_mixin.py:190} INFO - [2026-03-06T07:39:25.881+0000] {dagbag.py:588} INFO - Filling up the DagBag from /opt/airflow/dags/music_ingestion_dag.py
[2026-03-06T07:39:25.907+0000] {processor.py:925} INFO - DAG(s) '01_music_ingestion_realtime' retrieved from /opt/airflow/dags/music_ingestion_dag.py
[2026-03-06T07:39:25.938+0000] {logging_mixin.py:190} INFO - [2026-03-06T07:39:25.938+0000] {dag.py:3239} INFO - Sync 1 DAGs
[2026-03-06T07:39:25.968+0000] {logging_mixin.py:190} INFO - [2026-03-06T07:39:25.968+0000] {dag.py:4180} INFO - Setting next_dagrun for 01_music_ingestion_realtime to 2026-03-06 06:00:00+00:00, run_after=2026-03-06 07:00:00+00:00
[2026-03-06T07:39:25.996+0000] {processor.py:208} INFO - Processing /opt/airflow/dags/music_ingestion_dag.py took 0.125 seconds
[2026-03-06T07:39:56.328+0000] {processor.py:186} INFO - Started process (PID=1281) to work on /opt/airflow/dags/music_ingestion_dag.py
[2026-03-06T07:39:56.329+0000] {processor.py:914} INFO - Processing file /opt/airflow/dags/music_ingestion_dag.py for tasks to queue
[2026-03-06T07:39:56.331+0000] {logging_mixin.py:190} INFO - [2026-03-06T07:39:56.331+0000] {dagbag.py:588} INFO - Filling up the DagBag from /opt/airflow/dags/music_ingestion_dag.py
[2026-03-06T07:39:56.353+0000] {processor.py:925} INFO - DAG(s) '01_music_ingestion_realtime' retrieved from /opt/airflow/dags/music_ingestion_dag.py
[2026-03-06T07:39:56.387+0000] {logging_mixin.py:190} INFO - [2026-03-06T07:39:56.387+0000] {dag.py:3239} INFO - Sync 1 DAGs
[2026-03-06T07:39:56.416+0000] {logging_mixin.py:190} INFO - [2026-03-06T07:39:56.416+0000] {dag.py:4180} INFO - Setting next_dagrun for 01_music_ingestion_realtime to 2026-03-06 06:00:00+00:00, run_after=2026-03-06 07:00:00+00:00
[2026-03-06T07:39:56.444+0000] {processor.py:208} INFO - Processing /opt/airflow/dags/music_ingestion_dag.py took 0.123 seconds
[2026-03-06T07:40:26.879+0000] {processor.py:186} INFO - Started process (PID=1291) to work on /opt/airflow/dags/music_ingestion_dag.py
[2026-03-06T07:40:26.880+0000] {processor.py:914} INFO - Processing file /opt/airflow/dags/music_ingestion_dag.py for tasks to queue
[2026-03-06T07:40:26.883+0000] {logging_mixin.py:190} INFO - [2026-03-06T07:40:26.883+0000] {dagbag.py:588} INFO - Filling up the DagBag from /opt/airflow/dags/music_ingestion_dag.py
[2026-03-06T07:40:26.906+0000] {processor.py:925} INFO - DAG(s) '01_music_ingestion_realtime' retrieved from /opt/airflow/dags/music_ingestion_dag.py
[2026-03-06T07:40:26.939+0000] {logging_mixin.py:190} INFO - [2026-03-06T07:40:26.939+0000] {dag.py:3239} INFO - Sync 1 DAGs
[2026-03-06T07:40:26.968+0000] {logging_mixin.py:190} INFO - [2026-03-06T07:40:26.967+0000] {dag.py:4180} INFO - Setting next_dagrun for 01_music_ingestion_realtime to 2026-03-06 06:00:00+00:00, run_after=2026-03-06 07:00:00+00:00
[2026-03-06T07:40:26.999+0000] {processor.py:208} INFO - Processing /opt/airflow/dags/music_ingestion_dag.py took 0.127 seconds
[2026-03-06T07:40:57.339+0000] {processor.py:186} INFO - Started process (PID=1301) to work on /opt/airflow/dags/music_ingestion_dag.py
[2026-03-06T07:40:57.340+0000] {processor.py:914} INFO - Processing file /opt/airflow/dags/music_ingestion_dag.py for tasks to queue
[2026-03-06T07:40:57.343+0000] {logging_mixin.py:190} INFO - [2026-03-06T07:40:57.343+0000] {dagbag.py:588} INFO - Filling up the DagBag from /opt/airflow/dags/music_ingestion_dag.py
[2026-03-06T07:40:57.367+0000] {processor.py:925} INFO - DAG(s) '01_music_ingestion_realtime' retrieved from /opt/airflow/dags/music_ingestion_dag.py
[2026-03-06T07:40:57.396+0000] {logging_mixin.py:190} INFO - [2026-03-06T07:40:57.396+0000] {dag.py:3239} INFO - Sync 1 DAGs
[2026-03-06T07:40:57.423+0000] {logging_mixin.py:190} INFO - [2026-03-06T07:40:57.423+0000] {dag.py:4180} INFO - Setting next_dagrun for 01_music_ingestion_realtime to 2026-03-06 06:00:00+00:00, run_after=2026-03-06 07:00:00+00:00
[2026-03-06T07:40:57.457+0000] {processor.py:208} INFO - Processing /opt/airflow/dags/music_ingestion_dag.py took 0.125 seconds
[2026-03-06T07:41:27.846+0000] {processor.py:186} INFO - Started process (PID=1311) to work on /opt/airflow/dags/music_ingestion_dag.py
[2026-03-06T07:41:27.847+0000] {processor.py:914} INFO - Processing file /opt/airflow/dags/music_ingestion_dag.py for tasks to queue
[2026-03-06T07:41:27.851+0000] {logging_mixin.py:190} INFO - [2026-03-06T07:41:27.851+0000] {dagbag.py:588} INFO - Filling up the DagBag from /opt/airflow/dags/music_ingestion_dag.py
[2026-03-06T07:41:27.874+0000] {processor.py:925} INFO - DAG(s) '01_music_ingestion_realtime' retrieved from /opt/airflow/dags/music_ingestion_dag.py
[2026-03-06T07:41:27.905+0000] {logging_mixin.py:190} INFO - [2026-03-06T07:41:27.905+0000] {dag.py:3239} INFO - Sync 1 DAGs
[2026-03-06T07:41:27.934+0000] {logging_mixin.py:190} INFO - [2026-03-06T07:41:27.934+0000] {dag.py:4180} INFO - Setting next_dagrun for 01_music_ingestion_realtime to 2026-03-06 06:00:00+00:00, run_after=2026-03-06 07:00:00+00:00
[2026-03-06T07:41:27.964+0000] {processor.py:208} INFO - Processing /opt/airflow/dags/music_ingestion_dag.py took 0.126 seconds
[2026-03-06T07:41:58.290+0000] {processor.py:186} INFO - Started process (PID=1321) to work on /opt/airflow/dags/music_ingestion_dag.py
[2026-03-06T07:41:58.292+0000] {processor.py:914} INFO - Processing file /opt/airflow/dags/music_ingestion_dag.py for tasks to queue
[2026-03-06T07:41:58.297+0000] {logging_mixin.py:190} INFO - [2026-03-06T07:41:58.296+0000] {dagbag.py:588} INFO - Filling up the DagBag from /opt/airflow/dags/music_ingestion_dag.py
[2026-03-06T07:41:58.322+0000] {processor.py:925} INFO - DAG(s) '01_music_ingestion_realtime' retrieved from /opt/airflow/dags/music_ingestion_dag.py
[2026-03-06T07:41:58.361+0000] {logging_mixin.py:190} INFO - [2026-03-06T07:41:58.361+0000] {dag.py:3239} INFO - Sync 1 DAGs
[2026-03-06T07:41:58.390+0000] {logging_mixin.py:190} INFO - [2026-03-06T07:41:58.390+0000] {dag.py:4180} INFO - Setting next_dagrun for 01_music_ingestion_realtime to 2026-03-06 06:00:00+00:00, run_after=2026-03-06 07:00:00+00:00
[2026-03-06T07:41:58.421+0000] {processor.py:208} INFO - Processing /opt/airflow/dags/music_ingestion_dag.py took 0.138 seconds
[2026-03-06T07:42:28.799+0000] {processor.py:186} INFO - Started process (PID=1331) to work on /opt/airflow/dags/music_ingestion_dag.py
[2026-03-06T07:42:28.800+0000] {processor.py:914} INFO - Processing file /opt/airflow/dags/music_ingestion_dag.py for tasks to queue
[2026-03-06T07:42:28.805+0000] {logging_mixin.py:190} INFO - [2026-03-06T07:42:28.804+0000] {dagbag.py:588} INFO - Filling up the DagBag from /opt/airflow/dags/music_ingestion_dag.py
[2026-03-06T07:42:28.827+0000] {processor.py:925} INFO - DAG(s) '01_music_ingestion_realtime' retrieved from /opt/airflow/dags/music_ingestion_dag.py
[2026-03-06T07:42:28.859+0000] {logging_mixin.py:190} INFO - [2026-03-06T07:42:28.859+0000] {dag.py:3239} INFO - Sync 1 DAGs
[2026-03-06T07:42:28.888+0000] {logging_mixin.py:190} INFO - [2026-03-06T07:42:28.887+0000] {dag.py:4180} INFO - Setting next_dagrun for 01_music_ingestion_realtime to 2026-03-06 06:00:00+00:00, run_after=2026-03-06 07:00:00+00:00
[2026-03-06T07:42:28.919+0000] {processor.py:208} INFO - Processing /opt/airflow/dags/music_ingestion_dag.py took 0.128 seconds
[2026-03-06T07:42:59.251+0000] {processor.py:186} INFO - Started process (PID=1341) to work on /opt/airflow/dags/music_ingestion_dag.py
[2026-03-06T07:42:59.253+0000] {processor.py:914} INFO - Processing file /opt/airflow/dags/music_ingestion_dag.py for tasks to queue
[2026-03-06T07:42:59.256+0000] {logging_mixin.py:190} INFO - [2026-03-06T07:42:59.256+0000] {dagbag.py:588} INFO - Filling up the DagBag from /opt/airflow/dags/music_ingestion_dag.py
[2026-03-06T07:42:59.280+0000] {processor.py:925} INFO - DAG(s) '01_music_ingestion_realtime' retrieved from /opt/airflow/dags/music_ingestion_dag.py
[2026-03-06T07:42:59.315+0000] {logging_mixin.py:190} INFO - [2026-03-06T07:42:59.315+0000] {dag.py:3239} INFO - Sync 1 DAGs
[2026-03-06T07:42:59.342+0000] {logging_mixin.py:190} INFO - [2026-03-06T07:42:59.342+0000] {dag.py:4180} INFO - Setting next_dagrun for 01_music_ingestion_realtime to 2026-03-06 06:00:00+00:00, run_after=2026-03-06 07:00:00+00:00
[2026-03-06T07:42:59.372+0000] {processor.py:208} INFO - Processing /opt/airflow/dags/music_ingestion_dag.py took 0.128 seconds
[2026-03-06T07:43:29.764+0000] {processor.py:186} INFO - Started process (PID=1351) to work on /opt/airflow/dags/music_ingestion_dag.py
[2026-03-06T07:43:29.766+0000] {processor.py:914} INFO - Processing file /opt/airflow/dags/music_ingestion_dag.py for tasks to queue
[2026-03-06T07:43:29.769+0000] {logging_mixin.py:190} INFO - [2026-03-06T07:43:29.768+0000] {dagbag.py:588} INFO - Filling up the DagBag from /opt/airflow/dags/music_ingestion_dag.py
[2026-03-06T07:43:29.794+0000] {processor.py:925} INFO - DAG(s) '01_music_ingestion_realtime' retrieved from /opt/airflow/dags/music_ingestion_dag.py
[2026-03-06T07:43:29.831+0000] {logging_mixin.py:190} INFO - [2026-03-06T07:43:29.830+0000] {dag.py:3239} INFO - Sync 1 DAGs
[2026-03-06T07:43:29.867+0000] {logging_mixin.py:190} INFO - [2026-03-06T07:43:29.867+0000] {dag.py:4180} INFO - Setting next_dagrun for 01_music_ingestion_realtime to 2026-03-06 06:00:00+00:00, run_after=2026-03-06 07:00:00+00:00
[2026-03-06T07:43:29.900+0000] {processor.py:208} INFO - Processing /opt/airflow/dags/music_ingestion_dag.py took 0.143 seconds
[2026-03-06T07:44:00.212+0000] {processor.py:186} INFO - Started process (PID=1361) to work on /opt/airflow/dags/music_ingestion_dag.py
[2026-03-06T07:44:00.214+0000] {processor.py:914} INFO - Processing file /opt/airflow/dags/music_ingestion_dag.py for tasks to queue
[2026-03-06T07:44:00.217+0000] {logging_mixin.py:190} INFO - [2026-03-06T07:44:00.216+0000] {dagbag.py:588} INFO - Filling up the DagBag from /opt/airflow/dags/music_ingestion_dag.py
[2026-03-06T07:44:00.239+0000] {processor.py:925} INFO - DAG(s) '01_music_ingestion_realtime' retrieved from /opt/airflow/dags/music_ingestion_dag.py
[2026-03-06T07:44:00.271+0000] {logging_mixin.py:190} INFO - [2026-03-06T07:44:00.270+0000] {dag.py:3239} INFO - Sync 1 DAGs
[2026-03-06T07:44:00.300+0000] {logging_mixin.py:190} INFO - [2026-03-06T07:44:00.300+0000] {dag.py:4180} INFO - Setting next_dagrun for 01_music_ingestion_realtime to 2026-03-06 06:00:00+00:00, run_after=2026-03-06 07:00:00+00:00
[2026-03-06T07:44:00.327+0000] {processor.py:208} INFO - Processing /opt/airflow/dags/music_ingestion_dag.py took 0.123 seconds
[2026-03-06T07:44:30.749+0000] {processor.py:186} INFO - Started process (PID=1371) to work on /opt/airflow/dags/music_ingestion_dag.py
[2026-03-06T07:44:30.751+0000] {processor.py:914} INFO - Processing file /opt/airflow/dags/music_ingestion_dag.py for tasks to queue
[2026-03-06T07:44:30.754+0000] {logging_mixin.py:190} INFO - [2026-03-06T07:44:30.753+0000] {dagbag.py:588} INFO - Filling up the DagBag from /opt/airflow/dags/music_ingestion_dag.py
[2026-03-06T07:44:30.781+0000] {processor.py:925} INFO - DAG(s) '01_music_ingestion_realtime' retrieved from /opt/airflow/dags/music_ingestion_dag.py
[2026-03-06T07:44:30.813+0000] {logging_mixin.py:190} INFO - [2026-03-06T07:44:30.812+0000] {dag.py:3239} INFO - Sync 1 DAGs
[2026-03-06T07:44:30.857+0000] {logging_mixin.py:190} INFO - [2026-03-06T07:44:30.857+0000] {dag.py:4180} INFO - Setting next_dagrun for 01_music_ingestion_realtime to 2026-03-06 06:00:00+00:00, run_after=2026-03-06 07:00:00+00:00
[2026-03-06T07:44:30.895+0000] {processor.py:208} INFO - Processing /opt/airflow/dags/music_ingestion_dag.py took 0.154 seconds
[2026-03-06T07:45:01.355+0000] {processor.py:186} INFO - Started process (PID=1381) to work on /opt/airflow/dags/music_ingestion_dag.py
[2026-03-06T07:45:01.356+0000] {processor.py:914} INFO - Processing file /opt/airflow/dags/music_ingestion_dag.py for tasks to queue
[2026-03-06T07:45:01.363+0000] {logging_mixin.py:190} INFO - [2026-03-06T07:45:01.362+0000] {dagbag.py:588} INFO - Filling up the DagBag from /opt/airflow/dags/music_ingestion_dag.py
[2026-03-06T07:45:01.401+0000] {processor.py:925} INFO - DAG(s) '01_music_ingestion_realtime' retrieved from /opt/airflow/dags/music_ingestion_dag.py
[2026-03-06T07:45:01.438+0000] {logging_mixin.py:190} INFO - [2026-03-06T07:45:01.438+0000] {dag.py:3239} INFO - Sync 1 DAGs
[2026-03-06T07:45:01.471+0000] {logging_mixin.py:190} INFO - [2026-03-06T07:45:01.471+0000] {dag.py:4180} INFO - Setting next_dagrun for 01_music_ingestion_realtime to 2026-03-06 06:00:00+00:00, run_after=2026-03-06 07:00:00+00:00
[2026-03-06T07:45:01.501+0000] {processor.py:208} INFO - Processing /opt/airflow/dags/music_ingestion_dag.py took 0.157 seconds
[2026-03-06T07:45:31.752+0000] {processor.py:186} INFO - Started process (PID=1391) to work on /opt/airflow/dags/music_ingestion_dag.py
[2026-03-06T07:45:31.754+0000] {processor.py:914} INFO - Processing file /opt/airflow/dags/music_ingestion_dag.py for tasks to queue
[2026-03-06T07:45:31.759+0000] {logging_mixin.py:190} INFO - [2026-03-06T07:45:31.759+0000] {dagbag.py:588} INFO - Filling up the DagBag from /opt/airflow/dags/music_ingestion_dag.py
[2026-03-06T07:45:31.788+0000] {processor.py:925} INFO - DAG(s) '01_music_ingestion_realtime' retrieved from /opt/airflow/dags/music_ingestion_dag.py
[2026-03-06T07:45:31.828+0000] {logging_mixin.py:190} INFO - [2026-03-06T07:45:31.827+0000] {dag.py:3239} INFO - Sync 1 DAGs
[2026-03-06T07:45:31.863+0000] {logging_mixin.py:190} INFO - [2026-03-06T07:45:31.863+0000] {dag.py:4180} INFO - Setting next_dagrun for 01_music_ingestion_realtime to 2026-03-06 06:00:00+00:00, run_after=2026-03-06 07:00:00+00:00
[2026-03-06T07:45:31.893+0000] {processor.py:208} INFO - Processing /opt/airflow/dags/music_ingestion_dag.py took 0.148 seconds
[2026-03-06T07:46:02.288+0000] {processor.py:186} INFO - Started process (PID=1401) to work on /opt/airflow/dags/music_ingestion_dag.py
[2026-03-06T07:46:02.290+0000] {processor.py:914} INFO - Processing file /opt/airflow/dags/music_ingestion_dag.py for tasks to queue
[2026-03-06T07:46:02.294+0000] {logging_mixin.py:190} INFO - [2026-03-06T07:46:02.293+0000] {dagbag.py:588} INFO - Filling up the DagBag from /opt/airflow/dags/music_ingestion_dag.py
[2026-03-06T07:46:02.318+0000] {processor.py:925} INFO - DAG(s) '01_music_ingestion_realtime' retrieved from /opt/airflow/dags/music_ingestion_dag.py
[2026-03-06T07:46:02.361+0000] {logging_mixin.py:190} INFO - [2026-03-06T07:46:02.361+0000] {dag.py:3239} INFO - Sync 1 DAGs
[2026-03-06T07:46:02.401+0000] {logging_mixin.py:190} INFO - [2026-03-06T07:46:02.400+0000] {dag.py:4180} INFO - Setting next_dagrun for 01_music_ingestion_realtime to 2026-03-06 06:00:00+00:00, run_after=2026-03-06 07:00:00+00:00
[2026-03-06T07:46:02.435+0000] {processor.py:208} INFO - Processing /opt/airflow/dags/music_ingestion_dag.py took 0.155 seconds
[2026-03-06T07:46:32.706+0000] {processor.py:186} INFO - Started process (PID=1411) to work on /opt/airflow/dags/music_ingestion_dag.py
[2026-03-06T07:46:32.708+0000] {processor.py:914} INFO - Processing file /opt/airflow/dags/music_ingestion_dag.py for tasks to queue
[2026-03-06T07:46:32.711+0000] {logging_mixin.py:190} INFO - [2026-03-06T07:46:32.710+0000] {dagbag.py:588} INFO - Filling up the DagBag from /opt/airflow/dags/music_ingestion_dag.py
[2026-03-06T07:46:32.732+0000] {processor.py:925} INFO - DAG(s) '01_music_ingestion_realtime' retrieved from /opt/airflow/dags/music_ingestion_dag.py
[2026-03-06T07:46:32.771+0000] {logging_mixin.py:190} INFO - [2026-03-06T07:46:32.771+0000] {dag.py:3239} INFO - Sync 1 DAGs
[2026-03-06T07:46:32.798+0000] {logging_mixin.py:190} INFO - [2026-03-06T07:46:32.798+0000] {dag.py:4180} INFO - Setting next_dagrun for 01_music_ingestion_realtime to 2026-03-06 06:00:00+00:00, run_after=2026-03-06 07:00:00+00:00
[2026-03-06T07:46:32.831+0000] {processor.py:208} INFO - Processing /opt/airflow/dags/music_ingestion_dag.py took 0.133 seconds
[2026-03-06T07:47:03.107+0000] {processor.py:186} INFO - Started process (PID=1421) to work on /opt/airflow/dags/music_ingestion_dag.py
[2026-03-06T07:47:03.108+0000] {processor.py:914} INFO - Processing file /opt/airflow/dags/music_ingestion_dag.py for tasks to queue
[2026-03-06T07:47:03.112+0000] {logging_mixin.py:190} INFO - [2026-03-06T07:47:03.111+0000] {dagbag.py:588} INFO - Filling up the DagBag from /opt/airflow/dags/music_ingestion_dag.py
[2026-03-06T07:47:03.138+0000] {processor.py:925} INFO - DAG(s) '01_music_ingestion_realtime' retrieved from /opt/airflow/dags/music_ingestion_dag.py
[2026-03-06T07:47:03.178+0000] {logging_mixin.py:190} INFO - [2026-03-06T07:47:03.177+0000] {dag.py:3239} INFO - Sync 1 DAGs
[2026-03-06T07:47:03.209+0000] {logging_mixin.py:190} INFO - [2026-03-06T07:47:03.208+0000] {dag.py:4180} INFO - Setting next_dagrun for 01_music_ingestion_realtime to 2026-03-06 06:00:00+00:00, run_after=2026-03-06 07:00:00+00:00
[2026-03-06T07:47:03.239+0000] {processor.py:208} INFO - Processing /opt/airflow/dags/music_ingestion_dag.py took 0.142 seconds
[2026-03-06T07:47:33.642+0000] {processor.py:186} INFO - Started process (PID=1431) to work on /opt/airflow/dags/music_ingestion_dag.py
[2026-03-06T07:47:33.644+0000] {processor.py:914} INFO - Processing file /opt/airflow/dags/music_ingestion_dag.py for tasks to queue
[2026-03-06T07:47:33.647+0000] {logging_mixin.py:190} INFO - [2026-03-06T07:47:33.647+0000] {dagbag.py:588} INFO - Filling up the DagBag from /opt/airflow/dags/music_ingestion_dag.py
[2026-03-06T07:47:33.674+0000] {processor.py:925} INFO - DAG(s) '01_music_ingestion_realtime' retrieved from /opt/airflow/dags/music_ingestion_dag.py
[2026-03-06T07:47:33.717+0000] {logging_mixin.py:190} INFO - [2026-03-06T07:47:33.716+0000] {dag.py:3239} INFO - Sync 1 DAGs
[2026-03-06T07:47:33.750+0000] {logging_mixin.py:190} INFO - [2026-03-06T07:47:33.750+0000] {dag.py:4180} INFO - Setting next_dagrun for 01_music_ingestion_realtime to 2026-03-06 06:00:00+00:00, run_after=2026-03-06 07:00:00+00:00
[2026-03-06T07:47:33.783+0000] {processor.py:208} INFO - Processing /opt/airflow/dags/music_ingestion_dag.py took 0.148 seconds
[2026-03-06T07:48:04.079+0000] {processor.py:186} INFO - Started process (PID=1441) to work on /opt/airflow/dags/music_ingestion_dag.py
[2026-03-06T07:48:04.081+0000] {processor.py:914} INFO - Processing file /opt/airflow/dags/music_ingestion_dag.py for tasks to queue
[2026-03-06T07:48:04.084+0000] {logging_mixin.py:190} INFO - [2026-03-06T07:48:04.084+0000] {dagbag.py:588} INFO - Filling up the DagBag from /opt/airflow/dags/music_ingestion_dag.py
[2026-03-06T07:48:04.107+0000] {processor.py:925} INFO - DAG(s) '01_music_ingestion_realtime' retrieved from /opt/airflow/dags/music_ingestion_dag.py
[2026-03-06T07:48:04.145+0000] {logging_mixin.py:190} INFO - [2026-03-06T07:48:04.145+0000] {dag.py:3239} INFO - Sync 1 DAGs
[2026-03-06T07:48:04.174+0000] {logging_mixin.py:190} INFO - [2026-03-06T07:48:04.174+0000] {dag.py:4180} INFO - Setting next_dagrun for 01_music_ingestion_realtime to 2026-03-06 06:00:00+00:00, run_after=2026-03-06 07:00:00+00:00
[2026-03-06T07:48:04.202+0000] {processor.py:208} INFO - Processing /opt/airflow/dags/music_ingestion_dag.py took 0.132 seconds
[2026-03-06T07:48:34.685+0000] {processor.py:186} INFO - Started process (PID=1451) to work on /opt/airflow/dags/music_ingestion_dag.py
[2026-03-06T07:48:34.686+0000] {processor.py:914} INFO - Processing file /opt/airflow/dags/music_ingestion_dag.py for tasks to queue
[2026-03-06T07:48:34.690+0000] {logging_mixin.py:190} INFO - [2026-03-06T07:48:34.689+0000] {dagbag.py:588} INFO - Filling up the DagBag from /opt/airflow/dags/music_ingestion_dag.py
[2026-03-06T07:48:34.718+0000] {processor.py:925} INFO - DAG(s) '01_music_ingestion_realtime' retrieved from /opt/airflow/dags/music_ingestion_dag.py
[2026-03-06T07:48:34.752+0000] {logging_mixin.py:190} INFO - [2026-03-06T07:48:34.751+0000] {dag.py:3239} INFO - Sync 1 DAGs
[2026-03-06T07:48:34.783+0000] {logging_mixin.py:190} INFO - [2026-03-06T07:48:34.783+0000] {dag.py:4180} INFO - Setting next_dagrun for 01_music_ingestion_realtime to 2026-03-06 06:00:00+00:00, run_after=2026-03-06 07:00:00+00:00
[2026-03-06T07:48:34.812+0000] {processor.py:208} INFO - Processing /opt/airflow/dags/music_ingestion_dag.py took 0.134 seconds
[2026-03-06T07:49:05.269+0000] {processor.py:186} INFO - Started process (PID=1461) to work on /opt/airflow/dags/music_ingestion_dag.py
[2026-03-06T07:49:05.270+0000] {processor.py:914} INFO - Processing file /opt/airflow/dags/music_ingestion_dag.py for tasks to queue
[2026-03-06T07:49:05.274+0000] {logging_mixin.py:190} INFO - [2026-03-06T07:49:05.273+0000] {dagbag.py:588} INFO - Filling up the DagBag from /opt/airflow/dags/music_ingestion_dag.py
[2026-03-06T07:49:05.297+0000] {processor.py:925} INFO - DAG(s) '01_music_ingestion_realtime' retrieved from /opt/airflow/dags/music_ingestion_dag.py
[2026-03-06T07:49:05.335+0000] {logging_mixin.py:190} INFO - [2026-03-06T07:49:05.335+0000] {dag.py:3239} INFO - Sync 1 DAGs
[2026-03-06T07:49:05.369+0000] {logging_mixin.py:190} INFO - [2026-03-06T07:49:05.369+0000] {dag.py:4180} INFO - Setting next_dagrun for 01_music_ingestion_realtime to 2026-03-06 06:00:00+00:00, run_after=2026-03-06 07:00:00+00:00
[2026-03-06T07:49:05.398+0000] {processor.py:208} INFO - Processing /opt/airflow/dags/music_ingestion_dag.py took 0.135 seconds
[2026-03-06T07:49:35.893+0000] {processor.py:186} INFO - Started process (PID=1471) to work on /opt/airflow/dags/music_ingestion_dag.py
[2026-03-06T07:49:35.895+0000] {processor.py:914} INFO - Processing file /opt/airflow/dags/music_ingestion_dag.py for tasks to queue
[2026-03-06T07:49:35.899+0000] {logging_mixin.py:190} INFO - [2026-03-06T07:49:35.899+0000] {dagbag.py:588} INFO - Filling up the DagBag from /opt/airflow/dags/music_ingestion_dag.py
[2026-03-06T07:49:35.926+0000] {processor.py:925} INFO - DAG(s) '01_music_ingestion_realtime' retrieved from /opt/airflow/dags/music_ingestion_dag.py
[2026-03-06T07:49:35.960+0000] {logging_mixin.py:190} INFO - [2026-03-06T07:49:35.959+0000] {dag.py:3239} INFO - Sync 1 DAGs
[2026-03-06T07:49:35.990+0000] {logging_mixin.py:190} INFO - [2026-03-06T07:49:35.990+0000] {dag.py:4180} INFO - Setting next_dagrun for 01_music_ingestion_realtime to 2026-03-06 06:00:00+00:00, run_after=2026-03-06 07:00:00+00:00
[2026-03-06T07:49:36.018+0000] {processor.py:208} INFO - Processing /opt/airflow/dags/music_ingestion_dag.py took 0.132 seconds
[2026-03-06T07:50:06.388+0000] {processor.py:186} INFO - Started process (PID=1481) to work on /opt/airflow/dags/music_ingestion_dag.py
[2026-03-06T07:50:06.389+0000] {processor.py:914} INFO - Processing file /opt/airflow/dags/music_ingestion_dag.py for tasks to queue
[2026-03-06T07:50:06.392+0000] {logging_mixin.py:190} INFO - [2026-03-06T07:50:06.392+0000] {dagbag.py:588} INFO - Filling up the DagBag from /opt/airflow/dags/music_ingestion_dag.py
[2026-03-06T07:50:06.417+0000] {processor.py:925} INFO - DAG(s) '01_music_ingestion_realtime' retrieved from /opt/airflow/dags/music_ingestion_dag.py
[2026-03-06T07:50:06.448+0000] {logging_mixin.py:190} INFO - [2026-03-06T07:50:06.448+0000] {dag.py:3239} INFO - Sync 1 DAGs
[2026-03-06T07:50:06.477+0000] {logging_mixin.py:190} INFO - [2026-03-06T07:50:06.477+0000] {dag.py:4180} INFO - Setting next_dagrun for 01_music_ingestion_realtime to 2026-03-06 06:00:00+00:00, run_after=2026-03-06 07:00:00+00:00
[2026-03-06T07:50:06.509+0000] {processor.py:208} INFO - Processing /opt/airflow/dags/music_ingestion_dag.py took 0.127 seconds
[2026-03-06T07:50:36.977+0000] {processor.py:186} INFO - Started process (PID=1491) to work on /opt/airflow/dags/music_ingestion_dag.py
[2026-03-06T07:50:36.979+0000] {processor.py:914} INFO - Processing file /opt/airflow/dags/music_ingestion_dag.py for tasks to queue
[2026-03-06T07:50:36.983+0000] {logging_mixin.py:190} INFO - [2026-03-06T07:50:36.983+0000] {dagbag.py:588} INFO - Filling up the DagBag from /opt/airflow/dags/music_ingestion_dag.py
[2026-03-06T07:50:37.003+0000] {processor.py:925} INFO - DAG(s) '01_music_ingestion_realtime' retrieved from /opt/airflow/dags/music_ingestion_dag.py
[2026-03-06T07:50:37.035+0000] {logging_mixin.py:190} INFO - [2026-03-06T07:50:37.035+0000] {dag.py:3239} INFO - Sync 1 DAGs
[2026-03-06T07:50:37.061+0000] {logging_mixin.py:190} INFO - [2026-03-06T07:50:37.061+0000] {dag.py:4180} INFO - Setting next_dagrun for 01_music_ingestion_realtime to 2026-03-06 06:00:00+00:00, run_after=2026-03-06 07:00:00+00:00
[2026-03-06T07:50:37.091+0000] {processor.py:208} INFO - Processing /opt/airflow/dags/music_ingestion_dag.py took 0.120 seconds
[2026-03-06T07:51:07.483+0000] {processor.py:186} INFO - Started process (PID=1501) to work on /opt/airflow/dags/music_ingestion_dag.py
[2026-03-06T07:51:07.485+0000] {processor.py:914} INFO - Processing file /opt/airflow/dags/music_ingestion_dag.py for tasks to queue
[2026-03-06T07:51:07.488+0000] {logging_mixin.py:190} INFO - [2026-03-06T07:51:07.488+0000] {dagbag.py:588} INFO - Filling up the DagBag from /opt/airflow/dags/music_ingestion_dag.py
[2026-03-06T07:51:07.514+0000] {processor.py:925} INFO - DAG(s) '01_music_ingestion_realtime' retrieved from /opt/airflow/dags/music_ingestion_dag.py
[2026-03-06T07:51:07.565+0000] {logging_mixin.py:190} INFO - [2026-03-06T07:51:07.564+0000] {dag.py:3239} INFO - Sync 1 DAGs
[2026-03-06T07:51:07.606+0000] {logging_mixin.py:190} INFO - [2026-03-06T07:51:07.605+0000] {dag.py:4180} INFO - Setting next_dagrun for 01_music_ingestion_realtime to 2026-03-06 06:00:00+00:00, run_after=2026-03-06 07:00:00+00:00
[2026-03-06T07:51:07.635+0000] {processor.py:208} INFO - Processing /opt/airflow/dags/music_ingestion_dag.py took 0.160 seconds
[2026-03-06T07:51:37.924+0000] {processor.py:186} INFO - Started process (PID=1511) to work on /opt/airflow/dags/music_ingestion_dag.py
[2026-03-06T07:51:37.926+0000] {processor.py:914} INFO - Processing file /opt/airflow/dags/music_ingestion_dag.py for tasks to queue
[2026-03-06T07:51:37.932+0000] {logging_mixin.py:190} INFO - [2026-03-06T07:51:37.931+0000] {dagbag.py:588} INFO - Filling up the DagBag from /opt/airflow/dags/music_ingestion_dag.py
[2026-03-06T07:51:37.966+0000] {processor.py:925} INFO - DAG(s) '01_music_ingestion_realtime' retrieved from /opt/airflow/dags/music_ingestion_dag.py
[2026-03-06T07:51:38.010+0000] {logging_mixin.py:190} INFO - [2026-03-06T07:51:38.009+0000] {dag.py:3239} INFO - Sync 1 DAGs
[2026-03-06T07:51:38.046+0000] {logging_mixin.py:190} INFO - [2026-03-06T07:51:38.046+0000] {dag.py:4180} INFO - Setting next_dagrun for 01_music_ingestion_realtime to 2026-03-06 06:00:00+00:00, run_after=2026-03-06 07:00:00+00:00
[2026-03-06T07:51:38.067+0000] {processor.py:208} INFO - Processing /opt/airflow/dags/music_ingestion_dag.py took 0.157 seconds
[2026-03-06T07:52:08.951+0000] {processor.py:186} INFO - Started process (PID=1543) to work on /opt/airflow/dags/music_ingestion_dag.py
[2026-03-06T07:52:08.953+0000] {processor.py:914} INFO - Processing file /opt/airflow/dags/music_ingestion_dag.py for tasks to queue
[2026-03-06T07:52:08.956+0000] {logging_mixin.py:190} INFO - [2026-03-06T07:52:08.956+0000] {dagbag.py:588} INFO - Filling up the DagBag from /opt/airflow/dags/music_ingestion_dag.py
[2026-03-06T07:52:08.999+0000] {processor.py:925} INFO - DAG(s) '01_music_ingestion_realtime' retrieved from /opt/airflow/dags/music_ingestion_dag.py
[2026-03-06T07:52:09.030+0000] {logging_mixin.py:190} INFO - [2026-03-06T07:52:09.030+0000] {dag.py:3239} INFO - Sync 1 DAGs
[2026-03-06T07:52:09.055+0000] {logging_mixin.py:190} INFO - [2026-03-06T07:52:09.055+0000] {dag.py:4180} INFO - Setting next_dagrun for 01_music_ingestion_realtime to 2026-03-06 06:00:00+00:00, run_after=2026-03-06 07:00:00+00:00
[2026-03-06T07:52:09.085+0000] {processor.py:208} INFO - Processing /opt/airflow/dags/music_ingestion_dag.py took 0.140 seconds
[2026-03-06T07:52:39.523+0000] {processor.py:186} INFO - Started process (PID=1553) to work on /opt/airflow/dags/music_ingestion_dag.py
[2026-03-06T07:52:39.525+0000] {processor.py:914} INFO - Processing file /opt/airflow/dags/music_ingestion_dag.py for tasks to queue
[2026-03-06T07:52:39.529+0000] {logging_mixin.py:190} INFO - [2026-03-06T07:52:39.528+0000] {dagbag.py:588} INFO - Filling up the DagBag from /opt/airflow/dags/music_ingestion_dag.py
[2026-03-06T07:52:39.566+0000] {processor.py:925} INFO - DAG(s) '01_music_ingestion_realtime' retrieved from /opt/airflow/dags/music_ingestion_dag.py
[2026-03-06T07:52:39.597+0000] {logging_mixin.py:190} INFO - [2026-03-06T07:52:39.596+0000] {dag.py:3239} INFO - Sync 1 DAGs
[2026-03-06T07:52:39.627+0000] {logging_mixin.py:190} INFO - [2026-03-06T07:52:39.627+0000] {dag.py:4180} INFO - Setting next_dagrun for 01_music_ingestion_realtime to 2026-03-06 06:00:00+00:00, run_after=2026-03-06 07:00:00+00:00
[2026-03-06T07:52:39.658+0000] {processor.py:208} INFO - Processing /opt/airflow/dags/music_ingestion_dag.py took 0.141 seconds
[2026-03-06T07:53:10.092+0000] {processor.py:186} INFO - Started process (PID=1563) to work on /opt/airflow/dags/music_ingestion_dag.py
[2026-03-06T07:53:10.093+0000] {processor.py:914} INFO - Processing file /opt/airflow/dags/music_ingestion_dag.py for tasks to queue
[2026-03-06T07:53:10.096+0000] {logging_mixin.py:190} INFO - [2026-03-06T07:53:10.095+0000] {dagbag.py:588} INFO - Filling up the DagBag from /opt/airflow/dags/music_ingestion_dag.py
[2026-03-06T07:53:10.122+0000] {processor.py:925} INFO - DAG(s) '01_music_ingestion_realtime' retrieved from /opt/airflow/dags/music_ingestion_dag.py
[2026-03-06T07:53:10.159+0000] {logging_mixin.py:190} INFO - [2026-03-06T07:53:10.159+0000] {dag.py:3239} INFO - Sync 1 DAGs
[2026-03-06T07:53:10.196+0000] {logging_mixin.py:190} INFO - [2026-03-06T07:53:10.196+0000] {dag.py:4180} INFO - Setting next_dagrun for 01_music_ingestion_realtime to 2026-03-06 06:00:00+00:00, run_after=2026-03-06 07:00:00+00:00
[2026-03-06T07:53:10.230+0000] {processor.py:208} INFO - Processing /opt/airflow/dags/music_ingestion_dag.py took 0.144 seconds
[2026-03-06T07:53:40.662+0000] {processor.py:186} INFO - Started process (PID=1573) to work on /opt/airflow/dags/music_ingestion_dag.py
[2026-03-06T07:53:40.664+0000] {processor.py:914} INFO - Processing file /opt/airflow/dags/music_ingestion_dag.py for tasks to queue
[2026-03-06T07:53:40.666+0000] {logging_mixin.py:190} INFO - [2026-03-06T07:53:40.666+0000] {dagbag.py:588} INFO - Filling up the DagBag from /opt/airflow/dags/music_ingestion_dag.py
[2026-03-06T07:53:40.687+0000] {processor.py:925} INFO - DAG(s) '01_music_ingestion_realtime' retrieved from /opt/airflow/dags/music_ingestion_dag.py
[2026-03-06T07:53:40.726+0000] {logging_mixin.py:190} INFO - [2026-03-06T07:53:40.725+0000] {dag.py:3239} INFO - Sync 1 DAGs
[2026-03-06T07:53:40.753+0000] {logging_mixin.py:190} INFO - [2026-03-06T07:53:40.753+0000] {dag.py:4180} INFO - Setting next_dagrun for 01_music_ingestion_realtime to 2026-03-06 06:00:00+00:00, run_after=2026-03-06 07:00:00+00:00
[2026-03-06T07:53:40.783+0000] {processor.py:208} INFO - Processing /opt/airflow/dags/music_ingestion_dag.py took 0.126 seconds
[2026-03-06T07:54:11.168+0000] {processor.py:186} INFO - Started process (PID=1583) to work on /opt/airflow/dags/music_ingestion_dag.py
[2026-03-06T07:54:11.169+0000] {processor.py:914} INFO - Processing file /opt/airflow/dags/music_ingestion_dag.py for tasks to queue
[2026-03-06T07:54:11.171+0000] {logging_mixin.py:190} INFO - [2026-03-06T07:54:11.171+0000] {dagbag.py:588} INFO - Filling up the DagBag from /opt/airflow/dags/music_ingestion_dag.py
[2026-03-06T07:54:11.191+0000] {processor.py:925} INFO - DAG(s) '01_music_ingestion_realtime' retrieved from /opt/airflow/dags/music_ingestion_dag.py
[2026-03-06T07:54:11.223+0000] {logging_mixin.py:190} INFO - [2026-03-06T07:54:11.223+0000] {dag.py:3239} INFO - Sync 1 DAGs
[2026-03-06T07:54:11.248+0000] {logging_mixin.py:190} INFO - [2026-03-06T07:54:11.248+0000] {dag.py:4180} INFO - Setting next_dagrun for 01_music_ingestion_realtime to 2026-03-06 06:00:00+00:00, run_after=2026-03-06 07:00:00+00:00
[2026-03-06T07:54:11.276+0000] {processor.py:208} INFO - Processing /opt/airflow/dags/music_ingestion_dag.py took 0.115 seconds
[2026-03-06T07:54:41.720+0000] {processor.py:186} INFO - Started process (PID=1593) to work on /opt/airflow/dags/music_ingestion_dag.py
[2026-03-06T07:54:41.722+0000] {processor.py:914} INFO - Processing file /opt/airflow/dags/music_ingestion_dag.py for tasks to queue
[2026-03-06T07:54:41.727+0000] {logging_mixin.py:190} INFO - [2026-03-06T07:54:41.727+0000] {dagbag.py:588} INFO - Filling up the DagBag from /opt/airflow/dags/music_ingestion_dag.py
[2026-03-06T07:54:41.766+0000] {processor.py:925} INFO - DAG(s) '01_music_ingestion_realtime' retrieved from /opt/airflow/dags/music_ingestion_dag.py
[2026-03-06T07:54:41.806+0000] {logging_mixin.py:190} INFO - [2026-03-06T07:54:41.806+0000] {dag.py:3239} INFO - Sync 1 DAGs
[2026-03-06T07:54:41.844+0000] {logging_mixin.py:190} INFO - [2026-03-06T07:54:41.843+0000] {dag.py:4180} INFO - Setting next_dagrun for 01_music_ingestion_realtime to 2026-03-06 06:00:00+00:00, run_after=2026-03-06 07:00:00+00:00
[2026-03-06T07:54:41.874+0000] {processor.py:208} INFO - Processing /opt/airflow/dags/music_ingestion_dag.py took 0.164 seconds
[2026-03-06T07:55:12.291+0000] {processor.py:186} INFO - Started process (PID=1603) to work on /opt/airflow/dags/music_ingestion_dag.py
[2026-03-06T07:55:12.293+0000] {processor.py:914} INFO - Processing file /opt/airflow/dags/music_ingestion_dag.py for tasks to queue
[2026-03-06T07:55:12.297+0000] {logging_mixin.py:190} INFO - [2026-03-06T07:55:12.296+0000] {dagbag.py:588} INFO - Filling up the DagBag from /opt/airflow/dags/music_ingestion_dag.py
[2026-03-06T07:55:12.319+0000] {processor.py:925} INFO - DAG(s) '01_music_ingestion_realtime' retrieved from /opt/airflow/dags/music_ingestion_dag.py
[2026-03-06T07:55:12.353+0000] {logging_mixin.py:190} INFO - [2026-03-06T07:55:12.353+0000] {dag.py:3239} INFO - Sync 1 DAGs
[2026-03-06T07:55:12.383+0000] {logging_mixin.py:190} INFO - [2026-03-06T07:55:12.383+0000] {dag.py:4180} INFO - Setting next_dagrun for 01_music_ingestion_realtime to 2026-03-06 06:00:00+00:00, run_after=2026-03-06 07:00:00+00:00
[2026-03-06T07:55:12.411+0000] {processor.py:208} INFO - Processing /opt/airflow/dags/music_ingestion_dag.py took 0.126 seconds
[2026-03-06T07:55:42.805+0000] {processor.py:186} INFO - Started process (PID=1613) to work on /opt/airflow/dags/music_ingestion_dag.py
[2026-03-06T07:55:42.807+0000] {processor.py:914} INFO - Processing file /opt/airflow/dags/music_ingestion_dag.py for tasks to queue
[2026-03-06T07:55:42.822+0000] {logging_mixin.py:190} INFO - [2026-03-06T07:55:42.821+0000] {dagbag.py:588} INFO - Filling up the DagBag from /opt/airflow/dags/music_ingestion_dag.py
[2026-03-06T07:55:42.881+0000] {processor.py:925} INFO - DAG(s) '01_music_ingestion_realtime' retrieved from /opt/airflow/dags/music_ingestion_dag.py
[2026-03-06T07:55:42.916+0000] {logging_mixin.py:190} INFO - [2026-03-06T07:55:42.916+0000] {dag.py:3239} INFO - Sync 1 DAGs
[2026-03-06T07:55:42.941+0000] {logging_mixin.py:190} INFO - [2026-03-06T07:55:42.941+0000] {dag.py:4180} INFO - Setting next_dagrun for 01_music_ingestion_realtime to 2026-03-06 06:00:00+00:00, run_after=2026-03-06 07:00:00+00:00
[2026-03-06T07:55:42.970+0000] {processor.py:208} INFO - Processing /opt/airflow/dags/music_ingestion_dag.py took 0.171 seconds
[2026-03-06T07:56:13.403+0000] {processor.py:186} INFO - Started process (PID=1623) to work on /opt/airflow/dags/music_ingestion_dag.py
[2026-03-06T07:56:13.404+0000] {processor.py:914} INFO - Processing file /opt/airflow/dags/music_ingestion_dag.py for tasks to queue
[2026-03-06T07:56:13.406+0000] {logging_mixin.py:190} INFO - [2026-03-06T07:56:13.406+0000] {dagbag.py:588} INFO - Filling up the DagBag from /opt/airflow/dags/music_ingestion_dag.py
[2026-03-06T07:56:13.426+0000] {processor.py:925} INFO - DAG(s) '01_music_ingestion_realtime' retrieved from /opt/airflow/dags/music_ingestion_dag.py
[2026-03-06T07:56:13.461+0000] {logging_mixin.py:190} INFO - [2026-03-06T07:56:13.461+0000] {dag.py:3239} INFO - Sync 1 DAGs
[2026-03-06T07:56:13.491+0000] {logging_mixin.py:190} INFO - [2026-03-06T07:56:13.490+0000] {dag.py:4180} INFO - Setting next_dagrun for 01_music_ingestion_realtime to 2026-03-06 06:00:00+00:00, run_after=2026-03-06 07:00:00+00:00
[2026-03-06T07:56:13.520+0000] {processor.py:208} INFO - Processing /opt/airflow/dags/music_ingestion_dag.py took 0.126 seconds
[2026-03-06T07:56:43.970+0000] {processor.py:186} INFO - Started process (PID=1633) to work on /opt/airflow/dags/music_ingestion_dag.py
[2026-03-06T07:56:43.971+0000] {processor.py:914} INFO - Processing file /opt/airflow/dags/music_ingestion_dag.py for tasks to queue
[2026-03-06T07:56:43.977+0000] {logging_mixin.py:190} INFO - [2026-03-06T07:56:43.976+0000] {dagbag.py:588} INFO - Filling up the DagBag from /opt/airflow/dags/music_ingestion_dag.py
[2026-03-06T07:56:44.060+0000] {processor.py:925} INFO - DAG(s) '01_music_ingestion_realtime' retrieved from /opt/airflow/dags/music_ingestion_dag.py
[2026-03-06T07:56:44.119+0000] {logging_mixin.py:190} INFO - [2026-03-06T07:56:44.119+0000] {dag.py:3239} INFO - Sync 1 DAGs
[2026-03-06T07:56:44.149+0000] {logging_mixin.py:190} INFO - [2026-03-06T07:56:44.148+0000] {dag.py:4180} INFO - Setting next_dagrun for 01_music_ingestion_realtime to 2026-03-06 06:00:00+00:00, run_after=2026-03-06 07:00:00+00:00
[2026-03-06T07:56:44.177+0000] {processor.py:208} INFO - Processing /opt/airflow/dags/music_ingestion_dag.py took 0.219 seconds
[2026-03-06T07:57:14.627+0000] {processor.py:186} INFO - Started process (PID=1643) to work on /opt/airflow/dags/music_ingestion_dag.py
[2026-03-06T07:57:14.628+0000] {processor.py:914} INFO - Processing file /opt/airflow/dags/music_ingestion_dag.py for tasks to queue
[2026-03-06T07:57:14.630+0000] {logging_mixin.py:190} INFO - [2026-03-06T07:57:14.630+0000] {dagbag.py:588} INFO - Filling up the DagBag from /opt/airflow/dags/music_ingestion_dag.py
[2026-03-06T07:57:14.651+0000] {processor.py:925} INFO - DAG(s) '01_music_ingestion_realtime' retrieved from /opt/airflow/dags/music_ingestion_dag.py
[2026-03-06T07:57:14.686+0000] {logging_mixin.py:190} INFO - [2026-03-06T07:57:14.686+0000] {dag.py:3239} INFO - Sync 1 DAGs
[2026-03-06T07:57:14.723+0000] {logging_mixin.py:190} INFO - [2026-03-06T07:57:14.723+0000] {dag.py:4180} INFO - Setting next_dagrun for 01_music_ingestion_realtime to 2026-03-06 06:00:00+00:00, run_after=2026-03-06 07:00:00+00:00
[2026-03-06T07:57:14.759+0000] {processor.py:208} INFO - Processing /opt/airflow/dags/music_ingestion_dag.py took 0.139 seconds
[2026-03-06T07:57:45.167+0000] {processor.py:186} INFO - Started process (PID=1653) to work on /opt/airflow/dags/music_ingestion_dag.py
[2026-03-06T07:57:45.169+0000] {processor.py:914} INFO - Processing file /opt/airflow/dags/music_ingestion_dag.py for tasks to queue
[2026-03-06T07:57:45.172+0000] {logging_mixin.py:190} INFO - [2026-03-06T07:57:45.171+0000] {dagbag.py:588} INFO - Filling up the DagBag from /opt/airflow/dags/music_ingestion_dag.py
[2026-03-06T07:57:45.199+0000] {processor.py:925} INFO - DAG(s) '01_music_ingestion_realtime' retrieved from /opt/airflow/dags/music_ingestion_dag.py
[2026-03-06T07:57:45.327+0000] {logging_mixin.py:190} INFO - [2026-03-06T07:57:45.327+0000] {dag.py:3239} INFO - Sync 1 DAGs
[2026-03-06T07:57:45.357+0000] {logging_mixin.py:190} INFO - [2026-03-06T07:57:45.357+0000] {dag.py:4180} INFO - Setting next_dagrun for 01_music_ingestion_realtime to 2026-03-06 06:00:00+00:00, run_after=2026-03-06 07:00:00+00:00
[2026-03-06T07:57:45.383+0000] {processor.py:208} INFO - Processing /opt/airflow/dags/music_ingestion_dag.py took 0.223 seconds
[2026-03-06T07:58:15.748+0000] {processor.py:186} INFO - Started process (PID=1738) to work on /opt/airflow/dags/music_ingestion_dag.py
[2026-03-06T07:58:15.754+0000] {processor.py:914} INFO - Processing file /opt/airflow/dags/music_ingestion_dag.py for tasks to queue
[2026-03-06T07:58:15.776+0000] {logging_mixin.py:190} INFO - [2026-03-06T07:58:15.773+0000] {dagbag.py:588} INFO - Filling up the DagBag from /opt/airflow/dags/music_ingestion_dag.py
[2026-03-06T07:58:15.877+0000] {processor.py:925} INFO - DAG(s) '01_music_ingestion_realtime' retrieved from /opt/airflow/dags/music_ingestion_dag.py
[2026-03-06T07:58:15.989+0000] {logging_mixin.py:190} INFO - [2026-03-06T07:58:15.989+0000] {dag.py:3239} INFO - Sync 1 DAGs
[2026-03-06T07:58:16.077+0000] {logging_mixin.py:190} INFO - [2026-03-06T07:58:16.077+0000] {dag.py:4180} INFO - Setting next_dagrun for 01_music_ingestion_realtime to 2026-03-06 06:00:00+00:00, run_after=2026-03-06 07:00:00+00:00
[2026-03-06T07:58:16.128+0000] {processor.py:208} INFO - Processing /opt/airflow/dags/music_ingestion_dag.py took 0.427 seconds
[2026-03-06T07:58:46.525+0000] {processor.py:186} INFO - Started process (PID=1748) to work on /opt/airflow/dags/music_ingestion_dag.py
[2026-03-06T07:58:46.549+0000] {processor.py:914} INFO - Processing file /opt/airflow/dags/music_ingestion_dag.py for tasks to queue
[2026-03-06T07:58:46.560+0000] {logging_mixin.py:190} INFO - [2026-03-06T07:58:46.559+0000] {dagbag.py:588} INFO - Filling up the DagBag from /opt/airflow/dags/music_ingestion_dag.py
[2026-03-06T07:58:46.636+0000] {processor.py:925} INFO - DAG(s) '01_music_ingestion_realtime' retrieved from /opt/airflow/dags/music_ingestion_dag.py
[2026-03-06T07:58:46.712+0000] {logging_mixin.py:190} INFO - [2026-03-06T07:58:46.712+0000] {dag.py:3239} INFO - Sync 1 DAGs
[2026-03-06T07:58:46.774+0000] {logging_mixin.py:190} INFO - [2026-03-06T07:58:46.773+0000] {dag.py:4180} INFO - Setting next_dagrun for 01_music_ingestion_realtime to 2026-03-06 06:00:00+00:00, run_after=2026-03-06 07:00:00+00:00
[2026-03-06T07:58:46.813+0000] {processor.py:208} INFO - Processing /opt/airflow/dags/music_ingestion_dag.py took 0.308 seconds
[2026-03-06T07:59:17.088+0000] {processor.py:186} INFO - Started process (PID=1758) to work on /opt/airflow/dags/music_ingestion_dag.py
[2026-03-06T07:59:17.091+0000] {processor.py:914} INFO - Processing file /opt/airflow/dags/music_ingestion_dag.py for tasks to queue
[2026-03-06T07:59:17.098+0000] {logging_mixin.py:190} INFO - [2026-03-06T07:59:17.097+0000] {dagbag.py:588} INFO - Filling up the DagBag from /opt/airflow/dags/music_ingestion_dag.py
[2026-03-06T07:59:17.139+0000] {processor.py:925} INFO - DAG(s) '01_music_ingestion_realtime' retrieved from /opt/airflow/dags/music_ingestion_dag.py
[2026-03-06T07:59:17.189+0000] {logging_mixin.py:190} INFO - [2026-03-06T07:59:17.188+0000] {dag.py:3239} INFO - Sync 1 DAGs
[2026-03-06T07:59:17.233+0000] {logging_mixin.py:190} INFO - [2026-03-06T07:59:17.233+0000] {dag.py:4180} INFO - Setting next_dagrun for 01_music_ingestion_realtime to 2026-03-06 06:00:00+00:00, run_after=2026-03-06 07:00:00+00:00
[2026-03-06T07:59:17.270+0000] {processor.py:208} INFO - Processing /opt/airflow/dags/music_ingestion_dag.py took 0.195 seconds
[2026-03-06T07:59:47.419+0000] {processor.py:186} INFO - Started process (PID=1768) to work on /opt/airflow/dags/music_ingestion_dag.py
[2026-03-06T07:59:47.421+0000] {processor.py:914} INFO - Processing file /opt/airflow/dags/music_ingestion_dag.py for tasks to queue
[2026-03-06T07:59:47.425+0000] {logging_mixin.py:190} INFO - [2026-03-06T07:59:47.425+0000] {dagbag.py:588} INFO - Filling up the DagBag from /opt/airflow/dags/music_ingestion_dag.py
[2026-03-06T07:59:47.456+0000] {processor.py:925} INFO - DAG(s) '01_music_ingestion_realtime' retrieved from /opt/airflow/dags/music_ingestion_dag.py
[2026-03-06T07:59:47.506+0000] {logging_mixin.py:190} INFO - [2026-03-06T07:59:47.505+0000] {dag.py:3239} INFO - Sync 1 DAGs
[2026-03-06T07:59:47.548+0000] {logging_mixin.py:190} INFO - [2026-03-06T07:59:47.547+0000] {dag.py:4180} INFO - Setting next_dagrun for 01_music_ingestion_realtime to 2026-03-06 06:00:00+00:00, run_after=2026-03-06 07:00:00+00:00
[2026-03-06T07:59:47.579+0000] {processor.py:208} INFO - Processing /opt/airflow/dags/music_ingestion_dag.py took 0.167 seconds
[2026-03-06T08:00:18.019+0000] {processor.py:186} INFO - Started process (PID=1818) to work on /opt/airflow/dags/music_ingestion_dag.py
[2026-03-06T08:00:18.021+0000] {processor.py:914} INFO - Processing file /opt/airflow/dags/music_ingestion_dag.py for tasks to queue
[2026-03-06T08:00:18.028+0000] {logging_mixin.py:190} INFO - [2026-03-06T08:00:18.024+0000] {dagbag.py:588} INFO - Filling up the DagBag from /opt/airflow/dags/music_ingestion_dag.py
[2026-03-06T08:00:18.118+0000] {processor.py:925} INFO - DAG(s) '01_music_ingestion_realtime' retrieved from /opt/airflow/dags/music_ingestion_dag.py
[2026-03-06T08:00:18.383+0000] {logging_mixin.py:190} INFO - [2026-03-06T08:00:18.383+0000] {dag.py:3239} INFO - Sync 1 DAGs
[2026-03-06T08:00:18.429+0000] {logging_mixin.py:190} INFO - [2026-03-06T08:00:18.429+0000] {dag.py:4180} INFO - Setting next_dagrun for 01_music_ingestion_realtime to 2026-03-06 07:00:00+00:00, run_after=2026-03-06 08:00:00+00:00
[2026-03-06T08:00:18.482+0000] {processor.py:208} INFO - Processing /opt/airflow/dags/music_ingestion_dag.py took 0.479 seconds
[2026-03-06T08:02:26.146+0000] {processor.py:186} INFO - Started process (PID=1879) to work on /opt/airflow/dags/music_ingestion_dag.py
[2026-03-06T08:02:26.769+0000] {processor.py:914} INFO - Processing file /opt/airflow/dags/music_ingestion_dag.py for tasks to queue
[2026-03-06T08:02:30.830+0000] {logging_mixin.py:190} INFO - [2026-03-06T08:02:27.855+0000] {dagbag.py:588} INFO - Filling up the DagBag from /opt/airflow/dags/music_ingestion_dag.py
[2026-03-06T08:02:38.432+0000] {processor.py:925} INFO - DAG(s) '01_music_ingestion_realtime' retrieved from /opt/airflow/dags/music_ingestion_dag.py
[2026-03-06T08:03:10.139+0000] {processor.py:186} INFO - Started process (PID=1969) to work on /opt/airflow/dags/music_ingestion_dag.py
[2026-03-06T08:03:10.140+0000] {processor.py:914} INFO - Processing file /opt/airflow/dags/music_ingestion_dag.py for tasks to queue
[2026-03-06T08:03:10.143+0000] {logging_mixin.py:190} INFO - [2026-03-06T08:03:10.143+0000] {dagbag.py:588} INFO - Filling up the DagBag from /opt/airflow/dags/music_ingestion_dag.py
[2026-03-06T08:03:10.193+0000] {processor.py:925} INFO - DAG(s) '01_music_ingestion_realtime' retrieved from /opt/airflow/dags/music_ingestion_dag.py
[2026-03-06T08:03:10.943+0000] {logging_mixin.py:190} INFO - [2026-03-06T08:03:10.941+0000] {dag.py:3239} INFO - Sync 1 DAGs
[2026-03-06T08:03:11.067+0000] {logging_mixin.py:190} INFO - [2026-03-06T08:03:11.067+0000] {dag.py:4180} INFO - Setting next_dagrun for 01_music_ingestion_realtime to 2026-03-06 07:00:00+00:00, run_after=2026-03-06 08:00:00+00:00
[2026-03-06T08:03:11.125+0000] {processor.py:208} INFO - Processing /opt/airflow/dags/music_ingestion_dag.py took 1.000 seconds
[2026-03-06T08:03:41.564+0000] {processor.py:186} INFO - Started process (PID=1980) to work on /opt/airflow/dags/music_ingestion_dag.py
[2026-03-06T08:03:41.565+0000] {processor.py:914} INFO - Processing file /opt/airflow/dags/music_ingestion_dag.py for tasks to queue
[2026-03-06T08:03:41.568+0000] {logging_mixin.py:190} INFO - [2026-03-06T08:03:41.567+0000] {dagbag.py:588} INFO - Filling up the DagBag from /opt/airflow/dags/music_ingestion_dag.py
[2026-03-06T08:03:41.602+0000] {processor.py:925} INFO - DAG(s) '01_music_ingestion_realtime' retrieved from /opt/airflow/dags/music_ingestion_dag.py
[2026-03-06T08:03:41.638+0000] {logging_mixin.py:190} INFO - [2026-03-06T08:03:41.638+0000] {dag.py:3239} INFO - Sync 1 DAGs
[2026-03-06T08:03:41.667+0000] {logging_mixin.py:190} INFO - [2026-03-06T08:03:41.666+0000] {dag.py:4180} INFO - Setting next_dagrun for 01_music_ingestion_realtime to 2026-03-06 07:00:00+00:00, run_after=2026-03-06 08:00:00+00:00
[2026-03-06T08:03:41.696+0000] {processor.py:208} INFO - Processing /opt/airflow/dags/music_ingestion_dag.py took 0.142 seconds
[2026-03-06T08:04:11.950+0000] {processor.py:186} INFO - Started process (PID=1990) to work on /opt/airflow/dags/music_ingestion_dag.py
[2026-03-06T08:04:11.951+0000] {processor.py:914} INFO - Processing file /opt/airflow/dags/music_ingestion_dag.py for tasks to queue
[2026-03-06T08:04:11.954+0000] {logging_mixin.py:190} INFO - [2026-03-06T08:04:11.953+0000] {dagbag.py:588} INFO - Filling up the DagBag from /opt/airflow/dags/music_ingestion_dag.py
[2026-03-06T08:04:11.979+0000] {processor.py:925} INFO - DAG(s) '01_music_ingestion_realtime' retrieved from /opt/airflow/dags/music_ingestion_dag.py
[2026-03-06T08:04:12.013+0000] {logging_mixin.py:190} INFO - [2026-03-06T08:04:12.013+0000] {dag.py:3239} INFO - Sync 1 DAGs
[2026-03-06T08:04:12.043+0000] {logging_mixin.py:190} INFO - [2026-03-06T08:04:12.043+0000] {dag.py:4180} INFO - Setting next_dagrun for 01_music_ingestion_realtime to 2026-03-06 07:00:00+00:00, run_after=2026-03-06 08:00:00+00:00
[2026-03-06T08:04:12.068+0000] {processor.py:208} INFO - Processing /opt/airflow/dags/music_ingestion_dag.py took 0.126 seconds
[2026-03-06T08:04:42.830+0000] {processor.py:186} INFO - Started process (PID=2000) to work on /opt/airflow/dags/music_ingestion_dag.py
[2026-03-06T08:04:42.832+0000] {processor.py:914} INFO - Processing file /opt/airflow/dags/music_ingestion_dag.py for tasks to queue
[2026-03-06T08:04:42.834+0000] {logging_mixin.py:190} INFO - [2026-03-06T08:04:42.834+0000] {dagbag.py:588} INFO - Filling up the DagBag from /opt/airflow/dags/music_ingestion_dag.py
[2026-03-06T08:04:42.870+0000] {processor.py:925} INFO - DAG(s) '01_music_ingestion_realtime' retrieved from /opt/airflow/dags/music_ingestion_dag.py
[2026-03-06T08:04:42.904+0000] {logging_mixin.py:190} INFO - [2026-03-06T08:04:42.904+0000] {dag.py:3239} INFO - Sync 1 DAGs
[2026-03-06T08:04:42.934+0000] {logging_mixin.py:190} INFO - [2026-03-06T08:04:42.933+0000] {dag.py:4180} INFO - Setting next_dagrun for 01_music_ingestion_realtime to 2026-03-06 07:00:00+00:00, run_after=2026-03-06 08:00:00+00:00
[2026-03-06T08:04:42.957+0000] {processor.py:208} INFO - Processing /opt/airflow/dags/music_ingestion_dag.py took 0.135 seconds
[2026-03-06T08:05:13.477+0000] {processor.py:186} INFO - Started process (PID=2169) to work on /opt/airflow/dags/music_ingestion_dag.py
[2026-03-06T08:05:13.478+0000] {processor.py:914} INFO - Processing file /opt/airflow/dags/music_ingestion_dag.py for tasks to queue
[2026-03-06T08:05:13.482+0000] {logging_mixin.py:190} INFO - [2026-03-06T08:05:13.479+0000] {dagbag.py:588} INFO - Filling up the DagBag from /opt/airflow/dags/music_ingestion_dag.py
[2026-03-06T08:05:13.535+0000] {processor.py:925} INFO - DAG(s) '01_music_ingestion_realtime' retrieved from /opt/airflow/dags/music_ingestion_dag.py
[2026-03-06T08:05:13.713+0000] {logging_mixin.py:190} INFO - [2026-03-06T08:05:13.712+0000] {dag.py:3239} INFO - Sync 1 DAGs
[2026-03-06T08:05:13.762+0000] {logging_mixin.py:190} INFO - [2026-03-06T08:05:13.762+0000] {dag.py:4180} INFO - Setting next_dagrun for 01_music_ingestion_realtime to 2026-03-06 07:00:00+00:00, run_after=2026-03-06 08:00:00+00:00
[2026-03-06T08:05:13.794+0000] {processor.py:208} INFO - Processing /opt/airflow/dags/music_ingestion_dag.py took 0.331 seconds
[2026-03-06T08:05:44.637+0000] {processor.py:186} INFO - Started process (PID=2439) to work on /opt/airflow/dags/music_ingestion_dag.py
[2026-03-06T08:05:44.639+0000] {processor.py:914} INFO - Processing file /opt/airflow/dags/music_ingestion_dag.py for tasks to queue
[2026-03-06T08:05:44.643+0000] {logging_mixin.py:190} INFO - [2026-03-06T08:05:44.640+0000] {dagbag.py:588} INFO - Filling up the DagBag from /opt/airflow/dags/music_ingestion_dag.py
[2026-03-06T08:05:44.688+0000] {processor.py:925} INFO - DAG(s) '01_music_ingestion_realtime' retrieved from /opt/airflow/dags/music_ingestion_dag.py
[2026-03-06T08:05:44.753+0000] {logging_mixin.py:190} INFO - [2026-03-06T08:05:44.752+0000] {dag.py:3239} INFO - Sync 1 DAGs
[2026-03-06T08:05:44.792+0000] {logging_mixin.py:190} INFO - [2026-03-06T08:05:44.792+0000] {dag.py:4180} INFO - Setting next_dagrun for 01_music_ingestion_realtime to 2026-03-06 07:00:00+00:00, run_after=2026-03-06 08:00:00+00:00
[2026-03-06T08:05:44.824+0000] {processor.py:208} INFO - Processing /opt/airflow/dags/music_ingestion_dag.py took 0.201 seconds
[2026-03-06T08:21:17.583+0000] {processor.py:186} INFO - Started process (PID=2525) to work on /opt/airflow/dags/music_ingestion_dag.py
[2026-03-06T08:21:17.619+0000] {processor.py:914} INFO - Processing file /opt/airflow/dags/music_ingestion_dag.py for tasks to queue
[2026-03-06T08:21:17.780+0000] {logging_mixin.py:190} INFO - [2026-03-06T08:21:17.754+0000] {dagbag.py:588} INFO - Filling up the DagBag from /opt/airflow/dags/music_ingestion_dag.py
[2026-03-06T08:21:21.847+0000] {processor.py:925} INFO - DAG(s) '01_music_ingestion_realtime' retrieved from /opt/airflow/dags/music_ingestion_dag.py
[2026-03-06T08:21:23.585+0000] {logging_mixin.py:190} INFO - [2026-03-06T08:21:23.583+0000] {dag.py:3239} INFO - Sync 1 DAGs
[2026-03-06T08:21:24.222+0000] {logging_mixin.py:190} INFO - [2026-03-06T08:21:24.220+0000] {dag.py:4180} INFO - Setting next_dagrun for 01_music_ingestion_realtime to 2026-03-06 07:00:00+00:00, run_after=2026-03-06 08:00:00+00:00
[2026-03-06T08:21:24.361+0000] {processor.py:208} INFO - Processing /opt/airflow/dags/music_ingestion_dag.py took 9.520 seconds
[2026-03-06T08:21:55.593+0000] {processor.py:186} INFO - Started process (PID=2658) to work on /opt/airflow/dags/music_ingestion_dag.py
[2026-03-06T08:21:55.597+0000] {processor.py:914} INFO - Processing file /opt/airflow/dags/music_ingestion_dag.py for tasks to queue
[2026-03-06T08:21:55.600+0000] {logging_mixin.py:190} INFO - [2026-03-06T08:21:55.599+0000] {dagbag.py:588} INFO - Filling up the DagBag from /opt/airflow/dags/music_ingestion_dag.py
[2026-03-06T08:21:55.643+0000] {processor.py:925} INFO - DAG(s) '01_music_ingestion_realtime' retrieved from /opt/airflow/dags/music_ingestion_dag.py
[2026-03-06T08:21:55.715+0000] {logging_mixin.py:190} INFO - [2026-03-06T08:21:55.715+0000] {dag.py:3239} INFO - Sync 1 DAGs
[2026-03-06T08:21:55.755+0000] {logging_mixin.py:190} INFO - [2026-03-06T08:21:55.754+0000] {dag.py:4180} INFO - Setting next_dagrun for 01_music_ingestion_realtime to 2026-03-06 07:00:00+00:00, run_after=2026-03-06 08:00:00+00:00
[2026-03-06T08:21:55.791+0000] {processor.py:208} INFO - Processing /opt/airflow/dags/music_ingestion_dag.py took 0.215 seconds
[2026-03-06T08:22:26.272+0000] {processor.py:186} INFO - Started process (PID=2670) to work on /opt/airflow/dags/music_ingestion_dag.py
[2026-03-06T08:22:26.273+0000] {processor.py:914} INFO - Processing file /opt/airflow/dags/music_ingestion_dag.py for tasks to queue
[2026-03-06T08:22:26.275+0000] {logging_mixin.py:190} INFO - [2026-03-06T08:22:26.275+0000] {dagbag.py:588} INFO - Filling up the DagBag from /opt/airflow/dags/music_ingestion_dag.py
[2026-03-06T08:22:26.302+0000] {processor.py:925} INFO - DAG(s) '01_music_ingestion_realtime' retrieved from /opt/airflow/dags/music_ingestion_dag.py
[2026-03-06T08:22:26.352+0000] {logging_mixin.py:190} INFO - [2026-03-06T08:22:26.352+0000] {dag.py:3239} INFO - Sync 1 DAGs
[2026-03-06T08:22:26.380+0000] {logging_mixin.py:190} INFO - [2026-03-06T08:22:26.380+0000] {dag.py:4180} INFO - Setting next_dagrun for 01_music_ingestion_realtime to 2026-03-06 07:00:00+00:00, run_after=2026-03-06 08:00:00+00:00
[2026-03-06T08:22:26.424+0000] {processor.py:208} INFO - Processing /opt/airflow/dags/music_ingestion_dag.py took 0.161 seconds
[2026-03-06T08:22:56.519+0000] {processor.py:186} INFO - Started process (PID=2680) to work on /opt/airflow/dags/music_ingestion_dag.py
[2026-03-06T08:22:56.521+0000] {processor.py:914} INFO - Processing file /opt/airflow/dags/music_ingestion_dag.py for tasks to queue
[2026-03-06T08:22:56.525+0000] {logging_mixin.py:190} INFO - [2026-03-06T08:22:56.524+0000] {dagbag.py:588} INFO - Filling up the DagBag from /opt/airflow/dags/music_ingestion_dag.py
[2026-03-06T08:22:56.564+0000] {processor.py:925} INFO - DAG(s) '01_music_ingestion_realtime' retrieved from /opt/airflow/dags/music_ingestion_dag.py
[2026-03-06T08:22:56.615+0000] {logging_mixin.py:190} INFO - [2026-03-06T08:22:56.615+0000] {dag.py:3239} INFO - Sync 1 DAGs
[2026-03-06T08:22:56.653+0000] {logging_mixin.py:190} INFO - [2026-03-06T08:22:56.653+0000] {dag.py:4180} INFO - Setting next_dagrun for 01_music_ingestion_realtime to 2026-03-06 07:00:00+00:00, run_after=2026-03-06 08:00:00+00:00
[2026-03-06T08:22:56.684+0000] {processor.py:208} INFO - Processing /opt/airflow/dags/music_ingestion_dag.py took 0.183 seconds
[2026-03-06T08:23:26.930+0000] {processor.py:186} INFO - Started process (PID=2724) to work on /opt/airflow/dags/music_ingestion_dag.py
[2026-03-06T08:23:26.932+0000] {processor.py:914} INFO - Processing file /opt/airflow/dags/music_ingestion_dag.py for tasks to queue
[2026-03-06T08:23:26.934+0000] {logging_mixin.py:190} INFO - [2026-03-06T08:23:26.933+0000] {dagbag.py:588} INFO - Filling up the DagBag from /opt/airflow/dags/music_ingestion_dag.py
[2026-03-06T08:23:26.960+0000] {processor.py:925} INFO - DAG(s) '01_music_ingestion_realtime' retrieved from /opt/airflow/dags/music_ingestion_dag.py
[2026-03-06T08:23:27.007+0000] {logging_mixin.py:190} INFO - [2026-03-06T08:23:27.007+0000] {dag.py:3239} INFO - Sync 1 DAGs
[2026-03-06T08:23:27.054+0000] {logging_mixin.py:190} INFO - [2026-03-06T08:23:27.054+0000] {dag.py:4180} INFO - Setting next_dagrun for 01_music_ingestion_realtime to 2026-03-06 07:00:00+00:00, run_after=2026-03-06 08:00:00+00:00
[2026-03-06T08:23:27.089+0000] {processor.py:208} INFO - Processing /opt/airflow/dags/music_ingestion_dag.py took 0.167 seconds
[2026-03-06T08:23:57.524+0000] {processor.py:186} INFO - Started process (PID=3041) to work on /opt/airflow/dags/music_ingestion_dag.py
[2026-03-06T08:23:57.530+0000] {processor.py:914} INFO - Processing file /opt/airflow/dags/music_ingestion_dag.py for tasks to queue
[2026-03-06T08:23:57.552+0000] {logging_mixin.py:190} INFO - [2026-03-06T08:23:57.550+0000] {dagbag.py:588} INFO - Filling up the DagBag from /opt/airflow/dags/music_ingestion_dag.py
[2026-03-06T08:23:57.656+0000] {processor.py:925} INFO - DAG(s) '01_music_ingestion_realtime' retrieved from /opt/airflow/dags/music_ingestion_dag.py
[2026-03-06T08:23:57.764+0000] {logging_mixin.py:190} INFO - [2026-03-06T08:23:57.763+0000] {dag.py:3239} INFO - Sync 1 DAGs
[2026-03-06T08:23:57.820+0000] {logging_mixin.py:190} INFO - [2026-03-06T08:23:57.819+0000] {dag.py:4180} INFO - Setting next_dagrun for 01_music_ingestion_realtime to 2026-03-06 07:00:00+00:00, run_after=2026-03-06 08:00:00+00:00
[2026-03-06T08:23:57.852+0000] {processor.py:208} INFO - Processing /opt/airflow/dags/music_ingestion_dag.py took 0.379 seconds
[2026-03-06T08:24:28.333+0000] {processor.py:186} INFO - Started process (PID=3056) to work on /opt/airflow/dags/music_ingestion_dag.py
[2026-03-06T08:24:28.335+0000] {processor.py:914} INFO - Processing file /opt/airflow/dags/music_ingestion_dag.py for tasks to queue
[2026-03-06T08:24:28.337+0000] {logging_mixin.py:190} INFO - [2026-03-06T08:24:28.337+0000] {dagbag.py:588} INFO - Filling up the DagBag from /opt/airflow/dags/music_ingestion_dag.py
[2026-03-06T08:24:28.365+0000] {processor.py:925} INFO - DAG(s) '01_music_ingestion_realtime' retrieved from /opt/airflow/dags/music_ingestion_dag.py
[2026-03-06T08:24:28.413+0000] {logging_mixin.py:190} INFO - [2026-03-06T08:24:28.412+0000] {dag.py:3239} INFO - Sync 1 DAGs
[2026-03-06T08:24:28.453+0000] {logging_mixin.py:190} INFO - [2026-03-06T08:24:28.453+0000] {dag.py:4180} INFO - Setting next_dagrun for 01_music_ingestion_realtime to 2026-03-06 07:00:00+00:00, run_after=2026-03-06 08:00:00+00:00
[2026-03-06T08:24:28.483+0000] {processor.py:208} INFO - Processing /opt/airflow/dags/music_ingestion_dag.py took 0.165 seconds
[2026-03-06T08:24:59.003+0000] {processor.py:186} INFO - Started process (PID=3066) to work on /opt/airflow/dags/music_ingestion_dag.py
[2026-03-06T08:24:59.005+0000] {processor.py:914} INFO - Processing file /opt/airflow/dags/music_ingestion_dag.py for tasks to queue
[2026-03-06T08:24:59.008+0000] {logging_mixin.py:190} INFO - [2026-03-06T08:24:59.007+0000] {dagbag.py:588} INFO - Filling up the DagBag from /opt/airflow/dags/music_ingestion_dag.py
[2026-03-06T08:24:59.041+0000] {processor.py:925} INFO - DAG(s) '01_music_ingestion_realtime' retrieved from /opt/airflow/dags/music_ingestion_dag.py
[2026-03-06T08:24:59.077+0000] {logging_mixin.py:190} INFO - [2026-03-06T08:24:59.077+0000] {dag.py:3239} INFO - Sync 1 DAGs
[2026-03-06T08:24:59.109+0000] {logging_mixin.py:190} INFO - [2026-03-06T08:24:59.109+0000] {dag.py:4180} INFO - Setting next_dagrun for 01_music_ingestion_realtime to 2026-03-06 07:00:00+00:00, run_after=2026-03-06 08:00:00+00:00
[2026-03-06T08:24:59.138+0000] {processor.py:208} INFO - Processing /opt/airflow/dags/music_ingestion_dag.py took 0.142 seconds
[2026-03-06T08:25:29.465+0000] {processor.py:186} INFO - Started process (PID=3076) to work on /opt/airflow/dags/music_ingestion_dag.py
[2026-03-06T08:25:29.467+0000] {processor.py:914} INFO - Processing file /opt/airflow/dags/music_ingestion_dag.py for tasks to queue
[2026-03-06T08:25:29.469+0000] {logging_mixin.py:190} INFO - [2026-03-06T08:25:29.469+0000] {dagbag.py:588} INFO - Filling up the DagBag from /opt/airflow/dags/music_ingestion_dag.py
[2026-03-06T08:25:29.493+0000] {processor.py:925} INFO - DAG(s) '01_music_ingestion_realtime' retrieved from /opt/airflow/dags/music_ingestion_dag.py
[2026-03-06T08:25:29.539+0000] {logging_mixin.py:190} INFO - [2026-03-06T08:25:29.538+0000] {dag.py:3239} INFO - Sync 1 DAGs
[2026-03-06T08:25:29.570+0000] {logging_mixin.py:190} INFO - [2026-03-06T08:25:29.570+0000] {dag.py:4180} INFO - Setting next_dagrun for 01_music_ingestion_realtime to 2026-03-06 07:00:00+00:00, run_after=2026-03-06 08:00:00+00:00
[2026-03-06T08:25:29.604+0000] {processor.py:208} INFO - Processing /opt/airflow/dags/music_ingestion_dag.py took 0.147 seconds
[2026-03-06T08:26:00.068+0000] {processor.py:186} INFO - Started process (PID=3086) to work on /opt/airflow/dags/music_ingestion_dag.py
[2026-03-06T08:26:00.069+0000] {processor.py:914} INFO - Processing file /opt/airflow/dags/music_ingestion_dag.py for tasks to queue
[2026-03-06T08:26:00.071+0000] {logging_mixin.py:190} INFO - [2026-03-06T08:26:00.071+0000] {dagbag.py:588} INFO - Filling up the DagBag from /opt/airflow/dags/music_ingestion_dag.py
[2026-03-06T08:26:00.092+0000] {processor.py:925} INFO - DAG(s) '01_music_ingestion_realtime' retrieved from /opt/airflow/dags/music_ingestion_dag.py
[2026-03-06T08:26:00.122+0000] {logging_mixin.py:190} INFO - [2026-03-06T08:26:00.122+0000] {dag.py:3239} INFO - Sync 1 DAGs
[2026-03-06T08:26:00.155+0000] {logging_mixin.py:190} INFO - [2026-03-06T08:26:00.155+0000] {dag.py:4180} INFO - Setting next_dagrun for 01_music_ingestion_realtime to 2026-03-06 07:00:00+00:00, run_after=2026-03-06 08:00:00+00:00
[2026-03-06T08:26:00.192+0000] {processor.py:208} INFO - Processing /opt/airflow/dags/music_ingestion_dag.py took 0.130 seconds
[2026-03-06T08:26:30.505+0000] {processor.py:186} INFO - Started process (PID=3096) to work on /opt/airflow/dags/music_ingestion_dag.py
[2026-03-06T08:26:30.507+0000] {processor.py:914} INFO - Processing file /opt/airflow/dags/music_ingestion_dag.py for tasks to queue
[2026-03-06T08:26:30.509+0000] {logging_mixin.py:190} INFO - [2026-03-06T08:26:30.508+0000] {dagbag.py:588} INFO - Filling up the DagBag from /opt/airflow/dags/music_ingestion_dag.py
[2026-03-06T08:26:30.537+0000] {processor.py:925} INFO - DAG(s) '01_music_ingestion_realtime' retrieved from /opt/airflow/dags/music_ingestion_dag.py
[2026-03-06T08:26:30.578+0000] {logging_mixin.py:190} INFO - [2026-03-06T08:26:30.577+0000] {dag.py:3239} INFO - Sync 1 DAGs
[2026-03-06T08:26:30.614+0000] {logging_mixin.py:190} INFO - [2026-03-06T08:26:30.613+0000] {dag.py:4180} INFO - Setting next_dagrun for 01_music_ingestion_realtime to 2026-03-06 07:00:00+00:00, run_after=2026-03-06 08:00:00+00:00
[2026-03-06T08:26:30.645+0000] {processor.py:208} INFO - Processing /opt/airflow/dags/music_ingestion_dag.py took 0.149 seconds
[2026-03-06T08:27:01.092+0000] {processor.py:186} INFO - Started process (PID=3106) to work on /opt/airflow/dags/music_ingestion_dag.py
[2026-03-06T08:27:01.093+0000] {processor.py:914} INFO - Processing file /opt/airflow/dags/music_ingestion_dag.py for tasks to queue
[2026-03-06T08:27:01.095+0000] {logging_mixin.py:190} INFO - [2026-03-06T08:27:01.094+0000] {dagbag.py:588} INFO - Filling up the DagBag from /opt/airflow/dags/music_ingestion_dag.py
[2026-03-06T08:27:01.114+0000] {processor.py:925} INFO - DAG(s) '01_music_ingestion_realtime' retrieved from /opt/airflow/dags/music_ingestion_dag.py
[2026-03-06T08:27:01.143+0000] {logging_mixin.py:190} INFO - [2026-03-06T08:27:01.142+0000] {dag.py:3239} INFO - Sync 1 DAGs
[2026-03-06T08:27:01.170+0000] {logging_mixin.py:190} INFO - [2026-03-06T08:27:01.170+0000] {dag.py:4180} INFO - Setting next_dagrun for 01_music_ingestion_realtime to 2026-03-06 07:00:00+00:00, run_after=2026-03-06 08:00:00+00:00
[2026-03-06T08:27:01.201+0000] {processor.py:208} INFO - Processing /opt/airflow/dags/music_ingestion_dag.py took 0.116 seconds
[2026-03-06T08:27:31.554+0000] {processor.py:186} INFO - Started process (PID=3116) to work on /opt/airflow/dags/music_ingestion_dag.py
[2026-03-06T08:27:31.555+0000] {processor.py:914} INFO - Processing file /opt/airflow/dags/music_ingestion_dag.py for tasks to queue
[2026-03-06T08:27:31.557+0000] {logging_mixin.py:190} INFO - [2026-03-06T08:27:31.557+0000] {dagbag.py:588} INFO - Filling up the DagBag from /opt/airflow/dags/music_ingestion_dag.py
[2026-03-06T08:27:31.579+0000] {processor.py:925} INFO - DAG(s) '01_music_ingestion_realtime' retrieved from /opt/airflow/dags/music_ingestion_dag.py
[2026-03-06T08:27:31.609+0000] {logging_mixin.py:190} INFO - [2026-03-06T08:27:31.609+0000] {dag.py:3239} INFO - Sync 1 DAGs
[2026-03-06T08:27:31.639+0000] {logging_mixin.py:190} INFO - [2026-03-06T08:27:31.639+0000] {dag.py:4180} INFO - Setting next_dagrun for 01_music_ingestion_realtime to 2026-03-06 07:00:00+00:00, run_after=2026-03-06 08:00:00+00:00
[2026-03-06T08:27:31.667+0000] {processor.py:208} INFO - Processing /opt/airflow/dags/music_ingestion_dag.py took 0.119 seconds
[2026-03-06T08:28:02.004+0000] {processor.py:186} INFO - Started process (PID=3126) to work on /opt/airflow/dags/music_ingestion_dag.py
[2026-03-06T08:28:02.005+0000] {processor.py:914} INFO - Processing file /opt/airflow/dags/music_ingestion_dag.py for tasks to queue
[2026-03-06T08:28:02.007+0000] {logging_mixin.py:190} INFO - [2026-03-06T08:28:02.006+0000] {dagbag.py:588} INFO - Filling up the DagBag from /opt/airflow/dags/music_ingestion_dag.py
[2026-03-06T08:28:02.027+0000] {processor.py:925} INFO - DAG(s) '01_music_ingestion_realtime' retrieved from /opt/airflow/dags/music_ingestion_dag.py
[2026-03-06T08:28:02.059+0000] {logging_mixin.py:190} INFO - [2026-03-06T08:28:02.059+0000] {dag.py:3239} INFO - Sync 1 DAGs
[2026-03-06T08:28:02.091+0000] {logging_mixin.py:190} INFO - [2026-03-06T08:28:02.091+0000] {dag.py:4180} INFO - Setting next_dagrun for 01_music_ingestion_realtime to 2026-03-06 07:00:00+00:00, run_after=2026-03-06 08:00:00+00:00
[2026-03-06T08:28:02.122+0000] {processor.py:208} INFO - Processing /opt/airflow/dags/music_ingestion_dag.py took 0.125 seconds
[2026-03-06T08:28:32.486+0000] {processor.py:186} INFO - Started process (PID=3136) to work on /opt/airflow/dags/music_ingestion_dag.py
[2026-03-06T08:28:32.487+0000] {processor.py:914} INFO - Processing file /opt/airflow/dags/music_ingestion_dag.py for tasks to queue
[2026-03-06T08:28:32.489+0000] {logging_mixin.py:190} INFO - [2026-03-06T08:28:32.489+0000] {dagbag.py:588} INFO - Filling up the DagBag from /opt/airflow/dags/music_ingestion_dag.py
[2026-03-06T08:28:32.509+0000] {processor.py:925} INFO - DAG(s) '01_music_ingestion_realtime' retrieved from /opt/airflow/dags/music_ingestion_dag.py
[2026-03-06T08:28:32.543+0000] {logging_mixin.py:190} INFO - [2026-03-06T08:28:32.543+0000] {dag.py:3239} INFO - Sync 1 DAGs
[2026-03-06T08:28:32.582+0000] {logging_mixin.py:190} INFO - [2026-03-06T08:28:32.582+0000] {dag.py:4180} INFO - Setting next_dagrun for 01_music_ingestion_realtime to 2026-03-06 07:00:00+00:00, run_after=2026-03-06 08:00:00+00:00
[2026-03-06T08:28:32.616+0000] {processor.py:208} INFO - Processing /opt/airflow/dags/music_ingestion_dag.py took 0.137 seconds
[2026-03-06T08:29:02.992+0000] {processor.py:186} INFO - Started process (PID=3146) to work on /opt/airflow/dags/music_ingestion_dag.py
[2026-03-06T08:29:02.993+0000] {processor.py:914} INFO - Processing file /opt/airflow/dags/music_ingestion_dag.py for tasks to queue
[2026-03-06T08:29:02.995+0000] {logging_mixin.py:190} INFO - [2026-03-06T08:29:02.994+0000] {dagbag.py:588} INFO - Filling up the DagBag from /opt/airflow/dags/music_ingestion_dag.py
[2026-03-06T08:29:03.016+0000] {processor.py:925} INFO - DAG(s) '01_music_ingestion_realtime' retrieved from /opt/airflow/dags/music_ingestion_dag.py
[2026-03-06T08:29:03.053+0000] {logging_mixin.py:190} INFO - [2026-03-06T08:29:03.053+0000] {dag.py:3239} INFO - Sync 1 DAGs
[2026-03-06T08:29:03.084+0000] {logging_mixin.py:190} INFO - [2026-03-06T08:29:03.084+0000] {dag.py:4180} INFO - Setting next_dagrun for 01_music_ingestion_realtime to 2026-03-06 07:00:00+00:00, run_after=2026-03-06 08:00:00+00:00
[2026-03-06T08:29:03.113+0000] {processor.py:208} INFO - Processing /opt/airflow/dags/music_ingestion_dag.py took 0.127 seconds
[2026-03-06T08:29:33.585+0000] {processor.py:186} INFO - Started process (PID=3156) to work on /opt/airflow/dags/music_ingestion_dag.py
[2026-03-06T08:29:33.586+0000] {processor.py:914} INFO - Processing file /opt/airflow/dags/music_ingestion_dag.py for tasks to queue
[2026-03-06T08:29:33.588+0000] {logging_mixin.py:190} INFO - [2026-03-06T08:29:33.588+0000] {dagbag.py:588} INFO - Filling up the DagBag from /opt/airflow/dags/music_ingestion_dag.py
[2026-03-06T08:29:33.608+0000] {processor.py:925} INFO - DAG(s) '01_music_ingestion_realtime' retrieved from /opt/airflow/dags/music_ingestion_dag.py
[2026-03-06T08:29:33.640+0000] {logging_mixin.py:190} INFO - [2026-03-06T08:29:33.640+0000] {dag.py:3239} INFO - Sync 1 DAGs
[2026-03-06T08:29:33.670+0000] {logging_mixin.py:190} INFO - [2026-03-06T08:29:33.670+0000] {dag.py:4180} INFO - Setting next_dagrun for 01_music_ingestion_realtime to 2026-03-06 07:00:00+00:00, run_after=2026-03-06 08:00:00+00:00
[2026-03-06T08:29:33.700+0000] {processor.py:208} INFO - Processing /opt/airflow/dags/music_ingestion_dag.py took 0.121 seconds
[2026-03-06T08:30:04.065+0000] {processor.py:186} INFO - Started process (PID=3166) to work on /opt/airflow/dags/music_ingestion_dag.py
[2026-03-06T08:30:04.066+0000] {processor.py:914} INFO - Processing file /opt/airflow/dags/music_ingestion_dag.py for tasks to queue
[2026-03-06T08:30:04.068+0000] {logging_mixin.py:190} INFO - [2026-03-06T08:30:04.068+0000] {dagbag.py:588} INFO - Filling up the DagBag from /opt/airflow/dags/music_ingestion_dag.py
[2026-03-06T08:30:04.092+0000] {processor.py:925} INFO - DAG(s) '01_music_ingestion_realtime' retrieved from /opt/airflow/dags/music_ingestion_dag.py
[2026-03-06T08:30:04.123+0000] {logging_mixin.py:190} INFO - [2026-03-06T08:30:04.122+0000] {dag.py:3239} INFO - Sync 1 DAGs
[2026-03-06T08:30:04.153+0000] {logging_mixin.py:190} INFO - [2026-03-06T08:30:04.153+0000] {dag.py:4180} INFO - Setting next_dagrun for 01_music_ingestion_realtime to 2026-03-06 07:00:00+00:00, run_after=2026-03-06 08:00:00+00:00
[2026-03-06T08:30:04.181+0000] {processor.py:208} INFO - Processing /opt/airflow/dags/music_ingestion_dag.py took 0.122 seconds
[2026-03-06T08:30:34.514+0000] {processor.py:186} INFO - Started process (PID=3176) to work on /opt/airflow/dags/music_ingestion_dag.py
[2026-03-06T08:30:34.516+0000] {processor.py:914} INFO - Processing file /opt/airflow/dags/music_ingestion_dag.py for tasks to queue
[2026-03-06T08:30:34.518+0000] {logging_mixin.py:190} INFO - [2026-03-06T08:30:34.517+0000] {dagbag.py:588} INFO - Filling up the DagBag from /opt/airflow/dags/music_ingestion_dag.py
[2026-03-06T08:30:34.543+0000] {processor.py:925} INFO - DAG(s) '01_music_ingestion_realtime' retrieved from /opt/airflow/dags/music_ingestion_dag.py
[2026-03-06T08:30:34.579+0000] {logging_mixin.py:190} INFO - [2026-03-06T08:30:34.579+0000] {dag.py:3239} INFO - Sync 1 DAGs
[2026-03-06T08:30:34.613+0000] {logging_mixin.py:190} INFO - [2026-03-06T08:30:34.612+0000] {dag.py:4180} INFO - Setting next_dagrun for 01_music_ingestion_realtime to 2026-03-06 07:00:00+00:00, run_after=2026-03-06 08:00:00+00:00
[2026-03-06T08:30:34.641+0000] {processor.py:208} INFO - Processing /opt/airflow/dags/music_ingestion_dag.py took 0.137 seconds
[2026-03-06T08:31:05.009+0000] {processor.py:186} INFO - Started process (PID=3186) to work on /opt/airflow/dags/music_ingestion_dag.py
[2026-03-06T08:31:05.010+0000] {processor.py:914} INFO - Processing file /opt/airflow/dags/music_ingestion_dag.py for tasks to queue
[2026-03-06T08:31:05.011+0000] {logging_mixin.py:190} INFO - [2026-03-06T08:31:05.011+0000] {dagbag.py:588} INFO - Filling up the DagBag from /opt/airflow/dags/music_ingestion_dag.py
[2026-03-06T08:31:05.029+0000] {processor.py:925} INFO - DAG(s) '01_music_ingestion_realtime' retrieved from /opt/airflow/dags/music_ingestion_dag.py
[2026-03-06T08:31:05.057+0000] {logging_mixin.py:190} INFO - [2026-03-06T08:31:05.057+0000] {dag.py:3239} INFO - Sync 1 DAGs
[2026-03-06T08:31:05.088+0000] {logging_mixin.py:190} INFO - [2026-03-06T08:31:05.088+0000] {dag.py:4180} INFO - Setting next_dagrun for 01_music_ingestion_realtime to 2026-03-06 07:00:00+00:00, run_after=2026-03-06 08:00:00+00:00
[2026-03-06T08:31:05.119+0000] {processor.py:208} INFO - Processing /opt/airflow/dags/music_ingestion_dag.py took 0.118 seconds
[2026-03-06T08:31:35.597+0000] {processor.py:186} INFO - Started process (PID=3196) to work on /opt/airflow/dags/music_ingestion_dag.py
[2026-03-06T08:31:35.599+0000] {processor.py:914} INFO - Processing file /opt/airflow/dags/music_ingestion_dag.py for tasks to queue
[2026-03-06T08:31:35.601+0000] {logging_mixin.py:190} INFO - [2026-03-06T08:31:35.601+0000] {dagbag.py:588} INFO - Filling up the DagBag from /opt/airflow/dags/music_ingestion_dag.py
[2026-03-06T08:31:35.633+0000] {processor.py:925} INFO - DAG(s) '01_music_ingestion_realtime' retrieved from /opt/airflow/dags/music_ingestion_dag.py
[2026-03-06T08:31:35.674+0000] {logging_mixin.py:190} INFO - [2026-03-06T08:31:35.673+0000] {dag.py:3239} INFO - Sync 1 DAGs
[2026-03-06T08:31:35.704+0000] {logging_mixin.py:190} INFO - [2026-03-06T08:31:35.704+0000] {dag.py:4180} INFO - Setting next_dagrun for 01_music_ingestion_realtime to 2026-03-06 07:00:00+00:00, run_after=2026-03-06 08:00:00+00:00
[2026-03-06T08:31:35.729+0000] {processor.py:208} INFO - Processing /opt/airflow/dags/music_ingestion_dag.py took 0.142 seconds
[2026-03-06T08:32:06.028+0000] {processor.py:186} INFO - Started process (PID=3206) to work on /opt/airflow/dags/music_ingestion_dag.py
[2026-03-06T08:32:06.029+0000] {processor.py:914} INFO - Processing file /opt/airflow/dags/music_ingestion_dag.py for tasks to queue
[2026-03-06T08:32:06.030+0000] {logging_mixin.py:190} INFO - [2026-03-06T08:32:06.030+0000] {dagbag.py:588} INFO - Filling up the DagBag from /opt/airflow/dags/music_ingestion_dag.py
[2026-03-06T08:32:06.052+0000] {processor.py:925} INFO - DAG(s) '01_music_ingestion_realtime' retrieved from /opt/airflow/dags/music_ingestion_dag.py
[2026-03-06T08:32:06.090+0000] {logging_mixin.py:190} INFO - [2026-03-06T08:32:06.090+0000] {dag.py:3239} INFO - Sync 1 DAGs
[2026-03-06T08:32:06.122+0000] {logging_mixin.py:190} INFO - [2026-03-06T08:32:06.122+0000] {dag.py:4180} INFO - Setting next_dagrun for 01_music_ingestion_realtime to 2026-03-06 07:00:00+00:00, run_after=2026-03-06 08:00:00+00:00
[2026-03-06T08:32:06.153+0000] {processor.py:208} INFO - Processing /opt/airflow/dags/music_ingestion_dag.py took 0.132 seconds
[2026-03-06T08:32:36.594+0000] {processor.py:186} INFO - Started process (PID=3216) to work on /opt/airflow/dags/music_ingestion_dag.py
[2026-03-06T08:32:36.595+0000] {processor.py:914} INFO - Processing file /opt/airflow/dags/music_ingestion_dag.py for tasks to queue
[2026-03-06T08:32:36.598+0000] {logging_mixin.py:190} INFO - [2026-03-06T08:32:36.597+0000] {dagbag.py:588} INFO - Filling up the DagBag from /opt/airflow/dags/music_ingestion_dag.py
[2026-03-06T08:32:36.623+0000] {processor.py:925} INFO - DAG(s) '01_music_ingestion_realtime' retrieved from /opt/airflow/dags/music_ingestion_dag.py
[2026-03-06T08:32:36.654+0000] {logging_mixin.py:190} INFO - [2026-03-06T08:32:36.653+0000] {dag.py:3239} INFO - Sync 1 DAGs
[2026-03-06T08:32:36.684+0000] {logging_mixin.py:190} INFO - [2026-03-06T08:32:36.684+0000] {dag.py:4180} INFO - Setting next_dagrun for 01_music_ingestion_realtime to 2026-03-06 07:00:00+00:00, run_after=2026-03-06 08:00:00+00:00
[2026-03-06T08:32:36.718+0000] {processor.py:208} INFO - Processing /opt/airflow/dags/music_ingestion_dag.py took 0.130 seconds
[2026-03-06T08:33:07.008+0000] {processor.py:186} INFO - Started process (PID=3226) to work on /opt/airflow/dags/music_ingestion_dag.py
[2026-03-06T08:33:07.009+0000] {processor.py:914} INFO - Processing file /opt/airflow/dags/music_ingestion_dag.py for tasks to queue
[2026-03-06T08:33:07.011+0000] {logging_mixin.py:190} INFO - [2026-03-06T08:33:07.010+0000] {dagbag.py:588} INFO - Filling up the DagBag from /opt/airflow/dags/music_ingestion_dag.py
[2026-03-06T08:33:07.038+0000] {processor.py:925} INFO - DAG(s) '01_music_ingestion_realtime' retrieved from /opt/airflow/dags/music_ingestion_dag.py
[2026-03-06T08:33:07.071+0000] {logging_mixin.py:190} INFO - [2026-03-06T08:33:07.071+0000] {dag.py:3239} INFO - Sync 1 DAGs
[2026-03-06T08:33:07.102+0000] {logging_mixin.py:190} INFO - [2026-03-06T08:33:07.102+0000] {dag.py:4180} INFO - Setting next_dagrun for 01_music_ingestion_realtime to 2026-03-06 07:00:00+00:00, run_after=2026-03-06 08:00:00+00:00
[2026-03-06T08:33:07.132+0000] {processor.py:208} INFO - Processing /opt/airflow/dags/music_ingestion_dag.py took 0.132 seconds
[2026-03-06T08:33:37.585+0000] {processor.py:186} INFO - Started process (PID=3236) to work on /opt/airflow/dags/music_ingestion_dag.py
[2026-03-06T08:33:37.587+0000] {processor.py:914} INFO - Processing file /opt/airflow/dags/music_ingestion_dag.py for tasks to queue
[2026-03-06T08:33:37.588+0000] {logging_mixin.py:190} INFO - [2026-03-06T08:33:37.588+0000] {dagbag.py:588} INFO - Filling up the DagBag from /opt/airflow/dags/music_ingestion_dag.py
[2026-03-06T08:33:37.610+0000] {processor.py:925} INFO - DAG(s) '01_music_ingestion_realtime' retrieved from /opt/airflow/dags/music_ingestion_dag.py
[2026-03-06T08:33:37.642+0000] {logging_mixin.py:190} INFO - [2026-03-06T08:33:37.642+0000] {dag.py:3239} INFO - Sync 1 DAGs
[2026-03-06T08:33:37.670+0000] {logging_mixin.py:190} INFO - [2026-03-06T08:33:37.670+0000] {dag.py:4180} INFO - Setting next_dagrun for 01_music_ingestion_realtime to 2026-03-06 07:00:00+00:00, run_after=2026-03-06 08:00:00+00:00
[2026-03-06T08:33:37.699+0000] {processor.py:208} INFO - Processing /opt/airflow/dags/music_ingestion_dag.py took 0.120 seconds
[2026-03-06T08:34:08.215+0000] {processor.py:186} INFO - Started process (PID=3246) to work on /opt/airflow/dags/music_ingestion_dag.py
[2026-03-06T08:34:08.216+0000] {processor.py:914} INFO - Processing file /opt/airflow/dags/music_ingestion_dag.py for tasks to queue
[2026-03-06T08:34:08.218+0000] {logging_mixin.py:190} INFO - [2026-03-06T08:34:08.218+0000] {dagbag.py:588} INFO - Filling up the DagBag from /opt/airflow/dags/music_ingestion_dag.py
[2026-03-06T08:34:08.238+0000] {processor.py:925} INFO - DAG(s) '01_music_ingestion_realtime' retrieved from /opt/airflow/dags/music_ingestion_dag.py
[2026-03-06T08:34:08.267+0000] {logging_mixin.py:190} INFO - [2026-03-06T08:34:08.267+0000] {dag.py:3239} INFO - Sync 1 DAGs
[2026-03-06T08:34:08.296+0000] {logging_mixin.py:190} INFO - [2026-03-06T08:34:08.295+0000] {dag.py:4180} INFO - Setting next_dagrun for 01_music_ingestion_realtime to 2026-03-06 07:00:00+00:00, run_after=2026-03-06 08:00:00+00:00
[2026-03-06T08:34:08.324+0000] {processor.py:208} INFO - Processing /opt/airflow/dags/music_ingestion_dag.py took 0.115 seconds
[2026-03-06T08:34:38.669+0000] {processor.py:186} INFO - Started process (PID=3256) to work on /opt/airflow/dags/music_ingestion_dag.py
[2026-03-06T08:34:38.670+0000] {processor.py:914} INFO - Processing file /opt/airflow/dags/music_ingestion_dag.py for tasks to queue
[2026-03-06T08:34:38.672+0000] {logging_mixin.py:190} INFO - [2026-03-06T08:34:38.671+0000] {dagbag.py:588} INFO - Filling up the DagBag from /opt/airflow/dags/music_ingestion_dag.py
[2026-03-06T08:34:38.690+0000] {processor.py:925} INFO - DAG(s) '01_music_ingestion_realtime' retrieved from /opt/airflow/dags/music_ingestion_dag.py
[2026-03-06T08:34:38.726+0000] {logging_mixin.py:190} INFO - [2026-03-06T08:34:38.725+0000] {dag.py:3239} INFO - Sync 1 DAGs
[2026-03-06T08:34:38.755+0000] {logging_mixin.py:190} INFO - [2026-03-06T08:34:38.754+0000] {dag.py:4180} INFO - Setting next_dagrun for 01_music_ingestion_realtime to 2026-03-06 07:00:00+00:00, run_after=2026-03-06 08:00:00+00:00
[2026-03-06T08:34:38.780+0000] {processor.py:208} INFO - Processing /opt/airflow/dags/music_ingestion_dag.py took 0.119 seconds
[2026-03-06T08:35:09.163+0000] {processor.py:186} INFO - Started process (PID=3266) to work on /opt/airflow/dags/music_ingestion_dag.py
[2026-03-06T08:35:09.164+0000] {processor.py:914} INFO - Processing file /opt/airflow/dags/music_ingestion_dag.py for tasks to queue
[2026-03-06T08:35:09.165+0000] {logging_mixin.py:190} INFO - [2026-03-06T08:35:09.165+0000] {dagbag.py:588} INFO - Filling up the DagBag from /opt/airflow/dags/music_ingestion_dag.py
[2026-03-06T08:35:09.191+0000] {processor.py:925} INFO - DAG(s) '01_music_ingestion_realtime' retrieved from /opt/airflow/dags/music_ingestion_dag.py
[2026-03-06T08:35:09.225+0000] {logging_mixin.py:190} INFO - [2026-03-06T08:35:09.225+0000] {dag.py:3239} INFO - Sync 1 DAGs
[2026-03-06T08:35:09.256+0000] {logging_mixin.py:190} INFO - [2026-03-06T08:35:09.256+0000] {dag.py:4180} INFO - Setting next_dagrun for 01_music_ingestion_realtime to 2026-03-06 07:00:00+00:00, run_after=2026-03-06 08:00:00+00:00
[2026-03-06T08:35:09.284+0000] {processor.py:208} INFO - Processing /opt/airflow/dags/music_ingestion_dag.py took 0.128 seconds
[2026-03-06T08:35:39.613+0000] {processor.py:186} INFO - Started process (PID=3276) to work on /opt/airflow/dags/music_ingestion_dag.py
[2026-03-06T08:35:39.614+0000] {processor.py:914} INFO - Processing file /opt/airflow/dags/music_ingestion_dag.py for tasks to queue
[2026-03-06T08:35:39.616+0000] {logging_mixin.py:190} INFO - [2026-03-06T08:35:39.616+0000] {dagbag.py:588} INFO - Filling up the DagBag from /opt/airflow/dags/music_ingestion_dag.py
[2026-03-06T08:35:39.637+0000] {processor.py:925} INFO - DAG(s) '01_music_ingestion_realtime' retrieved from /opt/airflow/dags/music_ingestion_dag.py
[2026-03-06T08:35:39.669+0000] {logging_mixin.py:190} INFO - [2026-03-06T08:35:39.669+0000] {dag.py:3239} INFO - Sync 1 DAGs
[2026-03-06T08:35:39.713+0000] {logging_mixin.py:190} INFO - [2026-03-06T08:35:39.712+0000] {dag.py:4180} INFO - Setting next_dagrun for 01_music_ingestion_realtime to 2026-03-06 07:00:00+00:00, run_after=2026-03-06 08:00:00+00:00
[2026-03-06T08:35:39.745+0000] {processor.py:208} INFO - Processing /opt/airflow/dags/music_ingestion_dag.py took 0.141 seconds
[2026-03-06T08:36:10.166+0000] {processor.py:186} INFO - Started process (PID=3286) to work on /opt/airflow/dags/music_ingestion_dag.py
[2026-03-06T08:36:10.167+0000] {processor.py:914} INFO - Processing file /opt/airflow/dags/music_ingestion_dag.py for tasks to queue
[2026-03-06T08:36:10.169+0000] {logging_mixin.py:190} INFO - [2026-03-06T08:36:10.169+0000] {dagbag.py:588} INFO - Filling up the DagBag from /opt/airflow/dags/music_ingestion_dag.py
[2026-03-06T08:36:10.192+0000] {processor.py:925} INFO - DAG(s) '01_music_ingestion_realtime' retrieved from /opt/airflow/dags/music_ingestion_dag.py
[2026-03-06T08:36:10.226+0000] {logging_mixin.py:190} INFO - [2026-03-06T08:36:10.226+0000] {dag.py:3239} INFO - Sync 1 DAGs
[2026-03-06T08:36:10.259+0000] {logging_mixin.py:190} INFO - [2026-03-06T08:36:10.259+0000] {dag.py:4180} INFO - Setting next_dagrun for 01_music_ingestion_realtime to 2026-03-06 07:00:00+00:00, run_after=2026-03-06 08:00:00+00:00
[2026-03-06T08:36:10.286+0000] {processor.py:208} INFO - Processing /opt/airflow/dags/music_ingestion_dag.py took 0.128 seconds
[2026-03-06T08:36:40.553+0000] {processor.py:186} INFO - Started process (PID=3296) to work on /opt/airflow/dags/music_ingestion_dag.py
[2026-03-06T08:36:40.555+0000] {processor.py:914} INFO - Processing file /opt/airflow/dags/music_ingestion_dag.py for tasks to queue
[2026-03-06T08:36:40.557+0000] {logging_mixin.py:190} INFO - [2026-03-06T08:36:40.556+0000] {dagbag.py:588} INFO - Filling up the DagBag from /opt/airflow/dags/music_ingestion_dag.py
[2026-03-06T08:36:40.581+0000] {processor.py:925} INFO - DAG(s) '01_music_ingestion_realtime' retrieved from /opt/airflow/dags/music_ingestion_dag.py
[2026-03-06T08:36:40.622+0000] {logging_mixin.py:190} INFO - [2026-03-06T08:36:40.622+0000] {dag.py:3239} INFO - Sync 1 DAGs
[2026-03-06T08:36:40.656+0000] {logging_mixin.py:190} INFO - [2026-03-06T08:36:40.656+0000] {dag.py:4180} INFO - Setting next_dagrun for 01_music_ingestion_realtime to 2026-03-06 07:00:00+00:00, run_after=2026-03-06 08:00:00+00:00
[2026-03-06T08:36:40.686+0000] {processor.py:208} INFO - Processing /opt/airflow/dags/music_ingestion_dag.py took 0.143 seconds
[2026-03-06T08:37:11.101+0000] {processor.py:186} INFO - Started process (PID=3306) to work on /opt/airflow/dags/music_ingestion_dag.py
[2026-03-06T08:37:11.103+0000] {processor.py:914} INFO - Processing file /opt/airflow/dags/music_ingestion_dag.py for tasks to queue
[2026-03-06T08:37:11.104+0000] {logging_mixin.py:190} INFO - [2026-03-06T08:37:11.104+0000] {dagbag.py:588} INFO - Filling up the DagBag from /opt/airflow/dags/music_ingestion_dag.py
[2026-03-06T08:37:11.131+0000] {processor.py:925} INFO - DAG(s) '01_music_ingestion_realtime' retrieved from /opt/airflow/dags/music_ingestion_dag.py
[2026-03-06T08:37:11.170+0000] {logging_mixin.py:190} INFO - [2026-03-06T08:37:11.169+0000] {dag.py:3239} INFO - Sync 1 DAGs
[2026-03-06T08:37:11.199+0000] {logging_mixin.py:190} INFO - [2026-03-06T08:37:11.199+0000] {dag.py:4180} INFO - Setting next_dagrun for 01_music_ingestion_realtime to 2026-03-06 07:00:00+00:00, run_after=2026-03-06 08:00:00+00:00
[2026-03-06T08:37:11.223+0000] {processor.py:208} INFO - Processing /opt/airflow/dags/music_ingestion_dag.py took 0.128 seconds
[2026-03-06T08:37:41.588+0000] {processor.py:186} INFO - Started process (PID=3316) to work on /opt/airflow/dags/music_ingestion_dag.py
[2026-03-06T08:37:41.589+0000] {processor.py:914} INFO - Processing file /opt/airflow/dags/music_ingestion_dag.py for tasks to queue
[2026-03-06T08:37:41.591+0000] {logging_mixin.py:190} INFO - [2026-03-06T08:37:41.591+0000] {dagbag.py:588} INFO - Filling up the DagBag from /opt/airflow/dags/music_ingestion_dag.py
[2026-03-06T08:37:41.613+0000] {processor.py:925} INFO - DAG(s) '01_music_ingestion_realtime' retrieved from /opt/airflow/dags/music_ingestion_dag.py
[2026-03-06T08:37:41.645+0000] {logging_mixin.py:190} INFO - [2026-03-06T08:37:41.645+0000] {dag.py:3239} INFO - Sync 1 DAGs
[2026-03-06T08:37:41.674+0000] {logging_mixin.py:190} INFO - [2026-03-06T08:37:41.674+0000] {dag.py:4180} INFO - Setting next_dagrun for 01_music_ingestion_realtime to 2026-03-06 07:00:00+00:00, run_after=2026-03-06 08:00:00+00:00
[2026-03-06T08:37:41.701+0000] {processor.py:208} INFO - Processing /opt/airflow/dags/music_ingestion_dag.py took 0.120 seconds
[2026-03-06T08:38:12.116+0000] {processor.py:186} INFO - Started process (PID=3326) to work on /opt/airflow/dags/music_ingestion_dag.py
[2026-03-06T08:38:12.117+0000] {processor.py:914} INFO - Processing file /opt/airflow/dags/music_ingestion_dag.py for tasks to queue
[2026-03-06T08:38:12.120+0000] {logging_mixin.py:190} INFO - [2026-03-06T08:38:12.119+0000] {dagbag.py:588} INFO - Filling up the DagBag from /opt/airflow/dags/music_ingestion_dag.py
[2026-03-06T08:38:12.145+0000] {processor.py:925} INFO - DAG(s) '01_music_ingestion_realtime' retrieved from /opt/airflow/dags/music_ingestion_dag.py
[2026-03-06T08:38:12.174+0000] {logging_mixin.py:190} INFO - [2026-03-06T08:38:12.174+0000] {dag.py:3239} INFO - Sync 1 DAGs
[2026-03-06T08:38:12.204+0000] {logging_mixin.py:190} INFO - [2026-03-06T08:38:12.204+0000] {dag.py:4180} INFO - Setting next_dagrun for 01_music_ingestion_realtime to 2026-03-06 07:00:00+00:00, run_after=2026-03-06 08:00:00+00:00
[2026-03-06T08:38:12.234+0000] {processor.py:208} INFO - Processing /opt/airflow/dags/music_ingestion_dag.py took 0.126 seconds
[2026-03-06T08:38:42.646+0000] {processor.py:186} INFO - Started process (PID=3336) to work on /opt/airflow/dags/music_ingestion_dag.py
[2026-03-06T08:38:42.647+0000] {processor.py:914} INFO - Processing file /opt/airflow/dags/music_ingestion_dag.py for tasks to queue
[2026-03-06T08:38:42.648+0000] {logging_mixin.py:190} INFO - [2026-03-06T08:38:42.648+0000] {dagbag.py:588} INFO - Filling up the DagBag from /opt/airflow/dags/music_ingestion_dag.py
[2026-03-06T08:38:42.666+0000] {processor.py:925} INFO - DAG(s) '01_music_ingestion_realtime' retrieved from /opt/airflow/dags/music_ingestion_dag.py
[2026-03-06T08:38:42.699+0000] {logging_mixin.py:190} INFO - [2026-03-06T08:38:42.698+0000] {dag.py:3239} INFO - Sync 1 DAGs
[2026-03-06T08:38:42.727+0000] {logging_mixin.py:190} INFO - [2026-03-06T08:38:42.727+0000] {dag.py:4180} INFO - Setting next_dagrun for 01_music_ingestion_realtime to 2026-03-06 07:00:00+00:00, run_after=2026-03-06 08:00:00+00:00
[2026-03-06T08:38:42.755+0000] {processor.py:208} INFO - Processing /opt/airflow/dags/music_ingestion_dag.py took 0.116 seconds
[2026-03-06T08:39:13.237+0000] {processor.py:186} INFO - Started process (PID=3346) to work on /opt/airflow/dags/music_ingestion_dag.py
[2026-03-06T08:39:13.239+0000] {processor.py:914} INFO - Processing file /opt/airflow/dags/music_ingestion_dag.py for tasks to queue
[2026-03-06T08:39:13.240+0000] {logging_mixin.py:190} INFO - [2026-03-06T08:39:13.240+0000] {dagbag.py:588} INFO - Filling up the DagBag from /opt/airflow/dags/music_ingestion_dag.py
[2026-03-06T08:39:13.261+0000] {processor.py:925} INFO - DAG(s) '01_music_ingestion_realtime' retrieved from /opt/airflow/dags/music_ingestion_dag.py
[2026-03-06T08:39:13.294+0000] {logging_mixin.py:190} INFO - [2026-03-06T08:39:13.293+0000] {dag.py:3239} INFO - Sync 1 DAGs
[2026-03-06T08:39:13.322+0000] {logging_mixin.py:190} INFO - [2026-03-06T08:39:13.322+0000] {dag.py:4180} INFO - Setting next_dagrun for 01_music_ingestion_realtime to 2026-03-06 07:00:00+00:00, run_after=2026-03-06 08:00:00+00:00
[2026-03-06T08:39:13.350+0000] {processor.py:208} INFO - Processing /opt/airflow/dags/music_ingestion_dag.py took 0.120 seconds
[2026-03-06T08:39:43.669+0000] {processor.py:186} INFO - Started process (PID=3356) to work on /opt/airflow/dags/music_ingestion_dag.py
[2026-03-06T08:39:43.670+0000] {processor.py:914} INFO - Processing file /opt/airflow/dags/music_ingestion_dag.py for tasks to queue
[2026-03-06T08:39:43.672+0000] {logging_mixin.py:190} INFO - [2026-03-06T08:39:43.671+0000] {dagbag.py:588} INFO - Filling up the DagBag from /opt/airflow/dags/music_ingestion_dag.py
[2026-03-06T08:39:43.696+0000] {processor.py:925} INFO - DAG(s) '01_music_ingestion_realtime' retrieved from /opt/airflow/dags/music_ingestion_dag.py
[2026-03-06T08:39:43.740+0000] {logging_mixin.py:190} INFO - [2026-03-06T08:39:43.740+0000] {dag.py:3239} INFO - Sync 1 DAGs
[2026-03-06T08:39:43.778+0000] {logging_mixin.py:190} INFO - [2026-03-06T08:39:43.778+0000] {dag.py:4180} INFO - Setting next_dagrun for 01_music_ingestion_realtime to 2026-03-06 07:00:00+00:00, run_after=2026-03-06 08:00:00+00:00
[2026-03-06T08:39:43.809+0000] {processor.py:208} INFO - Processing /opt/airflow/dags/music_ingestion_dag.py took 0.148 seconds
[2026-03-06T08:40:14.383+0000] {processor.py:186} INFO - Started process (PID=3366) to work on /opt/airflow/dags/music_ingestion_dag.py
[2026-03-06T08:40:14.385+0000] {processor.py:914} INFO - Processing file /opt/airflow/dags/music_ingestion_dag.py for tasks to queue
[2026-03-06T08:40:14.389+0000] {logging_mixin.py:190} INFO - [2026-03-06T08:40:14.388+0000] {dagbag.py:588} INFO - Filling up the DagBag from /opt/airflow/dags/music_ingestion_dag.py
[2026-03-06T08:40:14.428+0000] {processor.py:925} INFO - DAG(s) '01_music_ingestion_realtime' retrieved from /opt/airflow/dags/music_ingestion_dag.py
[2026-03-06T08:40:14.498+0000] {logging_mixin.py:190} INFO - [2026-03-06T08:40:14.497+0000] {dag.py:3239} INFO - Sync 1 DAGs
[2026-03-06T08:40:14.964+0000] {logging_mixin.py:190} INFO - [2026-03-06T08:40:14.963+0000] {dag.py:4180} INFO - Setting next_dagrun for 01_music_ingestion_realtime to 2026-03-06 07:00:00+00:00, run_after=2026-03-06 08:00:00+00:00
[2026-03-06T08:40:15.063+0000] {processor.py:208} INFO - Processing /opt/airflow/dags/music_ingestion_dag.py took 0.692 seconds
[2026-03-06T08:40:45.538+0000] {processor.py:186} INFO - Started process (PID=3376) to work on /opt/airflow/dags/music_ingestion_dag.py
[2026-03-06T08:40:45.540+0000] {processor.py:914} INFO - Processing file /opt/airflow/dags/music_ingestion_dag.py for tasks to queue
[2026-03-06T08:40:45.541+0000] {logging_mixin.py:190} INFO - [2026-03-06T08:40:45.541+0000] {dagbag.py:588} INFO - Filling up the DagBag from /opt/airflow/dags/music_ingestion_dag.py
[2026-03-06T08:40:45.570+0000] {processor.py:925} INFO - DAG(s) '01_music_ingestion_realtime' retrieved from /opt/airflow/dags/music_ingestion_dag.py
[2026-03-06T08:40:45.616+0000] {logging_mixin.py:190} INFO - [2026-03-06T08:40:45.615+0000] {dag.py:3239} INFO - Sync 1 DAGs
[2026-03-06T08:40:45.656+0000] {logging_mixin.py:190} INFO - [2026-03-06T08:40:45.655+0000] {dag.py:4180} INFO - Setting next_dagrun for 01_music_ingestion_realtime to 2026-03-06 07:00:00+00:00, run_after=2026-03-06 08:00:00+00:00
[2026-03-06T08:40:45.685+0000] {processor.py:208} INFO - Processing /opt/airflow/dags/music_ingestion_dag.py took 0.155 seconds
[2026-03-06T08:41:16.083+0000] {processor.py:186} INFO - Started process (PID=3384) to work on /opt/airflow/dags/music_ingestion_dag.py
[2026-03-06T08:41:16.088+0000] {processor.py:914} INFO - Processing file /opt/airflow/dags/music_ingestion_dag.py for tasks to queue
[2026-03-06T08:41:16.092+0000] {logging_mixin.py:190} INFO - [2026-03-06T08:41:16.091+0000] {dagbag.py:588} INFO - Filling up the DagBag from /opt/airflow/dags/music_ingestion_dag.py
[2026-03-06T08:41:16.158+0000] {processor.py:925} INFO - DAG(s) '01_music_ingestion_realtime' retrieved from /opt/airflow/dags/music_ingestion_dag.py
[2026-03-06T08:41:16.232+0000] {logging_mixin.py:190} INFO - [2026-03-06T08:41:16.231+0000] {dag.py:3239} INFO - Sync 1 DAGs
[2026-03-06T08:41:16.312+0000] {logging_mixin.py:190} INFO - [2026-03-06T08:41:16.311+0000] {dag.py:4180} INFO - Setting next_dagrun for 01_music_ingestion_realtime to 2026-03-06 07:00:00+00:00, run_after=2026-03-06 08:00:00+00:00
[2026-03-06T08:41:16.386+0000] {processor.py:208} INFO - Processing /opt/airflow/dags/music_ingestion_dag.py took 0.338 seconds
[2026-03-06T08:41:46.542+0000] {processor.py:186} INFO - Started process (PID=3396) to work on /opt/airflow/dags/music_ingestion_dag.py
[2026-03-06T08:41:46.544+0000] {processor.py:914} INFO - Processing file /opt/airflow/dags/music_ingestion_dag.py for tasks to queue
[2026-03-06T08:41:46.547+0000] {logging_mixin.py:190} INFO - [2026-03-06T08:41:46.546+0000] {dagbag.py:588} INFO - Filling up the DagBag from /opt/airflow/dags/music_ingestion_dag.py
[2026-03-06T08:41:46.577+0000] {processor.py:925} INFO - DAG(s) '01_music_ingestion_realtime' retrieved from /opt/airflow/dags/music_ingestion_dag.py
[2026-03-06T08:41:46.627+0000] {logging_mixin.py:190} INFO - [2026-03-06T08:41:46.626+0000] {dag.py:3239} INFO - Sync 1 DAGs
[2026-03-06T08:41:46.672+0000] {logging_mixin.py:190} INFO - [2026-03-06T08:41:46.671+0000] {dag.py:4180} INFO - Setting next_dagrun for 01_music_ingestion_realtime to 2026-03-06 07:00:00+00:00, run_after=2026-03-06 08:00:00+00:00
[2026-03-06T08:41:46.708+0000] {processor.py:208} INFO - Processing /opt/airflow/dags/music_ingestion_dag.py took 0.177 seconds
[2026-03-06T08:42:16.829+0000] {processor.py:186} INFO - Started process (PID=3406) to work on /opt/airflow/dags/music_ingestion_dag.py
[2026-03-06T08:42:16.831+0000] {processor.py:914} INFO - Processing file /opt/airflow/dags/music_ingestion_dag.py for tasks to queue
[2026-03-06T08:42:16.834+0000] {logging_mixin.py:190} INFO - [2026-03-06T08:42:16.833+0000] {dagbag.py:588} INFO - Filling up the DagBag from /opt/airflow/dags/music_ingestion_dag.py
[2026-03-06T08:42:16.871+0000] {processor.py:925} INFO - DAG(s) '01_music_ingestion_realtime' retrieved from /opt/airflow/dags/music_ingestion_dag.py
[2026-03-06T08:42:16.922+0000] {logging_mixin.py:190} INFO - [2026-03-06T08:42:16.922+0000] {dag.py:3239} INFO - Sync 1 DAGs
[2026-03-06T08:42:16.964+0000] {logging_mixin.py:190} INFO - [2026-03-06T08:42:16.964+0000] {dag.py:4180} INFO - Setting next_dagrun for 01_music_ingestion_realtime to 2026-03-06 07:00:00+00:00, run_after=2026-03-06 08:00:00+00:00
[2026-03-06T08:42:17.033+0000] {processor.py:208} INFO - Processing /opt/airflow/dags/music_ingestion_dag.py took 0.215 seconds
[2026-03-06T08:42:47.367+0000] {processor.py:186} INFO - Started process (PID=3416) to work on /opt/airflow/dags/music_ingestion_dag.py
[2026-03-06T08:42:47.369+0000] {processor.py:914} INFO - Processing file /opt/airflow/dags/music_ingestion_dag.py for tasks to queue
[2026-03-06T08:42:47.371+0000] {logging_mixin.py:190} INFO - [2026-03-06T08:42:47.370+0000] {dagbag.py:588} INFO - Filling up the DagBag from /opt/airflow/dags/music_ingestion_dag.py
[2026-03-06T08:42:47.402+0000] {processor.py:925} INFO - DAG(s) '01_music_ingestion_realtime' retrieved from /opt/airflow/dags/music_ingestion_dag.py
[2026-03-06T08:42:47.449+0000] {logging_mixin.py:190} INFO - [2026-03-06T08:42:47.449+0000] {dag.py:3239} INFO - Sync 1 DAGs
[2026-03-06T08:42:47.490+0000] {logging_mixin.py:190} INFO - [2026-03-06T08:42:47.489+0000] {dag.py:4180} INFO - Setting next_dagrun for 01_music_ingestion_realtime to 2026-03-06 07:00:00+00:00, run_after=2026-03-06 08:00:00+00:00
[2026-03-06T08:42:47.524+0000] {processor.py:208} INFO - Processing /opt/airflow/dags/music_ingestion_dag.py took 0.166 seconds
[2026-03-06T08:43:17.829+0000] {processor.py:186} INFO - Started process (PID=3426) to work on /opt/airflow/dags/music_ingestion_dag.py
[2026-03-06T08:43:17.831+0000] {processor.py:914} INFO - Processing file /opt/airflow/dags/music_ingestion_dag.py for tasks to queue
[2026-03-06T08:43:17.834+0000] {logging_mixin.py:190} INFO - [2026-03-06T08:43:17.834+0000] {dagbag.py:588} INFO - Filling up the DagBag from /opt/airflow/dags/music_ingestion_dag.py
[2026-03-06T08:43:17.875+0000] {processor.py:925} INFO - DAG(s) '01_music_ingestion_realtime' retrieved from /opt/airflow/dags/music_ingestion_dag.py
[2026-03-06T08:43:17.950+0000] {logging_mixin.py:190} INFO - [2026-03-06T08:43:17.949+0000] {dag.py:3239} INFO - Sync 1 DAGs
[2026-03-06T08:43:18.006+0000] {logging_mixin.py:190} INFO - [2026-03-06T08:43:18.006+0000] {dag.py:4180} INFO - Setting next_dagrun for 01_music_ingestion_realtime to 2026-03-06 07:00:00+00:00, run_after=2026-03-06 08:00:00+00:00
[2026-03-06T08:43:18.043+0000] {processor.py:208} INFO - Processing /opt/airflow/dags/music_ingestion_dag.py took 0.227 seconds
[2026-03-06T08:43:48.399+0000] {processor.py:186} INFO - Started process (PID=3436) to work on /opt/airflow/dags/music_ingestion_dag.py
[2026-03-06T08:43:48.401+0000] {processor.py:914} INFO - Processing file /opt/airflow/dags/music_ingestion_dag.py for tasks to queue
[2026-03-06T08:43:48.403+0000] {logging_mixin.py:190} INFO - [2026-03-06T08:43:48.402+0000] {dagbag.py:588} INFO - Filling up the DagBag from /opt/airflow/dags/music_ingestion_dag.py
[2026-03-06T08:43:48.445+0000] {processor.py:925} INFO - DAG(s) '01_music_ingestion_realtime' retrieved from /opt/airflow/dags/music_ingestion_dag.py
[2026-03-06T08:43:48.510+0000] {logging_mixin.py:190} INFO - [2026-03-06T08:43:48.509+0000] {dag.py:3239} INFO - Sync 1 DAGs
[2026-03-06T08:43:48.566+0000] {logging_mixin.py:190} INFO - [2026-03-06T08:43:48.566+0000] {dag.py:4180} INFO - Setting next_dagrun for 01_music_ingestion_realtime to 2026-03-06 07:00:00+00:00, run_after=2026-03-06 08:00:00+00:00
[2026-03-06T08:43:48.609+0000] {processor.py:208} INFO - Processing /opt/airflow/dags/music_ingestion_dag.py took 0.223 seconds
[2026-03-06T08:44:18.832+0000] {processor.py:186} INFO - Started process (PID=3446) to work on /opt/airflow/dags/music_ingestion_dag.py
[2026-03-06T08:44:18.833+0000] {processor.py:914} INFO - Processing file /opt/airflow/dags/music_ingestion_dag.py for tasks to queue
[2026-03-06T08:44:18.835+0000] {logging_mixin.py:190} INFO - [2026-03-06T08:44:18.834+0000] {dagbag.py:588} INFO - Filling up the DagBag from /opt/airflow/dags/music_ingestion_dag.py
[2026-03-06T08:44:18.880+0000] {processor.py:925} INFO - DAG(s) '01_music_ingestion_realtime' retrieved from /opt/airflow/dags/music_ingestion_dag.py
[2026-03-06T08:44:18.934+0000] {logging_mixin.py:190} INFO - [2026-03-06T08:44:18.933+0000] {dag.py:3239} INFO - Sync 1 DAGs
[2026-03-06T08:44:18.987+0000] {logging_mixin.py:190} INFO - [2026-03-06T08:44:18.987+0000] {dag.py:4180} INFO - Setting next_dagrun for 01_music_ingestion_realtime to 2026-03-06 07:00:00+00:00, run_after=2026-03-06 08:00:00+00:00
[2026-03-06T08:44:19.036+0000] {processor.py:208} INFO - Processing /opt/airflow/dags/music_ingestion_dag.py took 0.213 seconds
[2026-03-06T08:44:49.454+0000] {processor.py:186} INFO - Started process (PID=3456) to work on /opt/airflow/dags/music_ingestion_dag.py
[2026-03-06T08:44:49.455+0000] {processor.py:914} INFO - Processing file /opt/airflow/dags/music_ingestion_dag.py for tasks to queue
[2026-03-06T08:44:49.457+0000] {logging_mixin.py:190} INFO - [2026-03-06T08:44:49.457+0000] {dagbag.py:588} INFO - Filling up the DagBag from /opt/airflow/dags/music_ingestion_dag.py
[2026-03-06T08:44:49.489+0000] {processor.py:925} INFO - DAG(s) '01_music_ingestion_realtime' retrieved from /opt/airflow/dags/music_ingestion_dag.py
[2026-03-06T08:44:49.538+0000] {logging_mixin.py:190} INFO - [2026-03-06T08:44:49.538+0000] {dag.py:3239} INFO - Sync 1 DAGs
[2026-03-06T08:44:49.587+0000] {logging_mixin.py:190} INFO - [2026-03-06T08:44:49.587+0000] {dag.py:4180} INFO - Setting next_dagrun for 01_music_ingestion_realtime to 2026-03-06 07:00:00+00:00, run_after=2026-03-06 08:00:00+00:00
[2026-03-06T08:44:49.624+0000] {processor.py:208} INFO - Processing /opt/airflow/dags/music_ingestion_dag.py took 0.180 seconds
[2026-03-06T08:45:19.798+0000] {processor.py:186} INFO - Started process (PID=3466) to work on /opt/airflow/dags/music_ingestion_dag.py
[2026-03-06T08:45:19.800+0000] {processor.py:914} INFO - Processing file /opt/airflow/dags/music_ingestion_dag.py for tasks to queue
[2026-03-06T08:45:19.803+0000] {logging_mixin.py:190} INFO - [2026-03-06T08:45:19.802+0000] {dagbag.py:588} INFO - Filling up the DagBag from /opt/airflow/dags/music_ingestion_dag.py
[2026-03-06T08:45:19.852+0000] {processor.py:925} INFO - DAG(s) '01_music_ingestion_realtime' retrieved from /opt/airflow/dags/music_ingestion_dag.py
[2026-03-06T08:45:19.901+0000] {logging_mixin.py:190} INFO - [2026-03-06T08:45:19.900+0000] {dag.py:3239} INFO - Sync 1 DAGs
[2026-03-06T08:45:19.943+0000] {logging_mixin.py:190} INFO - [2026-03-06T08:45:19.942+0000] {dag.py:4180} INFO - Setting next_dagrun for 01_music_ingestion_realtime to 2026-03-06 07:00:00+00:00, run_after=2026-03-06 08:00:00+00:00
[2026-03-06T08:45:19.975+0000] {processor.py:208} INFO - Processing /opt/airflow/dags/music_ingestion_dag.py took 0.187 seconds
[2026-03-06T08:45:50.391+0000] {processor.py:186} INFO - Started process (PID=3476) to work on /opt/airflow/dags/music_ingestion_dag.py
[2026-03-06T08:45:50.393+0000] {processor.py:914} INFO - Processing file /opt/airflow/dags/music_ingestion_dag.py for tasks to queue
[2026-03-06T08:45:50.397+0000] {logging_mixin.py:190} INFO - [2026-03-06T08:45:50.396+0000] {dagbag.py:588} INFO - Filling up the DagBag from /opt/airflow/dags/music_ingestion_dag.py
[2026-03-06T08:45:50.427+0000] {processor.py:925} INFO - DAG(s) '01_music_ingestion_realtime' retrieved from /opt/airflow/dags/music_ingestion_dag.py
[2026-03-06T08:45:50.476+0000] {logging_mixin.py:190} INFO - [2026-03-06T08:45:50.475+0000] {dag.py:3239} INFO - Sync 1 DAGs
[2026-03-06T08:45:50.519+0000] {logging_mixin.py:190} INFO - [2026-03-06T08:45:50.519+0000] {dag.py:4180} INFO - Setting next_dagrun for 01_music_ingestion_realtime to 2026-03-06 07:00:00+00:00, run_after=2026-03-06 08:00:00+00:00
[2026-03-06T08:45:50.559+0000] {processor.py:208} INFO - Processing /opt/airflow/dags/music_ingestion_dag.py took 0.176 seconds
[2026-03-06T08:46:20.999+0000] {processor.py:186} INFO - Started process (PID=3486) to work on /opt/airflow/dags/music_ingestion_dag.py
[2026-03-06T08:46:21.002+0000] {processor.py:914} INFO - Processing file /opt/airflow/dags/music_ingestion_dag.py for tasks to queue
[2026-03-06T08:46:21.006+0000] {logging_mixin.py:190} INFO - [2026-03-06T08:46:21.005+0000] {dagbag.py:588} INFO - Filling up the DagBag from /opt/airflow/dags/music_ingestion_dag.py
[2026-03-06T08:46:21.030+0000] {processor.py:925} INFO - DAG(s) '01_music_ingestion_realtime' retrieved from /opt/airflow/dags/music_ingestion_dag.py
[2026-03-06T08:46:21.075+0000] {logging_mixin.py:190} INFO - [2026-03-06T08:46:21.075+0000] {dag.py:3239} INFO - Sync 1 DAGs
[2026-03-06T08:46:21.114+0000] {logging_mixin.py:190} INFO - [2026-03-06T08:46:21.113+0000] {dag.py:4180} INFO - Setting next_dagrun for 01_music_ingestion_realtime to 2026-03-06 07:00:00+00:00, run_after=2026-03-06 08:00:00+00:00
[2026-03-06T08:46:21.156+0000] {processor.py:208} INFO - Processing /opt/airflow/dags/music_ingestion_dag.py took 0.165 seconds
[2026-03-06T08:46:51.341+0000] {processor.py:186} INFO - Started process (PID=3496) to work on /opt/airflow/dags/music_ingestion_dag.py
[2026-03-06T08:46:51.343+0000] {processor.py:914} INFO - Processing file /opt/airflow/dags/music_ingestion_dag.py for tasks to queue
[2026-03-06T08:46:51.346+0000] {logging_mixin.py:190} INFO - [2026-03-06T08:46:51.345+0000] {dagbag.py:588} INFO - Filling up the DagBag from /opt/airflow/dags/music_ingestion_dag.py
[2026-03-06T08:46:51.378+0000] {processor.py:925} INFO - DAG(s) '01_music_ingestion_realtime' retrieved from /opt/airflow/dags/music_ingestion_dag.py
[2026-03-06T08:46:51.433+0000] {logging_mixin.py:190} INFO - [2026-03-06T08:46:51.432+0000] {dag.py:3239} INFO - Sync 1 DAGs
[2026-03-06T08:46:51.477+0000] {logging_mixin.py:190} INFO - [2026-03-06T08:46:51.477+0000] {dag.py:4180} INFO - Setting next_dagrun for 01_music_ingestion_realtime to 2026-03-06 07:00:00+00:00, run_after=2026-03-06 08:00:00+00:00
[2026-03-06T08:46:51.515+0000] {processor.py:208} INFO - Processing /opt/airflow/dags/music_ingestion_dag.py took 0.181 seconds
[2026-03-06T08:47:21.901+0000] {processor.py:186} INFO - Started process (PID=3506) to work on /opt/airflow/dags/music_ingestion_dag.py
[2026-03-06T08:47:21.903+0000] {processor.py:914} INFO - Processing file /opt/airflow/dags/music_ingestion_dag.py for tasks to queue
[2026-03-06T08:47:21.906+0000] {logging_mixin.py:190} INFO - [2026-03-06T08:47:21.905+0000] {dagbag.py:588} INFO - Filling up the DagBag from /opt/airflow/dags/music_ingestion_dag.py
[2026-03-06T08:47:21.942+0000] {processor.py:925} INFO - DAG(s) '01_music_ingestion_realtime' retrieved from /opt/airflow/dags/music_ingestion_dag.py
[2026-03-06T08:47:21.986+0000] {logging_mixin.py:190} INFO - [2026-03-06T08:47:21.986+0000] {dag.py:3239} INFO - Sync 1 DAGs
[2026-03-06T08:47:22.027+0000] {logging_mixin.py:190} INFO - [2026-03-06T08:47:22.027+0000] {dag.py:4180} INFO - Setting next_dagrun for 01_music_ingestion_realtime to 2026-03-06 07:00:00+00:00, run_after=2026-03-06 08:00:00+00:00
[2026-03-06T08:47:22.062+0000] {processor.py:208} INFO - Processing /opt/airflow/dags/music_ingestion_dag.py took 0.171 seconds
[2026-03-06T08:47:52.316+0000] {processor.py:186} INFO - Started process (PID=3516) to work on /opt/airflow/dags/music_ingestion_dag.py
[2026-03-06T08:47:52.318+0000] {processor.py:914} INFO - Processing file /opt/airflow/dags/music_ingestion_dag.py for tasks to queue
[2026-03-06T08:47:52.320+0000] {logging_mixin.py:190} INFO - [2026-03-06T08:47:52.320+0000] {dagbag.py:588} INFO - Filling up the DagBag from /opt/airflow/dags/music_ingestion_dag.py
[2026-03-06T08:47:52.349+0000] {processor.py:925} INFO - DAG(s) '01_music_ingestion_realtime' retrieved from /opt/airflow/dags/music_ingestion_dag.py
[2026-03-06T08:47:52.393+0000] {logging_mixin.py:190} INFO - [2026-03-06T08:47:52.391+0000] {dag.py:3239} INFO - Sync 1 DAGs
[2026-03-06T08:47:52.440+0000] {logging_mixin.py:190} INFO - [2026-03-06T08:47:52.439+0000] {dag.py:4180} INFO - Setting next_dagrun for 01_music_ingestion_realtime to 2026-03-06 07:00:00+00:00, run_after=2026-03-06 08:00:00+00:00
[2026-03-06T08:47:52.476+0000] {processor.py:208} INFO - Processing /opt/airflow/dags/music_ingestion_dag.py took 0.173 seconds
[2026-03-06T08:48:22.750+0000] {processor.py:186} INFO - Started process (PID=3526) to work on /opt/airflow/dags/music_ingestion_dag.py
[2026-03-06T08:48:22.752+0000] {processor.py:914} INFO - Processing file /opt/airflow/dags/music_ingestion_dag.py for tasks to queue
[2026-03-06T08:48:22.754+0000] {logging_mixin.py:190} INFO - [2026-03-06T08:48:22.754+0000] {dagbag.py:588} INFO - Filling up the DagBag from /opt/airflow/dags/music_ingestion_dag.py
[2026-03-06T08:48:22.797+0000] {processor.py:925} INFO - DAG(s) '01_music_ingestion_realtime' retrieved from /opt/airflow/dags/music_ingestion_dag.py
[2026-03-06T08:48:22.848+0000] {logging_mixin.py:190} INFO - [2026-03-06T08:48:22.848+0000] {dag.py:3239} INFO - Sync 1 DAGs
[2026-03-06T08:48:22.887+0000] {logging_mixin.py:190} INFO - [2026-03-06T08:48:22.887+0000] {dag.py:4180} INFO - Setting next_dagrun for 01_music_ingestion_realtime to 2026-03-06 07:00:00+00:00, run_after=2026-03-06 08:00:00+00:00
[2026-03-06T08:48:22.917+0000] {processor.py:208} INFO - Processing /opt/airflow/dags/music_ingestion_dag.py took 0.176 seconds
[2026-03-06T08:48:53.215+0000] {processor.py:186} INFO - Started process (PID=3536) to work on /opt/airflow/dags/music_ingestion_dag.py
[2026-03-06T08:48:53.219+0000] {processor.py:914} INFO - Processing file /opt/airflow/dags/music_ingestion_dag.py for tasks to queue
[2026-03-06T08:48:53.223+0000] {logging_mixin.py:190} INFO - [2026-03-06T08:48:53.222+0000] {dagbag.py:588} INFO - Filling up the DagBag from /opt/airflow/dags/music_ingestion_dag.py
[2026-03-06T08:48:53.255+0000] {processor.py:925} INFO - DAG(s) '01_music_ingestion_realtime' retrieved from /opt/airflow/dags/music_ingestion_dag.py
[2026-03-06T08:48:53.306+0000] {logging_mixin.py:190} INFO - [2026-03-06T08:48:53.306+0000] {dag.py:3239} INFO - Sync 1 DAGs
[2026-03-06T08:48:53.359+0000] {logging_mixin.py:190} INFO - [2026-03-06T08:48:53.358+0000] {dag.py:4180} INFO - Setting next_dagrun for 01_music_ingestion_realtime to 2026-03-06 07:00:00+00:00, run_after=2026-03-06 08:00:00+00:00
[2026-03-06T08:48:53.397+0000] {processor.py:208} INFO - Processing /opt/airflow/dags/music_ingestion_dag.py took 0.194 seconds
[2026-03-06T08:49:23.684+0000] {processor.py:186} INFO - Started process (PID=3546) to work on /opt/airflow/dags/music_ingestion_dag.py
[2026-03-06T08:49:23.686+0000] {processor.py:914} INFO - Processing file /opt/airflow/dags/music_ingestion_dag.py for tasks to queue
[2026-03-06T08:49:23.689+0000] {logging_mixin.py:190} INFO - [2026-03-06T08:49:23.688+0000] {dagbag.py:588} INFO - Filling up the DagBag from /opt/airflow/dags/music_ingestion_dag.py
[2026-03-06T08:49:23.731+0000] {processor.py:925} INFO - DAG(s) '01_music_ingestion_realtime' retrieved from /opt/airflow/dags/music_ingestion_dag.py
[2026-03-06T08:49:23.787+0000] {logging_mixin.py:190} INFO - [2026-03-06T08:49:23.786+0000] {dag.py:3239} INFO - Sync 1 DAGs
[2026-03-06T08:49:23.836+0000] {logging_mixin.py:190} INFO - [2026-03-06T08:49:23.836+0000] {dag.py:4180} INFO - Setting next_dagrun for 01_music_ingestion_realtime to 2026-03-06 07:00:00+00:00, run_after=2026-03-06 08:00:00+00:00
[2026-03-06T08:49:23.873+0000] {processor.py:208} INFO - Processing /opt/airflow/dags/music_ingestion_dag.py took 0.204 seconds
[2026-03-06T08:49:54.262+0000] {processor.py:186} INFO - Started process (PID=3556) to work on /opt/airflow/dags/music_ingestion_dag.py
[2026-03-06T08:49:54.264+0000] {processor.py:914} INFO - Processing file /opt/airflow/dags/music_ingestion_dag.py for tasks to queue
[2026-03-06T08:49:54.265+0000] {logging_mixin.py:190} INFO - [2026-03-06T08:49:54.265+0000] {dagbag.py:588} INFO - Filling up the DagBag from /opt/airflow/dags/music_ingestion_dag.py
[2026-03-06T08:49:54.300+0000] {processor.py:925} INFO - DAG(s) '01_music_ingestion_realtime' retrieved from /opt/airflow/dags/music_ingestion_dag.py
[2026-03-06T08:49:54.345+0000] {logging_mixin.py:190} INFO - [2026-03-06T08:49:54.345+0000] {dag.py:3239} INFO - Sync 1 DAGs
[2026-03-06T08:49:54.398+0000] {logging_mixin.py:190} INFO - [2026-03-06T08:49:54.398+0000] {dag.py:4180} INFO - Setting next_dagrun for 01_music_ingestion_realtime to 2026-03-06 07:00:00+00:00, run_after=2026-03-06 08:00:00+00:00
[2026-03-06T08:49:54.437+0000] {processor.py:208} INFO - Processing /opt/airflow/dags/music_ingestion_dag.py took 0.183 seconds
[2026-03-06T08:50:24.828+0000] {processor.py:186} INFO - Started process (PID=3566) to work on /opt/airflow/dags/music_ingestion_dag.py
[2026-03-06T08:50:24.831+0000] {processor.py:914} INFO - Processing file /opt/airflow/dags/music_ingestion_dag.py for tasks to queue
[2026-03-06T08:50:24.835+0000] {logging_mixin.py:190} INFO - [2026-03-06T08:50:24.834+0000] {dagbag.py:588} INFO - Filling up the DagBag from /opt/airflow/dags/music_ingestion_dag.py
[2026-03-06T08:50:24.908+0000] {processor.py:925} INFO - DAG(s) '01_music_ingestion_realtime' retrieved from /opt/airflow/dags/music_ingestion_dag.py
[2026-03-06T08:50:25.026+0000] {logging_mixin.py:190} INFO - [2026-03-06T08:50:25.017+0000] {dag.py:3239} INFO - Sync 1 DAGs
[2026-03-06T08:50:25.150+0000] {logging_mixin.py:190} INFO - [2026-03-06T08:50:25.150+0000] {dag.py:4180} INFO - Setting next_dagrun for 01_music_ingestion_realtime to 2026-03-06 07:00:00+00:00, run_after=2026-03-06 08:00:00+00:00
[2026-03-06T08:50:25.238+0000] {processor.py:208} INFO - Processing /opt/airflow/dags/music_ingestion_dag.py took 0.428 seconds
[2026-03-06T08:50:55.841+0000] {processor.py:186} INFO - Started process (PID=3576) to work on /opt/airflow/dags/music_ingestion_dag.py
[2026-03-06T08:50:55.842+0000] {processor.py:914} INFO - Processing file /opt/airflow/dags/music_ingestion_dag.py for tasks to queue
[2026-03-06T08:50:55.844+0000] {logging_mixin.py:190} INFO - [2026-03-06T08:50:55.844+0000] {dagbag.py:588} INFO - Filling up the DagBag from /opt/airflow/dags/music_ingestion_dag.py
[2026-03-06T08:50:55.885+0000] {processor.py:925} INFO - DAG(s) '01_music_ingestion_realtime' retrieved from /opt/airflow/dags/music_ingestion_dag.py
[2026-03-06T08:50:55.928+0000] {logging_mixin.py:190} INFO - [2026-03-06T08:50:55.928+0000] {dag.py:3239} INFO - Sync 1 DAGs
[2026-03-06T08:50:55.966+0000] {logging_mixin.py:190} INFO - [2026-03-06T08:50:55.966+0000] {dag.py:4180} INFO - Setting next_dagrun for 01_music_ingestion_realtime to 2026-03-06 07:00:00+00:00, run_after=2026-03-06 08:00:00+00:00
[2026-03-06T08:50:56.000+0000] {processor.py:208} INFO - Processing /opt/airflow/dags/music_ingestion_dag.py took 0.170 seconds
[2026-03-06T08:51:26.471+0000] {processor.py:186} INFO - Started process (PID=3586) to work on /opt/airflow/dags/music_ingestion_dag.py
[2026-03-06T08:51:26.473+0000] {processor.py:914} INFO - Processing file /opt/airflow/dags/music_ingestion_dag.py for tasks to queue
[2026-03-06T08:51:26.477+0000] {logging_mixin.py:190} INFO - [2026-03-06T08:51:26.476+0000] {dagbag.py:588} INFO - Filling up the DagBag from /opt/airflow/dags/music_ingestion_dag.py
[2026-03-06T08:51:26.544+0000] {processor.py:925} INFO - DAG(s) '01_music_ingestion_realtime' retrieved from /opt/airflow/dags/music_ingestion_dag.py
[2026-03-06T08:51:26.616+0000] {logging_mixin.py:190} INFO - [2026-03-06T08:51:26.616+0000] {dag.py:3239} INFO - Sync 1 DAGs
[2026-03-06T08:51:26.670+0000] {logging_mixin.py:190} INFO - [2026-03-06T08:51:26.670+0000] {dag.py:4180} INFO - Setting next_dagrun for 01_music_ingestion_realtime to 2026-03-06 07:00:00+00:00, run_after=2026-03-06 08:00:00+00:00
[2026-03-06T08:51:26.715+0000] {processor.py:208} INFO - Processing /opt/airflow/dags/music_ingestion_dag.py took 0.258 seconds
[2026-03-06T08:51:57.141+0000] {processor.py:186} INFO - Started process (PID=3596) to work on /opt/airflow/dags/music_ingestion_dag.py
[2026-03-06T08:51:57.144+0000] {processor.py:914} INFO - Processing file /opt/airflow/dags/music_ingestion_dag.py for tasks to queue
[2026-03-06T08:51:57.148+0000] {logging_mixin.py:190} INFO - [2026-03-06T08:51:57.146+0000] {dagbag.py:588} INFO - Filling up the DagBag from /opt/airflow/dags/music_ingestion_dag.py
[2026-03-06T08:51:57.180+0000] {processor.py:925} INFO - DAG(s) '01_music_ingestion_realtime' retrieved from /opt/airflow/dags/music_ingestion_dag.py
[2026-03-06T08:51:57.227+0000] {logging_mixin.py:190} INFO - [2026-03-06T08:51:57.227+0000] {dag.py:3239} INFO - Sync 1 DAGs
[2026-03-06T08:51:57.280+0000] {logging_mixin.py:190} INFO - [2026-03-06T08:51:57.279+0000] {dag.py:4180} INFO - Setting next_dagrun for 01_music_ingestion_realtime to 2026-03-06 07:00:00+00:00, run_after=2026-03-06 08:00:00+00:00
[2026-03-06T08:51:57.319+0000] {processor.py:208} INFO - Processing /opt/airflow/dags/music_ingestion_dag.py took 0.186 seconds
[2026-03-06T08:52:27.554+0000] {processor.py:186} INFO - Started process (PID=3606) to work on /opt/airflow/dags/music_ingestion_dag.py
[2026-03-06T08:52:27.556+0000] {processor.py:914} INFO - Processing file /opt/airflow/dags/music_ingestion_dag.py for tasks to queue
[2026-03-06T08:52:27.560+0000] {logging_mixin.py:190} INFO - [2026-03-06T08:52:27.560+0000] {dagbag.py:588} INFO - Filling up the DagBag from /opt/airflow/dags/music_ingestion_dag.py
[2026-03-06T08:52:27.595+0000] {processor.py:925} INFO - DAG(s) '01_music_ingestion_realtime' retrieved from /opt/airflow/dags/music_ingestion_dag.py
[2026-03-06T08:52:27.646+0000] {logging_mixin.py:190} INFO - [2026-03-06T08:52:27.645+0000] {dag.py:3239} INFO - Sync 1 DAGs
[2026-03-06T08:52:27.688+0000] {logging_mixin.py:190} INFO - [2026-03-06T08:52:27.687+0000] {dag.py:4180} INFO - Setting next_dagrun for 01_music_ingestion_realtime to 2026-03-06 07:00:00+00:00, run_after=2026-03-06 08:00:00+00:00
[2026-03-06T08:52:27.723+0000] {processor.py:208} INFO - Processing /opt/airflow/dags/music_ingestion_dag.py took 0.179 seconds
[2026-03-06T08:52:58.129+0000] {processor.py:186} INFO - Started process (PID=3616) to work on /opt/airflow/dags/music_ingestion_dag.py
[2026-03-06T08:52:58.130+0000] {processor.py:914} INFO - Processing file /opt/airflow/dags/music_ingestion_dag.py for tasks to queue
[2026-03-06T08:52:58.132+0000] {logging_mixin.py:190} INFO - [2026-03-06T08:52:58.131+0000] {dagbag.py:588} INFO - Filling up the DagBag from /opt/airflow/dags/music_ingestion_dag.py
[2026-03-06T08:52:58.159+0000] {processor.py:925} INFO - DAG(s) '01_music_ingestion_realtime' retrieved from /opt/airflow/dags/music_ingestion_dag.py
[2026-03-06T08:52:58.203+0000] {logging_mixin.py:190} INFO - [2026-03-06T08:52:58.202+0000] {dag.py:3239} INFO - Sync 1 DAGs
[2026-03-06T08:52:58.247+0000] {logging_mixin.py:190} INFO - [2026-03-06T08:52:58.246+0000] {dag.py:4180} INFO - Setting next_dagrun for 01_music_ingestion_realtime to 2026-03-06 07:00:00+00:00, run_after=2026-03-06 08:00:00+00:00
[2026-03-06T08:52:58.281+0000] {processor.py:208} INFO - Processing /opt/airflow/dags/music_ingestion_dag.py took 0.159 seconds
[2026-03-06T08:53:28.683+0000] {processor.py:186} INFO - Started process (PID=3626) to work on /opt/airflow/dags/music_ingestion_dag.py
[2026-03-06T08:53:28.685+0000] {processor.py:914} INFO - Processing file /opt/airflow/dags/music_ingestion_dag.py for tasks to queue
[2026-03-06T08:53:28.687+0000] {logging_mixin.py:190} INFO - [2026-03-06T08:53:28.686+0000] {dagbag.py:588} INFO - Filling up the DagBag from /opt/airflow/dags/music_ingestion_dag.py
[2026-03-06T08:53:28.714+0000] {processor.py:925} INFO - DAG(s) '01_music_ingestion_realtime' retrieved from /opt/airflow/dags/music_ingestion_dag.py
[2026-03-06T08:53:28.761+0000] {logging_mixin.py:190} INFO - [2026-03-06T08:53:28.761+0000] {dag.py:3239} INFO - Sync 1 DAGs
[2026-03-06T08:53:28.802+0000] {logging_mixin.py:190} INFO - [2026-03-06T08:53:28.801+0000] {dag.py:4180} INFO - Setting next_dagrun for 01_music_ingestion_realtime to 2026-03-06 07:00:00+00:00, run_after=2026-03-06 08:00:00+00:00
[2026-03-06T08:53:28.839+0000] {processor.py:208} INFO - Processing /opt/airflow/dags/music_ingestion_dag.py took 0.163 seconds
[2026-03-06T08:53:59.040+0000] {processor.py:186} INFO - Started process (PID=3636) to work on /opt/airflow/dags/music_ingestion_dag.py
[2026-03-06T08:53:59.042+0000] {processor.py:914} INFO - Processing file /opt/airflow/dags/music_ingestion_dag.py for tasks to queue
[2026-03-06T08:53:59.044+0000] {logging_mixin.py:190} INFO - [2026-03-06T08:53:59.043+0000] {dagbag.py:588} INFO - Filling up the DagBag from /opt/airflow/dags/music_ingestion_dag.py
[2026-03-06T08:53:59.073+0000] {processor.py:925} INFO - DAG(s) '01_music_ingestion_realtime' retrieved from /opt/airflow/dags/music_ingestion_dag.py
[2026-03-06T08:53:59.128+0000] {logging_mixin.py:190} INFO - [2026-03-06T08:53:59.127+0000] {dag.py:3239} INFO - Sync 1 DAGs
[2026-03-06T08:53:59.170+0000] {logging_mixin.py:190} INFO - [2026-03-06T08:53:59.170+0000] {dag.py:4180} INFO - Setting next_dagrun for 01_music_ingestion_realtime to 2026-03-06 07:00:00+00:00, run_after=2026-03-06 08:00:00+00:00
[2026-03-06T08:53:59.207+0000] {processor.py:208} INFO - Processing /opt/airflow/dags/music_ingestion_dag.py took 0.173 seconds
[2026-03-06T08:54:29.596+0000] {processor.py:186} INFO - Started process (PID=3646) to work on /opt/airflow/dags/music_ingestion_dag.py
[2026-03-06T08:54:29.598+0000] {processor.py:914} INFO - Processing file /opt/airflow/dags/music_ingestion_dag.py for tasks to queue
[2026-03-06T08:54:29.600+0000] {logging_mixin.py:190} INFO - [2026-03-06T08:54:29.600+0000] {dagbag.py:588} INFO - Filling up the DagBag from /opt/airflow/dags/music_ingestion_dag.py
[2026-03-06T08:54:29.635+0000] {processor.py:925} INFO - DAG(s) '01_music_ingestion_realtime' retrieved from /opt/airflow/dags/music_ingestion_dag.py
[2026-03-06T08:54:29.677+0000] {logging_mixin.py:190} INFO - [2026-03-06T08:54:29.677+0000] {dag.py:3239} INFO - Sync 1 DAGs
[2026-03-06T08:54:29.716+0000] {logging_mixin.py:190} INFO - [2026-03-06T08:54:29.716+0000] {dag.py:4180} INFO - Setting next_dagrun for 01_music_ingestion_realtime to 2026-03-06 07:00:00+00:00, run_after=2026-03-06 08:00:00+00:00
[2026-03-06T08:54:29.745+0000] {processor.py:208} INFO - Processing /opt/airflow/dags/music_ingestion_dag.py took 0.161 seconds
[2026-03-06T08:54:59.970+0000] {processor.py:186} INFO - Started process (PID=3656) to work on /opt/airflow/dags/music_ingestion_dag.py
[2026-03-06T08:54:59.972+0000] {processor.py:914} INFO - Processing file /opt/airflow/dags/music_ingestion_dag.py for tasks to queue
[2026-03-06T08:54:59.975+0000] {logging_mixin.py:190} INFO - [2026-03-06T08:54:59.974+0000] {dagbag.py:588} INFO - Filling up the DagBag from /opt/airflow/dags/music_ingestion_dag.py
[2026-03-06T08:55:00.016+0000] {processor.py:925} INFO - DAG(s) '01_music_ingestion_realtime' retrieved from /opt/airflow/dags/music_ingestion_dag.py
[2026-03-06T08:55:00.074+0000] {logging_mixin.py:190} INFO - [2026-03-06T08:55:00.073+0000] {dag.py:3239} INFO - Sync 1 DAGs
[2026-03-06T08:55:00.116+0000] {logging_mixin.py:190} INFO - [2026-03-06T08:55:00.116+0000] {dag.py:4180} INFO - Setting next_dagrun for 01_music_ingestion_realtime to 2026-03-06 07:00:00+00:00, run_after=2026-03-06 08:00:00+00:00
[2026-03-06T08:55:00.145+0000] {processor.py:208} INFO - Processing /opt/airflow/dags/music_ingestion_dag.py took 0.183 seconds
[2026-03-06T08:55:30.564+0000] {processor.py:186} INFO - Started process (PID=3666) to work on /opt/airflow/dags/music_ingestion_dag.py
[2026-03-06T08:55:30.565+0000] {processor.py:914} INFO - Processing file /opt/airflow/dags/music_ingestion_dag.py for tasks to queue
[2026-03-06T08:55:30.568+0000] {logging_mixin.py:190} INFO - [2026-03-06T08:55:30.567+0000] {dagbag.py:588} INFO - Filling up the DagBag from /opt/airflow/dags/music_ingestion_dag.py
[2026-03-06T08:55:30.605+0000] {processor.py:925} INFO - DAG(s) '01_music_ingestion_realtime' retrieved from /opt/airflow/dags/music_ingestion_dag.py
[2026-03-06T08:55:30.647+0000] {logging_mixin.py:190} INFO - [2026-03-06T08:55:30.647+0000] {dag.py:3239} INFO - Sync 1 DAGs
[2026-03-06T08:55:30.684+0000] {logging_mixin.py:190} INFO - [2026-03-06T08:55:30.684+0000] {dag.py:4180} INFO - Setting next_dagrun for 01_music_ingestion_realtime to 2026-03-06 07:00:00+00:00, run_after=2026-03-06 08:00:00+00:00
[2026-03-06T08:55:30.721+0000] {processor.py:208} INFO - Processing /opt/airflow/dags/music_ingestion_dag.py took 0.170 seconds
[2026-03-06T08:56:01.103+0000] {processor.py:186} INFO - Started process (PID=3676) to work on /opt/airflow/dags/music_ingestion_dag.py
[2026-03-06T08:56:01.123+0000] {processor.py:914} INFO - Processing file /opt/airflow/dags/music_ingestion_dag.py for tasks to queue
[2026-03-06T08:56:01.141+0000] {logging_mixin.py:190} INFO - [2026-03-06T08:56:01.136+0000] {dagbag.py:588} INFO - Filling up the DagBag from /opt/airflow/dags/music_ingestion_dag.py
[2026-03-06T08:56:01.282+0000] {processor.py:925} INFO - DAG(s) '01_music_ingestion_realtime' retrieved from /opt/airflow/dags/music_ingestion_dag.py
[2026-03-06T08:56:01.442+0000] {logging_mixin.py:190} INFO - [2026-03-06T08:56:01.441+0000] {dag.py:3239} INFO - Sync 1 DAGs
[2026-03-06T08:56:01.574+0000] {logging_mixin.py:190} INFO - [2026-03-06T08:56:01.573+0000] {dag.py:4180} INFO - Setting next_dagrun for 01_music_ingestion_realtime to 2026-03-06 07:00:00+00:00, run_after=2026-03-06 08:00:00+00:00
[2026-03-06T08:56:01.642+0000] {processor.py:208} INFO - Processing /opt/airflow/dags/music_ingestion_dag.py took 0.646 seconds
[2026-03-06T08:56:32.026+0000] {processor.py:186} INFO - Started process (PID=3686) to work on /opt/airflow/dags/music_ingestion_dag.py
[2026-03-06T08:56:32.028+0000] {processor.py:914} INFO - Processing file /opt/airflow/dags/music_ingestion_dag.py for tasks to queue
[2026-03-06T08:56:32.032+0000] {logging_mixin.py:190} INFO - [2026-03-06T08:56:32.031+0000] {dagbag.py:588} INFO - Filling up the DagBag from /opt/airflow/dags/music_ingestion_dag.py
[2026-03-06T08:56:32.068+0000] {processor.py:925} INFO - DAG(s) '01_music_ingestion_realtime' retrieved from /opt/airflow/dags/music_ingestion_dag.py
[2026-03-06T08:56:32.112+0000] {logging_mixin.py:190} INFO - [2026-03-06T08:56:32.112+0000] {dag.py:3239} INFO - Sync 1 DAGs
[2026-03-06T08:56:32.153+0000] {logging_mixin.py:190} INFO - [2026-03-06T08:56:32.153+0000] {dag.py:4180} INFO - Setting next_dagrun for 01_music_ingestion_realtime to 2026-03-06 07:00:00+00:00, run_after=2026-03-06 08:00:00+00:00
[2026-03-06T08:56:32.197+0000] {processor.py:208} INFO - Processing /opt/airflow/dags/music_ingestion_dag.py took 0.185 seconds
[2026-03-06T08:57:02.417+0000] {processor.py:186} INFO - Started process (PID=3696) to work on /opt/airflow/dags/music_ingestion_dag.py
[2026-03-06T08:57:02.420+0000] {processor.py:914} INFO - Processing file /opt/airflow/dags/music_ingestion_dag.py for tasks to queue
[2026-03-06T08:57:02.424+0000] {logging_mixin.py:190} INFO - [2026-03-06T08:57:02.423+0000] {dagbag.py:588} INFO - Filling up the DagBag from /opt/airflow/dags/music_ingestion_dag.py
[2026-03-06T08:57:02.465+0000] {processor.py:925} INFO - DAG(s) '01_music_ingestion_realtime' retrieved from /opt/airflow/dags/music_ingestion_dag.py
[2026-03-06T08:57:02.515+0000] {logging_mixin.py:190} INFO - [2026-03-06T08:57:02.514+0000] {dag.py:3239} INFO - Sync 1 DAGs
[2026-03-06T08:57:02.552+0000] {logging_mixin.py:190} INFO - [2026-03-06T08:57:02.552+0000] {dag.py:4180} INFO - Setting next_dagrun for 01_music_ingestion_realtime to 2026-03-06 07:00:00+00:00, run_after=2026-03-06 08:00:00+00:00
[2026-03-06T08:57:02.585+0000] {processor.py:208} INFO - Processing /opt/airflow/dags/music_ingestion_dag.py took 0.182 seconds
[2026-03-06T08:57:32.779+0000] {processor.py:186} INFO - Started process (PID=3706) to work on /opt/airflow/dags/music_ingestion_dag.py
[2026-03-06T08:57:32.781+0000] {processor.py:914} INFO - Processing file /opt/airflow/dags/music_ingestion_dag.py for tasks to queue
[2026-03-06T08:57:32.784+0000] {logging_mixin.py:190} INFO - [2026-03-06T08:57:32.783+0000] {dagbag.py:588} INFO - Filling up the DagBag from /opt/airflow/dags/music_ingestion_dag.py
[2026-03-06T08:57:32.824+0000] {processor.py:925} INFO - DAG(s) '01_music_ingestion_realtime' retrieved from /opt/airflow/dags/music_ingestion_dag.py
[2026-03-06T08:57:32.885+0000] {logging_mixin.py:190} INFO - [2026-03-06T08:57:32.884+0000] {dag.py:3239} INFO - Sync 1 DAGs
[2026-03-06T08:57:32.936+0000] {logging_mixin.py:190} INFO - [2026-03-06T08:57:32.935+0000] {dag.py:4180} INFO - Setting next_dagrun for 01_music_ingestion_realtime to 2026-03-06 07:00:00+00:00, run_after=2026-03-06 08:00:00+00:00
[2026-03-06T08:57:32.972+0000] {processor.py:208} INFO - Processing /opt/airflow/dags/music_ingestion_dag.py took 0.204 seconds
[2026-03-06T08:58:03.188+0000] {processor.py:186} INFO - Started process (PID=3716) to work on /opt/airflow/dags/music_ingestion_dag.py
[2026-03-06T08:58:03.190+0000] {processor.py:914} INFO - Processing file /opt/airflow/dags/music_ingestion_dag.py for tasks to queue
[2026-03-06T08:58:03.192+0000] {logging_mixin.py:190} INFO - [2026-03-06T08:58:03.192+0000] {dagbag.py:588} INFO - Filling up the DagBag from /opt/airflow/dags/music_ingestion_dag.py
[2026-03-06T08:58:03.221+0000] {processor.py:925} INFO - DAG(s) '01_music_ingestion_realtime' retrieved from /opt/airflow/dags/music_ingestion_dag.py
[2026-03-06T08:58:03.264+0000] {logging_mixin.py:190} INFO - [2026-03-06T08:58:03.264+0000] {dag.py:3239} INFO - Sync 1 DAGs
[2026-03-06T08:58:03.309+0000] {logging_mixin.py:190} INFO - [2026-03-06T08:58:03.308+0000] {dag.py:4180} INFO - Setting next_dagrun for 01_music_ingestion_realtime to 2026-03-06 07:00:00+00:00, run_after=2026-03-06 08:00:00+00:00
[2026-03-06T08:58:03.342+0000] {processor.py:208} INFO - Processing /opt/airflow/dags/music_ingestion_dag.py took 0.165 seconds
[2026-03-06T08:58:33.739+0000] {processor.py:186} INFO - Started process (PID=3726) to work on /opt/airflow/dags/music_ingestion_dag.py
[2026-03-06T08:58:33.740+0000] {processor.py:914} INFO - Processing file /opt/airflow/dags/music_ingestion_dag.py for tasks to queue
[2026-03-06T08:58:33.743+0000] {logging_mixin.py:190} INFO - [2026-03-06T08:58:33.742+0000] {dagbag.py:588} INFO - Filling up the DagBag from /opt/airflow/dags/music_ingestion_dag.py
[2026-03-06T08:58:33.783+0000] {processor.py:925} INFO - DAG(s) '01_music_ingestion_realtime' retrieved from /opt/airflow/dags/music_ingestion_dag.py
[2026-03-06T08:58:33.837+0000] {logging_mixin.py:190} INFO - [2026-03-06T08:58:33.836+0000] {dag.py:3239} INFO - Sync 1 DAGs
[2026-03-06T08:58:33.896+0000] {logging_mixin.py:190} INFO - [2026-03-06T08:58:33.896+0000] {dag.py:4180} INFO - Setting next_dagrun for 01_music_ingestion_realtime to 2026-03-06 07:00:00+00:00, run_after=2026-03-06 08:00:00+00:00
[2026-03-06T08:58:33.938+0000] {processor.py:208} INFO - Processing /opt/airflow/dags/music_ingestion_dag.py took 0.211 seconds
[2026-03-06T08:59:04.422+0000] {processor.py:186} INFO - Started process (PID=3736) to work on /opt/airflow/dags/music_ingestion_dag.py
[2026-03-06T08:59:04.424+0000] {processor.py:914} INFO - Processing file /opt/airflow/dags/music_ingestion_dag.py for tasks to queue
[2026-03-06T08:59:04.426+0000] {logging_mixin.py:190} INFO - [2026-03-06T08:59:04.425+0000] {dagbag.py:588} INFO - Filling up the DagBag from /opt/airflow/dags/music_ingestion_dag.py
[2026-03-06T08:59:04.469+0000] {processor.py:925} INFO - DAG(s) '01_music_ingestion_realtime' retrieved from /opt/airflow/dags/music_ingestion_dag.py
[2026-03-06T08:59:04.519+0000] {logging_mixin.py:190} INFO - [2026-03-06T08:59:04.518+0000] {dag.py:3239} INFO - Sync 1 DAGs
[2026-03-06T08:59:04.563+0000] {logging_mixin.py:190} INFO - [2026-03-06T08:59:04.562+0000] {dag.py:4180} INFO - Setting next_dagrun for 01_music_ingestion_realtime to 2026-03-06 07:00:00+00:00, run_after=2026-03-06 08:00:00+00:00
[2026-03-06T08:59:04.605+0000] {processor.py:208} INFO - Processing /opt/airflow/dags/music_ingestion_dag.py took 0.193 seconds
[2026-03-06T08:59:35.069+0000] {processor.py:186} INFO - Started process (PID=3746) to work on /opt/airflow/dags/music_ingestion_dag.py
[2026-03-06T08:59:35.070+0000] {processor.py:914} INFO - Processing file /opt/airflow/dags/music_ingestion_dag.py for tasks to queue
[2026-03-06T08:59:35.072+0000] {logging_mixin.py:190} INFO - [2026-03-06T08:59:35.072+0000] {dagbag.py:588} INFO - Filling up the DagBag from /opt/airflow/dags/music_ingestion_dag.py
[2026-03-06T08:59:35.108+0000] {processor.py:925} INFO - DAG(s) '01_music_ingestion_realtime' retrieved from /opt/airflow/dags/music_ingestion_dag.py
[2026-03-06T08:59:35.158+0000] {logging_mixin.py:190} INFO - [2026-03-06T08:59:35.157+0000] {dag.py:3239} INFO - Sync 1 DAGs
[2026-03-06T08:59:35.203+0000] {logging_mixin.py:190} INFO - [2026-03-06T08:59:35.203+0000] {dag.py:4180} INFO - Setting next_dagrun for 01_music_ingestion_realtime to 2026-03-06 07:00:00+00:00, run_after=2026-03-06 08:00:00+00:00
[2026-03-06T08:59:35.241+0000] {processor.py:208} INFO - Processing /opt/airflow/dags/music_ingestion_dag.py took 0.180 seconds
[2026-03-06T09:00:05.736+0000] {processor.py:186} INFO - Started process (PID=3756) to work on /opt/airflow/dags/music_ingestion_dag.py
[2026-03-06T09:00:05.740+0000] {processor.py:914} INFO - Processing file /opt/airflow/dags/music_ingestion_dag.py for tasks to queue
[2026-03-06T09:00:05.744+0000] {logging_mixin.py:190} INFO - [2026-03-06T09:00:05.743+0000] {dagbag.py:588} INFO - Filling up the DagBag from /opt/airflow/dags/music_ingestion_dag.py
[2026-03-06T09:00:05.783+0000] {processor.py:925} INFO - DAG(s) '01_music_ingestion_realtime' retrieved from /opt/airflow/dags/music_ingestion_dag.py
[2026-03-06T09:00:05.834+0000] {logging_mixin.py:190} INFO - [2026-03-06T09:00:05.834+0000] {dag.py:3239} INFO - Sync 1 DAGs
[2026-03-06T09:00:05.879+0000] {logging_mixin.py:190} INFO - [2026-03-06T09:00:05.879+0000] {dag.py:4180} INFO - Setting next_dagrun for 01_music_ingestion_realtime to 2026-03-06 08:00:00+00:00, run_after=2026-03-06 09:00:00+00:00
[2026-03-06T09:00:05.912+0000] {processor.py:208} INFO - Processing /opt/airflow/dags/music_ingestion_dag.py took 0.187 seconds
[2026-03-06T09:00:36.152+0000] {processor.py:186} INFO - Started process (PID=3766) to work on /opt/airflow/dags/music_ingestion_dag.py
[2026-03-06T09:00:36.155+0000] {processor.py:914} INFO - Processing file /opt/airflow/dags/music_ingestion_dag.py for tasks to queue
[2026-03-06T09:00:36.159+0000] {logging_mixin.py:190} INFO - [2026-03-06T09:00:36.158+0000] {dagbag.py:588} INFO - Filling up the DagBag from /opt/airflow/dags/music_ingestion_dag.py
[2026-03-06T09:00:36.218+0000] {processor.py:925} INFO - DAG(s) '01_music_ingestion_realtime' retrieved from /opt/airflow/dags/music_ingestion_dag.py
[2026-03-06T09:00:36.262+0000] {logging_mixin.py:190} INFO - [2026-03-06T09:00:36.262+0000] {dag.py:3239} INFO - Sync 1 DAGs
[2026-03-06T09:00:36.302+0000] {logging_mixin.py:190} INFO - [2026-03-06T09:00:36.301+0000] {dag.py:4180} INFO - Setting next_dagrun for 01_music_ingestion_realtime to 2026-03-06 08:00:00+00:00, run_after=2026-03-06 09:00:00+00:00
[2026-03-06T09:00:36.329+0000] {processor.py:208} INFO - Processing /opt/airflow/dags/music_ingestion_dag.py took 0.188 seconds
[2026-03-06T09:01:06.748+0000] {processor.py:186} INFO - Started process (PID=3776) to work on /opt/airflow/dags/music_ingestion_dag.py
[2026-03-06T09:01:06.750+0000] {processor.py:914} INFO - Processing file /opt/airflow/dags/music_ingestion_dag.py for tasks to queue
[2026-03-06T09:01:06.753+0000] {logging_mixin.py:190} INFO - [2026-03-06T09:01:06.752+0000] {dagbag.py:588} INFO - Filling up the DagBag from /opt/airflow/dags/music_ingestion_dag.py
[2026-03-06T09:01:06.789+0000] {processor.py:925} INFO - DAG(s) '01_music_ingestion_realtime' retrieved from /opt/airflow/dags/music_ingestion_dag.py
[2026-03-06T09:01:06.834+0000] {logging_mixin.py:190} INFO - [2026-03-06T09:01:06.834+0000] {dag.py:3239} INFO - Sync 1 DAGs
[2026-03-06T09:01:06.881+0000] {logging_mixin.py:190} INFO - [2026-03-06T09:01:06.880+0000] {dag.py:4180} INFO - Setting next_dagrun for 01_music_ingestion_realtime to 2026-03-06 08:00:00+00:00, run_after=2026-03-06 09:00:00+00:00
[2026-03-06T09:01:06.917+0000] {processor.py:208} INFO - Processing /opt/airflow/dags/music_ingestion_dag.py took 0.177 seconds
[2026-03-06T09:01:37.257+0000] {processor.py:186} INFO - Started process (PID=3786) to work on /opt/airflow/dags/music_ingestion_dag.py
[2026-03-06T09:01:37.259+0000] {processor.py:914} INFO - Processing file /opt/airflow/dags/music_ingestion_dag.py for tasks to queue
[2026-03-06T09:01:37.262+0000] {logging_mixin.py:190} INFO - [2026-03-06T09:01:37.261+0000] {dagbag.py:588} INFO - Filling up the DagBag from /opt/airflow/dags/music_ingestion_dag.py
[2026-03-06T09:01:37.300+0000] {processor.py:925} INFO - DAG(s) '01_music_ingestion_realtime' retrieved from /opt/airflow/dags/music_ingestion_dag.py
[2026-03-06T09:01:37.363+0000] {logging_mixin.py:190} INFO - [2026-03-06T09:01:37.363+0000] {dag.py:3239} INFO - Sync 1 DAGs
[2026-03-06T09:01:37.418+0000] {logging_mixin.py:190} INFO - [2026-03-06T09:01:37.418+0000] {dag.py:4180} INFO - Setting next_dagrun for 01_music_ingestion_realtime to 2026-03-06 08:00:00+00:00, run_after=2026-03-06 09:00:00+00:00
[2026-03-06T09:01:37.460+0000] {processor.py:208} INFO - Processing /opt/airflow/dags/music_ingestion_dag.py took 0.212 seconds
[2026-03-06T09:02:07.722+0000] {processor.py:186} INFO - Started process (PID=3796) to work on /opt/airflow/dags/music_ingestion_dag.py
[2026-03-06T09:02:07.725+0000] {processor.py:914} INFO - Processing file /opt/airflow/dags/music_ingestion_dag.py for tasks to queue
[2026-03-06T09:02:07.729+0000] {logging_mixin.py:190} INFO - [2026-03-06T09:02:07.728+0000] {dagbag.py:588} INFO - Filling up the DagBag from /opt/airflow/dags/music_ingestion_dag.py
[2026-03-06T09:02:07.768+0000] {processor.py:925} INFO - DAG(s) '01_music_ingestion_realtime' retrieved from /opt/airflow/dags/music_ingestion_dag.py
[2026-03-06T09:02:07.831+0000] {logging_mixin.py:190} INFO - [2026-03-06T09:02:07.830+0000] {dag.py:3239} INFO - Sync 1 DAGs
[2026-03-06T09:02:07.909+0000] {logging_mixin.py:190} INFO - [2026-03-06T09:02:07.907+0000] {dag.py:4180} INFO - Setting next_dagrun for 01_music_ingestion_realtime to 2026-03-06 08:00:00+00:00, run_after=2026-03-06 09:00:00+00:00
[2026-03-06T09:02:07.984+0000] {processor.py:208} INFO - Processing /opt/airflow/dags/music_ingestion_dag.py took 0.273 seconds
[2026-03-06T09:02:38.504+0000] {processor.py:186} INFO - Started process (PID=3806) to work on /opt/airflow/dags/music_ingestion_dag.py
[2026-03-06T09:02:38.506+0000] {processor.py:914} INFO - Processing file /opt/airflow/dags/music_ingestion_dag.py for tasks to queue
[2026-03-06T09:02:38.510+0000] {logging_mixin.py:190} INFO - [2026-03-06T09:02:38.509+0000] {dagbag.py:588} INFO - Filling up the DagBag from /opt/airflow/dags/music_ingestion_dag.py
[2026-03-06T09:02:38.577+0000] {processor.py:925} INFO - DAG(s) '01_music_ingestion_realtime' retrieved from /opt/airflow/dags/music_ingestion_dag.py
[2026-03-06T09:02:38.650+0000] {logging_mixin.py:190} INFO - [2026-03-06T09:02:38.649+0000] {dag.py:3239} INFO - Sync 1 DAGs
[2026-03-06T09:02:38.704+0000] {logging_mixin.py:190} INFO - [2026-03-06T09:02:38.704+0000] {dag.py:4180} INFO - Setting next_dagrun for 01_music_ingestion_realtime to 2026-03-06 08:00:00+00:00, run_after=2026-03-06 09:00:00+00:00
[2026-03-06T09:02:38.749+0000] {processor.py:208} INFO - Processing /opt/airflow/dags/music_ingestion_dag.py took 0.255 seconds
[2026-03-06T09:03:09.230+0000] {processor.py:186} INFO - Started process (PID=3816) to work on /opt/airflow/dags/music_ingestion_dag.py
[2026-03-06T09:03:09.232+0000] {processor.py:914} INFO - Processing file /opt/airflow/dags/music_ingestion_dag.py for tasks to queue
[2026-03-06T09:03:09.235+0000] {logging_mixin.py:190} INFO - [2026-03-06T09:03:09.234+0000] {dagbag.py:588} INFO - Filling up the DagBag from /opt/airflow/dags/music_ingestion_dag.py
[2026-03-06T09:03:09.272+0000] {processor.py:925} INFO - DAG(s) '01_music_ingestion_realtime' retrieved from /opt/airflow/dags/music_ingestion_dag.py
[2026-03-06T09:03:09.315+0000] {logging_mixin.py:190} INFO - [2026-03-06T09:03:09.314+0000] {dag.py:3239} INFO - Sync 1 DAGs
[2026-03-06T09:03:09.355+0000] {logging_mixin.py:190} INFO - [2026-03-06T09:03:09.355+0000] {dag.py:4180} INFO - Setting next_dagrun for 01_music_ingestion_realtime to 2026-03-06 08:00:00+00:00, run_after=2026-03-06 09:00:00+00:00
[2026-03-06T09:03:09.394+0000] {processor.py:208} INFO - Processing /opt/airflow/dags/music_ingestion_dag.py took 0.175 seconds
[2026-03-06T09:03:39.850+0000] {processor.py:186} INFO - Started process (PID=3826) to work on /opt/airflow/dags/music_ingestion_dag.py
[2026-03-06T09:03:39.852+0000] {processor.py:914} INFO - Processing file /opt/airflow/dags/music_ingestion_dag.py for tasks to queue
[2026-03-06T09:03:39.855+0000] {logging_mixin.py:190} INFO - [2026-03-06T09:03:39.855+0000] {dagbag.py:588} INFO - Filling up the DagBag from /opt/airflow/dags/music_ingestion_dag.py
[2026-03-06T09:03:39.894+0000] {processor.py:925} INFO - DAG(s) '01_music_ingestion_realtime' retrieved from /opt/airflow/dags/music_ingestion_dag.py
[2026-03-06T09:03:39.941+0000] {logging_mixin.py:190} INFO - [2026-03-06T09:03:39.941+0000] {dag.py:3239} INFO - Sync 1 DAGs
[2026-03-06T09:03:39.983+0000] {logging_mixin.py:190} INFO - [2026-03-06T09:03:39.982+0000] {dag.py:4180} INFO - Setting next_dagrun for 01_music_ingestion_realtime to 2026-03-06 08:00:00+00:00, run_after=2026-03-06 09:00:00+00:00
[2026-03-06T09:03:40.012+0000] {processor.py:208} INFO - Processing /opt/airflow/dags/music_ingestion_dag.py took 0.171 seconds
[2026-03-06T09:04:10.329+0000] {processor.py:186} INFO - Started process (PID=3836) to work on /opt/airflow/dags/music_ingestion_dag.py
[2026-03-06T09:04:10.331+0000] {processor.py:914} INFO - Processing file /opt/airflow/dags/music_ingestion_dag.py for tasks to queue
[2026-03-06T09:04:10.336+0000] {logging_mixin.py:190} INFO - [2026-03-06T09:04:10.334+0000] {dagbag.py:588} INFO - Filling up the DagBag from /opt/airflow/dags/music_ingestion_dag.py
[2026-03-06T09:04:10.370+0000] {processor.py:925} INFO - DAG(s) '01_music_ingestion_realtime' retrieved from /opt/airflow/dags/music_ingestion_dag.py
[2026-03-06T09:04:10.417+0000] {logging_mixin.py:190} INFO - [2026-03-06T09:04:10.416+0000] {dag.py:3239} INFO - Sync 1 DAGs
[2026-03-06T09:04:10.466+0000] {logging_mixin.py:190} INFO - [2026-03-06T09:04:10.465+0000] {dag.py:4180} INFO - Setting next_dagrun for 01_music_ingestion_realtime to 2026-03-06 08:00:00+00:00, run_after=2026-03-06 09:00:00+00:00
[2026-03-06T09:04:10.501+0000] {processor.py:208} INFO - Processing /opt/airflow/dags/music_ingestion_dag.py took 0.183 seconds
[2026-03-06T09:04:40.829+0000] {processor.py:186} INFO - Started process (PID=3846) to work on /opt/airflow/dags/music_ingestion_dag.py
[2026-03-06T09:04:40.830+0000] {processor.py:914} INFO - Processing file /opt/airflow/dags/music_ingestion_dag.py for tasks to queue
[2026-03-06T09:04:40.835+0000] {logging_mixin.py:190} INFO - [2026-03-06T09:04:40.834+0000] {dagbag.py:588} INFO - Filling up the DagBag from /opt/airflow/dags/music_ingestion_dag.py
[2026-03-06T09:04:40.877+0000] {processor.py:925} INFO - DAG(s) '01_music_ingestion_realtime' retrieved from /opt/airflow/dags/music_ingestion_dag.py
[2026-03-06T09:04:40.923+0000] {logging_mixin.py:190} INFO - [2026-03-06T09:04:40.922+0000] {dag.py:3239} INFO - Sync 1 DAGs
[2026-03-06T09:04:40.959+0000] {logging_mixin.py:190} INFO - [2026-03-06T09:04:40.959+0000] {dag.py:4180} INFO - Setting next_dagrun for 01_music_ingestion_realtime to 2026-03-06 08:00:00+00:00, run_after=2026-03-06 09:00:00+00:00
[2026-03-06T09:04:40.999+0000] {processor.py:208} INFO - Processing /opt/airflow/dags/music_ingestion_dag.py took 0.180 seconds
[2026-03-06T09:05:11.329+0000] {processor.py:186} INFO - Started process (PID=3856) to work on /opt/airflow/dags/music_ingestion_dag.py
[2026-03-06T09:05:11.331+0000] {processor.py:914} INFO - Processing file /opt/airflow/dags/music_ingestion_dag.py for tasks to queue
[2026-03-06T09:05:11.334+0000] {logging_mixin.py:190} INFO - [2026-03-06T09:05:11.333+0000] {dagbag.py:588} INFO - Filling up the DagBag from /opt/airflow/dags/music_ingestion_dag.py
[2026-03-06T09:05:11.385+0000] {processor.py:925} INFO - DAG(s) '01_music_ingestion_realtime' retrieved from /opt/airflow/dags/music_ingestion_dag.py
[2026-03-06T09:05:11.466+0000] {logging_mixin.py:190} INFO - [2026-03-06T09:05:11.463+0000] {dag.py:3239} INFO - Sync 1 DAGs
[2026-03-06T09:05:11.552+0000] {logging_mixin.py:190} INFO - [2026-03-06T09:05:11.551+0000] {dag.py:4180} INFO - Setting next_dagrun for 01_music_ingestion_realtime to 2026-03-06 08:00:00+00:00, run_after=2026-03-06 09:00:00+00:00
[2026-03-06T09:05:11.608+0000] {processor.py:208} INFO - Processing /opt/airflow/dags/music_ingestion_dag.py took 0.295 seconds
[2026-03-06T09:05:42.065+0000] {processor.py:186} INFO - Started process (PID=3866) to work on /opt/airflow/dags/music_ingestion_dag.py
[2026-03-06T09:05:42.066+0000] {processor.py:914} INFO - Processing file /opt/airflow/dags/music_ingestion_dag.py for tasks to queue
[2026-03-06T09:05:42.068+0000] {logging_mixin.py:190} INFO - [2026-03-06T09:05:42.068+0000] {dagbag.py:588} INFO - Filling up the DagBag from /opt/airflow/dags/music_ingestion_dag.py
[2026-03-06T09:05:42.112+0000] {processor.py:925} INFO - DAG(s) '01_music_ingestion_realtime' retrieved from /opt/airflow/dags/music_ingestion_dag.py
[2026-03-06T09:05:42.163+0000] {logging_mixin.py:190} INFO - [2026-03-06T09:05:42.163+0000] {dag.py:3239} INFO - Sync 1 DAGs
[2026-03-06T09:05:42.201+0000] {logging_mixin.py:190} INFO - [2026-03-06T09:05:42.201+0000] {dag.py:4180} INFO - Setting next_dagrun for 01_music_ingestion_realtime to 2026-03-06 08:00:00+00:00, run_after=2026-03-06 09:00:00+00:00
[2026-03-06T09:05:42.235+0000] {processor.py:208} INFO - Processing /opt/airflow/dags/music_ingestion_dag.py took 0.179 seconds
[2026-03-06T09:06:12.553+0000] {processor.py:186} INFO - Started process (PID=3876) to work on /opt/airflow/dags/music_ingestion_dag.py
[2026-03-06T09:06:12.558+0000] {processor.py:914} INFO - Processing file /opt/airflow/dags/music_ingestion_dag.py for tasks to queue
[2026-03-06T09:06:12.561+0000] {logging_mixin.py:190} INFO - [2026-03-06T09:06:12.560+0000] {dagbag.py:588} INFO - Filling up the DagBag from /opt/airflow/dags/music_ingestion_dag.py
[2026-03-06T09:06:12.614+0000] {processor.py:925} INFO - DAG(s) '01_music_ingestion_realtime' retrieved from /opt/airflow/dags/music_ingestion_dag.py
[2026-03-06T09:06:12.676+0000] {logging_mixin.py:190} INFO - [2026-03-06T09:06:12.676+0000] {dag.py:3239} INFO - Sync 1 DAGs
[2026-03-06T09:06:12.740+0000] {logging_mixin.py:190} INFO - [2026-03-06T09:06:12.740+0000] {dag.py:4180} INFO - Setting next_dagrun for 01_music_ingestion_realtime to 2026-03-06 08:00:00+00:00, run_after=2026-03-06 09:00:00+00:00
[2026-03-06T09:06:12.783+0000] {processor.py:208} INFO - Processing /opt/airflow/dags/music_ingestion_dag.py took 0.243 seconds
[2026-03-06T09:06:43.058+0000] {processor.py:186} INFO - Started process (PID=3886) to work on /opt/airflow/dags/music_ingestion_dag.py
[2026-03-06T09:06:43.063+0000] {processor.py:914} INFO - Processing file /opt/airflow/dags/music_ingestion_dag.py for tasks to queue
[2026-03-06T09:06:43.066+0000] {logging_mixin.py:190} INFO - [2026-03-06T09:06:43.065+0000] {dagbag.py:588} INFO - Filling up the DagBag from /opt/airflow/dags/music_ingestion_dag.py
[2026-03-06T09:06:43.106+0000] {processor.py:925} INFO - DAG(s) '01_music_ingestion_realtime' retrieved from /opt/airflow/dags/music_ingestion_dag.py
[2026-03-06T09:06:43.161+0000] {logging_mixin.py:190} INFO - [2026-03-06T09:06:43.161+0000] {dag.py:3239} INFO - Sync 1 DAGs
[2026-03-06T09:06:43.199+0000] {logging_mixin.py:190} INFO - [2026-03-06T09:06:43.199+0000] {dag.py:4180} INFO - Setting next_dagrun for 01_music_ingestion_realtime to 2026-03-06 08:00:00+00:00, run_after=2026-03-06 09:00:00+00:00
[2026-03-06T09:06:43.230+0000] {processor.py:208} INFO - Processing /opt/airflow/dags/music_ingestion_dag.py took 0.188 seconds
[2026-03-06T09:07:13.453+0000] {processor.py:186} INFO - Started process (PID=3896) to work on /opt/airflow/dags/music_ingestion_dag.py
[2026-03-06T09:07:13.455+0000] {processor.py:914} INFO - Processing file /opt/airflow/dags/music_ingestion_dag.py for tasks to queue
[2026-03-06T09:07:13.457+0000] {logging_mixin.py:190} INFO - [2026-03-06T09:07:13.456+0000] {dagbag.py:588} INFO - Filling up the DagBag from /opt/airflow/dags/music_ingestion_dag.py
[2026-03-06T09:07:13.498+0000] {processor.py:925} INFO - DAG(s) '01_music_ingestion_realtime' retrieved from /opt/airflow/dags/music_ingestion_dag.py
[2026-03-06T09:07:13.550+0000] {logging_mixin.py:190} INFO - [2026-03-06T09:07:13.550+0000] {dag.py:3239} INFO - Sync 1 DAGs
[2026-03-06T09:07:13.607+0000] {logging_mixin.py:190} INFO - [2026-03-06T09:07:13.607+0000] {dag.py:4180} INFO - Setting next_dagrun for 01_music_ingestion_realtime to 2026-03-06 08:00:00+00:00, run_after=2026-03-06 09:00:00+00:00
[2026-03-06T09:07:13.644+0000] {processor.py:208} INFO - Processing /opt/airflow/dags/music_ingestion_dag.py took 0.198 seconds
[2026-03-06T09:07:44.128+0000] {processor.py:186} INFO - Started process (PID=3906) to work on /opt/airflow/dags/music_ingestion_dag.py
[2026-03-06T09:07:44.131+0000] {processor.py:914} INFO - Processing file /opt/airflow/dags/music_ingestion_dag.py for tasks to queue
[2026-03-06T09:07:44.137+0000] {logging_mixin.py:190} INFO - [2026-03-06T09:07:44.136+0000] {dagbag.py:588} INFO - Filling up the DagBag from /opt/airflow/dags/music_ingestion_dag.py
[2026-03-06T09:07:44.185+0000] {processor.py:925} INFO - DAG(s) '01_music_ingestion_realtime' retrieved from /opt/airflow/dags/music_ingestion_dag.py
[2026-03-06T09:07:44.254+0000] {logging_mixin.py:190} INFO - [2026-03-06T09:07:44.253+0000] {dag.py:3239} INFO - Sync 1 DAGs
[2026-03-06T09:07:44.327+0000] {logging_mixin.py:190} INFO - [2026-03-06T09:07:44.326+0000] {dag.py:4180} INFO - Setting next_dagrun for 01_music_ingestion_realtime to 2026-03-06 08:00:00+00:00, run_after=2026-03-06 09:00:00+00:00
[2026-03-06T09:07:44.370+0000] {processor.py:208} INFO - Processing /opt/airflow/dags/music_ingestion_dag.py took 0.262 seconds
[2026-03-06T09:08:14.706+0000] {processor.py:186} INFO - Started process (PID=3916) to work on /opt/airflow/dags/music_ingestion_dag.py
[2026-03-06T09:08:14.710+0000] {processor.py:914} INFO - Processing file /opt/airflow/dags/music_ingestion_dag.py for tasks to queue
[2026-03-06T09:08:14.714+0000] {logging_mixin.py:190} INFO - [2026-03-06T09:08:14.713+0000] {dagbag.py:588} INFO - Filling up the DagBag from /opt/airflow/dags/music_ingestion_dag.py
[2026-03-06T09:08:14.755+0000] {processor.py:925} INFO - DAG(s) '01_music_ingestion_realtime' retrieved from /opt/airflow/dags/music_ingestion_dag.py
[2026-03-06T09:08:14.813+0000] {logging_mixin.py:190} INFO - [2026-03-06T09:08:14.813+0000] {dag.py:3239} INFO - Sync 1 DAGs
[2026-03-06T09:08:14.854+0000] {logging_mixin.py:190} INFO - [2026-03-06T09:08:14.853+0000] {dag.py:4180} INFO - Setting next_dagrun for 01_music_ingestion_realtime to 2026-03-06 08:00:00+00:00, run_after=2026-03-06 09:00:00+00:00
[2026-03-06T09:08:14.886+0000] {processor.py:208} INFO - Processing /opt/airflow/dags/music_ingestion_dag.py took 0.194 seconds
[2026-03-06T09:08:45.350+0000] {processor.py:186} INFO - Started process (PID=3926) to work on /opt/airflow/dags/music_ingestion_dag.py
[2026-03-06T09:08:45.353+0000] {processor.py:914} INFO - Processing file /opt/airflow/dags/music_ingestion_dag.py for tasks to queue
[2026-03-06T09:08:45.355+0000] {logging_mixin.py:190} INFO - [2026-03-06T09:08:45.354+0000] {dagbag.py:588} INFO - Filling up the DagBag from /opt/airflow/dags/music_ingestion_dag.py
[2026-03-06T09:08:45.399+0000] {processor.py:925} INFO - DAG(s) '01_music_ingestion_realtime' retrieved from /opt/airflow/dags/music_ingestion_dag.py
[2026-03-06T09:08:45.446+0000] {logging_mixin.py:190} INFO - [2026-03-06T09:08:45.446+0000] {dag.py:3239} INFO - Sync 1 DAGs
[2026-03-06T09:08:45.495+0000] {logging_mixin.py:190} INFO - [2026-03-06T09:08:45.494+0000] {dag.py:4180} INFO - Setting next_dagrun for 01_music_ingestion_realtime to 2026-03-06 08:00:00+00:00, run_after=2026-03-06 09:00:00+00:00
[2026-03-06T09:08:45.527+0000] {processor.py:208} INFO - Processing /opt/airflow/dags/music_ingestion_dag.py took 0.186 seconds
[2026-03-06T09:09:15.777+0000] {processor.py:186} INFO - Started process (PID=3936) to work on /opt/airflow/dags/music_ingestion_dag.py
[2026-03-06T09:09:15.779+0000] {processor.py:914} INFO - Processing file /opt/airflow/dags/music_ingestion_dag.py for tasks to queue
[2026-03-06T09:09:15.784+0000] {logging_mixin.py:190} INFO - [2026-03-06T09:09:15.783+0000] {dagbag.py:588} INFO - Filling up the DagBag from /opt/airflow/dags/music_ingestion_dag.py
[2026-03-06T09:09:15.827+0000] {processor.py:925} INFO - DAG(s) '01_music_ingestion_realtime' retrieved from /opt/airflow/dags/music_ingestion_dag.py
[2026-03-06T09:09:15.877+0000] {logging_mixin.py:190} INFO - [2026-03-06T09:09:15.877+0000] {dag.py:3239} INFO - Sync 1 DAGs
[2026-03-06T09:09:15.915+0000] {logging_mixin.py:190} INFO - [2026-03-06T09:09:15.915+0000] {dag.py:4180} INFO - Setting next_dagrun for 01_music_ingestion_realtime to 2026-03-06 08:00:00+00:00, run_after=2026-03-06 09:00:00+00:00
[2026-03-06T09:09:15.947+0000] {processor.py:208} INFO - Processing /opt/airflow/dags/music_ingestion_dag.py took 0.179 seconds
[2026-03-06T09:09:46.374+0000] {processor.py:186} INFO - Started process (PID=3946) to work on /opt/airflow/dags/music_ingestion_dag.py
[2026-03-06T09:09:46.375+0000] {processor.py:914} INFO - Processing file /opt/airflow/dags/music_ingestion_dag.py for tasks to queue
[2026-03-06T09:09:46.377+0000] {logging_mixin.py:190} INFO - [2026-03-06T09:09:46.377+0000] {dagbag.py:588} INFO - Filling up the DagBag from /opt/airflow/dags/music_ingestion_dag.py
[2026-03-06T09:09:46.423+0000] {processor.py:925} INFO - DAG(s) '01_music_ingestion_realtime' retrieved from /opt/airflow/dags/music_ingestion_dag.py
[2026-03-06T09:09:46.465+0000] {logging_mixin.py:190} INFO - [2026-03-06T09:09:46.465+0000] {dag.py:3239} INFO - Sync 1 DAGs
[2026-03-06T09:09:46.511+0000] {logging_mixin.py:190} INFO - [2026-03-06T09:09:46.510+0000] {dag.py:4180} INFO - Setting next_dagrun for 01_music_ingestion_realtime to 2026-03-06 08:00:00+00:00, run_after=2026-03-06 09:00:00+00:00
[2026-03-06T09:09:46.547+0000] {processor.py:208} INFO - Processing /opt/airflow/dags/music_ingestion_dag.py took 0.182 seconds
[2026-03-06T09:10:17.021+0000] {processor.py:186} INFO - Started process (PID=3956) to work on /opt/airflow/dags/music_ingestion_dag.py
[2026-03-06T09:10:17.023+0000] {processor.py:914} INFO - Processing file /opt/airflow/dags/music_ingestion_dag.py for tasks to queue
[2026-03-06T09:10:17.026+0000] {logging_mixin.py:190} INFO - [2026-03-06T09:10:17.025+0000] {dagbag.py:588} INFO - Filling up the DagBag from /opt/airflow/dags/music_ingestion_dag.py
[2026-03-06T09:10:17.063+0000] {processor.py:925} INFO - DAG(s) '01_music_ingestion_realtime' retrieved from /opt/airflow/dags/music_ingestion_dag.py
[2026-03-06T09:10:17.120+0000] {logging_mixin.py:190} INFO - [2026-03-06T09:10:17.120+0000] {dag.py:3239} INFO - Sync 1 DAGs
[2026-03-06T09:10:17.159+0000] {logging_mixin.py:190} INFO - [2026-03-06T09:10:17.159+0000] {dag.py:4180} INFO - Setting next_dagrun for 01_music_ingestion_realtime to 2026-03-06 08:00:00+00:00, run_after=2026-03-06 09:00:00+00:00
[2026-03-06T09:10:17.191+0000] {processor.py:208} INFO - Processing /opt/airflow/dags/music_ingestion_dag.py took 0.183 seconds
[2026-03-06T09:10:47.446+0000] {processor.py:186} INFO - Started process (PID=3966) to work on /opt/airflow/dags/music_ingestion_dag.py
[2026-03-06T09:10:47.448+0000] {processor.py:914} INFO - Processing file /opt/airflow/dags/music_ingestion_dag.py for tasks to queue
[2026-03-06T09:10:47.451+0000] {logging_mixin.py:190} INFO - [2026-03-06T09:10:47.450+0000] {dagbag.py:588} INFO - Filling up the DagBag from /opt/airflow/dags/music_ingestion_dag.py
[2026-03-06T09:10:47.494+0000] {processor.py:925} INFO - DAG(s) '01_music_ingestion_realtime' retrieved from /opt/airflow/dags/music_ingestion_dag.py
[2026-03-06T09:10:47.544+0000] {logging_mixin.py:190} INFO - [2026-03-06T09:10:47.544+0000] {dag.py:3239} INFO - Sync 1 DAGs
[2026-03-06T09:10:47.584+0000] {logging_mixin.py:190} INFO - [2026-03-06T09:10:47.584+0000] {dag.py:4180} INFO - Setting next_dagrun for 01_music_ingestion_realtime to 2026-03-06 08:00:00+00:00, run_after=2026-03-06 09:00:00+00:00
[2026-03-06T09:10:47.621+0000] {processor.py:208} INFO - Processing /opt/airflow/dags/music_ingestion_dag.py took 0.184 seconds
[2026-03-06T09:11:18.016+0000] {processor.py:186} INFO - Started process (PID=3976) to work on /opt/airflow/dags/music_ingestion_dag.py
[2026-03-06T09:11:18.019+0000] {processor.py:914} INFO - Processing file /opt/airflow/dags/music_ingestion_dag.py for tasks to queue
[2026-03-06T09:11:18.021+0000] {logging_mixin.py:190} INFO - [2026-03-06T09:11:18.021+0000] {dagbag.py:588} INFO - Filling up the DagBag from /opt/airflow/dags/music_ingestion_dag.py
[2026-03-06T09:11:18.057+0000] {processor.py:925} INFO - DAG(s) '01_music_ingestion_realtime' retrieved from /opt/airflow/dags/music_ingestion_dag.py
[2026-03-06T09:11:18.100+0000] {logging_mixin.py:190} INFO - [2026-03-06T09:11:18.099+0000] {dag.py:3239} INFO - Sync 1 DAGs
[2026-03-06T09:11:18.143+0000] {logging_mixin.py:190} INFO - [2026-03-06T09:11:18.143+0000] {dag.py:4180} INFO - Setting next_dagrun for 01_music_ingestion_realtime to 2026-03-06 08:00:00+00:00, run_after=2026-03-06 09:00:00+00:00
[2026-03-06T09:11:18.177+0000] {processor.py:208} INFO - Processing /opt/airflow/dags/music_ingestion_dag.py took 0.170 seconds
[2026-03-06T09:11:48.502+0000] {processor.py:186} INFO - Started process (PID=3986) to work on /opt/airflow/dags/music_ingestion_dag.py
[2026-03-06T09:11:48.503+0000] {processor.py:914} INFO - Processing file /opt/airflow/dags/music_ingestion_dag.py for tasks to queue
[2026-03-06T09:11:48.505+0000] {logging_mixin.py:190} INFO - [2026-03-06T09:11:48.504+0000] {dagbag.py:588} INFO - Filling up the DagBag from /opt/airflow/dags/music_ingestion_dag.py
[2026-03-06T09:11:48.538+0000] {processor.py:925} INFO - DAG(s) '01_music_ingestion_realtime' retrieved from /opt/airflow/dags/music_ingestion_dag.py
[2026-03-06T09:11:48.583+0000] {logging_mixin.py:190} INFO - [2026-03-06T09:11:48.582+0000] {dag.py:3239} INFO - Sync 1 DAGs
[2026-03-06T09:11:48.620+0000] {logging_mixin.py:190} INFO - [2026-03-06T09:11:48.620+0000] {dag.py:4180} INFO - Setting next_dagrun for 01_music_ingestion_realtime to 2026-03-06 08:00:00+00:00, run_after=2026-03-06 09:00:00+00:00
[2026-03-06T09:11:48.656+0000] {processor.py:208} INFO - Processing /opt/airflow/dags/music_ingestion_dag.py took 0.163 seconds
[2026-03-06T09:12:19.001+0000] {processor.py:186} INFO - Started process (PID=3996) to work on /opt/airflow/dags/music_ingestion_dag.py
[2026-03-06T09:12:19.003+0000] {processor.py:914} INFO - Processing file /opt/airflow/dags/music_ingestion_dag.py for tasks to queue
[2026-03-06T09:12:19.006+0000] {logging_mixin.py:190} INFO - [2026-03-06T09:12:19.006+0000] {dagbag.py:588} INFO - Filling up the DagBag from /opt/airflow/dags/music_ingestion_dag.py
[2026-03-06T09:12:19.045+0000] {processor.py:925} INFO - DAG(s) '01_music_ingestion_realtime' retrieved from /opt/airflow/dags/music_ingestion_dag.py
[2026-03-06T09:12:19.105+0000] {logging_mixin.py:190} INFO - [2026-03-06T09:12:19.105+0000] {dag.py:3239} INFO - Sync 1 DAGs
[2026-03-06T09:12:19.160+0000] {logging_mixin.py:190} INFO - [2026-03-06T09:12:19.159+0000] {dag.py:4180} INFO - Setting next_dagrun for 01_music_ingestion_realtime to 2026-03-06 08:00:00+00:00, run_after=2026-03-06 09:00:00+00:00
[2026-03-06T09:12:19.198+0000] {processor.py:208} INFO - Processing /opt/airflow/dags/music_ingestion_dag.py took 0.210 seconds
[2026-03-06T09:12:49.465+0000] {processor.py:186} INFO - Started process (PID=4006) to work on /opt/airflow/dags/music_ingestion_dag.py
[2026-03-06T09:12:49.466+0000] {processor.py:914} INFO - Processing file /opt/airflow/dags/music_ingestion_dag.py for tasks to queue
[2026-03-06T09:12:49.470+0000] {logging_mixin.py:190} INFO - [2026-03-06T09:12:49.470+0000] {dagbag.py:588} INFO - Filling up the DagBag from /opt/airflow/dags/music_ingestion_dag.py
[2026-03-06T09:12:49.508+0000] {processor.py:925} INFO - DAG(s) '01_music_ingestion_realtime' retrieved from /opt/airflow/dags/music_ingestion_dag.py
[2026-03-06T09:12:49.556+0000] {logging_mixin.py:190} INFO - [2026-03-06T09:12:49.555+0000] {dag.py:3239} INFO - Sync 1 DAGs
[2026-03-06T09:12:49.608+0000] {logging_mixin.py:190} INFO - [2026-03-06T09:12:49.608+0000] {dag.py:4180} INFO - Setting next_dagrun for 01_music_ingestion_realtime to 2026-03-06 08:00:00+00:00, run_after=2026-03-06 09:00:00+00:00
[2026-03-06T09:12:49.663+0000] {processor.py:208} INFO - Processing /opt/airflow/dags/music_ingestion_dag.py took 0.207 seconds
[2026-03-06T09:13:19.970+0000] {processor.py:186} INFO - Started process (PID=4016) to work on /opt/airflow/dags/music_ingestion_dag.py
[2026-03-06T09:13:19.973+0000] {processor.py:914} INFO - Processing file /opt/airflow/dags/music_ingestion_dag.py for tasks to queue
[2026-03-06T09:13:19.976+0000] {logging_mixin.py:190} INFO - [2026-03-06T09:13:19.975+0000] {dagbag.py:588} INFO - Filling up the DagBag from /opt/airflow/dags/music_ingestion_dag.py
[2026-03-06T09:13:20.016+0000] {processor.py:925} INFO - DAG(s) '01_music_ingestion_realtime' retrieved from /opt/airflow/dags/music_ingestion_dag.py
[2026-03-06T09:13:20.063+0000] {logging_mixin.py:190} INFO - [2026-03-06T09:13:20.063+0000] {dag.py:3239} INFO - Sync 1 DAGs
[2026-03-06T09:13:20.104+0000] {logging_mixin.py:190} INFO - [2026-03-06T09:13:20.104+0000] {dag.py:4180} INFO - Setting next_dagrun for 01_music_ingestion_realtime to 2026-03-06 08:00:00+00:00, run_after=2026-03-06 09:00:00+00:00
[2026-03-06T09:13:20.140+0000] {processor.py:208} INFO - Processing /opt/airflow/dags/music_ingestion_dag.py took 0.180 seconds
[2026-03-06T09:13:50.811+0000] {processor.py:186} INFO - Started process (PID=4026) to work on /opt/airflow/dags/music_ingestion_dag.py
[2026-03-06T09:13:50.818+0000] {processor.py:914} INFO - Processing file /opt/airflow/dags/music_ingestion_dag.py for tasks to queue
[2026-03-06T09:13:50.825+0000] {logging_mixin.py:190} INFO - [2026-03-06T09:13:50.824+0000] {dagbag.py:588} INFO - Filling up the DagBag from /opt/airflow/dags/music_ingestion_dag.py
[2026-03-06T09:13:50.920+0000] {processor.py:925} INFO - DAG(s) '01_music_ingestion_realtime' retrieved from /opt/airflow/dags/music_ingestion_dag.py
[2026-03-06T09:13:51.077+0000] {logging_mixin.py:190} INFO - [2026-03-06T09:13:51.077+0000] {dag.py:3239} INFO - Sync 1 DAGs
[2026-03-06T09:13:51.150+0000] {logging_mixin.py:190} INFO - [2026-03-06T09:13:51.150+0000] {dag.py:4180} INFO - Setting next_dagrun for 01_music_ingestion_realtime to 2026-03-06 08:00:00+00:00, run_after=2026-03-06 09:00:00+00:00
[2026-03-06T09:13:51.224+0000] {processor.py:208} INFO - Processing /opt/airflow/dags/music_ingestion_dag.py took 0.441 seconds
[2026-03-06T09:14:21.882+0000] {processor.py:186} INFO - Started process (PID=4036) to work on /opt/airflow/dags/music_ingestion_dag.py
[2026-03-06T09:14:21.887+0000] {processor.py:914} INFO - Processing file /opt/airflow/dags/music_ingestion_dag.py for tasks to queue
[2026-03-06T09:14:21.890+0000] {logging_mixin.py:190} INFO - [2026-03-06T09:14:21.889+0000] {dagbag.py:588} INFO - Filling up the DagBag from /opt/airflow/dags/music_ingestion_dag.py
[2026-03-06T09:14:22.017+0000] {processor.py:925} INFO - DAG(s) '01_music_ingestion_realtime' retrieved from /opt/airflow/dags/music_ingestion_dag.py
[2026-03-06T09:14:22.507+0000] {logging_mixin.py:190} INFO - [2026-03-06T09:14:22.506+0000] {dag.py:3239} INFO - Sync 1 DAGs
[2026-03-06T09:14:22.826+0000] {logging_mixin.py:190} INFO - [2026-03-06T09:14:22.825+0000] {dag.py:4180} INFO - Setting next_dagrun for 01_music_ingestion_realtime to 2026-03-06 08:00:00+00:00, run_after=2026-03-06 09:00:00+00:00
[2026-03-06T09:14:23.131+0000] {processor.py:208} INFO - Processing /opt/airflow/dags/music_ingestion_dag.py took 1.265 seconds
[2026-03-06T09:14:54.911+0000] {processor.py:186} INFO - Started process (PID=4046) to work on /opt/airflow/dags/music_ingestion_dag.py
[2026-03-06T09:14:55.232+0000] {processor.py:914} INFO - Processing file /opt/airflow/dags/music_ingestion_dag.py for tasks to queue
[2026-03-06T09:14:55.275+0000] {logging_mixin.py:190} INFO - [2026-03-06T09:14:55.269+0000] {dagbag.py:588} INFO - Filling up the DagBag from /opt/airflow/dags/music_ingestion_dag.py
[2026-03-06T09:14:55.569+0000] {processor.py:925} INFO - DAG(s) '01_music_ingestion_realtime' retrieved from /opt/airflow/dags/music_ingestion_dag.py
[2026-03-06T09:14:55.783+0000] {logging_mixin.py:190} INFO - [2026-03-06T09:14:55.782+0000] {dag.py:3239} INFO - Sync 1 DAGs
[2026-03-06T09:14:55.962+0000] {logging_mixin.py:190} INFO - [2026-03-06T09:14:55.961+0000] {dag.py:4180} INFO - Setting next_dagrun for 01_music_ingestion_realtime to 2026-03-06 08:00:00+00:00, run_after=2026-03-06 09:00:00+00:00
[2026-03-06T09:14:56.079+0000] {processor.py:208} INFO - Processing /opt/airflow/dags/music_ingestion_dag.py took 1.964 seconds
[2026-03-06T09:15:26.987+0000] {processor.py:186} INFO - Started process (PID=4056) to work on /opt/airflow/dags/music_ingestion_dag.py
[2026-03-06T09:15:27.099+0000] {processor.py:914} INFO - Processing file /opt/airflow/dags/music_ingestion_dag.py for tasks to queue
[2026-03-06T09:15:27.102+0000] {logging_mixin.py:190} INFO - [2026-03-06T09:15:27.102+0000] {dagbag.py:588} INFO - Filling up the DagBag from /opt/airflow/dags/music_ingestion_dag.py
[2026-03-06T09:15:27.402+0000] {processor.py:925} INFO - DAG(s) '01_music_ingestion_realtime' retrieved from /opt/airflow/dags/music_ingestion_dag.py
[2026-03-06T09:15:27.452+0000] {logging_mixin.py:190} INFO - [2026-03-06T09:15:27.452+0000] {dag.py:3239} INFO - Sync 1 DAGs
[2026-03-06T09:15:27.567+0000] {logging_mixin.py:190} INFO - [2026-03-06T09:15:27.566+0000] {dag.py:4180} INFO - Setting next_dagrun for 01_music_ingestion_realtime to 2026-03-06 08:00:00+00:00, run_after=2026-03-06 09:00:00+00:00
[2026-03-06T09:15:27.842+0000] {processor.py:208} INFO - Processing /opt/airflow/dags/music_ingestion_dag.py took 0.867 seconds
[2026-03-06T09:15:58.290+0000] {processor.py:186} INFO - Started process (PID=4066) to work on /opt/airflow/dags/music_ingestion_dag.py
[2026-03-06T09:15:58.292+0000] {processor.py:914} INFO - Processing file /opt/airflow/dags/music_ingestion_dag.py for tasks to queue
[2026-03-06T09:15:58.295+0000] {logging_mixin.py:190} INFO - [2026-03-06T09:15:58.294+0000] {dagbag.py:588} INFO - Filling up the DagBag from /opt/airflow/dags/music_ingestion_dag.py
[2026-03-06T09:15:58.334+0000] {processor.py:925} INFO - DAG(s) '01_music_ingestion_realtime' retrieved from /opt/airflow/dags/music_ingestion_dag.py
[2026-03-06T09:15:58.388+0000] {logging_mixin.py:190} INFO - [2026-03-06T09:15:58.388+0000] {dag.py:3239} INFO - Sync 1 DAGs
[2026-03-06T09:15:58.499+0000] {logging_mixin.py:190} INFO - [2026-03-06T09:15:58.499+0000] {dag.py:4180} INFO - Setting next_dagrun for 01_music_ingestion_realtime to 2026-03-06 08:00:00+00:00, run_after=2026-03-06 09:00:00+00:00
[2026-03-06T09:15:58.627+0000] {processor.py:208} INFO - Processing /opt/airflow/dags/music_ingestion_dag.py took 0.348 seconds
[2026-03-06T09:16:29.289+0000] {processor.py:186} INFO - Started process (PID=4076) to work on /opt/airflow/dags/music_ingestion_dag.py
[2026-03-06T09:16:29.292+0000] {processor.py:914} INFO - Processing file /opt/airflow/dags/music_ingestion_dag.py for tasks to queue
[2026-03-06T09:16:29.297+0000] {logging_mixin.py:190} INFO - [2026-03-06T09:16:29.296+0000] {dagbag.py:588} INFO - Filling up the DagBag from /opt/airflow/dags/music_ingestion_dag.py
[2026-03-06T09:16:29.356+0000] {processor.py:925} INFO - DAG(s) '01_music_ingestion_realtime' retrieved from /opt/airflow/dags/music_ingestion_dag.py
[2026-03-06T09:16:29.408+0000] {logging_mixin.py:190} INFO - [2026-03-06T09:16:29.408+0000] {dag.py:3239} INFO - Sync 1 DAGs
[2026-03-06T09:16:29.451+0000] {logging_mixin.py:190} INFO - [2026-03-06T09:16:29.450+0000] {dag.py:4180} INFO - Setting next_dagrun for 01_music_ingestion_realtime to 2026-03-06 08:00:00+00:00, run_after=2026-03-06 09:00:00+00:00
[2026-03-06T09:16:29.486+0000] {processor.py:208} INFO - Processing /opt/airflow/dags/music_ingestion_dag.py took 0.231 seconds
[2026-03-06T09:16:59.730+0000] {processor.py:186} INFO - Started process (PID=4086) to work on /opt/airflow/dags/music_ingestion_dag.py
[2026-03-06T09:16:59.732+0000] {processor.py:914} INFO - Processing file /opt/airflow/dags/music_ingestion_dag.py for tasks to queue
[2026-03-06T09:16:59.735+0000] {logging_mixin.py:190} INFO - [2026-03-06T09:16:59.734+0000] {dagbag.py:588} INFO - Filling up the DagBag from /opt/airflow/dags/music_ingestion_dag.py
[2026-03-06T09:16:59.780+0000] {processor.py:925} INFO - DAG(s) '01_music_ingestion_realtime' retrieved from /opt/airflow/dags/music_ingestion_dag.py
[2026-03-06T09:16:59.829+0000] {logging_mixin.py:190} INFO - [2026-03-06T09:16:59.828+0000] {dag.py:3239} INFO - Sync 1 DAGs
[2026-03-06T09:16:59.871+0000] {logging_mixin.py:190} INFO - [2026-03-06T09:16:59.870+0000] {dag.py:4180} INFO - Setting next_dagrun for 01_music_ingestion_realtime to 2026-03-06 08:00:00+00:00, run_after=2026-03-06 09:00:00+00:00
[2026-03-06T09:16:59.905+0000] {processor.py:208} INFO - Processing /opt/airflow/dags/music_ingestion_dag.py took 0.188 seconds
[2026-03-06T09:17:31.183+0000] {processor.py:186} INFO - Started process (PID=4096) to work on /opt/airflow/dags/music_ingestion_dag.py
[2026-03-06T09:17:31.207+0000] {processor.py:914} INFO - Processing file /opt/airflow/dags/music_ingestion_dag.py for tasks to queue
[2026-03-06T09:17:31.220+0000] {logging_mixin.py:190} INFO - [2026-03-06T09:17:31.218+0000] {dagbag.py:588} INFO - Filling up the DagBag from /opt/airflow/dags/music_ingestion_dag.py
[2026-03-06T09:17:31.838+0000] {processor.py:925} INFO - DAG(s) '01_music_ingestion_realtime' retrieved from /opt/airflow/dags/music_ingestion_dag.py
[2026-03-06T09:17:32.206+0000] {logging_mixin.py:190} INFO - [2026-03-06T09:17:32.204+0000] {dag.py:3239} INFO - Sync 1 DAGs
[2026-03-06T09:17:32.719+0000] {logging_mixin.py:190} INFO - [2026-03-06T09:17:32.718+0000] {dag.py:4180} INFO - Setting next_dagrun for 01_music_ingestion_realtime to 2026-03-06 08:00:00+00:00, run_after=2026-03-06 09:00:00+00:00
[2026-03-06T09:17:32.870+0000] {processor.py:208} INFO - Processing /opt/airflow/dags/music_ingestion_dag.py took 1.926 seconds
[2026-03-06T09:18:03.508+0000] {processor.py:186} INFO - Started process (PID=4106) to work on /opt/airflow/dags/music_ingestion_dag.py
[2026-03-06T09:18:03.510+0000] {processor.py:914} INFO - Processing file /opt/airflow/dags/music_ingestion_dag.py for tasks to queue
[2026-03-06T09:18:03.522+0000] {logging_mixin.py:190} INFO - [2026-03-06T09:18:03.520+0000] {dagbag.py:588} INFO - Filling up the DagBag from /opt/airflow/dags/music_ingestion_dag.py
[2026-03-06T09:18:03.572+0000] {processor.py:925} INFO - DAG(s) '01_music_ingestion_realtime' retrieved from /opt/airflow/dags/music_ingestion_dag.py
[2026-03-06T09:18:03.964+0000] {logging_mixin.py:190} INFO - [2026-03-06T09:18:03.963+0000] {dag.py:3239} INFO - Sync 1 DAGs
[2026-03-06T09:18:04.145+0000] {logging_mixin.py:190} INFO - [2026-03-06T09:18:04.145+0000] {dag.py:4180} INFO - Setting next_dagrun for 01_music_ingestion_realtime to 2026-03-06 08:00:00+00:00, run_after=2026-03-06 09:00:00+00:00
[2026-03-06T09:18:04.287+0000] {processor.py:208} INFO - Processing /opt/airflow/dags/music_ingestion_dag.py took 0.796 seconds
[2026-03-06T09:18:34.779+0000] {processor.py:186} INFO - Started process (PID=4116) to work on /opt/airflow/dags/music_ingestion_dag.py
[2026-03-06T09:18:34.781+0000] {processor.py:914} INFO - Processing file /opt/airflow/dags/music_ingestion_dag.py for tasks to queue
[2026-03-06T09:18:34.782+0000] {logging_mixin.py:190} INFO - [2026-03-06T09:18:34.782+0000] {dagbag.py:588} INFO - Filling up the DagBag from /opt/airflow/dags/music_ingestion_dag.py
[2026-03-06T09:18:34.825+0000] {processor.py:925} INFO - DAG(s) '01_music_ingestion_realtime' retrieved from /opt/airflow/dags/music_ingestion_dag.py
[2026-03-06T09:18:34.881+0000] {logging_mixin.py:190} INFO - [2026-03-06T09:18:34.881+0000] {dag.py:3239} INFO - Sync 1 DAGs
[2026-03-06T09:18:34.957+0000] {logging_mixin.py:190} INFO - [2026-03-06T09:18:34.957+0000] {dag.py:4180} INFO - Setting next_dagrun for 01_music_ingestion_realtime to 2026-03-06 08:00:00+00:00, run_after=2026-03-06 09:00:00+00:00
[2026-03-06T09:18:34.991+0000] {processor.py:208} INFO - Processing /opt/airflow/dags/music_ingestion_dag.py took 0.221 seconds
[2026-03-06T09:19:05.461+0000] {processor.py:186} INFO - Started process (PID=4126) to work on /opt/airflow/dags/music_ingestion_dag.py
[2026-03-06T09:19:05.463+0000] {processor.py:914} INFO - Processing file /opt/airflow/dags/music_ingestion_dag.py for tasks to queue
[2026-03-06T09:19:05.466+0000] {logging_mixin.py:190} INFO - [2026-03-06T09:19:05.465+0000] {dagbag.py:588} INFO - Filling up the DagBag from /opt/airflow/dags/music_ingestion_dag.py
[2026-03-06T09:19:05.498+0000] {processor.py:925} INFO - DAG(s) '01_music_ingestion_realtime' retrieved from /opt/airflow/dags/music_ingestion_dag.py
[2026-03-06T09:19:05.548+0000] {logging_mixin.py:190} INFO - [2026-03-06T09:19:05.547+0000] {dag.py:3239} INFO - Sync 1 DAGs
[2026-03-06T09:19:05.633+0000] {logging_mixin.py:190} INFO - [2026-03-06T09:19:05.632+0000] {dag.py:4180} INFO - Setting next_dagrun for 01_music_ingestion_realtime to 2026-03-06 08:00:00+00:00, run_after=2026-03-06 09:00:00+00:00
[2026-03-06T09:19:05.678+0000] {processor.py:208} INFO - Processing /opt/airflow/dags/music_ingestion_dag.py took 0.229 seconds
[2026-03-06T09:19:35.881+0000] {processor.py:186} INFO - Started process (PID=4136) to work on /opt/airflow/dags/music_ingestion_dag.py
[2026-03-06T09:19:35.883+0000] {processor.py:914} INFO - Processing file /opt/airflow/dags/music_ingestion_dag.py for tasks to queue
[2026-03-06T09:19:35.885+0000] {logging_mixin.py:190} INFO - [2026-03-06T09:19:35.885+0000] {dagbag.py:588} INFO - Filling up the DagBag from /opt/airflow/dags/music_ingestion_dag.py
[2026-03-06T09:19:35.925+0000] {processor.py:925} INFO - DAG(s) '01_music_ingestion_realtime' retrieved from /opt/airflow/dags/music_ingestion_dag.py
[2026-03-06T09:19:35.969+0000] {logging_mixin.py:190} INFO - [2026-03-06T09:19:35.968+0000] {dag.py:3239} INFO - Sync 1 DAGs
[2026-03-06T09:19:36.002+0000] {logging_mixin.py:190} INFO - [2026-03-06T09:19:36.002+0000] {dag.py:4180} INFO - Setting next_dagrun for 01_music_ingestion_realtime to 2026-03-06 08:00:00+00:00, run_after=2026-03-06 09:00:00+00:00
[2026-03-06T09:19:36.034+0000] {processor.py:208} INFO - Processing /opt/airflow/dags/music_ingestion_dag.py took 0.162 seconds
[2026-03-06T09:20:06.303+0000] {processor.py:186} INFO - Started process (PID=4146) to work on /opt/airflow/dags/music_ingestion_dag.py
[2026-03-06T09:20:06.305+0000] {processor.py:914} INFO - Processing file /opt/airflow/dags/music_ingestion_dag.py for tasks to queue
[2026-03-06T09:20:06.308+0000] {logging_mixin.py:190} INFO - [2026-03-06T09:20:06.308+0000] {dagbag.py:588} INFO - Filling up the DagBag from /opt/airflow/dags/music_ingestion_dag.py
[2026-03-06T09:20:06.351+0000] {processor.py:925} INFO - DAG(s) '01_music_ingestion_realtime' retrieved from /opt/airflow/dags/music_ingestion_dag.py
[2026-03-06T09:20:06.406+0000] {logging_mixin.py:190} INFO - [2026-03-06T09:20:06.406+0000] {dag.py:3239} INFO - Sync 1 DAGs
[2026-03-06T09:20:06.452+0000] {logging_mixin.py:190} INFO - [2026-03-06T09:20:06.452+0000] {dag.py:4180} INFO - Setting next_dagrun for 01_music_ingestion_realtime to 2026-03-06 08:00:00+00:00, run_after=2026-03-06 09:00:00+00:00
[2026-03-06T09:20:06.509+0000] {processor.py:208} INFO - Processing /opt/airflow/dags/music_ingestion_dag.py took 0.215 seconds
[2026-03-06T09:20:37.018+0000] {processor.py:186} INFO - Started process (PID=4156) to work on /opt/airflow/dags/music_ingestion_dag.py
[2026-03-06T09:20:37.022+0000] {processor.py:914} INFO - Processing file /opt/airflow/dags/music_ingestion_dag.py for tasks to queue
[2026-03-06T09:20:37.028+0000] {logging_mixin.py:190} INFO - [2026-03-06T09:20:37.026+0000] {dagbag.py:588} INFO - Filling up the DagBag from /opt/airflow/dags/music_ingestion_dag.py
[2026-03-06T09:20:37.095+0000] {processor.py:925} INFO - DAG(s) '01_music_ingestion_realtime' retrieved from /opt/airflow/dags/music_ingestion_dag.py
[2026-03-06T09:20:37.155+0000] {logging_mixin.py:190} INFO - [2026-03-06T09:20:37.155+0000] {dag.py:3239} INFO - Sync 1 DAGs
[2026-03-06T09:20:37.226+0000] {logging_mixin.py:190} INFO - [2026-03-06T09:20:37.225+0000] {dag.py:4180} INFO - Setting next_dagrun for 01_music_ingestion_realtime to 2026-03-06 08:00:00+00:00, run_after=2026-03-06 09:00:00+00:00
[2026-03-06T09:20:37.267+0000] {processor.py:208} INFO - Processing /opt/airflow/dags/music_ingestion_dag.py took 0.279 seconds
[2026-03-06T09:21:07.626+0000] {processor.py:186} INFO - Started process (PID=4166) to work on /opt/airflow/dags/music_ingestion_dag.py
[2026-03-06T09:21:07.628+0000] {processor.py:914} INFO - Processing file /opt/airflow/dags/music_ingestion_dag.py for tasks to queue
[2026-03-06T09:21:07.631+0000] {logging_mixin.py:190} INFO - [2026-03-06T09:21:07.631+0000] {dagbag.py:588} INFO - Filling up the DagBag from /opt/airflow/dags/music_ingestion_dag.py
[2026-03-06T09:21:07.678+0000] {processor.py:925} INFO - DAG(s) '01_music_ingestion_realtime' retrieved from /opt/airflow/dags/music_ingestion_dag.py
[2026-03-06T09:21:07.739+0000] {logging_mixin.py:190} INFO - [2026-03-06T09:21:07.739+0000] {dag.py:3239} INFO - Sync 1 DAGs
[2026-03-06T09:21:07.801+0000] {logging_mixin.py:190} INFO - [2026-03-06T09:21:07.801+0000] {dag.py:4180} INFO - Setting next_dagrun for 01_music_ingestion_realtime to 2026-03-06 08:00:00+00:00, run_after=2026-03-06 09:00:00+00:00
[2026-03-06T09:21:07.835+0000] {processor.py:208} INFO - Processing /opt/airflow/dags/music_ingestion_dag.py took 0.223 seconds
[2026-03-06T09:21:38.097+0000] {processor.py:186} INFO - Started process (PID=4176) to work on /opt/airflow/dags/music_ingestion_dag.py
[2026-03-06T09:21:38.099+0000] {processor.py:914} INFO - Processing file /opt/airflow/dags/music_ingestion_dag.py for tasks to queue
[2026-03-06T09:21:38.103+0000] {logging_mixin.py:190} INFO - [2026-03-06T09:21:38.102+0000] {dagbag.py:588} INFO - Filling up the DagBag from /opt/airflow/dags/music_ingestion_dag.py
[2026-03-06T09:21:38.125+0000] {processor.py:925} INFO - DAG(s) '01_music_ingestion_realtime' retrieved from /opt/airflow/dags/music_ingestion_dag.py
[2026-03-06T09:21:38.186+0000] {logging_mixin.py:190} INFO - [2026-03-06T09:21:38.185+0000] {dag.py:3239} INFO - Sync 1 DAGs
[2026-03-06T09:21:38.244+0000] {logging_mixin.py:190} INFO - [2026-03-06T09:21:38.243+0000] {dag.py:4180} INFO - Setting next_dagrun for 01_music_ingestion_realtime to 2026-03-06 08:00:00+00:00, run_after=2026-03-06 09:00:00+00:00
[2026-03-06T09:21:38.281+0000] {processor.py:208} INFO - Processing /opt/airflow/dags/music_ingestion_dag.py took 0.193 seconds
[2026-03-06T09:22:08.527+0000] {processor.py:186} INFO - Started process (PID=4186) to work on /opt/airflow/dags/music_ingestion_dag.py
[2026-03-06T09:22:08.530+0000] {processor.py:914} INFO - Processing file /opt/airflow/dags/music_ingestion_dag.py for tasks to queue
[2026-03-06T09:22:08.532+0000] {logging_mixin.py:190} INFO - [2026-03-06T09:22:08.531+0000] {dagbag.py:588} INFO - Filling up the DagBag from /opt/airflow/dags/music_ingestion_dag.py
[2026-03-06T09:22:08.571+0000] {processor.py:925} INFO - DAG(s) '01_music_ingestion_realtime' retrieved from /opt/airflow/dags/music_ingestion_dag.py
[2026-03-06T09:22:08.636+0000] {logging_mixin.py:190} INFO - [2026-03-06T09:22:08.635+0000] {dag.py:3239} INFO - Sync 1 DAGs
[2026-03-06T09:22:08.814+0000] {logging_mixin.py:190} INFO - [2026-03-06T09:22:08.814+0000] {dag.py:4180} INFO - Setting next_dagrun for 01_music_ingestion_realtime to 2026-03-06 08:00:00+00:00, run_after=2026-03-06 09:00:00+00:00
[2026-03-06T09:22:08.862+0000] {processor.py:208} INFO - Processing /opt/airflow/dags/music_ingestion_dag.py took 0.345 seconds
[2026-03-06T09:22:39.276+0000] {processor.py:186} INFO - Started process (PID=4196) to work on /opt/airflow/dags/music_ingestion_dag.py
[2026-03-06T09:22:39.278+0000] {processor.py:914} INFO - Processing file /opt/airflow/dags/music_ingestion_dag.py for tasks to queue
[2026-03-06T09:22:39.280+0000] {logging_mixin.py:190} INFO - [2026-03-06T09:22:39.280+0000] {dagbag.py:588} INFO - Filling up the DagBag from /opt/airflow/dags/music_ingestion_dag.py
[2026-03-06T09:22:39.399+0000] {processor.py:925} INFO - DAG(s) '01_music_ingestion_realtime' retrieved from /opt/airflow/dags/music_ingestion_dag.py
[2026-03-06T09:22:39.711+0000] {logging_mixin.py:190} INFO - [2026-03-06T09:22:39.710+0000] {dag.py:3239} INFO - Sync 1 DAGs
[2026-03-06T09:22:39.922+0000] {logging_mixin.py:190} INFO - [2026-03-06T09:22:39.920+0000] {dag.py:4180} INFO - Setting next_dagrun for 01_music_ingestion_realtime to 2026-03-06 08:00:00+00:00, run_after=2026-03-06 09:00:00+00:00
[2026-03-06T09:22:40.371+0000] {processor.py:208} INFO - Processing /opt/airflow/dags/music_ingestion_dag.py took 1.105 seconds
[2026-03-06T09:23:10.972+0000] {processor.py:186} INFO - Started process (PID=4206) to work on /opt/airflow/dags/music_ingestion_dag.py
[2026-03-06T09:23:10.974+0000] {processor.py:914} INFO - Processing file /opt/airflow/dags/music_ingestion_dag.py for tasks to queue
[2026-03-06T09:23:10.975+0000] {logging_mixin.py:190} INFO - [2026-03-06T09:23:10.975+0000] {dagbag.py:588} INFO - Filling up the DagBag from /opt/airflow/dags/music_ingestion_dag.py
[2026-03-06T09:23:11.011+0000] {processor.py:925} INFO - DAG(s) '01_music_ingestion_realtime' retrieved from /opt/airflow/dags/music_ingestion_dag.py
[2026-03-06T09:23:11.129+0000] {logging_mixin.py:190} INFO - [2026-03-06T09:23:11.129+0000] {dag.py:3239} INFO - Sync 1 DAGs
[2026-03-06T09:23:11.204+0000] {logging_mixin.py:190} INFO - [2026-03-06T09:23:11.203+0000] {dag.py:4180} INFO - Setting next_dagrun for 01_music_ingestion_realtime to 2026-03-06 08:00:00+00:00, run_after=2026-03-06 09:00:00+00:00
[2026-03-06T09:23:11.249+0000] {processor.py:208} INFO - Processing /opt/airflow/dags/music_ingestion_dag.py took 0.388 seconds
[2026-03-06T09:23:41.869+0000] {processor.py:186} INFO - Started process (PID=4216) to work on /opt/airflow/dags/music_ingestion_dag.py
[2026-03-06T09:23:41.872+0000] {processor.py:914} INFO - Processing file /opt/airflow/dags/music_ingestion_dag.py for tasks to queue
[2026-03-06T09:23:41.880+0000] {logging_mixin.py:190} INFO - [2026-03-06T09:23:41.877+0000] {dagbag.py:588} INFO - Filling up the DagBag from /opt/airflow/dags/music_ingestion_dag.py
[2026-03-06T09:23:41.926+0000] {processor.py:925} INFO - DAG(s) '01_music_ingestion_realtime' retrieved from /opt/airflow/dags/music_ingestion_dag.py
[2026-03-06T09:23:41.982+0000] {logging_mixin.py:190} INFO - [2026-03-06T09:23:41.982+0000] {dag.py:3239} INFO - Sync 1 DAGs
[2026-03-06T09:23:42.051+0000] {logging_mixin.py:190} INFO - [2026-03-06T09:23:42.051+0000] {dag.py:4180} INFO - Setting next_dagrun for 01_music_ingestion_realtime to 2026-03-06 08:00:00+00:00, run_after=2026-03-06 09:00:00+00:00
[2026-03-06T09:23:42.092+0000] {processor.py:208} INFO - Processing /opt/airflow/dags/music_ingestion_dag.py took 0.243 seconds
[2026-03-06T09:24:12.449+0000] {processor.py:186} INFO - Started process (PID=4226) to work on /opt/airflow/dags/music_ingestion_dag.py
[2026-03-06T09:24:12.452+0000] {processor.py:914} INFO - Processing file /opt/airflow/dags/music_ingestion_dag.py for tasks to queue
[2026-03-06T09:24:12.456+0000] {logging_mixin.py:190} INFO - [2026-03-06T09:24:12.455+0000] {dagbag.py:588} INFO - Filling up the DagBag from /opt/airflow/dags/music_ingestion_dag.py
[2026-03-06T09:24:12.499+0000] {processor.py:925} INFO - DAG(s) '01_music_ingestion_realtime' retrieved from /opt/airflow/dags/music_ingestion_dag.py
[2026-03-06T09:24:12.551+0000] {logging_mixin.py:190} INFO - [2026-03-06T09:24:12.550+0000] {dag.py:3239} INFO - Sync 1 DAGs
[2026-03-06T09:24:12.604+0000] {logging_mixin.py:190} INFO - [2026-03-06T09:24:12.603+0000] {dag.py:4180} INFO - Setting next_dagrun for 01_music_ingestion_realtime to 2026-03-06 08:00:00+00:00, run_after=2026-03-06 09:00:00+00:00
[2026-03-06T09:24:12.642+0000] {processor.py:208} INFO - Processing /opt/airflow/dags/music_ingestion_dag.py took 0.211 seconds
[2026-03-06T09:24:43.169+0000] {processor.py:186} INFO - Started process (PID=4236) to work on /opt/airflow/dags/music_ingestion_dag.py
[2026-03-06T09:24:43.172+0000] {processor.py:914} INFO - Processing file /opt/airflow/dags/music_ingestion_dag.py for tasks to queue
[2026-03-06T09:24:43.176+0000] {logging_mixin.py:190} INFO - [2026-03-06T09:24:43.174+0000] {dagbag.py:588} INFO - Filling up the DagBag from /opt/airflow/dags/music_ingestion_dag.py
[2026-03-06T09:24:43.318+0000] {processor.py:925} INFO - DAG(s) '01_music_ingestion_realtime' retrieved from /opt/airflow/dags/music_ingestion_dag.py
[2026-03-06T09:24:43.577+0000] {logging_mixin.py:190} INFO - [2026-03-06T09:24:43.576+0000] {dag.py:3239} INFO - Sync 1 DAGs
[2026-03-06T09:24:43.853+0000] {logging_mixin.py:190} INFO - [2026-03-06T09:24:43.852+0000] {dag.py:4180} INFO - Setting next_dagrun for 01_music_ingestion_realtime to 2026-03-06 08:00:00+00:00, run_after=2026-03-06 09:00:00+00:00
[2026-03-06T09:24:43.920+0000] {processor.py:208} INFO - Processing /opt/airflow/dags/music_ingestion_dag.py took 0.787 seconds
[2026-03-06T09:25:14.375+0000] {processor.py:186} INFO - Started process (PID=4246) to work on /opt/airflow/dags/music_ingestion_dag.py
[2026-03-06T09:25:14.378+0000] {processor.py:914} INFO - Processing file /opt/airflow/dags/music_ingestion_dag.py for tasks to queue
[2026-03-06T09:25:14.383+0000] {logging_mixin.py:190} INFO - [2026-03-06T09:25:14.382+0000] {dagbag.py:588} INFO - Filling up the DagBag from /opt/airflow/dags/music_ingestion_dag.py
[2026-03-06T09:25:14.422+0000] {processor.py:925} INFO - DAG(s) '01_music_ingestion_realtime' retrieved from /opt/airflow/dags/music_ingestion_dag.py
[2026-03-06T09:25:14.473+0000] {logging_mixin.py:190} INFO - [2026-03-06T09:25:14.473+0000] {dag.py:3239} INFO - Sync 1 DAGs
[2026-03-06T09:25:14.530+0000] {logging_mixin.py:190} INFO - [2026-03-06T09:25:14.530+0000] {dag.py:4180} INFO - Setting next_dagrun for 01_music_ingestion_realtime to 2026-03-06 08:00:00+00:00, run_after=2026-03-06 09:00:00+00:00
[2026-03-06T09:25:14.630+0000] {processor.py:208} INFO - Processing /opt/airflow/dags/music_ingestion_dag.py took 0.265 seconds
[2026-03-06T09:25:44.785+0000] {processor.py:186} INFO - Started process (PID=4256) to work on /opt/airflow/dags/music_ingestion_dag.py
[2026-03-06T09:25:44.787+0000] {processor.py:914} INFO - Processing file /opt/airflow/dags/music_ingestion_dag.py for tasks to queue
[2026-03-06T09:25:44.792+0000] {logging_mixin.py:190} INFO - [2026-03-06T09:25:44.792+0000] {dagbag.py:588} INFO - Filling up the DagBag from /opt/airflow/dags/music_ingestion_dag.py
[2026-03-06T09:25:44.864+0000] {processor.py:925} INFO - DAG(s) '01_music_ingestion_realtime' retrieved from /opt/airflow/dags/music_ingestion_dag.py
[2026-03-06T09:25:44.928+0000] {logging_mixin.py:190} INFO - [2026-03-06T09:25:44.927+0000] {dag.py:3239} INFO - Sync 1 DAGs
[2026-03-06T09:25:44.975+0000] {logging_mixin.py:190} INFO - [2026-03-06T09:25:44.975+0000] {dag.py:4180} INFO - Setting next_dagrun for 01_music_ingestion_realtime to 2026-03-06 08:00:00+00:00, run_after=2026-03-06 09:00:00+00:00
[2026-03-06T09:25:45.018+0000] {processor.py:208} INFO - Processing /opt/airflow/dags/music_ingestion_dag.py took 0.241 seconds
[2026-03-06T09:26:15.559+0000] {processor.py:186} INFO - Started process (PID=4266) to work on /opt/airflow/dags/music_ingestion_dag.py
[2026-03-06T09:26:15.561+0000] {processor.py:914} INFO - Processing file /opt/airflow/dags/music_ingestion_dag.py for tasks to queue
[2026-03-06T09:26:15.565+0000] {logging_mixin.py:190} INFO - [2026-03-06T09:26:15.565+0000] {dagbag.py:588} INFO - Filling up the DagBag from /opt/airflow/dags/music_ingestion_dag.py
[2026-03-06T09:26:15.625+0000] {processor.py:925} INFO - DAG(s) '01_music_ingestion_realtime' retrieved from /opt/airflow/dags/music_ingestion_dag.py
[2026-03-06T09:26:15.676+0000] {logging_mixin.py:190} INFO - [2026-03-06T09:26:15.676+0000] {dag.py:3239} INFO - Sync 1 DAGs
[2026-03-06T09:26:15.732+0000] {logging_mixin.py:190} INFO - [2026-03-06T09:26:15.732+0000] {dag.py:4180} INFO - Setting next_dagrun for 01_music_ingestion_realtime to 2026-03-06 08:00:00+00:00, run_after=2026-03-06 09:00:00+00:00
[2026-03-06T09:26:15.772+0000] {processor.py:208} INFO - Processing /opt/airflow/dags/music_ingestion_dag.py took 0.235 seconds
[2026-03-06T09:26:46.160+0000] {processor.py:186} INFO - Started process (PID=4276) to work on /opt/airflow/dags/music_ingestion_dag.py
[2026-03-06T09:26:46.163+0000] {processor.py:914} INFO - Processing file /opt/airflow/dags/music_ingestion_dag.py for tasks to queue
[2026-03-06T09:26:46.178+0000] {logging_mixin.py:190} INFO - [2026-03-06T09:26:46.169+0000] {dagbag.py:588} INFO - Filling up the DagBag from /opt/airflow/dags/music_ingestion_dag.py
[2026-03-06T09:26:46.410+0000] {processor.py:925} INFO - DAG(s) '01_music_ingestion_realtime' retrieved from /opt/airflow/dags/music_ingestion_dag.py
[2026-03-06T09:26:46.812+0000] {logging_mixin.py:190} INFO - [2026-03-06T09:26:46.812+0000] {dag.py:3239} INFO - Sync 1 DAGs
[2026-03-06T09:26:46.998+0000] {logging_mixin.py:190} INFO - [2026-03-06T09:26:46.997+0000] {dag.py:4180} INFO - Setting next_dagrun for 01_music_ingestion_realtime to 2026-03-06 08:00:00+00:00, run_after=2026-03-06 09:00:00+00:00
[2026-03-06T09:26:47.156+0000] {processor.py:208} INFO - Processing /opt/airflow/dags/music_ingestion_dag.py took 1.075 seconds
[2026-03-06T09:27:17.502+0000] {processor.py:186} INFO - Started process (PID=4286) to work on /opt/airflow/dags/music_ingestion_dag.py
[2026-03-06T09:27:17.504+0000] {processor.py:914} INFO - Processing file /opt/airflow/dags/music_ingestion_dag.py for tasks to queue
[2026-03-06T09:27:17.508+0000] {logging_mixin.py:190} INFO - [2026-03-06T09:27:17.507+0000] {dagbag.py:588} INFO - Filling up the DagBag from /opt/airflow/dags/music_ingestion_dag.py
[2026-03-06T09:27:17.552+0000] {processor.py:925} INFO - DAG(s) '01_music_ingestion_realtime' retrieved from /opt/airflow/dags/music_ingestion_dag.py
[2026-03-06T09:27:17.599+0000] {logging_mixin.py:190} INFO - [2026-03-06T09:27:17.598+0000] {dag.py:3239} INFO - Sync 1 DAGs
[2026-03-06T09:27:17.645+0000] {logging_mixin.py:190} INFO - [2026-03-06T09:27:17.645+0000] {dag.py:4180} INFO - Setting next_dagrun for 01_music_ingestion_realtime to 2026-03-06 08:00:00+00:00, run_after=2026-03-06 09:00:00+00:00
[2026-03-06T09:27:17.684+0000] {processor.py:208} INFO - Processing /opt/airflow/dags/music_ingestion_dag.py took 0.191 seconds
[2026-03-06T09:27:47.974+0000] {processor.py:186} INFO - Started process (PID=4296) to work on /opt/airflow/dags/music_ingestion_dag.py
[2026-03-06T09:27:47.975+0000] {processor.py:914} INFO - Processing file /opt/airflow/dags/music_ingestion_dag.py for tasks to queue
[2026-03-06T09:27:47.977+0000] {logging_mixin.py:190} INFO - [2026-03-06T09:27:47.976+0000] {dagbag.py:588} INFO - Filling up the DagBag from /opt/airflow/dags/music_ingestion_dag.py
[2026-03-06T09:27:48.004+0000] {processor.py:925} INFO - DAG(s) '01_music_ingestion_realtime' retrieved from /opt/airflow/dags/music_ingestion_dag.py
[2026-03-06T09:27:48.047+0000] {logging_mixin.py:190} INFO - [2026-03-06T09:27:48.047+0000] {dag.py:3239} INFO - Sync 1 DAGs
[2026-03-06T09:27:48.090+0000] {logging_mixin.py:190} INFO - [2026-03-06T09:27:48.090+0000] {dag.py:4180} INFO - Setting next_dagrun for 01_music_ingestion_realtime to 2026-03-06 08:00:00+00:00, run_after=2026-03-06 09:00:00+00:00
[2026-03-06T09:27:48.124+0000] {processor.py:208} INFO - Processing /opt/airflow/dags/music_ingestion_dag.py took 0.157 seconds
[2026-03-06T09:28:18.513+0000] {processor.py:186} INFO - Started process (PID=4306) to work on /opt/airflow/dags/music_ingestion_dag.py
[2026-03-06T09:28:18.515+0000] {processor.py:914} INFO - Processing file /opt/airflow/dags/music_ingestion_dag.py for tasks to queue
[2026-03-06T09:28:18.519+0000] {logging_mixin.py:190} INFO - [2026-03-06T09:28:18.518+0000] {dagbag.py:588} INFO - Filling up the DagBag from /opt/airflow/dags/music_ingestion_dag.py
[2026-03-06T09:28:18.564+0000] {processor.py:925} INFO - DAG(s) '01_music_ingestion_realtime' retrieved from /opt/airflow/dags/music_ingestion_dag.py
[2026-03-06T09:28:18.610+0000] {logging_mixin.py:190} INFO - [2026-03-06T09:28:18.610+0000] {dag.py:3239} INFO - Sync 1 DAGs
[2026-03-06T09:28:18.658+0000] {logging_mixin.py:190} INFO - [2026-03-06T09:28:18.658+0000] {dag.py:4180} INFO - Setting next_dagrun for 01_music_ingestion_realtime to 2026-03-06 08:00:00+00:00, run_after=2026-03-06 09:00:00+00:00
[2026-03-06T09:28:18.687+0000] {processor.py:208} INFO - Processing /opt/airflow/dags/music_ingestion_dag.py took 0.180 seconds
[2026-03-06T09:28:49.020+0000] {processor.py:186} INFO - Started process (PID=4316) to work on /opt/airflow/dags/music_ingestion_dag.py
[2026-03-06T09:28:49.022+0000] {processor.py:914} INFO - Processing file /opt/airflow/dags/music_ingestion_dag.py for tasks to queue
[2026-03-06T09:28:49.026+0000] {logging_mixin.py:190} INFO - [2026-03-06T09:28:49.026+0000] {dagbag.py:588} INFO - Filling up the DagBag from /opt/airflow/dags/music_ingestion_dag.py
[2026-03-06T09:28:49.064+0000] {processor.py:925} INFO - DAG(s) '01_music_ingestion_realtime' retrieved from /opt/airflow/dags/music_ingestion_dag.py
[2026-03-06T09:28:49.111+0000] {logging_mixin.py:190} INFO - [2026-03-06T09:28:49.111+0000] {dag.py:3239} INFO - Sync 1 DAGs
[2026-03-06T09:28:49.151+0000] {logging_mixin.py:190} INFO - [2026-03-06T09:28:49.150+0000] {dag.py:4180} INFO - Setting next_dagrun for 01_music_ingestion_realtime to 2026-03-06 08:00:00+00:00, run_after=2026-03-06 09:00:00+00:00
[2026-03-06T09:28:49.185+0000] {processor.py:208} INFO - Processing /opt/airflow/dags/music_ingestion_dag.py took 0.174 seconds
[2026-03-06T09:29:19.536+0000] {processor.py:186} INFO - Started process (PID=4326) to work on /opt/airflow/dags/music_ingestion_dag.py
[2026-03-06T09:29:19.538+0000] {processor.py:914} INFO - Processing file /opt/airflow/dags/music_ingestion_dag.py for tasks to queue
[2026-03-06T09:29:19.542+0000] {logging_mixin.py:190} INFO - [2026-03-06T09:29:19.541+0000] {dagbag.py:588} INFO - Filling up the DagBag from /opt/airflow/dags/music_ingestion_dag.py
[2026-03-06T09:29:19.581+0000] {processor.py:925} INFO - DAG(s) '01_music_ingestion_realtime' retrieved from /opt/airflow/dags/music_ingestion_dag.py
[2026-03-06T09:29:19.629+0000] {logging_mixin.py:190} INFO - [2026-03-06T09:29:19.629+0000] {dag.py:3239} INFO - Sync 1 DAGs
[2026-03-06T09:29:19.671+0000] {logging_mixin.py:190} INFO - [2026-03-06T09:29:19.671+0000] {dag.py:4180} INFO - Setting next_dagrun for 01_music_ingestion_realtime to 2026-03-06 08:00:00+00:00, run_after=2026-03-06 09:00:00+00:00
[2026-03-06T09:29:19.719+0000] {processor.py:208} INFO - Processing /opt/airflow/dags/music_ingestion_dag.py took 0.193 seconds
[2026-03-06T09:29:50.183+0000] {processor.py:186} INFO - Started process (PID=4336) to work on /opt/airflow/dags/music_ingestion_dag.py
[2026-03-06T09:29:50.184+0000] {processor.py:914} INFO - Processing file /opt/airflow/dags/music_ingestion_dag.py for tasks to queue
[2026-03-06T09:29:50.187+0000] {logging_mixin.py:190} INFO - [2026-03-06T09:29:50.186+0000] {dagbag.py:588} INFO - Filling up the DagBag from /opt/airflow/dags/music_ingestion_dag.py
[2026-03-06T09:29:50.223+0000] {processor.py:925} INFO - DAG(s) '01_music_ingestion_realtime' retrieved from /opt/airflow/dags/music_ingestion_dag.py
[2026-03-06T09:29:50.274+0000] {logging_mixin.py:190} INFO - [2026-03-06T09:29:50.274+0000] {dag.py:3239} INFO - Sync 1 DAGs
[2026-03-06T09:29:50.323+0000] {logging_mixin.py:190} INFO - [2026-03-06T09:29:50.323+0000] {dag.py:4180} INFO - Setting next_dagrun for 01_music_ingestion_realtime to 2026-03-06 08:00:00+00:00, run_after=2026-03-06 09:00:00+00:00
[2026-03-06T09:29:50.358+0000] {processor.py:208} INFO - Processing /opt/airflow/dags/music_ingestion_dag.py took 0.183 seconds
[2026-03-06T09:30:20.641+0000] {processor.py:186} INFO - Started process (PID=4346) to work on /opt/airflow/dags/music_ingestion_dag.py
[2026-03-06T09:30:20.643+0000] {processor.py:914} INFO - Processing file /opt/airflow/dags/music_ingestion_dag.py for tasks to queue
[2026-03-06T09:30:20.648+0000] {logging_mixin.py:190} INFO - [2026-03-06T09:30:20.647+0000] {dagbag.py:588} INFO - Filling up the DagBag from /opt/airflow/dags/music_ingestion_dag.py
[2026-03-06T09:30:20.689+0000] {processor.py:925} INFO - DAG(s) '01_music_ingestion_realtime' retrieved from /opt/airflow/dags/music_ingestion_dag.py
[2026-03-06T09:30:20.741+0000] {logging_mixin.py:190} INFO - [2026-03-06T09:30:20.740+0000] {dag.py:3239} INFO - Sync 1 DAGs
[2026-03-06T09:30:20.793+0000] {logging_mixin.py:190} INFO - [2026-03-06T09:30:20.793+0000] {dag.py:4180} INFO - Setting next_dagrun for 01_music_ingestion_realtime to 2026-03-06 08:00:00+00:00, run_after=2026-03-06 09:00:00+00:00
[2026-03-06T09:30:20.831+0000] {processor.py:208} INFO - Processing /opt/airflow/dags/music_ingestion_dag.py took 0.198 seconds
[2026-03-06T09:30:51.317+0000] {processor.py:186} INFO - Started process (PID=4356) to work on /opt/airflow/dags/music_ingestion_dag.py
[2026-03-06T09:30:51.320+0000] {processor.py:914} INFO - Processing file /opt/airflow/dags/music_ingestion_dag.py for tasks to queue
[2026-03-06T09:30:51.324+0000] {logging_mixin.py:190} INFO - [2026-03-06T09:30:51.323+0000] {dagbag.py:588} INFO - Filling up the DagBag from /opt/airflow/dags/music_ingestion_dag.py
[2026-03-06T09:30:51.358+0000] {processor.py:925} INFO - DAG(s) '01_music_ingestion_realtime' retrieved from /opt/airflow/dags/music_ingestion_dag.py
[2026-03-06T09:30:51.400+0000] {logging_mixin.py:190} INFO - [2026-03-06T09:30:51.400+0000] {dag.py:3239} INFO - Sync 1 DAGs
[2026-03-06T09:30:51.439+0000] {logging_mixin.py:190} INFO - [2026-03-06T09:30:51.438+0000] {dag.py:4180} INFO - Setting next_dagrun for 01_music_ingestion_realtime to 2026-03-06 08:00:00+00:00, run_after=2026-03-06 09:00:00+00:00
[2026-03-06T09:30:51.475+0000] {processor.py:208} INFO - Processing /opt/airflow/dags/music_ingestion_dag.py took 0.167 seconds
[2026-03-06T09:31:21.766+0000] {processor.py:186} INFO - Started process (PID=4366) to work on /opt/airflow/dags/music_ingestion_dag.py
[2026-03-06T09:31:21.768+0000] {processor.py:914} INFO - Processing file /opt/airflow/dags/music_ingestion_dag.py for tasks to queue
[2026-03-06T09:31:21.770+0000] {logging_mixin.py:190} INFO - [2026-03-06T09:31:21.770+0000] {dagbag.py:588} INFO - Filling up the DagBag from /opt/airflow/dags/music_ingestion_dag.py
[2026-03-06T09:31:21.812+0000] {processor.py:925} INFO - DAG(s) '01_music_ingestion_realtime' retrieved from /opt/airflow/dags/music_ingestion_dag.py
[2026-03-06T09:31:21.861+0000] {logging_mixin.py:190} INFO - [2026-03-06T09:31:21.860+0000] {dag.py:3239} INFO - Sync 1 DAGs
[2026-03-06T09:31:21.906+0000] {logging_mixin.py:190} INFO - [2026-03-06T09:31:21.906+0000] {dag.py:4180} INFO - Setting next_dagrun for 01_music_ingestion_realtime to 2026-03-06 08:00:00+00:00, run_after=2026-03-06 09:00:00+00:00
[2026-03-06T09:31:21.940+0000] {processor.py:208} INFO - Processing /opt/airflow/dags/music_ingestion_dag.py took 0.186 seconds
[2026-03-06T09:31:52.383+0000] {processor.py:186} INFO - Started process (PID=4376) to work on /opt/airflow/dags/music_ingestion_dag.py
[2026-03-06T09:31:52.384+0000] {processor.py:914} INFO - Processing file /opt/airflow/dags/music_ingestion_dag.py for tasks to queue
[2026-03-06T09:31:52.387+0000] {logging_mixin.py:190} INFO - [2026-03-06T09:31:52.387+0000] {dagbag.py:588} INFO - Filling up the DagBag from /opt/airflow/dags/music_ingestion_dag.py
[2026-03-06T09:31:52.417+0000] {processor.py:925} INFO - DAG(s) '01_music_ingestion_realtime' retrieved from /opt/airflow/dags/music_ingestion_dag.py
[2026-03-06T09:31:52.462+0000] {logging_mixin.py:190} INFO - [2026-03-06T09:31:52.462+0000] {dag.py:3239} INFO - Sync 1 DAGs
[2026-03-06T09:31:52.505+0000] {logging_mixin.py:190} INFO - [2026-03-06T09:31:52.505+0000] {dag.py:4180} INFO - Setting next_dagrun for 01_music_ingestion_realtime to 2026-03-06 08:00:00+00:00, run_after=2026-03-06 09:00:00+00:00
[2026-03-06T09:31:52.802+0000] {processor.py:208} INFO - Processing /opt/airflow/dags/music_ingestion_dag.py took 0.430 seconds
[2026-03-06T09:32:23.282+0000] {processor.py:186} INFO - Started process (PID=4386) to work on /opt/airflow/dags/music_ingestion_dag.py
[2026-03-06T09:32:23.284+0000] {processor.py:914} INFO - Processing file /opt/airflow/dags/music_ingestion_dag.py for tasks to queue
[2026-03-06T09:32:23.286+0000] {logging_mixin.py:190} INFO - [2026-03-06T09:32:23.286+0000] {dagbag.py:588} INFO - Filling up the DagBag from /opt/airflow/dags/music_ingestion_dag.py
[2026-03-06T09:32:23.320+0000] {processor.py:925} INFO - DAG(s) '01_music_ingestion_realtime' retrieved from /opt/airflow/dags/music_ingestion_dag.py
[2026-03-06T09:32:23.362+0000] {logging_mixin.py:190} INFO - [2026-03-06T09:32:23.362+0000] {dag.py:3239} INFO - Sync 1 DAGs
[2026-03-06T09:32:23.402+0000] {logging_mixin.py:190} INFO - [2026-03-06T09:32:23.401+0000] {dag.py:4180} INFO - Setting next_dagrun for 01_music_ingestion_realtime to 2026-03-06 08:00:00+00:00, run_after=2026-03-06 09:00:00+00:00
[2026-03-06T09:32:23.436+0000] {processor.py:208} INFO - Processing /opt/airflow/dags/music_ingestion_dag.py took 0.177 seconds
[2026-03-06T09:32:53.885+0000] {processor.py:186} INFO - Started process (PID=4396) to work on /opt/airflow/dags/music_ingestion_dag.py
[2026-03-06T09:32:53.887+0000] {processor.py:914} INFO - Processing file /opt/airflow/dags/music_ingestion_dag.py for tasks to queue
[2026-03-06T09:32:53.889+0000] {logging_mixin.py:190} INFO - [2026-03-06T09:32:53.889+0000] {dagbag.py:588} INFO - Filling up the DagBag from /opt/airflow/dags/music_ingestion_dag.py
[2026-03-06T09:32:53.928+0000] {processor.py:925} INFO - DAG(s) '01_music_ingestion_realtime' retrieved from /opt/airflow/dags/music_ingestion_dag.py
[2026-03-06T09:32:53.970+0000] {logging_mixin.py:190} INFO - [2026-03-06T09:32:53.969+0000] {dag.py:3239} INFO - Sync 1 DAGs
[2026-03-06T09:32:54.011+0000] {logging_mixin.py:190} INFO - [2026-03-06T09:32:54.011+0000] {dag.py:4180} INFO - Setting next_dagrun for 01_music_ingestion_realtime to 2026-03-06 08:00:00+00:00, run_after=2026-03-06 09:00:00+00:00
[2026-03-06T09:32:54.043+0000] {processor.py:208} INFO - Processing /opt/airflow/dags/music_ingestion_dag.py took 0.166 seconds
[2026-03-06T09:33:24.290+0000] {processor.py:186} INFO - Started process (PID=4406) to work on /opt/airflow/dags/music_ingestion_dag.py
[2026-03-06T09:33:24.291+0000] {processor.py:914} INFO - Processing file /opt/airflow/dags/music_ingestion_dag.py for tasks to queue
[2026-03-06T09:33:24.293+0000] {logging_mixin.py:190} INFO - [2026-03-06T09:33:24.293+0000] {dagbag.py:588} INFO - Filling up the DagBag from /opt/airflow/dags/music_ingestion_dag.py
[2026-03-06T09:33:24.322+0000] {processor.py:925} INFO - DAG(s) '01_music_ingestion_realtime' retrieved from /opt/airflow/dags/music_ingestion_dag.py
[2026-03-06T09:33:24.364+0000] {logging_mixin.py:190} INFO - [2026-03-06T09:33:24.364+0000] {dag.py:3239} INFO - Sync 1 DAGs
[2026-03-06T09:33:24.407+0000] {logging_mixin.py:190} INFO - [2026-03-06T09:33:24.407+0000] {dag.py:4180} INFO - Setting next_dagrun for 01_music_ingestion_realtime to 2026-03-06 08:00:00+00:00, run_after=2026-03-06 09:00:00+00:00
[2026-03-06T09:33:24.447+0000] {processor.py:208} INFO - Processing /opt/airflow/dags/music_ingestion_dag.py took 0.166 seconds
[2026-03-06T09:33:54.865+0000] {processor.py:186} INFO - Started process (PID=4416) to work on /opt/airflow/dags/music_ingestion_dag.py
[2026-03-06T09:33:54.867+0000] {processor.py:914} INFO - Processing file /opt/airflow/dags/music_ingestion_dag.py for tasks to queue
[2026-03-06T09:33:54.869+0000] {logging_mixin.py:190} INFO - [2026-03-06T09:33:54.869+0000] {dagbag.py:588} INFO - Filling up the DagBag from /opt/airflow/dags/music_ingestion_dag.py
[2026-03-06T09:33:54.909+0000] {processor.py:925} INFO - DAG(s) '01_music_ingestion_realtime' retrieved from /opt/airflow/dags/music_ingestion_dag.py
[2026-03-06T09:33:54.957+0000] {logging_mixin.py:190} INFO - [2026-03-06T09:33:54.956+0000] {dag.py:3239} INFO - Sync 1 DAGs
[2026-03-06T09:33:55.002+0000] {logging_mixin.py:190} INFO - [2026-03-06T09:33:55.001+0000] {dag.py:4180} INFO - Setting next_dagrun for 01_music_ingestion_realtime to 2026-03-06 08:00:00+00:00, run_after=2026-03-06 09:00:00+00:00
[2026-03-06T09:33:55.137+0000] {processor.py:208} INFO - Processing /opt/airflow/dags/music_ingestion_dag.py took 0.282 seconds
[2026-03-06T09:34:25.306+0000] {processor.py:186} INFO - Started process (PID=4426) to work on /opt/airflow/dags/music_ingestion_dag.py
[2026-03-06T09:34:25.309+0000] {processor.py:914} INFO - Processing file /opt/airflow/dags/music_ingestion_dag.py for tasks to queue
[2026-03-06T09:34:25.312+0000] {logging_mixin.py:190} INFO - [2026-03-06T09:34:25.311+0000] {dagbag.py:588} INFO - Filling up the DagBag from /opt/airflow/dags/music_ingestion_dag.py
[2026-03-06T09:34:25.347+0000] {processor.py:925} INFO - DAG(s) '01_music_ingestion_realtime' retrieved from /opt/airflow/dags/music_ingestion_dag.py
[2026-03-06T09:34:25.391+0000] {logging_mixin.py:190} INFO - [2026-03-06T09:34:25.391+0000] {dag.py:3239} INFO - Sync 1 DAGs
[2026-03-06T09:34:25.430+0000] {logging_mixin.py:190} INFO - [2026-03-06T09:34:25.430+0000] {dag.py:4180} INFO - Setting next_dagrun for 01_music_ingestion_realtime to 2026-03-06 08:00:00+00:00, run_after=2026-03-06 09:00:00+00:00
[2026-03-06T09:34:25.482+0000] {processor.py:208} INFO - Processing /opt/airflow/dags/music_ingestion_dag.py took 0.193 seconds
[2026-03-06T09:34:55.746+0000] {processor.py:186} INFO - Started process (PID=4436) to work on /opt/airflow/dags/music_ingestion_dag.py
[2026-03-06T09:34:55.748+0000] {processor.py:914} INFO - Processing file /opt/airflow/dags/music_ingestion_dag.py for tasks to queue
[2026-03-06T09:34:55.752+0000] {logging_mixin.py:190} INFO - [2026-03-06T09:34:55.751+0000] {dagbag.py:588} INFO - Filling up the DagBag from /opt/airflow/dags/music_ingestion_dag.py
[2026-03-06T09:34:55.794+0000] {processor.py:925} INFO - DAG(s) '01_music_ingestion_realtime' retrieved from /opt/airflow/dags/music_ingestion_dag.py
[2026-03-06T09:34:55.835+0000] {logging_mixin.py:190} INFO - [2026-03-06T09:34:55.834+0000] {dag.py:3239} INFO - Sync 1 DAGs
[2026-03-06T09:34:55.873+0000] {logging_mixin.py:190} INFO - [2026-03-06T09:34:55.872+0000] {dag.py:4180} INFO - Setting next_dagrun for 01_music_ingestion_realtime to 2026-03-06 08:00:00+00:00, run_after=2026-03-06 09:00:00+00:00
[2026-03-06T09:34:55.901+0000] {processor.py:208} INFO - Processing /opt/airflow/dags/music_ingestion_dag.py took 0.164 seconds
[2026-03-06T09:35:26.781+0000] {processor.py:186} INFO - Started process (PID=4445) to work on /opt/airflow/dags/music_ingestion_dag.py
[2026-03-06T09:35:26.789+0000] {processor.py:914} INFO - Processing file /opt/airflow/dags/music_ingestion_dag.py for tasks to queue
[2026-03-06T09:35:26.795+0000] {logging_mixin.py:190} INFO - [2026-03-06T09:35:26.793+0000] {dagbag.py:588} INFO - Filling up the DagBag from /opt/airflow/dags/music_ingestion_dag.py
[2026-03-06T09:35:26.883+0000] {processor.py:925} INFO - DAG(s) '01_music_ingestion_realtime' retrieved from /opt/airflow/dags/music_ingestion_dag.py
[2026-03-06T09:35:26.985+0000] {logging_mixin.py:190} INFO - [2026-03-06T09:35:26.985+0000] {dag.py:3239} INFO - Sync 1 DAGs
[2026-03-06T09:35:27.054+0000] {logging_mixin.py:190} INFO - [2026-03-06T09:35:27.053+0000] {dag.py:4180} INFO - Setting next_dagrun for 01_music_ingestion_realtime to 2026-03-06 08:00:00+00:00, run_after=2026-03-06 09:00:00+00:00
[2026-03-06T09:35:27.100+0000] {processor.py:208} INFO - Processing /opt/airflow/dags/music_ingestion_dag.py took 0.360 seconds
[2026-03-06T09:35:57.587+0000] {processor.py:186} INFO - Started process (PID=4456) to work on /opt/airflow/dags/music_ingestion_dag.py
[2026-03-06T09:35:57.590+0000] {processor.py:914} INFO - Processing file /opt/airflow/dags/music_ingestion_dag.py for tasks to queue
[2026-03-06T09:35:57.593+0000] {logging_mixin.py:190} INFO - [2026-03-06T09:35:57.591+0000] {dagbag.py:588} INFO - Filling up the DagBag from /opt/airflow/dags/music_ingestion_dag.py
[2026-03-06T09:35:57.637+0000] {processor.py:925} INFO - DAG(s) '01_music_ingestion_realtime' retrieved from /opt/airflow/dags/music_ingestion_dag.py
[2026-03-06T09:35:57.685+0000] {logging_mixin.py:190} INFO - [2026-03-06T09:35:57.685+0000] {dag.py:3239} INFO - Sync 1 DAGs
[2026-03-06T09:35:57.728+0000] {logging_mixin.py:190} INFO - [2026-03-06T09:35:57.727+0000] {dag.py:4180} INFO - Setting next_dagrun for 01_music_ingestion_realtime to 2026-03-06 08:00:00+00:00, run_after=2026-03-06 09:00:00+00:00
[2026-03-06T09:35:57.766+0000] {processor.py:208} INFO - Processing /opt/airflow/dags/music_ingestion_dag.py took 0.188 seconds
[2026-03-06T09:36:28.088+0000] {processor.py:186} INFO - Started process (PID=4466) to work on /opt/airflow/dags/music_ingestion_dag.py
[2026-03-06T09:36:28.090+0000] {processor.py:914} INFO - Processing file /opt/airflow/dags/music_ingestion_dag.py for tasks to queue
[2026-03-06T09:36:28.093+0000] {logging_mixin.py:190} INFO - [2026-03-06T09:36:28.092+0000] {dagbag.py:588} INFO - Filling up the DagBag from /opt/airflow/dags/music_ingestion_dag.py
[2026-03-06T09:36:28.135+0000] {processor.py:925} INFO - DAG(s) '01_music_ingestion_realtime' retrieved from /opt/airflow/dags/music_ingestion_dag.py
[2026-03-06T09:36:28.182+0000] {logging_mixin.py:190} INFO - [2026-03-06T09:36:28.182+0000] {dag.py:3239} INFO - Sync 1 DAGs
[2026-03-06T09:36:28.221+0000] {logging_mixin.py:190} INFO - [2026-03-06T09:36:28.221+0000] {dag.py:4180} INFO - Setting next_dagrun for 01_music_ingestion_realtime to 2026-03-06 08:00:00+00:00, run_after=2026-03-06 09:00:00+00:00
[2026-03-06T09:36:28.259+0000] {processor.py:208} INFO - Processing /opt/airflow/dags/music_ingestion_dag.py took 0.184 seconds
[2026-03-06T09:36:58.589+0000] {processor.py:186} INFO - Started process (PID=4476) to work on /opt/airflow/dags/music_ingestion_dag.py
[2026-03-06T09:36:58.591+0000] {processor.py:914} INFO - Processing file /opt/airflow/dags/music_ingestion_dag.py for tasks to queue
[2026-03-06T09:36:58.594+0000] {logging_mixin.py:190} INFO - [2026-03-06T09:36:58.594+0000] {dagbag.py:588} INFO - Filling up the DagBag from /opt/airflow/dags/music_ingestion_dag.py
[2026-03-06T09:36:58.634+0000] {processor.py:925} INFO - DAG(s) '01_music_ingestion_realtime' retrieved from /opt/airflow/dags/music_ingestion_dag.py
[2026-03-06T09:36:58.673+0000] {logging_mixin.py:190} INFO - [2026-03-06T09:36:58.672+0000] {dag.py:3239} INFO - Sync 1 DAGs
[2026-03-06T09:36:58.716+0000] {logging_mixin.py:190} INFO - [2026-03-06T09:36:58.716+0000] {dag.py:4180} INFO - Setting next_dagrun for 01_music_ingestion_realtime to 2026-03-06 08:00:00+00:00, run_after=2026-03-06 09:00:00+00:00
[2026-03-06T09:36:58.799+0000] {processor.py:208} INFO - Processing /opt/airflow/dags/music_ingestion_dag.py took 0.221 seconds
[2026-03-06T09:37:29.117+0000] {processor.py:186} INFO - Started process (PID=4486) to work on /opt/airflow/dags/music_ingestion_dag.py
[2026-03-06T09:37:29.119+0000] {processor.py:914} INFO - Processing file /opt/airflow/dags/music_ingestion_dag.py for tasks to queue
[2026-03-06T09:37:29.121+0000] {logging_mixin.py:190} INFO - [2026-03-06T09:37:29.120+0000] {dagbag.py:588} INFO - Filling up the DagBag from /opt/airflow/dags/music_ingestion_dag.py
[2026-03-06T09:37:29.164+0000] {processor.py:925} INFO - DAG(s) '01_music_ingestion_realtime' retrieved from /opt/airflow/dags/music_ingestion_dag.py
[2026-03-06T09:37:29.230+0000] {logging_mixin.py:190} INFO - [2026-03-06T09:37:29.229+0000] {dag.py:3239} INFO - Sync 1 DAGs
[2026-03-06T09:37:29.281+0000] {logging_mixin.py:190} INFO - [2026-03-06T09:37:29.280+0000] {dag.py:4180} INFO - Setting next_dagrun for 01_music_ingestion_realtime to 2026-03-06 08:00:00+00:00, run_after=2026-03-06 09:00:00+00:00
[2026-03-06T09:37:29.336+0000] {processor.py:208} INFO - Processing /opt/airflow/dags/music_ingestion_dag.py took 0.231 seconds
[2026-03-06T09:37:59.683+0000] {processor.py:186} INFO - Started process (PID=4496) to work on /opt/airflow/dags/music_ingestion_dag.py
[2026-03-06T09:37:59.685+0000] {processor.py:914} INFO - Processing file /opt/airflow/dags/music_ingestion_dag.py for tasks to queue
[2026-03-06T09:37:59.688+0000] {logging_mixin.py:190} INFO - [2026-03-06T09:37:59.687+0000] {dagbag.py:588} INFO - Filling up the DagBag from /opt/airflow/dags/music_ingestion_dag.py
[2026-03-06T09:37:59.725+0000] {processor.py:925} INFO - DAG(s) '01_music_ingestion_realtime' retrieved from /opt/airflow/dags/music_ingestion_dag.py
[2026-03-06T09:37:59.825+0000] {logging_mixin.py:190} INFO - [2026-03-06T09:37:59.824+0000] {dag.py:3239} INFO - Sync 1 DAGs
[2026-03-06T09:37:59.863+0000] {logging_mixin.py:190} INFO - [2026-03-06T09:37:59.862+0000] {dag.py:4180} INFO - Setting next_dagrun for 01_music_ingestion_realtime to 2026-03-06 08:00:00+00:00, run_after=2026-03-06 09:00:00+00:00
[2026-03-06T09:37:59.895+0000] {processor.py:208} INFO - Processing /opt/airflow/dags/music_ingestion_dag.py took 0.219 seconds
[2026-03-06T09:38:30.369+0000] {processor.py:186} INFO - Started process (PID=4506) to work on /opt/airflow/dags/music_ingestion_dag.py
[2026-03-06T09:38:30.370+0000] {processor.py:914} INFO - Processing file /opt/airflow/dags/music_ingestion_dag.py for tasks to queue
[2026-03-06T09:38:30.373+0000] {logging_mixin.py:190} INFO - [2026-03-06T09:38:30.372+0000] {dagbag.py:588} INFO - Filling up the DagBag from /opt/airflow/dags/music_ingestion_dag.py
[2026-03-06T09:38:30.413+0000] {processor.py:925} INFO - DAG(s) '01_music_ingestion_realtime' retrieved from /opt/airflow/dags/music_ingestion_dag.py
[2026-03-06T09:38:30.458+0000] {logging_mixin.py:190} INFO - [2026-03-06T09:38:30.457+0000] {dag.py:3239} INFO - Sync 1 DAGs
[2026-03-06T09:38:30.497+0000] {logging_mixin.py:190} INFO - [2026-03-06T09:38:30.497+0000] {dag.py:4180} INFO - Setting next_dagrun for 01_music_ingestion_realtime to 2026-03-06 08:00:00+00:00, run_after=2026-03-06 09:00:00+00:00
[2026-03-06T09:38:30.532+0000] {processor.py:208} INFO - Processing /opt/airflow/dags/music_ingestion_dag.py took 0.171 seconds
[2026-03-06T09:39:01.068+0000] {processor.py:186} INFO - Started process (PID=4516) to work on /opt/airflow/dags/music_ingestion_dag.py
[2026-03-06T09:39:01.069+0000] {processor.py:914} INFO - Processing file /opt/airflow/dags/music_ingestion_dag.py for tasks to queue
[2026-03-06T09:39:01.072+0000] {logging_mixin.py:190} INFO - [2026-03-06T09:39:01.071+0000] {dagbag.py:588} INFO - Filling up the DagBag from /opt/airflow/dags/music_ingestion_dag.py
[2026-03-06T09:39:01.123+0000] {processor.py:925} INFO - DAG(s) '01_music_ingestion_realtime' retrieved from /opt/airflow/dags/music_ingestion_dag.py
[2026-03-06T09:39:01.205+0000] {logging_mixin.py:190} INFO - [2026-03-06T09:39:01.205+0000] {dag.py:3239} INFO - Sync 1 DAGs
[2026-03-06T09:39:01.275+0000] {logging_mixin.py:190} INFO - [2026-03-06T09:39:01.275+0000] {dag.py:4180} INFO - Setting next_dagrun for 01_music_ingestion_realtime to 2026-03-06 08:00:00+00:00, run_after=2026-03-06 09:00:00+00:00
[2026-03-06T09:39:01.328+0000] {processor.py:208} INFO - Processing /opt/airflow/dags/music_ingestion_dag.py took 0.271 seconds
[2026-03-06T09:39:31.502+0000] {processor.py:186} INFO - Started process (PID=4526) to work on /opt/airflow/dags/music_ingestion_dag.py
[2026-03-06T09:39:31.505+0000] {processor.py:914} INFO - Processing file /opt/airflow/dags/music_ingestion_dag.py for tasks to queue
[2026-03-06T09:39:31.508+0000] {logging_mixin.py:190} INFO - [2026-03-06T09:39:31.507+0000] {dagbag.py:588} INFO - Filling up the DagBag from /opt/airflow/dags/music_ingestion_dag.py
[2026-03-06T09:39:31.543+0000] {processor.py:925} INFO - DAG(s) '01_music_ingestion_realtime' retrieved from /opt/airflow/dags/music_ingestion_dag.py
[2026-03-06T09:39:31.594+0000] {logging_mixin.py:190} INFO - [2026-03-06T09:39:31.593+0000] {dag.py:3239} INFO - Sync 1 DAGs
[2026-03-06T09:39:31.637+0000] {logging_mixin.py:190} INFO - [2026-03-06T09:39:31.636+0000] {dag.py:4180} INFO - Setting next_dagrun for 01_music_ingestion_realtime to 2026-03-06 08:00:00+00:00, run_after=2026-03-06 09:00:00+00:00
[2026-03-06T09:39:31.672+0000] {processor.py:208} INFO - Processing /opt/airflow/dags/music_ingestion_dag.py took 0.181 seconds
[2026-03-06T09:40:01.911+0000] {processor.py:186} INFO - Started process (PID=4536) to work on /opt/airflow/dags/music_ingestion_dag.py
[2026-03-06T09:40:01.913+0000] {processor.py:914} INFO - Processing file /opt/airflow/dags/music_ingestion_dag.py for tasks to queue
[2026-03-06T09:40:01.920+0000] {logging_mixin.py:190} INFO - [2026-03-06T09:40:01.919+0000] {dagbag.py:588} INFO - Filling up the DagBag from /opt/airflow/dags/music_ingestion_dag.py
[2026-03-06T09:40:01.953+0000] {processor.py:925} INFO - DAG(s) '01_music_ingestion_realtime' retrieved from /opt/airflow/dags/music_ingestion_dag.py
[2026-03-06T09:40:01.999+0000] {logging_mixin.py:190} INFO - [2026-03-06T09:40:01.998+0000] {dag.py:3239} INFO - Sync 1 DAGs
[2026-03-06T09:40:02.039+0000] {logging_mixin.py:190} INFO - [2026-03-06T09:40:02.039+0000] {dag.py:4180} INFO - Setting next_dagrun for 01_music_ingestion_realtime to 2026-03-06 08:00:00+00:00, run_after=2026-03-06 09:00:00+00:00
[2026-03-06T09:40:02.072+0000] {processor.py:208} INFO - Processing /opt/airflow/dags/music_ingestion_dag.py took 0.171 seconds
[2026-03-06T09:40:32.504+0000] {processor.py:186} INFO - Started process (PID=4546) to work on /opt/airflow/dags/music_ingestion_dag.py
[2026-03-06T09:40:32.507+0000] {processor.py:914} INFO - Processing file /opt/airflow/dags/music_ingestion_dag.py for tasks to queue
[2026-03-06T09:40:32.510+0000] {logging_mixin.py:190} INFO - [2026-03-06T09:40:32.509+0000] {dagbag.py:588} INFO - Filling up the DagBag from /opt/airflow/dags/music_ingestion_dag.py
[2026-03-06T09:40:32.548+0000] {processor.py:925} INFO - DAG(s) '01_music_ingestion_realtime' retrieved from /opt/airflow/dags/music_ingestion_dag.py
[2026-03-06T09:40:32.617+0000] {logging_mixin.py:190} INFO - [2026-03-06T09:40:32.617+0000] {dag.py:3239} INFO - Sync 1 DAGs
[2026-03-06T09:40:32.972+0000] {logging_mixin.py:190} INFO - [2026-03-06T09:40:32.971+0000] {dag.py:4180} INFO - Setting next_dagrun for 01_music_ingestion_realtime to 2026-03-06 08:00:00+00:00, run_after=2026-03-06 09:00:00+00:00
[2026-03-06T09:40:33.099+0000] {processor.py:208} INFO - Processing /opt/airflow/dags/music_ingestion_dag.py took 0.609 seconds
[2026-03-06T09:41:03.561+0000] {processor.py:186} INFO - Started process (PID=4556) to work on /opt/airflow/dags/music_ingestion_dag.py
[2026-03-06T09:41:03.564+0000] {processor.py:914} INFO - Processing file /opt/airflow/dags/music_ingestion_dag.py for tasks to queue
[2026-03-06T09:41:03.568+0000] {logging_mixin.py:190} INFO - [2026-03-06T09:41:03.568+0000] {dagbag.py:588} INFO - Filling up the DagBag from /opt/airflow/dags/music_ingestion_dag.py
[2026-03-06T09:41:03.612+0000] {processor.py:925} INFO - DAG(s) '01_music_ingestion_realtime' retrieved from /opt/airflow/dags/music_ingestion_dag.py
[2026-03-06T09:41:03.661+0000] {logging_mixin.py:190} INFO - [2026-03-06T09:41:03.660+0000] {dag.py:3239} INFO - Sync 1 DAGs
[2026-03-06T09:41:03.700+0000] {logging_mixin.py:190} INFO - [2026-03-06T09:41:03.699+0000] {dag.py:4180} INFO - Setting next_dagrun for 01_music_ingestion_realtime to 2026-03-06 08:00:00+00:00, run_after=2026-03-06 09:00:00+00:00
[2026-03-06T09:41:03.738+0000] {processor.py:208} INFO - Processing /opt/airflow/dags/music_ingestion_dag.py took 0.184 seconds
[2026-03-06T09:41:33.998+0000] {processor.py:186} INFO - Started process (PID=4566) to work on /opt/airflow/dags/music_ingestion_dag.py
[2026-03-06T09:41:34.001+0000] {processor.py:914} INFO - Processing file /opt/airflow/dags/music_ingestion_dag.py for tasks to queue
[2026-03-06T09:41:34.003+0000] {logging_mixin.py:190} INFO - [2026-03-06T09:41:34.002+0000] {dagbag.py:588} INFO - Filling up the DagBag from /opt/airflow/dags/music_ingestion_dag.py
[2026-03-06T09:41:34.035+0000] {processor.py:925} INFO - DAG(s) '01_music_ingestion_realtime' retrieved from /opt/airflow/dags/music_ingestion_dag.py
[2026-03-06T09:41:34.088+0000] {logging_mixin.py:190} INFO - [2026-03-06T09:41:34.088+0000] {dag.py:3239} INFO - Sync 1 DAGs
[2026-03-06T09:41:34.234+0000] {logging_mixin.py:190} INFO - [2026-03-06T09:41:34.233+0000] {dag.py:4180} INFO - Setting next_dagrun for 01_music_ingestion_realtime to 2026-03-06 08:00:00+00:00, run_after=2026-03-06 09:00:00+00:00
[2026-03-06T09:41:34.306+0000] {processor.py:208} INFO - Processing /opt/airflow/dags/music_ingestion_dag.py took 0.319 seconds
[2026-03-06T09:42:04.717+0000] {processor.py:186} INFO - Started process (PID=4576) to work on /opt/airflow/dags/music_ingestion_dag.py
[2026-03-06T09:42:04.719+0000] {processor.py:914} INFO - Processing file /opt/airflow/dags/music_ingestion_dag.py for tasks to queue
[2026-03-06T09:42:04.723+0000] {logging_mixin.py:190} INFO - [2026-03-06T09:42:04.721+0000] {dagbag.py:588} INFO - Filling up the DagBag from /opt/airflow/dags/music_ingestion_dag.py
[2026-03-06T09:42:04.761+0000] {processor.py:925} INFO - DAG(s) '01_music_ingestion_realtime' retrieved from /opt/airflow/dags/music_ingestion_dag.py
[2026-03-06T09:42:06.679+0000] {logging_mixin.py:190} INFO - [2026-03-06T09:42:06.679+0000] {dag.py:3239} INFO - Sync 1 DAGs
[2026-03-06T09:42:06.829+0000] {logging_mixin.py:190} INFO - [2026-03-06T09:42:06.829+0000] {dag.py:4180} INFO - Setting next_dagrun for 01_music_ingestion_realtime to 2026-03-06 08:00:00+00:00, run_after=2026-03-06 09:00:00+00:00
[2026-03-06T09:42:06.889+0000] {processor.py:208} INFO - Processing /opt/airflow/dags/music_ingestion_dag.py took 2.189 seconds
[2026-03-06T09:42:37.157+0000] {processor.py:186} INFO - Started process (PID=4586) to work on /opt/airflow/dags/music_ingestion_dag.py
[2026-03-06T09:42:37.159+0000] {processor.py:914} INFO - Processing file /opt/airflow/dags/music_ingestion_dag.py for tasks to queue
[2026-03-06T09:42:37.162+0000] {logging_mixin.py:190} INFO - [2026-03-06T09:42:37.161+0000] {dagbag.py:588} INFO - Filling up the DagBag from /opt/airflow/dags/music_ingestion_dag.py
[2026-03-06T09:42:37.200+0000] {processor.py:925} INFO - DAG(s) '01_music_ingestion_realtime' retrieved from /opt/airflow/dags/music_ingestion_dag.py
[2026-03-06T09:42:37.263+0000] {logging_mixin.py:190} INFO - [2026-03-06T09:42:37.262+0000] {dag.py:3239} INFO - Sync 1 DAGs
[2026-03-06T09:42:37.304+0000] {logging_mixin.py:190} INFO - [2026-03-06T09:42:37.304+0000] {dag.py:4180} INFO - Setting next_dagrun for 01_music_ingestion_realtime to 2026-03-06 08:00:00+00:00, run_after=2026-03-06 09:00:00+00:00
[2026-03-06T09:42:37.339+0000] {processor.py:208} INFO - Processing /opt/airflow/dags/music_ingestion_dag.py took 0.190 seconds
[2026-03-06T09:43:07.713+0000] {processor.py:186} INFO - Started process (PID=4596) to work on /opt/airflow/dags/music_ingestion_dag.py
[2026-03-06T09:43:07.716+0000] {processor.py:914} INFO - Processing file /opt/airflow/dags/music_ingestion_dag.py for tasks to queue
[2026-03-06T09:43:07.719+0000] {logging_mixin.py:190} INFO - [2026-03-06T09:43:07.718+0000] {dagbag.py:588} INFO - Filling up the DagBag from /opt/airflow/dags/music_ingestion_dag.py
[2026-03-06T09:43:07.763+0000] {processor.py:925} INFO - DAG(s) '01_music_ingestion_realtime' retrieved from /opt/airflow/dags/music_ingestion_dag.py
[2026-03-06T09:43:07.821+0000] {logging_mixin.py:190} INFO - [2026-03-06T09:43:07.820+0000] {dag.py:3239} INFO - Sync 1 DAGs
[2026-03-06T09:43:07.864+0000] {logging_mixin.py:190} INFO - [2026-03-06T09:43:07.864+0000] {dag.py:4180} INFO - Setting next_dagrun for 01_music_ingestion_realtime to 2026-03-06 08:00:00+00:00, run_after=2026-03-06 09:00:00+00:00
[2026-03-06T09:43:07.898+0000] {processor.py:208} INFO - Processing /opt/airflow/dags/music_ingestion_dag.py took 0.194 seconds
[2026-03-06T09:43:38.172+0000] {processor.py:186} INFO - Started process (PID=4606) to work on /opt/airflow/dags/music_ingestion_dag.py
[2026-03-06T09:43:38.174+0000] {processor.py:914} INFO - Processing file /opt/airflow/dags/music_ingestion_dag.py for tasks to queue
[2026-03-06T09:43:38.179+0000] {logging_mixin.py:190} INFO - [2026-03-06T09:43:38.178+0000] {dagbag.py:588} INFO - Filling up the DagBag from /opt/airflow/dags/music_ingestion_dag.py
[2026-03-06T09:43:38.220+0000] {processor.py:925} INFO - DAG(s) '01_music_ingestion_realtime' retrieved from /opt/airflow/dags/music_ingestion_dag.py
[2026-03-06T09:43:38.288+0000] {logging_mixin.py:190} INFO - [2026-03-06T09:43:38.287+0000] {dag.py:3239} INFO - Sync 1 DAGs
[2026-03-06T09:43:38.332+0000] {logging_mixin.py:190} INFO - [2026-03-06T09:43:38.332+0000] {dag.py:4180} INFO - Setting next_dagrun for 01_music_ingestion_realtime to 2026-03-06 08:00:00+00:00, run_after=2026-03-06 09:00:00+00:00
[2026-03-06T09:43:38.366+0000] {processor.py:208} INFO - Processing /opt/airflow/dags/music_ingestion_dag.py took 0.204 seconds
[2026-03-06T09:44:08.819+0000] {processor.py:186} INFO - Started process (PID=4616) to work on /opt/airflow/dags/music_ingestion_dag.py
[2026-03-06T09:44:08.821+0000] {processor.py:914} INFO - Processing file /opt/airflow/dags/music_ingestion_dag.py for tasks to queue
[2026-03-06T09:44:08.824+0000] {logging_mixin.py:190} INFO - [2026-03-06T09:44:08.823+0000] {dagbag.py:588} INFO - Filling up the DagBag from /opt/airflow/dags/music_ingestion_dag.py
[2026-03-06T09:44:08.860+0000] {processor.py:925} INFO - DAG(s) '01_music_ingestion_realtime' retrieved from /opt/airflow/dags/music_ingestion_dag.py
[2026-03-06T09:44:08.925+0000] {logging_mixin.py:190} INFO - [2026-03-06T09:44:08.924+0000] {dag.py:3239} INFO - Sync 1 DAGs
[2026-03-06T09:44:08.967+0000] {logging_mixin.py:190} INFO - [2026-03-06T09:44:08.966+0000] {dag.py:4180} INFO - Setting next_dagrun for 01_music_ingestion_realtime to 2026-03-06 08:00:00+00:00, run_after=2026-03-06 09:00:00+00:00
[2026-03-06T09:44:09.001+0000] {processor.py:208} INFO - Processing /opt/airflow/dags/music_ingestion_dag.py took 0.193 seconds
[2026-03-06T09:44:39.266+0000] {processor.py:186} INFO - Started process (PID=4626) to work on /opt/airflow/dags/music_ingestion_dag.py
[2026-03-06T09:44:39.267+0000] {processor.py:914} INFO - Processing file /opt/airflow/dags/music_ingestion_dag.py for tasks to queue
[2026-03-06T09:44:39.270+0000] {logging_mixin.py:190} INFO - [2026-03-06T09:44:39.269+0000] {dagbag.py:588} INFO - Filling up the DagBag from /opt/airflow/dags/music_ingestion_dag.py
[2026-03-06T09:44:39.305+0000] {processor.py:925} INFO - DAG(s) '01_music_ingestion_realtime' retrieved from /opt/airflow/dags/music_ingestion_dag.py
[2026-03-06T09:44:39.367+0000] {logging_mixin.py:190} INFO - [2026-03-06T09:44:39.367+0000] {dag.py:3239} INFO - Sync 1 DAGs
[2026-03-06T09:44:39.409+0000] {logging_mixin.py:190} INFO - [2026-03-06T09:44:39.408+0000] {dag.py:4180} INFO - Setting next_dagrun for 01_music_ingestion_realtime to 2026-03-06 08:00:00+00:00, run_after=2026-03-06 09:00:00+00:00
[2026-03-06T09:44:39.448+0000] {processor.py:208} INFO - Processing /opt/airflow/dags/music_ingestion_dag.py took 0.199 seconds
[2026-03-06T09:45:09.830+0000] {processor.py:186} INFO - Started process (PID=4636) to work on /opt/airflow/dags/music_ingestion_dag.py
[2026-03-06T09:45:09.832+0000] {processor.py:914} INFO - Processing file /opt/airflow/dags/music_ingestion_dag.py for tasks to queue
[2026-03-06T09:45:09.834+0000] {logging_mixin.py:190} INFO - [2026-03-06T09:45:09.833+0000] {dagbag.py:588} INFO - Filling up the DagBag from /opt/airflow/dags/music_ingestion_dag.py
[2026-03-06T09:45:09.874+0000] {processor.py:925} INFO - DAG(s) '01_music_ingestion_realtime' retrieved from /opt/airflow/dags/music_ingestion_dag.py
[2026-03-06T09:45:10.161+0000] {logging_mixin.py:190} INFO - [2026-03-06T09:45:10.160+0000] {dag.py:3239} INFO - Sync 1 DAGs
[2026-03-06T09:45:10.346+0000] {logging_mixin.py:190} INFO - [2026-03-06T09:45:10.345+0000] {dag.py:4180} INFO - Setting next_dagrun for 01_music_ingestion_realtime to 2026-03-06 08:00:00+00:00, run_after=2026-03-06 09:00:00+00:00
[2026-03-06T09:45:10.501+0000] {processor.py:208} INFO - Processing /opt/airflow/dags/music_ingestion_dag.py took 0.691 seconds
[2026-03-06T09:45:40.870+0000] {processor.py:186} INFO - Started process (PID=4646) to work on /opt/airflow/dags/music_ingestion_dag.py
[2026-03-06T09:45:40.872+0000] {processor.py:914} INFO - Processing file /opt/airflow/dags/music_ingestion_dag.py for tasks to queue
[2026-03-06T09:45:40.877+0000] {logging_mixin.py:190} INFO - [2026-03-06T09:45:40.874+0000] {dagbag.py:588} INFO - Filling up the DagBag from /opt/airflow/dags/music_ingestion_dag.py
[2026-03-06T09:45:40.919+0000] {processor.py:925} INFO - DAG(s) '01_music_ingestion_realtime' retrieved from /opt/airflow/dags/music_ingestion_dag.py
[2026-03-06T09:45:40.978+0000] {logging_mixin.py:190} INFO - [2026-03-06T09:45:40.977+0000] {dag.py:3239} INFO - Sync 1 DAGs
[2026-03-06T09:45:41.066+0000] {logging_mixin.py:190} INFO - [2026-03-06T09:45:41.065+0000] {dag.py:4180} INFO - Setting next_dagrun for 01_music_ingestion_realtime to 2026-03-06 08:00:00+00:00, run_after=2026-03-06 09:00:00+00:00
[2026-03-06T09:45:41.135+0000] {processor.py:208} INFO - Processing /opt/airflow/dags/music_ingestion_dag.py took 0.283 seconds
[2026-03-06T09:46:11.336+0000] {processor.py:186} INFO - Started process (PID=4656) to work on /opt/airflow/dags/music_ingestion_dag.py
[2026-03-06T09:46:11.339+0000] {processor.py:914} INFO - Processing file /opt/airflow/dags/music_ingestion_dag.py for tasks to queue
[2026-03-06T09:46:11.341+0000] {logging_mixin.py:190} INFO - [2026-03-06T09:46:11.340+0000] {dagbag.py:588} INFO - Filling up the DagBag from /opt/airflow/dags/music_ingestion_dag.py
[2026-03-06T09:46:11.380+0000] {processor.py:925} INFO - DAG(s) '01_music_ingestion_realtime' retrieved from /opt/airflow/dags/music_ingestion_dag.py
[2026-03-06T09:46:11.448+0000] {logging_mixin.py:190} INFO - [2026-03-06T09:46:11.448+0000] {dag.py:3239} INFO - Sync 1 DAGs
[2026-03-06T09:46:11.490+0000] {logging_mixin.py:190} INFO - [2026-03-06T09:46:11.489+0000] {dag.py:4180} INFO - Setting next_dagrun for 01_music_ingestion_realtime to 2026-03-06 08:00:00+00:00, run_after=2026-03-06 09:00:00+00:00
[2026-03-06T09:46:11.526+0000] {processor.py:208} INFO - Processing /opt/airflow/dags/music_ingestion_dag.py took 0.206 seconds
[2026-03-06T09:46:42.050+0000] {processor.py:186} INFO - Started process (PID=4666) to work on /opt/airflow/dags/music_ingestion_dag.py
[2026-03-06T09:46:42.051+0000] {processor.py:914} INFO - Processing file /opt/airflow/dags/music_ingestion_dag.py for tasks to queue
[2026-03-06T09:46:42.055+0000] {logging_mixin.py:190} INFO - [2026-03-06T09:46:42.054+0000] {dagbag.py:588} INFO - Filling up the DagBag from /opt/airflow/dags/music_ingestion_dag.py
[2026-03-06T09:46:42.094+0000] {processor.py:925} INFO - DAG(s) '01_music_ingestion_realtime' retrieved from /opt/airflow/dags/music_ingestion_dag.py
[2026-03-06T09:46:42.161+0000] {logging_mixin.py:190} INFO - [2026-03-06T09:46:42.161+0000] {dag.py:3239} INFO - Sync 1 DAGs
[2026-03-06T09:46:42.210+0000] {logging_mixin.py:190} INFO - [2026-03-06T09:46:42.209+0000] {dag.py:4180} INFO - Setting next_dagrun for 01_music_ingestion_realtime to 2026-03-06 08:00:00+00:00, run_after=2026-03-06 09:00:00+00:00
[2026-03-06T09:46:42.248+0000] {processor.py:208} INFO - Processing /opt/airflow/dags/music_ingestion_dag.py took 0.209 seconds
[2026-03-06T09:47:12.488+0000] {processor.py:186} INFO - Started process (PID=4676) to work on /opt/airflow/dags/music_ingestion_dag.py
[2026-03-06T09:47:12.491+0000] {processor.py:914} INFO - Processing file /opt/airflow/dags/music_ingestion_dag.py for tasks to queue
[2026-03-06T09:47:12.493+0000] {logging_mixin.py:190} INFO - [2026-03-06T09:47:12.492+0000] {dagbag.py:588} INFO - Filling up the DagBag from /opt/airflow/dags/music_ingestion_dag.py
[2026-03-06T09:47:12.529+0000] {processor.py:925} INFO - DAG(s) '01_music_ingestion_realtime' retrieved from /opt/airflow/dags/music_ingestion_dag.py
[2026-03-06T09:47:12.590+0000] {logging_mixin.py:190} INFO - [2026-03-06T09:47:12.589+0000] {dag.py:3239} INFO - Sync 1 DAGs
[2026-03-06T09:47:12.633+0000] {logging_mixin.py:190} INFO - [2026-03-06T09:47:12.632+0000] {dag.py:4180} INFO - Setting next_dagrun for 01_music_ingestion_realtime to 2026-03-06 08:00:00+00:00, run_after=2026-03-06 09:00:00+00:00
[2026-03-06T09:47:12.668+0000] {processor.py:208} INFO - Processing /opt/airflow/dags/music_ingestion_dag.py took 0.192 seconds
[2026-03-06T09:47:43.114+0000] {processor.py:186} INFO - Started process (PID=4686) to work on /opt/airflow/dags/music_ingestion_dag.py
[2026-03-06T09:47:43.115+0000] {processor.py:914} INFO - Processing file /opt/airflow/dags/music_ingestion_dag.py for tasks to queue
[2026-03-06T09:47:43.117+0000] {logging_mixin.py:190} INFO - [2026-03-06T09:47:43.117+0000] {dagbag.py:588} INFO - Filling up the DagBag from /opt/airflow/dags/music_ingestion_dag.py
[2026-03-06T09:47:43.168+0000] {processor.py:925} INFO - DAG(s) '01_music_ingestion_realtime' retrieved from /opt/airflow/dags/music_ingestion_dag.py
[2026-03-06T09:47:43.209+0000] {logging_mixin.py:190} INFO - [2026-03-06T09:47:43.209+0000] {dag.py:3239} INFO - Sync 1 DAGs
[2026-03-06T09:47:43.250+0000] {logging_mixin.py:190} INFO - [2026-03-06T09:47:43.250+0000] {dag.py:4180} INFO - Setting next_dagrun for 01_music_ingestion_realtime to 2026-03-06 08:00:00+00:00, run_after=2026-03-06 09:00:00+00:00
[2026-03-06T09:47:43.285+0000] {processor.py:208} INFO - Processing /opt/airflow/dags/music_ingestion_dag.py took 0.181 seconds
[2026-03-06T09:48:13.569+0000] {processor.py:186} INFO - Started process (PID=4696) to work on /opt/airflow/dags/music_ingestion_dag.py
[2026-03-06T09:48:13.571+0000] {processor.py:914} INFO - Processing file /opt/airflow/dags/music_ingestion_dag.py for tasks to queue
[2026-03-06T09:48:13.574+0000] {logging_mixin.py:190} INFO - [2026-03-06T09:48:13.573+0000] {dagbag.py:588} INFO - Filling up the DagBag from /opt/airflow/dags/music_ingestion_dag.py
[2026-03-06T09:48:13.650+0000] {processor.py:925} INFO - DAG(s) '01_music_ingestion_realtime' retrieved from /opt/airflow/dags/music_ingestion_dag.py
[2026-03-06T09:48:13.697+0000] {logging_mixin.py:190} INFO - [2026-03-06T09:48:13.697+0000] {dag.py:3239} INFO - Sync 1 DAGs
[2026-03-06T09:48:13.737+0000] {logging_mixin.py:190} INFO - [2026-03-06T09:48:13.736+0000] {dag.py:4180} INFO - Setting next_dagrun for 01_music_ingestion_realtime to 2026-03-06 08:00:00+00:00, run_after=2026-03-06 09:00:00+00:00
[2026-03-06T09:48:13.769+0000] {processor.py:208} INFO - Processing /opt/airflow/dags/music_ingestion_dag.py took 0.209 seconds
[2026-03-06T09:48:44.168+0000] {processor.py:186} INFO - Started process (PID=4706) to work on /opt/airflow/dags/music_ingestion_dag.py
[2026-03-06T09:48:44.170+0000] {processor.py:914} INFO - Processing file /opt/airflow/dags/music_ingestion_dag.py for tasks to queue
[2026-03-06T09:48:44.172+0000] {logging_mixin.py:190} INFO - [2026-03-06T09:48:44.171+0000] {dagbag.py:588} INFO - Filling up the DagBag from /opt/airflow/dags/music_ingestion_dag.py
[2026-03-06T09:48:44.246+0000] {processor.py:925} INFO - DAG(s) '01_music_ingestion_realtime' retrieved from /opt/airflow/dags/music_ingestion_dag.py
[2026-03-06T09:48:44.289+0000] {logging_mixin.py:190} INFO - [2026-03-06T09:48:44.289+0000] {dag.py:3239} INFO - Sync 1 DAGs
[2026-03-06T09:48:44.343+0000] {logging_mixin.py:190} INFO - [2026-03-06T09:48:44.343+0000] {dag.py:4180} INFO - Setting next_dagrun for 01_music_ingestion_realtime to 2026-03-06 08:00:00+00:00, run_after=2026-03-06 09:00:00+00:00
[2026-03-06T09:48:44.375+0000] {processor.py:208} INFO - Processing /opt/airflow/dags/music_ingestion_dag.py took 0.219 seconds
[2026-03-06T09:49:14.612+0000] {processor.py:186} INFO - Started process (PID=4716) to work on /opt/airflow/dags/music_ingestion_dag.py
[2026-03-06T09:49:14.614+0000] {processor.py:914} INFO - Processing file /opt/airflow/dags/music_ingestion_dag.py for tasks to queue
[2026-03-06T09:49:14.615+0000] {logging_mixin.py:190} INFO - [2026-03-06T09:49:14.615+0000] {dagbag.py:588} INFO - Filling up the DagBag from /opt/airflow/dags/music_ingestion_dag.py
[2026-03-06T09:49:14.673+0000] {processor.py:925} INFO - DAG(s) '01_music_ingestion_realtime' retrieved from /opt/airflow/dags/music_ingestion_dag.py
[2026-03-06T09:49:14.713+0000] {logging_mixin.py:190} INFO - [2026-03-06T09:49:14.713+0000] {dag.py:3239} INFO - Sync 1 DAGs
[2026-03-06T09:49:14.755+0000] {logging_mixin.py:190} INFO - [2026-03-06T09:49:14.755+0000] {dag.py:4180} INFO - Setting next_dagrun for 01_music_ingestion_realtime to 2026-03-06 08:00:00+00:00, run_after=2026-03-06 09:00:00+00:00
[2026-03-06T09:49:14.790+0000] {processor.py:208} INFO - Processing /opt/airflow/dags/music_ingestion_dag.py took 0.190 seconds
[2026-03-06T09:49:45.261+0000] {processor.py:186} INFO - Started process (PID=4726) to work on /opt/airflow/dags/music_ingestion_dag.py
[2026-03-06T09:49:45.263+0000] {processor.py:914} INFO - Processing file /opt/airflow/dags/music_ingestion_dag.py for tasks to queue
[2026-03-06T09:49:45.266+0000] {logging_mixin.py:190} INFO - [2026-03-06T09:49:45.265+0000] {dagbag.py:588} INFO - Filling up the DagBag from /opt/airflow/dags/music_ingestion_dag.py
[2026-03-06T09:49:45.305+0000] {processor.py:925} INFO - DAG(s) '01_music_ingestion_realtime' retrieved from /opt/airflow/dags/music_ingestion_dag.py
[2026-03-06T09:49:45.349+0000] {logging_mixin.py:190} INFO - [2026-03-06T09:49:45.348+0000] {dag.py:3239} INFO - Sync 1 DAGs
[2026-03-06T09:49:45.389+0000] {logging_mixin.py:190} INFO - [2026-03-06T09:49:45.388+0000] {dag.py:4180} INFO - Setting next_dagrun for 01_music_ingestion_realtime to 2026-03-06 08:00:00+00:00, run_after=2026-03-06 09:00:00+00:00
[2026-03-06T09:49:45.422+0000] {processor.py:208} INFO - Processing /opt/airflow/dags/music_ingestion_dag.py took 0.173 seconds
[2026-03-06T09:50:15.865+0000] {processor.py:186} INFO - Started process (PID=4736) to work on /opt/airflow/dags/music_ingestion_dag.py
[2026-03-06T09:50:15.867+0000] {processor.py:914} INFO - Processing file /opt/airflow/dags/music_ingestion_dag.py for tasks to queue
[2026-03-06T09:50:15.870+0000] {logging_mixin.py:190} INFO - [2026-03-06T09:50:15.869+0000] {dagbag.py:588} INFO - Filling up the DagBag from /opt/airflow/dags/music_ingestion_dag.py
[2026-03-06T09:50:15.911+0000] {processor.py:925} INFO - DAG(s) '01_music_ingestion_realtime' retrieved from /opt/airflow/dags/music_ingestion_dag.py
[2026-03-06T09:50:15.956+0000] {logging_mixin.py:190} INFO - [2026-03-06T09:50:15.956+0000] {dag.py:3239} INFO - Sync 1 DAGs
[2026-03-06T09:50:15.999+0000] {logging_mixin.py:190} INFO - [2026-03-06T09:50:15.999+0000] {dag.py:4180} INFO - Setting next_dagrun for 01_music_ingestion_realtime to 2026-03-06 08:00:00+00:00, run_after=2026-03-06 09:00:00+00:00
[2026-03-06T09:50:16.035+0000] {processor.py:208} INFO - Processing /opt/airflow/dags/music_ingestion_dag.py took 0.179 seconds
[2026-03-06T09:50:46.481+0000] {processor.py:186} INFO - Started process (PID=4746) to work on /opt/airflow/dags/music_ingestion_dag.py
[2026-03-06T09:50:46.483+0000] {processor.py:914} INFO - Processing file /opt/airflow/dags/music_ingestion_dag.py for tasks to queue
[2026-03-06T09:50:46.486+0000] {logging_mixin.py:190} INFO - [2026-03-06T09:50:46.485+0000] {dagbag.py:588} INFO - Filling up the DagBag from /opt/airflow/dags/music_ingestion_dag.py
[2026-03-06T09:50:46.518+0000] {processor.py:925} INFO - DAG(s) '01_music_ingestion_realtime' retrieved from /opt/airflow/dags/music_ingestion_dag.py
[2026-03-06T09:50:46.564+0000] {logging_mixin.py:190} INFO - [2026-03-06T09:50:46.564+0000] {dag.py:3239} INFO - Sync 1 DAGs
[2026-03-06T09:50:46.603+0000] {logging_mixin.py:190} INFO - [2026-03-06T09:50:46.602+0000] {dag.py:4180} INFO - Setting next_dagrun for 01_music_ingestion_realtime to 2026-03-06 08:00:00+00:00, run_after=2026-03-06 09:00:00+00:00
[2026-03-06T09:50:46.644+0000] {processor.py:208} INFO - Processing /opt/airflow/dags/music_ingestion_dag.py took 0.171 seconds
[2026-03-06T09:51:16.924+0000] {processor.py:186} INFO - Started process (PID=4756) to work on /opt/airflow/dags/music_ingestion_dag.py
[2026-03-06T09:51:16.925+0000] {processor.py:914} INFO - Processing file /opt/airflow/dags/music_ingestion_dag.py for tasks to queue
[2026-03-06T09:51:16.927+0000] {logging_mixin.py:190} INFO - [2026-03-06T09:51:16.927+0000] {dagbag.py:588} INFO - Filling up the DagBag from /opt/airflow/dags/music_ingestion_dag.py
[2026-03-06T09:51:16.966+0000] {processor.py:925} INFO - DAG(s) '01_music_ingestion_realtime' retrieved from /opt/airflow/dags/music_ingestion_dag.py
[2026-03-06T09:51:17.019+0000] {logging_mixin.py:190} INFO - [2026-03-06T09:51:17.018+0000] {dag.py:3239} INFO - Sync 1 DAGs
[2026-03-06T09:51:17.071+0000] {logging_mixin.py:190} INFO - [2026-03-06T09:51:17.070+0000] {dag.py:4180} INFO - Setting next_dagrun for 01_music_ingestion_realtime to 2026-03-06 08:00:00+00:00, run_after=2026-03-06 09:00:00+00:00
[2026-03-06T09:51:17.143+0000] {processor.py:208} INFO - Processing /opt/airflow/dags/music_ingestion_dag.py took 0.230 seconds
[2026-03-06T09:51:47.633+0000] {processor.py:186} INFO - Started process (PID=4766) to work on /opt/airflow/dags/music_ingestion_dag.py
[2026-03-06T09:51:47.635+0000] {processor.py:914} INFO - Processing file /opt/airflow/dags/music_ingestion_dag.py for tasks to queue
[2026-03-06T09:51:47.638+0000] {logging_mixin.py:190} INFO - [2026-03-06T09:51:47.637+0000] {dagbag.py:588} INFO - Filling up the DagBag from /opt/airflow/dags/music_ingestion_dag.py
[2026-03-06T09:51:47.676+0000] {processor.py:925} INFO - DAG(s) '01_music_ingestion_realtime' retrieved from /opt/airflow/dags/music_ingestion_dag.py
[2026-03-06T09:51:47.720+0000] {logging_mixin.py:190} INFO - [2026-03-06T09:51:47.719+0000] {dag.py:3239} INFO - Sync 1 DAGs
[2026-03-06T09:51:47.761+0000] {logging_mixin.py:190} INFO - [2026-03-06T09:51:47.761+0000] {dag.py:4180} INFO - Setting next_dagrun for 01_music_ingestion_realtime to 2026-03-06 08:00:00+00:00, run_after=2026-03-06 09:00:00+00:00
[2026-03-06T09:51:47.794+0000] {processor.py:208} INFO - Processing /opt/airflow/dags/music_ingestion_dag.py took 0.168 seconds
[2026-03-06T09:52:18.065+0000] {processor.py:186} INFO - Started process (PID=4776) to work on /opt/airflow/dags/music_ingestion_dag.py
[2026-03-06T09:52:18.067+0000] {processor.py:914} INFO - Processing file /opt/airflow/dags/music_ingestion_dag.py for tasks to queue
[2026-03-06T09:52:18.070+0000] {logging_mixin.py:190} INFO - [2026-03-06T09:52:18.070+0000] {dagbag.py:588} INFO - Filling up the DagBag from /opt/airflow/dags/music_ingestion_dag.py
[2026-03-06T09:52:18.115+0000] {processor.py:925} INFO - DAG(s) '01_music_ingestion_realtime' retrieved from /opt/airflow/dags/music_ingestion_dag.py
[2026-03-06T09:52:18.160+0000] {logging_mixin.py:190} INFO - [2026-03-06T09:52:18.159+0000] {dag.py:3239} INFO - Sync 1 DAGs
[2026-03-06T09:52:18.206+0000] {logging_mixin.py:190} INFO - [2026-03-06T09:52:18.205+0000] {dag.py:4180} INFO - Setting next_dagrun for 01_music_ingestion_realtime to 2026-03-06 08:00:00+00:00, run_after=2026-03-06 09:00:00+00:00
[2026-03-06T09:52:18.243+0000] {processor.py:208} INFO - Processing /opt/airflow/dags/music_ingestion_dag.py took 0.185 seconds
[2026-03-06T09:52:48.696+0000] {processor.py:186} INFO - Started process (PID=4786) to work on /opt/airflow/dags/music_ingestion_dag.py
[2026-03-06T09:52:48.698+0000] {processor.py:914} INFO - Processing file /opt/airflow/dags/music_ingestion_dag.py for tasks to queue
[2026-03-06T09:52:48.700+0000] {logging_mixin.py:190} INFO - [2026-03-06T09:52:48.700+0000] {dagbag.py:588} INFO - Filling up the DagBag from /opt/airflow/dags/music_ingestion_dag.py
[2026-03-06T09:52:48.739+0000] {processor.py:925} INFO - DAG(s) '01_music_ingestion_realtime' retrieved from /opt/airflow/dags/music_ingestion_dag.py
[2026-03-06T09:52:48.780+0000] {logging_mixin.py:190} INFO - [2026-03-06T09:52:48.780+0000] {dag.py:3239} INFO - Sync 1 DAGs
[2026-03-06T09:52:48.814+0000] {logging_mixin.py:190} INFO - [2026-03-06T09:52:48.814+0000] {dag.py:4180} INFO - Setting next_dagrun for 01_music_ingestion_realtime to 2026-03-06 08:00:00+00:00, run_after=2026-03-06 09:00:00+00:00
[2026-03-06T09:52:48.856+0000] {processor.py:208} INFO - Processing /opt/airflow/dags/music_ingestion_dag.py took 0.170 seconds
[2026-03-06T09:53:19.116+0000] {processor.py:186} INFO - Started process (PID=4796) to work on /opt/airflow/dags/music_ingestion_dag.py
[2026-03-06T09:53:19.118+0000] {processor.py:914} INFO - Processing file /opt/airflow/dags/music_ingestion_dag.py for tasks to queue
[2026-03-06T09:53:19.119+0000] {logging_mixin.py:190} INFO - [2026-03-06T09:53:19.119+0000] {dagbag.py:588} INFO - Filling up the DagBag from /opt/airflow/dags/music_ingestion_dag.py
[2026-03-06T09:53:19.155+0000] {processor.py:925} INFO - DAG(s) '01_music_ingestion_realtime' retrieved from /opt/airflow/dags/music_ingestion_dag.py
[2026-03-06T09:53:19.203+0000] {logging_mixin.py:190} INFO - [2026-03-06T09:53:19.203+0000] {dag.py:3239} INFO - Sync 1 DAGs
[2026-03-06T09:53:19.245+0000] {logging_mixin.py:190} INFO - [2026-03-06T09:53:19.244+0000] {dag.py:4180} INFO - Setting next_dagrun for 01_music_ingestion_realtime to 2026-03-06 08:00:00+00:00, run_after=2026-03-06 09:00:00+00:00
[2026-03-06T09:53:19.284+0000] {processor.py:208} INFO - Processing /opt/airflow/dags/music_ingestion_dag.py took 0.176 seconds
[2026-03-06T09:53:49.728+0000] {processor.py:186} INFO - Started process (PID=4806) to work on /opt/airflow/dags/music_ingestion_dag.py
[2026-03-06T09:53:49.729+0000] {processor.py:914} INFO - Processing file /opt/airflow/dags/music_ingestion_dag.py for tasks to queue
[2026-03-06T09:53:49.733+0000] {logging_mixin.py:190} INFO - [2026-03-06T09:53:49.732+0000] {dagbag.py:588} INFO - Filling up the DagBag from /opt/airflow/dags/music_ingestion_dag.py
[2026-03-06T09:53:49.769+0000] {processor.py:925} INFO - DAG(s) '01_music_ingestion_realtime' retrieved from /opt/airflow/dags/music_ingestion_dag.py
[2026-03-06T09:53:49.822+0000] {logging_mixin.py:190} INFO - [2026-03-06T09:53:49.822+0000] {dag.py:3239} INFO - Sync 1 DAGs
[2026-03-06T09:53:49.864+0000] {logging_mixin.py:190} INFO - [2026-03-06T09:53:49.864+0000] {dag.py:4180} INFO - Setting next_dagrun for 01_music_ingestion_realtime to 2026-03-06 08:00:00+00:00, run_after=2026-03-06 09:00:00+00:00
[2026-03-06T09:53:49.898+0000] {processor.py:208} INFO - Processing /opt/airflow/dags/music_ingestion_dag.py took 0.179 seconds
[2026-03-06T09:54:20.436+0000] {processor.py:186} INFO - Started process (PID=4816) to work on /opt/airflow/dags/music_ingestion_dag.py
[2026-03-06T09:54:20.438+0000] {processor.py:914} INFO - Processing file /opt/airflow/dags/music_ingestion_dag.py for tasks to queue
[2026-03-06T09:54:20.440+0000] {logging_mixin.py:190} INFO - [2026-03-06T09:54:20.439+0000] {dagbag.py:588} INFO - Filling up the DagBag from /opt/airflow/dags/music_ingestion_dag.py
[2026-03-06T09:54:20.464+0000] {processor.py:925} INFO - DAG(s) '01_music_ingestion_realtime' retrieved from /opt/airflow/dags/music_ingestion_dag.py
[2026-03-06T09:54:20.504+0000] {logging_mixin.py:190} INFO - [2026-03-06T09:54:20.504+0000] {dag.py:3239} INFO - Sync 1 DAGs
[2026-03-06T09:54:20.541+0000] {logging_mixin.py:190} INFO - [2026-03-06T09:54:20.541+0000] {dag.py:4180} INFO - Setting next_dagrun for 01_music_ingestion_realtime to 2026-03-06 08:00:00+00:00, run_after=2026-03-06 09:00:00+00:00
[2026-03-06T09:54:20.574+0000] {processor.py:208} INFO - Processing /opt/airflow/dags/music_ingestion_dag.py took 0.145 seconds
[2026-03-06T09:54:50.880+0000] {processor.py:186} INFO - Started process (PID=4826) to work on /opt/airflow/dags/music_ingestion_dag.py
[2026-03-06T09:54:50.882+0000] {processor.py:914} INFO - Processing file /opt/airflow/dags/music_ingestion_dag.py for tasks to queue
[2026-03-06T09:54:50.884+0000] {logging_mixin.py:190} INFO - [2026-03-06T09:54:50.883+0000] {dagbag.py:588} INFO - Filling up the DagBag from /opt/airflow/dags/music_ingestion_dag.py
[2026-03-06T09:54:50.914+0000] {processor.py:925} INFO - DAG(s) '01_music_ingestion_realtime' retrieved from /opt/airflow/dags/music_ingestion_dag.py
[2026-03-06T09:54:50.958+0000] {logging_mixin.py:190} INFO - [2026-03-06T09:54:50.957+0000] {dag.py:3239} INFO - Sync 1 DAGs
[2026-03-06T09:54:51.003+0000] {logging_mixin.py:190} INFO - [2026-03-06T09:54:51.003+0000] {dag.py:4180} INFO - Setting next_dagrun for 01_music_ingestion_realtime to 2026-03-06 08:00:00+00:00, run_after=2026-03-06 09:00:00+00:00
[2026-03-06T09:54:51.041+0000] {processor.py:208} INFO - Processing /opt/airflow/dags/music_ingestion_dag.py took 0.170 seconds
[2026-03-06T09:55:21.502+0000] {processor.py:186} INFO - Started process (PID=4836) to work on /opt/airflow/dags/music_ingestion_dag.py
[2026-03-06T09:55:21.505+0000] {processor.py:914} INFO - Processing file /opt/airflow/dags/music_ingestion_dag.py for tasks to queue
[2026-03-06T09:55:21.508+0000] {logging_mixin.py:190} INFO - [2026-03-06T09:55:21.507+0000] {dagbag.py:588} INFO - Filling up the DagBag from /opt/airflow/dags/music_ingestion_dag.py
[2026-03-06T09:55:21.538+0000] {processor.py:925} INFO - DAG(s) '01_music_ingestion_realtime' retrieved from /opt/airflow/dags/music_ingestion_dag.py
[2026-03-06T09:55:21.587+0000] {logging_mixin.py:190} INFO - [2026-03-06T09:55:21.587+0000] {dag.py:3239} INFO - Sync 1 DAGs
[2026-03-06T09:55:21.628+0000] {logging_mixin.py:190} INFO - [2026-03-06T09:55:21.628+0000] {dag.py:4180} INFO - Setting next_dagrun for 01_music_ingestion_realtime to 2026-03-06 08:00:00+00:00, run_after=2026-03-06 09:00:00+00:00
[2026-03-06T09:55:21.667+0000] {processor.py:208} INFO - Processing /opt/airflow/dags/music_ingestion_dag.py took 0.173 seconds
[2026-03-06T09:55:52.143+0000] {processor.py:186} INFO - Started process (PID=4846) to work on /opt/airflow/dags/music_ingestion_dag.py
[2026-03-06T09:55:52.145+0000] {processor.py:914} INFO - Processing file /opt/airflow/dags/music_ingestion_dag.py for tasks to queue
[2026-03-06T09:55:52.148+0000] {logging_mixin.py:190} INFO - [2026-03-06T09:55:52.147+0000] {dagbag.py:588} INFO - Filling up the DagBag from /opt/airflow/dags/music_ingestion_dag.py
[2026-03-06T09:55:52.189+0000] {processor.py:925} INFO - DAG(s) '01_music_ingestion_realtime' retrieved from /opt/airflow/dags/music_ingestion_dag.py
[2026-03-06T09:55:52.238+0000] {logging_mixin.py:190} INFO - [2026-03-06T09:55:52.237+0000] {dag.py:3239} INFO - Sync 1 DAGs
[2026-03-06T09:55:52.298+0000] {logging_mixin.py:190} INFO - [2026-03-06T09:55:52.297+0000] {dag.py:4180} INFO - Setting next_dagrun for 01_music_ingestion_realtime to 2026-03-06 08:00:00+00:00, run_after=2026-03-06 09:00:00+00:00
[2026-03-06T09:55:52.360+0000] {processor.py:208} INFO - Processing /opt/airflow/dags/music_ingestion_dag.py took 0.230 seconds
[2026-03-06T09:56:22.552+0000] {processor.py:186} INFO - Started process (PID=4856) to work on /opt/airflow/dags/music_ingestion_dag.py
[2026-03-06T09:56:22.555+0000] {processor.py:914} INFO - Processing file /opt/airflow/dags/music_ingestion_dag.py for tasks to queue
[2026-03-06T09:56:22.557+0000] {logging_mixin.py:190} INFO - [2026-03-06T09:56:22.557+0000] {dagbag.py:588} INFO - Filling up the DagBag from /opt/airflow/dags/music_ingestion_dag.py
[2026-03-06T09:56:22.594+0000] {processor.py:925} INFO - DAG(s) '01_music_ingestion_realtime' retrieved from /opt/airflow/dags/music_ingestion_dag.py
[2026-03-06T09:56:22.645+0000] {logging_mixin.py:190} INFO - [2026-03-06T09:56:22.645+0000] {dag.py:3239} INFO - Sync 1 DAGs
[2026-03-06T09:56:22.686+0000] {logging_mixin.py:190} INFO - [2026-03-06T09:56:22.686+0000] {dag.py:4180} INFO - Setting next_dagrun for 01_music_ingestion_realtime to 2026-03-06 08:00:00+00:00, run_after=2026-03-06 09:00:00+00:00
[2026-03-06T09:56:22.719+0000] {processor.py:208} INFO - Processing /opt/airflow/dags/music_ingestion_dag.py took 0.181 seconds
[2026-03-06T09:56:53.248+0000] {processor.py:186} INFO - Started process (PID=4866) to work on /opt/airflow/dags/music_ingestion_dag.py
[2026-03-06T09:56:53.250+0000] {processor.py:914} INFO - Processing file /opt/airflow/dags/music_ingestion_dag.py for tasks to queue
[2026-03-06T09:56:53.253+0000] {logging_mixin.py:190} INFO - [2026-03-06T09:56:53.252+0000] {dagbag.py:588} INFO - Filling up the DagBag from /opt/airflow/dags/music_ingestion_dag.py
[2026-03-06T09:56:53.287+0000] {processor.py:925} INFO - DAG(s) '01_music_ingestion_realtime' retrieved from /opt/airflow/dags/music_ingestion_dag.py
[2026-03-06T09:56:53.329+0000] {logging_mixin.py:190} INFO - [2026-03-06T09:56:53.329+0000] {dag.py:3239} INFO - Sync 1 DAGs
[2026-03-06T09:56:53.366+0000] {logging_mixin.py:190} INFO - [2026-03-06T09:56:53.365+0000] {dag.py:4180} INFO - Setting next_dagrun for 01_music_ingestion_realtime to 2026-03-06 08:00:00+00:00, run_after=2026-03-06 09:00:00+00:00
[2026-03-06T09:56:53.405+0000] {processor.py:208} INFO - Processing /opt/airflow/dags/music_ingestion_dag.py took 0.166 seconds
[2026-03-06T09:57:23.674+0000] {processor.py:186} INFO - Started process (PID=4876) to work on /opt/airflow/dags/music_ingestion_dag.py
[2026-03-06T09:57:23.676+0000] {processor.py:914} INFO - Processing file /opt/airflow/dags/music_ingestion_dag.py for tasks to queue
[2026-03-06T09:57:23.679+0000] {logging_mixin.py:190} INFO - [2026-03-06T09:57:23.678+0000] {dagbag.py:588} INFO - Filling up the DagBag from /opt/airflow/dags/music_ingestion_dag.py
[2026-03-06T09:57:23.712+0000] {processor.py:925} INFO - DAG(s) '01_music_ingestion_realtime' retrieved from /opt/airflow/dags/music_ingestion_dag.py
[2026-03-06T09:57:23.755+0000] {logging_mixin.py:190} INFO - [2026-03-06T09:57:23.755+0000] {dag.py:3239} INFO - Sync 1 DAGs
[2026-03-06T09:57:23.793+0000] {logging_mixin.py:190} INFO - [2026-03-06T09:57:23.793+0000] {dag.py:4180} INFO - Setting next_dagrun for 01_music_ingestion_realtime to 2026-03-06 08:00:00+00:00, run_after=2026-03-06 09:00:00+00:00
[2026-03-06T09:57:23.828+0000] {processor.py:208} INFO - Processing /opt/airflow/dags/music_ingestion_dag.py took 0.163 seconds
[2026-03-06T09:57:54.271+0000] {processor.py:186} INFO - Started process (PID=4886) to work on /opt/airflow/dags/music_ingestion_dag.py
[2026-03-06T09:57:54.273+0000] {processor.py:914} INFO - Processing file /opt/airflow/dags/music_ingestion_dag.py for tasks to queue
[2026-03-06T09:57:54.275+0000] {logging_mixin.py:190} INFO - [2026-03-06T09:57:54.274+0000] {dagbag.py:588} INFO - Filling up the DagBag from /opt/airflow/dags/music_ingestion_dag.py
[2026-03-06T09:57:54.333+0000] {processor.py:925} INFO - DAG(s) '01_music_ingestion_realtime' retrieved from /opt/airflow/dags/music_ingestion_dag.py
[2026-03-06T09:57:54.395+0000] {logging_mixin.py:190} INFO - [2026-03-06T09:57:54.395+0000] {dag.py:3239} INFO - Sync 1 DAGs
[2026-03-06T09:57:54.446+0000] {logging_mixin.py:190} INFO - [2026-03-06T09:57:54.446+0000] {dag.py:4180} INFO - Setting next_dagrun for 01_music_ingestion_realtime to 2026-03-06 08:00:00+00:00, run_after=2026-03-06 09:00:00+00:00
[2026-03-06T09:57:54.484+0000] {processor.py:208} INFO - Processing /opt/airflow/dags/music_ingestion_dag.py took 0.227 seconds
[2026-03-06T09:58:24.696+0000] {processor.py:186} INFO - Started process (PID=4896) to work on /opt/airflow/dags/music_ingestion_dag.py
[2026-03-06T09:58:24.698+0000] {processor.py:914} INFO - Processing file /opt/airflow/dags/music_ingestion_dag.py for tasks to queue
[2026-03-06T09:58:24.702+0000] {logging_mixin.py:190} INFO - [2026-03-06T09:58:24.700+0000] {dagbag.py:588} INFO - Filling up the DagBag from /opt/airflow/dags/music_ingestion_dag.py
[2026-03-06T09:58:24.734+0000] {processor.py:925} INFO - DAG(s) '01_music_ingestion_realtime' retrieved from /opt/airflow/dags/music_ingestion_dag.py
[2026-03-06T09:58:24.780+0000] {logging_mixin.py:190} INFO - [2026-03-06T09:58:24.780+0000] {dag.py:3239} INFO - Sync 1 DAGs
[2026-03-06T09:58:24.825+0000] {logging_mixin.py:190} INFO - [2026-03-06T09:58:24.824+0000] {dag.py:4180} INFO - Setting next_dagrun for 01_music_ingestion_realtime to 2026-03-06 08:00:00+00:00, run_after=2026-03-06 09:00:00+00:00
[2026-03-06T09:58:24.862+0000] {processor.py:208} INFO - Processing /opt/airflow/dags/music_ingestion_dag.py took 0.177 seconds
[2026-03-06T09:58:55.774+0000] {processor.py:186} INFO - Started process (PID=4906) to work on /opt/airflow/dags/music_ingestion_dag.py
[2026-03-06T09:58:55.776+0000] {processor.py:914} INFO - Processing file /opt/airflow/dags/music_ingestion_dag.py for tasks to queue
[2026-03-06T09:58:55.778+0000] {logging_mixin.py:190} INFO - [2026-03-06T09:58:55.778+0000] {dagbag.py:588} INFO - Filling up the DagBag from /opt/airflow/dags/music_ingestion_dag.py
[2026-03-06T09:58:55.805+0000] {processor.py:925} INFO - DAG(s) '01_music_ingestion_realtime' retrieved from /opt/airflow/dags/music_ingestion_dag.py
[2026-03-06T09:58:55.850+0000] {logging_mixin.py:190} INFO - [2026-03-06T09:58:55.849+0000] {dag.py:3239} INFO - Sync 1 DAGs
[2026-03-06T09:58:55.889+0000] {logging_mixin.py:190} INFO - [2026-03-06T09:58:55.889+0000] {dag.py:4180} INFO - Setting next_dagrun for 01_music_ingestion_realtime to 2026-03-06 08:00:00+00:00, run_after=2026-03-06 09:00:00+00:00
[2026-03-06T09:58:55.934+0000] {processor.py:208} INFO - Processing /opt/airflow/dags/music_ingestion_dag.py took 0.169 seconds
[2026-03-06T09:59:26.649+0000] {processor.py:186} INFO - Started process (PID=4916) to work on /opt/airflow/dags/music_ingestion_dag.py
[2026-03-06T09:59:26.651+0000] {processor.py:914} INFO - Processing file /opt/airflow/dags/music_ingestion_dag.py for tasks to queue
[2026-03-06T09:59:26.653+0000] {logging_mixin.py:190} INFO - [2026-03-06T09:59:26.653+0000] {dagbag.py:588} INFO - Filling up the DagBag from /opt/airflow/dags/music_ingestion_dag.py
[2026-03-06T09:59:26.684+0000] {processor.py:925} INFO - DAG(s) '01_music_ingestion_realtime' retrieved from /opt/airflow/dags/music_ingestion_dag.py
[2026-03-06T09:59:26.730+0000] {logging_mixin.py:190} INFO - [2026-03-06T09:59:26.730+0000] {dag.py:3239} INFO - Sync 1 DAGs
[2026-03-06T09:59:26.769+0000] {logging_mixin.py:190} INFO - [2026-03-06T09:59:26.768+0000] {dag.py:4180} INFO - Setting next_dagrun for 01_music_ingestion_realtime to 2026-03-06 08:00:00+00:00, run_after=2026-03-06 09:00:00+00:00
[2026-03-06T09:59:26.802+0000] {processor.py:208} INFO - Processing /opt/airflow/dags/music_ingestion_dag.py took 0.164 seconds
[2026-03-06T09:59:57.129+0000] {processor.py:186} INFO - Started process (PID=4926) to work on /opt/airflow/dags/music_ingestion_dag.py
[2026-03-06T09:59:57.131+0000] {processor.py:914} INFO - Processing file /opt/airflow/dags/music_ingestion_dag.py for tasks to queue
[2026-03-06T09:59:57.132+0000] {logging_mixin.py:190} INFO - [2026-03-06T09:59:57.132+0000] {dagbag.py:588} INFO - Filling up the DagBag from /opt/airflow/dags/music_ingestion_dag.py
[2026-03-06T09:59:57.165+0000] {processor.py:925} INFO - DAG(s) '01_music_ingestion_realtime' retrieved from /opt/airflow/dags/music_ingestion_dag.py
[2026-03-06T09:59:57.213+0000] {logging_mixin.py:190} INFO - [2026-03-06T09:59:57.212+0000] {dag.py:3239} INFO - Sync 1 DAGs
[2026-03-06T09:59:57.259+0000] {logging_mixin.py:190} INFO - [2026-03-06T09:59:57.258+0000] {dag.py:4180} INFO - Setting next_dagrun for 01_music_ingestion_realtime to 2026-03-06 08:00:00+00:00, run_after=2026-03-06 09:00:00+00:00
[2026-03-06T09:59:57.301+0000] {processor.py:208} INFO - Processing /opt/airflow/dags/music_ingestion_dag.py took 0.179 seconds
[2026-03-06T10:00:27.691+0000] {processor.py:186} INFO - Started process (PID=4936) to work on /opt/airflow/dags/music_ingestion_dag.py
[2026-03-06T10:00:27.693+0000] {processor.py:914} INFO - Processing file /opt/airflow/dags/music_ingestion_dag.py for tasks to queue
[2026-03-06T10:00:27.695+0000] {logging_mixin.py:190} INFO - [2026-03-06T10:00:27.695+0000] {dagbag.py:588} INFO - Filling up the DagBag from /opt/airflow/dags/music_ingestion_dag.py
[2026-03-06T10:00:27.722+0000] {processor.py:925} INFO - DAG(s) '01_music_ingestion_realtime' retrieved from /opt/airflow/dags/music_ingestion_dag.py
[2026-03-06T10:00:27.774+0000] {logging_mixin.py:190} INFO - [2026-03-06T10:00:27.773+0000] {dag.py:3239} INFO - Sync 1 DAGs
[2026-03-06T10:00:27.813+0000] {logging_mixin.py:190} INFO - [2026-03-06T10:00:27.812+0000] {dag.py:4180} INFO - Setting next_dagrun for 01_music_ingestion_realtime to 2026-03-06 09:00:00+00:00, run_after=2026-03-06 10:00:00+00:00
[2026-03-06T10:00:27.847+0000] {processor.py:208} INFO - Processing /opt/airflow/dags/music_ingestion_dag.py took 0.169 seconds
[2026-03-06T10:00:58.065+0000] {processor.py:186} INFO - Started process (PID=4946) to work on /opt/airflow/dags/music_ingestion_dag.py
[2026-03-06T10:00:58.067+0000] {processor.py:914} INFO - Processing file /opt/airflow/dags/music_ingestion_dag.py for tasks to queue
[2026-03-06T10:00:58.069+0000] {logging_mixin.py:190} INFO - [2026-03-06T10:00:58.068+0000] {dagbag.py:588} INFO - Filling up the DagBag from /opt/airflow/dags/music_ingestion_dag.py
[2026-03-06T10:00:58.093+0000] {processor.py:925} INFO - DAG(s) '01_music_ingestion_realtime' retrieved from /opt/airflow/dags/music_ingestion_dag.py
[2026-03-06T10:00:58.142+0000] {logging_mixin.py:190} INFO - [2026-03-06T10:00:58.141+0000] {dag.py:3239} INFO - Sync 1 DAGs
[2026-03-06T10:00:58.182+0000] {logging_mixin.py:190} INFO - [2026-03-06T10:00:58.182+0000] {dag.py:4180} INFO - Setting next_dagrun for 01_music_ingestion_realtime to 2026-03-06 09:00:00+00:00, run_after=2026-03-06 10:00:00+00:00
[2026-03-06T10:00:58.219+0000] {processor.py:208} INFO - Processing /opt/airflow/dags/music_ingestion_dag.py took 0.163 seconds
[2026-03-06T10:01:28.642+0000] {processor.py:186} INFO - Started process (PID=4956) to work on /opt/airflow/dags/music_ingestion_dag.py
[2026-03-06T10:01:28.644+0000] {processor.py:914} INFO - Processing file /opt/airflow/dags/music_ingestion_dag.py for tasks to queue
[2026-03-06T10:01:28.647+0000] {logging_mixin.py:190} INFO - [2026-03-06T10:01:28.647+0000] {dagbag.py:588} INFO - Filling up the DagBag from /opt/airflow/dags/music_ingestion_dag.py
[2026-03-06T10:01:28.675+0000] {processor.py:925} INFO - DAG(s) '01_music_ingestion_realtime' retrieved from /opt/airflow/dags/music_ingestion_dag.py
[2026-03-06T10:01:28.712+0000] {logging_mixin.py:190} INFO - [2026-03-06T10:01:28.712+0000] {dag.py:3239} INFO - Sync 1 DAGs
[2026-03-06T10:01:28.753+0000] {logging_mixin.py:190} INFO - [2026-03-06T10:01:28.752+0000] {dag.py:4180} INFO - Setting next_dagrun for 01_music_ingestion_realtime to 2026-03-06 09:00:00+00:00, run_after=2026-03-06 10:00:00+00:00
[2026-03-06T10:01:28.803+0000] {processor.py:208} INFO - Processing /opt/airflow/dags/music_ingestion_dag.py took 0.171 seconds
[2026-03-06T10:01:59.172+0000] {processor.py:186} INFO - Started process (PID=4966) to work on /opt/airflow/dags/music_ingestion_dag.py
[2026-03-06T10:01:59.174+0000] {processor.py:914} INFO - Processing file /opt/airflow/dags/music_ingestion_dag.py for tasks to queue
[2026-03-06T10:01:59.178+0000] {logging_mixin.py:190} INFO - [2026-03-06T10:01:59.177+0000] {dagbag.py:588} INFO - Filling up the DagBag from /opt/airflow/dags/music_ingestion_dag.py
[2026-03-06T10:01:59.213+0000] {processor.py:925} INFO - DAG(s) '01_music_ingestion_realtime' retrieved from /opt/airflow/dags/music_ingestion_dag.py
[2026-03-06T10:01:59.263+0000] {logging_mixin.py:190} INFO - [2026-03-06T10:01:59.263+0000] {dag.py:3239} INFO - Sync 1 DAGs
[2026-03-06T10:01:59.309+0000] {logging_mixin.py:190} INFO - [2026-03-06T10:01:59.309+0000] {dag.py:4180} INFO - Setting next_dagrun for 01_music_ingestion_realtime to 2026-03-06 09:00:00+00:00, run_after=2026-03-06 10:00:00+00:00
[2026-03-06T10:01:59.338+0000] {processor.py:208} INFO - Processing /opt/airflow/dags/music_ingestion_dag.py took 0.176 seconds
[2026-03-06T10:02:29.564+0000] {processor.py:186} INFO - Started process (PID=4976) to work on /opt/airflow/dags/music_ingestion_dag.py
[2026-03-06T10:02:29.566+0000] {processor.py:914} INFO - Processing file /opt/airflow/dags/music_ingestion_dag.py for tasks to queue
[2026-03-06T10:02:29.569+0000] {logging_mixin.py:190} INFO - [2026-03-06T10:02:29.568+0000] {dagbag.py:588} INFO - Filling up the DagBag from /opt/airflow/dags/music_ingestion_dag.py
[2026-03-06T10:02:29.612+0000] {processor.py:925} INFO - DAG(s) '01_music_ingestion_realtime' retrieved from /opt/airflow/dags/music_ingestion_dag.py
[2026-03-06T10:02:29.663+0000] {logging_mixin.py:190} INFO - [2026-03-06T10:02:29.663+0000] {dag.py:3239} INFO - Sync 1 DAGs
[2026-03-06T10:02:29.787+0000] {logging_mixin.py:190} INFO - [2026-03-06T10:02:29.786+0000] {dag.py:4180} INFO - Setting next_dagrun for 01_music_ingestion_realtime to 2026-03-06 09:00:00+00:00, run_after=2026-03-06 10:00:00+00:00
[2026-03-06T10:02:29.854+0000] {processor.py:208} INFO - Processing /opt/airflow/dags/music_ingestion_dag.py took 0.303 seconds
[2026-03-06T10:03:00.201+0000] {processor.py:186} INFO - Started process (PID=4986) to work on /opt/airflow/dags/music_ingestion_dag.py
[2026-03-06T10:03:00.203+0000] {processor.py:914} INFO - Processing file /opt/airflow/dags/music_ingestion_dag.py for tasks to queue
[2026-03-06T10:03:00.206+0000] {logging_mixin.py:190} INFO - [2026-03-06T10:03:00.205+0000] {dagbag.py:588} INFO - Filling up the DagBag from /opt/airflow/dags/music_ingestion_dag.py
[2026-03-06T10:03:00.234+0000] {processor.py:925} INFO - DAG(s) '01_music_ingestion_realtime' retrieved from /opt/airflow/dags/music_ingestion_dag.py
[2026-03-06T10:03:00.277+0000] {logging_mixin.py:190} INFO - [2026-03-06T10:03:00.277+0000] {dag.py:3239} INFO - Sync 1 DAGs
[2026-03-06T10:03:00.314+0000] {logging_mixin.py:190} INFO - [2026-03-06T10:03:00.313+0000] {dag.py:4180} INFO - Setting next_dagrun for 01_music_ingestion_realtime to 2026-03-06 09:00:00+00:00, run_after=2026-03-06 10:00:00+00:00
[2026-03-06T10:03:00.350+0000] {processor.py:208} INFO - Processing /opt/airflow/dags/music_ingestion_dag.py took 0.157 seconds
[2026-03-06T10:03:30.568+0000] {processor.py:186} INFO - Started process (PID=4996) to work on /opt/airflow/dags/music_ingestion_dag.py
[2026-03-06T10:03:30.570+0000] {processor.py:914} INFO - Processing file /opt/airflow/dags/music_ingestion_dag.py for tasks to queue
[2026-03-06T10:03:30.572+0000] {logging_mixin.py:190} INFO - [2026-03-06T10:03:30.572+0000] {dagbag.py:588} INFO - Filling up the DagBag from /opt/airflow/dags/music_ingestion_dag.py
[2026-03-06T10:03:30.604+0000] {processor.py:925} INFO - DAG(s) '01_music_ingestion_realtime' retrieved from /opt/airflow/dags/music_ingestion_dag.py
[2026-03-06T10:03:30.657+0000] {logging_mixin.py:190} INFO - [2026-03-06T10:03:30.656+0000] {dag.py:3239} INFO - Sync 1 DAGs
[2026-03-06T10:03:30.695+0000] {logging_mixin.py:190} INFO - [2026-03-06T10:03:30.694+0000] {dag.py:4180} INFO - Setting next_dagrun for 01_music_ingestion_realtime to 2026-03-06 09:00:00+00:00, run_after=2026-03-06 10:00:00+00:00
[2026-03-06T10:03:30.722+0000] {processor.py:208} INFO - Processing /opt/airflow/dags/music_ingestion_dag.py took 0.165 seconds
[2026-03-06T10:04:01.053+0000] {processor.py:186} INFO - Started process (PID=5006) to work on /opt/airflow/dags/music_ingestion_dag.py
[2026-03-06T10:04:01.055+0000] {processor.py:914} INFO - Processing file /opt/airflow/dags/music_ingestion_dag.py for tasks to queue
[2026-03-06T10:04:01.056+0000] {logging_mixin.py:190} INFO - [2026-03-06T10:04:01.056+0000] {dagbag.py:588} INFO - Filling up the DagBag from /opt/airflow/dags/music_ingestion_dag.py
[2026-03-06T10:04:01.082+0000] {processor.py:925} INFO - DAG(s) '01_music_ingestion_realtime' retrieved from /opt/airflow/dags/music_ingestion_dag.py
[2026-03-06T10:04:01.123+0000] {logging_mixin.py:190} INFO - [2026-03-06T10:04:01.123+0000] {dag.py:3239} INFO - Sync 1 DAGs
[2026-03-06T10:04:01.160+0000] {logging_mixin.py:190} INFO - [2026-03-06T10:04:01.159+0000] {dag.py:4180} INFO - Setting next_dagrun for 01_music_ingestion_realtime to 2026-03-06 09:00:00+00:00, run_after=2026-03-06 10:00:00+00:00
[2026-03-06T10:04:01.200+0000] {processor.py:208} INFO - Processing /opt/airflow/dags/music_ingestion_dag.py took 0.154 seconds
[2026-03-06T10:04:31.619+0000] {processor.py:186} INFO - Started process (PID=5016) to work on /opt/airflow/dags/music_ingestion_dag.py
[2026-03-06T10:04:31.621+0000] {processor.py:914} INFO - Processing file /opt/airflow/dags/music_ingestion_dag.py for tasks to queue
[2026-03-06T10:04:31.624+0000] {logging_mixin.py:190} INFO - [2026-03-06T10:04:31.624+0000] {dagbag.py:588} INFO - Filling up the DagBag from /opt/airflow/dags/music_ingestion_dag.py
[2026-03-06T10:04:31.654+0000] {processor.py:925} INFO - DAG(s) '01_music_ingestion_realtime' retrieved from /opt/airflow/dags/music_ingestion_dag.py
[2026-03-06T10:04:31.706+0000] {logging_mixin.py:190} INFO - [2026-03-06T10:04:31.705+0000] {dag.py:3239} INFO - Sync 1 DAGs
[2026-03-06T10:04:31.748+0000] {logging_mixin.py:190} INFO - [2026-03-06T10:04:31.747+0000] {dag.py:4180} INFO - Setting next_dagrun for 01_music_ingestion_realtime to 2026-03-06 09:00:00+00:00, run_after=2026-03-06 10:00:00+00:00
[2026-03-06T10:04:31.784+0000] {processor.py:208} INFO - Processing /opt/airflow/dags/music_ingestion_dag.py took 0.173 seconds
[2026-03-06T10:05:02.004+0000] {processor.py:186} INFO - Started process (PID=5026) to work on /opt/airflow/dags/music_ingestion_dag.py
[2026-03-06T10:05:02.005+0000] {processor.py:914} INFO - Processing file /opt/airflow/dags/music_ingestion_dag.py for tasks to queue
[2026-03-06T10:05:02.007+0000] {logging_mixin.py:190} INFO - [2026-03-06T10:05:02.006+0000] {dagbag.py:588} INFO - Filling up the DagBag from /opt/airflow/dags/music_ingestion_dag.py
[2026-03-06T10:05:02.027+0000] {processor.py:925} INFO - DAG(s) '01_music_ingestion_realtime' retrieved from /opt/airflow/dags/music_ingestion_dag.py
[2026-03-06T10:05:02.070+0000] {logging_mixin.py:190} INFO - [2026-03-06T10:05:02.070+0000] {dag.py:3239} INFO - Sync 1 DAGs
[2026-03-06T10:05:02.104+0000] {logging_mixin.py:190} INFO - [2026-03-06T10:05:02.104+0000] {dag.py:4180} INFO - Setting next_dagrun for 01_music_ingestion_realtime to 2026-03-06 09:00:00+00:00, run_after=2026-03-06 10:00:00+00:00
[2026-03-06T10:05:02.143+0000] {processor.py:208} INFO - Processing /opt/airflow/dags/music_ingestion_dag.py took 0.147 seconds
[2026-03-06T10:05:32.481+0000] {processor.py:186} INFO - Started process (PID=5036) to work on /opt/airflow/dags/music_ingestion_dag.py
[2026-03-06T10:05:32.482+0000] {processor.py:914} INFO - Processing file /opt/airflow/dags/music_ingestion_dag.py for tasks to queue
[2026-03-06T10:05:32.484+0000] {logging_mixin.py:190} INFO - [2026-03-06T10:05:32.484+0000] {dagbag.py:588} INFO - Filling up the DagBag from /opt/airflow/dags/music_ingestion_dag.py
[2026-03-06T10:05:32.503+0000] {processor.py:925} INFO - DAG(s) '01_music_ingestion_realtime' retrieved from /opt/airflow/dags/music_ingestion_dag.py
[2026-03-06T10:05:32.544+0000] {logging_mixin.py:190} INFO - [2026-03-06T10:05:32.544+0000] {dag.py:3239} INFO - Sync 1 DAGs
[2026-03-06T10:05:32.582+0000] {logging_mixin.py:190} INFO - [2026-03-06T10:05:32.582+0000] {dag.py:4180} INFO - Setting next_dagrun for 01_music_ingestion_realtime to 2026-03-06 09:00:00+00:00, run_after=2026-03-06 10:00:00+00:00
[2026-03-06T10:05:32.613+0000] {processor.py:208} INFO - Processing /opt/airflow/dags/music_ingestion_dag.py took 0.141 seconds
[2026-03-06T10:06:02.827+0000] {processor.py:186} INFO - Started process (PID=5046) to work on /opt/airflow/dags/music_ingestion_dag.py
[2026-03-06T10:06:02.829+0000] {processor.py:914} INFO - Processing file /opt/airflow/dags/music_ingestion_dag.py for tasks to queue
[2026-03-06T10:06:02.831+0000] {logging_mixin.py:190} INFO - [2026-03-06T10:06:02.831+0000] {dagbag.py:588} INFO - Filling up the DagBag from /opt/airflow/dags/music_ingestion_dag.py
[2026-03-06T10:06:02.859+0000] {processor.py:925} INFO - DAG(s) '01_music_ingestion_realtime' retrieved from /opt/airflow/dags/music_ingestion_dag.py
[2026-03-06T10:06:02.897+0000] {logging_mixin.py:190} INFO - [2026-03-06T10:06:02.897+0000] {dag.py:3239} INFO - Sync 1 DAGs
[2026-03-06T10:06:02.934+0000] {logging_mixin.py:190} INFO - [2026-03-06T10:06:02.934+0000] {dag.py:4180} INFO - Setting next_dagrun for 01_music_ingestion_realtime to 2026-03-06 09:00:00+00:00, run_after=2026-03-06 10:00:00+00:00
[2026-03-06T10:06:02.963+0000] {processor.py:208} INFO - Processing /opt/airflow/dags/music_ingestion_dag.py took 0.143 seconds
[2026-03-06T10:06:33.392+0000] {processor.py:186} INFO - Started process (PID=5056) to work on /opt/airflow/dags/music_ingestion_dag.py
[2026-03-06T10:06:33.394+0000] {processor.py:914} INFO - Processing file /opt/airflow/dags/music_ingestion_dag.py for tasks to queue
[2026-03-06T10:06:33.396+0000] {logging_mixin.py:190} INFO - [2026-03-06T10:06:33.396+0000] {dagbag.py:588} INFO - Filling up the DagBag from /opt/airflow/dags/music_ingestion_dag.py
[2026-03-06T10:06:33.423+0000] {processor.py:925} INFO - DAG(s) '01_music_ingestion_realtime' retrieved from /opt/airflow/dags/music_ingestion_dag.py
[2026-03-06T10:06:33.472+0000] {logging_mixin.py:190} INFO - [2026-03-06T10:06:33.471+0000] {dag.py:3239} INFO - Sync 1 DAGs
[2026-03-06T10:06:33.514+0000] {logging_mixin.py:190} INFO - [2026-03-06T10:06:33.514+0000] {dag.py:4180} INFO - Setting next_dagrun for 01_music_ingestion_realtime to 2026-03-06 09:00:00+00:00, run_after=2026-03-06 10:00:00+00:00
[2026-03-06T10:06:33.549+0000] {processor.py:208} INFO - Processing /opt/airflow/dags/music_ingestion_dag.py took 0.166 seconds
[2026-03-06T10:07:03.765+0000] {processor.py:186} INFO - Started process (PID=5066) to work on /opt/airflow/dags/music_ingestion_dag.py
[2026-03-06T10:07:03.767+0000] {processor.py:914} INFO - Processing file /opt/airflow/dags/music_ingestion_dag.py for tasks to queue
[2026-03-06T10:07:03.770+0000] {logging_mixin.py:190} INFO - [2026-03-06T10:07:03.769+0000] {dagbag.py:588} INFO - Filling up the DagBag from /opt/airflow/dags/music_ingestion_dag.py
[2026-03-06T10:07:03.798+0000] {processor.py:925} INFO - DAG(s) '01_music_ingestion_realtime' retrieved from /opt/airflow/dags/music_ingestion_dag.py
[2026-03-06T10:07:03.847+0000] {logging_mixin.py:190} INFO - [2026-03-06T10:07:03.847+0000] {dag.py:3239} INFO - Sync 1 DAGs
[2026-03-06T10:07:03.887+0000] {logging_mixin.py:190} INFO - [2026-03-06T10:07:03.887+0000] {dag.py:4180} INFO - Setting next_dagrun for 01_music_ingestion_realtime to 2026-03-06 09:00:00+00:00, run_after=2026-03-06 10:00:00+00:00
[2026-03-06T10:07:03.920+0000] {processor.py:208} INFO - Processing /opt/airflow/dags/music_ingestion_dag.py took 0.165 seconds
[2026-03-06T10:07:34.351+0000] {processor.py:186} INFO - Started process (PID=5076) to work on /opt/airflow/dags/music_ingestion_dag.py
[2026-03-06T10:07:34.353+0000] {processor.py:914} INFO - Processing file /opt/airflow/dags/music_ingestion_dag.py for tasks to queue
[2026-03-06T10:07:34.355+0000] {logging_mixin.py:190} INFO - [2026-03-06T10:07:34.354+0000] {dagbag.py:588} INFO - Filling up the DagBag from /opt/airflow/dags/music_ingestion_dag.py
[2026-03-06T10:07:34.384+0000] {processor.py:925} INFO - DAG(s) '01_music_ingestion_realtime' retrieved from /opt/airflow/dags/music_ingestion_dag.py
[2026-03-06T10:07:34.425+0000] {logging_mixin.py:190} INFO - [2026-03-06T10:07:34.425+0000] {dag.py:3239} INFO - Sync 1 DAGs
[2026-03-06T10:07:34.462+0000] {logging_mixin.py:190} INFO - [2026-03-06T10:07:34.462+0000] {dag.py:4180} INFO - Setting next_dagrun for 01_music_ingestion_realtime to 2026-03-06 09:00:00+00:00, run_after=2026-03-06 10:00:00+00:00
[2026-03-06T10:07:34.500+0000] {processor.py:208} INFO - Processing /opt/airflow/dags/music_ingestion_dag.py took 0.158 seconds
[2026-03-06T10:08:04.740+0000] {processor.py:186} INFO - Started process (PID=5086) to work on /opt/airflow/dags/music_ingestion_dag.py
[2026-03-06T10:08:04.741+0000] {processor.py:914} INFO - Processing file /opt/airflow/dags/music_ingestion_dag.py for tasks to queue
[2026-03-06T10:08:04.743+0000] {logging_mixin.py:190} INFO - [2026-03-06T10:08:04.742+0000] {dagbag.py:588} INFO - Filling up the DagBag from /opt/airflow/dags/music_ingestion_dag.py
[2026-03-06T10:08:04.776+0000] {processor.py:925} INFO - DAG(s) '01_music_ingestion_realtime' retrieved from /opt/airflow/dags/music_ingestion_dag.py
[2026-03-06T10:08:04.823+0000] {logging_mixin.py:190} INFO - [2026-03-06T10:08:04.823+0000] {dag.py:3239} INFO - Sync 1 DAGs
[2026-03-06T10:08:04.872+0000] {logging_mixin.py:190} INFO - [2026-03-06T10:08:04.871+0000] {dag.py:4180} INFO - Setting next_dagrun for 01_music_ingestion_realtime to 2026-03-06 09:00:00+00:00, run_after=2026-03-06 10:00:00+00:00
[2026-03-06T10:08:04.902+0000] {processor.py:208} INFO - Processing /opt/airflow/dags/music_ingestion_dag.py took 0.171 seconds
[2026-03-06T10:08:35.236+0000] {processor.py:186} INFO - Started process (PID=5096) to work on /opt/airflow/dags/music_ingestion_dag.py
[2026-03-06T10:08:35.239+0000] {processor.py:914} INFO - Processing file /opt/airflow/dags/music_ingestion_dag.py for tasks to queue
[2026-03-06T10:08:35.241+0000] {logging_mixin.py:190} INFO - [2026-03-06T10:08:35.241+0000] {dagbag.py:588} INFO - Filling up the DagBag from /opt/airflow/dags/music_ingestion_dag.py
[2026-03-06T10:08:35.268+0000] {processor.py:925} INFO - DAG(s) '01_music_ingestion_realtime' retrieved from /opt/airflow/dags/music_ingestion_dag.py
[2026-03-06T10:08:35.313+0000] {logging_mixin.py:190} INFO - [2026-03-06T10:08:35.313+0000] {dag.py:3239} INFO - Sync 1 DAGs
[2026-03-06T10:08:35.350+0000] {logging_mixin.py:190} INFO - [2026-03-06T10:08:35.349+0000] {dag.py:4180} INFO - Setting next_dagrun for 01_music_ingestion_realtime to 2026-03-06 09:00:00+00:00, run_after=2026-03-06 10:00:00+00:00
[2026-03-06T10:08:35.383+0000] {processor.py:208} INFO - Processing /opt/airflow/dags/music_ingestion_dag.py took 0.157 seconds
[2026-03-06T10:09:05.818+0000] {processor.py:186} INFO - Started process (PID=5106) to work on /opt/airflow/dags/music_ingestion_dag.py
[2026-03-06T10:09:05.820+0000] {processor.py:914} INFO - Processing file /opt/airflow/dags/music_ingestion_dag.py for tasks to queue
[2026-03-06T10:09:05.822+0000] {logging_mixin.py:190} INFO - [2026-03-06T10:09:05.822+0000] {dagbag.py:588} INFO - Filling up the DagBag from /opt/airflow/dags/music_ingestion_dag.py
[2026-03-06T10:09:05.845+0000] {processor.py:925} INFO - DAG(s) '01_music_ingestion_realtime' retrieved from /opt/airflow/dags/music_ingestion_dag.py
[2026-03-06T10:09:05.882+0000] {logging_mixin.py:190} INFO - [2026-03-06T10:09:05.882+0000] {dag.py:3239} INFO - Sync 1 DAGs
[2026-03-06T10:09:05.929+0000] {logging_mixin.py:190} INFO - [2026-03-06T10:09:05.928+0000] {dag.py:4180} INFO - Setting next_dagrun for 01_music_ingestion_realtime to 2026-03-06 09:00:00+00:00, run_after=2026-03-06 10:00:00+00:00
[2026-03-06T10:09:05.963+0000] {processor.py:208} INFO - Processing /opt/airflow/dags/music_ingestion_dag.py took 0.155 seconds
[2026-03-06T10:09:36.203+0000] {processor.py:186} INFO - Started process (PID=5116) to work on /opt/airflow/dags/music_ingestion_dag.py
[2026-03-06T10:09:36.206+0000] {processor.py:914} INFO - Processing file /opt/airflow/dags/music_ingestion_dag.py for tasks to queue
[2026-03-06T10:09:36.209+0000] {logging_mixin.py:190} INFO - [2026-03-06T10:09:36.208+0000] {dagbag.py:588} INFO - Filling up the DagBag from /opt/airflow/dags/music_ingestion_dag.py
[2026-03-06T10:09:36.248+0000] {processor.py:925} INFO - DAG(s) '01_music_ingestion_realtime' retrieved from /opt/airflow/dags/music_ingestion_dag.py
[2026-03-06T10:09:36.295+0000] {logging_mixin.py:190} INFO - [2026-03-06T10:09:36.294+0000] {dag.py:3239} INFO - Sync 1 DAGs
[2026-03-06T10:09:36.336+0000] {logging_mixin.py:190} INFO - [2026-03-06T10:09:36.335+0000] {dag.py:4180} INFO - Setting next_dagrun for 01_music_ingestion_realtime to 2026-03-06 09:00:00+00:00, run_after=2026-03-06 10:00:00+00:00
[2026-03-06T10:09:36.373+0000] {processor.py:208} INFO - Processing /opt/airflow/dags/music_ingestion_dag.py took 0.182 seconds
[2026-03-06T10:10:06.693+0000] {processor.py:186} INFO - Started process (PID=5126) to work on /opt/airflow/dags/music_ingestion_dag.py
[2026-03-06T10:10:06.694+0000] {processor.py:914} INFO - Processing file /opt/airflow/dags/music_ingestion_dag.py for tasks to queue
[2026-03-06T10:10:06.696+0000] {logging_mixin.py:190} INFO - [2026-03-06T10:10:06.695+0000] {dagbag.py:588} INFO - Filling up the DagBag from /opt/airflow/dags/music_ingestion_dag.py
[2026-03-06T10:10:06.723+0000] {processor.py:925} INFO - DAG(s) '01_music_ingestion_realtime' retrieved from /opt/airflow/dags/music_ingestion_dag.py
[2026-03-06T10:10:06.766+0000] {logging_mixin.py:190} INFO - [2026-03-06T10:10:06.766+0000] {dag.py:3239} INFO - Sync 1 DAGs
[2026-03-06T10:10:06.813+0000] {logging_mixin.py:190} INFO - [2026-03-06T10:10:06.813+0000] {dag.py:4180} INFO - Setting next_dagrun for 01_music_ingestion_realtime to 2026-03-06 09:00:00+00:00, run_after=2026-03-06 10:00:00+00:00
[2026-03-06T10:10:07.087+0000] {processor.py:208} INFO - Processing /opt/airflow/dags/music_ingestion_dag.py took 0.402 seconds
[2026-03-06T10:10:37.520+0000] {processor.py:186} INFO - Started process (PID=5136) to work on /opt/airflow/dags/music_ingestion_dag.py
[2026-03-06T10:10:37.521+0000] {processor.py:914} INFO - Processing file /opt/airflow/dags/music_ingestion_dag.py for tasks to queue
[2026-03-06T10:10:37.523+0000] {logging_mixin.py:190} INFO - [2026-03-06T10:10:37.523+0000] {dagbag.py:588} INFO - Filling up the DagBag from /opt/airflow/dags/music_ingestion_dag.py
[2026-03-06T10:10:37.560+0000] {processor.py:925} INFO - DAG(s) '01_music_ingestion_realtime' retrieved from /opt/airflow/dags/music_ingestion_dag.py
[2026-03-06T10:10:37.598+0000] {logging_mixin.py:190} INFO - [2026-03-06T10:10:37.598+0000] {dag.py:3239} INFO - Sync 1 DAGs
[2026-03-06T10:10:37.645+0000] {logging_mixin.py:190} INFO - [2026-03-06T10:10:37.645+0000] {dag.py:4180} INFO - Setting next_dagrun for 01_music_ingestion_realtime to 2026-03-06 09:00:00+00:00, run_after=2026-03-06 10:00:00+00:00
[2026-03-06T10:10:37.681+0000] {processor.py:208} INFO - Processing /opt/airflow/dags/music_ingestion_dag.py took 0.182 seconds
[2026-03-06T10:11:07.894+0000] {processor.py:186} INFO - Started process (PID=5146) to work on /opt/airflow/dags/music_ingestion_dag.py
[2026-03-06T10:11:07.895+0000] {processor.py:914} INFO - Processing file /opt/airflow/dags/music_ingestion_dag.py for tasks to queue
[2026-03-06T10:11:07.897+0000] {logging_mixin.py:190} INFO - [2026-03-06T10:11:07.897+0000] {dagbag.py:588} INFO - Filling up the DagBag from /opt/airflow/dags/music_ingestion_dag.py
[2026-03-06T10:11:07.918+0000] {processor.py:925} INFO - DAG(s) '01_music_ingestion_realtime' retrieved from /opt/airflow/dags/music_ingestion_dag.py
[2026-03-06T10:11:07.961+0000] {logging_mixin.py:190} INFO - [2026-03-06T10:11:07.960+0000] {dag.py:3239} INFO - Sync 1 DAGs
[2026-03-06T10:11:08.001+0000] {logging_mixin.py:190} INFO - [2026-03-06T10:11:08.001+0000] {dag.py:4180} INFO - Setting next_dagrun for 01_music_ingestion_realtime to 2026-03-06 09:00:00+00:00, run_after=2026-03-06 10:00:00+00:00
[2026-03-06T10:11:08.038+0000] {processor.py:208} INFO - Processing /opt/airflow/dags/music_ingestion_dag.py took 0.152 seconds
[2026-03-06T10:11:38.482+0000] {processor.py:186} INFO - Started process (PID=5156) to work on /opt/airflow/dags/music_ingestion_dag.py
[2026-03-06T10:11:38.483+0000] {processor.py:914} INFO - Processing file /opt/airflow/dags/music_ingestion_dag.py for tasks to queue
[2026-03-06T10:11:38.487+0000] {logging_mixin.py:190} INFO - [2026-03-06T10:11:38.486+0000] {dagbag.py:588} INFO - Filling up the DagBag from /opt/airflow/dags/music_ingestion_dag.py
[2026-03-06T10:11:38.518+0000] {processor.py:925} INFO - DAG(s) '01_music_ingestion_realtime' retrieved from /opt/airflow/dags/music_ingestion_dag.py
[2026-03-06T10:11:38.562+0000] {logging_mixin.py:190} INFO - [2026-03-06T10:11:38.562+0000] {dag.py:3239} INFO - Sync 1 DAGs
[2026-03-06T10:11:38.606+0000] {logging_mixin.py:190} INFO - [2026-03-06T10:11:38.606+0000] {dag.py:4180} INFO - Setting next_dagrun for 01_music_ingestion_realtime to 2026-03-06 09:00:00+00:00, run_after=2026-03-06 10:00:00+00:00
[2026-03-06T10:11:38.642+0000] {processor.py:208} INFO - Processing /opt/airflow/dags/music_ingestion_dag.py took 0.170 seconds
[2026-03-06T10:12:08.884+0000] {processor.py:186} INFO - Started process (PID=5166) to work on /opt/airflow/dags/music_ingestion_dag.py
[2026-03-06T10:12:08.890+0000] {processor.py:914} INFO - Processing file /opt/airflow/dags/music_ingestion_dag.py for tasks to queue
[2026-03-06T10:12:08.894+0000] {logging_mixin.py:190} INFO - [2026-03-06T10:12:08.893+0000] {dagbag.py:588} INFO - Filling up the DagBag from /opt/airflow/dags/music_ingestion_dag.py
[2026-03-06T10:12:08.927+0000] {processor.py:925} INFO - DAG(s) '01_music_ingestion_realtime' retrieved from /opt/airflow/dags/music_ingestion_dag.py
[2026-03-06T10:12:08.972+0000] {logging_mixin.py:190} INFO - [2026-03-06T10:12:08.972+0000] {dag.py:3239} INFO - Sync 1 DAGs
[2026-03-06T10:12:09.011+0000] {logging_mixin.py:190} INFO - [2026-03-06T10:12:09.011+0000] {dag.py:4180} INFO - Setting next_dagrun for 01_music_ingestion_realtime to 2026-03-06 09:00:00+00:00, run_after=2026-03-06 10:00:00+00:00
[2026-03-06T10:12:09.039+0000] {processor.py:208} INFO - Processing /opt/airflow/dags/music_ingestion_dag.py took 0.168 seconds
[2026-03-06T10:12:39.477+0000] {processor.py:186} INFO - Started process (PID=5176) to work on /opt/airflow/dags/music_ingestion_dag.py
[2026-03-06T10:12:39.479+0000] {processor.py:914} INFO - Processing file /opt/airflow/dags/music_ingestion_dag.py for tasks to queue
[2026-03-06T10:12:39.481+0000] {logging_mixin.py:190} INFO - [2026-03-06T10:12:39.481+0000] {dagbag.py:588} INFO - Filling up the DagBag from /opt/airflow/dags/music_ingestion_dag.py
[2026-03-06T10:12:39.529+0000] {processor.py:925} INFO - DAG(s) '01_music_ingestion_realtime' retrieved from /opt/airflow/dags/music_ingestion_dag.py
[2026-03-06T10:12:39.577+0000] {logging_mixin.py:190} INFO - [2026-03-06T10:12:39.577+0000] {dag.py:3239} INFO - Sync 1 DAGs
[2026-03-06T10:12:39.628+0000] {logging_mixin.py:190} INFO - [2026-03-06T10:12:39.627+0000] {dag.py:4180} INFO - Setting next_dagrun for 01_music_ingestion_realtime to 2026-03-06 09:00:00+00:00, run_after=2026-03-06 10:00:00+00:00
[2026-03-06T10:12:39.664+0000] {processor.py:208} INFO - Processing /opt/airflow/dags/music_ingestion_dag.py took 0.201 seconds
[2026-03-06T10:13:10.121+0000] {processor.py:186} INFO - Started process (PID=5186) to work on /opt/airflow/dags/music_ingestion_dag.py
[2026-03-06T10:13:10.132+0000] {processor.py:914} INFO - Processing file /opt/airflow/dags/music_ingestion_dag.py for tasks to queue
[2026-03-06T10:13:10.158+0000] {logging_mixin.py:190} INFO - [2026-03-06T10:13:10.153+0000] {dagbag.py:588} INFO - Filling up the DagBag from /opt/airflow/dags/music_ingestion_dag.py
[2026-03-06T10:13:10.562+0000] {processor.py:925} INFO - DAG(s) '01_music_ingestion_realtime' retrieved from /opt/airflow/dags/music_ingestion_dag.py
[2026-03-06T10:13:11.024+0000] {logging_mixin.py:190} INFO - [2026-03-06T10:13:11.021+0000] {dag.py:3239} INFO - Sync 1 DAGs
[2026-03-06T10:13:11.577+0000] {logging_mixin.py:190} INFO - [2026-03-06T10:13:11.575+0000] {dag.py:4180} INFO - Setting next_dagrun for 01_music_ingestion_realtime to 2026-03-06 09:00:00+00:00, run_after=2026-03-06 10:00:00+00:00
[2026-03-06T10:13:11.972+0000] {processor.py:208} INFO - Processing /opt/airflow/dags/music_ingestion_dag.py took 2.040 seconds
[2026-03-06T10:13:42.424+0000] {processor.py:186} INFO - Started process (PID=5196) to work on /opt/airflow/dags/music_ingestion_dag.py
[2026-03-06T10:13:42.426+0000] {processor.py:914} INFO - Processing file /opt/airflow/dags/music_ingestion_dag.py for tasks to queue
[2026-03-06T10:13:42.431+0000] {logging_mixin.py:190} INFO - [2026-03-06T10:13:42.429+0000] {dagbag.py:588} INFO - Filling up the DagBag from /opt/airflow/dags/music_ingestion_dag.py
[2026-03-06T10:13:42.520+0000] {processor.py:925} INFO - DAG(s) '01_music_ingestion_realtime' retrieved from /opt/airflow/dags/music_ingestion_dag.py
[2026-03-06T10:13:42.564+0000] {logging_mixin.py:190} INFO - [2026-03-06T10:13:42.564+0000] {dag.py:3239} INFO - Sync 1 DAGs
[2026-03-06T10:13:42.675+0000] {logging_mixin.py:190} INFO - [2026-03-06T10:13:42.675+0000] {dag.py:4180} INFO - Setting next_dagrun for 01_music_ingestion_realtime to 2026-03-06 09:00:00+00:00, run_after=2026-03-06 10:00:00+00:00
[2026-03-06T10:13:42.710+0000] {processor.py:208} INFO - Processing /opt/airflow/dags/music_ingestion_dag.py took 0.295 seconds
[2026-03-06T10:14:12.840+0000] {processor.py:186} INFO - Started process (PID=5206) to work on /opt/airflow/dags/music_ingestion_dag.py
[2026-03-06T10:14:12.841+0000] {processor.py:914} INFO - Processing file /opt/airflow/dags/music_ingestion_dag.py for tasks to queue
[2026-03-06T10:14:12.843+0000] {logging_mixin.py:190} INFO - [2026-03-06T10:14:12.843+0000] {dagbag.py:588} INFO - Filling up the DagBag from /opt/airflow/dags/music_ingestion_dag.py
[2026-03-06T10:14:12.876+0000] {processor.py:925} INFO - DAG(s) '01_music_ingestion_realtime' retrieved from /opt/airflow/dags/music_ingestion_dag.py
[2026-03-06T10:14:12.928+0000] {logging_mixin.py:190} INFO - [2026-03-06T10:14:12.927+0000] {dag.py:3239} INFO - Sync 1 DAGs
[2026-03-06T10:14:12.967+0000] {logging_mixin.py:190} INFO - [2026-03-06T10:14:12.966+0000] {dag.py:4180} INFO - Setting next_dagrun for 01_music_ingestion_realtime to 2026-03-06 09:00:00+00:00, run_after=2026-03-06 10:00:00+00:00
[2026-03-06T10:14:12.999+0000] {processor.py:208} INFO - Processing /opt/airflow/dags/music_ingestion_dag.py took 0.170 seconds
[2026-03-06T10:14:43.210+0000] {processor.py:186} INFO - Started process (PID=5216) to work on /opt/airflow/dags/music_ingestion_dag.py
[2026-03-06T10:14:43.213+0000] {processor.py:914} INFO - Processing file /opt/airflow/dags/music_ingestion_dag.py for tasks to queue
[2026-03-06T10:14:43.216+0000] {logging_mixin.py:190} INFO - [2026-03-06T10:14:43.215+0000] {dagbag.py:588} INFO - Filling up the DagBag from /opt/airflow/dags/music_ingestion_dag.py
[2026-03-06T10:14:43.252+0000] {processor.py:925} INFO - DAG(s) '01_music_ingestion_realtime' retrieved from /opt/airflow/dags/music_ingestion_dag.py
[2026-03-06T10:14:43.297+0000] {logging_mixin.py:190} INFO - [2026-03-06T10:14:43.297+0000] {dag.py:3239} INFO - Sync 1 DAGs
[2026-03-06T10:14:43.344+0000] {logging_mixin.py:190} INFO - [2026-03-06T10:14:43.344+0000] {dag.py:4180} INFO - Setting next_dagrun for 01_music_ingestion_realtime to 2026-03-06 09:00:00+00:00, run_after=2026-03-06 10:00:00+00:00
[2026-03-06T10:14:43.374+0000] {processor.py:208} INFO - Processing /opt/airflow/dags/music_ingestion_dag.py took 0.178 seconds
[2026-03-06T10:15:13.746+0000] {processor.py:186} INFO - Started process (PID=5226) to work on /opt/airflow/dags/music_ingestion_dag.py
[2026-03-06T10:15:13.748+0000] {processor.py:914} INFO - Processing file /opt/airflow/dags/music_ingestion_dag.py for tasks to queue
[2026-03-06T10:15:13.752+0000] {logging_mixin.py:190} INFO - [2026-03-06T10:15:13.751+0000] {dagbag.py:588} INFO - Filling up the DagBag from /opt/airflow/dags/music_ingestion_dag.py
[2026-03-06T10:15:13.782+0000] {processor.py:925} INFO - DAG(s) '01_music_ingestion_realtime' retrieved from /opt/airflow/dags/music_ingestion_dag.py
[2026-03-06T10:15:13.821+0000] {logging_mixin.py:190} INFO - [2026-03-06T10:15:13.820+0000] {dag.py:3239} INFO - Sync 1 DAGs
[2026-03-06T10:15:13.859+0000] {logging_mixin.py:190} INFO - [2026-03-06T10:15:13.859+0000] {dag.py:4180} INFO - Setting next_dagrun for 01_music_ingestion_realtime to 2026-03-06 09:00:00+00:00, run_after=2026-03-06 10:00:00+00:00
[2026-03-06T10:15:13.896+0000] {processor.py:208} INFO - Processing /opt/airflow/dags/music_ingestion_dag.py took 0.157 seconds
[2026-03-06T10:15:44.148+0000] {processor.py:186} INFO - Started process (PID=5236) to work on /opt/airflow/dags/music_ingestion_dag.py
[2026-03-06T10:15:44.149+0000] {processor.py:914} INFO - Processing file /opt/airflow/dags/music_ingestion_dag.py for tasks to queue
[2026-03-06T10:15:44.151+0000] {logging_mixin.py:190} INFO - [2026-03-06T10:15:44.151+0000] {dagbag.py:588} INFO - Filling up the DagBag from /opt/airflow/dags/music_ingestion_dag.py
[2026-03-06T10:15:44.182+0000] {processor.py:925} INFO - DAG(s) '01_music_ingestion_realtime' retrieved from /opt/airflow/dags/music_ingestion_dag.py
[2026-03-06T10:15:44.238+0000] {logging_mixin.py:190} INFO - [2026-03-06T10:15:44.237+0000] {dag.py:3239} INFO - Sync 1 DAGs
[2026-03-06T10:15:44.287+0000] {logging_mixin.py:190} INFO - [2026-03-06T10:15:44.286+0000] {dag.py:4180} INFO - Setting next_dagrun for 01_music_ingestion_realtime to 2026-03-06 09:00:00+00:00, run_after=2026-03-06 10:00:00+00:00
[2026-03-06T10:15:44.328+0000] {processor.py:208} INFO - Processing /opt/airflow/dags/music_ingestion_dag.py took 0.192 seconds
[2026-03-06T10:16:14.664+0000] {processor.py:186} INFO - Started process (PID=5246) to work on /opt/airflow/dags/music_ingestion_dag.py
[2026-03-06T10:16:14.666+0000] {processor.py:914} INFO - Processing file /opt/airflow/dags/music_ingestion_dag.py for tasks to queue
[2026-03-06T10:16:14.669+0000] {logging_mixin.py:190} INFO - [2026-03-06T10:16:14.668+0000] {dagbag.py:588} INFO - Filling up the DagBag from /opt/airflow/dags/music_ingestion_dag.py
[2026-03-06T10:16:14.703+0000] {processor.py:925} INFO - DAG(s) '01_music_ingestion_realtime' retrieved from /opt/airflow/dags/music_ingestion_dag.py
[2026-03-06T10:16:14.751+0000] {logging_mixin.py:190} INFO - [2026-03-06T10:16:14.751+0000] {dag.py:3239} INFO - Sync 1 DAGs
[2026-03-06T10:16:14.786+0000] {logging_mixin.py:190} INFO - [2026-03-06T10:16:14.786+0000] {dag.py:4180} INFO - Setting next_dagrun for 01_music_ingestion_realtime to 2026-03-06 09:00:00+00:00, run_after=2026-03-06 10:00:00+00:00
[2026-03-06T10:16:14.820+0000] {processor.py:208} INFO - Processing /opt/airflow/dags/music_ingestion_dag.py took 0.165 seconds
[2026-03-06T10:16:45.150+0000] {processor.py:186} INFO - Started process (PID=5256) to work on /opt/airflow/dags/music_ingestion_dag.py
[2026-03-06T10:16:45.154+0000] {processor.py:914} INFO - Processing file /opt/airflow/dags/music_ingestion_dag.py for tasks to queue
[2026-03-06T10:16:45.160+0000] {logging_mixin.py:190} INFO - [2026-03-06T10:16:45.159+0000] {dagbag.py:588} INFO - Filling up the DagBag from /opt/airflow/dags/music_ingestion_dag.py
[2026-03-06T10:16:45.202+0000] {processor.py:925} INFO - DAG(s) '01_music_ingestion_realtime' retrieved from /opt/airflow/dags/music_ingestion_dag.py
[2026-03-06T10:16:45.247+0000] {logging_mixin.py:190} INFO - [2026-03-06T10:16:45.247+0000] {dag.py:3239} INFO - Sync 1 DAGs
[2026-03-06T10:16:45.293+0000] {logging_mixin.py:190} INFO - [2026-03-06T10:16:45.292+0000] {dag.py:4180} INFO - Setting next_dagrun for 01_music_ingestion_realtime to 2026-03-06 09:00:00+00:00, run_after=2026-03-06 10:00:00+00:00
[2026-03-06T10:16:45.328+0000] {processor.py:208} INFO - Processing /opt/airflow/dags/music_ingestion_dag.py took 0.190 seconds
[2026-03-06T10:17:15.574+0000] {processor.py:186} INFO - Started process (PID=5266) to work on /opt/airflow/dags/music_ingestion_dag.py
[2026-03-06T10:17:15.576+0000] {processor.py:914} INFO - Processing file /opt/airflow/dags/music_ingestion_dag.py for tasks to queue
[2026-03-06T10:17:15.578+0000] {logging_mixin.py:190} INFO - [2026-03-06T10:17:15.578+0000] {dagbag.py:588} INFO - Filling up the DagBag from /opt/airflow/dags/music_ingestion_dag.py
[2026-03-06T10:17:15.605+0000] {processor.py:925} INFO - DAG(s) '01_music_ingestion_realtime' retrieved from /opt/airflow/dags/music_ingestion_dag.py
[2026-03-06T10:17:15.648+0000] {logging_mixin.py:190} INFO - [2026-03-06T10:17:15.648+0000] {dag.py:3239} INFO - Sync 1 DAGs
[2026-03-06T10:17:15.693+0000] {logging_mixin.py:190} INFO - [2026-03-06T10:17:15.692+0000] {dag.py:4180} INFO - Setting next_dagrun for 01_music_ingestion_realtime to 2026-03-06 09:00:00+00:00, run_after=2026-03-06 10:00:00+00:00
[2026-03-06T10:17:15.732+0000] {processor.py:208} INFO - Processing /opt/airflow/dags/music_ingestion_dag.py took 0.168 seconds
[2026-03-06T10:17:46.111+0000] {processor.py:186} INFO - Started process (PID=5276) to work on /opt/airflow/dags/music_ingestion_dag.py
[2026-03-06T10:17:46.114+0000] {processor.py:914} INFO - Processing file /opt/airflow/dags/music_ingestion_dag.py for tasks to queue
[2026-03-06T10:17:46.117+0000] {logging_mixin.py:190} INFO - [2026-03-06T10:17:46.117+0000] {dagbag.py:588} INFO - Filling up the DagBag from /opt/airflow/dags/music_ingestion_dag.py
[2026-03-06T10:17:46.154+0000] {processor.py:925} INFO - DAG(s) '01_music_ingestion_realtime' retrieved from /opt/airflow/dags/music_ingestion_dag.py
[2026-03-06T10:17:46.209+0000] {logging_mixin.py:190} INFO - [2026-03-06T10:17:46.209+0000] {dag.py:3239} INFO - Sync 1 DAGs
[2026-03-06T10:17:46.251+0000] {logging_mixin.py:190} INFO - [2026-03-06T10:17:46.250+0000] {dag.py:4180} INFO - Setting next_dagrun for 01_music_ingestion_realtime to 2026-03-06 09:00:00+00:00, run_after=2026-03-06 10:00:00+00:00
[2026-03-06T10:17:46.288+0000] {processor.py:208} INFO - Processing /opt/airflow/dags/music_ingestion_dag.py took 0.193 seconds
[2026-03-06T10:18:16.501+0000] {processor.py:186} INFO - Started process (PID=5286) to work on /opt/airflow/dags/music_ingestion_dag.py
[2026-03-06T10:18:16.502+0000] {processor.py:914} INFO - Processing file /opt/airflow/dags/music_ingestion_dag.py for tasks to queue
[2026-03-06T10:18:16.504+0000] {logging_mixin.py:190} INFO - [2026-03-06T10:18:16.504+0000] {dagbag.py:588} INFO - Filling up the DagBag from /opt/airflow/dags/music_ingestion_dag.py
[2026-03-06T10:18:16.539+0000] {processor.py:925} INFO - DAG(s) '01_music_ingestion_realtime' retrieved from /opt/airflow/dags/music_ingestion_dag.py
[2026-03-06T10:18:16.590+0000] {logging_mixin.py:190} INFO - [2026-03-06T10:18:16.589+0000] {dag.py:3239} INFO - Sync 1 DAGs
[2026-03-06T10:18:16.636+0000] {logging_mixin.py:190} INFO - [2026-03-06T10:18:16.635+0000] {dag.py:4180} INFO - Setting next_dagrun for 01_music_ingestion_realtime to 2026-03-06 09:00:00+00:00, run_after=2026-03-06 10:00:00+00:00
[2026-03-06T10:18:16.673+0000] {processor.py:208} INFO - Processing /opt/airflow/dags/music_ingestion_dag.py took 0.180 seconds
[2026-03-06T10:18:46.874+0000] {processor.py:186} INFO - Started process (PID=5296) to work on /opt/airflow/dags/music_ingestion_dag.py
[2026-03-06T10:18:46.876+0000] {processor.py:914} INFO - Processing file /opt/airflow/dags/music_ingestion_dag.py for tasks to queue
[2026-03-06T10:18:46.877+0000] {logging_mixin.py:190} INFO - [2026-03-06T10:18:46.877+0000] {dagbag.py:588} INFO - Filling up the DagBag from /opt/airflow/dags/music_ingestion_dag.py
[2026-03-06T10:18:46.907+0000] {processor.py:925} INFO - DAG(s) '01_music_ingestion_realtime' retrieved from /opt/airflow/dags/music_ingestion_dag.py
[2026-03-06T10:18:46.950+0000] {logging_mixin.py:190} INFO - [2026-03-06T10:18:46.950+0000] {dag.py:3239} INFO - Sync 1 DAGs
[2026-03-06T10:18:46.993+0000] {logging_mixin.py:190} INFO - [2026-03-06T10:18:46.993+0000] {dag.py:4180} INFO - Setting next_dagrun for 01_music_ingestion_realtime to 2026-03-06 09:00:00+00:00, run_after=2026-03-06 10:00:00+00:00
[2026-03-06T10:18:47.040+0000] {processor.py:208} INFO - Processing /opt/airflow/dags/music_ingestion_dag.py took 0.175 seconds
[2026-03-06T10:19:17.448+0000] {processor.py:186} INFO - Started process (PID=5306) to work on /opt/airflow/dags/music_ingestion_dag.py
[2026-03-06T10:19:17.449+0000] {processor.py:914} INFO - Processing file /opt/airflow/dags/music_ingestion_dag.py for tasks to queue
[2026-03-06T10:19:17.451+0000] {logging_mixin.py:190} INFO - [2026-03-06T10:19:17.451+0000] {dagbag.py:588} INFO - Filling up the DagBag from /opt/airflow/dags/music_ingestion_dag.py
[2026-03-06T10:19:17.481+0000] {processor.py:925} INFO - DAG(s) '01_music_ingestion_realtime' retrieved from /opt/airflow/dags/music_ingestion_dag.py
[2026-03-06T10:19:17.533+0000] {logging_mixin.py:190} INFO - [2026-03-06T10:19:17.533+0000] {dag.py:3239} INFO - Sync 1 DAGs
[2026-03-06T10:19:17.585+0000] {logging_mixin.py:190} INFO - [2026-03-06T10:19:17.585+0000] {dag.py:4180} INFO - Setting next_dagrun for 01_music_ingestion_realtime to 2026-03-06 09:00:00+00:00, run_after=2026-03-06 10:00:00+00:00
[2026-03-06T10:19:17.619+0000] {processor.py:208} INFO - Processing /opt/airflow/dags/music_ingestion_dag.py took 0.183 seconds
[2026-03-06T10:19:47.842+0000] {processor.py:186} INFO - Started process (PID=5316) to work on /opt/airflow/dags/music_ingestion_dag.py
[2026-03-06T10:19:47.843+0000] {processor.py:914} INFO - Processing file /opt/airflow/dags/music_ingestion_dag.py for tasks to queue
[2026-03-06T10:19:47.845+0000] {logging_mixin.py:190} INFO - [2026-03-06T10:19:47.845+0000] {dagbag.py:588} INFO - Filling up the DagBag from /opt/airflow/dags/music_ingestion_dag.py
[2026-03-06T10:19:47.873+0000] {processor.py:925} INFO - DAG(s) '01_music_ingestion_realtime' retrieved from /opt/airflow/dags/music_ingestion_dag.py
[2026-03-06T10:19:47.918+0000] {logging_mixin.py:190} INFO - [2026-03-06T10:19:47.918+0000] {dag.py:3239} INFO - Sync 1 DAGs
[2026-03-06T10:19:47.973+0000] {logging_mixin.py:190} INFO - [2026-03-06T10:19:47.972+0000] {dag.py:4180} INFO - Setting next_dagrun for 01_music_ingestion_realtime to 2026-03-06 09:00:00+00:00, run_after=2026-03-06 10:00:00+00:00
[2026-03-06T10:19:48.010+0000] {processor.py:208} INFO - Processing /opt/airflow/dags/music_ingestion_dag.py took 0.180 seconds
[2026-03-06T10:20:18.458+0000] {processor.py:186} INFO - Started process (PID=5326) to work on /opt/airflow/dags/music_ingestion_dag.py
[2026-03-06T10:20:18.460+0000] {processor.py:914} INFO - Processing file /opt/airflow/dags/music_ingestion_dag.py for tasks to queue
[2026-03-06T10:20:18.463+0000] {logging_mixin.py:190} INFO - [2026-03-06T10:20:18.462+0000] {dagbag.py:588} INFO - Filling up the DagBag from /opt/airflow/dags/music_ingestion_dag.py
[2026-03-06T10:20:18.496+0000] {processor.py:925} INFO - DAG(s) '01_music_ingestion_realtime' retrieved from /opt/airflow/dags/music_ingestion_dag.py
[2026-03-06T10:20:18.546+0000] {logging_mixin.py:190} INFO - [2026-03-06T10:20:18.546+0000] {dag.py:3239} INFO - Sync 1 DAGs
[2026-03-06T10:20:18.592+0000] {logging_mixin.py:190} INFO - [2026-03-06T10:20:18.592+0000] {dag.py:4180} INFO - Setting next_dagrun for 01_music_ingestion_realtime to 2026-03-06 09:00:00+00:00, run_after=2026-03-06 10:00:00+00:00
[2026-03-06T10:20:18.625+0000] {processor.py:208} INFO - Processing /opt/airflow/dags/music_ingestion_dag.py took 0.178 seconds
[2026-03-06T10:20:48.943+0000] {processor.py:186} INFO - Started process (PID=5336) to work on /opt/airflow/dags/music_ingestion_dag.py
[2026-03-06T10:20:48.946+0000] {processor.py:914} INFO - Processing file /opt/airflow/dags/music_ingestion_dag.py for tasks to queue
[2026-03-06T10:20:48.948+0000] {logging_mixin.py:190} INFO - [2026-03-06T10:20:48.947+0000] {dagbag.py:588} INFO - Filling up the DagBag from /opt/airflow/dags/music_ingestion_dag.py
[2026-03-06T10:20:48.973+0000] {processor.py:925} INFO - DAG(s) '01_music_ingestion_realtime' retrieved from /opt/airflow/dags/music_ingestion_dag.py
[2026-03-06T10:20:49.016+0000] {logging_mixin.py:190} INFO - [2026-03-06T10:20:49.016+0000] {dag.py:3239} INFO - Sync 1 DAGs
[2026-03-06T10:20:49.057+0000] {logging_mixin.py:190} INFO - [2026-03-06T10:20:49.057+0000] {dag.py:4180} INFO - Setting next_dagrun for 01_music_ingestion_realtime to 2026-03-06 09:00:00+00:00, run_after=2026-03-06 10:00:00+00:00
[2026-03-06T10:20:49.094+0000] {processor.py:208} INFO - Processing /opt/airflow/dags/music_ingestion_dag.py took 0.158 seconds
[2026-03-06T10:21:19.542+0000] {processor.py:186} INFO - Started process (PID=5346) to work on /opt/airflow/dags/music_ingestion_dag.py
[2026-03-06T10:21:19.544+0000] {processor.py:914} INFO - Processing file /opt/airflow/dags/music_ingestion_dag.py for tasks to queue
[2026-03-06T10:21:19.548+0000] {logging_mixin.py:190} INFO - [2026-03-06T10:21:19.547+0000] {dagbag.py:588} INFO - Filling up the DagBag from /opt/airflow/dags/music_ingestion_dag.py
[2026-03-06T10:21:19.576+0000] {processor.py:925} INFO - DAG(s) '01_music_ingestion_realtime' retrieved from /opt/airflow/dags/music_ingestion_dag.py
[2026-03-06T10:21:19.618+0000] {logging_mixin.py:190} INFO - [2026-03-06T10:21:19.618+0000] {dag.py:3239} INFO - Sync 1 DAGs
[2026-03-06T10:21:19.657+0000] {logging_mixin.py:190} INFO - [2026-03-06T10:21:19.657+0000] {dag.py:4180} INFO - Setting next_dagrun for 01_music_ingestion_realtime to 2026-03-06 09:00:00+00:00, run_after=2026-03-06 10:00:00+00:00
[2026-03-06T10:21:19.695+0000] {processor.py:208} INFO - Processing /opt/airflow/dags/music_ingestion_dag.py took 0.163 seconds
[2026-03-06T10:21:49.952+0000] {processor.py:186} INFO - Started process (PID=5356) to work on /opt/airflow/dags/music_ingestion_dag.py
[2026-03-06T10:21:49.954+0000] {processor.py:914} INFO - Processing file /opt/airflow/dags/music_ingestion_dag.py for tasks to queue
[2026-03-06T10:21:49.956+0000] {logging_mixin.py:190} INFO - [2026-03-06T10:21:49.956+0000] {dagbag.py:588} INFO - Filling up the DagBag from /opt/airflow/dags/music_ingestion_dag.py
[2026-03-06T10:21:49.981+0000] {processor.py:925} INFO - DAG(s) '01_music_ingestion_realtime' retrieved from /opt/airflow/dags/music_ingestion_dag.py
[2026-03-06T10:21:50.028+0000] {logging_mixin.py:190} INFO - [2026-03-06T10:21:50.028+0000] {dag.py:3239} INFO - Sync 1 DAGs
[2026-03-06T10:21:50.069+0000] {logging_mixin.py:190} INFO - [2026-03-06T10:21:50.069+0000] {dag.py:4180} INFO - Setting next_dagrun for 01_music_ingestion_realtime to 2026-03-06 09:00:00+00:00, run_after=2026-03-06 10:00:00+00:00
[2026-03-06T10:21:50.119+0000] {processor.py:208} INFO - Processing /opt/airflow/dags/music_ingestion_dag.py took 0.175 seconds
[2026-03-06T10:22:20.485+0000] {processor.py:186} INFO - Started process (PID=5366) to work on /opt/airflow/dags/music_ingestion_dag.py
[2026-03-06T10:22:20.486+0000] {processor.py:914} INFO - Processing file /opt/airflow/dags/music_ingestion_dag.py for tasks to queue
[2026-03-06T10:22:20.488+0000] {logging_mixin.py:190} INFO - [2026-03-06T10:22:20.488+0000] {dagbag.py:588} INFO - Filling up the DagBag from /opt/airflow/dags/music_ingestion_dag.py
[2026-03-06T10:22:20.517+0000] {processor.py:925} INFO - DAG(s) '01_music_ingestion_realtime' retrieved from /opt/airflow/dags/music_ingestion_dag.py
[2026-03-06T10:22:20.554+0000] {logging_mixin.py:190} INFO - [2026-03-06T10:22:20.554+0000] {dag.py:3239} INFO - Sync 1 DAGs
[2026-03-06T10:22:20.597+0000] {logging_mixin.py:190} INFO - [2026-03-06T10:22:20.597+0000] {dag.py:4180} INFO - Setting next_dagrun for 01_music_ingestion_realtime to 2026-03-06 09:00:00+00:00, run_after=2026-03-06 10:00:00+00:00
[2026-03-06T10:22:20.634+0000] {processor.py:208} INFO - Processing /opt/airflow/dags/music_ingestion_dag.py took 0.155 seconds
[2026-03-06T10:22:51.063+0000] {processor.py:186} INFO - Started process (PID=5376) to work on /opt/airflow/dags/music_ingestion_dag.py
[2026-03-06T10:22:51.064+0000] {processor.py:914} INFO - Processing file /opt/airflow/dags/music_ingestion_dag.py for tasks to queue
[2026-03-06T10:22:51.067+0000] {logging_mixin.py:190} INFO - [2026-03-06T10:22:51.066+0000] {dagbag.py:588} INFO - Filling up the DagBag from /opt/airflow/dags/music_ingestion_dag.py
[2026-03-06T10:22:51.100+0000] {processor.py:925} INFO - DAG(s) '01_music_ingestion_realtime' retrieved from /opt/airflow/dags/music_ingestion_dag.py
[2026-03-06T10:22:51.146+0000] {logging_mixin.py:190} INFO - [2026-03-06T10:22:51.146+0000] {dag.py:3239} INFO - Sync 1 DAGs
[2026-03-06T10:22:51.196+0000] {logging_mixin.py:190} INFO - [2026-03-06T10:22:51.196+0000] {dag.py:4180} INFO - Setting next_dagrun for 01_music_ingestion_realtime to 2026-03-06 09:00:00+00:00, run_after=2026-03-06 10:00:00+00:00
[2026-03-06T10:22:51.263+0000] {processor.py:208} INFO - Processing /opt/airflow/dags/music_ingestion_dag.py took 0.208 seconds
[2026-03-06T10:23:21.698+0000] {processor.py:186} INFO - Started process (PID=5386) to work on /opt/airflow/dags/music_ingestion_dag.py
[2026-03-06T10:23:21.700+0000] {processor.py:914} INFO - Processing file /opt/airflow/dags/music_ingestion_dag.py for tasks to queue
[2026-03-06T10:23:21.704+0000] {logging_mixin.py:190} INFO - [2026-03-06T10:23:21.703+0000] {dagbag.py:588} INFO - Filling up the DagBag from /opt/airflow/dags/music_ingestion_dag.py
[2026-03-06T10:23:21.740+0000] {processor.py:925} INFO - DAG(s) '01_music_ingestion_realtime' retrieved from /opt/airflow/dags/music_ingestion_dag.py
[2026-03-06T10:23:21.782+0000] {logging_mixin.py:190} INFO - [2026-03-06T10:23:21.782+0000] {dag.py:3239} INFO - Sync 1 DAGs
[2026-03-06T10:23:21.824+0000] {logging_mixin.py:190} INFO - [2026-03-06T10:23:21.821+0000] {dag.py:4180} INFO - Setting next_dagrun for 01_music_ingestion_realtime to 2026-03-06 09:00:00+00:00, run_after=2026-03-06 10:00:00+00:00
[2026-03-06T10:23:21.894+0000] {processor.py:208} INFO - Processing /opt/airflow/dags/music_ingestion_dag.py took 0.204 seconds
[2026-03-06T10:23:52.100+0000] {processor.py:186} INFO - Started process (PID=5396) to work on /opt/airflow/dags/music_ingestion_dag.py
[2026-03-06T10:23:52.101+0000] {processor.py:914} INFO - Processing file /opt/airflow/dags/music_ingestion_dag.py for tasks to queue
[2026-03-06T10:23:52.104+0000] {logging_mixin.py:190} INFO - [2026-03-06T10:23:52.103+0000] {dagbag.py:588} INFO - Filling up the DagBag from /opt/airflow/dags/music_ingestion_dag.py
[2026-03-06T10:23:52.148+0000] {processor.py:925} INFO - DAG(s) '01_music_ingestion_realtime' retrieved from /opt/airflow/dags/music_ingestion_dag.py
[2026-03-06T10:23:52.204+0000] {logging_mixin.py:190} INFO - [2026-03-06T10:23:52.204+0000] {dag.py:3239} INFO - Sync 1 DAGs
[2026-03-06T10:23:52.249+0000] {logging_mixin.py:190} INFO - [2026-03-06T10:23:52.248+0000] {dag.py:4180} INFO - Setting next_dagrun for 01_music_ingestion_realtime to 2026-03-06 09:00:00+00:00, run_after=2026-03-06 10:00:00+00:00
[2026-03-06T10:23:52.281+0000] {processor.py:208} INFO - Processing /opt/airflow/dags/music_ingestion_dag.py took 0.190 seconds
[2026-03-06T10:24:22.640+0000] {processor.py:186} INFO - Started process (PID=5406) to work on /opt/airflow/dags/music_ingestion_dag.py
[2026-03-06T10:24:22.641+0000] {processor.py:914} INFO - Processing file /opt/airflow/dags/music_ingestion_dag.py for tasks to queue
[2026-03-06T10:24:22.643+0000] {logging_mixin.py:190} INFO - [2026-03-06T10:24:22.643+0000] {dagbag.py:588} INFO - Filling up the DagBag from /opt/airflow/dags/music_ingestion_dag.py
[2026-03-06T10:24:22.677+0000] {processor.py:925} INFO - DAG(s) '01_music_ingestion_realtime' retrieved from /opt/airflow/dags/music_ingestion_dag.py
[2026-03-06T10:24:22.728+0000] {logging_mixin.py:190} INFO - [2026-03-06T10:24:22.727+0000] {dag.py:3239} INFO - Sync 1 DAGs
[2026-03-06T10:24:22.771+0000] {logging_mixin.py:190} INFO - [2026-03-06T10:24:22.771+0000] {dag.py:4180} INFO - Setting next_dagrun for 01_music_ingestion_realtime to 2026-03-06 09:00:00+00:00, run_after=2026-03-06 10:00:00+00:00
[2026-03-06T10:24:22.807+0000] {processor.py:208} INFO - Processing /opt/airflow/dags/music_ingestion_dag.py took 0.178 seconds
[2026-03-06T10:24:53.008+0000] {processor.py:186} INFO - Started process (PID=5416) to work on /opt/airflow/dags/music_ingestion_dag.py
[2026-03-06T10:24:53.009+0000] {processor.py:914} INFO - Processing file /opt/airflow/dags/music_ingestion_dag.py for tasks to queue
[2026-03-06T10:24:53.012+0000] {logging_mixin.py:190} INFO - [2026-03-06T10:24:53.011+0000] {dagbag.py:588} INFO - Filling up the DagBag from /opt/airflow/dags/music_ingestion_dag.py
[2026-03-06T10:24:53.037+0000] {processor.py:925} INFO - DAG(s) '01_music_ingestion_realtime' retrieved from /opt/airflow/dags/music_ingestion_dag.py
[2026-03-06T10:24:53.091+0000] {logging_mixin.py:190} INFO - [2026-03-06T10:24:53.091+0000] {dag.py:3239} INFO - Sync 1 DAGs
[2026-03-06T10:24:53.152+0000] {logging_mixin.py:190} INFO - [2026-03-06T10:24:53.152+0000] {dag.py:4180} INFO - Setting next_dagrun for 01_music_ingestion_realtime to 2026-03-06 09:00:00+00:00, run_after=2026-03-06 10:00:00+00:00
[2026-03-06T10:24:53.192+0000] {processor.py:208} INFO - Processing /opt/airflow/dags/music_ingestion_dag.py took 0.193 seconds
[2026-03-06T10:25:23.593+0000] {processor.py:186} INFO - Started process (PID=5426) to work on /opt/airflow/dags/music_ingestion_dag.py
[2026-03-06T10:25:23.595+0000] {processor.py:914} INFO - Processing file /opt/airflow/dags/music_ingestion_dag.py for tasks to queue
[2026-03-06T10:25:23.596+0000] {logging_mixin.py:190} INFO - [2026-03-06T10:25:23.596+0000] {dagbag.py:588} INFO - Filling up the DagBag from /opt/airflow/dags/music_ingestion_dag.py
[2026-03-06T10:25:23.627+0000] {processor.py:925} INFO - DAG(s) '01_music_ingestion_realtime' retrieved from /opt/airflow/dags/music_ingestion_dag.py
[2026-03-06T10:25:23.670+0000] {logging_mixin.py:190} INFO - [2026-03-06T10:25:23.670+0000] {dag.py:3239} INFO - Sync 1 DAGs
[2026-03-06T10:25:23.715+0000] {logging_mixin.py:190} INFO - [2026-03-06T10:25:23.715+0000] {dag.py:4180} INFO - Setting next_dagrun for 01_music_ingestion_realtime to 2026-03-06 09:00:00+00:00, run_after=2026-03-06 10:00:00+00:00
[2026-03-06T10:25:23.746+0000] {processor.py:208} INFO - Processing /opt/airflow/dags/music_ingestion_dag.py took 0.164 seconds
[2026-03-06T10:25:53.985+0000] {processor.py:186} INFO - Started process (PID=5436) to work on /opt/airflow/dags/music_ingestion_dag.py
[2026-03-06T10:25:53.987+0000] {processor.py:914} INFO - Processing file /opt/airflow/dags/music_ingestion_dag.py for tasks to queue
[2026-03-06T10:25:53.988+0000] {logging_mixin.py:190} INFO - [2026-03-06T10:25:53.988+0000] {dagbag.py:588} INFO - Filling up the DagBag from /opt/airflow/dags/music_ingestion_dag.py
[2026-03-06T10:25:54.016+0000] {processor.py:925} INFO - DAG(s) '01_music_ingestion_realtime' retrieved from /opt/airflow/dags/music_ingestion_dag.py
[2026-03-06T10:25:54.061+0000] {logging_mixin.py:190} INFO - [2026-03-06T10:25:54.061+0000] {dag.py:3239} INFO - Sync 1 DAGs
[2026-03-06T10:25:54.108+0000] {logging_mixin.py:190} INFO - [2026-03-06T10:25:54.108+0000] {dag.py:4180} INFO - Setting next_dagrun for 01_music_ingestion_realtime to 2026-03-06 09:00:00+00:00, run_after=2026-03-06 10:00:00+00:00
[2026-03-06T10:25:54.146+0000] {processor.py:208} INFO - Processing /opt/airflow/dags/music_ingestion_dag.py took 0.170 seconds
[2026-03-06T10:26:24.570+0000] {processor.py:186} INFO - Started process (PID=5446) to work on /opt/airflow/dags/music_ingestion_dag.py
[2026-03-06T10:26:24.571+0000] {processor.py:914} INFO - Processing file /opt/airflow/dags/music_ingestion_dag.py for tasks to queue
[2026-03-06T10:26:24.573+0000] {logging_mixin.py:190} INFO - [2026-03-06T10:26:24.572+0000] {dagbag.py:588} INFO - Filling up the DagBag from /opt/airflow/dags/music_ingestion_dag.py
[2026-03-06T10:26:24.601+0000] {processor.py:925} INFO - DAG(s) '01_music_ingestion_realtime' retrieved from /opt/airflow/dags/music_ingestion_dag.py
[2026-03-06T10:26:24.646+0000] {logging_mixin.py:190} INFO - [2026-03-06T10:26:24.645+0000] {dag.py:3239} INFO - Sync 1 DAGs
[2026-03-06T10:26:24.686+0000] {logging_mixin.py:190} INFO - [2026-03-06T10:26:24.686+0000] {dag.py:4180} INFO - Setting next_dagrun for 01_music_ingestion_realtime to 2026-03-06 09:00:00+00:00, run_after=2026-03-06 10:00:00+00:00
[2026-03-06T10:26:24.724+0000] {processor.py:208} INFO - Processing /opt/airflow/dags/music_ingestion_dag.py took 0.163 seconds
[2026-03-06T10:26:54.974+0000] {processor.py:186} INFO - Started process (PID=5456) to work on /opt/airflow/dags/music_ingestion_dag.py
[2026-03-06T10:26:54.975+0000] {processor.py:914} INFO - Processing file /opt/airflow/dags/music_ingestion_dag.py for tasks to queue
[2026-03-06T10:26:54.978+0000] {logging_mixin.py:190} INFO - [2026-03-06T10:26:54.978+0000] {dagbag.py:588} INFO - Filling up the DagBag from /opt/airflow/dags/music_ingestion_dag.py
[2026-03-06T10:26:55.003+0000] {processor.py:925} INFO - DAG(s) '01_music_ingestion_realtime' retrieved from /opt/airflow/dags/music_ingestion_dag.py
[2026-03-06T10:26:55.055+0000] {logging_mixin.py:190} INFO - [2026-03-06T10:26:55.055+0000] {dag.py:3239} INFO - Sync 1 DAGs
[2026-03-06T10:26:55.096+0000] {logging_mixin.py:190} INFO - [2026-03-06T10:26:55.096+0000] {dag.py:4180} INFO - Setting next_dagrun for 01_music_ingestion_realtime to 2026-03-06 09:00:00+00:00, run_after=2026-03-06 10:00:00+00:00
[2026-03-06T10:26:55.132+0000] {processor.py:208} INFO - Processing /opt/airflow/dags/music_ingestion_dag.py took 0.167 seconds
[2026-03-06T10:27:25.523+0000] {processor.py:186} INFO - Started process (PID=5466) to work on /opt/airflow/dags/music_ingestion_dag.py
[2026-03-06T10:27:25.526+0000] {processor.py:914} INFO - Processing file /opt/airflow/dags/music_ingestion_dag.py for tasks to queue
[2026-03-06T10:27:25.528+0000] {logging_mixin.py:190} INFO - [2026-03-06T10:27:25.527+0000] {dagbag.py:588} INFO - Filling up the DagBag from /opt/airflow/dags/music_ingestion_dag.py
[2026-03-06T10:27:25.551+0000] {processor.py:925} INFO - DAG(s) '01_music_ingestion_realtime' retrieved from /opt/airflow/dags/music_ingestion_dag.py
[2026-03-06T10:27:25.594+0000] {logging_mixin.py:190} INFO - [2026-03-06T10:27:25.593+0000] {dag.py:3239} INFO - Sync 1 DAGs
[2026-03-06T10:27:25.633+0000] {logging_mixin.py:190} INFO - [2026-03-06T10:27:25.633+0000] {dag.py:4180} INFO - Setting next_dagrun for 01_music_ingestion_realtime to 2026-03-06 09:00:00+00:00, run_after=2026-03-06 10:00:00+00:00
[2026-03-06T10:27:25.664+0000] {processor.py:208} INFO - Processing /opt/airflow/dags/music_ingestion_dag.py took 0.151 seconds
[2026-03-06T10:27:55.917+0000] {processor.py:186} INFO - Started process (PID=5476) to work on /opt/airflow/dags/music_ingestion_dag.py
[2026-03-06T10:27:55.919+0000] {processor.py:914} INFO - Processing file /opt/airflow/dags/music_ingestion_dag.py for tasks to queue
[2026-03-06T10:27:55.920+0000] {logging_mixin.py:190} INFO - [2026-03-06T10:27:55.920+0000] {dagbag.py:588} INFO - Filling up the DagBag from /opt/airflow/dags/music_ingestion_dag.py
[2026-03-06T10:27:55.954+0000] {processor.py:925} INFO - DAG(s) '01_music_ingestion_realtime' retrieved from /opt/airflow/dags/music_ingestion_dag.py
[2026-03-06T10:27:55.998+0000] {logging_mixin.py:190} INFO - [2026-03-06T10:27:55.997+0000] {dag.py:3239} INFO - Sync 1 DAGs
[2026-03-06T10:27:56.046+0000] {logging_mixin.py:190} INFO - [2026-03-06T10:27:56.045+0000] {dag.py:4180} INFO - Setting next_dagrun for 01_music_ingestion_realtime to 2026-03-06 09:00:00+00:00, run_after=2026-03-06 10:00:00+00:00
[2026-03-06T10:27:56.081+0000] {processor.py:208} INFO - Processing /opt/airflow/dags/music_ingestion_dag.py took 0.175 seconds
[2026-03-06T10:28:26.477+0000] {processor.py:186} INFO - Started process (PID=5486) to work on /opt/airflow/dags/music_ingestion_dag.py
[2026-03-06T10:28:26.478+0000] {processor.py:914} INFO - Processing file /opt/airflow/dags/music_ingestion_dag.py for tasks to queue
[2026-03-06T10:28:26.481+0000] {logging_mixin.py:190} INFO - [2026-03-06T10:28:26.480+0000] {dagbag.py:588} INFO - Filling up the DagBag from /opt/airflow/dags/music_ingestion_dag.py
[2026-03-06T10:28:26.510+0000] {processor.py:925} INFO - DAG(s) '01_music_ingestion_realtime' retrieved from /opt/airflow/dags/music_ingestion_dag.py
[2026-03-06T10:28:26.563+0000] {logging_mixin.py:190} INFO - [2026-03-06T10:28:26.563+0000] {dag.py:3239} INFO - Sync 1 DAGs
[2026-03-06T10:28:26.609+0000] {logging_mixin.py:190} INFO - [2026-03-06T10:28:26.609+0000] {dag.py:4180} INFO - Setting next_dagrun for 01_music_ingestion_realtime to 2026-03-06 09:00:00+00:00, run_after=2026-03-06 10:00:00+00:00
[2026-03-06T10:28:26.643+0000] {processor.py:208} INFO - Processing /opt/airflow/dags/music_ingestion_dag.py took 0.175 seconds
[2026-03-06T10:28:57.062+0000] {processor.py:186} INFO - Started process (PID=5496) to work on /opt/airflow/dags/music_ingestion_dag.py
[2026-03-06T10:28:57.064+0000] {processor.py:914} INFO - Processing file /opt/airflow/dags/music_ingestion_dag.py for tasks to queue
[2026-03-06T10:28:57.067+0000] {logging_mixin.py:190} INFO - [2026-03-06T10:28:57.066+0000] {dagbag.py:588} INFO - Filling up the DagBag from /opt/airflow/dags/music_ingestion_dag.py
[2026-03-06T10:28:57.100+0000] {processor.py:925} INFO - DAG(s) '01_music_ingestion_realtime' retrieved from /opt/airflow/dags/music_ingestion_dag.py
[2026-03-06T10:28:57.144+0000] {logging_mixin.py:190} INFO - [2026-03-06T10:28:57.144+0000] {dag.py:3239} INFO - Sync 1 DAGs
[2026-03-06T10:28:57.182+0000] {logging_mixin.py:190} INFO - [2026-03-06T10:28:57.182+0000] {dag.py:4180} INFO - Setting next_dagrun for 01_music_ingestion_realtime to 2026-03-06 09:00:00+00:00, run_after=2026-03-06 10:00:00+00:00
[2026-03-06T10:28:57.231+0000] {processor.py:208} INFO - Processing /opt/airflow/dags/music_ingestion_dag.py took 0.177 seconds
[2026-03-06T10:29:27.477+0000] {processor.py:186} INFO - Started process (PID=5506) to work on /opt/airflow/dags/music_ingestion_dag.py
[2026-03-06T10:29:27.478+0000] {processor.py:914} INFO - Processing file /opt/airflow/dags/music_ingestion_dag.py for tasks to queue
[2026-03-06T10:29:27.480+0000] {logging_mixin.py:190} INFO - [2026-03-06T10:29:27.480+0000] {dagbag.py:588} INFO - Filling up the DagBag from /opt/airflow/dags/music_ingestion_dag.py
[2026-03-06T10:29:27.510+0000] {processor.py:925} INFO - DAG(s) '01_music_ingestion_realtime' retrieved from /opt/airflow/dags/music_ingestion_dag.py
[2026-03-06T10:29:27.559+0000] {logging_mixin.py:190} INFO - [2026-03-06T10:29:27.558+0000] {dag.py:3239} INFO - Sync 1 DAGs
[2026-03-06T10:29:27.611+0000] {logging_mixin.py:190} INFO - [2026-03-06T10:29:27.611+0000] {dag.py:4180} INFO - Setting next_dagrun for 01_music_ingestion_realtime to 2026-03-06 09:00:00+00:00, run_after=2026-03-06 10:00:00+00:00
[2026-03-06T10:29:27.644+0000] {processor.py:208} INFO - Processing /opt/airflow/dags/music_ingestion_dag.py took 0.177 seconds
[2026-03-06T10:29:58.014+0000] {processor.py:186} INFO - Started process (PID=5516) to work on /opt/airflow/dags/music_ingestion_dag.py
[2026-03-06T10:29:58.016+0000] {processor.py:914} INFO - Processing file /opt/airflow/dags/music_ingestion_dag.py for tasks to queue
[2026-03-06T10:29:58.019+0000] {logging_mixin.py:190} INFO - [2026-03-06T10:29:58.018+0000] {dagbag.py:588} INFO - Filling up the DagBag from /opt/airflow/dags/music_ingestion_dag.py
[2026-03-06T10:29:58.053+0000] {processor.py:925} INFO - DAG(s) '01_music_ingestion_realtime' retrieved from /opt/airflow/dags/music_ingestion_dag.py
[2026-03-06T10:29:58.101+0000] {logging_mixin.py:190} INFO - [2026-03-06T10:29:58.100+0000] {dag.py:3239} INFO - Sync 1 DAGs
[2026-03-06T10:29:58.138+0000] {logging_mixin.py:190} INFO - [2026-03-06T10:29:58.137+0000] {dag.py:4180} INFO - Setting next_dagrun for 01_music_ingestion_realtime to 2026-03-06 09:00:00+00:00, run_after=2026-03-06 10:00:00+00:00
[2026-03-06T10:29:58.170+0000] {processor.py:208} INFO - Processing /opt/airflow/dags/music_ingestion_dag.py took 0.173 seconds
[2026-03-06T10:30:28.412+0000] {processor.py:186} INFO - Started process (PID=5526) to work on /opt/airflow/dags/music_ingestion_dag.py
[2026-03-06T10:30:28.416+0000] {processor.py:914} INFO - Processing file /opt/airflow/dags/music_ingestion_dag.py for tasks to queue
[2026-03-06T10:30:28.419+0000] {logging_mixin.py:190} INFO - [2026-03-06T10:30:28.418+0000] {dagbag.py:588} INFO - Filling up the DagBag from /opt/airflow/dags/music_ingestion_dag.py
[2026-03-06T10:30:28.457+0000] {processor.py:925} INFO - DAG(s) '01_music_ingestion_realtime' retrieved from /opt/airflow/dags/music_ingestion_dag.py
[2026-03-06T10:30:28.504+0000] {logging_mixin.py:190} INFO - [2026-03-06T10:30:28.504+0000] {dag.py:3239} INFO - Sync 1 DAGs
[2026-03-06T10:30:28.547+0000] {logging_mixin.py:190} INFO - [2026-03-06T10:30:28.547+0000] {dag.py:4180} INFO - Setting next_dagrun for 01_music_ingestion_realtime to 2026-03-06 09:00:00+00:00, run_after=2026-03-06 10:00:00+00:00
[2026-03-06T10:30:28.581+0000] {processor.py:208} INFO - Processing /opt/airflow/dags/music_ingestion_dag.py took 0.180 seconds
[2026-03-06T10:30:58.952+0000] {processor.py:186} INFO - Started process (PID=5536) to work on /opt/airflow/dags/music_ingestion_dag.py
[2026-03-06T10:30:58.954+0000] {processor.py:914} INFO - Processing file /opt/airflow/dags/music_ingestion_dag.py for tasks to queue
[2026-03-06T10:30:58.957+0000] {logging_mixin.py:190} INFO - [2026-03-06T10:30:58.956+0000] {dagbag.py:588} INFO - Filling up the DagBag from /opt/airflow/dags/music_ingestion_dag.py
[2026-03-06T10:30:59.002+0000] {processor.py:925} INFO - DAG(s) '01_music_ingestion_realtime' retrieved from /opt/airflow/dags/music_ingestion_dag.py
[2026-03-06T10:30:59.051+0000] {logging_mixin.py:190} INFO - [2026-03-06T10:30:59.050+0000] {dag.py:3239} INFO - Sync 1 DAGs
[2026-03-06T10:30:59.096+0000] {logging_mixin.py:190} INFO - [2026-03-06T10:30:59.095+0000] {dag.py:4180} INFO - Setting next_dagrun for 01_music_ingestion_realtime to 2026-03-06 09:00:00+00:00, run_after=2026-03-06 10:00:00+00:00
[2026-03-06T10:30:59.129+0000] {processor.py:208} INFO - Processing /opt/airflow/dags/music_ingestion_dag.py took 0.186 seconds
[2026-03-06T10:31:29.458+0000] {processor.py:186} INFO - Started process (PID=5546) to work on /opt/airflow/dags/music_ingestion_dag.py
[2026-03-06T10:31:29.459+0000] {processor.py:914} INFO - Processing file /opt/airflow/dags/music_ingestion_dag.py for tasks to queue
[2026-03-06T10:31:29.462+0000] {logging_mixin.py:190} INFO - [2026-03-06T10:31:29.461+0000] {dagbag.py:588} INFO - Filling up the DagBag from /opt/airflow/dags/music_ingestion_dag.py
[2026-03-06T10:31:29.494+0000] {processor.py:925} INFO - DAG(s) '01_music_ingestion_realtime' retrieved from /opt/airflow/dags/music_ingestion_dag.py
[2026-03-06T10:31:29.546+0000] {logging_mixin.py:190} INFO - [2026-03-06T10:31:29.546+0000] {dag.py:3239} INFO - Sync 1 DAGs
[2026-03-06T10:31:29.592+0000] {logging_mixin.py:190} INFO - [2026-03-06T10:31:29.592+0000] {dag.py:4180} INFO - Setting next_dagrun for 01_music_ingestion_realtime to 2026-03-06 09:00:00+00:00, run_after=2026-03-06 10:00:00+00:00
[2026-03-06T10:31:29.624+0000] {processor.py:208} INFO - Processing /opt/airflow/dags/music_ingestion_dag.py took 0.176 seconds
