[2026-02-11T18:27:57.013+0000] {processor.py:186} INFO - Started process (PID=167) to work on /opt/airflow/dags/music_ingestion_dag.py
[2026-02-11T18:27:57.014+0000] {processor.py:914} INFO - Processing file /opt/airflow/dags/music_ingestion_dag.py for tasks to queue
[2026-02-11T18:27:57.017+0000] {logging_mixin.py:190} INFO - [2026-02-11T18:27:57.017+0000] {dagbag.py:588} INFO - Filling up the DagBag from /opt/airflow/dags/music_ingestion_dag.py
[2026-02-11T18:27:57.060+0000] {processor.py:925} INFO - DAG(s) '01_music_ingestion_realtime' retrieved from /opt/airflow/dags/music_ingestion_dag.py
[2026-02-11T18:27:57.358+0000] {logging_mixin.py:190} INFO - [2026-02-11T18:27:57.358+0000] {dag.py:3239} INFO - Sync 1 DAGs
[2026-02-11T18:27:57.423+0000] {logging_mixin.py:190} INFO - [2026-02-11T18:27:57.422+0000] {dag.py:4180} INFO - Setting next_dagrun for 01_music_ingestion_realtime to 2026-02-11 17:00:00+00:00, run_after=2026-02-11 18:00:00+00:00
[2026-02-11T18:27:57.497+0000] {processor.py:208} INFO - Processing /opt/airflow/dags/music_ingestion_dag.py took 0.498 seconds
[2026-02-11T18:28:27.882+0000] {processor.py:186} INFO - Started process (PID=172) to work on /opt/airflow/dags/music_ingestion_dag.py
[2026-02-11T18:28:27.884+0000] {processor.py:914} INFO - Processing file /opt/airflow/dags/music_ingestion_dag.py for tasks to queue
[2026-02-11T18:28:27.887+0000] {logging_mixin.py:190} INFO - [2026-02-11T18:28:27.887+0000] {dagbag.py:588} INFO - Filling up the DagBag from /opt/airflow/dags/music_ingestion_dag.py
[2026-02-11T18:28:27.910+0000] {processor.py:925} INFO - DAG(s) '01_music_ingestion_realtime' retrieved from /opt/airflow/dags/music_ingestion_dag.py
[2026-02-11T18:28:27.941+0000] {logging_mixin.py:190} INFO - [2026-02-11T18:28:27.941+0000] {dag.py:3239} INFO - Sync 1 DAGs
[2026-02-11T18:28:27.970+0000] {logging_mixin.py:190} INFO - [2026-02-11T18:28:27.970+0000] {dag.py:4180} INFO - Setting next_dagrun for 01_music_ingestion_realtime to 2026-02-11 17:00:00+00:00, run_after=2026-02-11 18:00:00+00:00
[2026-02-11T18:28:27.996+0000] {processor.py:208} INFO - Processing /opt/airflow/dags/music_ingestion_dag.py took 0.122 seconds
[2026-02-11T18:28:58.227+0000] {processor.py:186} INFO - Started process (PID=177) to work on /opt/airflow/dags/music_ingestion_dag.py
[2026-02-11T18:28:58.228+0000] {processor.py:914} INFO - Processing file /opt/airflow/dags/music_ingestion_dag.py for tasks to queue
[2026-02-11T18:28:58.231+0000] {logging_mixin.py:190} INFO - [2026-02-11T18:28:58.231+0000] {dagbag.py:588} INFO - Filling up the DagBag from /opt/airflow/dags/music_ingestion_dag.py
[2026-02-11T18:28:58.254+0000] {processor.py:925} INFO - DAG(s) '01_music_ingestion_realtime' retrieved from /opt/airflow/dags/music_ingestion_dag.py
[2026-02-11T18:28:58.284+0000] {logging_mixin.py:190} INFO - [2026-02-11T18:28:58.284+0000] {dag.py:3239} INFO - Sync 1 DAGs
[2026-02-11T18:28:58.313+0000] {logging_mixin.py:190} INFO - [2026-02-11T18:28:58.313+0000] {dag.py:4180} INFO - Setting next_dagrun for 01_music_ingestion_realtime to 2026-02-11 17:00:00+00:00, run_after=2026-02-11 18:00:00+00:00
[2026-02-11T18:28:58.340+0000] {processor.py:208} INFO - Processing /opt/airflow/dags/music_ingestion_dag.py took 0.119 seconds
[2026-02-11T18:29:28.711+0000] {processor.py:186} INFO - Started process (PID=182) to work on /opt/airflow/dags/music_ingestion_dag.py
[2026-02-11T18:29:28.712+0000] {processor.py:914} INFO - Processing file /opt/airflow/dags/music_ingestion_dag.py for tasks to queue
[2026-02-11T18:29:28.715+0000] {logging_mixin.py:190} INFO - [2026-02-11T18:29:28.714+0000] {dagbag.py:588} INFO - Filling up the DagBag from /opt/airflow/dags/music_ingestion_dag.py
[2026-02-11T18:29:28.739+0000] {processor.py:925} INFO - DAG(s) '01_music_ingestion_realtime' retrieved from /opt/airflow/dags/music_ingestion_dag.py
[2026-02-11T18:29:28.768+0000] {logging_mixin.py:190} INFO - [2026-02-11T18:29:28.768+0000] {dag.py:3239} INFO - Sync 1 DAGs
[2026-02-11T18:29:28.791+0000] {logging_mixin.py:190} INFO - [2026-02-11T18:29:28.791+0000] {dag.py:4180} INFO - Setting next_dagrun for 01_music_ingestion_realtime to 2026-02-11 17:00:00+00:00, run_after=2026-02-11 18:00:00+00:00
[2026-02-11T18:29:28.819+0000] {processor.py:208} INFO - Processing /opt/airflow/dags/music_ingestion_dag.py took 0.113 seconds
[2026-02-11T18:29:59.103+0000] {processor.py:186} INFO - Started process (PID=187) to work on /opt/airflow/dags/music_ingestion_dag.py
[2026-02-11T18:29:59.104+0000] {processor.py:914} INFO - Processing file /opt/airflow/dags/music_ingestion_dag.py for tasks to queue
[2026-02-11T18:29:59.109+0000] {logging_mixin.py:190} INFO - [2026-02-11T18:29:59.108+0000] {dagbag.py:588} INFO - Filling up the DagBag from /opt/airflow/dags/music_ingestion_dag.py
[2026-02-11T18:29:59.147+0000] {processor.py:925} INFO - DAG(s) '01_music_ingestion_realtime' retrieved from /opt/airflow/dags/music_ingestion_dag.py
[2026-02-11T18:29:59.192+0000] {logging_mixin.py:190} INFO - [2026-02-11T18:29:59.192+0000] {dag.py:3239} INFO - Sync 1 DAGs
[2026-02-11T18:29:59.232+0000] {logging_mixin.py:190} INFO - [2026-02-11T18:29:59.232+0000] {dag.py:4180} INFO - Setting next_dagrun for 01_music_ingestion_realtime to 2026-02-11 17:00:00+00:00, run_after=2026-02-11 18:00:00+00:00
[2026-02-11T18:29:59.267+0000] {processor.py:208} INFO - Processing /opt/airflow/dags/music_ingestion_dag.py took 0.169 seconds
[2026-02-11T18:30:29.557+0000] {processor.py:186} INFO - Started process (PID=192) to work on /opt/airflow/dags/music_ingestion_dag.py
[2026-02-11T18:30:29.559+0000] {processor.py:914} INFO - Processing file /opt/airflow/dags/music_ingestion_dag.py for tasks to queue
[2026-02-11T18:30:29.561+0000] {logging_mixin.py:190} INFO - [2026-02-11T18:30:29.561+0000] {dagbag.py:588} INFO - Filling up the DagBag from /opt/airflow/dags/music_ingestion_dag.py
[2026-02-11T18:30:29.583+0000] {processor.py:925} INFO - DAG(s) '01_music_ingestion_realtime' retrieved from /opt/airflow/dags/music_ingestion_dag.py
[2026-02-11T18:30:29.615+0000] {logging_mixin.py:190} INFO - [2026-02-11T18:30:29.615+0000] {dag.py:3239} INFO - Sync 1 DAGs
[2026-02-11T18:30:29.638+0000] {logging_mixin.py:190} INFO - [2026-02-11T18:30:29.638+0000] {dag.py:4180} INFO - Setting next_dagrun for 01_music_ingestion_realtime to 2026-02-11 17:00:00+00:00, run_after=2026-02-11 18:00:00+00:00
[2026-02-11T18:30:29.663+0000] {processor.py:208} INFO - Processing /opt/airflow/dags/music_ingestion_dag.py took 0.112 seconds
[2026-02-11T18:31:00.040+0000] {processor.py:186} INFO - Started process (PID=197) to work on /opt/airflow/dags/music_ingestion_dag.py
[2026-02-11T18:31:00.042+0000] {processor.py:914} INFO - Processing file /opt/airflow/dags/music_ingestion_dag.py for tasks to queue
[2026-02-11T18:31:00.045+0000] {logging_mixin.py:190} INFO - [2026-02-11T18:31:00.045+0000] {dagbag.py:588} INFO - Filling up the DagBag from /opt/airflow/dags/music_ingestion_dag.py
[2026-02-11T18:31:00.076+0000] {processor.py:925} INFO - DAG(s) '01_music_ingestion_realtime' retrieved from /opt/airflow/dags/music_ingestion_dag.py
[2026-02-11T18:31:00.104+0000] {logging_mixin.py:190} INFO - [2026-02-11T18:31:00.104+0000] {dag.py:3239} INFO - Sync 1 DAGs
[2026-02-11T18:31:00.128+0000] {logging_mixin.py:190} INFO - [2026-02-11T18:31:00.127+0000] {dag.py:4180} INFO - Setting next_dagrun for 01_music_ingestion_realtime to 2026-02-11 17:00:00+00:00, run_after=2026-02-11 18:00:00+00:00
[2026-02-11T18:31:00.153+0000] {processor.py:208} INFO - Processing /opt/airflow/dags/music_ingestion_dag.py took 0.119 seconds
[2026-02-11T18:31:30.365+0000] {processor.py:186} INFO - Started process (PID=202) to work on /opt/airflow/dags/music_ingestion_dag.py
[2026-02-11T18:31:30.366+0000] {processor.py:914} INFO - Processing file /opt/airflow/dags/music_ingestion_dag.py for tasks to queue
[2026-02-11T18:31:30.369+0000] {logging_mixin.py:190} INFO - [2026-02-11T18:31:30.368+0000] {dagbag.py:588} INFO - Filling up the DagBag from /opt/airflow/dags/music_ingestion_dag.py
[2026-02-11T18:31:30.394+0000] {processor.py:925} INFO - DAG(s) '01_music_ingestion_realtime' retrieved from /opt/airflow/dags/music_ingestion_dag.py
[2026-02-11T18:31:30.425+0000] {logging_mixin.py:190} INFO - [2026-02-11T18:31:30.425+0000] {dag.py:3239} INFO - Sync 1 DAGs
[2026-02-11T18:31:30.450+0000] {logging_mixin.py:190} INFO - [2026-02-11T18:31:30.450+0000] {dag.py:4180} INFO - Setting next_dagrun for 01_music_ingestion_realtime to 2026-02-11 17:00:00+00:00, run_after=2026-02-11 18:00:00+00:00
[2026-02-11T18:31:30.478+0000] {processor.py:208} INFO - Processing /opt/airflow/dags/music_ingestion_dag.py took 0.118 seconds
[2026-02-11T18:32:00.739+0000] {processor.py:186} INFO - Started process (PID=207) to work on /opt/airflow/dags/music_ingestion_dag.py
[2026-02-11T18:32:00.740+0000] {processor.py:914} INFO - Processing file /opt/airflow/dags/music_ingestion_dag.py for tasks to queue
[2026-02-11T18:32:00.743+0000] {logging_mixin.py:190} INFO - [2026-02-11T18:32:00.743+0000] {dagbag.py:588} INFO - Filling up the DagBag from /opt/airflow/dags/music_ingestion_dag.py
[2026-02-11T18:32:00.769+0000] {processor.py:925} INFO - DAG(s) '01_music_ingestion_realtime' retrieved from /opt/airflow/dags/music_ingestion_dag.py
[2026-02-11T18:32:00.801+0000] {logging_mixin.py:190} INFO - [2026-02-11T18:32:00.801+0000] {dag.py:3239} INFO - Sync 1 DAGs
[2026-02-11T18:32:00.827+0000] {logging_mixin.py:190} INFO - [2026-02-11T18:32:00.827+0000] {dag.py:4180} INFO - Setting next_dagrun for 01_music_ingestion_realtime to 2026-02-11 17:00:00+00:00, run_after=2026-02-11 18:00:00+00:00
[2026-02-11T18:32:00.846+0000] {processor.py:208} INFO - Processing /opt/airflow/dags/music_ingestion_dag.py took 0.113 seconds
[2026-02-11T18:32:31.007+0000] {processor.py:186} INFO - Started process (PID=212) to work on /opt/airflow/dags/music_ingestion_dag.py
[2026-02-11T18:32:31.009+0000] {processor.py:914} INFO - Processing file /opt/airflow/dags/music_ingestion_dag.py for tasks to queue
[2026-02-11T18:32:31.016+0000] {logging_mixin.py:190} INFO - [2026-02-11T18:32:31.016+0000] {dagbag.py:588} INFO - Filling up the DagBag from /opt/airflow/dags/music_ingestion_dag.py
[2026-02-11T18:32:31.045+0000] {processor.py:925} INFO - DAG(s) '01_music_ingestion_realtime' retrieved from /opt/airflow/dags/music_ingestion_dag.py
[2026-02-11T18:32:31.084+0000] {logging_mixin.py:190} INFO - [2026-02-11T18:32:31.083+0000] {dag.py:3239} INFO - Sync 1 DAGs
[2026-02-11T18:32:31.112+0000] {logging_mixin.py:190} INFO - [2026-02-11T18:32:31.112+0000] {dag.py:4180} INFO - Setting next_dagrun for 01_music_ingestion_realtime to 2026-02-11 17:00:00+00:00, run_after=2026-02-11 18:00:00+00:00
[2026-02-11T18:32:31.136+0000] {processor.py:208} INFO - Processing /opt/airflow/dags/music_ingestion_dag.py took 0.138 seconds
[2026-02-11T18:33:01.394+0000] {processor.py:186} INFO - Started process (PID=217) to work on /opt/airflow/dags/music_ingestion_dag.py
[2026-02-11T18:33:01.395+0000] {processor.py:914} INFO - Processing file /opt/airflow/dags/music_ingestion_dag.py for tasks to queue
[2026-02-11T18:33:01.398+0000] {logging_mixin.py:190} INFO - [2026-02-11T18:33:01.397+0000] {dagbag.py:588} INFO - Filling up the DagBag from /opt/airflow/dags/music_ingestion_dag.py
[2026-02-11T18:33:01.421+0000] {processor.py:925} INFO - DAG(s) '01_music_ingestion_realtime' retrieved from /opt/airflow/dags/music_ingestion_dag.py
[2026-02-11T18:33:01.450+0000] {logging_mixin.py:190} INFO - [2026-02-11T18:33:01.450+0000] {dag.py:3239} INFO - Sync 1 DAGs
[2026-02-11T18:33:01.476+0000] {logging_mixin.py:190} INFO - [2026-02-11T18:33:01.476+0000] {dag.py:4180} INFO - Setting next_dagrun for 01_music_ingestion_realtime to 2026-02-11 17:00:00+00:00, run_after=2026-02-11 18:00:00+00:00
[2026-02-11T18:33:01.503+0000] {processor.py:208} INFO - Processing /opt/airflow/dags/music_ingestion_dag.py took 0.115 seconds
[2026-02-11T18:33:31.655+0000] {processor.py:186} INFO - Started process (PID=222) to work on /opt/airflow/dags/music_ingestion_dag.py
[2026-02-11T18:33:31.656+0000] {processor.py:914} INFO - Processing file /opt/airflow/dags/music_ingestion_dag.py for tasks to queue
[2026-02-11T18:33:31.658+0000] {logging_mixin.py:190} INFO - [2026-02-11T18:33:31.658+0000] {dagbag.py:588} INFO - Filling up the DagBag from /opt/airflow/dags/music_ingestion_dag.py
[2026-02-11T18:33:31.686+0000] {processor.py:925} INFO - DAG(s) '01_music_ingestion_realtime' retrieved from /opt/airflow/dags/music_ingestion_dag.py
[2026-02-11T18:33:31.722+0000] {logging_mixin.py:190} INFO - [2026-02-11T18:33:31.722+0000] {dag.py:3239} INFO - Sync 1 DAGs
[2026-02-11T18:33:31.755+0000] {logging_mixin.py:190} INFO - [2026-02-11T18:33:31.755+0000] {dag.py:4180} INFO - Setting next_dagrun for 01_music_ingestion_realtime to 2026-02-11 17:00:00+00:00, run_after=2026-02-11 18:00:00+00:00
[2026-02-11T18:33:31.788+0000] {processor.py:208} INFO - Processing /opt/airflow/dags/music_ingestion_dag.py took 0.139 seconds
[2026-02-11T18:34:02.039+0000] {processor.py:186} INFO - Started process (PID=227) to work on /opt/airflow/dags/music_ingestion_dag.py
[2026-02-11T18:34:02.041+0000] {processor.py:914} INFO - Processing file /opt/airflow/dags/music_ingestion_dag.py for tasks to queue
[2026-02-11T18:34:02.044+0000] {logging_mixin.py:190} INFO - [2026-02-11T18:34:02.044+0000] {dagbag.py:588} INFO - Filling up the DagBag from /opt/airflow/dags/music_ingestion_dag.py
[2026-02-11T18:34:02.068+0000] {processor.py:925} INFO - DAG(s) '01_music_ingestion_realtime' retrieved from /opt/airflow/dags/music_ingestion_dag.py
[2026-02-11T18:34:02.098+0000] {logging_mixin.py:190} INFO - [2026-02-11T18:34:02.098+0000] {dag.py:3239} INFO - Sync 1 DAGs
[2026-02-11T18:34:02.129+0000] {logging_mixin.py:190} INFO - [2026-02-11T18:34:02.129+0000] {dag.py:4180} INFO - Setting next_dagrun for 01_music_ingestion_realtime to 2026-02-11 17:00:00+00:00, run_after=2026-02-11 18:00:00+00:00
[2026-02-11T18:34:02.174+0000] {processor.py:208} INFO - Processing /opt/airflow/dags/music_ingestion_dag.py took 0.141 seconds
[2026-02-11T18:34:32.351+0000] {processor.py:186} INFO - Started process (PID=232) to work on /opt/airflow/dags/music_ingestion_dag.py
[2026-02-11T18:34:32.353+0000] {processor.py:914} INFO - Processing file /opt/airflow/dags/music_ingestion_dag.py for tasks to queue
[2026-02-11T18:34:32.357+0000] {logging_mixin.py:190} INFO - [2026-02-11T18:34:32.356+0000] {dagbag.py:588} INFO - Filling up the DagBag from /opt/airflow/dags/music_ingestion_dag.py
[2026-02-11T18:34:32.386+0000] {processor.py:925} INFO - DAG(s) '01_music_ingestion_realtime' retrieved from /opt/airflow/dags/music_ingestion_dag.py
[2026-02-11T18:34:32.435+0000] {logging_mixin.py:190} INFO - [2026-02-11T18:34:32.435+0000] {dag.py:3239} INFO - Sync 1 DAGs
[2026-02-11T18:34:32.462+0000] {logging_mixin.py:190} INFO - [2026-02-11T18:34:32.462+0000] {dag.py:4180} INFO - Setting next_dagrun for 01_music_ingestion_realtime to 2026-02-11 17:00:00+00:00, run_after=2026-02-11 18:00:00+00:00
[2026-02-11T18:34:32.508+0000] {processor.py:208} INFO - Processing /opt/airflow/dags/music_ingestion_dag.py took 0.163 seconds
[2026-02-11T18:35:02.799+0000] {processor.py:186} INFO - Started process (PID=237) to work on /opt/airflow/dags/music_ingestion_dag.py
[2026-02-11T18:35:02.800+0000] {processor.py:914} INFO - Processing file /opt/airflow/dags/music_ingestion_dag.py for tasks to queue
[2026-02-11T18:35:02.803+0000] {logging_mixin.py:190} INFO - [2026-02-11T18:35:02.803+0000] {dagbag.py:588} INFO - Filling up the DagBag from /opt/airflow/dags/music_ingestion_dag.py
[2026-02-11T18:35:02.833+0000] {processor.py:925} INFO - DAG(s) '01_music_ingestion_realtime' retrieved from /opt/airflow/dags/music_ingestion_dag.py
[2026-02-11T18:35:02.863+0000] {logging_mixin.py:190} INFO - [2026-02-11T18:35:02.862+0000] {dag.py:3239} INFO - Sync 1 DAGs
[2026-02-11T18:35:02.888+0000] {logging_mixin.py:190} INFO - [2026-02-11T18:35:02.888+0000] {dag.py:4180} INFO - Setting next_dagrun for 01_music_ingestion_realtime to 2026-02-11 17:00:00+00:00, run_after=2026-02-11 18:00:00+00:00
[2026-02-11T18:35:02.912+0000] {processor.py:208} INFO - Processing /opt/airflow/dags/music_ingestion_dag.py took 0.119 seconds
[2026-02-11T18:35:33.126+0000] {processor.py:186} INFO - Started process (PID=242) to work on /opt/airflow/dags/music_ingestion_dag.py
[2026-02-11T18:35:33.127+0000] {processor.py:914} INFO - Processing file /opt/airflow/dags/music_ingestion_dag.py for tasks to queue
[2026-02-11T18:35:33.130+0000] {logging_mixin.py:190} INFO - [2026-02-11T18:35:33.130+0000] {dagbag.py:588} INFO - Filling up the DagBag from /opt/airflow/dags/music_ingestion_dag.py
[2026-02-11T18:35:33.158+0000] {processor.py:925} INFO - DAG(s) '01_music_ingestion_realtime' retrieved from /opt/airflow/dags/music_ingestion_dag.py
[2026-02-11T18:35:33.190+0000] {logging_mixin.py:190} INFO - [2026-02-11T18:35:33.190+0000] {dag.py:3239} INFO - Sync 1 DAGs
[2026-02-11T18:35:33.217+0000] {logging_mixin.py:190} INFO - [2026-02-11T18:35:33.217+0000] {dag.py:4180} INFO - Setting next_dagrun for 01_music_ingestion_realtime to 2026-02-11 17:00:00+00:00, run_after=2026-02-11 18:00:00+00:00
[2026-02-11T18:35:33.241+0000] {processor.py:208} INFO - Processing /opt/airflow/dags/music_ingestion_dag.py took 0.121 seconds
[2026-02-11T18:36:03.469+0000] {processor.py:186} INFO - Started process (PID=247) to work on /opt/airflow/dags/music_ingestion_dag.py
[2026-02-11T18:36:03.470+0000] {processor.py:914} INFO - Processing file /opt/airflow/dags/music_ingestion_dag.py for tasks to queue
[2026-02-11T18:36:03.473+0000] {logging_mixin.py:190} INFO - [2026-02-11T18:36:03.473+0000] {dagbag.py:588} INFO - Filling up the DagBag from /opt/airflow/dags/music_ingestion_dag.py
[2026-02-11T18:36:03.499+0000] {processor.py:925} INFO - DAG(s) '01_music_ingestion_realtime' retrieved from /opt/airflow/dags/music_ingestion_dag.py
[2026-02-11T18:36:03.532+0000] {logging_mixin.py:190} INFO - [2026-02-11T18:36:03.532+0000] {dag.py:3239} INFO - Sync 1 DAGs
[2026-02-11T18:36:03.563+0000] {logging_mixin.py:190} INFO - [2026-02-11T18:36:03.563+0000] {dag.py:4180} INFO - Setting next_dagrun for 01_music_ingestion_realtime to 2026-02-11 17:00:00+00:00, run_after=2026-02-11 18:00:00+00:00
[2026-02-11T18:36:03.590+0000] {processor.py:208} INFO - Processing /opt/airflow/dags/music_ingestion_dag.py took 0.127 seconds
[2026-02-11T18:36:33.905+0000] {processor.py:186} INFO - Started process (PID=252) to work on /opt/airflow/dags/music_ingestion_dag.py
[2026-02-11T18:36:33.907+0000] {processor.py:914} INFO - Processing file /opt/airflow/dags/music_ingestion_dag.py for tasks to queue
[2026-02-11T18:36:33.920+0000] {logging_mixin.py:190} INFO - [2026-02-11T18:36:33.920+0000] {dagbag.py:588} INFO - Filling up the DagBag from /opt/airflow/dags/music_ingestion_dag.py
[2026-02-11T18:36:33.998+0000] {processor.py:925} INFO - DAG(s) '01_music_ingestion_realtime' retrieved from /opt/airflow/dags/music_ingestion_dag.py
[2026-02-11T18:36:34.065+0000] {logging_mixin.py:190} INFO - [2026-02-11T18:36:34.065+0000] {dag.py:3239} INFO - Sync 1 DAGs
[2026-02-11T18:36:34.139+0000] {logging_mixin.py:190} INFO - [2026-02-11T18:36:34.138+0000] {dag.py:4180} INFO - Setting next_dagrun for 01_music_ingestion_realtime to 2026-02-11 17:00:00+00:00, run_after=2026-02-11 18:00:00+00:00
[2026-02-11T18:36:34.211+0000] {processor.py:208} INFO - Processing /opt/airflow/dags/music_ingestion_dag.py took 0.313 seconds
[2026-02-11T18:37:04.550+0000] {processor.py:186} INFO - Started process (PID=257) to work on /opt/airflow/dags/music_ingestion_dag.py
[2026-02-11T18:37:04.551+0000] {processor.py:914} INFO - Processing file /opt/airflow/dags/music_ingestion_dag.py for tasks to queue
[2026-02-11T18:37:04.554+0000] {logging_mixin.py:190} INFO - [2026-02-11T18:37:04.553+0000] {dagbag.py:588} INFO - Filling up the DagBag from /opt/airflow/dags/music_ingestion_dag.py
[2026-02-11T18:37:04.578+0000] {processor.py:925} INFO - DAG(s) '01_music_ingestion_realtime' retrieved from /opt/airflow/dags/music_ingestion_dag.py
[2026-02-11T18:37:04.614+0000] {logging_mixin.py:190} INFO - [2026-02-11T18:37:04.613+0000] {dag.py:3239} INFO - Sync 1 DAGs
[2026-02-11T18:37:04.641+0000] {logging_mixin.py:190} INFO - [2026-02-11T18:37:04.641+0000] {dag.py:4180} INFO - Setting next_dagrun for 01_music_ingestion_realtime to 2026-02-11 17:00:00+00:00, run_after=2026-02-11 18:00:00+00:00
[2026-02-11T18:37:04.682+0000] {processor.py:208} INFO - Processing /opt/airflow/dags/music_ingestion_dag.py took 0.138 seconds
[2026-02-11T18:37:34.850+0000] {processor.py:186} INFO - Started process (PID=262) to work on /opt/airflow/dags/music_ingestion_dag.py
[2026-02-11T18:37:34.852+0000] {processor.py:914} INFO - Processing file /opt/airflow/dags/music_ingestion_dag.py for tasks to queue
[2026-02-11T18:37:34.855+0000] {logging_mixin.py:190} INFO - [2026-02-11T18:37:34.855+0000] {dagbag.py:588} INFO - Filling up the DagBag from /opt/airflow/dags/music_ingestion_dag.py
[2026-02-11T18:37:34.886+0000] {processor.py:925} INFO - DAG(s) '01_music_ingestion_realtime' retrieved from /opt/airflow/dags/music_ingestion_dag.py
[2026-02-11T18:37:34.920+0000] {logging_mixin.py:190} INFO - [2026-02-11T18:37:34.919+0000] {dag.py:3239} INFO - Sync 1 DAGs
[2026-02-11T18:37:34.948+0000] {logging_mixin.py:190} INFO - [2026-02-11T18:37:34.947+0000] {dag.py:4180} INFO - Setting next_dagrun for 01_music_ingestion_realtime to 2026-02-11 17:00:00+00:00, run_after=2026-02-11 18:00:00+00:00
[2026-02-11T18:37:34.973+0000] {processor.py:208} INFO - Processing /opt/airflow/dags/music_ingestion_dag.py took 0.129 seconds
[2026-02-11T18:38:05.332+0000] {processor.py:186} INFO - Started process (PID=267) to work on /opt/airflow/dags/music_ingestion_dag.py
[2026-02-11T18:38:05.333+0000] {processor.py:914} INFO - Processing file /opt/airflow/dags/music_ingestion_dag.py for tasks to queue
[2026-02-11T18:38:05.336+0000] {logging_mixin.py:190} INFO - [2026-02-11T18:38:05.336+0000] {dagbag.py:588} INFO - Filling up the DagBag from /opt/airflow/dags/music_ingestion_dag.py
[2026-02-11T18:38:05.361+0000] {processor.py:925} INFO - DAG(s) '01_music_ingestion_realtime' retrieved from /opt/airflow/dags/music_ingestion_dag.py
[2026-02-11T18:38:05.394+0000] {logging_mixin.py:190} INFO - [2026-02-11T18:38:05.394+0000] {dag.py:3239} INFO - Sync 1 DAGs
[2026-02-11T18:38:05.420+0000] {logging_mixin.py:190} INFO - [2026-02-11T18:38:05.420+0000] {dag.py:4180} INFO - Setting next_dagrun for 01_music_ingestion_realtime to 2026-02-11 17:00:00+00:00, run_after=2026-02-11 18:00:00+00:00
[2026-02-11T18:38:05.447+0000] {processor.py:208} INFO - Processing /opt/airflow/dags/music_ingestion_dag.py took 0.122 seconds
[2026-02-11T18:38:35.603+0000] {processor.py:186} INFO - Started process (PID=272) to work on /opt/airflow/dags/music_ingestion_dag.py
[2026-02-11T18:38:35.604+0000] {processor.py:914} INFO - Processing file /opt/airflow/dags/music_ingestion_dag.py for tasks to queue
[2026-02-11T18:38:35.607+0000] {logging_mixin.py:190} INFO - [2026-02-11T18:38:35.607+0000] {dagbag.py:588} INFO - Filling up the DagBag from /opt/airflow/dags/music_ingestion_dag.py
[2026-02-11T18:38:35.641+0000] {processor.py:925} INFO - DAG(s) '01_music_ingestion_realtime' retrieved from /opt/airflow/dags/music_ingestion_dag.py
[2026-02-11T18:38:35.678+0000] {logging_mixin.py:190} INFO - [2026-02-11T18:38:35.678+0000] {dag.py:3239} INFO - Sync 1 DAGs
[2026-02-11T18:38:35.712+0000] {logging_mixin.py:190} INFO - [2026-02-11T18:38:35.712+0000] {dag.py:4180} INFO - Setting next_dagrun for 01_music_ingestion_realtime to 2026-02-11 17:00:00+00:00, run_after=2026-02-11 18:00:00+00:00
[2026-02-11T18:38:35.741+0000] {processor.py:208} INFO - Processing /opt/airflow/dags/music_ingestion_dag.py took 0.143 seconds
[2026-02-11T18:39:06.009+0000] {processor.py:186} INFO - Started process (PID=277) to work on /opt/airflow/dags/music_ingestion_dag.py
[2026-02-11T18:39:06.010+0000] {processor.py:914} INFO - Processing file /opt/airflow/dags/music_ingestion_dag.py for tasks to queue
[2026-02-11T18:39:06.013+0000] {logging_mixin.py:190} INFO - [2026-02-11T18:39:06.013+0000] {dagbag.py:588} INFO - Filling up the DagBag from /opt/airflow/dags/music_ingestion_dag.py
[2026-02-11T18:39:06.040+0000] {processor.py:925} INFO - DAG(s) '01_music_ingestion_realtime' retrieved from /opt/airflow/dags/music_ingestion_dag.py
[2026-02-11T18:39:06.070+0000] {logging_mixin.py:190} INFO - [2026-02-11T18:39:06.070+0000] {dag.py:3239} INFO - Sync 1 DAGs
[2026-02-11T18:39:06.097+0000] {logging_mixin.py:190} INFO - [2026-02-11T18:39:06.097+0000] {dag.py:4180} INFO - Setting next_dagrun for 01_music_ingestion_realtime to 2026-02-11 17:00:00+00:00, run_after=2026-02-11 18:00:00+00:00
[2026-02-11T18:39:06.125+0000] {processor.py:208} INFO - Processing /opt/airflow/dags/music_ingestion_dag.py took 0.121 seconds
[2026-02-11T18:39:36.317+0000] {processor.py:186} INFO - Started process (PID=282) to work on /opt/airflow/dags/music_ingestion_dag.py
[2026-02-11T18:39:36.319+0000] {processor.py:914} INFO - Processing file /opt/airflow/dags/music_ingestion_dag.py for tasks to queue
[2026-02-11T18:39:36.321+0000] {logging_mixin.py:190} INFO - [2026-02-11T18:39:36.321+0000] {dagbag.py:588} INFO - Filling up the DagBag from /opt/airflow/dags/music_ingestion_dag.py
[2026-02-11T18:39:36.346+0000] {processor.py:925} INFO - DAG(s) '01_music_ingestion_realtime' retrieved from /opt/airflow/dags/music_ingestion_dag.py
[2026-02-11T18:39:36.379+0000] {logging_mixin.py:190} INFO - [2026-02-11T18:39:36.379+0000] {dag.py:3239} INFO - Sync 1 DAGs
[2026-02-11T18:39:36.418+0000] {logging_mixin.py:190} INFO - [2026-02-11T18:39:36.418+0000] {dag.py:4180} INFO - Setting next_dagrun for 01_music_ingestion_realtime to 2026-02-11 17:00:00+00:00, run_after=2026-02-11 18:00:00+00:00
[2026-02-11T18:39:36.446+0000] {processor.py:208} INFO - Processing /opt/airflow/dags/music_ingestion_dag.py took 0.134 seconds
[2026-02-11T18:40:06.698+0000] {processor.py:186} INFO - Started process (PID=287) to work on /opt/airflow/dags/music_ingestion_dag.py
[2026-02-11T18:40:06.699+0000] {processor.py:914} INFO - Processing file /opt/airflow/dags/music_ingestion_dag.py for tasks to queue
[2026-02-11T18:40:06.702+0000] {logging_mixin.py:190} INFO - [2026-02-11T18:40:06.702+0000] {dagbag.py:588} INFO - Filling up the DagBag from /opt/airflow/dags/music_ingestion_dag.py
[2026-02-11T18:40:06.735+0000] {processor.py:925} INFO - DAG(s) '01_music_ingestion_realtime' retrieved from /opt/airflow/dags/music_ingestion_dag.py
[2026-02-11T18:40:06.762+0000] {logging_mixin.py:190} INFO - [2026-02-11T18:40:06.762+0000] {dag.py:3239} INFO - Sync 1 DAGs
[2026-02-11T18:40:06.787+0000] {logging_mixin.py:190} INFO - [2026-02-11T18:40:06.787+0000] {dag.py:4180} INFO - Setting next_dagrun for 01_music_ingestion_realtime to 2026-02-11 17:00:00+00:00, run_after=2026-02-11 18:00:00+00:00
[2026-02-11T18:40:06.812+0000] {processor.py:208} INFO - Processing /opt/airflow/dags/music_ingestion_dag.py took 0.120 seconds
[2026-02-11T18:40:37.011+0000] {processor.py:186} INFO - Started process (PID=292) to work on /opt/airflow/dags/music_ingestion_dag.py
[2026-02-11T18:40:37.012+0000] {processor.py:914} INFO - Processing file /opt/airflow/dags/music_ingestion_dag.py for tasks to queue
[2026-02-11T18:40:37.015+0000] {logging_mixin.py:190} INFO - [2026-02-11T18:40:37.015+0000] {dagbag.py:588} INFO - Filling up the DagBag from /opt/airflow/dags/music_ingestion_dag.py
[2026-02-11T18:40:37.038+0000] {processor.py:925} INFO - DAG(s) '01_music_ingestion_realtime' retrieved from /opt/airflow/dags/music_ingestion_dag.py
[2026-02-11T18:40:37.099+0000] {logging_mixin.py:190} INFO - [2026-02-11T18:40:37.099+0000] {dag.py:3239} INFO - Sync 1 DAGs
[2026-02-11T18:40:37.131+0000] {logging_mixin.py:190} INFO - [2026-02-11T18:40:37.130+0000] {dag.py:4180} INFO - Setting next_dagrun for 01_music_ingestion_realtime to 2026-02-11 17:00:00+00:00, run_after=2026-02-11 18:00:00+00:00
[2026-02-11T18:40:37.167+0000] {processor.py:208} INFO - Processing /opt/airflow/dags/music_ingestion_dag.py took 0.162 seconds
[2026-02-11T18:41:07.399+0000] {processor.py:186} INFO - Started process (PID=297) to work on /opt/airflow/dags/music_ingestion_dag.py
[2026-02-11T18:41:07.400+0000] {processor.py:914} INFO - Processing file /opt/airflow/dags/music_ingestion_dag.py for tasks to queue
[2026-02-11T18:41:07.404+0000] {logging_mixin.py:190} INFO - [2026-02-11T18:41:07.404+0000] {dagbag.py:588} INFO - Filling up the DagBag from /opt/airflow/dags/music_ingestion_dag.py
[2026-02-11T18:41:07.426+0000] {processor.py:925} INFO - DAG(s) '01_music_ingestion_realtime' retrieved from /opt/airflow/dags/music_ingestion_dag.py
[2026-02-11T18:41:07.456+0000] {logging_mixin.py:190} INFO - [2026-02-11T18:41:07.456+0000] {dag.py:3239} INFO - Sync 1 DAGs
[2026-02-11T18:41:07.482+0000] {logging_mixin.py:190} INFO - [2026-02-11T18:41:07.482+0000] {dag.py:4180} INFO - Setting next_dagrun for 01_music_ingestion_realtime to 2026-02-11 17:00:00+00:00, run_after=2026-02-11 18:00:00+00:00
[2026-02-11T18:41:07.507+0000] {processor.py:208} INFO - Processing /opt/airflow/dags/music_ingestion_dag.py took 0.113 seconds
[2026-02-11T18:41:37.791+0000] {processor.py:186} INFO - Started process (PID=302) to work on /opt/airflow/dags/music_ingestion_dag.py
[2026-02-11T18:41:37.792+0000] {processor.py:914} INFO - Processing file /opt/airflow/dags/music_ingestion_dag.py for tasks to queue
[2026-02-11T18:41:37.795+0000] {logging_mixin.py:190} INFO - [2026-02-11T18:41:37.795+0000] {dagbag.py:588} INFO - Filling up the DagBag from /opt/airflow/dags/music_ingestion_dag.py
[2026-02-11T18:41:37.829+0000] {processor.py:925} INFO - DAG(s) '01_music_ingestion_realtime' retrieved from /opt/airflow/dags/music_ingestion_dag.py
[2026-02-11T18:41:37.861+0000] {logging_mixin.py:190} INFO - [2026-02-11T18:41:37.861+0000] {dag.py:3239} INFO - Sync 1 DAGs
[2026-02-11T18:41:37.886+0000] {logging_mixin.py:190} INFO - [2026-02-11T18:41:37.885+0000] {dag.py:4180} INFO - Setting next_dagrun for 01_music_ingestion_realtime to 2026-02-11 17:00:00+00:00, run_after=2026-02-11 18:00:00+00:00
[2026-02-11T18:41:37.909+0000] {processor.py:208} INFO - Processing /opt/airflow/dags/music_ingestion_dag.py took 0.124 seconds
[2026-02-11T18:42:08.127+0000] {processor.py:186} INFO - Started process (PID=307) to work on /opt/airflow/dags/music_ingestion_dag.py
[2026-02-11T18:42:08.129+0000] {processor.py:914} INFO - Processing file /opt/airflow/dags/music_ingestion_dag.py for tasks to queue
[2026-02-11T18:42:08.133+0000] {logging_mixin.py:190} INFO - [2026-02-11T18:42:08.132+0000] {dagbag.py:588} INFO - Filling up the DagBag from /opt/airflow/dags/music_ingestion_dag.py
[2026-02-11T18:42:08.173+0000] {processor.py:925} INFO - DAG(s) '01_music_ingestion_realtime' retrieved from /opt/airflow/dags/music_ingestion_dag.py
[2026-02-11T18:42:08.205+0000] {logging_mixin.py:190} INFO - [2026-02-11T18:42:08.205+0000] {dag.py:3239} INFO - Sync 1 DAGs
[2026-02-11T18:42:08.231+0000] {logging_mixin.py:190} INFO - [2026-02-11T18:42:08.231+0000] {dag.py:4180} INFO - Setting next_dagrun for 01_music_ingestion_realtime to 2026-02-11 17:00:00+00:00, run_after=2026-02-11 18:00:00+00:00
[2026-02-11T18:42:08.254+0000] {processor.py:208} INFO - Processing /opt/airflow/dags/music_ingestion_dag.py took 0.136 seconds
[2026-02-11T18:42:38.457+0000] {processor.py:186} INFO - Started process (PID=312) to work on /opt/airflow/dags/music_ingestion_dag.py
[2026-02-11T18:42:38.458+0000] {processor.py:914} INFO - Processing file /opt/airflow/dags/music_ingestion_dag.py for tasks to queue
[2026-02-11T18:42:38.462+0000] {logging_mixin.py:190} INFO - [2026-02-11T18:42:38.461+0000] {dagbag.py:588} INFO - Filling up the DagBag from /opt/airflow/dags/music_ingestion_dag.py
[2026-02-11T18:42:38.493+0000] {processor.py:925} INFO - DAG(s) '01_music_ingestion_realtime' retrieved from /opt/airflow/dags/music_ingestion_dag.py
[2026-02-11T18:42:38.532+0000] {logging_mixin.py:190} INFO - [2026-02-11T18:42:38.531+0000] {dag.py:3239} INFO - Sync 1 DAGs
[2026-02-11T18:42:38.572+0000] {logging_mixin.py:190} INFO - [2026-02-11T18:42:38.571+0000] {dag.py:4180} INFO - Setting next_dagrun for 01_music_ingestion_realtime to 2026-02-11 17:00:00+00:00, run_after=2026-02-11 18:00:00+00:00
[2026-02-11T18:42:38.598+0000] {processor.py:208} INFO - Processing /opt/airflow/dags/music_ingestion_dag.py took 0.151 seconds
[2026-02-11T18:43:08.916+0000] {processor.py:186} INFO - Started process (PID=317) to work on /opt/airflow/dags/music_ingestion_dag.py
[2026-02-11T18:43:08.917+0000] {processor.py:914} INFO - Processing file /opt/airflow/dags/music_ingestion_dag.py for tasks to queue
[2026-02-11T18:43:08.919+0000] {logging_mixin.py:190} INFO - [2026-02-11T18:43:08.919+0000] {dagbag.py:588} INFO - Filling up the DagBag from /opt/airflow/dags/music_ingestion_dag.py
[2026-02-11T18:43:08.946+0000] {processor.py:925} INFO - DAG(s) '01_music_ingestion_realtime' retrieved from /opt/airflow/dags/music_ingestion_dag.py
[2026-02-11T18:43:08.979+0000] {logging_mixin.py:190} INFO - [2026-02-11T18:43:08.978+0000] {dag.py:3239} INFO - Sync 1 DAGs
[2026-02-11T18:43:09.008+0000] {logging_mixin.py:190} INFO - [2026-02-11T18:43:09.007+0000] {dag.py:4180} INFO - Setting next_dagrun for 01_music_ingestion_realtime to 2026-02-11 17:00:00+00:00, run_after=2026-02-11 18:00:00+00:00
[2026-02-11T18:43:09.035+0000] {processor.py:208} INFO - Processing /opt/airflow/dags/music_ingestion_dag.py took 0.125 seconds
[2026-02-11T18:43:39.193+0000] {processor.py:186} INFO - Started process (PID=322) to work on /opt/airflow/dags/music_ingestion_dag.py
[2026-02-11T18:43:39.194+0000] {processor.py:914} INFO - Processing file /opt/airflow/dags/music_ingestion_dag.py for tasks to queue
[2026-02-11T18:43:39.197+0000] {logging_mixin.py:190} INFO - [2026-02-11T18:43:39.196+0000] {dagbag.py:588} INFO - Filling up the DagBag from /opt/airflow/dags/music_ingestion_dag.py
[2026-02-11T18:43:39.216+0000] {processor.py:925} INFO - DAG(s) '01_music_ingestion_realtime' retrieved from /opt/airflow/dags/music_ingestion_dag.py
[2026-02-11T18:43:39.244+0000] {logging_mixin.py:190} INFO - [2026-02-11T18:43:39.244+0000] {dag.py:3239} INFO - Sync 1 DAGs
[2026-02-11T18:43:39.275+0000] {logging_mixin.py:190} INFO - [2026-02-11T18:43:39.275+0000] {dag.py:4180} INFO - Setting next_dagrun for 01_music_ingestion_realtime to 2026-02-11 17:00:00+00:00, run_after=2026-02-11 18:00:00+00:00
[2026-02-11T18:43:39.305+0000] {processor.py:208} INFO - Processing /opt/airflow/dags/music_ingestion_dag.py took 0.118 seconds
[2026-02-11T18:44:09.617+0000] {processor.py:186} INFO - Started process (PID=327) to work on /opt/airflow/dags/music_ingestion_dag.py
[2026-02-11T18:44:09.618+0000] {processor.py:914} INFO - Processing file /opt/airflow/dags/music_ingestion_dag.py for tasks to queue
[2026-02-11T18:44:09.622+0000] {logging_mixin.py:190} INFO - [2026-02-11T18:44:09.621+0000] {dagbag.py:588} INFO - Filling up the DagBag from /opt/airflow/dags/music_ingestion_dag.py
[2026-02-11T18:44:09.646+0000] {processor.py:925} INFO - DAG(s) '01_music_ingestion_realtime' retrieved from /opt/airflow/dags/music_ingestion_dag.py
[2026-02-11T18:44:09.672+0000] {logging_mixin.py:190} INFO - [2026-02-11T18:44:09.672+0000] {dag.py:3239} INFO - Sync 1 DAGs
[2026-02-11T18:44:09.698+0000] {logging_mixin.py:190} INFO - [2026-02-11T18:44:09.698+0000] {dag.py:4180} INFO - Setting next_dagrun for 01_music_ingestion_realtime to 2026-02-11 17:00:00+00:00, run_after=2026-02-11 18:00:00+00:00
[2026-02-11T18:44:09.743+0000] {processor.py:208} INFO - Processing /opt/airflow/dags/music_ingestion_dag.py took 0.131 seconds
[2026-02-11T18:44:39.893+0000] {processor.py:186} INFO - Started process (PID=332) to work on /opt/airflow/dags/music_ingestion_dag.py
[2026-02-11T18:44:39.894+0000] {processor.py:914} INFO - Processing file /opt/airflow/dags/music_ingestion_dag.py for tasks to queue
[2026-02-11T18:44:39.899+0000] {logging_mixin.py:190} INFO - [2026-02-11T18:44:39.899+0000] {dagbag.py:588} INFO - Filling up the DagBag from /opt/airflow/dags/music_ingestion_dag.py
[2026-02-11T18:44:39.942+0000] {processor.py:925} INFO - DAG(s) '01_music_ingestion_realtime' retrieved from /opt/airflow/dags/music_ingestion_dag.py
[2026-02-11T18:44:39.986+0000] {logging_mixin.py:190} INFO - [2026-02-11T18:44:39.986+0000] {dag.py:3239} INFO - Sync 1 DAGs
[2026-02-11T18:44:40.016+0000] {logging_mixin.py:190} INFO - [2026-02-11T18:44:40.016+0000] {dag.py:4180} INFO - Setting next_dagrun for 01_music_ingestion_realtime to 2026-02-11 17:00:00+00:00, run_after=2026-02-11 18:00:00+00:00
[2026-02-11T18:44:40.043+0000] {processor.py:208} INFO - Processing /opt/airflow/dags/music_ingestion_dag.py took 0.157 seconds
[2026-02-11T18:45:10.337+0000] {processor.py:186} INFO - Started process (PID=337) to work on /opt/airflow/dags/music_ingestion_dag.py
[2026-02-11T18:45:10.339+0000] {processor.py:914} INFO - Processing file /opt/airflow/dags/music_ingestion_dag.py for tasks to queue
[2026-02-11T18:45:10.343+0000] {logging_mixin.py:190} INFO - [2026-02-11T18:45:10.342+0000] {dagbag.py:588} INFO - Filling up the DagBag from /opt/airflow/dags/music_ingestion_dag.py
[2026-02-11T18:45:10.372+0000] {processor.py:925} INFO - DAG(s) '01_music_ingestion_realtime' retrieved from /opt/airflow/dags/music_ingestion_dag.py
[2026-02-11T18:45:10.402+0000] {logging_mixin.py:190} INFO - [2026-02-11T18:45:10.402+0000] {dag.py:3239} INFO - Sync 1 DAGs
[2026-02-11T18:45:10.430+0000] {logging_mixin.py:190} INFO - [2026-02-11T18:45:10.430+0000] {dag.py:4180} INFO - Setting next_dagrun for 01_music_ingestion_realtime to 2026-02-11 17:00:00+00:00, run_after=2026-02-11 18:00:00+00:00
[2026-02-11T18:45:10.473+0000] {processor.py:208} INFO - Processing /opt/airflow/dags/music_ingestion_dag.py took 0.141 seconds
[2026-02-11T18:45:40.638+0000] {processor.py:186} INFO - Started process (PID=342) to work on /opt/airflow/dags/music_ingestion_dag.py
[2026-02-11T18:45:40.639+0000] {processor.py:914} INFO - Processing file /opt/airflow/dags/music_ingestion_dag.py for tasks to queue
[2026-02-11T18:45:40.642+0000] {logging_mixin.py:190} INFO - [2026-02-11T18:45:40.642+0000] {dagbag.py:588} INFO - Filling up the DagBag from /opt/airflow/dags/music_ingestion_dag.py
[2026-02-11T18:45:40.665+0000] {processor.py:925} INFO - DAG(s) '01_music_ingestion_realtime' retrieved from /opt/airflow/dags/music_ingestion_dag.py
[2026-02-11T18:45:40.693+0000] {logging_mixin.py:190} INFO - [2026-02-11T18:45:40.692+0000] {dag.py:3239} INFO - Sync 1 DAGs
[2026-02-11T18:45:40.717+0000] {logging_mixin.py:190} INFO - [2026-02-11T18:45:40.717+0000] {dag.py:4180} INFO - Setting next_dagrun for 01_music_ingestion_realtime to 2026-02-11 17:00:00+00:00, run_after=2026-02-11 18:00:00+00:00
[2026-02-11T18:45:40.748+0000] {processor.py:208} INFO - Processing /opt/airflow/dags/music_ingestion_dag.py took 0.116 seconds
[2026-02-11T18:46:11.051+0000] {processor.py:186} INFO - Started process (PID=347) to work on /opt/airflow/dags/music_ingestion_dag.py
[2026-02-11T18:46:11.052+0000] {processor.py:914} INFO - Processing file /opt/airflow/dags/music_ingestion_dag.py for tasks to queue
[2026-02-11T18:46:11.055+0000] {logging_mixin.py:190} INFO - [2026-02-11T18:46:11.055+0000] {dagbag.py:588} INFO - Filling up the DagBag from /opt/airflow/dags/music_ingestion_dag.py
[2026-02-11T18:46:11.087+0000] {processor.py:925} INFO - DAG(s) '01_music_ingestion_realtime' retrieved from /opt/airflow/dags/music_ingestion_dag.py
[2026-02-11T18:46:11.120+0000] {logging_mixin.py:190} INFO - [2026-02-11T18:46:11.120+0000] {dag.py:3239} INFO - Sync 1 DAGs
[2026-02-11T18:46:11.143+0000] {logging_mixin.py:190} INFO - [2026-02-11T18:46:11.143+0000] {dag.py:4180} INFO - Setting next_dagrun for 01_music_ingestion_realtime to 2026-02-11 17:00:00+00:00, run_after=2026-02-11 18:00:00+00:00
[2026-02-11T18:46:11.168+0000] {processor.py:208} INFO - Processing /opt/airflow/dags/music_ingestion_dag.py took 0.124 seconds
[2026-02-11T18:46:41.358+0000] {processor.py:186} INFO - Started process (PID=352) to work on /opt/airflow/dags/music_ingestion_dag.py
[2026-02-11T18:46:41.359+0000] {processor.py:914} INFO - Processing file /opt/airflow/dags/music_ingestion_dag.py for tasks to queue
[2026-02-11T18:46:41.363+0000] {logging_mixin.py:190} INFO - [2026-02-11T18:46:41.362+0000] {dagbag.py:588} INFO - Filling up the DagBag from /opt/airflow/dags/music_ingestion_dag.py
[2026-02-11T18:46:41.391+0000] {processor.py:925} INFO - DAG(s) '01_music_ingestion_realtime' retrieved from /opt/airflow/dags/music_ingestion_dag.py
[2026-02-11T18:46:41.424+0000] {logging_mixin.py:190} INFO - [2026-02-11T18:46:41.424+0000] {dag.py:3239} INFO - Sync 1 DAGs
[2026-02-11T18:46:41.458+0000] {logging_mixin.py:190} INFO - [2026-02-11T18:46:41.458+0000] {dag.py:4180} INFO - Setting next_dagrun for 01_music_ingestion_realtime to 2026-02-11 17:00:00+00:00, run_after=2026-02-11 18:00:00+00:00
[2026-02-11T18:46:41.482+0000] {processor.py:208} INFO - Processing /opt/airflow/dags/music_ingestion_dag.py took 0.134 seconds
[2026-02-11T18:47:11.729+0000] {processor.py:186} INFO - Started process (PID=357) to work on /opt/airflow/dags/music_ingestion_dag.py
[2026-02-11T18:47:11.731+0000] {processor.py:914} INFO - Processing file /opt/airflow/dags/music_ingestion_dag.py for tasks to queue
[2026-02-11T18:47:11.733+0000] {logging_mixin.py:190} INFO - [2026-02-11T18:47:11.733+0000] {dagbag.py:588} INFO - Filling up the DagBag from /opt/airflow/dags/music_ingestion_dag.py
[2026-02-11T18:47:11.757+0000] {processor.py:925} INFO - DAG(s) '01_music_ingestion_realtime' retrieved from /opt/airflow/dags/music_ingestion_dag.py
[2026-02-11T18:47:11.790+0000] {logging_mixin.py:190} INFO - [2026-02-11T18:47:11.790+0000] {dag.py:3239} INFO - Sync 1 DAGs
[2026-02-11T18:47:11.816+0000] {logging_mixin.py:190} INFO - [2026-02-11T18:47:11.816+0000] {dag.py:4180} INFO - Setting next_dagrun for 01_music_ingestion_realtime to 2026-02-11 17:00:00+00:00, run_after=2026-02-11 18:00:00+00:00
[2026-02-11T18:47:11.844+0000] {processor.py:208} INFO - Processing /opt/airflow/dags/music_ingestion_dag.py took 0.121 seconds
[2026-02-11T18:47:42.007+0000] {processor.py:186} INFO - Started process (PID=362) to work on /opt/airflow/dags/music_ingestion_dag.py
[2026-02-11T18:47:42.008+0000] {processor.py:914} INFO - Processing file /opt/airflow/dags/music_ingestion_dag.py for tasks to queue
[2026-02-11T18:47:42.011+0000] {logging_mixin.py:190} INFO - [2026-02-11T18:47:42.010+0000] {dagbag.py:588} INFO - Filling up the DagBag from /opt/airflow/dags/music_ingestion_dag.py
[2026-02-11T18:47:42.033+0000] {processor.py:925} INFO - DAG(s) '01_music_ingestion_realtime' retrieved from /opt/airflow/dags/music_ingestion_dag.py
[2026-02-11T18:47:42.070+0000] {logging_mixin.py:190} INFO - [2026-02-11T18:47:42.069+0000] {dag.py:3239} INFO - Sync 1 DAGs
[2026-02-11T18:47:42.094+0000] {logging_mixin.py:190} INFO - [2026-02-11T18:47:42.094+0000] {dag.py:4180} INFO - Setting next_dagrun for 01_music_ingestion_realtime to 2026-02-11 17:00:00+00:00, run_after=2026-02-11 18:00:00+00:00
[2026-02-11T18:47:42.125+0000] {processor.py:208} INFO - Processing /opt/airflow/dags/music_ingestion_dag.py took 0.123 seconds
[2026-02-11T18:48:12.486+0000] {processor.py:186} INFO - Started process (PID=367) to work on /opt/airflow/dags/music_ingestion_dag.py
[2026-02-11T18:48:12.488+0000] {processor.py:914} INFO - Processing file /opt/airflow/dags/music_ingestion_dag.py for tasks to queue
[2026-02-11T18:48:12.491+0000] {logging_mixin.py:190} INFO - [2026-02-11T18:48:12.491+0000] {dagbag.py:588} INFO - Filling up the DagBag from /opt/airflow/dags/music_ingestion_dag.py
[2026-02-11T18:48:12.517+0000] {processor.py:925} INFO - DAG(s) '01_music_ingestion_realtime' retrieved from /opt/airflow/dags/music_ingestion_dag.py
[2026-02-11T18:48:12.557+0000] {logging_mixin.py:190} INFO - [2026-02-11T18:48:12.557+0000] {dag.py:3239} INFO - Sync 1 DAGs
[2026-02-11T18:48:12.596+0000] {logging_mixin.py:190} INFO - [2026-02-11T18:48:12.596+0000] {dag.py:4180} INFO - Setting next_dagrun for 01_music_ingestion_realtime to 2026-02-11 17:00:00+00:00, run_after=2026-02-11 18:00:00+00:00
[2026-02-11T18:48:12.620+0000] {processor.py:208} INFO - Processing /opt/airflow/dags/music_ingestion_dag.py took 0.142 seconds
[2026-02-11T18:48:44.523+0000] {processor.py:186} INFO - Started process (PID=372) to work on /opt/airflow/dags/music_ingestion_dag.py
[2026-02-11T18:48:44.534+0000] {processor.py:914} INFO - Processing file /opt/airflow/dags/music_ingestion_dag.py for tasks to queue
[2026-02-11T18:48:44.564+0000] {logging_mixin.py:190} INFO - [2026-02-11T18:48:44.555+0000] {dagbag.py:588} INFO - Filling up the DagBag from /opt/airflow/dags/music_ingestion_dag.py
[2026-02-11T18:48:44.712+0000] {processor.py:925} INFO - DAG(s) '01_music_ingestion_realtime' retrieved from /opt/airflow/dags/music_ingestion_dag.py
[2026-02-11T18:48:44.921+0000] {logging_mixin.py:190} INFO - [2026-02-11T18:48:44.921+0000] {dag.py:3239} INFO - Sync 1 DAGs
[2026-02-11T18:48:45.066+0000] {logging_mixin.py:190} INFO - [2026-02-11T18:48:45.066+0000] {dag.py:4180} INFO - Setting next_dagrun for 01_music_ingestion_realtime to 2026-02-11 17:00:00+00:00, run_after=2026-02-11 18:00:00+00:00
[2026-02-11T18:48:45.166+0000] {processor.py:208} INFO - Processing /opt/airflow/dags/music_ingestion_dag.py took 0.715 seconds
[2026-02-11T18:49:15.808+0000] {processor.py:186} INFO - Started process (PID=377) to work on /opt/airflow/dags/music_ingestion_dag.py
[2026-02-11T18:49:15.811+0000] {processor.py:914} INFO - Processing file /opt/airflow/dags/music_ingestion_dag.py for tasks to queue
[2026-02-11T18:49:15.816+0000] {logging_mixin.py:190} INFO - [2026-02-11T18:49:15.815+0000] {dagbag.py:588} INFO - Filling up the DagBag from /opt/airflow/dags/music_ingestion_dag.py
[2026-02-11T18:49:15.851+0000] {processor.py:925} INFO - DAG(s) '01_music_ingestion_realtime' retrieved from /opt/airflow/dags/music_ingestion_dag.py
[2026-02-11T18:49:15.895+0000] {logging_mixin.py:190} INFO - [2026-02-11T18:49:15.895+0000] {dag.py:3239} INFO - Sync 1 DAGs
[2026-02-11T18:49:15.936+0000] {logging_mixin.py:190} INFO - [2026-02-11T18:49:15.936+0000] {dag.py:4180} INFO - Setting next_dagrun for 01_music_ingestion_realtime to 2026-02-11 17:00:00+00:00, run_after=2026-02-11 18:00:00+00:00
[2026-02-11T18:49:15.970+0000] {processor.py:208} INFO - Processing /opt/airflow/dags/music_ingestion_dag.py took 0.183 seconds
[2026-02-11T18:49:46.253+0000] {processor.py:186} INFO - Started process (PID=382) to work on /opt/airflow/dags/music_ingestion_dag.py
[2026-02-11T18:49:46.256+0000] {processor.py:914} INFO - Processing file /opt/airflow/dags/music_ingestion_dag.py for tasks to queue
[2026-02-11T18:49:46.261+0000] {logging_mixin.py:190} INFO - [2026-02-11T18:49:46.260+0000] {dagbag.py:588} INFO - Filling up the DagBag from /opt/airflow/dags/music_ingestion_dag.py
[2026-02-11T18:49:46.293+0000] {processor.py:925} INFO - DAG(s) '01_music_ingestion_realtime' retrieved from /opt/airflow/dags/music_ingestion_dag.py
[2026-02-11T18:49:46.346+0000] {logging_mixin.py:190} INFO - [2026-02-11T18:49:46.345+0000] {dag.py:3239} INFO - Sync 1 DAGs
[2026-02-11T18:49:46.381+0000] {logging_mixin.py:190} INFO - [2026-02-11T18:49:46.380+0000] {dag.py:4180} INFO - Setting next_dagrun for 01_music_ingestion_realtime to 2026-02-11 17:00:00+00:00, run_after=2026-02-11 18:00:00+00:00
[2026-02-11T18:49:46.426+0000] {processor.py:208} INFO - Processing /opt/airflow/dags/music_ingestion_dag.py took 0.179 seconds
[2026-02-11T18:50:16.769+0000] {processor.py:186} INFO - Started process (PID=387) to work on /opt/airflow/dags/music_ingestion_dag.py
[2026-02-11T18:50:16.771+0000] {processor.py:914} INFO - Processing file /opt/airflow/dags/music_ingestion_dag.py for tasks to queue
[2026-02-11T18:50:16.776+0000] {logging_mixin.py:190} INFO - [2026-02-11T18:50:16.775+0000] {dagbag.py:588} INFO - Filling up the DagBag from /opt/airflow/dags/music_ingestion_dag.py
[2026-02-11T18:50:16.804+0000] {processor.py:925} INFO - DAG(s) '01_music_ingestion_realtime' retrieved from /opt/airflow/dags/music_ingestion_dag.py
[2026-02-11T18:50:16.845+0000] {logging_mixin.py:190} INFO - [2026-02-11T18:50:16.844+0000] {dag.py:3239} INFO - Sync 1 DAGs
[2026-02-11T18:50:16.880+0000] {logging_mixin.py:190} INFO - [2026-02-11T18:50:16.880+0000] {dag.py:4180} INFO - Setting next_dagrun for 01_music_ingestion_realtime to 2026-02-11 17:00:00+00:00, run_after=2026-02-11 18:00:00+00:00
[2026-02-11T18:50:16.912+0000] {processor.py:208} INFO - Processing /opt/airflow/dags/music_ingestion_dag.py took 0.152 seconds
[2026-02-11T18:50:47.353+0000] {processor.py:186} INFO - Started process (PID=392) to work on /opt/airflow/dags/music_ingestion_dag.py
[2026-02-11T18:50:47.357+0000] {processor.py:914} INFO - Processing file /opt/airflow/dags/music_ingestion_dag.py for tasks to queue
[2026-02-11T18:50:47.364+0000] {logging_mixin.py:190} INFO - [2026-02-11T18:50:47.363+0000] {dagbag.py:588} INFO - Filling up the DagBag from /opt/airflow/dags/music_ingestion_dag.py
[2026-02-11T18:50:47.419+0000] {processor.py:925} INFO - DAG(s) '01_music_ingestion_realtime' retrieved from /opt/airflow/dags/music_ingestion_dag.py
[2026-02-11T18:50:47.491+0000] {logging_mixin.py:190} INFO - [2026-02-11T18:50:47.490+0000] {dag.py:3239} INFO - Sync 1 DAGs
[2026-02-11T18:50:47.534+0000] {logging_mixin.py:190} INFO - [2026-02-11T18:50:47.534+0000] {dag.py:4180} INFO - Setting next_dagrun for 01_music_ingestion_realtime to 2026-02-11 17:00:00+00:00, run_after=2026-02-11 18:00:00+00:00
[2026-02-11T18:50:47.571+0000] {processor.py:208} INFO - Processing /opt/airflow/dags/music_ingestion_dag.py took 0.234 seconds
[2026-02-11T18:51:17.680+0000] {processor.py:186} INFO - Started process (PID=397) to work on /opt/airflow/dags/music_ingestion_dag.py
[2026-02-11T18:51:17.681+0000] {processor.py:914} INFO - Processing file /opt/airflow/dags/music_ingestion_dag.py for tasks to queue
[2026-02-11T18:51:17.684+0000] {logging_mixin.py:190} INFO - [2026-02-11T18:51:17.684+0000] {dagbag.py:588} INFO - Filling up the DagBag from /opt/airflow/dags/music_ingestion_dag.py
[2026-02-11T18:51:17.718+0000] {processor.py:925} INFO - DAG(s) '01_music_ingestion_realtime' retrieved from /opt/airflow/dags/music_ingestion_dag.py
[2026-02-11T18:51:17.766+0000] {logging_mixin.py:190} INFO - [2026-02-11T18:51:17.766+0000] {dag.py:3239} INFO - Sync 1 DAGs
[2026-02-11T18:51:17.802+0000] {logging_mixin.py:190} INFO - [2026-02-11T18:51:17.801+0000] {dag.py:4180} INFO - Setting next_dagrun for 01_music_ingestion_realtime to 2026-02-11 17:00:00+00:00, run_after=2026-02-11 18:00:00+00:00
[2026-02-11T18:51:17.832+0000] {processor.py:208} INFO - Processing /opt/airflow/dags/music_ingestion_dag.py took 0.159 seconds
[2026-02-11T18:51:48.016+0000] {processor.py:186} INFO - Started process (PID=402) to work on /opt/airflow/dags/music_ingestion_dag.py
[2026-02-11T18:51:48.018+0000] {processor.py:914} INFO - Processing file /opt/airflow/dags/music_ingestion_dag.py for tasks to queue
[2026-02-11T18:51:48.021+0000] {logging_mixin.py:190} INFO - [2026-02-11T18:51:48.021+0000] {dagbag.py:588} INFO - Filling up the DagBag from /opt/airflow/dags/music_ingestion_dag.py
[2026-02-11T18:51:48.044+0000] {processor.py:925} INFO - DAG(s) '01_music_ingestion_realtime' retrieved from /opt/airflow/dags/music_ingestion_dag.py
[2026-02-11T18:51:48.084+0000] {logging_mixin.py:190} INFO - [2026-02-11T18:51:48.084+0000] {dag.py:3239} INFO - Sync 1 DAGs
[2026-02-11T18:51:48.109+0000] {logging_mixin.py:190} INFO - [2026-02-11T18:51:48.109+0000] {dag.py:4180} INFO - Setting next_dagrun for 01_music_ingestion_realtime to 2026-02-11 17:00:00+00:00, run_after=2026-02-11 18:00:00+00:00
[2026-02-11T18:51:48.150+0000] {processor.py:208} INFO - Processing /opt/airflow/dags/music_ingestion_dag.py took 0.143 seconds
[2026-02-11T18:52:18.335+0000] {processor.py:186} INFO - Started process (PID=407) to work on /opt/airflow/dags/music_ingestion_dag.py
[2026-02-11T18:52:18.338+0000] {processor.py:914} INFO - Processing file /opt/airflow/dags/music_ingestion_dag.py for tasks to queue
[2026-02-11T18:52:18.344+0000] {logging_mixin.py:190} INFO - [2026-02-11T18:52:18.342+0000] {dagbag.py:588} INFO - Filling up the DagBag from /opt/airflow/dags/music_ingestion_dag.py
[2026-02-11T18:52:18.376+0000] {processor.py:925} INFO - DAG(s) '01_music_ingestion_realtime' retrieved from /opt/airflow/dags/music_ingestion_dag.py
[2026-02-11T18:52:18.416+0000] {logging_mixin.py:190} INFO - [2026-02-11T18:52:18.415+0000] {dag.py:3239} INFO - Sync 1 DAGs
[2026-02-11T18:52:18.446+0000] {logging_mixin.py:190} INFO - [2026-02-11T18:52:18.446+0000] {dag.py:4180} INFO - Setting next_dagrun for 01_music_ingestion_realtime to 2026-02-11 17:00:00+00:00, run_after=2026-02-11 18:00:00+00:00
[2026-02-11T18:52:18.469+0000] {processor.py:208} INFO - Processing /opt/airflow/dags/music_ingestion_dag.py took 0.143 seconds
[2026-02-11T18:52:48.842+0000] {processor.py:186} INFO - Started process (PID=412) to work on /opt/airflow/dags/music_ingestion_dag.py
[2026-02-11T18:52:48.845+0000] {processor.py:914} INFO - Processing file /opt/airflow/dags/music_ingestion_dag.py for tasks to queue
[2026-02-11T18:52:48.851+0000] {logging_mixin.py:190} INFO - [2026-02-11T18:52:48.851+0000] {dagbag.py:588} INFO - Filling up the DagBag from /opt/airflow/dags/music_ingestion_dag.py
[2026-02-11T18:52:48.916+0000] {processor.py:925} INFO - DAG(s) '01_music_ingestion_realtime' retrieved from /opt/airflow/dags/music_ingestion_dag.py
[2026-02-11T18:52:48.991+0000] {logging_mixin.py:190} INFO - [2026-02-11T18:52:48.985+0000] {dag.py:3239} INFO - Sync 1 DAGs
[2026-02-11T18:52:49.048+0000] {logging_mixin.py:190} INFO - [2026-02-11T18:52:49.047+0000] {dag.py:4180} INFO - Setting next_dagrun for 01_music_ingestion_realtime to 2026-02-11 17:00:00+00:00, run_after=2026-02-11 18:00:00+00:00
[2026-02-11T18:52:49.089+0000] {processor.py:208} INFO - Processing /opt/airflow/dags/music_ingestion_dag.py took 0.271 seconds
[2026-02-11T18:53:19.532+0000] {processor.py:186} INFO - Started process (PID=417) to work on /opt/airflow/dags/music_ingestion_dag.py
[2026-02-11T18:53:19.535+0000] {processor.py:914} INFO - Processing file /opt/airflow/dags/music_ingestion_dag.py for tasks to queue
[2026-02-11T18:53:19.551+0000] {logging_mixin.py:190} INFO - [2026-02-11T18:53:19.549+0000] {dagbag.py:588} INFO - Filling up the DagBag from /opt/airflow/dags/music_ingestion_dag.py
[2026-02-11T18:53:19.631+0000] {processor.py:925} INFO - DAG(s) '01_music_ingestion_realtime' retrieved from /opt/airflow/dags/music_ingestion_dag.py
[2026-02-11T18:53:19.723+0000] {logging_mixin.py:190} INFO - [2026-02-11T18:53:19.723+0000] {dag.py:3239} INFO - Sync 1 DAGs
[2026-02-11T18:53:19.785+0000] {logging_mixin.py:190} INFO - [2026-02-11T18:53:19.785+0000] {dag.py:4180} INFO - Setting next_dagrun for 01_music_ingestion_realtime to 2026-02-11 17:00:00+00:00, run_after=2026-02-11 18:00:00+00:00
[2026-02-11T18:53:19.831+0000] {processor.py:208} INFO - Processing /opt/airflow/dags/music_ingestion_dag.py took 0.334 seconds
[2026-02-11T18:53:50.155+0000] {processor.py:186} INFO - Started process (PID=422) to work on /opt/airflow/dags/music_ingestion_dag.py
[2026-02-11T18:53:50.157+0000] {processor.py:914} INFO - Processing file /opt/airflow/dags/music_ingestion_dag.py for tasks to queue
[2026-02-11T18:53:50.160+0000] {logging_mixin.py:190} INFO - [2026-02-11T18:53:50.159+0000] {dagbag.py:588} INFO - Filling up the DagBag from /opt/airflow/dags/music_ingestion_dag.py
[2026-02-11T18:53:50.184+0000] {processor.py:925} INFO - DAG(s) '01_music_ingestion_realtime' retrieved from /opt/airflow/dags/music_ingestion_dag.py
[2026-02-11T18:53:50.214+0000] {logging_mixin.py:190} INFO - [2026-02-11T18:53:50.214+0000] {dag.py:3239} INFO - Sync 1 DAGs
[2026-02-11T18:53:50.241+0000] {logging_mixin.py:190} INFO - [2026-02-11T18:53:50.241+0000] {dag.py:4180} INFO - Setting next_dagrun for 01_music_ingestion_realtime to 2026-02-11 17:00:00+00:00, run_after=2026-02-11 18:00:00+00:00
[2026-02-11T18:53:50.270+0000] {processor.py:208} INFO - Processing /opt/airflow/dags/music_ingestion_dag.py took 0.121 seconds
[2026-02-11T18:54:20.481+0000] {processor.py:186} INFO - Started process (PID=427) to work on /opt/airflow/dags/music_ingestion_dag.py
[2026-02-11T18:54:20.483+0000] {processor.py:914} INFO - Processing file /opt/airflow/dags/music_ingestion_dag.py for tasks to queue
[2026-02-11T18:54:20.487+0000] {logging_mixin.py:190} INFO - [2026-02-11T18:54:20.486+0000] {dagbag.py:588} INFO - Filling up the DagBag from /opt/airflow/dags/music_ingestion_dag.py
[2026-02-11T18:54:20.524+0000] {processor.py:925} INFO - DAG(s) '01_music_ingestion_realtime' retrieved from /opt/airflow/dags/music_ingestion_dag.py
[2026-02-11T18:54:20.552+0000] {logging_mixin.py:190} INFO - [2026-02-11T18:54:20.552+0000] {dag.py:3239} INFO - Sync 1 DAGs
[2026-02-11T18:54:20.581+0000] {logging_mixin.py:190} INFO - [2026-02-11T18:54:20.580+0000] {dag.py:4180} INFO - Setting next_dagrun for 01_music_ingestion_realtime to 2026-02-11 17:00:00+00:00, run_after=2026-02-11 18:00:00+00:00
[2026-02-11T18:54:20.617+0000] {processor.py:208} INFO - Processing /opt/airflow/dags/music_ingestion_dag.py took 0.141 seconds
[2026-02-11T18:54:50.961+0000] {processor.py:186} INFO - Started process (PID=432) to work on /opt/airflow/dags/music_ingestion_dag.py
[2026-02-11T18:54:50.963+0000] {processor.py:914} INFO - Processing file /opt/airflow/dags/music_ingestion_dag.py for tasks to queue
[2026-02-11T18:54:50.966+0000] {logging_mixin.py:190} INFO - [2026-02-11T18:54:50.966+0000] {dagbag.py:588} INFO - Filling up the DagBag from /opt/airflow/dags/music_ingestion_dag.py
[2026-02-11T18:54:50.989+0000] {processor.py:925} INFO - DAG(s) '01_music_ingestion_realtime' retrieved from /opt/airflow/dags/music_ingestion_dag.py
[2026-02-11T18:54:51.021+0000] {logging_mixin.py:190} INFO - [2026-02-11T18:54:51.021+0000] {dag.py:3239} INFO - Sync 1 DAGs
[2026-02-11T18:54:51.050+0000] {logging_mixin.py:190} INFO - [2026-02-11T18:54:51.050+0000] {dag.py:4180} INFO - Setting next_dagrun for 01_music_ingestion_realtime to 2026-02-11 17:00:00+00:00, run_after=2026-02-11 18:00:00+00:00
[2026-02-11T18:54:51.069+0000] {processor.py:208} INFO - Processing /opt/airflow/dags/music_ingestion_dag.py took 0.115 seconds
[2026-02-11T18:55:21.385+0000] {processor.py:186} INFO - Started process (PID=437) to work on /opt/airflow/dags/music_ingestion_dag.py
[2026-02-11T18:55:21.386+0000] {processor.py:914} INFO - Processing file /opt/airflow/dags/music_ingestion_dag.py for tasks to queue
[2026-02-11T18:55:21.389+0000] {logging_mixin.py:190} INFO - [2026-02-11T18:55:21.389+0000] {dagbag.py:588} INFO - Filling up the DagBag from /opt/airflow/dags/music_ingestion_dag.py
[2026-02-11T18:55:21.422+0000] {processor.py:925} INFO - DAG(s) '01_music_ingestion_realtime' retrieved from /opt/airflow/dags/music_ingestion_dag.py
[2026-02-11T18:55:21.450+0000] {logging_mixin.py:190} INFO - [2026-02-11T18:55:21.450+0000] {dag.py:3239} INFO - Sync 1 DAGs
[2026-02-11T18:55:21.475+0000] {logging_mixin.py:190} INFO - [2026-02-11T18:55:21.475+0000] {dag.py:4180} INFO - Setting next_dagrun for 01_music_ingestion_realtime to 2026-02-11 17:00:00+00:00, run_after=2026-02-11 18:00:00+00:00
[2026-02-11T18:55:21.499+0000] {processor.py:208} INFO - Processing /opt/airflow/dags/music_ingestion_dag.py took 0.119 seconds
[2026-02-11T18:55:51.817+0000] {processor.py:186} INFO - Started process (PID=442) to work on /opt/airflow/dags/music_ingestion_dag.py
[2026-02-11T18:55:51.819+0000] {processor.py:914} INFO - Processing file /opt/airflow/dags/music_ingestion_dag.py for tasks to queue
[2026-02-11T18:55:51.822+0000] {logging_mixin.py:190} INFO - [2026-02-11T18:55:51.821+0000] {dagbag.py:588} INFO - Filling up the DagBag from /opt/airflow/dags/music_ingestion_dag.py
[2026-02-11T18:55:51.848+0000] {processor.py:925} INFO - DAG(s) '01_music_ingestion_realtime' retrieved from /opt/airflow/dags/music_ingestion_dag.py
[2026-02-11T18:55:51.876+0000] {logging_mixin.py:190} INFO - [2026-02-11T18:55:51.875+0000] {dag.py:3239} INFO - Sync 1 DAGs
[2026-02-11T18:55:51.896+0000] {logging_mixin.py:190} INFO - [2026-02-11T18:55:51.896+0000] {dag.py:4180} INFO - Setting next_dagrun for 01_music_ingestion_realtime to 2026-02-11 17:00:00+00:00, run_after=2026-02-11 18:00:00+00:00
[2026-02-11T18:55:51.920+0000] {processor.py:208} INFO - Processing /opt/airflow/dags/music_ingestion_dag.py took 0.109 seconds
[2026-02-11T18:56:22.226+0000] {processor.py:186} INFO - Started process (PID=447) to work on /opt/airflow/dags/music_ingestion_dag.py
[2026-02-11T18:56:22.227+0000] {processor.py:914} INFO - Processing file /opt/airflow/dags/music_ingestion_dag.py for tasks to queue
[2026-02-11T18:56:22.229+0000] {logging_mixin.py:190} INFO - [2026-02-11T18:56:22.229+0000] {dagbag.py:588} INFO - Filling up the DagBag from /opt/airflow/dags/music_ingestion_dag.py
[2026-02-11T18:56:22.251+0000] {processor.py:925} INFO - DAG(s) '01_music_ingestion_realtime' retrieved from /opt/airflow/dags/music_ingestion_dag.py
[2026-02-11T18:56:22.278+0000] {logging_mixin.py:190} INFO - [2026-02-11T18:56:22.278+0000] {dag.py:3239} INFO - Sync 1 DAGs
[2026-02-11T18:56:22.301+0000] {logging_mixin.py:190} INFO - [2026-02-11T18:56:22.301+0000] {dag.py:4180} INFO - Setting next_dagrun for 01_music_ingestion_realtime to 2026-02-11 17:00:00+00:00, run_after=2026-02-11 18:00:00+00:00
[2026-02-11T18:56:22.325+0000] {processor.py:208} INFO - Processing /opt/airflow/dags/music_ingestion_dag.py took 0.104 seconds
[2026-02-11T18:56:52.592+0000] {processor.py:186} INFO - Started process (PID=452) to work on /opt/airflow/dags/music_ingestion_dag.py
[2026-02-11T18:56:52.594+0000] {processor.py:914} INFO - Processing file /opt/airflow/dags/music_ingestion_dag.py for tasks to queue
[2026-02-11T18:56:52.596+0000] {logging_mixin.py:190} INFO - [2026-02-11T18:56:52.596+0000] {dagbag.py:588} INFO - Filling up the DagBag from /opt/airflow/dags/music_ingestion_dag.py
[2026-02-11T18:56:52.630+0000] {processor.py:925} INFO - DAG(s) '01_music_ingestion_realtime' retrieved from /opt/airflow/dags/music_ingestion_dag.py
[2026-02-11T18:56:52.659+0000] {logging_mixin.py:190} INFO - [2026-02-11T18:56:52.659+0000] {dag.py:3239} INFO - Sync 1 DAGs
[2026-02-11T18:56:52.683+0000] {logging_mixin.py:190} INFO - [2026-02-11T18:56:52.682+0000] {dag.py:4180} INFO - Setting next_dagrun for 01_music_ingestion_realtime to 2026-02-11 17:00:00+00:00, run_after=2026-02-11 18:00:00+00:00
[2026-02-11T18:56:52.710+0000] {processor.py:208} INFO - Processing /opt/airflow/dags/music_ingestion_dag.py took 0.123 seconds
[2026-02-11T18:57:22.923+0000] {processor.py:186} INFO - Started process (PID=457) to work on /opt/airflow/dags/music_ingestion_dag.py
[2026-02-11T18:57:22.924+0000] {processor.py:914} INFO - Processing file /opt/airflow/dags/music_ingestion_dag.py for tasks to queue
[2026-02-11T18:57:22.927+0000] {logging_mixin.py:190} INFO - [2026-02-11T18:57:22.926+0000] {dagbag.py:588} INFO - Filling up the DagBag from /opt/airflow/dags/music_ingestion_dag.py
[2026-02-11T18:57:22.943+0000] {processor.py:925} INFO - DAG(s) '01_music_ingestion_realtime' retrieved from /opt/airflow/dags/music_ingestion_dag.py
[2026-02-11T18:57:22.969+0000] {logging_mixin.py:190} INFO - [2026-02-11T18:57:22.968+0000] {dag.py:3239} INFO - Sync 1 DAGs
[2026-02-11T18:57:22.994+0000] {logging_mixin.py:190} INFO - [2026-02-11T18:57:22.993+0000] {dag.py:4180} INFO - Setting next_dagrun for 01_music_ingestion_realtime to 2026-02-11 17:00:00+00:00, run_after=2026-02-11 18:00:00+00:00
[2026-02-11T18:57:23.020+0000] {processor.py:208} INFO - Processing /opt/airflow/dags/music_ingestion_dag.py took 0.102 seconds
[2026-02-11T18:57:53.295+0000] {processor.py:186} INFO - Started process (PID=462) to work on /opt/airflow/dags/music_ingestion_dag.py
[2026-02-11T18:57:53.297+0000] {processor.py:914} INFO - Processing file /opt/airflow/dags/music_ingestion_dag.py for tasks to queue
[2026-02-11T18:57:53.300+0000] {logging_mixin.py:190} INFO - [2026-02-11T18:57:53.300+0000] {dagbag.py:588} INFO - Filling up the DagBag from /opt/airflow/dags/music_ingestion_dag.py
[2026-02-11T18:57:53.335+0000] {processor.py:925} INFO - DAG(s) '01_music_ingestion_realtime' retrieved from /opt/airflow/dags/music_ingestion_dag.py
[2026-02-11T18:57:53.363+0000] {logging_mixin.py:190} INFO - [2026-02-11T18:57:53.363+0000] {dag.py:3239} INFO - Sync 1 DAGs
[2026-02-11T18:57:53.389+0000] {logging_mixin.py:190} INFO - [2026-02-11T18:57:53.388+0000] {dag.py:4180} INFO - Setting next_dagrun for 01_music_ingestion_realtime to 2026-02-11 17:00:00+00:00, run_after=2026-02-11 18:00:00+00:00
[2026-02-11T18:57:53.419+0000] {processor.py:208} INFO - Processing /opt/airflow/dags/music_ingestion_dag.py took 0.131 seconds
[2026-02-11T18:58:23.742+0000] {processor.py:186} INFO - Started process (PID=467) to work on /opt/airflow/dags/music_ingestion_dag.py
[2026-02-11T18:58:23.743+0000] {processor.py:914} INFO - Processing file /opt/airflow/dags/music_ingestion_dag.py for tasks to queue
[2026-02-11T18:58:23.746+0000] {logging_mixin.py:190} INFO - [2026-02-11T18:58:23.745+0000] {dagbag.py:588} INFO - Filling up the DagBag from /opt/airflow/dags/music_ingestion_dag.py
[2026-02-11T18:58:23.766+0000] {processor.py:925} INFO - DAG(s) '01_music_ingestion_realtime' retrieved from /opt/airflow/dags/music_ingestion_dag.py
[2026-02-11T18:58:23.794+0000] {logging_mixin.py:190} INFO - [2026-02-11T18:58:23.794+0000] {dag.py:3239} INFO - Sync 1 DAGs
[2026-02-11T18:58:23.819+0000] {logging_mixin.py:190} INFO - [2026-02-11T18:58:23.819+0000] {dag.py:4180} INFO - Setting next_dagrun for 01_music_ingestion_realtime to 2026-02-11 17:00:00+00:00, run_after=2026-02-11 18:00:00+00:00
[2026-02-11T18:58:23.843+0000] {processor.py:208} INFO - Processing /opt/airflow/dags/music_ingestion_dag.py took 0.106 seconds
[2026-02-11T18:58:54.103+0000] {processor.py:186} INFO - Started process (PID=472) to work on /opt/airflow/dags/music_ingestion_dag.py
[2026-02-11T18:58:54.104+0000] {processor.py:914} INFO - Processing file /opt/airflow/dags/music_ingestion_dag.py for tasks to queue
[2026-02-11T18:58:54.106+0000] {logging_mixin.py:190} INFO - [2026-02-11T18:58:54.106+0000] {dagbag.py:588} INFO - Filling up the DagBag from /opt/airflow/dags/music_ingestion_dag.py
[2026-02-11T18:58:54.129+0000] {processor.py:925} INFO - DAG(s) '01_music_ingestion_realtime' retrieved from /opt/airflow/dags/music_ingestion_dag.py
[2026-02-11T18:58:54.161+0000] {logging_mixin.py:190} INFO - [2026-02-11T18:58:54.160+0000] {dag.py:3239} INFO - Sync 1 DAGs
[2026-02-11T18:58:54.186+0000] {logging_mixin.py:190} INFO - [2026-02-11T18:58:54.186+0000] {dag.py:4180} INFO - Setting next_dagrun for 01_music_ingestion_realtime to 2026-02-11 17:00:00+00:00, run_after=2026-02-11 18:00:00+00:00
[2026-02-11T18:58:54.228+0000] {processor.py:208} INFO - Processing /opt/airflow/dags/music_ingestion_dag.py took 0.131 seconds
[2026-02-11T18:59:25.333+0000] {processor.py:186} INFO - Started process (PID=477) to work on /opt/airflow/dags/music_ingestion_dag.py
[2026-02-11T18:59:25.338+0000] {processor.py:914} INFO - Processing file /opt/airflow/dags/music_ingestion_dag.py for tasks to queue
[2026-02-11T18:59:25.419+0000] {logging_mixin.py:190} INFO - [2026-02-11T18:59:25.411+0000] {dagbag.py:588} INFO - Filling up the DagBag from /opt/airflow/dags/music_ingestion_dag.py
[2026-02-11T18:59:25.733+0000] {processor.py:925} INFO - DAG(s) '01_music_ingestion_realtime' retrieved from /opt/airflow/dags/music_ingestion_dag.py
[2026-02-11T18:59:26.110+0000] {logging_mixin.py:190} INFO - [2026-02-11T18:59:26.105+0000] {dag.py:3239} INFO - Sync 1 DAGs
[2026-02-11T18:59:26.581+0000] {logging_mixin.py:190} INFO - [2026-02-11T18:59:26.580+0000] {dag.py:4180} INFO - Setting next_dagrun for 01_music_ingestion_realtime to 2026-02-11 17:00:00+00:00, run_after=2026-02-11 18:00:00+00:00
[2026-02-11T18:59:26.797+0000] {processor.py:208} INFO - Processing /opt/airflow/dags/music_ingestion_dag.py took 1.552 seconds
[2026-02-11T18:59:57.578+0000] {processor.py:186} INFO - Started process (PID=482) to work on /opt/airflow/dags/music_ingestion_dag.py
[2026-02-11T18:59:57.582+0000] {processor.py:914} INFO - Processing file /opt/airflow/dags/music_ingestion_dag.py for tasks to queue
[2026-02-11T18:59:57.599+0000] {logging_mixin.py:190} INFO - [2026-02-11T18:59:57.597+0000] {dagbag.py:588} INFO - Filling up the DagBag from /opt/airflow/dags/music_ingestion_dag.py
[2026-02-11T18:59:57.787+0000] {processor.py:925} INFO - DAG(s) '01_music_ingestion_realtime' retrieved from /opt/airflow/dags/music_ingestion_dag.py
[2026-02-11T18:59:58.109+0000] {logging_mixin.py:190} INFO - [2026-02-11T18:59:58.108+0000] {dag.py:3239} INFO - Sync 1 DAGs
[2026-02-11T18:59:58.274+0000] {logging_mixin.py:190} INFO - [2026-02-11T18:59:58.273+0000] {dag.py:4180} INFO - Setting next_dagrun for 01_music_ingestion_realtime to 2026-02-11 17:00:00+00:00, run_after=2026-02-11 18:00:00+00:00
[2026-02-11T18:59:58.372+0000] {processor.py:208} INFO - Processing /opt/airflow/dags/music_ingestion_dag.py took 0.827 seconds
[2026-02-11T19:00:28.907+0000] {processor.py:186} INFO - Started process (PID=487) to work on /opt/airflow/dags/music_ingestion_dag.py
[2026-02-11T19:00:28.910+0000] {processor.py:914} INFO - Processing file /opt/airflow/dags/music_ingestion_dag.py for tasks to queue
[2026-02-11T19:00:28.915+0000] {logging_mixin.py:190} INFO - [2026-02-11T19:00:28.915+0000] {dagbag.py:588} INFO - Filling up the DagBag from /opt/airflow/dags/music_ingestion_dag.py
[2026-02-11T19:00:28.960+0000] {processor.py:925} INFO - DAG(s) '01_music_ingestion_realtime' retrieved from /opt/airflow/dags/music_ingestion_dag.py
[2026-02-11T19:00:29.018+0000] {logging_mixin.py:190} INFO - [2026-02-11T19:00:29.018+0000] {dag.py:3239} INFO - Sync 1 DAGs
[2026-02-11T19:00:29.071+0000] {logging_mixin.py:190} INFO - [2026-02-11T19:00:29.071+0000] {dag.py:4180} INFO - Setting next_dagrun for 01_music_ingestion_realtime to 2026-02-11 18:00:00+00:00, run_after=2026-02-11 19:00:00+00:00
[2026-02-11T19:00:29.122+0000] {processor.py:208} INFO - Processing /opt/airflow/dags/music_ingestion_dag.py took 0.227 seconds
[2026-02-11T19:00:59.396+0000] {processor.py:186} INFO - Started process (PID=492) to work on /opt/airflow/dags/music_ingestion_dag.py
[2026-02-11T19:00:59.398+0000] {processor.py:914} INFO - Processing file /opt/airflow/dags/music_ingestion_dag.py for tasks to queue
[2026-02-11T19:00:59.401+0000] {logging_mixin.py:190} INFO - [2026-02-11T19:00:59.400+0000] {dagbag.py:588} INFO - Filling up the DagBag from /opt/airflow/dags/music_ingestion_dag.py
[2026-02-11T19:00:59.424+0000] {processor.py:925} INFO - DAG(s) '01_music_ingestion_realtime' retrieved from /opt/airflow/dags/music_ingestion_dag.py
[2026-02-11T19:00:59.454+0000] {logging_mixin.py:190} INFO - [2026-02-11T19:00:59.454+0000] {dag.py:3239} INFO - Sync 1 DAGs
[2026-02-11T19:00:59.480+0000] {logging_mixin.py:190} INFO - [2026-02-11T19:00:59.480+0000] {dag.py:4180} INFO - Setting next_dagrun for 01_music_ingestion_realtime to 2026-02-11 18:00:00+00:00, run_after=2026-02-11 19:00:00+00:00
[2026-02-11T19:00:59.504+0000] {processor.py:208} INFO - Processing /opt/airflow/dags/music_ingestion_dag.py took 0.114 seconds
[2026-02-11T19:01:29.765+0000] {processor.py:186} INFO - Started process (PID=497) to work on /opt/airflow/dags/music_ingestion_dag.py
[2026-02-11T19:01:29.767+0000] {processor.py:914} INFO - Processing file /opt/airflow/dags/music_ingestion_dag.py for tasks to queue
[2026-02-11T19:01:29.771+0000] {logging_mixin.py:190} INFO - [2026-02-11T19:01:29.771+0000] {dagbag.py:588} INFO - Filling up the DagBag from /opt/airflow/dags/music_ingestion_dag.py
[2026-02-11T19:01:29.802+0000] {processor.py:925} INFO - DAG(s) '01_music_ingestion_realtime' retrieved from /opt/airflow/dags/music_ingestion_dag.py
[2026-02-11T19:01:29.845+0000] {logging_mixin.py:190} INFO - [2026-02-11T19:01:29.845+0000] {dag.py:3239} INFO - Sync 1 DAGs
[2026-02-11T19:01:29.882+0000] {logging_mixin.py:190} INFO - [2026-02-11T19:01:29.882+0000] {dag.py:4180} INFO - Setting next_dagrun for 01_music_ingestion_realtime to 2026-02-11 18:00:00+00:00, run_after=2026-02-11 19:00:00+00:00
[2026-02-11T19:01:29.917+0000] {processor.py:208} INFO - Processing /opt/airflow/dags/music_ingestion_dag.py took 0.160 seconds
[2026-02-11T19:02:00.146+0000] {processor.py:186} INFO - Started process (PID=502) to work on /opt/airflow/dags/music_ingestion_dag.py
[2026-02-11T19:02:00.148+0000] {processor.py:914} INFO - Processing file /opt/airflow/dags/music_ingestion_dag.py for tasks to queue
[2026-02-11T19:02:00.153+0000] {logging_mixin.py:190} INFO - [2026-02-11T19:02:00.152+0000] {dagbag.py:588} INFO - Filling up the DagBag from /opt/airflow/dags/music_ingestion_dag.py
[2026-02-11T19:02:00.197+0000] {processor.py:925} INFO - DAG(s) '01_music_ingestion_realtime' retrieved from /opt/airflow/dags/music_ingestion_dag.py
[2026-02-11T19:02:00.244+0000] {logging_mixin.py:190} INFO - [2026-02-11T19:02:00.243+0000] {dag.py:3239} INFO - Sync 1 DAGs
[2026-02-11T19:02:00.280+0000] {logging_mixin.py:190} INFO - [2026-02-11T19:02:00.280+0000] {dag.py:4180} INFO - Setting next_dagrun for 01_music_ingestion_realtime to 2026-02-11 18:00:00+00:00, run_after=2026-02-11 19:00:00+00:00
[2026-02-11T19:02:00.309+0000] {processor.py:208} INFO - Processing /opt/airflow/dags/music_ingestion_dag.py took 0.175 seconds
[2026-02-11T19:02:30.569+0000] {processor.py:186} INFO - Started process (PID=507) to work on /opt/airflow/dags/music_ingestion_dag.py
[2026-02-11T19:02:30.572+0000] {processor.py:914} INFO - Processing file /opt/airflow/dags/music_ingestion_dag.py for tasks to queue
[2026-02-11T19:02:30.576+0000] {logging_mixin.py:190} INFO - [2026-02-11T19:02:30.576+0000] {dagbag.py:588} INFO - Filling up the DagBag from /opt/airflow/dags/music_ingestion_dag.py
[2026-02-11T19:02:30.611+0000] {processor.py:925} INFO - DAG(s) '01_music_ingestion_realtime' retrieved from /opt/airflow/dags/music_ingestion_dag.py
[2026-02-11T19:02:30.653+0000] {logging_mixin.py:190} INFO - [2026-02-11T19:02:30.652+0000] {dag.py:3239} INFO - Sync 1 DAGs
[2026-02-11T19:02:30.686+0000] {logging_mixin.py:190} INFO - [2026-02-11T19:02:30.686+0000] {dag.py:4180} INFO - Setting next_dagrun for 01_music_ingestion_realtime to 2026-02-11 18:00:00+00:00, run_after=2026-02-11 19:00:00+00:00
[2026-02-11T19:02:30.714+0000] {processor.py:208} INFO - Processing /opt/airflow/dags/music_ingestion_dag.py took 0.166 seconds
[2026-02-11T19:03:00.946+0000] {processor.py:186} INFO - Started process (PID=512) to work on /opt/airflow/dags/music_ingestion_dag.py
[2026-02-11T19:03:00.947+0000] {processor.py:914} INFO - Processing file /opt/airflow/dags/music_ingestion_dag.py for tasks to queue
[2026-02-11T19:03:00.950+0000] {logging_mixin.py:190} INFO - [2026-02-11T19:03:00.949+0000] {dagbag.py:588} INFO - Filling up the DagBag from /opt/airflow/dags/music_ingestion_dag.py
[2026-02-11T19:03:00.975+0000] {processor.py:925} INFO - DAG(s) '01_music_ingestion_realtime' retrieved from /opt/airflow/dags/music_ingestion_dag.py
[2026-02-11T19:03:01.015+0000] {logging_mixin.py:190} INFO - [2026-02-11T19:03:01.015+0000] {dag.py:3239} INFO - Sync 1 DAGs
[2026-02-11T19:03:01.052+0000] {logging_mixin.py:190} INFO - [2026-02-11T19:03:01.051+0000] {dag.py:4180} INFO - Setting next_dagrun for 01_music_ingestion_realtime to 2026-02-11 18:00:00+00:00, run_after=2026-02-11 19:00:00+00:00
[2026-02-11T19:03:01.090+0000] {processor.py:208} INFO - Processing /opt/airflow/dags/music_ingestion_dag.py took 0.151 seconds
[2026-02-11T19:03:31.323+0000] {processor.py:186} INFO - Started process (PID=517) to work on /opt/airflow/dags/music_ingestion_dag.py
[2026-02-11T19:03:31.324+0000] {processor.py:914} INFO - Processing file /opt/airflow/dags/music_ingestion_dag.py for tasks to queue
[2026-02-11T19:03:31.326+0000] {logging_mixin.py:190} INFO - [2026-02-11T19:03:31.326+0000] {dagbag.py:588} INFO - Filling up the DagBag from /opt/airflow/dags/music_ingestion_dag.py
[2026-02-11T19:03:31.348+0000] {processor.py:925} INFO - DAG(s) '01_music_ingestion_realtime' retrieved from /opt/airflow/dags/music_ingestion_dag.py
[2026-02-11T19:03:31.383+0000] {logging_mixin.py:190} INFO - [2026-02-11T19:03:31.383+0000] {dag.py:3239} INFO - Sync 1 DAGs
[2026-02-11T19:03:31.421+0000] {logging_mixin.py:190} INFO - [2026-02-11T19:03:31.421+0000] {dag.py:4180} INFO - Setting next_dagrun for 01_music_ingestion_realtime to 2026-02-11 18:00:00+00:00, run_after=2026-02-11 19:00:00+00:00
[2026-02-11T19:03:31.447+0000] {processor.py:208} INFO - Processing /opt/airflow/dags/music_ingestion_dag.py took 0.130 seconds
[2026-02-11T19:04:01.696+0000] {processor.py:186} INFO - Started process (PID=522) to work on /opt/airflow/dags/music_ingestion_dag.py
[2026-02-11T19:04:01.698+0000] {processor.py:914} INFO - Processing file /opt/airflow/dags/music_ingestion_dag.py for tasks to queue
[2026-02-11T19:04:01.702+0000] {logging_mixin.py:190} INFO - [2026-02-11T19:04:01.702+0000] {dagbag.py:588} INFO - Filling up the DagBag from /opt/airflow/dags/music_ingestion_dag.py
[2026-02-11T19:04:01.742+0000] {processor.py:925} INFO - DAG(s) '01_music_ingestion_realtime' retrieved from /opt/airflow/dags/music_ingestion_dag.py
[2026-02-11T19:04:01.787+0000] {logging_mixin.py:190} INFO - [2026-02-11T19:04:01.786+0000] {dag.py:3239} INFO - Sync 1 DAGs
[2026-02-11T19:04:01.824+0000] {logging_mixin.py:190} INFO - [2026-02-11T19:04:01.824+0000] {dag.py:4180} INFO - Setting next_dagrun for 01_music_ingestion_realtime to 2026-02-11 18:00:00+00:00, run_after=2026-02-11 19:00:00+00:00
[2026-02-11T19:04:01.852+0000] {processor.py:208} INFO - Processing /opt/airflow/dags/music_ingestion_dag.py took 0.161 seconds
[2026-02-11T19:04:32.252+0000] {processor.py:186} INFO - Started process (PID=527) to work on /opt/airflow/dags/music_ingestion_dag.py
[2026-02-11T19:04:32.255+0000] {processor.py:914} INFO - Processing file /opt/airflow/dags/music_ingestion_dag.py for tasks to queue
[2026-02-11T19:04:32.259+0000] {logging_mixin.py:190} INFO - [2026-02-11T19:04:32.258+0000] {dagbag.py:588} INFO - Filling up the DagBag from /opt/airflow/dags/music_ingestion_dag.py
[2026-02-11T19:04:32.300+0000] {processor.py:925} INFO - DAG(s) '01_music_ingestion_realtime' retrieved from /opt/airflow/dags/music_ingestion_dag.py
[2026-02-11T19:04:32.349+0000] {logging_mixin.py:190} INFO - [2026-02-11T19:04:32.349+0000] {dag.py:3239} INFO - Sync 1 DAGs
[2026-02-11T19:04:32.386+0000] {logging_mixin.py:190} INFO - [2026-02-11T19:04:32.385+0000] {dag.py:4180} INFO - Setting next_dagrun for 01_music_ingestion_realtime to 2026-02-11 18:00:00+00:00, run_after=2026-02-11 19:00:00+00:00
[2026-02-11T19:04:32.420+0000] {processor.py:208} INFO - Processing /opt/airflow/dags/music_ingestion_dag.py took 0.177 seconds
[2026-02-11T19:05:02.601+0000] {processor.py:186} INFO - Started process (PID=532) to work on /opt/airflow/dags/music_ingestion_dag.py
[2026-02-11T19:05:02.603+0000] {processor.py:914} INFO - Processing file /opt/airflow/dags/music_ingestion_dag.py for tasks to queue
[2026-02-11T19:05:02.606+0000] {logging_mixin.py:190} INFO - [2026-02-11T19:05:02.606+0000] {dagbag.py:588} INFO - Filling up the DagBag from /opt/airflow/dags/music_ingestion_dag.py
[2026-02-11T19:05:02.644+0000] {processor.py:925} INFO - DAG(s) '01_music_ingestion_realtime' retrieved from /opt/airflow/dags/music_ingestion_dag.py
[2026-02-11T19:05:02.676+0000] {logging_mixin.py:190} INFO - [2026-02-11T19:05:02.675+0000] {dag.py:3239} INFO - Sync 1 DAGs
[2026-02-11T19:05:02.704+0000] {logging_mixin.py:190} INFO - [2026-02-11T19:05:02.704+0000] {dag.py:4180} INFO - Setting next_dagrun for 01_music_ingestion_realtime to 2026-02-11 18:00:00+00:00, run_after=2026-02-11 19:00:00+00:00
[2026-02-11T19:05:02.735+0000] {processor.py:208} INFO - Processing /opt/airflow/dags/music_ingestion_dag.py took 0.139 seconds
[2026-02-11T19:05:33.070+0000] {processor.py:186} INFO - Started process (PID=537) to work on /opt/airflow/dags/music_ingestion_dag.py
[2026-02-11T19:05:33.072+0000] {processor.py:914} INFO - Processing file /opt/airflow/dags/music_ingestion_dag.py for tasks to queue
[2026-02-11T19:05:33.074+0000] {logging_mixin.py:190} INFO - [2026-02-11T19:05:33.074+0000] {dagbag.py:588} INFO - Filling up the DagBag from /opt/airflow/dags/music_ingestion_dag.py
[2026-02-11T19:05:33.106+0000] {processor.py:925} INFO - DAG(s) '01_music_ingestion_realtime' retrieved from /opt/airflow/dags/music_ingestion_dag.py
[2026-02-11T19:05:33.135+0000] {logging_mixin.py:190} INFO - [2026-02-11T19:05:33.135+0000] {dag.py:3239} INFO - Sync 1 DAGs
[2026-02-11T19:05:33.162+0000] {logging_mixin.py:190} INFO - [2026-02-11T19:05:33.162+0000] {dag.py:4180} INFO - Setting next_dagrun for 01_music_ingestion_realtime to 2026-02-11 18:00:00+00:00, run_after=2026-02-11 19:00:00+00:00
[2026-02-11T19:05:33.189+0000] {processor.py:208} INFO - Processing /opt/airflow/dags/music_ingestion_dag.py took 0.125 seconds
[2026-02-11T19:06:03.398+0000] {processor.py:186} INFO - Started process (PID=542) to work on /opt/airflow/dags/music_ingestion_dag.py
[2026-02-11T19:06:03.401+0000] {processor.py:914} INFO - Processing file /opt/airflow/dags/music_ingestion_dag.py for tasks to queue
[2026-02-11T19:06:03.404+0000] {logging_mixin.py:190} INFO - [2026-02-11T19:06:03.404+0000] {dagbag.py:588} INFO - Filling up the DagBag from /opt/airflow/dags/music_ingestion_dag.py
[2026-02-11T19:06:03.436+0000] {processor.py:925} INFO - DAG(s) '01_music_ingestion_realtime' retrieved from /opt/airflow/dags/music_ingestion_dag.py
[2026-02-11T19:06:03.476+0000] {logging_mixin.py:190} INFO - [2026-02-11T19:06:03.476+0000] {dag.py:3239} INFO - Sync 1 DAGs
[2026-02-11T19:06:03.514+0000] {logging_mixin.py:190} INFO - [2026-02-11T19:06:03.514+0000] {dag.py:4180} INFO - Setting next_dagrun for 01_music_ingestion_realtime to 2026-02-11 18:00:00+00:00, run_after=2026-02-11 19:00:00+00:00
[2026-02-11T19:06:03.548+0000] {processor.py:208} INFO - Processing /opt/airflow/dags/music_ingestion_dag.py took 0.157 seconds
[2026-02-11T19:06:33.827+0000] {processor.py:186} INFO - Started process (PID=547) to work on /opt/airflow/dags/music_ingestion_dag.py
[2026-02-11T19:06:33.828+0000] {processor.py:914} INFO - Processing file /opt/airflow/dags/music_ingestion_dag.py for tasks to queue
[2026-02-11T19:06:33.833+0000] {logging_mixin.py:190} INFO - [2026-02-11T19:06:33.832+0000] {dagbag.py:588} INFO - Filling up the DagBag from /opt/airflow/dags/music_ingestion_dag.py
[2026-02-11T19:06:33.871+0000] {processor.py:925} INFO - DAG(s) '01_music_ingestion_realtime' retrieved from /opt/airflow/dags/music_ingestion_dag.py
[2026-02-11T19:06:33.906+0000] {logging_mixin.py:190} INFO - [2026-02-11T19:06:33.905+0000] {dag.py:3239} INFO - Sync 1 DAGs
[2026-02-11T19:06:33.934+0000] {logging_mixin.py:190} INFO - [2026-02-11T19:06:33.934+0000] {dag.py:4180} INFO - Setting next_dagrun for 01_music_ingestion_realtime to 2026-02-11 18:00:00+00:00, run_after=2026-02-11 19:00:00+00:00
[2026-02-11T19:06:33.958+0000] {processor.py:208} INFO - Processing /opt/airflow/dags/music_ingestion_dag.py took 0.140 seconds
[2026-02-11T19:07:04.187+0000] {processor.py:186} INFO - Started process (PID=552) to work on /opt/airflow/dags/music_ingestion_dag.py
[2026-02-11T19:07:04.189+0000] {processor.py:914} INFO - Processing file /opt/airflow/dags/music_ingestion_dag.py for tasks to queue
[2026-02-11T19:07:04.191+0000] {logging_mixin.py:190} INFO - [2026-02-11T19:07:04.191+0000] {dagbag.py:588} INFO - Filling up the DagBag from /opt/airflow/dags/music_ingestion_dag.py
[2026-02-11T19:07:04.232+0000] {processor.py:925} INFO - DAG(s) '01_music_ingestion_realtime' retrieved from /opt/airflow/dags/music_ingestion_dag.py
[2026-02-11T19:07:04.259+0000] {logging_mixin.py:190} INFO - [2026-02-11T19:07:04.258+0000] {dag.py:3239} INFO - Sync 1 DAGs
[2026-02-11T19:07:04.281+0000] {logging_mixin.py:190} INFO - [2026-02-11T19:07:04.280+0000] {dag.py:4180} INFO - Setting next_dagrun for 01_music_ingestion_realtime to 2026-02-11 18:00:00+00:00, run_after=2026-02-11 19:00:00+00:00
[2026-02-11T19:07:04.305+0000] {processor.py:208} INFO - Processing /opt/airflow/dags/music_ingestion_dag.py took 0.124 seconds
[2026-02-11T19:07:34.621+0000] {processor.py:186} INFO - Started process (PID=557) to work on /opt/airflow/dags/music_ingestion_dag.py
[2026-02-11T19:07:34.622+0000] {processor.py:914} INFO - Processing file /opt/airflow/dags/music_ingestion_dag.py for tasks to queue
[2026-02-11T19:07:34.627+0000] {logging_mixin.py:190} INFO - [2026-02-11T19:07:34.626+0000] {dagbag.py:588} INFO - Filling up the DagBag from /opt/airflow/dags/music_ingestion_dag.py
[2026-02-11T19:07:34.657+0000] {processor.py:925} INFO - DAG(s) '01_music_ingestion_realtime' retrieved from /opt/airflow/dags/music_ingestion_dag.py
[2026-02-11T19:07:34.698+0000] {logging_mixin.py:190} INFO - [2026-02-11T19:07:34.697+0000] {dag.py:3239} INFO - Sync 1 DAGs
[2026-02-11T19:07:34.727+0000] {logging_mixin.py:190} INFO - [2026-02-11T19:07:34.726+0000] {dag.py:4180} INFO - Setting next_dagrun for 01_music_ingestion_realtime to 2026-02-11 18:00:00+00:00, run_after=2026-02-11 19:00:00+00:00
[2026-02-11T19:07:34.750+0000] {processor.py:208} INFO - Processing /opt/airflow/dags/music_ingestion_dag.py took 0.141 seconds
[2026-02-11T19:08:05.044+0000] {processor.py:186} INFO - Started process (PID=562) to work on /opt/airflow/dags/music_ingestion_dag.py
[2026-02-11T19:08:05.045+0000] {processor.py:914} INFO - Processing file /opt/airflow/dags/music_ingestion_dag.py for tasks to queue
[2026-02-11T19:08:05.048+0000] {logging_mixin.py:190} INFO - [2026-02-11T19:08:05.048+0000] {dagbag.py:588} INFO - Filling up the DagBag from /opt/airflow/dags/music_ingestion_dag.py
[2026-02-11T19:08:05.070+0000] {processor.py:925} INFO - DAG(s) '01_music_ingestion_realtime' retrieved from /opt/airflow/dags/music_ingestion_dag.py
[2026-02-11T19:08:05.098+0000] {logging_mixin.py:190} INFO - [2026-02-11T19:08:05.098+0000] {dag.py:3239} INFO - Sync 1 DAGs
[2026-02-11T19:08:05.121+0000] {logging_mixin.py:190} INFO - [2026-02-11T19:08:05.121+0000] {dag.py:4180} INFO - Setting next_dagrun for 01_music_ingestion_realtime to 2026-02-11 18:00:00+00:00, run_after=2026-02-11 19:00:00+00:00
[2026-02-11T19:08:05.144+0000] {processor.py:208} INFO - Processing /opt/airflow/dags/music_ingestion_dag.py took 0.107 seconds
[2026-02-11T19:08:35.417+0000] {processor.py:186} INFO - Started process (PID=567) to work on /opt/airflow/dags/music_ingestion_dag.py
[2026-02-11T19:08:35.419+0000] {processor.py:914} INFO - Processing file /opt/airflow/dags/music_ingestion_dag.py for tasks to queue
[2026-02-11T19:08:35.424+0000] {logging_mixin.py:190} INFO - [2026-02-11T19:08:35.424+0000] {dagbag.py:588} INFO - Filling up the DagBag from /opt/airflow/dags/music_ingestion_dag.py
[2026-02-11T19:08:35.459+0000] {processor.py:925} INFO - DAG(s) '01_music_ingestion_realtime' retrieved from /opt/airflow/dags/music_ingestion_dag.py
[2026-02-11T19:08:35.527+0000] {logging_mixin.py:190} INFO - [2026-02-11T19:08:35.526+0000] {dag.py:3239} INFO - Sync 1 DAGs
[2026-02-11T19:08:35.570+0000] {logging_mixin.py:190} INFO - [2026-02-11T19:08:35.570+0000] {dag.py:4180} INFO - Setting next_dagrun for 01_music_ingestion_realtime to 2026-02-11 18:00:00+00:00, run_after=2026-02-11 19:00:00+00:00
[2026-02-11T19:08:35.598+0000] {processor.py:208} INFO - Processing /opt/airflow/dags/music_ingestion_dag.py took 0.188 seconds
[2026-02-11T19:09:05.868+0000] {processor.py:186} INFO - Started process (PID=572) to work on /opt/airflow/dags/music_ingestion_dag.py
[2026-02-11T19:09:05.869+0000] {processor.py:914} INFO - Processing file /opt/airflow/dags/music_ingestion_dag.py for tasks to queue
[2026-02-11T19:09:05.872+0000] {logging_mixin.py:190} INFO - [2026-02-11T19:09:05.872+0000] {dagbag.py:588} INFO - Filling up the DagBag from /opt/airflow/dags/music_ingestion_dag.py
[2026-02-11T19:09:05.895+0000] {processor.py:925} INFO - DAG(s) '01_music_ingestion_realtime' retrieved from /opt/airflow/dags/music_ingestion_dag.py
[2026-02-11T19:09:05.922+0000] {logging_mixin.py:190} INFO - [2026-02-11T19:09:05.922+0000] {dag.py:3239} INFO - Sync 1 DAGs
[2026-02-11T19:09:05.945+0000] {logging_mixin.py:190} INFO - [2026-02-11T19:09:05.945+0000] {dag.py:4180} INFO - Setting next_dagrun for 01_music_ingestion_realtime to 2026-02-11 18:00:00+00:00, run_after=2026-02-11 19:00:00+00:00
[2026-02-11T19:09:05.972+0000] {processor.py:208} INFO - Processing /opt/airflow/dags/music_ingestion_dag.py took 0.109 seconds
[2026-02-11T19:09:36.378+0000] {processor.py:186} INFO - Started process (PID=577) to work on /opt/airflow/dags/music_ingestion_dag.py
[2026-02-11T19:09:36.380+0000] {processor.py:914} INFO - Processing file /opt/airflow/dags/music_ingestion_dag.py for tasks to queue
[2026-02-11T19:09:36.382+0000] {logging_mixin.py:190} INFO - [2026-02-11T19:09:36.382+0000] {dagbag.py:588} INFO - Filling up the DagBag from /opt/airflow/dags/music_ingestion_dag.py
[2026-02-11T19:09:36.403+0000] {processor.py:925} INFO - DAG(s) '01_music_ingestion_realtime' retrieved from /opt/airflow/dags/music_ingestion_dag.py
[2026-02-11T19:09:36.429+0000] {logging_mixin.py:190} INFO - [2026-02-11T19:09:36.429+0000] {dag.py:3239} INFO - Sync 1 DAGs
[2026-02-11T19:09:36.456+0000] {logging_mixin.py:190} INFO - [2026-02-11T19:09:36.456+0000] {dag.py:4180} INFO - Setting next_dagrun for 01_music_ingestion_realtime to 2026-02-11 18:00:00+00:00, run_after=2026-02-11 19:00:00+00:00
[2026-02-11T19:09:36.485+0000] {processor.py:208} INFO - Processing /opt/airflow/dags/music_ingestion_dag.py took 0.113 seconds
[2026-02-11T19:10:06.796+0000] {processor.py:186} INFO - Started process (PID=582) to work on /opt/airflow/dags/music_ingestion_dag.py
[2026-02-11T19:10:06.797+0000] {processor.py:914} INFO - Processing file /opt/airflow/dags/music_ingestion_dag.py for tasks to queue
[2026-02-11T19:10:06.799+0000] {logging_mixin.py:190} INFO - [2026-02-11T19:10:06.798+0000] {dagbag.py:588} INFO - Filling up the DagBag from /opt/airflow/dags/music_ingestion_dag.py
[2026-02-11T19:10:06.824+0000] {processor.py:925} INFO - DAG(s) '01_music_ingestion_realtime' retrieved from /opt/airflow/dags/music_ingestion_dag.py
[2026-02-11T19:10:06.849+0000] {logging_mixin.py:190} INFO - [2026-02-11T19:10:06.849+0000] {dag.py:3239} INFO - Sync 1 DAGs
[2026-02-11T19:10:06.873+0000] {logging_mixin.py:190} INFO - [2026-02-11T19:10:06.873+0000] {dag.py:4180} INFO - Setting next_dagrun for 01_music_ingestion_realtime to 2026-02-11 18:00:00+00:00, run_after=2026-02-11 19:00:00+00:00
[2026-02-11T19:10:06.898+0000] {processor.py:208} INFO - Processing /opt/airflow/dags/music_ingestion_dag.py took 0.107 seconds
[2026-02-11T19:10:37.270+0000] {processor.py:186} INFO - Started process (PID=587) to work on /opt/airflow/dags/music_ingestion_dag.py
[2026-02-11T19:10:37.271+0000] {processor.py:914} INFO - Processing file /opt/airflow/dags/music_ingestion_dag.py for tasks to queue
[2026-02-11T19:10:37.273+0000] {logging_mixin.py:190} INFO - [2026-02-11T19:10:37.273+0000] {dagbag.py:588} INFO - Filling up the DagBag from /opt/airflow/dags/music_ingestion_dag.py
[2026-02-11T19:10:37.296+0000] {processor.py:925} INFO - DAG(s) '01_music_ingestion_realtime' retrieved from /opt/airflow/dags/music_ingestion_dag.py
[2026-02-11T19:10:37.323+0000] {logging_mixin.py:190} INFO - [2026-02-11T19:10:37.322+0000] {dag.py:3239} INFO - Sync 1 DAGs
[2026-02-11T19:10:37.347+0000] {logging_mixin.py:190} INFO - [2026-02-11T19:10:37.347+0000] {dag.py:4180} INFO - Setting next_dagrun for 01_music_ingestion_realtime to 2026-02-11 18:00:00+00:00, run_after=2026-02-11 19:00:00+00:00
[2026-02-11T19:10:37.373+0000] {processor.py:208} INFO - Processing /opt/airflow/dags/music_ingestion_dag.py took 0.108 seconds
[2026-02-11T19:11:07.655+0000] {processor.py:186} INFO - Started process (PID=592) to work on /opt/airflow/dags/music_ingestion_dag.py
[2026-02-11T19:11:07.657+0000] {processor.py:914} INFO - Processing file /opt/airflow/dags/music_ingestion_dag.py for tasks to queue
[2026-02-11T19:11:07.659+0000] {logging_mixin.py:190} INFO - [2026-02-11T19:11:07.659+0000] {dagbag.py:588} INFO - Filling up the DagBag from /opt/airflow/dags/music_ingestion_dag.py
[2026-02-11T19:11:07.685+0000] {processor.py:925} INFO - DAG(s) '01_music_ingestion_realtime' retrieved from /opt/airflow/dags/music_ingestion_dag.py
[2026-02-11T19:11:07.716+0000] {logging_mixin.py:190} INFO - [2026-02-11T19:11:07.716+0000] {dag.py:3239} INFO - Sync 1 DAGs
[2026-02-11T19:11:07.743+0000] {logging_mixin.py:190} INFO - [2026-02-11T19:11:07.743+0000] {dag.py:4180} INFO - Setting next_dagrun for 01_music_ingestion_realtime to 2026-02-11 18:00:00+00:00, run_after=2026-02-11 19:00:00+00:00
[2026-02-11T19:11:07.771+0000] {processor.py:208} INFO - Processing /opt/airflow/dags/music_ingestion_dag.py took 0.121 seconds
[2026-02-11T19:11:38.127+0000] {processor.py:186} INFO - Started process (PID=597) to work on /opt/airflow/dags/music_ingestion_dag.py
[2026-02-11T19:11:38.129+0000] {processor.py:914} INFO - Processing file /opt/airflow/dags/music_ingestion_dag.py for tasks to queue
[2026-02-11T19:11:38.131+0000] {logging_mixin.py:190} INFO - [2026-02-11T19:11:38.131+0000] {dagbag.py:588} INFO - Filling up the DagBag from /opt/airflow/dags/music_ingestion_dag.py
[2026-02-11T19:11:38.152+0000] {processor.py:925} INFO - DAG(s) '01_music_ingestion_realtime' retrieved from /opt/airflow/dags/music_ingestion_dag.py
[2026-02-11T19:11:38.178+0000] {logging_mixin.py:190} INFO - [2026-02-11T19:11:38.178+0000] {dag.py:3239} INFO - Sync 1 DAGs
[2026-02-11T19:11:38.202+0000] {logging_mixin.py:190} INFO - [2026-02-11T19:11:38.201+0000] {dag.py:4180} INFO - Setting next_dagrun for 01_music_ingestion_realtime to 2026-02-11 18:00:00+00:00, run_after=2026-02-11 19:00:00+00:00
[2026-02-11T19:11:38.229+0000] {processor.py:208} INFO - Processing /opt/airflow/dags/music_ingestion_dag.py took 0.107 seconds
[2026-02-11T19:12:08.455+0000] {processor.py:186} INFO - Started process (PID=602) to work on /opt/airflow/dags/music_ingestion_dag.py
[2026-02-11T19:12:08.457+0000] {processor.py:914} INFO - Processing file /opt/airflow/dags/music_ingestion_dag.py for tasks to queue
[2026-02-11T19:12:08.459+0000] {logging_mixin.py:190} INFO - [2026-02-11T19:12:08.458+0000] {dagbag.py:588} INFO - Filling up the DagBag from /opt/airflow/dags/music_ingestion_dag.py
[2026-02-11T19:12:08.486+0000] {processor.py:925} INFO - DAG(s) '01_music_ingestion_realtime' retrieved from /opt/airflow/dags/music_ingestion_dag.py
[2026-02-11T19:12:08.520+0000] {logging_mixin.py:190} INFO - [2026-02-11T19:12:08.520+0000] {dag.py:3239} INFO - Sync 1 DAGs
[2026-02-11T19:12:08.548+0000] {logging_mixin.py:190} INFO - [2026-02-11T19:12:08.547+0000] {dag.py:4180} INFO - Setting next_dagrun for 01_music_ingestion_realtime to 2026-02-11 18:00:00+00:00, run_after=2026-02-11 19:00:00+00:00
[2026-02-11T19:12:08.576+0000] {processor.py:208} INFO - Processing /opt/airflow/dags/music_ingestion_dag.py took 0.126 seconds
[2026-02-11T19:12:38.898+0000] {processor.py:186} INFO - Started process (PID=607) to work on /opt/airflow/dags/music_ingestion_dag.py
[2026-02-11T19:12:38.900+0000] {processor.py:914} INFO - Processing file /opt/airflow/dags/music_ingestion_dag.py for tasks to queue
[2026-02-11T19:12:38.904+0000] {logging_mixin.py:190} INFO - [2026-02-11T19:12:38.904+0000] {dagbag.py:588} INFO - Filling up the DagBag from /opt/airflow/dags/music_ingestion_dag.py
[2026-02-11T19:12:38.946+0000] {processor.py:925} INFO - DAG(s) '01_music_ingestion_realtime' retrieved from /opt/airflow/dags/music_ingestion_dag.py
[2026-02-11T19:12:38.985+0000] {logging_mixin.py:190} INFO - [2026-02-11T19:12:38.984+0000] {dag.py:3239} INFO - Sync 1 DAGs
[2026-02-11T19:12:39.010+0000] {logging_mixin.py:190} INFO - [2026-02-11T19:12:39.010+0000] {dag.py:4180} INFO - Setting next_dagrun for 01_music_ingestion_realtime to 2026-02-11 18:00:00+00:00, run_after=2026-02-11 19:00:00+00:00
[2026-02-11T19:12:39.051+0000] {processor.py:208} INFO - Processing /opt/airflow/dags/music_ingestion_dag.py took 0.161 seconds
[2026-02-11T19:13:09.298+0000] {processor.py:186} INFO - Started process (PID=612) to work on /opt/airflow/dags/music_ingestion_dag.py
[2026-02-11T19:13:09.300+0000] {processor.py:914} INFO - Processing file /opt/airflow/dags/music_ingestion_dag.py for tasks to queue
[2026-02-11T19:13:09.309+0000] {logging_mixin.py:190} INFO - [2026-02-11T19:13:09.308+0000] {dagbag.py:588} INFO - Filling up the DagBag from /opt/airflow/dags/music_ingestion_dag.py
[2026-02-11T19:13:09.370+0000] {processor.py:925} INFO - DAG(s) '01_music_ingestion_realtime' retrieved from /opt/airflow/dags/music_ingestion_dag.py
[2026-02-11T19:13:09.428+0000] {logging_mixin.py:190} INFO - [2026-02-11T19:13:09.428+0000] {dag.py:3239} INFO - Sync 1 DAGs
[2026-02-11T19:13:09.460+0000] {logging_mixin.py:190} INFO - [2026-02-11T19:13:09.460+0000] {dag.py:4180} INFO - Setting next_dagrun for 01_music_ingestion_realtime to 2026-02-11 18:00:00+00:00, run_after=2026-02-11 19:00:00+00:00
[2026-02-11T19:13:09.498+0000] {processor.py:208} INFO - Processing /opt/airflow/dags/music_ingestion_dag.py took 0.217 seconds
[2026-02-11T19:13:39.733+0000] {processor.py:186} INFO - Started process (PID=617) to work on /opt/airflow/dags/music_ingestion_dag.py
[2026-02-11T19:13:39.735+0000] {processor.py:914} INFO - Processing file /opt/airflow/dags/music_ingestion_dag.py for tasks to queue
[2026-02-11T19:13:39.738+0000] {logging_mixin.py:190} INFO - [2026-02-11T19:13:39.738+0000] {dagbag.py:588} INFO - Filling up the DagBag from /opt/airflow/dags/music_ingestion_dag.py
[2026-02-11T19:13:39.770+0000] {processor.py:925} INFO - DAG(s) '01_music_ingestion_realtime' retrieved from /opt/airflow/dags/music_ingestion_dag.py
[2026-02-11T19:13:39.954+0000] {logging_mixin.py:190} INFO - [2026-02-11T19:13:39.953+0000] {dag.py:3239} INFO - Sync 1 DAGs
[2026-02-11T19:13:40.001+0000] {logging_mixin.py:190} INFO - [2026-02-11T19:13:40.001+0000] {dag.py:4180} INFO - Setting next_dagrun for 01_music_ingestion_realtime to 2026-02-11 18:00:00+00:00, run_after=2026-02-11 19:00:00+00:00
[2026-02-11T19:13:40.039+0000] {processor.py:208} INFO - Processing /opt/airflow/dags/music_ingestion_dag.py took 0.313 seconds
[2026-02-11T19:14:10.158+0000] {processor.py:186} INFO - Started process (PID=622) to work on /opt/airflow/dags/music_ingestion_dag.py
[2026-02-11T19:14:10.160+0000] {processor.py:914} INFO - Processing file /opt/airflow/dags/music_ingestion_dag.py for tasks to queue
[2026-02-11T19:14:10.162+0000] {logging_mixin.py:190} INFO - [2026-02-11T19:14:10.162+0000] {dagbag.py:588} INFO - Filling up the DagBag from /opt/airflow/dags/music_ingestion_dag.py
[2026-02-11T19:14:10.191+0000] {processor.py:925} INFO - DAG(s) '01_music_ingestion_realtime' retrieved from /opt/airflow/dags/music_ingestion_dag.py
[2026-02-11T19:14:10.226+0000] {logging_mixin.py:190} INFO - [2026-02-11T19:14:10.226+0000] {dag.py:3239} INFO - Sync 1 DAGs
[2026-02-11T19:14:10.260+0000] {logging_mixin.py:190} INFO - [2026-02-11T19:14:10.260+0000] {dag.py:4180} INFO - Setting next_dagrun for 01_music_ingestion_realtime to 2026-02-11 18:00:00+00:00, run_after=2026-02-11 19:00:00+00:00
[2026-02-11T19:14:10.291+0000] {processor.py:208} INFO - Processing /opt/airflow/dags/music_ingestion_dag.py took 0.138 seconds
[2026-02-11T19:14:40.478+0000] {processor.py:186} INFO - Started process (PID=627) to work on /opt/airflow/dags/music_ingestion_dag.py
[2026-02-11T19:14:40.480+0000] {processor.py:914} INFO - Processing file /opt/airflow/dags/music_ingestion_dag.py for tasks to queue
[2026-02-11T19:14:40.482+0000] {logging_mixin.py:190} INFO - [2026-02-11T19:14:40.482+0000] {dagbag.py:588} INFO - Filling up the DagBag from /opt/airflow/dags/music_ingestion_dag.py
[2026-02-11T19:14:40.508+0000] {processor.py:925} INFO - DAG(s) '01_music_ingestion_realtime' retrieved from /opt/airflow/dags/music_ingestion_dag.py
[2026-02-11T19:14:40.541+0000] {logging_mixin.py:190} INFO - [2026-02-11T19:14:40.541+0000] {dag.py:3239} INFO - Sync 1 DAGs
[2026-02-11T19:14:40.568+0000] {logging_mixin.py:190} INFO - [2026-02-11T19:14:40.568+0000] {dag.py:4180} INFO - Setting next_dagrun for 01_music_ingestion_realtime to 2026-02-11 18:00:00+00:00, run_after=2026-02-11 19:00:00+00:00
[2026-02-11T19:14:40.594+0000] {processor.py:208} INFO - Processing /opt/airflow/dags/music_ingestion_dag.py took 0.122 seconds
[2026-02-11T19:15:10.924+0000] {processor.py:186} INFO - Started process (PID=632) to work on /opt/airflow/dags/music_ingestion_dag.py
[2026-02-11T19:15:10.925+0000] {processor.py:914} INFO - Processing file /opt/airflow/dags/music_ingestion_dag.py for tasks to queue
[2026-02-11T19:15:10.928+0000] {logging_mixin.py:190} INFO - [2026-02-11T19:15:10.927+0000] {dagbag.py:588} INFO - Filling up the DagBag from /opt/airflow/dags/music_ingestion_dag.py
[2026-02-11T19:15:10.952+0000] {processor.py:925} INFO - DAG(s) '01_music_ingestion_realtime' retrieved from /opt/airflow/dags/music_ingestion_dag.py
[2026-02-11T19:15:10.982+0000] {logging_mixin.py:190} INFO - [2026-02-11T19:15:10.982+0000] {dag.py:3239} INFO - Sync 1 DAGs
[2026-02-11T19:15:11.012+0000] {logging_mixin.py:190} INFO - [2026-02-11T19:15:11.011+0000] {dag.py:4180} INFO - Setting next_dagrun for 01_music_ingestion_realtime to 2026-02-11 18:00:00+00:00, run_after=2026-02-11 19:00:00+00:00
[2026-02-11T19:15:11.041+0000] {processor.py:208} INFO - Processing /opt/airflow/dags/music_ingestion_dag.py took 0.124 seconds
[2026-02-11T19:15:41.258+0000] {processor.py:186} INFO - Started process (PID=637) to work on /opt/airflow/dags/music_ingestion_dag.py
[2026-02-11T19:15:41.259+0000] {processor.py:914} INFO - Processing file /opt/airflow/dags/music_ingestion_dag.py for tasks to queue
[2026-02-11T19:15:41.262+0000] {logging_mixin.py:190} INFO - [2026-02-11T19:15:41.262+0000] {dagbag.py:588} INFO - Filling up the DagBag from /opt/airflow/dags/music_ingestion_dag.py
[2026-02-11T19:15:41.291+0000] {processor.py:925} INFO - DAG(s) '01_music_ingestion_realtime' retrieved from /opt/airflow/dags/music_ingestion_dag.py
[2026-02-11T19:15:41.323+0000] {logging_mixin.py:190} INFO - [2026-02-11T19:15:41.323+0000] {dag.py:3239} INFO - Sync 1 DAGs
[2026-02-11T19:15:41.351+0000] {logging_mixin.py:190} INFO - [2026-02-11T19:15:41.351+0000] {dag.py:4180} INFO - Setting next_dagrun for 01_music_ingestion_realtime to 2026-02-11 18:00:00+00:00, run_after=2026-02-11 19:00:00+00:00
[2026-02-11T19:15:41.381+0000] {processor.py:208} INFO - Processing /opt/airflow/dags/music_ingestion_dag.py took 0.131 seconds
[2026-02-11T19:16:11.706+0000] {processor.py:186} INFO - Started process (PID=642) to work on /opt/airflow/dags/music_ingestion_dag.py
[2026-02-11T19:16:11.707+0000] {processor.py:914} INFO - Processing file /opt/airflow/dags/music_ingestion_dag.py for tasks to queue
[2026-02-11T19:16:11.710+0000] {logging_mixin.py:190} INFO - [2026-02-11T19:16:11.710+0000] {dagbag.py:588} INFO - Filling up the DagBag from /opt/airflow/dags/music_ingestion_dag.py
[2026-02-11T19:16:11.761+0000] {processor.py:925} INFO - DAG(s) '01_music_ingestion_realtime' retrieved from /opt/airflow/dags/music_ingestion_dag.py
[2026-02-11T19:16:11.802+0000] {logging_mixin.py:190} INFO - [2026-02-11T19:16:11.802+0000] {dag.py:3239} INFO - Sync 1 DAGs
[2026-02-11T19:16:11.840+0000] {logging_mixin.py:190} INFO - [2026-02-11T19:16:11.840+0000] {dag.py:4180} INFO - Setting next_dagrun for 01_music_ingestion_realtime to 2026-02-11 18:00:00+00:00, run_after=2026-02-11 19:00:00+00:00
[2026-02-11T19:16:11.867+0000] {processor.py:208} INFO - Processing /opt/airflow/dags/music_ingestion_dag.py took 0.168 seconds
[2026-02-11T19:16:42.048+0000] {processor.py:186} INFO - Started process (PID=647) to work on /opt/airflow/dags/music_ingestion_dag.py
[2026-02-11T19:16:42.049+0000] {processor.py:914} INFO - Processing file /opt/airflow/dags/music_ingestion_dag.py for tasks to queue
[2026-02-11T19:16:42.052+0000] {logging_mixin.py:190} INFO - [2026-02-11T19:16:42.052+0000] {dagbag.py:588} INFO - Filling up the DagBag from /opt/airflow/dags/music_ingestion_dag.py
[2026-02-11T19:16:42.088+0000] {processor.py:925} INFO - DAG(s) '01_music_ingestion_realtime' retrieved from /opt/airflow/dags/music_ingestion_dag.py
[2026-02-11T19:16:42.135+0000] {logging_mixin.py:190} INFO - [2026-02-11T19:16:42.135+0000] {dag.py:3239} INFO - Sync 1 DAGs
[2026-02-11T19:16:42.164+0000] {logging_mixin.py:190} INFO - [2026-02-11T19:16:42.164+0000] {dag.py:4180} INFO - Setting next_dagrun for 01_music_ingestion_realtime to 2026-02-11 18:00:00+00:00, run_after=2026-02-11 19:00:00+00:00
[2026-02-11T19:16:42.195+0000] {processor.py:208} INFO - Processing /opt/airflow/dags/music_ingestion_dag.py took 0.153 seconds
[2026-02-11T19:17:12.553+0000] {processor.py:186} INFO - Started process (PID=652) to work on /opt/airflow/dags/music_ingestion_dag.py
[2026-02-11T19:17:12.554+0000] {processor.py:914} INFO - Processing file /opt/airflow/dags/music_ingestion_dag.py for tasks to queue
[2026-02-11T19:17:12.557+0000] {logging_mixin.py:190} INFO - [2026-02-11T19:17:12.557+0000] {dagbag.py:588} INFO - Filling up the DagBag from /opt/airflow/dags/music_ingestion_dag.py
[2026-02-11T19:17:12.577+0000] {processor.py:925} INFO - DAG(s) '01_music_ingestion_realtime' retrieved from /opt/airflow/dags/music_ingestion_dag.py
[2026-02-11T19:17:12.607+0000] {logging_mixin.py:190} INFO - [2026-02-11T19:17:12.607+0000] {dag.py:3239} INFO - Sync 1 DAGs
[2026-02-11T19:17:12.639+0000] {logging_mixin.py:190} INFO - [2026-02-11T19:17:12.638+0000] {dag.py:4180} INFO - Setting next_dagrun for 01_music_ingestion_realtime to 2026-02-11 18:00:00+00:00, run_after=2026-02-11 19:00:00+00:00
[2026-02-11T19:17:12.674+0000] {processor.py:208} INFO - Processing /opt/airflow/dags/music_ingestion_dag.py took 0.127 seconds
[2026-02-11T19:17:42.887+0000] {processor.py:186} INFO - Started process (PID=657) to work on /opt/airflow/dags/music_ingestion_dag.py
[2026-02-11T19:17:42.888+0000] {processor.py:914} INFO - Processing file /opt/airflow/dags/music_ingestion_dag.py for tasks to queue
[2026-02-11T19:17:42.891+0000] {logging_mixin.py:190} INFO - [2026-02-11T19:17:42.891+0000] {dagbag.py:588} INFO - Filling up the DagBag from /opt/airflow/dags/music_ingestion_dag.py
[2026-02-11T19:17:42.917+0000] {processor.py:925} INFO - DAG(s) '01_music_ingestion_realtime' retrieved from /opt/airflow/dags/music_ingestion_dag.py
[2026-02-11T19:17:42.946+0000] {logging_mixin.py:190} INFO - [2026-02-11T19:17:42.945+0000] {dag.py:3239} INFO - Sync 1 DAGs
[2026-02-11T19:17:42.974+0000] {logging_mixin.py:190} INFO - [2026-02-11T19:17:42.973+0000] {dag.py:4180} INFO - Setting next_dagrun for 01_music_ingestion_realtime to 2026-02-11 18:00:00+00:00, run_after=2026-02-11 19:00:00+00:00
[2026-02-11T19:17:43.000+0000] {processor.py:208} INFO - Processing /opt/airflow/dags/music_ingestion_dag.py took 0.119 seconds
[2026-02-11T19:18:13.360+0000] {processor.py:186} INFO - Started process (PID=662) to work on /opt/airflow/dags/music_ingestion_dag.py
[2026-02-11T19:18:13.362+0000] {processor.py:914} INFO - Processing file /opt/airflow/dags/music_ingestion_dag.py for tasks to queue
[2026-02-11T19:18:13.365+0000] {logging_mixin.py:190} INFO - [2026-02-11T19:18:13.364+0000] {dagbag.py:588} INFO - Filling up the DagBag from /opt/airflow/dags/music_ingestion_dag.py
[2026-02-11T19:18:13.407+0000] {processor.py:925} INFO - DAG(s) '01_music_ingestion_realtime' retrieved from /opt/airflow/dags/music_ingestion_dag.py
[2026-02-11T19:18:13.441+0000] {logging_mixin.py:190} INFO - [2026-02-11T19:18:13.440+0000] {dag.py:3239} INFO - Sync 1 DAGs
[2026-02-11T19:18:13.471+0000] {logging_mixin.py:190} INFO - [2026-02-11T19:18:13.471+0000] {dag.py:4180} INFO - Setting next_dagrun for 01_music_ingestion_realtime to 2026-02-11 18:00:00+00:00, run_after=2026-02-11 19:00:00+00:00
[2026-02-11T19:18:13.502+0000] {processor.py:208} INFO - Processing /opt/airflow/dags/music_ingestion_dag.py took 0.148 seconds
[2026-02-11T19:18:43.688+0000] {processor.py:186} INFO - Started process (PID=667) to work on /opt/airflow/dags/music_ingestion_dag.py
[2026-02-11T19:18:43.690+0000] {processor.py:914} INFO - Processing file /opt/airflow/dags/music_ingestion_dag.py for tasks to queue
[2026-02-11T19:18:43.692+0000] {logging_mixin.py:190} INFO - [2026-02-11T19:18:43.692+0000] {dagbag.py:588} INFO - Filling up the DagBag from /opt/airflow/dags/music_ingestion_dag.py
[2026-02-11T19:18:43.718+0000] {processor.py:925} INFO - DAG(s) '01_music_ingestion_realtime' retrieved from /opt/airflow/dags/music_ingestion_dag.py
[2026-02-11T19:18:43.758+0000] {logging_mixin.py:190} INFO - [2026-02-11T19:18:43.757+0000] {dag.py:3239} INFO - Sync 1 DAGs
[2026-02-11T19:18:43.792+0000] {logging_mixin.py:190} INFO - [2026-02-11T19:18:43.792+0000] {dag.py:4180} INFO - Setting next_dagrun for 01_music_ingestion_realtime to 2026-02-11 18:00:00+00:00, run_after=2026-02-11 19:00:00+00:00
[2026-02-11T19:18:43.817+0000] {processor.py:208} INFO - Processing /opt/airflow/dags/music_ingestion_dag.py took 0.138 seconds
[2026-02-11T19:20:29.485+0000] {processor.py:186} INFO - Started process (PID=166) to work on /opt/airflow/dags/music_ingestion_dag.py
[2026-02-11T19:20:29.494+0000] {processor.py:914} INFO - Processing file /opt/airflow/dags/music_ingestion_dag.py for tasks to queue
[2026-02-11T19:20:29.497+0000] {logging_mixin.py:190} INFO - [2026-02-11T19:20:29.497+0000] {dagbag.py:588} INFO - Filling up the DagBag from /opt/airflow/dags/music_ingestion_dag.py
[2026-02-11T19:20:29.596+0000] {processor.py:925} INFO - DAG(s) '01_music_ingestion_realtime' retrieved from /opt/airflow/dags/music_ingestion_dag.py
[2026-02-11T19:20:30.315+0000] {logging_mixin.py:190} INFO - [2026-02-11T19:20:30.314+0000] {override.py:1912} INFO - Created Permission View: can delete on DAG:01_music_ingestion_realtime
[2026-02-11T19:20:30.337+0000] {logging_mixin.py:190} INFO - [2026-02-11T19:20:30.337+0000] {override.py:1912} INFO - Created Permission View: can read on DAG:01_music_ingestion_realtime
[2026-02-11T19:20:30.354+0000] {logging_mixin.py:190} INFO - [2026-02-11T19:20:30.353+0000] {override.py:1912} INFO - Created Permission View: can edit on DAG:01_music_ingestion_realtime
[2026-02-11T19:20:30.367+0000] {logging_mixin.py:190} INFO - [2026-02-11T19:20:30.367+0000] {override.py:1912} INFO - Created Permission View: can read on DAG Run:01_music_ingestion_realtime
[2026-02-11T19:20:30.448+0000] {logging_mixin.py:190} INFO - [2026-02-11T19:20:30.447+0000] {override.py:1912} INFO - Created Permission View: can delete on DAG Run:01_music_ingestion_realtime
[2026-02-11T19:20:30.469+0000] {logging_mixin.py:190} INFO - [2026-02-11T19:20:30.468+0000] {override.py:1912} INFO - Created Permission View: can create on DAG Run:01_music_ingestion_realtime
[2026-02-11T19:20:30.487+0000] {logging_mixin.py:190} INFO - [2026-02-11T19:20:30.486+0000] {override.py:1912} INFO - Created Permission View: menu access on DAG Run:01_music_ingestion_realtime
[2026-02-11T19:20:30.491+0000] {logging_mixin.py:190} INFO - [2026-02-11T19:20:30.490+0000] {dag.py:3239} INFO - Sync 1 DAGs
[2026-02-11T19:20:30.533+0000] {logging_mixin.py:190} INFO - [2026-02-11T19:20:30.532+0000] {dag.py:3262} INFO - Creating ORM DAG for 01_music_ingestion_realtime
[2026-02-11T19:20:30.565+0000] {logging_mixin.py:190} INFO - [2026-02-11T19:20:30.565+0000] {dag.py:4180} INFO - Setting next_dagrun for 01_music_ingestion_realtime to 2026-02-11 18:00:00+00:00, run_after=2026-02-11 19:00:00+00:00
[2026-02-11T19:20:30.611+0000] {processor.py:208} INFO - Processing /opt/airflow/dags/music_ingestion_dag.py took 1.135 seconds
[2026-02-11T19:21:01.045+0000] {processor.py:186} INFO - Started process (PID=171) to work on /opt/airflow/dags/music_ingestion_dag.py
[2026-02-11T19:21:01.048+0000] {processor.py:914} INFO - Processing file /opt/airflow/dags/music_ingestion_dag.py for tasks to queue
[2026-02-11T19:21:01.059+0000] {logging_mixin.py:190} INFO - [2026-02-11T19:21:01.057+0000] {dagbag.py:588} INFO - Filling up the DagBag from /opt/airflow/dags/music_ingestion_dag.py
[2026-02-11T19:21:01.173+0000] {processor.py:925} INFO - DAG(s) '01_music_ingestion_realtime' retrieved from /opt/airflow/dags/music_ingestion_dag.py
[2026-02-11T19:21:01.282+0000] {logging_mixin.py:190} INFO - [2026-02-11T19:21:01.282+0000] {dag.py:3239} INFO - Sync 1 DAGs
[2026-02-11T19:21:01.490+0000] {logging_mixin.py:190} INFO - [2026-02-11T19:21:01.490+0000] {dag.py:4180} INFO - Setting next_dagrun for 01_music_ingestion_realtime to 2026-02-11 18:00:00+00:00, run_after=2026-02-11 19:00:00+00:00
[2026-02-11T19:21:01.591+0000] {processor.py:208} INFO - Processing /opt/airflow/dags/music_ingestion_dag.py took 0.560 seconds
[2026-02-11T19:21:31.872+0000] {processor.py:186} INFO - Started process (PID=176) to work on /opt/airflow/dags/music_ingestion_dag.py
[2026-02-11T19:21:31.875+0000] {processor.py:914} INFO - Processing file /opt/airflow/dags/music_ingestion_dag.py for tasks to queue
[2026-02-11T19:21:31.881+0000] {logging_mixin.py:190} INFO - [2026-02-11T19:21:31.880+0000] {dagbag.py:588} INFO - Filling up the DagBag from /opt/airflow/dags/music_ingestion_dag.py
[2026-02-11T19:21:31.939+0000] {processor.py:925} INFO - DAG(s) '01_music_ingestion_realtime' retrieved from /opt/airflow/dags/music_ingestion_dag.py
[2026-02-11T19:21:32.006+0000] {logging_mixin.py:190} INFO - [2026-02-11T19:21:32.005+0000] {dag.py:3239} INFO - Sync 1 DAGs
[2026-02-11T19:21:32.102+0000] {logging_mixin.py:190} INFO - [2026-02-11T19:21:32.101+0000] {dag.py:4180} INFO - Setting next_dagrun for 01_music_ingestion_realtime to 2026-02-11 18:00:00+00:00, run_after=2026-02-11 19:00:00+00:00
[2026-02-11T19:21:32.151+0000] {processor.py:208} INFO - Processing /opt/airflow/dags/music_ingestion_dag.py took 0.290 seconds
[2026-02-11T19:22:03.173+0000] {processor.py:186} INFO - Started process (PID=181) to work on /opt/airflow/dags/music_ingestion_dag.py
[2026-02-11T19:22:03.250+0000] {processor.py:914} INFO - Processing file /opt/airflow/dags/music_ingestion_dag.py for tasks to queue
[2026-02-11T19:22:03.482+0000] {logging_mixin.py:190} INFO - [2026-02-11T19:22:03.357+0000] {dagbag.py:588} INFO - Filling up the DagBag from /opt/airflow/dags/music_ingestion_dag.py
[2026-02-11T19:22:05.267+0000] {processor.py:925} INFO - DAG(s) '01_music_ingestion_realtime' retrieved from /opt/airflow/dags/music_ingestion_dag.py
[2026-02-11T19:22:06.890+0000] {logging_mixin.py:190} INFO - [2026-02-11T19:22:06.890+0000] {dag.py:3239} INFO - Sync 1 DAGs
[2026-02-11T19:22:06.960+0000] {logging_mixin.py:190} INFO - [2026-02-11T19:22:06.959+0000] {dag.py:4180} INFO - Setting next_dagrun for 01_music_ingestion_realtime to 2026-02-11 18:00:00+00:00, run_after=2026-02-11 19:00:00+00:00
[2026-02-11T19:22:07.001+0000] {processor.py:208} INFO - Processing /opt/airflow/dags/music_ingestion_dag.py took 4.097 seconds
[2026-02-11T19:22:37.600+0000] {processor.py:186} INFO - Started process (PID=186) to work on /opt/airflow/dags/music_ingestion_dag.py
[2026-02-11T19:22:37.601+0000] {processor.py:914} INFO - Processing file /opt/airflow/dags/music_ingestion_dag.py for tasks to queue
[2026-02-11T19:22:37.605+0000] {logging_mixin.py:190} INFO - [2026-02-11T19:22:37.604+0000] {dagbag.py:588} INFO - Filling up the DagBag from /opt/airflow/dags/music_ingestion_dag.py
[2026-02-11T19:22:37.635+0000] {processor.py:925} INFO - DAG(s) '01_music_ingestion_realtime' retrieved from /opt/airflow/dags/music_ingestion_dag.py
[2026-02-11T19:22:37.678+0000] {logging_mixin.py:190} INFO - [2026-02-11T19:22:37.677+0000] {dag.py:3239} INFO - Sync 1 DAGs
[2026-02-11T19:22:37.718+0000] {logging_mixin.py:190} INFO - [2026-02-11T19:22:37.718+0000] {dag.py:4180} INFO - Setting next_dagrun for 01_music_ingestion_realtime to 2026-02-11 18:00:00+00:00, run_after=2026-02-11 19:00:00+00:00
[2026-02-11T19:22:37.871+0000] {processor.py:208} INFO - Processing /opt/airflow/dags/music_ingestion_dag.py took 0.277 seconds
[2026-02-11T19:23:08.384+0000] {processor.py:186} INFO - Started process (PID=191) to work on /opt/airflow/dags/music_ingestion_dag.py
[2026-02-11T19:23:08.386+0000] {processor.py:914} INFO - Processing file /opt/airflow/dags/music_ingestion_dag.py for tasks to queue
[2026-02-11T19:23:08.388+0000] {logging_mixin.py:190} INFO - [2026-02-11T19:23:08.388+0000] {dagbag.py:588} INFO - Filling up the DagBag from /opt/airflow/dags/music_ingestion_dag.py
[2026-02-11T19:23:08.415+0000] {processor.py:925} INFO - DAG(s) '01_music_ingestion_realtime' retrieved from /opt/airflow/dags/music_ingestion_dag.py
[2026-02-11T19:23:08.454+0000] {logging_mixin.py:190} INFO - [2026-02-11T19:23:08.454+0000] {dag.py:3239} INFO - Sync 1 DAGs
[2026-02-11T19:23:08.484+0000] {logging_mixin.py:190} INFO - [2026-02-11T19:23:08.484+0000] {dag.py:4180} INFO - Setting next_dagrun for 01_music_ingestion_realtime to 2026-02-11 18:00:00+00:00, run_after=2026-02-11 19:00:00+00:00
[2026-02-11T19:23:08.510+0000] {processor.py:208} INFO - Processing /opt/airflow/dags/music_ingestion_dag.py took 0.131 seconds
[2026-02-11T19:23:38.762+0000] {processor.py:186} INFO - Started process (PID=196) to work on /opt/airflow/dags/music_ingestion_dag.py
[2026-02-11T19:23:38.773+0000] {processor.py:914} INFO - Processing file /opt/airflow/dags/music_ingestion_dag.py for tasks to queue
[2026-02-11T19:23:38.777+0000] {logging_mixin.py:190} INFO - [2026-02-11T19:23:38.777+0000] {dagbag.py:588} INFO - Filling up the DagBag from /opt/airflow/dags/music_ingestion_dag.py
[2026-02-11T19:23:38.814+0000] {processor.py:925} INFO - DAG(s) '01_music_ingestion_realtime' retrieved from /opt/airflow/dags/music_ingestion_dag.py
[2026-02-11T19:23:38.870+0000] {logging_mixin.py:190} INFO - [2026-02-11T19:23:38.870+0000] {dag.py:3239} INFO - Sync 1 DAGs
[2026-02-11T19:23:38.906+0000] {logging_mixin.py:190} INFO - [2026-02-11T19:23:38.906+0000] {dag.py:4180} INFO - Setting next_dagrun for 01_music_ingestion_realtime to 2026-02-11 18:00:00+00:00, run_after=2026-02-11 19:00:00+00:00
[2026-02-11T19:23:38.973+0000] {processor.py:208} INFO - Processing /opt/airflow/dags/music_ingestion_dag.py took 0.217 seconds
[2026-02-11T19:24:09.256+0000] {processor.py:186} INFO - Started process (PID=201) to work on /opt/airflow/dags/music_ingestion_dag.py
[2026-02-11T19:24:09.258+0000] {processor.py:914} INFO - Processing file /opt/airflow/dags/music_ingestion_dag.py for tasks to queue
[2026-02-11T19:24:09.261+0000] {logging_mixin.py:190} INFO - [2026-02-11T19:24:09.261+0000] {dagbag.py:588} INFO - Filling up the DagBag from /opt/airflow/dags/music_ingestion_dag.py
[2026-02-11T19:24:09.292+0000] {processor.py:925} INFO - DAG(s) '01_music_ingestion_realtime' retrieved from /opt/airflow/dags/music_ingestion_dag.py
[2026-02-11T19:24:09.324+0000] {logging_mixin.py:190} INFO - [2026-02-11T19:24:09.323+0000] {dag.py:3239} INFO - Sync 1 DAGs
[2026-02-11T19:24:09.350+0000] {logging_mixin.py:190} INFO - [2026-02-11T19:24:09.350+0000] {dag.py:4180} INFO - Setting next_dagrun for 01_music_ingestion_realtime to 2026-02-11 18:00:00+00:00, run_after=2026-02-11 19:00:00+00:00
[2026-02-11T19:24:09.387+0000] {processor.py:208} INFO - Processing /opt/airflow/dags/music_ingestion_dag.py took 0.138 seconds
[2026-02-11T19:24:39.664+0000] {processor.py:186} INFO - Started process (PID=206) to work on /opt/airflow/dags/music_ingestion_dag.py
[2026-02-11T19:24:39.666+0000] {processor.py:914} INFO - Processing file /opt/airflow/dags/music_ingestion_dag.py for tasks to queue
[2026-02-11T19:24:39.669+0000] {logging_mixin.py:190} INFO - [2026-02-11T19:24:39.669+0000] {dagbag.py:588} INFO - Filling up the DagBag from /opt/airflow/dags/music_ingestion_dag.py
[2026-02-11T19:24:39.711+0000] {processor.py:925} INFO - DAG(s) '01_music_ingestion_realtime' retrieved from /opt/airflow/dags/music_ingestion_dag.py
[2026-02-11T19:24:39.775+0000] {logging_mixin.py:190} INFO - [2026-02-11T19:24:39.774+0000] {dag.py:3239} INFO - Sync 1 DAGs
[2026-02-11T19:24:39.829+0000] {logging_mixin.py:190} INFO - [2026-02-11T19:24:39.829+0000] {dag.py:4180} INFO - Setting next_dagrun for 01_music_ingestion_realtime to 2026-02-11 18:00:00+00:00, run_after=2026-02-11 19:00:00+00:00
[2026-02-11T19:24:39.864+0000] {processor.py:208} INFO - Processing /opt/airflow/dags/music_ingestion_dag.py took 0.206 seconds
[2026-02-11T19:25:10.072+0000] {processor.py:186} INFO - Started process (PID=211) to work on /opt/airflow/dags/music_ingestion_dag.py
[2026-02-11T19:25:10.073+0000] {processor.py:914} INFO - Processing file /opt/airflow/dags/music_ingestion_dag.py for tasks to queue
[2026-02-11T19:25:10.077+0000] {logging_mixin.py:190} INFO - [2026-02-11T19:25:10.077+0000] {dagbag.py:588} INFO - Filling up the DagBag from /opt/airflow/dags/music_ingestion_dag.py
[2026-02-11T19:25:10.106+0000] {processor.py:925} INFO - DAG(s) '01_music_ingestion_realtime' retrieved from /opt/airflow/dags/music_ingestion_dag.py
[2026-02-11T19:25:10.180+0000] {logging_mixin.py:190} INFO - [2026-02-11T19:25:10.180+0000] {dag.py:3239} INFO - Sync 1 DAGs
[2026-02-11T19:25:10.242+0000] {logging_mixin.py:190} INFO - [2026-02-11T19:25:10.241+0000] {dag.py:4180} INFO - Setting next_dagrun for 01_music_ingestion_realtime to 2026-02-11 18:00:00+00:00, run_after=2026-02-11 19:00:00+00:00
[2026-02-11T19:25:10.307+0000] {processor.py:208} INFO - Processing /opt/airflow/dags/music_ingestion_dag.py took 0.243 seconds
[2026-02-11T19:25:40.711+0000] {processor.py:186} INFO - Started process (PID=216) to work on /opt/airflow/dags/music_ingestion_dag.py
[2026-02-11T19:25:40.713+0000] {processor.py:914} INFO - Processing file /opt/airflow/dags/music_ingestion_dag.py for tasks to queue
[2026-02-11T19:25:40.717+0000] {logging_mixin.py:190} INFO - [2026-02-11T19:25:40.716+0000] {dagbag.py:588} INFO - Filling up the DagBag from /opt/airflow/dags/music_ingestion_dag.py
[2026-02-11T19:25:40.740+0000] {processor.py:925} INFO - DAG(s) '01_music_ingestion_realtime' retrieved from /opt/airflow/dags/music_ingestion_dag.py
[2026-02-11T19:25:40.787+0000] {logging_mixin.py:190} INFO - [2026-02-11T19:25:40.786+0000] {dag.py:3239} INFO - Sync 1 DAGs
[2026-02-11T19:25:40.864+0000] {logging_mixin.py:190} INFO - [2026-02-11T19:25:40.864+0000] {dag.py:4180} INFO - Setting next_dagrun for 01_music_ingestion_realtime to 2026-02-11 18:00:00+00:00, run_after=2026-02-11 19:00:00+00:00
[2026-02-11T19:25:40.910+0000] {processor.py:208} INFO - Processing /opt/airflow/dags/music_ingestion_dag.py took 0.208 seconds
[2026-02-11T19:26:11.001+0000] {processor.py:186} INFO - Started process (PID=221) to work on /opt/airflow/dags/music_ingestion_dag.py
[2026-02-11T19:26:11.005+0000] {processor.py:914} INFO - Processing file /opt/airflow/dags/music_ingestion_dag.py for tasks to queue
[2026-02-11T19:26:11.011+0000] {logging_mixin.py:190} INFO - [2026-02-11T19:26:11.011+0000] {dagbag.py:588} INFO - Filling up the DagBag from /opt/airflow/dags/music_ingestion_dag.py
[2026-02-11T19:26:11.043+0000] {processor.py:925} INFO - DAG(s) '01_music_ingestion_realtime' retrieved from /opt/airflow/dags/music_ingestion_dag.py
[2026-02-11T19:26:11.079+0000] {logging_mixin.py:190} INFO - [2026-02-11T19:26:11.079+0000] {dag.py:3239} INFO - Sync 1 DAGs
[2026-02-11T19:26:11.125+0000] {logging_mixin.py:190} INFO - [2026-02-11T19:26:11.125+0000] {dag.py:4180} INFO - Setting next_dagrun for 01_music_ingestion_realtime to 2026-02-11 18:00:00+00:00, run_after=2026-02-11 19:00:00+00:00
[2026-02-11T19:26:11.221+0000] {processor.py:208} INFO - Processing /opt/airflow/dags/music_ingestion_dag.py took 0.229 seconds
[2026-02-11T19:26:41.510+0000] {processor.py:186} INFO - Started process (PID=226) to work on /opt/airflow/dags/music_ingestion_dag.py
[2026-02-11T19:26:41.511+0000] {processor.py:914} INFO - Processing file /opt/airflow/dags/music_ingestion_dag.py for tasks to queue
[2026-02-11T19:26:41.515+0000] {logging_mixin.py:190} INFO - [2026-02-11T19:26:41.514+0000] {dagbag.py:588} INFO - Filling up the DagBag from /opt/airflow/dags/music_ingestion_dag.py
[2026-02-11T19:26:41.547+0000] {processor.py:925} INFO - DAG(s) '01_music_ingestion_realtime' retrieved from /opt/airflow/dags/music_ingestion_dag.py
[2026-02-11T19:26:41.586+0000] {logging_mixin.py:190} INFO - [2026-02-11T19:26:41.586+0000] {dag.py:3239} INFO - Sync 1 DAGs
[2026-02-11T19:26:41.616+0000] {logging_mixin.py:190} INFO - [2026-02-11T19:26:41.615+0000] {dag.py:4180} INFO - Setting next_dagrun for 01_music_ingestion_realtime to 2026-02-11 18:00:00+00:00, run_after=2026-02-11 19:00:00+00:00
[2026-02-11T19:26:41.643+0000] {processor.py:208} INFO - Processing /opt/airflow/dags/music_ingestion_dag.py took 0.141 seconds
[2026-02-11T19:27:11.813+0000] {processor.py:186} INFO - Started process (PID=231) to work on /opt/airflow/dags/music_ingestion_dag.py
[2026-02-11T19:27:11.815+0000] {processor.py:914} INFO - Processing file /opt/airflow/dags/music_ingestion_dag.py for tasks to queue
[2026-02-11T19:27:11.817+0000] {logging_mixin.py:190} INFO - [2026-02-11T19:27:11.817+0000] {dagbag.py:588} INFO - Filling up the DagBag from /opt/airflow/dags/music_ingestion_dag.py
[2026-02-11T19:27:11.846+0000] {processor.py:925} INFO - DAG(s) '01_music_ingestion_realtime' retrieved from /opt/airflow/dags/music_ingestion_dag.py
[2026-02-11T19:27:11.881+0000] {logging_mixin.py:190} INFO - [2026-02-11T19:27:11.880+0000] {dag.py:3239} INFO - Sync 1 DAGs
[2026-02-11T19:27:11.912+0000] {logging_mixin.py:190} INFO - [2026-02-11T19:27:11.912+0000] {dag.py:4180} INFO - Setting next_dagrun for 01_music_ingestion_realtime to 2026-02-11 18:00:00+00:00, run_after=2026-02-11 19:00:00+00:00
[2026-02-11T19:27:11.942+0000] {processor.py:208} INFO - Processing /opt/airflow/dags/music_ingestion_dag.py took 0.136 seconds
[2026-02-11T19:27:43.193+0000] {processor.py:186} INFO - Started process (PID=236) to work on /opt/airflow/dags/music_ingestion_dag.py
[2026-02-11T19:27:43.199+0000] {processor.py:914} INFO - Processing file /opt/airflow/dags/music_ingestion_dag.py for tasks to queue
[2026-02-11T19:27:43.428+0000] {logging_mixin.py:190} INFO - [2026-02-11T19:27:43.400+0000] {dagbag.py:588} INFO - Filling up the DagBag from /opt/airflow/dags/music_ingestion_dag.py
[2026-02-11T19:27:43.728+0000] {processor.py:925} INFO - DAG(s) '01_music_ingestion_realtime' retrieved from /opt/airflow/dags/music_ingestion_dag.py
[2026-02-11T19:27:44.052+0000] {logging_mixin.py:190} INFO - [2026-02-11T19:27:44.051+0000] {dag.py:3239} INFO - Sync 1 DAGs
[2026-02-11T19:27:44.560+0000] {logging_mixin.py:190} INFO - [2026-02-11T19:27:44.560+0000] {dag.py:4180} INFO - Setting next_dagrun for 01_music_ingestion_realtime to 2026-02-11 18:00:00+00:00, run_after=2026-02-11 19:00:00+00:00
[2026-02-11T19:27:44.804+0000] {processor.py:208} INFO - Processing /opt/airflow/dags/music_ingestion_dag.py took 1.886 seconds
[2026-02-11T19:28:15.185+0000] {processor.py:186} INFO - Started process (PID=241) to work on /opt/airflow/dags/music_ingestion_dag.py
[2026-02-11T19:28:15.187+0000] {processor.py:914} INFO - Processing file /opt/airflow/dags/music_ingestion_dag.py for tasks to queue
[2026-02-11T19:28:15.192+0000] {logging_mixin.py:190} INFO - [2026-02-11T19:28:15.191+0000] {dagbag.py:588} INFO - Filling up the DagBag from /opt/airflow/dags/music_ingestion_dag.py
[2026-02-11T19:28:15.242+0000] {processor.py:925} INFO - DAG(s) '01_music_ingestion_realtime' retrieved from /opt/airflow/dags/music_ingestion_dag.py
[2026-02-11T19:28:15.488+0000] {logging_mixin.py:190} INFO - [2026-02-11T19:28:15.487+0000] {dag.py:3239} INFO - Sync 1 DAGs
[2026-02-11T19:28:15.734+0000] {logging_mixin.py:190} INFO - [2026-02-11T19:28:15.734+0000] {dag.py:4180} INFO - Setting next_dagrun for 01_music_ingestion_realtime to 2026-02-11 18:00:00+00:00, run_after=2026-02-11 19:00:00+00:00
[2026-02-11T19:28:15.831+0000] {processor.py:208} INFO - Processing /opt/airflow/dags/music_ingestion_dag.py took 0.655 seconds
[2026-02-11T19:28:46.308+0000] {processor.py:186} INFO - Started process (PID=246) to work on /opt/airflow/dags/music_ingestion_dag.py
[2026-02-11T19:28:46.314+0000] {processor.py:914} INFO - Processing file /opt/airflow/dags/music_ingestion_dag.py for tasks to queue
[2026-02-11T19:28:46.357+0000] {logging_mixin.py:190} INFO - [2026-02-11T19:28:46.354+0000] {dagbag.py:588} INFO - Filling up the DagBag from /opt/airflow/dags/music_ingestion_dag.py
[2026-02-11T19:28:46.605+0000] {processor.py:925} INFO - DAG(s) '01_music_ingestion_realtime' retrieved from /opt/airflow/dags/music_ingestion_dag.py
[2026-02-11T19:28:47.172+0000] {logging_mixin.py:190} INFO - [2026-02-11T19:28:47.171+0000] {dag.py:3239} INFO - Sync 1 DAGs
[2026-02-11T19:28:47.487+0000] {logging_mixin.py:190} INFO - [2026-02-11T19:28:47.486+0000] {dag.py:4180} INFO - Setting next_dagrun for 01_music_ingestion_realtime to 2026-02-11 18:00:00+00:00, run_after=2026-02-11 19:00:00+00:00
[2026-02-11T19:28:47.668+0000] {processor.py:208} INFO - Processing /opt/airflow/dags/music_ingestion_dag.py took 1.413 seconds
[2026-02-11T19:29:18.105+0000] {processor.py:186} INFO - Started process (PID=251) to work on /opt/airflow/dags/music_ingestion_dag.py
[2026-02-11T19:29:18.108+0000] {processor.py:914} INFO - Processing file /opt/airflow/dags/music_ingestion_dag.py for tasks to queue
[2026-02-11T19:29:18.132+0000] {logging_mixin.py:190} INFO - [2026-02-11T19:29:18.128+0000] {dagbag.py:588} INFO - Filling up the DagBag from /opt/airflow/dags/music_ingestion_dag.py
[2026-02-11T19:29:18.235+0000] {processor.py:925} INFO - DAG(s) '01_music_ingestion_realtime' retrieved from /opt/airflow/dags/music_ingestion_dag.py
[2026-02-11T19:29:18.297+0000] {logging_mixin.py:190} INFO - [2026-02-11T19:29:18.297+0000] {dag.py:3239} INFO - Sync 1 DAGs
[2026-02-11T19:29:18.346+0000] {logging_mixin.py:190} INFO - [2026-02-11T19:29:18.346+0000] {dag.py:4180} INFO - Setting next_dagrun for 01_music_ingestion_realtime to 2026-02-11 18:00:00+00:00, run_after=2026-02-11 19:00:00+00:00
[2026-02-11T19:29:18.394+0000] {processor.py:208} INFO - Processing /opt/airflow/dags/music_ingestion_dag.py took 0.297 seconds
[2026-02-11T19:29:48.728+0000] {processor.py:186} INFO - Started process (PID=256) to work on /opt/airflow/dags/music_ingestion_dag.py
[2026-02-11T19:29:48.730+0000] {processor.py:914} INFO - Processing file /opt/airflow/dags/music_ingestion_dag.py for tasks to queue
[2026-02-11T19:29:48.733+0000] {logging_mixin.py:190} INFO - [2026-02-11T19:29:48.732+0000] {dagbag.py:588} INFO - Filling up the DagBag from /opt/airflow/dags/music_ingestion_dag.py
[2026-02-11T19:29:48.759+0000] {processor.py:925} INFO - DAG(s) '01_music_ingestion_realtime' retrieved from /opt/airflow/dags/music_ingestion_dag.py
[2026-02-11T19:29:48.813+0000] {logging_mixin.py:190} INFO - [2026-02-11T19:29:48.812+0000] {dag.py:3239} INFO - Sync 1 DAGs
[2026-02-11T19:29:48.853+0000] {logging_mixin.py:190} INFO - [2026-02-11T19:29:48.853+0000] {dag.py:4180} INFO - Setting next_dagrun for 01_music_ingestion_realtime to 2026-02-11 18:00:00+00:00, run_after=2026-02-11 19:00:00+00:00
[2026-02-11T19:29:48.881+0000] {processor.py:208} INFO - Processing /opt/airflow/dags/music_ingestion_dag.py took 0.159 seconds
[2026-02-11T19:30:19.109+0000] {processor.py:186} INFO - Started process (PID=261) to work on /opt/airflow/dags/music_ingestion_dag.py
[2026-02-11T19:30:19.110+0000] {processor.py:914} INFO - Processing file /opt/airflow/dags/music_ingestion_dag.py for tasks to queue
[2026-02-11T19:30:19.113+0000] {logging_mixin.py:190} INFO - [2026-02-11T19:30:19.113+0000] {dagbag.py:588} INFO - Filling up the DagBag from /opt/airflow/dags/music_ingestion_dag.py
[2026-02-11T19:30:19.144+0000] {processor.py:925} INFO - DAG(s) '01_music_ingestion_realtime' retrieved from /opt/airflow/dags/music_ingestion_dag.py
[2026-02-11T19:30:19.191+0000] {logging_mixin.py:190} INFO - [2026-02-11T19:30:19.190+0000] {dag.py:3239} INFO - Sync 1 DAGs
[2026-02-11T19:30:19.217+0000] {logging_mixin.py:190} INFO - [2026-02-11T19:30:19.217+0000] {dag.py:4180} INFO - Setting next_dagrun for 01_music_ingestion_realtime to 2026-02-11 18:00:00+00:00, run_after=2026-02-11 19:00:00+00:00
[2026-02-11T19:30:19.245+0000] {processor.py:208} INFO - Processing /opt/airflow/dags/music_ingestion_dag.py took 0.144 seconds
[2026-02-11T19:30:49.576+0000] {processor.py:186} INFO - Started process (PID=266) to work on /opt/airflow/dags/music_ingestion_dag.py
[2026-02-11T19:30:49.578+0000] {processor.py:914} INFO - Processing file /opt/airflow/dags/music_ingestion_dag.py for tasks to queue
[2026-02-11T19:30:49.584+0000] {logging_mixin.py:190} INFO - [2026-02-11T19:30:49.583+0000] {dagbag.py:588} INFO - Filling up the DagBag from /opt/airflow/dags/music_ingestion_dag.py
[2026-02-11T19:30:49.634+0000] {processor.py:925} INFO - DAG(s) '01_music_ingestion_realtime' retrieved from /opt/airflow/dags/music_ingestion_dag.py
[2026-02-11T19:30:49.671+0000] {logging_mixin.py:190} INFO - [2026-02-11T19:30:49.671+0000] {dag.py:3239} INFO - Sync 1 DAGs
[2026-02-11T19:30:49.706+0000] {logging_mixin.py:190} INFO - [2026-02-11T19:30:49.705+0000] {dag.py:4180} INFO - Setting next_dagrun for 01_music_ingestion_realtime to 2026-02-11 18:00:00+00:00, run_after=2026-02-11 19:00:00+00:00
[2026-02-11T19:30:49.864+0000] {processor.py:208} INFO - Processing /opt/airflow/dags/music_ingestion_dag.py took 0.305 seconds
[2026-02-11T19:31:20.218+0000] {processor.py:186} INFO - Started process (PID=271) to work on /opt/airflow/dags/music_ingestion_dag.py
[2026-02-11T19:31:20.220+0000] {processor.py:914} INFO - Processing file /opt/airflow/dags/music_ingestion_dag.py for tasks to queue
[2026-02-11T19:31:20.223+0000] {logging_mixin.py:190} INFO - [2026-02-11T19:31:20.223+0000] {dagbag.py:588} INFO - Filling up the DagBag from /opt/airflow/dags/music_ingestion_dag.py
[2026-02-11T19:31:20.259+0000] {processor.py:925} INFO - DAG(s) '01_music_ingestion_realtime' retrieved from /opt/airflow/dags/music_ingestion_dag.py
[2026-02-11T19:31:20.334+0000] {logging_mixin.py:190} INFO - [2026-02-11T19:31:20.334+0000] {dag.py:3239} INFO - Sync 1 DAGs
[2026-02-11T19:31:20.380+0000] {logging_mixin.py:190} INFO - [2026-02-11T19:31:20.380+0000] {dag.py:4180} INFO - Setting next_dagrun for 01_music_ingestion_realtime to 2026-02-11 18:00:00+00:00, run_after=2026-02-11 19:00:00+00:00
[2026-02-11T19:31:20.421+0000] {processor.py:208} INFO - Processing /opt/airflow/dags/music_ingestion_dag.py took 0.212 seconds
[2026-02-11T19:31:50.535+0000] {processor.py:186} INFO - Started process (PID=276) to work on /opt/airflow/dags/music_ingestion_dag.py
[2026-02-11T19:31:50.536+0000] {processor.py:914} INFO - Processing file /opt/airflow/dags/music_ingestion_dag.py for tasks to queue
[2026-02-11T19:31:50.538+0000] {logging_mixin.py:190} INFO - [2026-02-11T19:31:50.538+0000] {dagbag.py:588} INFO - Filling up the DagBag from /opt/airflow/dags/music_ingestion_dag.py
[2026-02-11T19:31:50.564+0000] {processor.py:925} INFO - DAG(s) '01_music_ingestion_realtime' retrieved from /opt/airflow/dags/music_ingestion_dag.py
[2026-02-11T19:31:50.604+0000] {logging_mixin.py:190} INFO - [2026-02-11T19:31:50.604+0000] {dag.py:3239} INFO - Sync 1 DAGs
[2026-02-11T19:31:50.635+0000] {logging_mixin.py:190} INFO - [2026-02-11T19:31:50.635+0000] {dag.py:4180} INFO - Setting next_dagrun for 01_music_ingestion_realtime to 2026-02-11 18:00:00+00:00, run_after=2026-02-11 19:00:00+00:00
[2026-02-11T19:31:50.705+0000] {processor.py:208} INFO - Processing /opt/airflow/dags/music_ingestion_dag.py took 0.177 seconds
[2026-02-11T19:32:21.038+0000] {processor.py:186} INFO - Started process (PID=281) to work on /opt/airflow/dags/music_ingestion_dag.py
[2026-02-11T19:32:21.040+0000] {processor.py:914} INFO - Processing file /opt/airflow/dags/music_ingestion_dag.py for tasks to queue
[2026-02-11T19:32:21.044+0000] {logging_mixin.py:190} INFO - [2026-02-11T19:32:21.044+0000] {dagbag.py:588} INFO - Filling up the DagBag from /opt/airflow/dags/music_ingestion_dag.py
[2026-02-11T19:32:21.070+0000] {processor.py:925} INFO - DAG(s) '01_music_ingestion_realtime' retrieved from /opt/airflow/dags/music_ingestion_dag.py
[2026-02-11T19:32:21.440+0000] {logging_mixin.py:190} INFO - [2026-02-11T19:32:21.439+0000] {dag.py:3239} INFO - Sync 1 DAGs
[2026-02-11T19:32:21.565+0000] {logging_mixin.py:190} INFO - [2026-02-11T19:32:21.565+0000] {dag.py:4180} INFO - Setting next_dagrun for 01_music_ingestion_realtime to 2026-02-11 18:00:00+00:00, run_after=2026-02-11 19:00:00+00:00
[2026-02-11T19:32:21.792+0000] {processor.py:208} INFO - Processing /opt/airflow/dags/music_ingestion_dag.py took 0.762 seconds
[2026-02-11T19:32:52.111+0000] {processor.py:186} INFO - Started process (PID=286) to work on /opt/airflow/dags/music_ingestion_dag.py
[2026-02-11T19:32:52.112+0000] {processor.py:914} INFO - Processing file /opt/airflow/dags/music_ingestion_dag.py for tasks to queue
[2026-02-11T19:32:52.115+0000] {logging_mixin.py:190} INFO - [2026-02-11T19:32:52.115+0000] {dagbag.py:588} INFO - Filling up the DagBag from /opt/airflow/dags/music_ingestion_dag.py
[2026-02-11T19:32:52.147+0000] {processor.py:925} INFO - DAG(s) '01_music_ingestion_realtime' retrieved from /opt/airflow/dags/music_ingestion_dag.py
[2026-02-11T19:32:52.221+0000] {logging_mixin.py:190} INFO - [2026-02-11T19:32:52.221+0000] {dag.py:3239} INFO - Sync 1 DAGs
[2026-02-11T19:32:52.324+0000] {logging_mixin.py:190} INFO - [2026-02-11T19:32:52.324+0000] {dag.py:4180} INFO - Setting next_dagrun for 01_music_ingestion_realtime to 2026-02-11 18:00:00+00:00, run_after=2026-02-11 19:00:00+00:00
[2026-02-11T19:32:52.474+0000] {processor.py:208} INFO - Processing /opt/airflow/dags/music_ingestion_dag.py took 0.371 seconds
[2026-02-11T19:33:22.645+0000] {processor.py:186} INFO - Started process (PID=291) to work on /opt/airflow/dags/music_ingestion_dag.py
[2026-02-11T19:33:22.646+0000] {processor.py:914} INFO - Processing file /opt/airflow/dags/music_ingestion_dag.py for tasks to queue
[2026-02-11T19:33:22.648+0000] {logging_mixin.py:190} INFO - [2026-02-11T19:33:22.648+0000] {dagbag.py:588} INFO - Filling up the DagBag from /opt/airflow/dags/music_ingestion_dag.py
[2026-02-11T19:33:22.680+0000] {processor.py:925} INFO - DAG(s) '01_music_ingestion_realtime' retrieved from /opt/airflow/dags/music_ingestion_dag.py
[2026-02-11T19:33:22.720+0000] {logging_mixin.py:190} INFO - [2026-02-11T19:33:22.719+0000] {dag.py:3239} INFO - Sync 1 DAGs
[2026-02-11T19:33:22.748+0000] {logging_mixin.py:190} INFO - [2026-02-11T19:33:22.748+0000] {dag.py:4180} INFO - Setting next_dagrun for 01_music_ingestion_realtime to 2026-02-11 18:00:00+00:00, run_after=2026-02-11 19:00:00+00:00
[2026-02-11T19:33:22.776+0000] {processor.py:208} INFO - Processing /opt/airflow/dags/music_ingestion_dag.py took 0.138 seconds
[2026-02-11T19:33:53.022+0000] {processor.py:186} INFO - Started process (PID=296) to work on /opt/airflow/dags/music_ingestion_dag.py
[2026-02-11T19:33:53.024+0000] {processor.py:914} INFO - Processing file /opt/airflow/dags/music_ingestion_dag.py for tasks to queue
[2026-02-11T19:33:53.028+0000] {logging_mixin.py:190} INFO - [2026-02-11T19:33:53.028+0000] {dagbag.py:588} INFO - Filling up the DagBag from /opt/airflow/dags/music_ingestion_dag.py
[2026-02-11T19:33:53.056+0000] {processor.py:925} INFO - DAG(s) '01_music_ingestion_realtime' retrieved from /opt/airflow/dags/music_ingestion_dag.py
[2026-02-11T19:33:53.093+0000] {logging_mixin.py:190} INFO - [2026-02-11T19:33:53.093+0000] {dag.py:3239} INFO - Sync 1 DAGs
[2026-02-11T19:33:53.161+0000] {logging_mixin.py:190} INFO - [2026-02-11T19:33:53.160+0000] {dag.py:4180} INFO - Setting next_dagrun for 01_music_ingestion_realtime to 2026-02-11 18:00:00+00:00, run_after=2026-02-11 19:00:00+00:00
[2026-02-11T19:33:53.326+0000] {processor.py:208} INFO - Processing /opt/airflow/dags/music_ingestion_dag.py took 0.310 seconds
[2026-02-11T19:34:23.588+0000] {processor.py:186} INFO - Started process (PID=301) to work on /opt/airflow/dags/music_ingestion_dag.py
[2026-02-11T19:34:23.609+0000] {processor.py:914} INFO - Processing file /opt/airflow/dags/music_ingestion_dag.py for tasks to queue
[2026-02-11T19:34:23.621+0000] {logging_mixin.py:190} INFO - [2026-02-11T19:34:23.621+0000] {dagbag.py:588} INFO - Filling up the DagBag from /opt/airflow/dags/music_ingestion_dag.py
[2026-02-11T19:34:23.662+0000] {processor.py:925} INFO - DAG(s) '01_music_ingestion_realtime' retrieved from /opt/airflow/dags/music_ingestion_dag.py
[2026-02-11T19:34:23.695+0000] {logging_mixin.py:190} INFO - [2026-02-11T19:34:23.695+0000] {dag.py:3239} INFO - Sync 1 DAGs
[2026-02-11T19:34:23.723+0000] {logging_mixin.py:190} INFO - [2026-02-11T19:34:23.723+0000] {dag.py:4180} INFO - Setting next_dagrun for 01_music_ingestion_realtime to 2026-02-11 18:00:00+00:00, run_after=2026-02-11 19:00:00+00:00
[2026-02-11T19:34:23.754+0000] {processor.py:208} INFO - Processing /opt/airflow/dags/music_ingestion_dag.py took 0.251 seconds
[2026-02-11T19:34:54.120+0000] {processor.py:186} INFO - Started process (PID=306) to work on /opt/airflow/dags/music_ingestion_dag.py
[2026-02-11T19:34:54.122+0000] {processor.py:914} INFO - Processing file /opt/airflow/dags/music_ingestion_dag.py for tasks to queue
[2026-02-11T19:34:54.125+0000] {logging_mixin.py:190} INFO - [2026-02-11T19:34:54.125+0000] {dagbag.py:588} INFO - Filling up the DagBag from /opt/airflow/dags/music_ingestion_dag.py
[2026-02-11T19:34:54.146+0000] {processor.py:925} INFO - DAG(s) '01_music_ingestion_realtime' retrieved from /opt/airflow/dags/music_ingestion_dag.py
[2026-02-11T19:34:54.175+0000] {logging_mixin.py:190} INFO - [2026-02-11T19:34:54.174+0000] {dag.py:3239} INFO - Sync 1 DAGs
[2026-02-11T19:34:54.199+0000] {logging_mixin.py:190} INFO - [2026-02-11T19:34:54.199+0000] {dag.py:4180} INFO - Setting next_dagrun for 01_music_ingestion_realtime to 2026-02-11 18:00:00+00:00, run_after=2026-02-11 19:00:00+00:00
[2026-02-11T19:34:54.226+0000] {processor.py:208} INFO - Processing /opt/airflow/dags/music_ingestion_dag.py took 0.111 seconds
[2026-02-11T19:35:24.542+0000] {processor.py:186} INFO - Started process (PID=311) to work on /opt/airflow/dags/music_ingestion_dag.py
[2026-02-11T19:35:24.543+0000] {processor.py:914} INFO - Processing file /opt/airflow/dags/music_ingestion_dag.py for tasks to queue
[2026-02-11T19:35:24.546+0000] {logging_mixin.py:190} INFO - [2026-02-11T19:35:24.546+0000] {dagbag.py:588} INFO - Filling up the DagBag from /opt/airflow/dags/music_ingestion_dag.py
[2026-02-11T19:35:24.581+0000] {processor.py:925} INFO - DAG(s) '01_music_ingestion_realtime' retrieved from /opt/airflow/dags/music_ingestion_dag.py
[2026-02-11T19:35:24.612+0000] {logging_mixin.py:190} INFO - [2026-02-11T19:35:24.612+0000] {dag.py:3239} INFO - Sync 1 DAGs
[2026-02-11T19:35:24.676+0000] {logging_mixin.py:190} INFO - [2026-02-11T19:35:24.676+0000] {dag.py:4180} INFO - Setting next_dagrun for 01_music_ingestion_realtime to 2026-02-11 18:00:00+00:00, run_after=2026-02-11 19:00:00+00:00
[2026-02-11T19:35:24.780+0000] {processor.py:208} INFO - Processing /opt/airflow/dags/music_ingestion_dag.py took 0.243 seconds
[2026-02-11T19:35:54.957+0000] {processor.py:186} INFO - Started process (PID=316) to work on /opt/airflow/dags/music_ingestion_dag.py
[2026-02-11T19:35:54.958+0000] {processor.py:914} INFO - Processing file /opt/airflow/dags/music_ingestion_dag.py for tasks to queue
[2026-02-11T19:35:54.961+0000] {logging_mixin.py:190} INFO - [2026-02-11T19:35:54.961+0000] {dagbag.py:588} INFO - Filling up the DagBag from /opt/airflow/dags/music_ingestion_dag.py
[2026-02-11T19:35:54.988+0000] {processor.py:925} INFO - DAG(s) '01_music_ingestion_realtime' retrieved from /opt/airflow/dags/music_ingestion_dag.py
[2026-02-11T19:35:55.023+0000] {logging_mixin.py:190} INFO - [2026-02-11T19:35:55.023+0000] {dag.py:3239} INFO - Sync 1 DAGs
[2026-02-11T19:35:55.051+0000] {logging_mixin.py:190} INFO - [2026-02-11T19:35:55.051+0000] {dag.py:4180} INFO - Setting next_dagrun for 01_music_ingestion_realtime to 2026-02-11 18:00:00+00:00, run_after=2026-02-11 19:00:00+00:00
[2026-02-11T19:35:55.078+0000] {processor.py:208} INFO - Processing /opt/airflow/dags/music_ingestion_dag.py took 0.128 seconds
[2026-02-11T19:36:25.340+0000] {processor.py:186} INFO - Started process (PID=321) to work on /opt/airflow/dags/music_ingestion_dag.py
[2026-02-11T19:36:25.342+0000] {processor.py:914} INFO - Processing file /opt/airflow/dags/music_ingestion_dag.py for tasks to queue
[2026-02-11T19:36:25.345+0000] {logging_mixin.py:190} INFO - [2026-02-11T19:36:25.345+0000] {dagbag.py:588} INFO - Filling up the DagBag from /opt/airflow/dags/music_ingestion_dag.py
[2026-02-11T19:36:25.371+0000] {processor.py:925} INFO - DAG(s) '01_music_ingestion_realtime' retrieved from /opt/airflow/dags/music_ingestion_dag.py
[2026-02-11T19:36:25.407+0000] {logging_mixin.py:190} INFO - [2026-02-11T19:36:25.406+0000] {dag.py:3239} INFO - Sync 1 DAGs
[2026-02-11T19:36:25.432+0000] {logging_mixin.py:190} INFO - [2026-02-11T19:36:25.432+0000] {dag.py:4180} INFO - Setting next_dagrun for 01_music_ingestion_realtime to 2026-02-11 18:00:00+00:00, run_after=2026-02-11 19:00:00+00:00
[2026-02-11T19:36:25.461+0000] {processor.py:208} INFO - Processing /opt/airflow/dags/music_ingestion_dag.py took 0.127 seconds
[2026-02-11T19:36:55.842+0000] {processor.py:186} INFO - Started process (PID=326) to work on /opt/airflow/dags/music_ingestion_dag.py
[2026-02-11T19:36:55.843+0000] {processor.py:914} INFO - Processing file /opt/airflow/dags/music_ingestion_dag.py for tasks to queue
[2026-02-11T19:36:55.846+0000] {logging_mixin.py:190} INFO - [2026-02-11T19:36:55.846+0000] {dagbag.py:588} INFO - Filling up the DagBag from /opt/airflow/dags/music_ingestion_dag.py
[2026-02-11T19:36:55.875+0000] {processor.py:925} INFO - DAG(s) '01_music_ingestion_realtime' retrieved from /opt/airflow/dags/music_ingestion_dag.py
[2026-02-11T19:36:55.909+0000] {logging_mixin.py:190} INFO - [2026-02-11T19:36:55.908+0000] {dag.py:3239} INFO - Sync 1 DAGs
[2026-02-11T19:36:55.937+0000] {logging_mixin.py:190} INFO - [2026-02-11T19:36:55.937+0000] {dag.py:4180} INFO - Setting next_dagrun for 01_music_ingestion_realtime to 2026-02-11 18:00:00+00:00, run_after=2026-02-11 19:00:00+00:00
[2026-02-11T19:36:55.964+0000] {processor.py:208} INFO - Processing /opt/airflow/dags/music_ingestion_dag.py took 0.127 seconds
[2026-02-11T19:37:26.211+0000] {processor.py:186} INFO - Started process (PID=331) to work on /opt/airflow/dags/music_ingestion_dag.py
[2026-02-11T19:37:26.213+0000] {processor.py:914} INFO - Processing file /opt/airflow/dags/music_ingestion_dag.py for tasks to queue
[2026-02-11T19:37:26.215+0000] {logging_mixin.py:190} INFO - [2026-02-11T19:37:26.215+0000] {dagbag.py:588} INFO - Filling up the DagBag from /opt/airflow/dags/music_ingestion_dag.py
[2026-02-11T19:37:26.237+0000] {processor.py:925} INFO - DAG(s) '01_music_ingestion_realtime' retrieved from /opt/airflow/dags/music_ingestion_dag.py
[2026-02-11T19:37:26.267+0000] {logging_mixin.py:190} INFO - [2026-02-11T19:37:26.267+0000] {dag.py:3239} INFO - Sync 1 DAGs
[2026-02-11T19:37:26.293+0000] {logging_mixin.py:190} INFO - [2026-02-11T19:37:26.293+0000] {dag.py:4180} INFO - Setting next_dagrun for 01_music_ingestion_realtime to 2026-02-11 18:00:00+00:00, run_after=2026-02-11 19:00:00+00:00
[2026-02-11T19:37:26.320+0000] {processor.py:208} INFO - Processing /opt/airflow/dags/music_ingestion_dag.py took 0.115 seconds
[2026-02-11T20:20:58.665+0000] {processor.py:186} INFO - Started process (PID=336) to work on /opt/airflow/dags/music_ingestion_dag.py
[2026-02-11T20:20:58.677+0000] {processor.py:914} INFO - Processing file /opt/airflow/dags/music_ingestion_dag.py for tasks to queue
[2026-02-11T20:20:58.700+0000] {logging_mixin.py:190} INFO - [2026-02-11T20:20:58.698+0000] {dagbag.py:588} INFO - Filling up the DagBag from /opt/airflow/dags/music_ingestion_dag.py
[2026-02-11T20:20:58.977+0000] {processor.py:925} INFO - DAG(s) '01_music_ingestion_realtime' retrieved from /opt/airflow/dags/music_ingestion_dag.py
[2026-02-11T20:20:59.579+0000] {logging_mixin.py:190} INFO - [2026-02-11T20:20:59.579+0000] {dag.py:3239} INFO - Sync 1 DAGs
[2026-02-11T20:20:59.897+0000] {logging_mixin.py:190} INFO - [2026-02-11T20:20:59.897+0000] {dag.py:4180} INFO - Setting next_dagrun for 01_music_ingestion_realtime to 2026-02-11 19:00:00+00:00, run_after=2026-02-11 20:00:00+00:00
[2026-02-11T20:21:00.283+0000] {processor.py:208} INFO - Processing /opt/airflow/dags/music_ingestion_dag.py took 1.660 seconds
[2026-02-11T20:21:31.123+0000] {processor.py:186} INFO - Started process (PID=341) to work on /opt/airflow/dags/music_ingestion_dag.py
[2026-02-11T20:21:31.129+0000] {processor.py:914} INFO - Processing file /opt/airflow/dags/music_ingestion_dag.py for tasks to queue
[2026-02-11T20:21:31.167+0000] {logging_mixin.py:190} INFO - [2026-02-11T20:21:31.162+0000] {dagbag.py:588} INFO - Filling up the DagBag from /opt/airflow/dags/music_ingestion_dag.py
[2026-02-11T20:21:31.424+0000] {processor.py:925} INFO - DAG(s) '01_music_ingestion_realtime' retrieved from /opt/airflow/dags/music_ingestion_dag.py
[2026-02-11T20:21:32.348+0000] {logging_mixin.py:190} INFO - [2026-02-11T20:21:32.348+0000] {dag.py:3239} INFO - Sync 1 DAGs
[2026-02-11T20:21:33.336+0000] {logging_mixin.py:190} INFO - [2026-02-11T20:21:33.335+0000] {dag.py:4180} INFO - Setting next_dagrun for 01_music_ingestion_realtime to 2026-02-11 19:00:00+00:00, run_after=2026-02-11 20:00:00+00:00
[2026-02-11T20:21:33.481+0000] {processor.py:208} INFO - Processing /opt/airflow/dags/music_ingestion_dag.py took 2.421 seconds
[2026-02-11T20:22:09.977+0000] {processor.py:186} INFO - Started process (PID=346) to work on /opt/airflow/dags/music_ingestion_dag.py
[2026-02-11T20:22:10.050+0000] {processor.py:914} INFO - Processing file /opt/airflow/dags/music_ingestion_dag.py for tasks to queue
[2026-02-11T20:22:10.084+0000] {logging_mixin.py:190} INFO - [2026-02-11T20:22:10.082+0000] {dagbag.py:588} INFO - Filling up the DagBag from /opt/airflow/dags/music_ingestion_dag.py
[2026-02-11T20:22:10.336+0000] {processor.py:925} INFO - DAG(s) '01_music_ingestion_realtime' retrieved from /opt/airflow/dags/music_ingestion_dag.py
[2026-02-11T20:22:10.537+0000] {logging_mixin.py:190} INFO - [2026-02-11T20:22:10.536+0000] {dag.py:3239} INFO - Sync 1 DAGs
[2026-02-11T20:22:10.693+0000] {logging_mixin.py:190} INFO - [2026-02-11T20:22:10.693+0000] {dag.py:4180} INFO - Setting next_dagrun for 01_music_ingestion_realtime to 2026-02-11 19:00:00+00:00, run_after=2026-02-11 20:00:00+00:00
[2026-02-11T20:22:10.919+0000] {processor.py:208} INFO - Processing /opt/airflow/dags/music_ingestion_dag.py took 1.037 seconds
[2026-02-11T20:22:41.694+0000] {processor.py:186} INFO - Started process (PID=351) to work on /opt/airflow/dags/music_ingestion_dag.py
[2026-02-11T20:22:41.697+0000] {processor.py:914} INFO - Processing file /opt/airflow/dags/music_ingestion_dag.py for tasks to queue
[2026-02-11T20:22:41.711+0000] {logging_mixin.py:190} INFO - [2026-02-11T20:22:41.708+0000] {dagbag.py:588} INFO - Filling up the DagBag from /opt/airflow/dags/music_ingestion_dag.py
[2026-02-11T20:22:41.817+0000] {processor.py:925} INFO - DAG(s) '01_music_ingestion_realtime' retrieved from /opt/airflow/dags/music_ingestion_dag.py
[2026-02-11T20:22:41.932+0000] {logging_mixin.py:190} INFO - [2026-02-11T20:22:41.932+0000] {dag.py:3239} INFO - Sync 1 DAGs
[2026-02-11T20:22:41.997+0000] {logging_mixin.py:190} INFO - [2026-02-11T20:22:41.997+0000] {dag.py:4180} INFO - Setting next_dagrun for 01_music_ingestion_realtime to 2026-02-11 19:00:00+00:00, run_after=2026-02-11 20:00:00+00:00
[2026-02-11T20:22:42.046+0000] {processor.py:208} INFO - Processing /opt/airflow/dags/music_ingestion_dag.py took 0.382 seconds
[2026-02-11T20:23:12.379+0000] {processor.py:186} INFO - Started process (PID=356) to work on /opt/airflow/dags/music_ingestion_dag.py
[2026-02-11T20:23:12.381+0000] {processor.py:914} INFO - Processing file /opt/airflow/dags/music_ingestion_dag.py for tasks to queue
[2026-02-11T20:23:12.384+0000] {logging_mixin.py:190} INFO - [2026-02-11T20:23:12.384+0000] {dagbag.py:588} INFO - Filling up the DagBag from /opt/airflow/dags/music_ingestion_dag.py
[2026-02-11T20:23:12.422+0000] {processor.py:925} INFO - DAG(s) '01_music_ingestion_realtime' retrieved from /opt/airflow/dags/music_ingestion_dag.py
[2026-02-11T20:23:12.473+0000] {logging_mixin.py:190} INFO - [2026-02-11T20:23:12.473+0000] {dag.py:3239} INFO - Sync 1 DAGs
[2026-02-11T20:23:12.507+0000] {logging_mixin.py:190} INFO - [2026-02-11T20:23:12.506+0000] {dag.py:4180} INFO - Setting next_dagrun for 01_music_ingestion_realtime to 2026-02-11 19:00:00+00:00, run_after=2026-02-11 20:00:00+00:00
[2026-02-11T20:23:12.569+0000] {processor.py:208} INFO - Processing /opt/airflow/dags/music_ingestion_dag.py took 0.199 seconds
[2026-02-11T20:23:42.678+0000] {processor.py:186} INFO - Started process (PID=361) to work on /opt/airflow/dags/music_ingestion_dag.py
[2026-02-11T20:23:42.680+0000] {processor.py:914} INFO - Processing file /opt/airflow/dags/music_ingestion_dag.py for tasks to queue
[2026-02-11T20:23:42.683+0000] {logging_mixin.py:190} INFO - [2026-02-11T20:23:42.683+0000] {dagbag.py:588} INFO - Filling up the DagBag from /opt/airflow/dags/music_ingestion_dag.py
[2026-02-11T20:23:42.708+0000] {processor.py:925} INFO - DAG(s) '01_music_ingestion_realtime' retrieved from /opt/airflow/dags/music_ingestion_dag.py
[2026-02-11T20:23:42.744+0000] {logging_mixin.py:190} INFO - [2026-02-11T20:23:42.743+0000] {dag.py:3239} INFO - Sync 1 DAGs
[2026-02-11T20:23:42.774+0000] {logging_mixin.py:190} INFO - [2026-02-11T20:23:42.774+0000] {dag.py:4180} INFO - Setting next_dagrun for 01_music_ingestion_realtime to 2026-02-11 19:00:00+00:00, run_after=2026-02-11 20:00:00+00:00
[2026-02-11T20:23:42.851+0000] {processor.py:208} INFO - Processing /opt/airflow/dags/music_ingestion_dag.py took 0.182 seconds
[2026-02-11T20:24:13.205+0000] {processor.py:186} INFO - Started process (PID=366) to work on /opt/airflow/dags/music_ingestion_dag.py
[2026-02-11T20:24:13.206+0000] {processor.py:914} INFO - Processing file /opt/airflow/dags/music_ingestion_dag.py for tasks to queue
[2026-02-11T20:24:13.209+0000] {logging_mixin.py:190} INFO - [2026-02-11T20:24:13.208+0000] {dagbag.py:588} INFO - Filling up the DagBag from /opt/airflow/dags/music_ingestion_dag.py
[2026-02-11T20:24:13.246+0000] {processor.py:925} INFO - DAG(s) '01_music_ingestion_realtime' retrieved from /opt/airflow/dags/music_ingestion_dag.py
[2026-02-11T20:24:13.283+0000] {logging_mixin.py:190} INFO - [2026-02-11T20:24:13.283+0000] {dag.py:3239} INFO - Sync 1 DAGs
[2026-02-11T20:24:13.319+0000] {logging_mixin.py:190} INFO - [2026-02-11T20:24:13.318+0000] {dag.py:4180} INFO - Setting next_dagrun for 01_music_ingestion_realtime to 2026-02-11 19:00:00+00:00, run_after=2026-02-11 20:00:00+00:00
[2026-02-11T20:24:13.354+0000] {processor.py:208} INFO - Processing /opt/airflow/dags/music_ingestion_dag.py took 0.156 seconds
[2026-02-11T20:24:43.613+0000] {processor.py:186} INFO - Started process (PID=371) to work on /opt/airflow/dags/music_ingestion_dag.py
[2026-02-11T20:24:43.615+0000] {processor.py:914} INFO - Processing file /opt/airflow/dags/music_ingestion_dag.py for tasks to queue
[2026-02-11T20:24:43.618+0000] {logging_mixin.py:190} INFO - [2026-02-11T20:24:43.618+0000] {dagbag.py:588} INFO - Filling up the DagBag from /opt/airflow/dags/music_ingestion_dag.py
[2026-02-11T20:24:43.646+0000] {processor.py:925} INFO - DAG(s) '01_music_ingestion_realtime' retrieved from /opt/airflow/dags/music_ingestion_dag.py
[2026-02-11T20:24:43.684+0000] {logging_mixin.py:190} INFO - [2026-02-11T20:24:43.683+0000] {dag.py:3239} INFO - Sync 1 DAGs
[2026-02-11T20:24:43.711+0000] {logging_mixin.py:190} INFO - [2026-02-11T20:24:43.710+0000] {dag.py:4180} INFO - Setting next_dagrun for 01_music_ingestion_realtime to 2026-02-11 19:00:00+00:00, run_after=2026-02-11 20:00:00+00:00
[2026-02-11T20:24:43.747+0000] {processor.py:208} INFO - Processing /opt/airflow/dags/music_ingestion_dag.py took 0.142 seconds
[2026-02-11T20:25:14.012+0000] {processor.py:186} INFO - Started process (PID=376) to work on /opt/airflow/dags/music_ingestion_dag.py
[2026-02-11T20:25:14.014+0000] {processor.py:914} INFO - Processing file /opt/airflow/dags/music_ingestion_dag.py for tasks to queue
[2026-02-11T20:25:14.018+0000] {logging_mixin.py:190} INFO - [2026-02-11T20:25:14.017+0000] {dagbag.py:588} INFO - Filling up the DagBag from /opt/airflow/dags/music_ingestion_dag.py
[2026-02-11T20:25:14.043+0000] {processor.py:925} INFO - DAG(s) '01_music_ingestion_realtime' retrieved from /opt/airflow/dags/music_ingestion_dag.py
[2026-02-11T20:25:14.079+0000] {logging_mixin.py:190} INFO - [2026-02-11T20:25:14.079+0000] {dag.py:3239} INFO - Sync 1 DAGs
[2026-02-11T20:25:14.112+0000] {logging_mixin.py:190} INFO - [2026-02-11T20:25:14.112+0000] {dag.py:4180} INFO - Setting next_dagrun for 01_music_ingestion_realtime to 2026-02-11 19:00:00+00:00, run_after=2026-02-11 20:00:00+00:00
[2026-02-11T20:25:14.202+0000] {processor.py:208} INFO - Processing /opt/airflow/dags/music_ingestion_dag.py took 0.198 seconds
[2026-02-11T20:25:52.345+0000] {processor.py:186} INFO - Started process (PID=381) to work on /opt/airflow/dags/music_ingestion_dag.py
[2026-02-11T20:25:52.348+0000] {processor.py:914} INFO - Processing file /opt/airflow/dags/music_ingestion_dag.py for tasks to queue
[2026-02-11T20:25:52.355+0000] {logging_mixin.py:190} INFO - [2026-02-11T20:25:52.354+0000] {dagbag.py:588} INFO - Filling up the DagBag from /opt/airflow/dags/music_ingestion_dag.py
[2026-02-11T20:25:52.413+0000] {processor.py:925} INFO - DAG(s) '01_music_ingestion_realtime' retrieved from /opt/airflow/dags/music_ingestion_dag.py
[2026-02-11T20:25:52.470+0000] {logging_mixin.py:190} INFO - [2026-02-11T20:25:52.470+0000] {dag.py:3239} INFO - Sync 1 DAGs
[2026-02-11T20:25:52.522+0000] {logging_mixin.py:190} INFO - [2026-02-11T20:25:52.522+0000] {dag.py:4180} INFO - Setting next_dagrun for 01_music_ingestion_realtime to 2026-02-11 19:00:00+00:00, run_after=2026-02-11 20:00:00+00:00
[2026-02-11T20:25:52.587+0000] {processor.py:208} INFO - Processing /opt/airflow/dags/music_ingestion_dag.py took 0.256 seconds
[2026-02-11T20:26:23.451+0000] {processor.py:186} INFO - Started process (PID=386) to work on /opt/airflow/dags/music_ingestion_dag.py
[2026-02-11T20:26:23.455+0000] {processor.py:914} INFO - Processing file /opt/airflow/dags/music_ingestion_dag.py for tasks to queue
[2026-02-11T20:26:23.477+0000] {logging_mixin.py:190} INFO - [2026-02-11T20:26:23.474+0000] {dagbag.py:588} INFO - Filling up the DagBag from /opt/airflow/dags/music_ingestion_dag.py
[2026-02-11T20:26:23.576+0000] {processor.py:925} INFO - DAG(s) '01_music_ingestion_realtime' retrieved from /opt/airflow/dags/music_ingestion_dag.py
[2026-02-11T20:26:23.700+0000] {logging_mixin.py:190} INFO - [2026-02-11T20:26:23.699+0000] {dag.py:3239} INFO - Sync 1 DAGs
[2026-02-11T20:26:23.770+0000] {logging_mixin.py:190} INFO - [2026-02-11T20:26:23.770+0000] {dag.py:4180} INFO - Setting next_dagrun for 01_music_ingestion_realtime to 2026-02-11 19:00:00+00:00, run_after=2026-02-11 20:00:00+00:00
[2026-02-11T20:26:23.820+0000] {processor.py:208} INFO - Processing /opt/airflow/dags/music_ingestion_dag.py took 0.425 seconds
[2026-02-11T20:26:54.304+0000] {processor.py:186} INFO - Started process (PID=391) to work on /opt/airflow/dags/music_ingestion_dag.py
[2026-02-11T20:26:54.306+0000] {processor.py:914} INFO - Processing file /opt/airflow/dags/music_ingestion_dag.py for tasks to queue
[2026-02-11T20:26:54.310+0000] {logging_mixin.py:190} INFO - [2026-02-11T20:26:54.309+0000] {dagbag.py:588} INFO - Filling up the DagBag from /opt/airflow/dags/music_ingestion_dag.py
[2026-02-11T20:26:54.342+0000] {processor.py:925} INFO - DAG(s) '01_music_ingestion_realtime' retrieved from /opt/airflow/dags/music_ingestion_dag.py
[2026-02-11T20:26:54.383+0000] {logging_mixin.py:190} INFO - [2026-02-11T20:26:54.383+0000] {dag.py:3239} INFO - Sync 1 DAGs
[2026-02-11T20:26:54.418+0000] {logging_mixin.py:190} INFO - [2026-02-11T20:26:54.418+0000] {dag.py:4180} INFO - Setting next_dagrun for 01_music_ingestion_realtime to 2026-02-11 19:00:00+00:00, run_after=2026-02-11 20:00:00+00:00
[2026-02-11T20:26:54.450+0000] {processor.py:208} INFO - Processing /opt/airflow/dags/music_ingestion_dag.py took 0.155 seconds
[2026-02-11T20:27:24.650+0000] {processor.py:186} INFO - Started process (PID=396) to work on /opt/airflow/dags/music_ingestion_dag.py
[2026-02-11T20:27:24.651+0000] {processor.py:914} INFO - Processing file /opt/airflow/dags/music_ingestion_dag.py for tasks to queue
[2026-02-11T20:27:24.655+0000] {logging_mixin.py:190} INFO - [2026-02-11T20:27:24.655+0000] {dagbag.py:588} INFO - Filling up the DagBag from /opt/airflow/dags/music_ingestion_dag.py
[2026-02-11T20:27:24.682+0000] {processor.py:925} INFO - DAG(s) '01_music_ingestion_realtime' retrieved from /opt/airflow/dags/music_ingestion_dag.py
[2026-02-11T20:27:24.726+0000] {logging_mixin.py:190} INFO - [2026-02-11T20:27:24.726+0000] {dag.py:3239} INFO - Sync 1 DAGs
[2026-02-11T20:27:24.772+0000] {logging_mixin.py:190} INFO - [2026-02-11T20:27:24.771+0000] {dag.py:4180} INFO - Setting next_dagrun for 01_music_ingestion_realtime to 2026-02-11 19:00:00+00:00, run_after=2026-02-11 20:00:00+00:00
[2026-02-11T20:27:24.810+0000] {processor.py:208} INFO - Processing /opt/airflow/dags/music_ingestion_dag.py took 0.166 seconds
[2026-02-11T20:27:55.103+0000] {processor.py:186} INFO - Started process (PID=401) to work on /opt/airflow/dags/music_ingestion_dag.py
[2026-02-11T20:27:55.106+0000] {processor.py:914} INFO - Processing file /opt/airflow/dags/music_ingestion_dag.py for tasks to queue
[2026-02-11T20:27:55.111+0000] {logging_mixin.py:190} INFO - [2026-02-11T20:27:55.110+0000] {dagbag.py:588} INFO - Filling up the DagBag from /opt/airflow/dags/music_ingestion_dag.py
[2026-02-11T20:27:55.147+0000] {processor.py:925} INFO - DAG(s) '01_music_ingestion_realtime' retrieved from /opt/airflow/dags/music_ingestion_dag.py
[2026-02-11T20:27:55.184+0000] {logging_mixin.py:190} INFO - [2026-02-11T20:27:55.184+0000] {dag.py:3239} INFO - Sync 1 DAGs
[2026-02-11T20:27:55.213+0000] {logging_mixin.py:190} INFO - [2026-02-11T20:27:55.213+0000] {dag.py:4180} INFO - Setting next_dagrun for 01_music_ingestion_realtime to 2026-02-11 19:00:00+00:00, run_after=2026-02-11 20:00:00+00:00
[2026-02-11T20:27:55.236+0000] {processor.py:208} INFO - Processing /opt/airflow/dags/music_ingestion_dag.py took 0.143 seconds
[2026-02-11T20:28:25.544+0000] {processor.py:186} INFO - Started process (PID=406) to work on /opt/airflow/dags/music_ingestion_dag.py
[2026-02-11T20:28:25.545+0000] {processor.py:914} INFO - Processing file /opt/airflow/dags/music_ingestion_dag.py for tasks to queue
[2026-02-11T20:28:25.550+0000] {logging_mixin.py:190} INFO - [2026-02-11T20:28:25.549+0000] {dagbag.py:588} INFO - Filling up the DagBag from /opt/airflow/dags/music_ingestion_dag.py
[2026-02-11T20:28:25.584+0000] {processor.py:925} INFO - DAG(s) '01_music_ingestion_realtime' retrieved from /opt/airflow/dags/music_ingestion_dag.py
[2026-02-11T20:28:25.639+0000] {logging_mixin.py:190} INFO - [2026-02-11T20:28:25.639+0000] {dag.py:3239} INFO - Sync 1 DAGs
[2026-02-11T20:28:25.690+0000] {logging_mixin.py:190} INFO - [2026-02-11T20:28:25.690+0000] {dag.py:4180} INFO - Setting next_dagrun for 01_music_ingestion_realtime to 2026-02-11 19:00:00+00:00, run_after=2026-02-11 20:00:00+00:00
[2026-02-11T20:28:25.724+0000] {processor.py:208} INFO - Processing /opt/airflow/dags/music_ingestion_dag.py took 0.192 seconds
[2026-02-11T20:28:55.876+0000] {processor.py:186} INFO - Started process (PID=411) to work on /opt/airflow/dags/music_ingestion_dag.py
[2026-02-11T20:28:55.878+0000] {processor.py:914} INFO - Processing file /opt/airflow/dags/music_ingestion_dag.py for tasks to queue
[2026-02-11T20:28:55.882+0000] {logging_mixin.py:190} INFO - [2026-02-11T20:28:55.882+0000] {dagbag.py:588} INFO - Filling up the DagBag from /opt/airflow/dags/music_ingestion_dag.py
[2026-02-11T20:28:55.919+0000] {processor.py:925} INFO - DAG(s) '01_music_ingestion_realtime' retrieved from /opt/airflow/dags/music_ingestion_dag.py
[2026-02-11T20:28:55.964+0000] {logging_mixin.py:190} INFO - [2026-02-11T20:28:55.964+0000] {dag.py:3239} INFO - Sync 1 DAGs
[2026-02-11T20:28:56.011+0000] {logging_mixin.py:190} INFO - [2026-02-11T20:28:56.011+0000] {dag.py:4180} INFO - Setting next_dagrun for 01_music_ingestion_realtime to 2026-02-11 19:00:00+00:00, run_after=2026-02-11 20:00:00+00:00
[2026-02-11T20:28:56.054+0000] {processor.py:208} INFO - Processing /opt/airflow/dags/music_ingestion_dag.py took 0.187 seconds
[2026-02-11T20:29:26.482+0000] {processor.py:186} INFO - Started process (PID=416) to work on /opt/airflow/dags/music_ingestion_dag.py
[2026-02-11T20:29:26.484+0000] {processor.py:914} INFO - Processing file /opt/airflow/dags/music_ingestion_dag.py for tasks to queue
[2026-02-11T20:29:26.489+0000] {logging_mixin.py:190} INFO - [2026-02-11T20:29:26.488+0000] {dagbag.py:588} INFO - Filling up the DagBag from /opt/airflow/dags/music_ingestion_dag.py
[2026-02-11T20:29:26.534+0000] {processor.py:925} INFO - DAG(s) '01_music_ingestion_realtime' retrieved from /opt/airflow/dags/music_ingestion_dag.py
[2026-02-11T20:29:26.591+0000] {logging_mixin.py:190} INFO - [2026-02-11T20:29:26.591+0000] {dag.py:3239} INFO - Sync 1 DAGs
[2026-02-11T20:29:26.665+0000] {logging_mixin.py:190} INFO - [2026-02-11T20:29:26.664+0000] {dag.py:4180} INFO - Setting next_dagrun for 01_music_ingestion_realtime to 2026-02-11 19:00:00+00:00, run_after=2026-02-11 20:00:00+00:00
[2026-02-11T20:29:26.693+0000] {processor.py:208} INFO - Processing /opt/airflow/dags/music_ingestion_dag.py took 0.226 seconds
[2026-02-11T20:29:56.793+0000] {processor.py:186} INFO - Started process (PID=421) to work on /opt/airflow/dags/music_ingestion_dag.py
[2026-02-11T20:29:56.795+0000] {processor.py:914} INFO - Processing file /opt/airflow/dags/music_ingestion_dag.py for tasks to queue
[2026-02-11T20:29:56.798+0000] {logging_mixin.py:190} INFO - [2026-02-11T20:29:56.798+0000] {dagbag.py:588} INFO - Filling up the DagBag from /opt/airflow/dags/music_ingestion_dag.py
[2026-02-11T20:29:56.823+0000] {processor.py:925} INFO - DAG(s) '01_music_ingestion_realtime' retrieved from /opt/airflow/dags/music_ingestion_dag.py
[2026-02-11T20:29:56.863+0000] {logging_mixin.py:190} INFO - [2026-02-11T20:29:56.863+0000] {dag.py:3239} INFO - Sync 1 DAGs
[2026-02-11T20:29:56.896+0000] {logging_mixin.py:190} INFO - [2026-02-11T20:29:56.896+0000] {dag.py:4180} INFO - Setting next_dagrun for 01_music_ingestion_realtime to 2026-02-11 19:00:00+00:00, run_after=2026-02-11 20:00:00+00:00
[2026-02-11T20:29:56.923+0000] {processor.py:208} INFO - Processing /opt/airflow/dags/music_ingestion_dag.py took 0.138 seconds
[2026-02-11T20:30:27.132+0000] {processor.py:186} INFO - Started process (PID=426) to work on /opt/airflow/dags/music_ingestion_dag.py
[2026-02-11T20:30:27.134+0000] {processor.py:914} INFO - Processing file /opt/airflow/dags/music_ingestion_dag.py for tasks to queue
[2026-02-11T20:30:27.138+0000] {logging_mixin.py:190} INFO - [2026-02-11T20:30:27.137+0000] {dagbag.py:588} INFO - Filling up the DagBag from /opt/airflow/dags/music_ingestion_dag.py
[2026-02-11T20:30:27.172+0000] {processor.py:925} INFO - DAG(s) '01_music_ingestion_realtime' retrieved from /opt/airflow/dags/music_ingestion_dag.py
[2026-02-11T20:30:27.221+0000] {logging_mixin.py:190} INFO - [2026-02-11T20:30:27.220+0000] {dag.py:3239} INFO - Sync 1 DAGs
[2026-02-11T20:30:27.256+0000] {logging_mixin.py:190} INFO - [2026-02-11T20:30:27.255+0000] {dag.py:4180} INFO - Setting next_dagrun for 01_music_ingestion_realtime to 2026-02-11 19:00:00+00:00, run_after=2026-02-11 20:00:00+00:00
[2026-02-11T20:30:27.284+0000] {processor.py:208} INFO - Processing /opt/airflow/dags/music_ingestion_dag.py took 0.164 seconds
[2026-02-11T20:30:57.519+0000] {processor.py:186} INFO - Started process (PID=431) to work on /opt/airflow/dags/music_ingestion_dag.py
[2026-02-11T20:30:57.521+0000] {processor.py:914} INFO - Processing file /opt/airflow/dags/music_ingestion_dag.py for tasks to queue
[2026-02-11T20:30:57.525+0000] {logging_mixin.py:190} INFO - [2026-02-11T20:30:57.524+0000] {dagbag.py:588} INFO - Filling up the DagBag from /opt/airflow/dags/music_ingestion_dag.py
[2026-02-11T20:30:57.548+0000] {processor.py:925} INFO - DAG(s) '01_music_ingestion_realtime' retrieved from /opt/airflow/dags/music_ingestion_dag.py
[2026-02-11T20:30:57.583+0000] {logging_mixin.py:190} INFO - [2026-02-11T20:30:57.582+0000] {dag.py:3239} INFO - Sync 1 DAGs
[2026-02-11T20:30:57.619+0000] {logging_mixin.py:190} INFO - [2026-02-11T20:30:57.618+0000] {dag.py:4180} INFO - Setting next_dagrun for 01_music_ingestion_realtime to 2026-02-11 19:00:00+00:00, run_after=2026-02-11 20:00:00+00:00
[2026-02-11T20:30:57.658+0000] {processor.py:208} INFO - Processing /opt/airflow/dags/music_ingestion_dag.py took 0.145 seconds
[2026-02-11T20:31:28.044+0000] {processor.py:186} INFO - Started process (PID=436) to work on /opt/airflow/dags/music_ingestion_dag.py
[2026-02-11T20:31:28.045+0000] {processor.py:914} INFO - Processing file /opt/airflow/dags/music_ingestion_dag.py for tasks to queue
[2026-02-11T20:31:28.048+0000] {logging_mixin.py:190} INFO - [2026-02-11T20:31:28.048+0000] {dagbag.py:588} INFO - Filling up the DagBag from /opt/airflow/dags/music_ingestion_dag.py
[2026-02-11T20:31:28.073+0000] {processor.py:925} INFO - DAG(s) '01_music_ingestion_realtime' retrieved from /opt/airflow/dags/music_ingestion_dag.py
[2026-02-11T20:31:28.113+0000] {logging_mixin.py:190} INFO - [2026-02-11T20:31:28.113+0000] {dag.py:3239} INFO - Sync 1 DAGs
[2026-02-11T20:31:28.149+0000] {logging_mixin.py:190} INFO - [2026-02-11T20:31:28.148+0000] {dag.py:4180} INFO - Setting next_dagrun for 01_music_ingestion_realtime to 2026-02-11 19:00:00+00:00, run_after=2026-02-11 20:00:00+00:00
[2026-02-11T20:31:28.183+0000] {processor.py:208} INFO - Processing /opt/airflow/dags/music_ingestion_dag.py took 0.147 seconds
[2026-02-11T20:31:58.397+0000] {processor.py:186} INFO - Started process (PID=441) to work on /opt/airflow/dags/music_ingestion_dag.py
[2026-02-11T20:31:58.400+0000] {processor.py:914} INFO - Processing file /opt/airflow/dags/music_ingestion_dag.py for tasks to queue
[2026-02-11T20:31:58.405+0000] {logging_mixin.py:190} INFO - [2026-02-11T20:31:58.404+0000] {dagbag.py:588} INFO - Filling up the DagBag from /opt/airflow/dags/music_ingestion_dag.py
[2026-02-11T20:31:58.460+0000] {processor.py:925} INFO - DAG(s) '01_music_ingestion_realtime' retrieved from /opt/airflow/dags/music_ingestion_dag.py
[2026-02-11T20:31:58.519+0000] {logging_mixin.py:190} INFO - [2026-02-11T20:31:58.519+0000] {dag.py:3239} INFO - Sync 1 DAGs
[2026-02-11T20:31:58.563+0000] {logging_mixin.py:190} INFO - [2026-02-11T20:31:58.563+0000] {dag.py:4180} INFO - Setting next_dagrun for 01_music_ingestion_realtime to 2026-02-11 19:00:00+00:00, run_after=2026-02-11 20:00:00+00:00
[2026-02-11T20:31:58.587+0000] {processor.py:208} INFO - Processing /opt/airflow/dags/music_ingestion_dag.py took 0.203 seconds
[2026-02-11T20:32:28.837+0000] {processor.py:186} INFO - Started process (PID=446) to work on /opt/airflow/dags/music_ingestion_dag.py
[2026-02-11T20:32:28.840+0000] {processor.py:914} INFO - Processing file /opt/airflow/dags/music_ingestion_dag.py for tasks to queue
[2026-02-11T20:32:28.845+0000] {logging_mixin.py:190} INFO - [2026-02-11T20:32:28.845+0000] {dagbag.py:588} INFO - Filling up the DagBag from /opt/airflow/dags/music_ingestion_dag.py
[2026-02-11T20:32:29.045+0000] {processor.py:925} INFO - DAG(s) '01_music_ingestion_realtime' retrieved from /opt/airflow/dags/music_ingestion_dag.py
[2026-02-11T20:32:29.501+0000] {logging_mixin.py:190} INFO - [2026-02-11T20:32:29.500+0000] {dag.py:3239} INFO - Sync 1 DAGs
[2026-02-11T20:32:29.643+0000] {logging_mixin.py:190} INFO - [2026-02-11T20:32:29.642+0000] {dag.py:4180} INFO - Setting next_dagrun for 01_music_ingestion_realtime to 2026-02-11 19:00:00+00:00, run_after=2026-02-11 20:00:00+00:00
[2026-02-11T20:32:29.817+0000] {processor.py:208} INFO - Processing /opt/airflow/dags/music_ingestion_dag.py took 0.990 seconds
[2026-02-11T20:33:00.167+0000] {processor.py:186} INFO - Started process (PID=451) to work on /opt/airflow/dags/music_ingestion_dag.py
[2026-02-11T20:33:00.176+0000] {processor.py:914} INFO - Processing file /opt/airflow/dags/music_ingestion_dag.py for tasks to queue
[2026-02-11T20:33:00.179+0000] {logging_mixin.py:190} INFO - [2026-02-11T20:33:00.179+0000] {dagbag.py:588} INFO - Filling up the DagBag from /opt/airflow/dags/music_ingestion_dag.py
[2026-02-11T20:33:00.210+0000] {processor.py:925} INFO - DAG(s) '01_music_ingestion_realtime' retrieved from /opt/airflow/dags/music_ingestion_dag.py
[2026-02-11T20:33:00.245+0000] {logging_mixin.py:190} INFO - [2026-02-11T20:33:00.245+0000] {dag.py:3239} INFO - Sync 1 DAGs
[2026-02-11T20:33:00.310+0000] {logging_mixin.py:190} INFO - [2026-02-11T20:33:00.309+0000] {dag.py:4180} INFO - Setting next_dagrun for 01_music_ingestion_realtime to 2026-02-11 19:00:00+00:00, run_after=2026-02-11 20:00:00+00:00
[2026-02-11T20:33:00.434+0000] {processor.py:208} INFO - Processing /opt/airflow/dags/music_ingestion_dag.py took 0.275 seconds
[2026-02-11T20:33:30.762+0000] {processor.py:186} INFO - Started process (PID=456) to work on /opt/airflow/dags/music_ingestion_dag.py
[2026-02-11T20:33:30.764+0000] {processor.py:914} INFO - Processing file /opt/airflow/dags/music_ingestion_dag.py for tasks to queue
[2026-02-11T20:33:30.767+0000] {logging_mixin.py:190} INFO - [2026-02-11T20:33:30.766+0000] {dagbag.py:588} INFO - Filling up the DagBag from /opt/airflow/dags/music_ingestion_dag.py
[2026-02-11T20:33:30.793+0000] {processor.py:925} INFO - DAG(s) '01_music_ingestion_realtime' retrieved from /opt/airflow/dags/music_ingestion_dag.py
[2026-02-11T20:33:30.829+0000] {logging_mixin.py:190} INFO - [2026-02-11T20:33:30.828+0000] {dag.py:3239} INFO - Sync 1 DAGs
[2026-02-11T20:33:30.860+0000] {logging_mixin.py:190} INFO - [2026-02-11T20:33:30.860+0000] {dag.py:4180} INFO - Setting next_dagrun for 01_music_ingestion_realtime to 2026-02-11 19:00:00+00:00, run_after=2026-02-11 20:00:00+00:00
[2026-02-11T20:33:30.950+0000] {processor.py:208} INFO - Processing /opt/airflow/dags/music_ingestion_dag.py took 0.195 seconds
[2026-02-11T20:34:01.082+0000] {processor.py:186} INFO - Started process (PID=461) to work on /opt/airflow/dags/music_ingestion_dag.py
[2026-02-11T20:34:01.084+0000] {processor.py:914} INFO - Processing file /opt/airflow/dags/music_ingestion_dag.py for tasks to queue
[2026-02-11T20:34:01.087+0000] {logging_mixin.py:190} INFO - [2026-02-11T20:34:01.086+0000] {dagbag.py:588} INFO - Filling up the DagBag from /opt/airflow/dags/music_ingestion_dag.py
[2026-02-11T20:34:01.112+0000] {processor.py:925} INFO - DAG(s) '01_music_ingestion_realtime' retrieved from /opt/airflow/dags/music_ingestion_dag.py
[2026-02-11T20:34:01.150+0000] {logging_mixin.py:190} INFO - [2026-02-11T20:34:01.150+0000] {dag.py:3239} INFO - Sync 1 DAGs
[2026-02-11T20:34:01.184+0000] {logging_mixin.py:190} INFO - [2026-02-11T20:34:01.184+0000] {dag.py:4180} INFO - Setting next_dagrun for 01_music_ingestion_realtime to 2026-02-11 19:00:00+00:00, run_after=2026-02-11 20:00:00+00:00
[2026-02-11T20:34:01.213+0000] {processor.py:208} INFO - Processing /opt/airflow/dags/music_ingestion_dag.py took 0.138 seconds
[2026-02-11T20:34:31.922+0000] {processor.py:186} INFO - Started process (PID=466) to work on /opt/airflow/dags/music_ingestion_dag.py
[2026-02-11T20:34:31.942+0000] {processor.py:914} INFO - Processing file /opt/airflow/dags/music_ingestion_dag.py for tasks to queue
[2026-02-11T20:34:32.038+0000] {logging_mixin.py:190} INFO - [2026-02-11T20:34:32.023+0000] {dagbag.py:588} INFO - Filling up the DagBag from /opt/airflow/dags/music_ingestion_dag.py
[2026-02-11T20:34:32.295+0000] {processor.py:925} INFO - DAG(s) '01_music_ingestion_realtime' retrieved from /opt/airflow/dags/music_ingestion_dag.py
[2026-02-11T20:34:32.786+0000] {logging_mixin.py:190} INFO - [2026-02-11T20:34:32.786+0000] {dag.py:3239} INFO - Sync 1 DAGs
[2026-02-11T20:34:33.018+0000] {logging_mixin.py:190} INFO - [2026-02-11T20:34:33.016+0000] {dag.py:4180} INFO - Setting next_dagrun for 01_music_ingestion_realtime to 2026-02-11 19:00:00+00:00, run_after=2026-02-11 20:00:00+00:00
[2026-02-11T20:34:33.140+0000] {processor.py:208} INFO - Processing /opt/airflow/dags/music_ingestion_dag.py took 1.343 seconds
[2026-02-11T20:35:03.503+0000] {processor.py:186} INFO - Started process (PID=471) to work on /opt/airflow/dags/music_ingestion_dag.py
[2026-02-11T20:35:03.505+0000] {processor.py:914} INFO - Processing file /opt/airflow/dags/music_ingestion_dag.py for tasks to queue
[2026-02-11T20:35:03.511+0000] {logging_mixin.py:190} INFO - [2026-02-11T20:35:03.510+0000] {dagbag.py:588} INFO - Filling up the DagBag from /opt/airflow/dags/music_ingestion_dag.py
[2026-02-11T20:35:03.553+0000] {processor.py:925} INFO - DAG(s) '01_music_ingestion_realtime' retrieved from /opt/airflow/dags/music_ingestion_dag.py
[2026-02-11T20:35:03.607+0000] {logging_mixin.py:190} INFO - [2026-02-11T20:35:03.607+0000] {dag.py:3239} INFO - Sync 1 DAGs
[2026-02-11T20:35:03.647+0000] {logging_mixin.py:190} INFO - [2026-02-11T20:35:03.647+0000] {dag.py:4180} INFO - Setting next_dagrun for 01_music_ingestion_realtime to 2026-02-11 19:00:00+00:00, run_after=2026-02-11 20:00:00+00:00
[2026-02-11T20:35:03.831+0000] {processor.py:208} INFO - Processing /opt/airflow/dags/music_ingestion_dag.py took 0.339 seconds
[2026-02-11T20:35:34.151+0000] {processor.py:186} INFO - Started process (PID=476) to work on /opt/airflow/dags/music_ingestion_dag.py
[2026-02-11T20:35:34.153+0000] {processor.py:914} INFO - Processing file /opt/airflow/dags/music_ingestion_dag.py for tasks to queue
[2026-02-11T20:35:34.156+0000] {logging_mixin.py:190} INFO - [2026-02-11T20:35:34.156+0000] {dagbag.py:588} INFO - Filling up the DagBag from /opt/airflow/dags/music_ingestion_dag.py
[2026-02-11T20:35:34.190+0000] {processor.py:925} INFO - DAG(s) '01_music_ingestion_realtime' retrieved from /opt/airflow/dags/music_ingestion_dag.py
[2026-02-11T20:35:34.226+0000] {logging_mixin.py:190} INFO - [2026-02-11T20:35:34.225+0000] {dag.py:3239} INFO - Sync 1 DAGs
[2026-02-11T20:35:34.295+0000] {logging_mixin.py:190} INFO - [2026-02-11T20:35:34.295+0000] {dag.py:4180} INFO - Setting next_dagrun for 01_music_ingestion_realtime to 2026-02-11 19:00:00+00:00, run_after=2026-02-11 20:00:00+00:00
[2026-02-11T20:35:34.504+0000] {processor.py:208} INFO - Processing /opt/airflow/dags/music_ingestion_dag.py took 0.359 seconds
[2026-02-11T20:36:05.043+0000] {processor.py:186} INFO - Started process (PID=481) to work on /opt/airflow/dags/music_ingestion_dag.py
[2026-02-11T20:36:05.069+0000] {processor.py:914} INFO - Processing file /opt/airflow/dags/music_ingestion_dag.py for tasks to queue
[2026-02-11T20:36:05.094+0000] {logging_mixin.py:190} INFO - [2026-02-11T20:36:05.093+0000] {dagbag.py:588} INFO - Filling up the DagBag from /opt/airflow/dags/music_ingestion_dag.py
[2026-02-11T20:36:05.132+0000] {processor.py:925} INFO - DAG(s) '01_music_ingestion_realtime' retrieved from /opt/airflow/dags/music_ingestion_dag.py
[2026-02-11T20:36:05.175+0000] {logging_mixin.py:190} INFO - [2026-02-11T20:36:05.174+0000] {dag.py:3239} INFO - Sync 1 DAGs
[2026-02-11T20:36:05.215+0000] {logging_mixin.py:190} INFO - [2026-02-11T20:36:05.215+0000] {dag.py:4180} INFO - Setting next_dagrun for 01_music_ingestion_realtime to 2026-02-11 19:00:00+00:00, run_after=2026-02-11 20:00:00+00:00
[2026-02-11T20:36:05.258+0000] {processor.py:208} INFO - Processing /opt/airflow/dags/music_ingestion_dag.py took 0.232 seconds
[2026-02-11T20:36:35.583+0000] {processor.py:186} INFO - Started process (PID=486) to work on /opt/airflow/dags/music_ingestion_dag.py
[2026-02-11T20:36:35.585+0000] {processor.py:914} INFO - Processing file /opt/airflow/dags/music_ingestion_dag.py for tasks to queue
[2026-02-11T20:36:35.589+0000] {logging_mixin.py:190} INFO - [2026-02-11T20:36:35.588+0000] {dagbag.py:588} INFO - Filling up the DagBag from /opt/airflow/dags/music_ingestion_dag.py
[2026-02-11T20:36:35.614+0000] {processor.py:925} INFO - DAG(s) '01_music_ingestion_realtime' retrieved from /opt/airflow/dags/music_ingestion_dag.py
[2026-02-11T20:36:35.655+0000] {logging_mixin.py:190} INFO - [2026-02-11T20:36:35.654+0000] {dag.py:3239} INFO - Sync 1 DAGs
[2026-02-11T20:36:35.685+0000] {logging_mixin.py:190} INFO - [2026-02-11T20:36:35.685+0000] {dag.py:4180} INFO - Setting next_dagrun for 01_music_ingestion_realtime to 2026-02-11 19:00:00+00:00, run_after=2026-02-11 20:00:00+00:00
[2026-02-11T20:36:35.716+0000] {processor.py:208} INFO - Processing /opt/airflow/dags/music_ingestion_dag.py took 0.139 seconds
[2026-02-11T20:37:05.932+0000] {processor.py:186} INFO - Started process (PID=491) to work on /opt/airflow/dags/music_ingestion_dag.py
[2026-02-11T20:37:05.934+0000] {processor.py:914} INFO - Processing file /opt/airflow/dags/music_ingestion_dag.py for tasks to queue
[2026-02-11T20:37:05.936+0000] {logging_mixin.py:190} INFO - [2026-02-11T20:37:05.936+0000] {dagbag.py:588} INFO - Filling up the DagBag from /opt/airflow/dags/music_ingestion_dag.py
[2026-02-11T20:37:05.959+0000] {processor.py:925} INFO - DAG(s) '01_music_ingestion_realtime' retrieved from /opt/airflow/dags/music_ingestion_dag.py
[2026-02-11T20:37:05.994+0000] {logging_mixin.py:190} INFO - [2026-02-11T20:37:05.994+0000] {dag.py:3239} INFO - Sync 1 DAGs
[2026-02-11T20:37:06.023+0000] {logging_mixin.py:190} INFO - [2026-02-11T20:37:06.023+0000] {dag.py:4180} INFO - Setting next_dagrun for 01_music_ingestion_realtime to 2026-02-11 19:00:00+00:00, run_after=2026-02-11 20:00:00+00:00
[2026-02-11T20:37:06.049+0000] {processor.py:208} INFO - Processing /opt/airflow/dags/music_ingestion_dag.py took 0.123 seconds
[2026-02-11T20:37:37.352+0000] {processor.py:186} INFO - Started process (PID=496) to work on /opt/airflow/dags/music_ingestion_dag.py
[2026-02-11T20:37:37.354+0000] {processor.py:914} INFO - Processing file /opt/airflow/dags/music_ingestion_dag.py for tasks to queue
[2026-02-11T20:37:37.357+0000] {logging_mixin.py:190} INFO - [2026-02-11T20:37:37.357+0000] {dagbag.py:588} INFO - Filling up the DagBag from /opt/airflow/dags/music_ingestion_dag.py
[2026-02-11T20:37:37.385+0000] {processor.py:925} INFO - DAG(s) '01_music_ingestion_realtime' retrieved from /opt/airflow/dags/music_ingestion_dag.py
[2026-02-11T20:37:37.423+0000] {logging_mixin.py:190} INFO - [2026-02-11T20:37:37.423+0000] {dag.py:3239} INFO - Sync 1 DAGs
[2026-02-11T20:37:37.459+0000] {logging_mixin.py:190} INFO - [2026-02-11T20:37:37.459+0000] {dag.py:4180} INFO - Setting next_dagrun for 01_music_ingestion_realtime to 2026-02-11 19:00:00+00:00, run_after=2026-02-11 20:00:00+00:00
[2026-02-11T20:37:37.487+0000] {processor.py:208} INFO - Processing /opt/airflow/dags/music_ingestion_dag.py took 0.145 seconds
[2026-02-11T20:38:07.651+0000] {processor.py:186} INFO - Started process (PID=501) to work on /opt/airflow/dags/music_ingestion_dag.py
[2026-02-11T20:38:07.653+0000] {processor.py:914} INFO - Processing file /opt/airflow/dags/music_ingestion_dag.py for tasks to queue
[2026-02-11T20:38:07.656+0000] {logging_mixin.py:190} INFO - [2026-02-11T20:38:07.656+0000] {dagbag.py:588} INFO - Filling up the DagBag from /opt/airflow/dags/music_ingestion_dag.py
[2026-02-11T20:38:07.686+0000] {processor.py:925} INFO - DAG(s) '01_music_ingestion_realtime' retrieved from /opt/airflow/dags/music_ingestion_dag.py
[2026-02-11T20:38:07.729+0000] {logging_mixin.py:190} INFO - [2026-02-11T20:38:07.729+0000] {dag.py:3239} INFO - Sync 1 DAGs
[2026-02-11T20:38:07.760+0000] {logging_mixin.py:190} INFO - [2026-02-11T20:38:07.760+0000] {dag.py:4180} INFO - Setting next_dagrun for 01_music_ingestion_realtime to 2026-02-11 19:00:00+00:00, run_after=2026-02-11 20:00:00+00:00
[2026-02-11T20:38:07.788+0000] {processor.py:208} INFO - Processing /opt/airflow/dags/music_ingestion_dag.py took 0.148 seconds
[2026-02-11T20:38:37.986+0000] {processor.py:186} INFO - Started process (PID=506) to work on /opt/airflow/dags/music_ingestion_dag.py
[2026-02-11T20:38:37.987+0000] {processor.py:914} INFO - Processing file /opt/airflow/dags/music_ingestion_dag.py for tasks to queue
[2026-02-11T20:38:37.990+0000] {logging_mixin.py:190} INFO - [2026-02-11T20:38:37.990+0000] {dagbag.py:588} INFO - Filling up the DagBag from /opt/airflow/dags/music_ingestion_dag.py
[2026-02-11T20:38:38.021+0000] {processor.py:925} INFO - DAG(s) '01_music_ingestion_realtime' retrieved from /opt/airflow/dags/music_ingestion_dag.py
[2026-02-11T20:38:38.062+0000] {logging_mixin.py:190} INFO - [2026-02-11T20:38:38.062+0000] {dag.py:3239} INFO - Sync 1 DAGs
[2026-02-11T20:38:38.159+0000] {logging_mixin.py:190} INFO - [2026-02-11T20:38:38.159+0000] {dag.py:4180} INFO - Setting next_dagrun for 01_music_ingestion_realtime to 2026-02-11 19:00:00+00:00, run_after=2026-02-11 20:00:00+00:00
[2026-02-11T20:38:38.282+0000] {processor.py:208} INFO - Processing /opt/airflow/dags/music_ingestion_dag.py took 0.305 seconds
[2026-02-11T20:39:08.456+0000] {processor.py:186} INFO - Started process (PID=511) to work on /opt/airflow/dags/music_ingestion_dag.py
[2026-02-11T20:39:08.458+0000] {processor.py:914} INFO - Processing file /opt/airflow/dags/music_ingestion_dag.py for tasks to queue
[2026-02-11T20:39:08.461+0000] {logging_mixin.py:190} INFO - [2026-02-11T20:39:08.461+0000] {dagbag.py:588} INFO - Filling up the DagBag from /opt/airflow/dags/music_ingestion_dag.py
[2026-02-11T20:39:08.503+0000] {processor.py:925} INFO - DAG(s) '01_music_ingestion_realtime' retrieved from /opt/airflow/dags/music_ingestion_dag.py
[2026-02-11T20:39:08.582+0000] {logging_mixin.py:190} INFO - [2026-02-11T20:39:08.581+0000] {dag.py:3239} INFO - Sync 1 DAGs
[2026-02-11T20:39:08.639+0000] {logging_mixin.py:190} INFO - [2026-02-11T20:39:08.638+0000] {dag.py:4180} INFO - Setting next_dagrun for 01_music_ingestion_realtime to 2026-02-11 19:00:00+00:00, run_after=2026-02-11 20:00:00+00:00
[2026-02-11T20:39:08.664+0000] {processor.py:208} INFO - Processing /opt/airflow/dags/music_ingestion_dag.py took 0.218 seconds
[2026-02-11T20:39:38.983+0000] {processor.py:186} INFO - Started process (PID=516) to work on /opt/airflow/dags/music_ingestion_dag.py
[2026-02-11T20:39:38.985+0000] {processor.py:914} INFO - Processing file /opt/airflow/dags/music_ingestion_dag.py for tasks to queue
[2026-02-11T20:39:38.991+0000] {logging_mixin.py:190} INFO - [2026-02-11T20:39:38.990+0000] {dagbag.py:588} INFO - Filling up the DagBag from /opt/airflow/dags/music_ingestion_dag.py
[2026-02-11T20:39:39.034+0000] {processor.py:925} INFO - DAG(s) '01_music_ingestion_realtime' retrieved from /opt/airflow/dags/music_ingestion_dag.py
[2026-02-11T20:39:39.093+0000] {logging_mixin.py:190} INFO - [2026-02-11T20:39:39.093+0000] {dag.py:3239} INFO - Sync 1 DAGs
[2026-02-11T20:39:39.150+0000] {logging_mixin.py:190} INFO - [2026-02-11T20:39:39.150+0000] {dag.py:4180} INFO - Setting next_dagrun for 01_music_ingestion_realtime to 2026-02-11 19:00:00+00:00, run_after=2026-02-11 20:00:00+00:00
[2026-02-11T20:39:39.190+0000] {processor.py:208} INFO - Processing /opt/airflow/dags/music_ingestion_dag.py took 0.218 seconds
[2026-02-11T20:40:09.307+0000] {processor.py:186} INFO - Started process (PID=521) to work on /opt/airflow/dags/music_ingestion_dag.py
[2026-02-11T20:40:09.311+0000] {processor.py:914} INFO - Processing file /opt/airflow/dags/music_ingestion_dag.py for tasks to queue
[2026-02-11T20:40:09.316+0000] {logging_mixin.py:190} INFO - [2026-02-11T20:40:09.315+0000] {dagbag.py:588} INFO - Filling up the DagBag from /opt/airflow/dags/music_ingestion_dag.py
[2026-02-11T20:40:09.363+0000] {processor.py:925} INFO - DAG(s) '01_music_ingestion_realtime' retrieved from /opt/airflow/dags/music_ingestion_dag.py
[2026-02-11T20:40:09.982+0000] {logging_mixin.py:190} INFO - [2026-02-11T20:40:09.982+0000] {dag.py:3239} INFO - Sync 1 DAGs
[2026-02-11T20:40:10.063+0000] {logging_mixin.py:190} INFO - [2026-02-11T20:40:10.062+0000] {dag.py:4180} INFO - Setting next_dagrun for 01_music_ingestion_realtime to 2026-02-11 19:00:00+00:00, run_after=2026-02-11 20:00:00+00:00
[2026-02-11T20:40:10.105+0000] {processor.py:208} INFO - Processing /opt/airflow/dags/music_ingestion_dag.py took 0.811 seconds
[2026-02-11T20:40:40.468+0000] {processor.py:186} INFO - Started process (PID=526) to work on /opt/airflow/dags/music_ingestion_dag.py
[2026-02-11T20:40:40.470+0000] {processor.py:914} INFO - Processing file /opt/airflow/dags/music_ingestion_dag.py for tasks to queue
[2026-02-11T20:40:40.474+0000] {logging_mixin.py:190} INFO - [2026-02-11T20:40:40.474+0000] {dagbag.py:588} INFO - Filling up the DagBag from /opt/airflow/dags/music_ingestion_dag.py
[2026-02-11T20:40:40.506+0000] {processor.py:925} INFO - DAG(s) '01_music_ingestion_realtime' retrieved from /opt/airflow/dags/music_ingestion_dag.py
[2026-02-11T20:40:40.544+0000] {logging_mixin.py:190} INFO - [2026-02-11T20:40:40.544+0000] {dag.py:3239} INFO - Sync 1 DAGs
[2026-02-11T20:40:40.574+0000] {logging_mixin.py:190} INFO - [2026-02-11T20:40:40.574+0000] {dag.py:4180} INFO - Setting next_dagrun for 01_music_ingestion_realtime to 2026-02-11 19:00:00+00:00, run_after=2026-02-11 20:00:00+00:00
[2026-02-11T20:40:40.600+0000] {processor.py:208} INFO - Processing /opt/airflow/dags/music_ingestion_dag.py took 0.141 seconds
[2026-02-11T20:41:10.809+0000] {processor.py:186} INFO - Started process (PID=531) to work on /opt/airflow/dags/music_ingestion_dag.py
[2026-02-11T20:41:10.811+0000] {processor.py:914} INFO - Processing file /opt/airflow/dags/music_ingestion_dag.py for tasks to queue
[2026-02-11T20:41:10.814+0000] {logging_mixin.py:190} INFO - [2026-02-11T20:41:10.814+0000] {dagbag.py:588} INFO - Filling up the DagBag from /opt/airflow/dags/music_ingestion_dag.py
[2026-02-11T20:41:10.848+0000] {processor.py:925} INFO - DAG(s) '01_music_ingestion_realtime' retrieved from /opt/airflow/dags/music_ingestion_dag.py
[2026-02-11T20:41:10.885+0000] {logging_mixin.py:190} INFO - [2026-02-11T20:41:10.885+0000] {dag.py:3239} INFO - Sync 1 DAGs
[2026-02-11T20:41:10.916+0000] {logging_mixin.py:190} INFO - [2026-02-11T20:41:10.916+0000] {dag.py:4180} INFO - Setting next_dagrun for 01_music_ingestion_realtime to 2026-02-11 19:00:00+00:00, run_after=2026-02-11 20:00:00+00:00
[2026-02-11T20:41:11.215+0000] {processor.py:208} INFO - Processing /opt/airflow/dags/music_ingestion_dag.py took 0.414 seconds
[2026-02-11T20:41:41.373+0000] {processor.py:186} INFO - Started process (PID=536) to work on /opt/airflow/dags/music_ingestion_dag.py
[2026-02-11T20:41:41.376+0000] {processor.py:914} INFO - Processing file /opt/airflow/dags/music_ingestion_dag.py for tasks to queue
[2026-02-11T20:41:41.382+0000] {logging_mixin.py:190} INFO - [2026-02-11T20:41:41.382+0000] {dagbag.py:588} INFO - Filling up the DagBag from /opt/airflow/dags/music_ingestion_dag.py
[2026-02-11T20:41:41.419+0000] {processor.py:925} INFO - DAG(s) '01_music_ingestion_realtime' retrieved from /opt/airflow/dags/music_ingestion_dag.py
[2026-02-11T20:41:41.460+0000] {logging_mixin.py:190} INFO - [2026-02-11T20:41:41.459+0000] {dag.py:3239} INFO - Sync 1 DAGs
[2026-02-11T20:41:41.492+0000] {logging_mixin.py:190} INFO - [2026-02-11T20:41:41.491+0000] {dag.py:4180} INFO - Setting next_dagrun for 01_music_ingestion_realtime to 2026-02-11 19:00:00+00:00, run_after=2026-02-11 20:00:00+00:00
[2026-02-11T20:41:41.521+0000] {processor.py:208} INFO - Processing /opt/airflow/dags/music_ingestion_dag.py took 0.174 seconds
[2026-02-11T20:42:11.871+0000] {processor.py:186} INFO - Started process (PID=541) to work on /opt/airflow/dags/music_ingestion_dag.py
[2026-02-11T20:42:11.874+0000] {processor.py:914} INFO - Processing file /opt/airflow/dags/music_ingestion_dag.py for tasks to queue
[2026-02-11T20:42:11.880+0000] {logging_mixin.py:190} INFO - [2026-02-11T20:42:11.879+0000] {dagbag.py:588} INFO - Filling up the DagBag from /opt/airflow/dags/music_ingestion_dag.py
[2026-02-11T20:42:11.909+0000] {processor.py:925} INFO - DAG(s) '01_music_ingestion_realtime' retrieved from /opt/airflow/dags/music_ingestion_dag.py
[2026-02-11T20:42:11.951+0000] {logging_mixin.py:190} INFO - [2026-02-11T20:42:11.951+0000] {dag.py:3239} INFO - Sync 1 DAGs
[2026-02-11T20:42:11.989+0000] {logging_mixin.py:190} INFO - [2026-02-11T20:42:11.988+0000] {dag.py:4180} INFO - Setting next_dagrun for 01_music_ingestion_realtime to 2026-02-11 19:00:00+00:00, run_after=2026-02-11 20:00:00+00:00
[2026-02-11T20:42:12.024+0000] {processor.py:208} INFO - Processing /opt/airflow/dags/music_ingestion_dag.py took 0.165 seconds
[2026-02-11T20:42:42.268+0000] {processor.py:186} INFO - Started process (PID=546) to work on /opt/airflow/dags/music_ingestion_dag.py
[2026-02-11T20:42:42.270+0000] {processor.py:914} INFO - Processing file /opt/airflow/dags/music_ingestion_dag.py for tasks to queue
[2026-02-11T20:42:42.276+0000] {logging_mixin.py:190} INFO - [2026-02-11T20:42:42.275+0000] {dagbag.py:588} INFO - Filling up the DagBag from /opt/airflow/dags/music_ingestion_dag.py
[2026-02-11T20:42:42.329+0000] {processor.py:925} INFO - DAG(s) '01_music_ingestion_realtime' retrieved from /opt/airflow/dags/music_ingestion_dag.py
[2026-02-11T20:42:42.401+0000] {logging_mixin.py:190} INFO - [2026-02-11T20:42:42.400+0000] {dag.py:3239} INFO - Sync 1 DAGs
[2026-02-11T20:42:42.456+0000] {logging_mixin.py:190} INFO - [2026-02-11T20:42:42.455+0000] {dag.py:4180} INFO - Setting next_dagrun for 01_music_ingestion_realtime to 2026-02-11 19:00:00+00:00, run_after=2026-02-11 20:00:00+00:00
[2026-02-11T20:42:42.494+0000] {processor.py:208} INFO - Processing /opt/airflow/dags/music_ingestion_dag.py took 0.239 seconds
[2026-02-11T20:43:12.671+0000] {processor.py:186} INFO - Started process (PID=551) to work on /opt/airflow/dags/music_ingestion_dag.py
[2026-02-11T20:43:12.672+0000] {processor.py:914} INFO - Processing file /opt/airflow/dags/music_ingestion_dag.py for tasks to queue
[2026-02-11T20:43:12.675+0000] {logging_mixin.py:190} INFO - [2026-02-11T20:43:12.674+0000] {dagbag.py:588} INFO - Filling up the DagBag from /opt/airflow/dags/music_ingestion_dag.py
[2026-02-11T20:43:12.704+0000] {processor.py:925} INFO - DAG(s) '01_music_ingestion_realtime' retrieved from /opt/airflow/dags/music_ingestion_dag.py
[2026-02-11T20:43:12.740+0000] {logging_mixin.py:190} INFO - [2026-02-11T20:43:12.740+0000] {dag.py:3239} INFO - Sync 1 DAGs
[2026-02-11T20:43:12.772+0000] {logging_mixin.py:190} INFO - [2026-02-11T20:43:12.772+0000] {dag.py:4180} INFO - Setting next_dagrun for 01_music_ingestion_realtime to 2026-02-11 19:00:00+00:00, run_after=2026-02-11 20:00:00+00:00
[2026-02-11T20:43:12.804+0000] {processor.py:208} INFO - Processing /opt/airflow/dags/music_ingestion_dag.py took 0.139 seconds
[2026-02-11T20:43:43.193+0000] {processor.py:186} INFO - Started process (PID=556) to work on /opt/airflow/dags/music_ingestion_dag.py
[2026-02-11T20:43:43.194+0000] {processor.py:914} INFO - Processing file /opt/airflow/dags/music_ingestion_dag.py for tasks to queue
[2026-02-11T20:43:43.197+0000] {logging_mixin.py:190} INFO - [2026-02-11T20:43:43.197+0000] {dagbag.py:588} INFO - Filling up the DagBag from /opt/airflow/dags/music_ingestion_dag.py
[2026-02-11T20:43:43.219+0000] {processor.py:925} INFO - DAG(s) '01_music_ingestion_realtime' retrieved from /opt/airflow/dags/music_ingestion_dag.py
[2026-02-11T20:43:43.254+0000] {logging_mixin.py:190} INFO - [2026-02-11T20:43:43.254+0000] {dag.py:3239} INFO - Sync 1 DAGs
[2026-02-11T20:43:43.281+0000] {logging_mixin.py:190} INFO - [2026-02-11T20:43:43.281+0000] {dag.py:4180} INFO - Setting next_dagrun for 01_music_ingestion_realtime to 2026-02-11 19:00:00+00:00, run_after=2026-02-11 20:00:00+00:00
[2026-02-11T20:43:43.307+0000] {processor.py:208} INFO - Processing /opt/airflow/dags/music_ingestion_dag.py took 0.120 seconds
[2026-02-11T20:44:13.605+0000] {processor.py:186} INFO - Started process (PID=561) to work on /opt/airflow/dags/music_ingestion_dag.py
[2026-02-11T20:44:13.606+0000] {processor.py:914} INFO - Processing file /opt/airflow/dags/music_ingestion_dag.py for tasks to queue
[2026-02-11T20:44:13.609+0000] {logging_mixin.py:190} INFO - [2026-02-11T20:44:13.608+0000] {dagbag.py:588} INFO - Filling up the DagBag from /opt/airflow/dags/music_ingestion_dag.py
[2026-02-11T20:44:13.629+0000] {processor.py:925} INFO - DAG(s) '01_music_ingestion_realtime' retrieved from /opt/airflow/dags/music_ingestion_dag.py
[2026-02-11T20:44:13.667+0000] {logging_mixin.py:190} INFO - [2026-02-11T20:44:13.666+0000] {dag.py:3239} INFO - Sync 1 DAGs
[2026-02-11T20:44:13.697+0000] {logging_mixin.py:190} INFO - [2026-02-11T20:44:13.697+0000] {dag.py:4180} INFO - Setting next_dagrun for 01_music_ingestion_realtime to 2026-02-11 19:00:00+00:00, run_after=2026-02-11 20:00:00+00:00
[2026-02-11T20:44:13.721+0000] {processor.py:208} INFO - Processing /opt/airflow/dags/music_ingestion_dag.py took 0.122 seconds
[2026-02-11T20:44:44.071+0000] {processor.py:186} INFO - Started process (PID=566) to work on /opt/airflow/dags/music_ingestion_dag.py
[2026-02-11T20:44:44.072+0000] {processor.py:914} INFO - Processing file /opt/airflow/dags/music_ingestion_dag.py for tasks to queue
[2026-02-11T20:44:44.075+0000] {logging_mixin.py:190} INFO - [2026-02-11T20:44:44.074+0000] {dagbag.py:588} INFO - Filling up the DagBag from /opt/airflow/dags/music_ingestion_dag.py
[2026-02-11T20:44:44.100+0000] {processor.py:925} INFO - DAG(s) '01_music_ingestion_realtime' retrieved from /opt/airflow/dags/music_ingestion_dag.py
[2026-02-11T20:44:44.129+0000] {logging_mixin.py:190} INFO - [2026-02-11T20:44:44.128+0000] {dag.py:3239} INFO - Sync 1 DAGs
[2026-02-11T20:44:44.154+0000] {logging_mixin.py:190} INFO - [2026-02-11T20:44:44.154+0000] {dag.py:4180} INFO - Setting next_dagrun for 01_music_ingestion_realtime to 2026-02-11 19:00:00+00:00, run_after=2026-02-11 20:00:00+00:00
[2026-02-11T20:44:44.180+0000] {processor.py:208} INFO - Processing /opt/airflow/dags/music_ingestion_dag.py took 0.116 seconds
[2026-02-11T20:45:14.504+0000] {processor.py:186} INFO - Started process (PID=571) to work on /opt/airflow/dags/music_ingestion_dag.py
[2026-02-11T20:45:14.506+0000] {processor.py:914} INFO - Processing file /opt/airflow/dags/music_ingestion_dag.py for tasks to queue
[2026-02-11T20:45:14.508+0000] {logging_mixin.py:190} INFO - [2026-02-11T20:45:14.508+0000] {dagbag.py:588} INFO - Filling up the DagBag from /opt/airflow/dags/music_ingestion_dag.py
[2026-02-11T20:45:14.540+0000] {processor.py:925} INFO - DAG(s) '01_music_ingestion_realtime' retrieved from /opt/airflow/dags/music_ingestion_dag.py
[2026-02-11T20:45:14.569+0000] {logging_mixin.py:190} INFO - [2026-02-11T20:45:14.569+0000] {dag.py:3239} INFO - Sync 1 DAGs
[2026-02-11T20:45:14.595+0000] {logging_mixin.py:190} INFO - [2026-02-11T20:45:14.594+0000] {dag.py:4180} INFO - Setting next_dagrun for 01_music_ingestion_realtime to 2026-02-11 19:00:00+00:00, run_after=2026-02-11 20:00:00+00:00
[2026-02-11T20:45:14.620+0000] {processor.py:208} INFO - Processing /opt/airflow/dags/music_ingestion_dag.py took 0.121 seconds
[2026-02-11T20:45:44.908+0000] {processor.py:186} INFO - Started process (PID=576) to work on /opt/airflow/dags/music_ingestion_dag.py
[2026-02-11T20:45:44.909+0000] {processor.py:914} INFO - Processing file /opt/airflow/dags/music_ingestion_dag.py for tasks to queue
[2026-02-11T20:45:44.913+0000] {logging_mixin.py:190} INFO - [2026-02-11T20:45:44.912+0000] {dagbag.py:588} INFO - Filling up the DagBag from /opt/airflow/dags/music_ingestion_dag.py
[2026-02-11T20:45:44.941+0000] {processor.py:925} INFO - DAG(s) '01_music_ingestion_realtime' retrieved from /opt/airflow/dags/music_ingestion_dag.py
[2026-02-11T20:45:44.976+0000] {logging_mixin.py:190} INFO - [2026-02-11T20:45:44.976+0000] {dag.py:3239} INFO - Sync 1 DAGs
[2026-02-11T20:45:45.003+0000] {logging_mixin.py:190} INFO - [2026-02-11T20:45:45.003+0000] {dag.py:4180} INFO - Setting next_dagrun for 01_music_ingestion_realtime to 2026-02-11 19:00:00+00:00, run_after=2026-02-11 20:00:00+00:00
[2026-02-11T20:45:45.030+0000] {processor.py:208} INFO - Processing /opt/airflow/dags/music_ingestion_dag.py took 0.128 seconds
[2026-02-11T20:46:15.368+0000] {processor.py:186} INFO - Started process (PID=581) to work on /opt/airflow/dags/music_ingestion_dag.py
[2026-02-11T20:46:15.370+0000] {processor.py:914} INFO - Processing file /opt/airflow/dags/music_ingestion_dag.py for tasks to queue
[2026-02-11T20:46:15.372+0000] {logging_mixin.py:190} INFO - [2026-02-11T20:46:15.372+0000] {dagbag.py:588} INFO - Filling up the DagBag from /opt/airflow/dags/music_ingestion_dag.py
[2026-02-11T20:46:15.394+0000] {processor.py:925} INFO - DAG(s) '01_music_ingestion_realtime' retrieved from /opt/airflow/dags/music_ingestion_dag.py
[2026-02-11T20:46:15.424+0000] {logging_mixin.py:190} INFO - [2026-02-11T20:46:15.424+0000] {dag.py:3239} INFO - Sync 1 DAGs
[2026-02-11T20:46:15.448+0000] {logging_mixin.py:190} INFO - [2026-02-11T20:46:15.448+0000] {dag.py:4180} INFO - Setting next_dagrun for 01_music_ingestion_realtime to 2026-02-11 19:00:00+00:00, run_after=2026-02-11 20:00:00+00:00
[2026-02-11T20:46:15.479+0000] {processor.py:208} INFO - Processing /opt/airflow/dags/music_ingestion_dag.py took 0.117 seconds
[2026-02-11T20:46:45.787+0000] {processor.py:186} INFO - Started process (PID=586) to work on /opt/airflow/dags/music_ingestion_dag.py
[2026-02-11T20:46:45.788+0000] {processor.py:914} INFO - Processing file /opt/airflow/dags/music_ingestion_dag.py for tasks to queue
[2026-02-11T20:46:45.791+0000] {logging_mixin.py:190} INFO - [2026-02-11T20:46:45.791+0000] {dagbag.py:588} INFO - Filling up the DagBag from /opt/airflow/dags/music_ingestion_dag.py
[2026-02-11T20:46:45.818+0000] {processor.py:925} INFO - DAG(s) '01_music_ingestion_realtime' retrieved from /opt/airflow/dags/music_ingestion_dag.py
[2026-02-11T20:46:45.849+0000] {logging_mixin.py:190} INFO - [2026-02-11T20:46:45.848+0000] {dag.py:3239} INFO - Sync 1 DAGs
[2026-02-11T20:46:45.876+0000] {logging_mixin.py:190} INFO - [2026-02-11T20:46:45.876+0000] {dag.py:4180} INFO - Setting next_dagrun for 01_music_ingestion_realtime to 2026-02-11 19:00:00+00:00, run_after=2026-02-11 20:00:00+00:00
[2026-02-11T20:46:45.904+0000] {processor.py:208} INFO - Processing /opt/airflow/dags/music_ingestion_dag.py took 0.123 seconds
[2026-02-11T20:47:16.110+0000] {processor.py:186} INFO - Started process (PID=591) to work on /opt/airflow/dags/music_ingestion_dag.py
[2026-02-11T20:47:16.111+0000] {processor.py:914} INFO - Processing file /opt/airflow/dags/music_ingestion_dag.py for tasks to queue
[2026-02-11T20:47:16.114+0000] {logging_mixin.py:190} INFO - [2026-02-11T20:47:16.113+0000] {dagbag.py:588} INFO - Filling up the DagBag from /opt/airflow/dags/music_ingestion_dag.py
[2026-02-11T20:47:16.135+0000] {processor.py:925} INFO - DAG(s) '01_music_ingestion_realtime' retrieved from /opt/airflow/dags/music_ingestion_dag.py
[2026-02-11T20:47:16.167+0000] {logging_mixin.py:190} INFO - [2026-02-11T20:47:16.167+0000] {dag.py:3239} INFO - Sync 1 DAGs
[2026-02-11T20:47:16.196+0000] {logging_mixin.py:190} INFO - [2026-02-11T20:47:16.195+0000] {dag.py:4180} INFO - Setting next_dagrun for 01_music_ingestion_realtime to 2026-02-11 19:00:00+00:00, run_after=2026-02-11 20:00:00+00:00
[2026-02-11T20:47:16.222+0000] {processor.py:208} INFO - Processing /opt/airflow/dags/music_ingestion_dag.py took 0.119 seconds
[2026-02-11T20:47:46.547+0000] {processor.py:186} INFO - Started process (PID=596) to work on /opt/airflow/dags/music_ingestion_dag.py
[2026-02-11T20:47:46.549+0000] {processor.py:914} INFO - Processing file /opt/airflow/dags/music_ingestion_dag.py for tasks to queue
[2026-02-11T20:47:46.552+0000] {logging_mixin.py:190} INFO - [2026-02-11T20:47:46.551+0000] {dagbag.py:588} INFO - Filling up the DagBag from /opt/airflow/dags/music_ingestion_dag.py
[2026-02-11T20:47:46.581+0000] {processor.py:925} INFO - DAG(s) '01_music_ingestion_realtime' retrieved from /opt/airflow/dags/music_ingestion_dag.py
[2026-02-11T20:47:46.610+0000] {logging_mixin.py:190} INFO - [2026-02-11T20:47:46.609+0000] {dag.py:3239} INFO - Sync 1 DAGs
[2026-02-11T20:47:46.636+0000] {logging_mixin.py:190} INFO - [2026-02-11T20:47:46.636+0000] {dag.py:4180} INFO - Setting next_dagrun for 01_music_ingestion_realtime to 2026-02-11 19:00:00+00:00, run_after=2026-02-11 20:00:00+00:00
[2026-02-11T20:47:46.661+0000] {processor.py:208} INFO - Processing /opt/airflow/dags/music_ingestion_dag.py took 0.120 seconds
[2026-02-11T20:48:16.917+0000] {processor.py:186} INFO - Started process (PID=601) to work on /opt/airflow/dags/music_ingestion_dag.py
[2026-02-11T20:48:16.919+0000] {processor.py:914} INFO - Processing file /opt/airflow/dags/music_ingestion_dag.py for tasks to queue
[2026-02-11T20:48:16.926+0000] {logging_mixin.py:190} INFO - [2026-02-11T20:48:16.926+0000] {dagbag.py:588} INFO - Filling up the DagBag from /opt/airflow/dags/music_ingestion_dag.py
[2026-02-11T20:48:16.969+0000] {processor.py:925} INFO - DAG(s) '01_music_ingestion_realtime' retrieved from /opt/airflow/dags/music_ingestion_dag.py
[2026-02-11T20:48:17.008+0000] {logging_mixin.py:190} INFO - [2026-02-11T20:48:17.007+0000] {dag.py:3239} INFO - Sync 1 DAGs
[2026-02-11T20:48:17.046+0000] {logging_mixin.py:190} INFO - [2026-02-11T20:48:17.046+0000] {dag.py:4180} INFO - Setting next_dagrun for 01_music_ingestion_realtime to 2026-02-11 19:00:00+00:00, run_after=2026-02-11 20:00:00+00:00
[2026-02-11T20:48:17.076+0000] {processor.py:208} INFO - Processing /opt/airflow/dags/music_ingestion_dag.py took 0.169 seconds
[2026-02-11T20:48:47.499+0000] {processor.py:186} INFO - Started process (PID=606) to work on /opt/airflow/dags/music_ingestion_dag.py
[2026-02-11T20:48:47.523+0000] {processor.py:914} INFO - Processing file /opt/airflow/dags/music_ingestion_dag.py for tasks to queue
[2026-02-11T20:48:47.600+0000] {logging_mixin.py:190} INFO - [2026-02-11T20:48:47.584+0000] {dagbag.py:588} INFO - Filling up the DagBag from /opt/airflow/dags/music_ingestion_dag.py
[2026-02-11T20:48:47.776+0000] {processor.py:925} INFO - DAG(s) '01_music_ingestion_realtime' retrieved from /opt/airflow/dags/music_ingestion_dag.py
[2026-02-11T20:48:48.060+0000] {logging_mixin.py:190} INFO - [2026-02-11T20:48:48.060+0000] {dag.py:3239} INFO - Sync 1 DAGs
[2026-02-11T20:48:48.259+0000] {logging_mixin.py:190} INFO - [2026-02-11T20:48:48.259+0000] {dag.py:4180} INFO - Setting next_dagrun for 01_music_ingestion_realtime to 2026-02-11 19:00:00+00:00, run_after=2026-02-11 20:00:00+00:00
[2026-02-11T20:48:48.388+0000] {processor.py:208} INFO - Processing /opt/airflow/dags/music_ingestion_dag.py took 1.033 seconds
[2026-02-11T20:49:19.513+0000] {processor.py:186} INFO - Started process (PID=611) to work on /opt/airflow/dags/music_ingestion_dag.py
[2026-02-11T20:49:19.531+0000] {processor.py:914} INFO - Processing file /opt/airflow/dags/music_ingestion_dag.py for tasks to queue
[2026-02-11T20:49:19.556+0000] {logging_mixin.py:190} INFO - [2026-02-11T20:49:19.543+0000] {dagbag.py:588} INFO - Filling up the DagBag from /opt/airflow/dags/music_ingestion_dag.py
[2026-02-11T20:49:20.992+0000] {processor.py:925} INFO - DAG(s) '01_music_ingestion_realtime' retrieved from /opt/airflow/dags/music_ingestion_dag.py
[2026-02-11T20:51:26.214+0000] {processor.py:186} INFO - Started process (PID=614) to work on /opt/airflow/dags/music_ingestion_dag.py
[2026-02-11T20:51:26.221+0000] {processor.py:914} INFO - Processing file /opt/airflow/dags/music_ingestion_dag.py for tasks to queue
[2026-02-11T20:51:26.245+0000] {logging_mixin.py:190} INFO - [2026-02-11T20:51:26.238+0000] {dagbag.py:588} INFO - Filling up the DagBag from /opt/airflow/dags/music_ingestion_dag.py
[2026-02-11T20:51:26.694+0000] {processor.py:925} INFO - DAG(s) '01_music_ingestion_realtime' retrieved from /opt/airflow/dags/music_ingestion_dag.py
[2026-02-11T20:52:01.301+0000] {processor.py:211} ERROR - Got an exception! Propagating...
Traceback (most recent call last):
  File "/home/airflow/.local/lib/python3.12/site-packages/sqlalchemy/engine/base.py", line 3371, in _wrap_pool_connect
    return fn()
           ^^^^
  File "/home/airflow/.local/lib/python3.12/site-packages/sqlalchemy/pool/base.py", line 327, in connect
    return _ConnectionFairy._checkout(self)
           ^^^^^^^^^^^^^^^^^^^^^^^^^^^^^^^^
  File "/home/airflow/.local/lib/python3.12/site-packages/sqlalchemy/pool/base.py", line 894, in _checkout
    fairy = _ConnectionRecord.checkout(pool)
            ^^^^^^^^^^^^^^^^^^^^^^^^^^^^^^^^
  File "/home/airflow/.local/lib/python3.12/site-packages/sqlalchemy/pool/base.py", line 493, in checkout
    rec = pool._do_get()
          ^^^^^^^^^^^^^^
  File "/home/airflow/.local/lib/python3.12/site-packages/sqlalchemy/pool/impl.py", line 145, in _do_get
    with util.safe_reraise():
         ^^^^^^^^^^^^^^^^^^^
  File "/home/airflow/.local/lib/python3.12/site-packages/sqlalchemy/util/langhelpers.py", line 70, in __exit__
    compat.raise_(
  File "/home/airflow/.local/lib/python3.12/site-packages/sqlalchemy/util/compat.py", line 211, in raise_
    raise exception
  File "/home/airflow/.local/lib/python3.12/site-packages/sqlalchemy/pool/impl.py", line 143, in _do_get
    return self._create_connection()
           ^^^^^^^^^^^^^^^^^^^^^^^^^
  File "/home/airflow/.local/lib/python3.12/site-packages/sqlalchemy/pool/base.py", line 273, in _create_connection
    return _ConnectionRecord(self)
           ^^^^^^^^^^^^^^^^^^^^^^^
  File "/home/airflow/.local/lib/python3.12/site-packages/sqlalchemy/pool/base.py", line 388, in __init__
    self.__connect()
  File "/home/airflow/.local/lib/python3.12/site-packages/sqlalchemy/pool/base.py", line 690, in __connect
    with util.safe_reraise():
         ^^^^^^^^^^^^^^^^^^^
  File "/home/airflow/.local/lib/python3.12/site-packages/sqlalchemy/util/langhelpers.py", line 70, in __exit__
    compat.raise_(
  File "/home/airflow/.local/lib/python3.12/site-packages/sqlalchemy/util/compat.py", line 211, in raise_
    raise exception
  File "/home/airflow/.local/lib/python3.12/site-packages/sqlalchemy/pool/base.py", line 686, in __connect
    self.dbapi_connection = connection = pool._invoke_creator(self)
                                         ^^^^^^^^^^^^^^^^^^^^^^^^^^
  File "/home/airflow/.local/lib/python3.12/site-packages/sqlalchemy/engine/create.py", line 574, in connect
    return dialect.connect(*cargs, **cparams)
           ^^^^^^^^^^^^^^^^^^^^^^^^^^^^^^^^^^
  File "/home/airflow/.local/lib/python3.12/site-packages/sqlalchemy/engine/default.py", line 598, in connect
    return self.dbapi.connect(*cargs, **cparams)
           ^^^^^^^^^^^^^^^^^^^^^^^^^^^^^^^^^^^^^
  File "/home/airflow/.local/lib/python3.12/site-packages/psycopg2/__init__.py", line 122, in connect
    conn = _connect(dsn, connection_factory=connection_factory, **kwasync)
           ^^^^^^^^^^^^^^^^^^^^^^^^^^^^^^^^^^^^^^^^^^^^^^^^^^^^^^^^^^^^^^^
psycopg2.OperationalError: could not translate host name "postgres" to address: Temporary failure in name resolution


The above exception was the direct cause of the following exception:

Traceback (most recent call last):
  File "/home/airflow/.local/lib/python3.12/site-packages/airflow/dag_processing/processor.py", line 207, in _run_file_processor
    _handle_dag_file_processing()
  File "/home/airflow/.local/lib/python3.12/site-packages/airflow/dag_processing/processor.py", line 188, in _handle_dag_file_processing
    result: tuple[int, int, int] = dag_file_processor.process_file(
                                   ^^^^^^^^^^^^^^^^^^^^^^^^^^^^^^^^
  File "/home/airflow/.local/lib/python3.12/site-packages/airflow/utils/session.py", line 97, in wrapper
    return func(*args, session=session, **kwargs)
           ^^^^^^^^^^^^^^^^^^^^^^^^^^^^^^^^^^^^^^
  File "/home/airflow/.local/lib/python3.12/site-packages/airflow/dag_processing/processor.py", line 942, in process_file
    serialize_errors = DagFileProcessor.save_dag_to_db(
                       ^^^^^^^^^^^^^^^^^^^^^^^^^^^^^^^^
  File "/home/airflow/.local/lib/python3.12/site-packages/airflow/api_internal/internal_api_call.py", line 166, in wrapper
    return func(*args, **kwargs)
           ^^^^^^^^^^^^^^^^^^^^^
  File "/home/airflow/.local/lib/python3.12/site-packages/airflow/utils/session.py", line 97, in wrapper
    return func(*args, session=session, **kwargs)
           ^^^^^^^^^^^^^^^^^^^^^^^^^^^^^^^^^^^^^^
  File "/home/airflow/.local/lib/python3.12/site-packages/airflow/dag_processing/processor.py", line 982, in save_dag_to_db
    import_errors = DagBag._sync_to_db(dags=dags, processor_subdir=dag_directory, session=session)
                    ^^^^^^^^^^^^^^^^^^^^^^^^^^^^^^^^^^^^^^^^^^^^^^^^^^^^^^^^^^^^^^^^^^^^^^^^^^^^^^
  File "/home/airflow/.local/lib/python3.12/site-packages/airflow/utils/session.py", line 94, in wrapper
    return func(*args, **kwargs)
           ^^^^^^^^^^^^^^^^^^^^^
  File "/home/airflow/.local/lib/python3.12/site-packages/airflow/models/dagbag.py", line 708, in _sync_to_db
    for attempt in run_with_db_retries(logger=log):
                   ^^^^^^^^^^^^^^^^^^^^^^^^^^^^^^^
  File "/home/airflow/.local/lib/python3.12/site-packages/tenacity/__init__.py", line 443, in __iter__
    do = self.iter(retry_state=retry_state)
         ^^^^^^^^^^^^^^^^^^^^^^^^^^^^^^^^^^
  File "/home/airflow/.local/lib/python3.12/site-packages/tenacity/__init__.py", line 376, in iter
    result = action(retry_state)
             ^^^^^^^^^^^^^^^^^^^
  File "/home/airflow/.local/lib/python3.12/site-packages/tenacity/__init__.py", line 418, in exc_check
    raise retry_exc.reraise()
          ^^^^^^^^^^^^^^^^^^^
  File "/home/airflow/.local/lib/python3.12/site-packages/tenacity/__init__.py", line 185, in reraise
    raise self.last_attempt.result()
          ^^^^^^^^^^^^^^^^^^^^^^^^^^
  File "/usr/local/lib/python3.12/concurrent/futures/_base.py", line 449, in result
    return self.__get_result()
           ^^^^^^^^^^^^^^^^^^^
  File "/usr/local/lib/python3.12/concurrent/futures/_base.py", line 401, in __get_result
    raise self._exception
  File "/home/airflow/.local/lib/python3.12/site-packages/airflow/models/dagbag.py", line 721, in _sync_to_db
    _serialize_dag_capturing_errors(dag, session, processor_subdir)
  File "/home/airflow/.local/lib/python3.12/site-packages/airflow/models/dagbag.py", line 686, in _serialize_dag_capturing_errors
    dag_was_updated = SerializedDagModel.write_dag(
                      ^^^^^^^^^^^^^^^^^^^^^^^^^^^^^
  File "/home/airflow/.local/lib/python3.12/site-packages/airflow/utils/session.py", line 94, in wrapper
    return func(*args, **kwargs)
           ^^^^^^^^^^^^^^^^^^^^^
  File "/home/airflow/.local/lib/python3.12/site-packages/airflow/models/serialized_dag.py", line 160, in write_dag
    if session.scalar(
       ^^^^^^^^^^^^^^^
  File "/home/airflow/.local/lib/python3.12/site-packages/sqlalchemy/orm/session.py", line 1747, in scalar
    return self.execute(
           ^^^^^^^^^^^^^
  File "/home/airflow/.local/lib/python3.12/site-packages/sqlalchemy/orm/session.py", line 1716, in execute
    conn = self._connection_for_bind(bind)
           ^^^^^^^^^^^^^^^^^^^^^^^^^^^^^^^
  File "/home/airflow/.local/lib/python3.12/site-packages/sqlalchemy/orm/session.py", line 1555, in _connection_for_bind
    return self._transaction._connection_for_bind(
           ^^^^^^^^^^^^^^^^^^^^^^^^^^^^^^^^^^^^^^^
  File "/home/airflow/.local/lib/python3.12/site-packages/sqlalchemy/orm/session.py", line 750, in _connection_for_bind
    conn = bind.connect()
           ^^^^^^^^^^^^^^
  File "/home/airflow/.local/lib/python3.12/site-packages/sqlalchemy/future/engine.py", line 412, in connect
    return super(Engine, self).connect()
           ^^^^^^^^^^^^^^^^^^^^^^^^^^^^^
  File "/home/airflow/.local/lib/python3.12/site-packages/sqlalchemy/engine/base.py", line 3325, in connect
    return self._connection_cls(self, close_with_result=close_with_result)
           ^^^^^^^^^^^^^^^^^^^^^^^^^^^^^^^^^^^^^^^^^^^^^^^^^^^^^^^^^^^^^^^
  File "/home/airflow/.local/lib/python3.12/site-packages/sqlalchemy/engine/base.py", line 96, in __init__
    else engine.raw_connection()
         ^^^^^^^^^^^^^^^^^^^^^^^
  File "/home/airflow/.local/lib/python3.12/site-packages/sqlalchemy/engine/base.py", line 3404, in raw_connection
    return self._wrap_pool_connect(self.pool.connect, _connection)
           ^^^^^^^^^^^^^^^^^^^^^^^^^^^^^^^^^^^^^^^^^^^^^^^^^^^^^^^
  File "/home/airflow/.local/lib/python3.12/site-packages/sqlalchemy/engine/base.py", line 3374, in _wrap_pool_connect
    Connection._handle_dbapi_exception_noconnection(
  File "/home/airflow/.local/lib/python3.12/site-packages/sqlalchemy/engine/base.py", line 2208, in _handle_dbapi_exception_noconnection
    util.raise_(
  File "/home/airflow/.local/lib/python3.12/site-packages/sqlalchemy/util/compat.py", line 211, in raise_
    raise exception
  File "/home/airflow/.local/lib/python3.12/site-packages/sqlalchemy/engine/base.py", line 3371, in _wrap_pool_connect
    return fn()
           ^^^^
  File "/home/airflow/.local/lib/python3.12/site-packages/sqlalchemy/pool/base.py", line 327, in connect
    return _ConnectionFairy._checkout(self)
           ^^^^^^^^^^^^^^^^^^^^^^^^^^^^^^^^
  File "/home/airflow/.local/lib/python3.12/site-packages/sqlalchemy/pool/base.py", line 894, in _checkout
    fairy = _ConnectionRecord.checkout(pool)
            ^^^^^^^^^^^^^^^^^^^^^^^^^^^^^^^^
  File "/home/airflow/.local/lib/python3.12/site-packages/sqlalchemy/pool/base.py", line 493, in checkout
    rec = pool._do_get()
          ^^^^^^^^^^^^^^
  File "/home/airflow/.local/lib/python3.12/site-packages/sqlalchemy/pool/impl.py", line 145, in _do_get
    with util.safe_reraise():
         ^^^^^^^^^^^^^^^^^^^
  File "/home/airflow/.local/lib/python3.12/site-packages/sqlalchemy/util/langhelpers.py", line 70, in __exit__
    compat.raise_(
  File "/home/airflow/.local/lib/python3.12/site-packages/sqlalchemy/util/compat.py", line 211, in raise_
    raise exception
  File "/home/airflow/.local/lib/python3.12/site-packages/sqlalchemy/pool/impl.py", line 143, in _do_get
    return self._create_connection()
           ^^^^^^^^^^^^^^^^^^^^^^^^^
  File "/home/airflow/.local/lib/python3.12/site-packages/sqlalchemy/pool/base.py", line 273, in _create_connection
    return _ConnectionRecord(self)
           ^^^^^^^^^^^^^^^^^^^^^^^
  File "/home/airflow/.local/lib/python3.12/site-packages/sqlalchemy/pool/base.py", line 388, in __init__
    self.__connect()
  File "/home/airflow/.local/lib/python3.12/site-packages/sqlalchemy/pool/base.py", line 690, in __connect
    with util.safe_reraise():
         ^^^^^^^^^^^^^^^^^^^
  File "/home/airflow/.local/lib/python3.12/site-packages/sqlalchemy/util/langhelpers.py", line 70, in __exit__
    compat.raise_(
  File "/home/airflow/.local/lib/python3.12/site-packages/sqlalchemy/util/compat.py", line 211, in raise_
    raise exception
  File "/home/airflow/.local/lib/python3.12/site-packages/sqlalchemy/pool/base.py", line 686, in __connect
    self.dbapi_connection = connection = pool._invoke_creator(self)
                                         ^^^^^^^^^^^^^^^^^^^^^^^^^^
  File "/home/airflow/.local/lib/python3.12/site-packages/sqlalchemy/engine/create.py", line 574, in connect
    return dialect.connect(*cargs, **cparams)
           ^^^^^^^^^^^^^^^^^^^^^^^^^^^^^^^^^^
  File "/home/airflow/.local/lib/python3.12/site-packages/sqlalchemy/engine/default.py", line 598, in connect
    return self.dbapi.connect(*cargs, **cparams)
           ^^^^^^^^^^^^^^^^^^^^^^^^^^^^^^^^^^^^^
  File "/home/airflow/.local/lib/python3.12/site-packages/psycopg2/__init__.py", line 122, in connect
    conn = _connect(dsn, connection_factory=connection_factory, **kwasync)
           ^^^^^^^^^^^^^^^^^^^^^^^^^^^^^^^^^^^^^^^^^^^^^^^^^^^^^^^^^^^^^^^
sqlalchemy.exc.OperationalError: (psycopg2.OperationalError) could not translate host name "postgres" to address: Temporary failure in name resolution

(Background on this error at: https://sqlalche.me/e/14/e3q8)
[2026-02-11T20:59:56.476+0000] {processor.py:186} INFO - Started process (PID=619) to work on /opt/airflow/dags/music_ingestion_dag.py
[2026-02-11T20:59:56.484+0000] {processor.py:914} INFO - Processing file /opt/airflow/dags/music_ingestion_dag.py for tasks to queue
[2026-02-11T20:59:56.499+0000] {logging_mixin.py:190} INFO - [2026-02-11T20:59:56.492+0000] {dagbag.py:588} INFO - Filling up the DagBag from /opt/airflow/dags/music_ingestion_dag.py
[2026-02-11T20:59:56.903+0000] {processor.py:925} INFO - DAG(s) '01_music_ingestion_realtime' retrieved from /opt/airflow/dags/music_ingestion_dag.py
[2026-02-11T21:05:10.986+0000] {processor.py:186} INFO - Started process (PID=622) to work on /opt/airflow/dags/music_ingestion_dag.py
[2026-02-11T21:05:11.034+0000] {processor.py:914} INFO - Processing file /opt/airflow/dags/music_ingestion_dag.py for tasks to queue
[2026-02-11T21:05:11.266+0000] {logging_mixin.py:190} INFO - [2026-02-11T21:05:11.187+0000] {dagbag.py:588} INFO - Filling up the DagBag from /opt/airflow/dags/music_ingestion_dag.py
[2026-02-11T21:05:13.149+0000] {processor.py:925} INFO - DAG(s) '01_music_ingestion_realtime' retrieved from /opt/airflow/dags/music_ingestion_dag.py
[2026-02-11T21:06:37.827+0000] {processor.py:211} ERROR - Got an exception! Propagating...
Traceback (most recent call last):
  File "/home/airflow/.local/lib/python3.12/site-packages/sqlalchemy/engine/base.py", line 3371, in _wrap_pool_connect
    return fn()
           ^^^^
  File "/home/airflow/.local/lib/python3.12/site-packages/sqlalchemy/pool/base.py", line 327, in connect
    return _ConnectionFairy._checkout(self)
           ^^^^^^^^^^^^^^^^^^^^^^^^^^^^^^^^
  File "/home/airflow/.local/lib/python3.12/site-packages/sqlalchemy/pool/base.py", line 894, in _checkout
    fairy = _ConnectionRecord.checkout(pool)
            ^^^^^^^^^^^^^^^^^^^^^^^^^^^^^^^^
  File "/home/airflow/.local/lib/python3.12/site-packages/sqlalchemy/pool/base.py", line 493, in checkout
    rec = pool._do_get()
          ^^^^^^^^^^^^^^
  File "/home/airflow/.local/lib/python3.12/site-packages/sqlalchemy/pool/impl.py", line 145, in _do_get
    with util.safe_reraise():
         ^^^^^^^^^^^^^^^^^^^
  File "/home/airflow/.local/lib/python3.12/site-packages/sqlalchemy/util/langhelpers.py", line 70, in __exit__
    compat.raise_(
  File "/home/airflow/.local/lib/python3.12/site-packages/sqlalchemy/util/compat.py", line 211, in raise_
    raise exception
  File "/home/airflow/.local/lib/python3.12/site-packages/sqlalchemy/pool/impl.py", line 143, in _do_get
    return self._create_connection()
           ^^^^^^^^^^^^^^^^^^^^^^^^^
  File "/home/airflow/.local/lib/python3.12/site-packages/sqlalchemy/pool/base.py", line 273, in _create_connection
    return _ConnectionRecord(self)
           ^^^^^^^^^^^^^^^^^^^^^^^
  File "/home/airflow/.local/lib/python3.12/site-packages/sqlalchemy/pool/base.py", line 388, in __init__
    self.__connect()
  File "/home/airflow/.local/lib/python3.12/site-packages/sqlalchemy/pool/base.py", line 690, in __connect
    with util.safe_reraise():
         ^^^^^^^^^^^^^^^^^^^
  File "/home/airflow/.local/lib/python3.12/site-packages/sqlalchemy/util/langhelpers.py", line 70, in __exit__
    compat.raise_(
  File "/home/airflow/.local/lib/python3.12/site-packages/sqlalchemy/util/compat.py", line 211, in raise_
    raise exception
  File "/home/airflow/.local/lib/python3.12/site-packages/sqlalchemy/pool/base.py", line 686, in __connect
    self.dbapi_connection = connection = pool._invoke_creator(self)
                                         ^^^^^^^^^^^^^^^^^^^^^^^^^^
  File "/home/airflow/.local/lib/python3.12/site-packages/sqlalchemy/engine/create.py", line 574, in connect
    return dialect.connect(*cargs, **cparams)
           ^^^^^^^^^^^^^^^^^^^^^^^^^^^^^^^^^^
  File "/home/airflow/.local/lib/python3.12/site-packages/sqlalchemy/engine/default.py", line 598, in connect
    return self.dbapi.connect(*cargs, **cparams)
           ^^^^^^^^^^^^^^^^^^^^^^^^^^^^^^^^^^^^^
  File "/home/airflow/.local/lib/python3.12/site-packages/psycopg2/__init__.py", line 122, in connect
    conn = _connect(dsn, connection_factory=connection_factory, **kwasync)
           ^^^^^^^^^^^^^^^^^^^^^^^^^^^^^^^^^^^^^^^^^^^^^^^^^^^^^^^^^^^^^^^
psycopg2.OperationalError: could not translate host name "postgres" to address: Temporary failure in name resolution


The above exception was the direct cause of the following exception:

Traceback (most recent call last):
  File "/home/airflow/.local/lib/python3.12/site-packages/airflow/dag_processing/processor.py", line 207, in _run_file_processor
    _handle_dag_file_processing()
  File "/home/airflow/.local/lib/python3.12/site-packages/airflow/dag_processing/processor.py", line 188, in _handle_dag_file_processing
    result: tuple[int, int, int] = dag_file_processor.process_file(
                                   ^^^^^^^^^^^^^^^^^^^^^^^^^^^^^^^^
  File "/home/airflow/.local/lib/python3.12/site-packages/airflow/utils/session.py", line 97, in wrapper
    return func(*args, session=session, **kwargs)
           ^^^^^^^^^^^^^^^^^^^^^^^^^^^^^^^^^^^^^^
  File "/home/airflow/.local/lib/python3.12/site-packages/airflow/dag_processing/processor.py", line 942, in process_file
    serialize_errors = DagFileProcessor.save_dag_to_db(
                       ^^^^^^^^^^^^^^^^^^^^^^^^^^^^^^^^
  File "/home/airflow/.local/lib/python3.12/site-packages/airflow/api_internal/internal_api_call.py", line 166, in wrapper
    return func(*args, **kwargs)
           ^^^^^^^^^^^^^^^^^^^^^
  File "/home/airflow/.local/lib/python3.12/site-packages/airflow/utils/session.py", line 97, in wrapper
    return func(*args, session=session, **kwargs)
           ^^^^^^^^^^^^^^^^^^^^^^^^^^^^^^^^^^^^^^
  File "/home/airflow/.local/lib/python3.12/site-packages/airflow/dag_processing/processor.py", line 982, in save_dag_to_db
    import_errors = DagBag._sync_to_db(dags=dags, processor_subdir=dag_directory, session=session)
                    ^^^^^^^^^^^^^^^^^^^^^^^^^^^^^^^^^^^^^^^^^^^^^^^^^^^^^^^^^^^^^^^^^^^^^^^^^^^^^^
  File "/home/airflow/.local/lib/python3.12/site-packages/airflow/utils/session.py", line 94, in wrapper
    return func(*args, **kwargs)
           ^^^^^^^^^^^^^^^^^^^^^
  File "/home/airflow/.local/lib/python3.12/site-packages/airflow/models/dagbag.py", line 708, in _sync_to_db
    for attempt in run_with_db_retries(logger=log):
                   ^^^^^^^^^^^^^^^^^^^^^^^^^^^^^^^
  File "/home/airflow/.local/lib/python3.12/site-packages/tenacity/__init__.py", line 443, in __iter__
    do = self.iter(retry_state=retry_state)
         ^^^^^^^^^^^^^^^^^^^^^^^^^^^^^^^^^^
  File "/home/airflow/.local/lib/python3.12/site-packages/tenacity/__init__.py", line 376, in iter
    result = action(retry_state)
             ^^^^^^^^^^^^^^^^^^^
  File "/home/airflow/.local/lib/python3.12/site-packages/tenacity/__init__.py", line 418, in exc_check
    raise retry_exc.reraise()
          ^^^^^^^^^^^^^^^^^^^
  File "/home/airflow/.local/lib/python3.12/site-packages/tenacity/__init__.py", line 185, in reraise
    raise self.last_attempt.result()
          ^^^^^^^^^^^^^^^^^^^^^^^^^^
  File "/usr/local/lib/python3.12/concurrent/futures/_base.py", line 449, in result
    return self.__get_result()
           ^^^^^^^^^^^^^^^^^^^
  File "/usr/local/lib/python3.12/concurrent/futures/_base.py", line 401, in __get_result
    raise self._exception
  File "/home/airflow/.local/lib/python3.12/site-packages/airflow/models/dagbag.py", line 721, in _sync_to_db
    _serialize_dag_capturing_errors(dag, session, processor_subdir)
  File "/home/airflow/.local/lib/python3.12/site-packages/airflow/models/dagbag.py", line 686, in _serialize_dag_capturing_errors
    dag_was_updated = SerializedDagModel.write_dag(
                      ^^^^^^^^^^^^^^^^^^^^^^^^^^^^^
  File "/home/airflow/.local/lib/python3.12/site-packages/airflow/utils/session.py", line 94, in wrapper
    return func(*args, **kwargs)
           ^^^^^^^^^^^^^^^^^^^^^
  File "/home/airflow/.local/lib/python3.12/site-packages/airflow/models/serialized_dag.py", line 160, in write_dag
    if session.scalar(
       ^^^^^^^^^^^^^^^
  File "/home/airflow/.local/lib/python3.12/site-packages/sqlalchemy/orm/session.py", line 1747, in scalar
    return self.execute(
           ^^^^^^^^^^^^^
  File "/home/airflow/.local/lib/python3.12/site-packages/sqlalchemy/orm/session.py", line 1716, in execute
    conn = self._connection_for_bind(bind)
           ^^^^^^^^^^^^^^^^^^^^^^^^^^^^^^^
  File "/home/airflow/.local/lib/python3.12/site-packages/sqlalchemy/orm/session.py", line 1555, in _connection_for_bind
    return self._transaction._connection_for_bind(
           ^^^^^^^^^^^^^^^^^^^^^^^^^^^^^^^^^^^^^^^
  File "/home/airflow/.local/lib/python3.12/site-packages/sqlalchemy/orm/session.py", line 750, in _connection_for_bind
    conn = bind.connect()
           ^^^^^^^^^^^^^^
  File "/home/airflow/.local/lib/python3.12/site-packages/sqlalchemy/future/engine.py", line 412, in connect
    return super(Engine, self).connect()
           ^^^^^^^^^^^^^^^^^^^^^^^^^^^^^
  File "/home/airflow/.local/lib/python3.12/site-packages/sqlalchemy/engine/base.py", line 3325, in connect
    return self._connection_cls(self, close_with_result=close_with_result)
           ^^^^^^^^^^^^^^^^^^^^^^^^^^^^^^^^^^^^^^^^^^^^^^^^^^^^^^^^^^^^^^^
  File "/home/airflow/.local/lib/python3.12/site-packages/sqlalchemy/engine/base.py", line 96, in __init__
    else engine.raw_connection()
         ^^^^^^^^^^^^^^^^^^^^^^^
  File "/home/airflow/.local/lib/python3.12/site-packages/sqlalchemy/engine/base.py", line 3404, in raw_connection
    return self._wrap_pool_connect(self.pool.connect, _connection)
           ^^^^^^^^^^^^^^^^^^^^^^^^^^^^^^^^^^^^^^^^^^^^^^^^^^^^^^^
  File "/home/airflow/.local/lib/python3.12/site-packages/sqlalchemy/engine/base.py", line 3374, in _wrap_pool_connect
    Connection._handle_dbapi_exception_noconnection(
  File "/home/airflow/.local/lib/python3.12/site-packages/sqlalchemy/engine/base.py", line 2208, in _handle_dbapi_exception_noconnection
    util.raise_(
  File "/home/airflow/.local/lib/python3.12/site-packages/sqlalchemy/util/compat.py", line 211, in raise_
    raise exception
  File "/home/airflow/.local/lib/python3.12/site-packages/sqlalchemy/engine/base.py", line 3371, in _wrap_pool_connect
    return fn()
           ^^^^
  File "/home/airflow/.local/lib/python3.12/site-packages/sqlalchemy/pool/base.py", line 327, in connect
    return _ConnectionFairy._checkout(self)
           ^^^^^^^^^^^^^^^^^^^^^^^^^^^^^^^^
  File "/home/airflow/.local/lib/python3.12/site-packages/sqlalchemy/pool/base.py", line 894, in _checkout
    fairy = _ConnectionRecord.checkout(pool)
            ^^^^^^^^^^^^^^^^^^^^^^^^^^^^^^^^
  File "/home/airflow/.local/lib/python3.12/site-packages/sqlalchemy/pool/base.py", line 493, in checkout
    rec = pool._do_get()
          ^^^^^^^^^^^^^^
  File "/home/airflow/.local/lib/python3.12/site-packages/sqlalchemy/pool/impl.py", line 145, in _do_get
    with util.safe_reraise():
         ^^^^^^^^^^^^^^^^^^^
  File "/home/airflow/.local/lib/python3.12/site-packages/sqlalchemy/util/langhelpers.py", line 70, in __exit__
    compat.raise_(
  File "/home/airflow/.local/lib/python3.12/site-packages/sqlalchemy/util/compat.py", line 211, in raise_
    raise exception
  File "/home/airflow/.local/lib/python3.12/site-packages/sqlalchemy/pool/impl.py", line 143, in _do_get
    return self._create_connection()
           ^^^^^^^^^^^^^^^^^^^^^^^^^
  File "/home/airflow/.local/lib/python3.12/site-packages/sqlalchemy/pool/base.py", line 273, in _create_connection
    return _ConnectionRecord(self)
           ^^^^^^^^^^^^^^^^^^^^^^^
  File "/home/airflow/.local/lib/python3.12/site-packages/sqlalchemy/pool/base.py", line 388, in __init__
    self.__connect()
  File "/home/airflow/.local/lib/python3.12/site-packages/sqlalchemy/pool/base.py", line 690, in __connect
    with util.safe_reraise():
         ^^^^^^^^^^^^^^^^^^^
  File "/home/airflow/.local/lib/python3.12/site-packages/sqlalchemy/util/langhelpers.py", line 70, in __exit__
    compat.raise_(
  File "/home/airflow/.local/lib/python3.12/site-packages/sqlalchemy/util/compat.py", line 211, in raise_
    raise exception
  File "/home/airflow/.local/lib/python3.12/site-packages/sqlalchemy/pool/base.py", line 686, in __connect
    self.dbapi_connection = connection = pool._invoke_creator(self)
                                         ^^^^^^^^^^^^^^^^^^^^^^^^^^
  File "/home/airflow/.local/lib/python3.12/site-packages/sqlalchemy/engine/create.py", line 574, in connect
    return dialect.connect(*cargs, **cparams)
           ^^^^^^^^^^^^^^^^^^^^^^^^^^^^^^^^^^
  File "/home/airflow/.local/lib/python3.12/site-packages/sqlalchemy/engine/default.py", line 598, in connect
    return self.dbapi.connect(*cargs, **cparams)
           ^^^^^^^^^^^^^^^^^^^^^^^^^^^^^^^^^^^^^
  File "/home/airflow/.local/lib/python3.12/site-packages/psycopg2/__init__.py", line 122, in connect
    conn = _connect(dsn, connection_factory=connection_factory, **kwasync)
           ^^^^^^^^^^^^^^^^^^^^^^^^^^^^^^^^^^^^^^^^^^^^^^^^^^^^^^^^^^^^^^^
sqlalchemy.exc.OperationalError: (psycopg2.OperationalError) could not translate host name "postgres" to address: Temporary failure in name resolution

(Background on this error at: https://sqlalche.me/e/14/e3q8)
