[2026-02-24T06:19:09.907+0000] {processor.py:186} INFO - Started process (PID=167) to work on /opt/airflow/dags/music_ingestion_dag.py
[2026-02-24T06:19:09.909+0000] {processor.py:914} INFO - Processing file /opt/airflow/dags/music_ingestion_dag.py for tasks to queue
[2026-02-24T06:19:09.925+0000] {logging_mixin.py:190} INFO - [2026-02-24T06:19:09.924+0000] {dagbag.py:588} INFO - Filling up the DagBag from /opt/airflow/dags/music_ingestion_dag.py
[2026-02-24T06:19:10.026+0000] {processor.py:925} INFO - DAG(s) '01_music_ingestion_realtime' retrieved from /opt/airflow/dags/music_ingestion_dag.py
[2026-02-24T06:19:10.204+0000] {logging_mixin.py:190} INFO - [2026-02-24T06:19:10.203+0000] {dag.py:3239} INFO - Sync 1 DAGs
[2026-02-24T06:19:10.329+0000] {logging_mixin.py:190} INFO - [2026-02-24T06:19:10.329+0000] {dag.py:4180} INFO - Setting next_dagrun for 01_music_ingestion_realtime to 2026-02-24 05:00:00+00:00, run_after=2026-02-24 06:00:00+00:00
[2026-02-24T06:19:10.393+0000] {processor.py:208} INFO - Processing /opt/airflow/dags/music_ingestion_dag.py took 0.505 seconds
[2026-02-24T06:19:40.565+0000] {processor.py:186} INFO - Started process (PID=172) to work on /opt/airflow/dags/music_ingestion_dag.py
[2026-02-24T06:19:40.567+0000] {processor.py:914} INFO - Processing file /opt/airflow/dags/music_ingestion_dag.py for tasks to queue
[2026-02-24T06:19:40.576+0000] {logging_mixin.py:190} INFO - [2026-02-24T06:19:40.575+0000] {dagbag.py:588} INFO - Filling up the DagBag from /opt/airflow/dags/music_ingestion_dag.py
[2026-02-24T06:19:40.617+0000] {processor.py:925} INFO - DAG(s) '01_music_ingestion_realtime' retrieved from /opt/airflow/dags/music_ingestion_dag.py
[2026-02-24T06:19:40.669+0000] {logging_mixin.py:190} INFO - [2026-02-24T06:19:40.669+0000] {dag.py:3239} INFO - Sync 1 DAGs
[2026-02-24T06:19:40.715+0000] {logging_mixin.py:190} INFO - [2026-02-24T06:19:40.715+0000] {dag.py:4180} INFO - Setting next_dagrun for 01_music_ingestion_realtime to 2026-02-24 05:00:00+00:00, run_after=2026-02-24 06:00:00+00:00
[2026-02-24T06:19:40.751+0000] {processor.py:208} INFO - Processing /opt/airflow/dags/music_ingestion_dag.py took 0.196 seconds
[2026-02-24T06:20:10.866+0000] {processor.py:186} INFO - Started process (PID=177) to work on /opt/airflow/dags/music_ingestion_dag.py
[2026-02-24T06:20:10.868+0000] {processor.py:914} INFO - Processing file /opt/airflow/dags/music_ingestion_dag.py for tasks to queue
[2026-02-24T06:20:10.872+0000] {logging_mixin.py:190} INFO - [2026-02-24T06:20:10.871+0000] {dagbag.py:588} INFO - Filling up the DagBag from /opt/airflow/dags/music_ingestion_dag.py
[2026-02-24T06:20:10.892+0000] {processor.py:925} INFO - DAG(s) '01_music_ingestion_realtime' retrieved from /opt/airflow/dags/music_ingestion_dag.py
[2026-02-24T06:20:10.924+0000] {logging_mixin.py:190} INFO - [2026-02-24T06:20:10.923+0000] {dag.py:3239} INFO - Sync 1 DAGs
[2026-02-24T06:20:10.953+0000] {logging_mixin.py:190} INFO - [2026-02-24T06:20:10.953+0000] {dag.py:4180} INFO - Setting next_dagrun for 01_music_ingestion_realtime to 2026-02-24 05:00:00+00:00, run_after=2026-02-24 06:00:00+00:00
[2026-02-24T06:20:10.978+0000] {processor.py:208} INFO - Processing /opt/airflow/dags/music_ingestion_dag.py took 0.118 seconds
[2026-02-24T06:20:41.182+0000] {processor.py:186} INFO - Started process (PID=182) to work on /opt/airflow/dags/music_ingestion_dag.py
[2026-02-24T06:20:41.184+0000] {processor.py:914} INFO - Processing file /opt/airflow/dags/music_ingestion_dag.py for tasks to queue
[2026-02-24T06:20:41.190+0000] {logging_mixin.py:190} INFO - [2026-02-24T06:20:41.189+0000] {dagbag.py:588} INFO - Filling up the DagBag from /opt/airflow/dags/music_ingestion_dag.py
[2026-02-24T06:20:41.233+0000] {processor.py:925} INFO - DAG(s) '01_music_ingestion_realtime' retrieved from /opt/airflow/dags/music_ingestion_dag.py
[2026-02-24T06:20:41.335+0000] {logging_mixin.py:190} INFO - [2026-02-24T06:20:41.335+0000] {dag.py:3239} INFO - Sync 1 DAGs
[2026-02-24T06:20:41.374+0000] {logging_mixin.py:190} INFO - [2026-02-24T06:20:41.374+0000] {dag.py:4180} INFO - Setting next_dagrun for 01_music_ingestion_realtime to 2026-02-24 05:00:00+00:00, run_after=2026-02-24 06:00:00+00:00
[2026-02-24T06:20:41.397+0000] {processor.py:208} INFO - Processing /opt/airflow/dags/music_ingestion_dag.py took 0.224 seconds
[2026-02-24T06:21:11.641+0000] {processor.py:186} INFO - Started process (PID=187) to work on /opt/airflow/dags/music_ingestion_dag.py
[2026-02-24T06:21:11.642+0000] {processor.py:914} INFO - Processing file /opt/airflow/dags/music_ingestion_dag.py for tasks to queue
[2026-02-24T06:21:11.645+0000] {logging_mixin.py:190} INFO - [2026-02-24T06:21:11.645+0000] {dagbag.py:588} INFO - Filling up the DagBag from /opt/airflow/dags/music_ingestion_dag.py
[2026-02-24T06:21:11.665+0000] {processor.py:925} INFO - DAG(s) '01_music_ingestion_realtime' retrieved from /opt/airflow/dags/music_ingestion_dag.py
[2026-02-24T06:21:11.719+0000] {logging_mixin.py:190} INFO - [2026-02-24T06:21:11.718+0000] {dag.py:3239} INFO - Sync 1 DAGs
[2026-02-24T06:21:11.757+0000] {logging_mixin.py:190} INFO - [2026-02-24T06:21:11.757+0000] {dag.py:4180} INFO - Setting next_dagrun for 01_music_ingestion_realtime to 2026-02-24 05:00:00+00:00, run_after=2026-02-24 06:00:00+00:00
[2026-02-24T06:21:11.790+0000] {processor.py:208} INFO - Processing /opt/airflow/dags/music_ingestion_dag.py took 0.155 seconds
[2026-02-24T06:21:42.042+0000] {processor.py:186} INFO - Started process (PID=192) to work on /opt/airflow/dags/music_ingestion_dag.py
[2026-02-24T06:21:42.045+0000] {processor.py:914} INFO - Processing file /opt/airflow/dags/music_ingestion_dag.py for tasks to queue
[2026-02-24T06:21:42.050+0000] {logging_mixin.py:190} INFO - [2026-02-24T06:21:42.049+0000] {dagbag.py:588} INFO - Filling up the DagBag from /opt/airflow/dags/music_ingestion_dag.py
[2026-02-24T06:21:42.087+0000] {processor.py:925} INFO - DAG(s) '01_music_ingestion_realtime' retrieved from /opt/airflow/dags/music_ingestion_dag.py
[2026-02-24T06:21:42.160+0000] {logging_mixin.py:190} INFO - [2026-02-24T06:21:42.159+0000] {dag.py:3239} INFO - Sync 1 DAGs
[2026-02-24T06:21:42.201+0000] {logging_mixin.py:190} INFO - [2026-02-24T06:21:42.200+0000] {dag.py:4180} INFO - Setting next_dagrun for 01_music_ingestion_realtime to 2026-02-24 05:00:00+00:00, run_after=2026-02-24 06:00:00+00:00
[2026-02-24T06:21:42.241+0000] {processor.py:208} INFO - Processing /opt/airflow/dags/music_ingestion_dag.py took 0.210 seconds
[2026-02-24T06:22:12.390+0000] {processor.py:186} INFO - Started process (PID=197) to work on /opt/airflow/dags/music_ingestion_dag.py
[2026-02-24T06:22:12.391+0000] {processor.py:914} INFO - Processing file /opt/airflow/dags/music_ingestion_dag.py for tasks to queue
[2026-02-24T06:22:12.394+0000] {logging_mixin.py:190} INFO - [2026-02-24T06:22:12.394+0000] {dagbag.py:588} INFO - Filling up the DagBag from /opt/airflow/dags/music_ingestion_dag.py
[2026-02-24T06:22:12.419+0000] {processor.py:925} INFO - DAG(s) '01_music_ingestion_realtime' retrieved from /opt/airflow/dags/music_ingestion_dag.py
[2026-02-24T06:22:12.449+0000] {logging_mixin.py:190} INFO - [2026-02-24T06:22:12.448+0000] {dag.py:3239} INFO - Sync 1 DAGs
[2026-02-24T06:22:12.471+0000] {logging_mixin.py:190} INFO - [2026-02-24T06:22:12.471+0000] {dag.py:4180} INFO - Setting next_dagrun for 01_music_ingestion_realtime to 2026-02-24 05:00:00+00:00, run_after=2026-02-24 06:00:00+00:00
[2026-02-24T06:22:12.497+0000] {processor.py:208} INFO - Processing /opt/airflow/dags/music_ingestion_dag.py took 0.113 seconds
[2026-02-24T06:22:42.744+0000] {processor.py:186} INFO - Started process (PID=202) to work on /opt/airflow/dags/music_ingestion_dag.py
[2026-02-24T06:22:42.745+0000] {processor.py:914} INFO - Processing file /opt/airflow/dags/music_ingestion_dag.py for tasks to queue
[2026-02-24T06:22:42.748+0000] {logging_mixin.py:190} INFO - [2026-02-24T06:22:42.748+0000] {dagbag.py:588} INFO - Filling up the DagBag from /opt/airflow/dags/music_ingestion_dag.py
[2026-02-24T06:22:42.771+0000] {processor.py:925} INFO - DAG(s) '01_music_ingestion_realtime' retrieved from /opt/airflow/dags/music_ingestion_dag.py
[2026-02-24T06:22:42.807+0000] {logging_mixin.py:190} INFO - [2026-02-24T06:22:42.807+0000] {dag.py:3239} INFO - Sync 1 DAGs
[2026-02-24T06:22:42.839+0000] {logging_mixin.py:190} INFO - [2026-02-24T06:22:42.839+0000] {dag.py:4180} INFO - Setting next_dagrun for 01_music_ingestion_realtime to 2026-02-24 05:00:00+00:00, run_after=2026-02-24 06:00:00+00:00
[2026-02-24T06:22:42.864+0000] {processor.py:208} INFO - Processing /opt/airflow/dags/music_ingestion_dag.py took 0.126 seconds
[2026-02-24T06:23:13.188+0000] {processor.py:186} INFO - Started process (PID=207) to work on /opt/airflow/dags/music_ingestion_dag.py
[2026-02-24T06:23:13.190+0000] {processor.py:914} INFO - Processing file /opt/airflow/dags/music_ingestion_dag.py for tasks to queue
[2026-02-24T06:23:13.192+0000] {logging_mixin.py:190} INFO - [2026-02-24T06:23:13.192+0000] {dagbag.py:588} INFO - Filling up the DagBag from /opt/airflow/dags/music_ingestion_dag.py
[2026-02-24T06:23:13.215+0000] {processor.py:925} INFO - DAG(s) '01_music_ingestion_realtime' retrieved from /opt/airflow/dags/music_ingestion_dag.py
[2026-02-24T06:23:13.245+0000] {logging_mixin.py:190} INFO - [2026-02-24T06:23:13.245+0000] {dag.py:3239} INFO - Sync 1 DAGs
[2026-02-24T06:23:13.268+0000] {logging_mixin.py:190} INFO - [2026-02-24T06:23:13.268+0000] {dag.py:4180} INFO - Setting next_dagrun for 01_music_ingestion_realtime to 2026-02-24 05:00:00+00:00, run_after=2026-02-24 06:00:00+00:00
[2026-02-24T06:23:13.293+0000] {processor.py:208} INFO - Processing /opt/airflow/dags/music_ingestion_dag.py took 0.109 seconds
[2026-02-24T06:23:43.566+0000] {processor.py:186} INFO - Started process (PID=212) to work on /opt/airflow/dags/music_ingestion_dag.py
[2026-02-24T06:23:43.567+0000] {processor.py:914} INFO - Processing file /opt/airflow/dags/music_ingestion_dag.py for tasks to queue
[2026-02-24T06:23:43.570+0000] {logging_mixin.py:190} INFO - [2026-02-24T06:23:43.570+0000] {dagbag.py:588} INFO - Filling up the DagBag from /opt/airflow/dags/music_ingestion_dag.py
[2026-02-24T06:23:43.590+0000] {processor.py:925} INFO - DAG(s) '01_music_ingestion_realtime' retrieved from /opt/airflow/dags/music_ingestion_dag.py
[2026-02-24T06:23:43.621+0000] {logging_mixin.py:190} INFO - [2026-02-24T06:23:43.621+0000] {dag.py:3239} INFO - Sync 1 DAGs
[2026-02-24T06:23:43.646+0000] {logging_mixin.py:190} INFO - [2026-02-24T06:23:43.646+0000] {dag.py:4180} INFO - Setting next_dagrun for 01_music_ingestion_realtime to 2026-02-24 05:00:00+00:00, run_after=2026-02-24 06:00:00+00:00
[2026-02-24T06:23:43.672+0000] {processor.py:208} INFO - Processing /opt/airflow/dags/music_ingestion_dag.py took 0.112 seconds
[2026-02-24T06:24:14.050+0000] {processor.py:186} INFO - Started process (PID=217) to work on /opt/airflow/dags/music_ingestion_dag.py
[2026-02-24T06:24:14.052+0000] {processor.py:914} INFO - Processing file /opt/airflow/dags/music_ingestion_dag.py for tasks to queue
[2026-02-24T06:24:14.056+0000] {logging_mixin.py:190} INFO - [2026-02-24T06:24:14.056+0000] {dagbag.py:588} INFO - Filling up the DagBag from /opt/airflow/dags/music_ingestion_dag.py
[2026-02-24T06:24:14.075+0000] {processor.py:925} INFO - DAG(s) '01_music_ingestion_realtime' retrieved from /opt/airflow/dags/music_ingestion_dag.py
[2026-02-24T06:24:14.101+0000] {logging_mixin.py:190} INFO - [2026-02-24T06:24:14.101+0000] {dag.py:3239} INFO - Sync 1 DAGs
[2026-02-24T06:24:14.125+0000] {logging_mixin.py:190} INFO - [2026-02-24T06:24:14.125+0000] {dag.py:4180} INFO - Setting next_dagrun for 01_music_ingestion_realtime to 2026-02-24 05:00:00+00:00, run_after=2026-02-24 06:00:00+00:00
[2026-02-24T06:24:14.149+0000] {processor.py:208} INFO - Processing /opt/airflow/dags/music_ingestion_dag.py took 0.104 seconds
[2026-02-24T06:24:44.428+0000] {processor.py:186} INFO - Started process (PID=222) to work on /opt/airflow/dags/music_ingestion_dag.py
[2026-02-24T06:24:44.430+0000] {processor.py:914} INFO - Processing file /opt/airflow/dags/music_ingestion_dag.py for tasks to queue
[2026-02-24T06:24:44.433+0000] {logging_mixin.py:190} INFO - [2026-02-24T06:24:44.432+0000] {dagbag.py:588} INFO - Filling up the DagBag from /opt/airflow/dags/music_ingestion_dag.py
[2026-02-24T06:24:44.459+0000] {processor.py:925} INFO - DAG(s) '01_music_ingestion_realtime' retrieved from /opt/airflow/dags/music_ingestion_dag.py
[2026-02-24T06:24:44.490+0000] {logging_mixin.py:190} INFO - [2026-02-24T06:24:44.490+0000] {dag.py:3239} INFO - Sync 1 DAGs
[2026-02-24T06:24:44.515+0000] {logging_mixin.py:190} INFO - [2026-02-24T06:24:44.515+0000] {dag.py:4180} INFO - Setting next_dagrun for 01_music_ingestion_realtime to 2026-02-24 05:00:00+00:00, run_after=2026-02-24 06:00:00+00:00
[2026-02-24T06:24:44.543+0000] {processor.py:208} INFO - Processing /opt/airflow/dags/music_ingestion_dag.py took 0.121 seconds
[2026-02-24T06:25:14.920+0000] {processor.py:186} INFO - Started process (PID=227) to work on /opt/airflow/dags/music_ingestion_dag.py
[2026-02-24T06:25:14.921+0000] {processor.py:914} INFO - Processing file /opt/airflow/dags/music_ingestion_dag.py for tasks to queue
[2026-02-24T06:25:14.923+0000] {logging_mixin.py:190} INFO - [2026-02-24T06:25:14.923+0000] {dagbag.py:588} INFO - Filling up the DagBag from /opt/airflow/dags/music_ingestion_dag.py
[2026-02-24T06:25:14.940+0000] {processor.py:925} INFO - DAG(s) '01_music_ingestion_realtime' retrieved from /opt/airflow/dags/music_ingestion_dag.py
[2026-02-24T06:25:14.965+0000] {logging_mixin.py:190} INFO - [2026-02-24T06:25:14.965+0000] {dag.py:3239} INFO - Sync 1 DAGs
[2026-02-24T06:25:14.988+0000] {logging_mixin.py:190} INFO - [2026-02-24T06:25:14.988+0000] {dag.py:4180} INFO - Setting next_dagrun for 01_music_ingestion_realtime to 2026-02-24 05:00:00+00:00, run_after=2026-02-24 06:00:00+00:00
[2026-02-24T06:25:15.015+0000] {processor.py:208} INFO - Processing /opt/airflow/dags/music_ingestion_dag.py took 0.099 seconds
[2026-02-24T06:25:45.318+0000] {processor.py:186} INFO - Started process (PID=232) to work on /opt/airflow/dags/music_ingestion_dag.py
[2026-02-24T06:25:45.319+0000] {processor.py:914} INFO - Processing file /opt/airflow/dags/music_ingestion_dag.py for tasks to queue
[2026-02-24T06:25:45.321+0000] {logging_mixin.py:190} INFO - [2026-02-24T06:25:45.321+0000] {dagbag.py:588} INFO - Filling up the DagBag from /opt/airflow/dags/music_ingestion_dag.py
[2026-02-24T06:25:45.343+0000] {processor.py:925} INFO - DAG(s) '01_music_ingestion_realtime' retrieved from /opt/airflow/dags/music_ingestion_dag.py
[2026-02-24T06:25:45.375+0000] {logging_mixin.py:190} INFO - [2026-02-24T06:25:45.374+0000] {dag.py:3239} INFO - Sync 1 DAGs
[2026-02-24T06:25:45.398+0000] {logging_mixin.py:190} INFO - [2026-02-24T06:25:45.397+0000] {dag.py:4180} INFO - Setting next_dagrun for 01_music_ingestion_realtime to 2026-02-24 05:00:00+00:00, run_after=2026-02-24 06:00:00+00:00
[2026-02-24T06:25:45.422+0000] {processor.py:208} INFO - Processing /opt/airflow/dags/music_ingestion_dag.py took 0.110 seconds
[2026-02-24T06:26:15.791+0000] {processor.py:186} INFO - Started process (PID=237) to work on /opt/airflow/dags/music_ingestion_dag.py
[2026-02-24T06:26:15.793+0000] {processor.py:914} INFO - Processing file /opt/airflow/dags/music_ingestion_dag.py for tasks to queue
[2026-02-24T06:26:15.796+0000] {logging_mixin.py:190} INFO - [2026-02-24T06:26:15.795+0000] {dagbag.py:588} INFO - Filling up the DagBag from /opt/airflow/dags/music_ingestion_dag.py
[2026-02-24T06:26:15.817+0000] {processor.py:925} INFO - DAG(s) '01_music_ingestion_realtime' retrieved from /opt/airflow/dags/music_ingestion_dag.py
[2026-02-24T06:26:15.843+0000] {logging_mixin.py:190} INFO - [2026-02-24T06:26:15.843+0000] {dag.py:3239} INFO - Sync 1 DAGs
[2026-02-24T06:26:15.866+0000] {logging_mixin.py:190} INFO - [2026-02-24T06:26:15.866+0000] {dag.py:4180} INFO - Setting next_dagrun for 01_music_ingestion_realtime to 2026-02-24 05:00:00+00:00, run_after=2026-02-24 06:00:00+00:00
[2026-02-24T06:26:15.892+0000] {processor.py:208} INFO - Processing /opt/airflow/dags/music_ingestion_dag.py took 0.107 seconds
[2026-02-24T06:26:46.147+0000] {processor.py:186} INFO - Started process (PID=242) to work on /opt/airflow/dags/music_ingestion_dag.py
[2026-02-24T06:26:46.149+0000] {processor.py:914} INFO - Processing file /opt/airflow/dags/music_ingestion_dag.py for tasks to queue
[2026-02-24T06:26:46.151+0000] {logging_mixin.py:190} INFO - [2026-02-24T06:26:46.151+0000] {dagbag.py:588} INFO - Filling up the DagBag from /opt/airflow/dags/music_ingestion_dag.py
[2026-02-24T06:26:46.179+0000] {processor.py:925} INFO - DAG(s) '01_music_ingestion_realtime' retrieved from /opt/airflow/dags/music_ingestion_dag.py
[2026-02-24T06:26:46.211+0000] {logging_mixin.py:190} INFO - [2026-02-24T06:26:46.211+0000] {dag.py:3239} INFO - Sync 1 DAGs
[2026-02-24T06:26:46.239+0000] {logging_mixin.py:190} INFO - [2026-02-24T06:26:46.239+0000] {dag.py:4180} INFO - Setting next_dagrun for 01_music_ingestion_realtime to 2026-02-24 05:00:00+00:00, run_after=2026-02-24 06:00:00+00:00
[2026-02-24T06:26:46.263+0000] {processor.py:208} INFO - Processing /opt/airflow/dags/music_ingestion_dag.py took 0.121 seconds
[2026-02-24T06:27:16.704+0000] {processor.py:186} INFO - Started process (PID=247) to work on /opt/airflow/dags/music_ingestion_dag.py
[2026-02-24T06:27:16.706+0000] {processor.py:914} INFO - Processing file /opt/airflow/dags/music_ingestion_dag.py for tasks to queue
[2026-02-24T06:27:16.712+0000] {logging_mixin.py:190} INFO - [2026-02-24T06:27:16.711+0000] {dagbag.py:588} INFO - Filling up the DagBag from /opt/airflow/dags/music_ingestion_dag.py
[2026-02-24T06:27:16.758+0000] {processor.py:925} INFO - DAG(s) '01_music_ingestion_realtime' retrieved from /opt/airflow/dags/music_ingestion_dag.py
[2026-02-24T06:27:16.854+0000] {logging_mixin.py:190} INFO - [2026-02-24T06:27:16.853+0000] {dag.py:3239} INFO - Sync 1 DAGs
[2026-02-24T06:27:16.951+0000] {logging_mixin.py:190} INFO - [2026-02-24T06:27:16.950+0000] {dag.py:4180} INFO - Setting next_dagrun for 01_music_ingestion_realtime to 2026-02-24 05:00:00+00:00, run_after=2026-02-24 06:00:00+00:00
[2026-02-24T06:27:16.990+0000] {processor.py:208} INFO - Processing /opt/airflow/dags/music_ingestion_dag.py took 0.299 seconds
[2026-02-24T06:27:47.320+0000] {processor.py:186} INFO - Started process (PID=252) to work on /opt/airflow/dags/music_ingestion_dag.py
[2026-02-24T06:27:47.321+0000] {processor.py:914} INFO - Processing file /opt/airflow/dags/music_ingestion_dag.py for tasks to queue
[2026-02-24T06:27:47.326+0000] {logging_mixin.py:190} INFO - [2026-02-24T06:27:47.326+0000] {dagbag.py:588} INFO - Filling up the DagBag from /opt/airflow/dags/music_ingestion_dag.py
[2026-02-24T06:27:47.365+0000] {processor.py:925} INFO - DAG(s) '01_music_ingestion_realtime' retrieved from /opt/airflow/dags/music_ingestion_dag.py
[2026-02-24T06:27:47.394+0000] {logging_mixin.py:190} INFO - [2026-02-24T06:27:47.394+0000] {dag.py:3239} INFO - Sync 1 DAGs
[2026-02-24T06:27:47.425+0000] {logging_mixin.py:190} INFO - [2026-02-24T06:27:47.425+0000] {dag.py:4180} INFO - Setting next_dagrun for 01_music_ingestion_realtime to 2026-02-24 05:00:00+00:00, run_after=2026-02-24 06:00:00+00:00
[2026-02-24T06:27:47.454+0000] {processor.py:208} INFO - Processing /opt/airflow/dags/music_ingestion_dag.py took 0.141 seconds
[2026-02-24T06:28:17.657+0000] {processor.py:186} INFO - Started process (PID=257) to work on /opt/airflow/dags/music_ingestion_dag.py
[2026-02-24T06:28:17.659+0000] {processor.py:914} INFO - Processing file /opt/airflow/dags/music_ingestion_dag.py for tasks to queue
[2026-02-24T06:28:17.662+0000] {logging_mixin.py:190} INFO - [2026-02-24T06:28:17.662+0000] {dagbag.py:588} INFO - Filling up the DagBag from /opt/airflow/dags/music_ingestion_dag.py
[2026-02-24T06:28:17.691+0000] {processor.py:925} INFO - DAG(s) '01_music_ingestion_realtime' retrieved from /opt/airflow/dags/music_ingestion_dag.py
[2026-02-24T06:28:17.728+0000] {logging_mixin.py:190} INFO - [2026-02-24T06:28:17.728+0000] {dag.py:3239} INFO - Sync 1 DAGs
[2026-02-24T06:28:17.757+0000] {logging_mixin.py:190} INFO - [2026-02-24T06:28:17.757+0000] {dag.py:4180} INFO - Setting next_dagrun for 01_music_ingestion_realtime to 2026-02-24 05:00:00+00:00, run_after=2026-02-24 06:00:00+00:00
[2026-02-24T06:28:17.788+0000] {processor.py:208} INFO - Processing /opt/airflow/dags/music_ingestion_dag.py took 0.138 seconds
[2026-02-24T06:28:48.163+0000] {processor.py:186} INFO - Started process (PID=262) to work on /opt/airflow/dags/music_ingestion_dag.py
[2026-02-24T06:28:48.164+0000] {processor.py:914} INFO - Processing file /opt/airflow/dags/music_ingestion_dag.py for tasks to queue
[2026-02-24T06:28:48.168+0000] {logging_mixin.py:190} INFO - [2026-02-24T06:28:48.167+0000] {dagbag.py:588} INFO - Filling up the DagBag from /opt/airflow/dags/music_ingestion_dag.py
[2026-02-24T06:28:48.200+0000] {processor.py:925} INFO - DAG(s) '01_music_ingestion_realtime' retrieved from /opt/airflow/dags/music_ingestion_dag.py
[2026-02-24T06:28:48.237+0000] {logging_mixin.py:190} INFO - [2026-02-24T06:28:48.236+0000] {dag.py:3239} INFO - Sync 1 DAGs
[2026-02-24T06:28:48.267+0000] {logging_mixin.py:190} INFO - [2026-02-24T06:28:48.267+0000] {dag.py:4180} INFO - Setting next_dagrun for 01_music_ingestion_realtime to 2026-02-24 05:00:00+00:00, run_after=2026-02-24 06:00:00+00:00
[2026-02-24T06:28:48.297+0000] {processor.py:208} INFO - Processing /opt/airflow/dags/music_ingestion_dag.py took 0.141 seconds
[2026-02-24T06:29:18.611+0000] {processor.py:186} INFO - Started process (PID=267) to work on /opt/airflow/dags/music_ingestion_dag.py
[2026-02-24T06:29:18.612+0000] {processor.py:914} INFO - Processing file /opt/airflow/dags/music_ingestion_dag.py for tasks to queue
[2026-02-24T06:29:18.615+0000] {logging_mixin.py:190} INFO - [2026-02-24T06:29:18.614+0000] {dagbag.py:588} INFO - Filling up the DagBag from /opt/airflow/dags/music_ingestion_dag.py
[2026-02-24T06:29:18.640+0000] {processor.py:925} INFO - DAG(s) '01_music_ingestion_realtime' retrieved from /opt/airflow/dags/music_ingestion_dag.py
[2026-02-24T06:29:18.667+0000] {logging_mixin.py:190} INFO - [2026-02-24T06:29:18.667+0000] {dag.py:3239} INFO - Sync 1 DAGs
[2026-02-24T06:29:18.690+0000] {logging_mixin.py:190} INFO - [2026-02-24T06:29:18.690+0000] {dag.py:4180} INFO - Setting next_dagrun for 01_music_ingestion_realtime to 2026-02-24 05:00:00+00:00, run_after=2026-02-24 06:00:00+00:00
[2026-02-24T06:29:18.715+0000] {processor.py:208} INFO - Processing /opt/airflow/dags/music_ingestion_dag.py took 0.109 seconds
[2026-02-24T06:29:48.989+0000] {processor.py:186} INFO - Started process (PID=272) to work on /opt/airflow/dags/music_ingestion_dag.py
[2026-02-24T06:29:48.990+0000] {processor.py:914} INFO - Processing file /opt/airflow/dags/music_ingestion_dag.py for tasks to queue
[2026-02-24T06:29:48.992+0000] {logging_mixin.py:190} INFO - [2026-02-24T06:29:48.992+0000] {dagbag.py:588} INFO - Filling up the DagBag from /opt/airflow/dags/music_ingestion_dag.py
[2026-02-24T06:29:49.023+0000] {processor.py:925} INFO - DAG(s) '01_music_ingestion_realtime' retrieved from /opt/airflow/dags/music_ingestion_dag.py
[2026-02-24T06:29:49.055+0000] {logging_mixin.py:190} INFO - [2026-02-24T06:29:49.055+0000] {dag.py:3239} INFO - Sync 1 DAGs
[2026-02-24T06:29:49.079+0000] {logging_mixin.py:190} INFO - [2026-02-24T06:29:49.078+0000] {dag.py:4180} INFO - Setting next_dagrun for 01_music_ingestion_realtime to 2026-02-24 05:00:00+00:00, run_after=2026-02-24 06:00:00+00:00
[2026-02-24T06:29:49.102+0000] {processor.py:208} INFO - Processing /opt/airflow/dags/music_ingestion_dag.py took 0.119 seconds
[2026-02-24T06:30:19.475+0000] {processor.py:186} INFO - Started process (PID=277) to work on /opt/airflow/dags/music_ingestion_dag.py
[2026-02-24T06:30:19.477+0000] {processor.py:914} INFO - Processing file /opt/airflow/dags/music_ingestion_dag.py for tasks to queue
[2026-02-24T06:30:19.479+0000] {logging_mixin.py:190} INFO - [2026-02-24T06:30:19.479+0000] {dagbag.py:588} INFO - Filling up the DagBag from /opt/airflow/dags/music_ingestion_dag.py
[2026-02-24T06:30:19.506+0000] {processor.py:925} INFO - DAG(s) '01_music_ingestion_realtime' retrieved from /opt/airflow/dags/music_ingestion_dag.py
[2026-02-24T06:30:19.533+0000] {logging_mixin.py:190} INFO - [2026-02-24T06:30:19.532+0000] {dag.py:3239} INFO - Sync 1 DAGs
[2026-02-24T06:30:19.555+0000] {logging_mixin.py:190} INFO - [2026-02-24T06:30:19.555+0000] {dag.py:4180} INFO - Setting next_dagrun for 01_music_ingestion_realtime to 2026-02-24 05:00:00+00:00, run_after=2026-02-24 06:00:00+00:00
[2026-02-24T06:30:19.580+0000] {processor.py:208} INFO - Processing /opt/airflow/dags/music_ingestion_dag.py took 0.109 seconds
[2026-02-24T06:30:49.878+0000] {processor.py:186} INFO - Started process (PID=282) to work on /opt/airflow/dags/music_ingestion_dag.py
[2026-02-24T06:30:49.879+0000] {processor.py:914} INFO - Processing file /opt/airflow/dags/music_ingestion_dag.py for tasks to queue
[2026-02-24T06:30:49.881+0000] {logging_mixin.py:190} INFO - [2026-02-24T06:30:49.881+0000] {dagbag.py:588} INFO - Filling up the DagBag from /opt/airflow/dags/music_ingestion_dag.py
[2026-02-24T06:30:49.900+0000] {processor.py:925} INFO - DAG(s) '01_music_ingestion_realtime' retrieved from /opt/airflow/dags/music_ingestion_dag.py
[2026-02-24T06:30:49.923+0000] {logging_mixin.py:190} INFO - [2026-02-24T06:30:49.922+0000] {dag.py:3239} INFO - Sync 1 DAGs
[2026-02-24T06:30:49.948+0000] {logging_mixin.py:190} INFO - [2026-02-24T06:30:49.947+0000] {dag.py:4180} INFO - Setting next_dagrun for 01_music_ingestion_realtime to 2026-02-24 05:00:00+00:00, run_after=2026-02-24 06:00:00+00:00
[2026-02-24T06:30:49.972+0000] {processor.py:208} INFO - Processing /opt/airflow/dags/music_ingestion_dag.py took 0.100 seconds
[2026-02-24T06:31:20.356+0000] {processor.py:186} INFO - Started process (PID=287) to work on /opt/airflow/dags/music_ingestion_dag.py
[2026-02-24T06:31:20.357+0000] {processor.py:914} INFO - Processing file /opt/airflow/dags/music_ingestion_dag.py for tasks to queue
[2026-02-24T06:31:20.360+0000] {logging_mixin.py:190} INFO - [2026-02-24T06:31:20.360+0000] {dagbag.py:588} INFO - Filling up the DagBag from /opt/airflow/dags/music_ingestion_dag.py
[2026-02-24T06:31:20.377+0000] {processor.py:925} INFO - DAG(s) '01_music_ingestion_realtime' retrieved from /opt/airflow/dags/music_ingestion_dag.py
[2026-02-24T06:31:20.403+0000] {logging_mixin.py:190} INFO - [2026-02-24T06:31:20.403+0000] {dag.py:3239} INFO - Sync 1 DAGs
[2026-02-24T06:31:20.426+0000] {logging_mixin.py:190} INFO - [2026-02-24T06:31:20.426+0000] {dag.py:4180} INFO - Setting next_dagrun for 01_music_ingestion_realtime to 2026-02-24 05:00:00+00:00, run_after=2026-02-24 06:00:00+00:00
[2026-02-24T06:31:20.452+0000] {processor.py:208} INFO - Processing /opt/airflow/dags/music_ingestion_dag.py took 0.101 seconds
[2026-02-24T06:31:50.759+0000] {processor.py:186} INFO - Started process (PID=292) to work on /opt/airflow/dags/music_ingestion_dag.py
[2026-02-24T06:31:50.761+0000] {processor.py:914} INFO - Processing file /opt/airflow/dags/music_ingestion_dag.py for tasks to queue
[2026-02-24T06:31:50.763+0000] {logging_mixin.py:190} INFO - [2026-02-24T06:31:50.763+0000] {dagbag.py:588} INFO - Filling up the DagBag from /opt/airflow/dags/music_ingestion_dag.py
[2026-02-24T06:31:50.795+0000] {processor.py:925} INFO - DAG(s) '01_music_ingestion_realtime' retrieved from /opt/airflow/dags/music_ingestion_dag.py
[2026-02-24T06:31:50.827+0000] {logging_mixin.py:190} INFO - [2026-02-24T06:31:50.826+0000] {dag.py:3239} INFO - Sync 1 DAGs
[2026-02-24T06:31:50.852+0000] {logging_mixin.py:190} INFO - [2026-02-24T06:31:50.852+0000] {dag.py:4180} INFO - Setting next_dagrun for 01_music_ingestion_realtime to 2026-02-24 05:00:00+00:00, run_after=2026-02-24 06:00:00+00:00
[2026-02-24T06:31:50.876+0000] {processor.py:208} INFO - Processing /opt/airflow/dags/music_ingestion_dag.py took 0.123 seconds
[2026-02-24T06:32:21.204+0000] {processor.py:186} INFO - Started process (PID=297) to work on /opt/airflow/dags/music_ingestion_dag.py
[2026-02-24T06:32:21.206+0000] {processor.py:914} INFO - Processing file /opt/airflow/dags/music_ingestion_dag.py for tasks to queue
[2026-02-24T06:32:21.212+0000] {logging_mixin.py:190} INFO - [2026-02-24T06:32:21.212+0000] {dagbag.py:588} INFO - Filling up the DagBag from /opt/airflow/dags/music_ingestion_dag.py
[2026-02-24T06:32:21.233+0000] {processor.py:925} INFO - DAG(s) '01_music_ingestion_realtime' retrieved from /opt/airflow/dags/music_ingestion_dag.py
[2026-02-24T06:32:21.266+0000] {logging_mixin.py:190} INFO - [2026-02-24T06:32:21.266+0000] {dag.py:3239} INFO - Sync 1 DAGs
[2026-02-24T06:32:21.294+0000] {logging_mixin.py:190} INFO - [2026-02-24T06:32:21.294+0000] {dag.py:4180} INFO - Setting next_dagrun for 01_music_ingestion_realtime to 2026-02-24 05:00:00+00:00, run_after=2026-02-24 06:00:00+00:00
[2026-02-24T06:32:21.319+0000] {processor.py:208} INFO - Processing /opt/airflow/dags/music_ingestion_dag.py took 0.123 seconds
[2026-02-24T06:32:51.588+0000] {processor.py:186} INFO - Started process (PID=302) to work on /opt/airflow/dags/music_ingestion_dag.py
[2026-02-24T06:32:51.589+0000] {processor.py:914} INFO - Processing file /opt/airflow/dags/music_ingestion_dag.py for tasks to queue
[2026-02-24T06:32:51.592+0000] {logging_mixin.py:190} INFO - [2026-02-24T06:32:51.592+0000] {dagbag.py:588} INFO - Filling up the DagBag from /opt/airflow/dags/music_ingestion_dag.py
[2026-02-24T06:32:51.612+0000] {processor.py:925} INFO - DAG(s) '01_music_ingestion_realtime' retrieved from /opt/airflow/dags/music_ingestion_dag.py
[2026-02-24T06:32:51.636+0000] {logging_mixin.py:190} INFO - [2026-02-24T06:32:51.636+0000] {dag.py:3239} INFO - Sync 1 DAGs
[2026-02-24T06:32:51.659+0000] {logging_mixin.py:190} INFO - [2026-02-24T06:32:51.659+0000] {dag.py:4180} INFO - Setting next_dagrun for 01_music_ingestion_realtime to 2026-02-24 05:00:00+00:00, run_after=2026-02-24 06:00:00+00:00
[2026-02-24T06:32:51.685+0000] {processor.py:208} INFO - Processing /opt/airflow/dags/music_ingestion_dag.py took 0.102 seconds
[2026-02-24T06:33:21.972+0000] {processor.py:186} INFO - Started process (PID=307) to work on /opt/airflow/dags/music_ingestion_dag.py
[2026-02-24T06:33:21.974+0000] {processor.py:914} INFO - Processing file /opt/airflow/dags/music_ingestion_dag.py for tasks to queue
[2026-02-24T06:33:21.978+0000] {logging_mixin.py:190} INFO - [2026-02-24T06:33:21.977+0000] {dagbag.py:588} INFO - Filling up the DagBag from /opt/airflow/dags/music_ingestion_dag.py
[2026-02-24T06:33:22.003+0000] {processor.py:925} INFO - DAG(s) '01_music_ingestion_realtime' retrieved from /opt/airflow/dags/music_ingestion_dag.py
[2026-02-24T06:33:22.034+0000] {logging_mixin.py:190} INFO - [2026-02-24T06:33:22.034+0000] {dag.py:3239} INFO - Sync 1 DAGs
[2026-02-24T06:33:22.060+0000] {logging_mixin.py:190} INFO - [2026-02-24T06:33:22.060+0000] {dag.py:4180} INFO - Setting next_dagrun for 01_music_ingestion_realtime to 2026-02-24 05:00:00+00:00, run_after=2026-02-24 06:00:00+00:00
[2026-02-24T06:33:22.086+0000] {processor.py:208} INFO - Processing /opt/airflow/dags/music_ingestion_dag.py took 0.126 seconds
[2026-02-24T06:33:52.421+0000] {processor.py:186} INFO - Started process (PID=312) to work on /opt/airflow/dags/music_ingestion_dag.py
[2026-02-24T06:33:52.423+0000] {processor.py:914} INFO - Processing file /opt/airflow/dags/music_ingestion_dag.py for tasks to queue
[2026-02-24T06:33:52.429+0000] {logging_mixin.py:190} INFO - [2026-02-24T06:33:52.428+0000] {dagbag.py:588} INFO - Filling up the DagBag from /opt/airflow/dags/music_ingestion_dag.py
[2026-02-24T06:33:52.476+0000] {processor.py:925} INFO - DAG(s) '01_music_ingestion_realtime' retrieved from /opt/airflow/dags/music_ingestion_dag.py
[2026-02-24T06:33:52.576+0000] {logging_mixin.py:190} INFO - [2026-02-24T06:33:52.576+0000] {dag.py:3239} INFO - Sync 1 DAGs
[2026-02-24T06:33:52.655+0000] {logging_mixin.py:190} INFO - [2026-02-24T06:33:52.655+0000] {dag.py:4180} INFO - Setting next_dagrun for 01_music_ingestion_realtime to 2026-02-24 05:00:00+00:00, run_after=2026-02-24 06:00:00+00:00
[2026-02-24T06:33:52.696+0000] {processor.py:208} INFO - Processing /opt/airflow/dags/music_ingestion_dag.py took 0.298 seconds
[2026-02-24T06:34:22.833+0000] {processor.py:186} INFO - Started process (PID=317) to work on /opt/airflow/dags/music_ingestion_dag.py
[2026-02-24T06:34:22.834+0000] {processor.py:914} INFO - Processing file /opt/airflow/dags/music_ingestion_dag.py for tasks to queue
[2026-02-24T06:34:22.837+0000] {logging_mixin.py:190} INFO - [2026-02-24T06:34:22.837+0000] {dagbag.py:588} INFO - Filling up the DagBag from /opt/airflow/dags/music_ingestion_dag.py
[2026-02-24T06:34:22.856+0000] {processor.py:925} INFO - DAG(s) '01_music_ingestion_realtime' retrieved from /opt/airflow/dags/music_ingestion_dag.py
[2026-02-24T06:34:22.890+0000] {logging_mixin.py:190} INFO - [2026-02-24T06:34:22.890+0000] {dag.py:3239} INFO - Sync 1 DAGs
[2026-02-24T06:34:22.914+0000] {logging_mixin.py:190} INFO - [2026-02-24T06:34:22.914+0000] {dag.py:4180} INFO - Setting next_dagrun for 01_music_ingestion_realtime to 2026-02-24 05:00:00+00:00, run_after=2026-02-24 06:00:00+00:00
[2026-02-24T06:34:22.941+0000] {processor.py:208} INFO - Processing /opt/airflow/dags/music_ingestion_dag.py took 0.114 seconds
[2026-02-24T06:34:53.155+0000] {processor.py:186} INFO - Started process (PID=322) to work on /opt/airflow/dags/music_ingestion_dag.py
[2026-02-24T06:34:53.156+0000] {processor.py:914} INFO - Processing file /opt/airflow/dags/music_ingestion_dag.py for tasks to queue
[2026-02-24T06:34:53.158+0000] {logging_mixin.py:190} INFO - [2026-02-24T06:34:53.158+0000] {dagbag.py:588} INFO - Filling up the DagBag from /opt/airflow/dags/music_ingestion_dag.py
[2026-02-24T06:34:53.178+0000] {processor.py:925} INFO - DAG(s) '01_music_ingestion_realtime' retrieved from /opt/airflow/dags/music_ingestion_dag.py
[2026-02-24T06:34:53.205+0000] {logging_mixin.py:190} INFO - [2026-02-24T06:34:53.205+0000] {dag.py:3239} INFO - Sync 1 DAGs
[2026-02-24T06:34:53.227+0000] {logging_mixin.py:190} INFO - [2026-02-24T06:34:53.227+0000] {dag.py:4180} INFO - Setting next_dagrun for 01_music_ingestion_realtime to 2026-02-24 05:00:00+00:00, run_after=2026-02-24 06:00:00+00:00
[2026-02-24T06:34:53.255+0000] {processor.py:208} INFO - Processing /opt/airflow/dags/music_ingestion_dag.py took 0.106 seconds
[2026-02-24T06:35:23.610+0000] {processor.py:186} INFO - Started process (PID=327) to work on /opt/airflow/dags/music_ingestion_dag.py
[2026-02-24T06:35:23.611+0000] {processor.py:914} INFO - Processing file /opt/airflow/dags/music_ingestion_dag.py for tasks to queue
[2026-02-24T06:35:23.615+0000] {logging_mixin.py:190} INFO - [2026-02-24T06:35:23.614+0000] {dagbag.py:588} INFO - Filling up the DagBag from /opt/airflow/dags/music_ingestion_dag.py
[2026-02-24T06:35:23.635+0000] {processor.py:925} INFO - DAG(s) '01_music_ingestion_realtime' retrieved from /opt/airflow/dags/music_ingestion_dag.py
[2026-02-24T06:35:23.663+0000] {logging_mixin.py:190} INFO - [2026-02-24T06:35:23.663+0000] {dag.py:3239} INFO - Sync 1 DAGs
[2026-02-24T06:35:23.688+0000] {logging_mixin.py:190} INFO - [2026-02-24T06:35:23.688+0000] {dag.py:4180} INFO - Setting next_dagrun for 01_music_ingestion_realtime to 2026-02-24 05:00:00+00:00, run_after=2026-02-24 06:00:00+00:00
[2026-02-24T06:35:23.715+0000] {processor.py:208} INFO - Processing /opt/airflow/dags/music_ingestion_dag.py took 0.111 seconds
[2026-02-24T06:35:53.954+0000] {processor.py:186} INFO - Started process (PID=332) to work on /opt/airflow/dags/music_ingestion_dag.py
[2026-02-24T06:35:53.956+0000] {processor.py:914} INFO - Processing file /opt/airflow/dags/music_ingestion_dag.py for tasks to queue
[2026-02-24T06:35:53.961+0000] {logging_mixin.py:190} INFO - [2026-02-24T06:35:53.960+0000] {dagbag.py:588} INFO - Filling up the DagBag from /opt/airflow/dags/music_ingestion_dag.py
[2026-02-24T06:35:53.996+0000] {processor.py:925} INFO - DAG(s) '01_music_ingestion_realtime' retrieved from /opt/airflow/dags/music_ingestion_dag.py
[2026-02-24T06:35:54.030+0000] {logging_mixin.py:190} INFO - [2026-02-24T06:35:54.029+0000] {dag.py:3239} INFO - Sync 1 DAGs
[2026-02-24T06:35:54.055+0000] {logging_mixin.py:190} INFO - [2026-02-24T06:35:54.055+0000] {dag.py:4180} INFO - Setting next_dagrun for 01_music_ingestion_realtime to 2026-02-24 05:00:00+00:00, run_after=2026-02-24 06:00:00+00:00
[2026-02-24T06:35:54.079+0000] {processor.py:208} INFO - Processing /opt/airflow/dags/music_ingestion_dag.py took 0.135 seconds
[2026-02-24T06:36:24.329+0000] {processor.py:186} INFO - Started process (PID=337) to work on /opt/airflow/dags/music_ingestion_dag.py
[2026-02-24T06:36:24.330+0000] {processor.py:914} INFO - Processing file /opt/airflow/dags/music_ingestion_dag.py for tasks to queue
[2026-02-24T06:36:24.332+0000] {logging_mixin.py:190} INFO - [2026-02-24T06:36:24.332+0000] {dagbag.py:588} INFO - Filling up the DagBag from /opt/airflow/dags/music_ingestion_dag.py
[2026-02-24T06:36:24.348+0000] {processor.py:925} INFO - DAG(s) '01_music_ingestion_realtime' retrieved from /opt/airflow/dags/music_ingestion_dag.py
[2026-02-24T06:36:24.376+0000] {logging_mixin.py:190} INFO - [2026-02-24T06:36:24.376+0000] {dag.py:3239} INFO - Sync 1 DAGs
[2026-02-24T06:36:24.400+0000] {logging_mixin.py:190} INFO - [2026-02-24T06:36:24.400+0000] {dag.py:4180} INFO - Setting next_dagrun for 01_music_ingestion_realtime to 2026-02-24 05:00:00+00:00, run_after=2026-02-24 06:00:00+00:00
[2026-02-24T06:36:24.427+0000] {processor.py:208} INFO - Processing /opt/airflow/dags/music_ingestion_dag.py took 0.104 seconds
[2026-02-24T06:36:54.745+0000] {processor.py:186} INFO - Started process (PID=342) to work on /opt/airflow/dags/music_ingestion_dag.py
[2026-02-24T06:36:54.747+0000] {processor.py:914} INFO - Processing file /opt/airflow/dags/music_ingestion_dag.py for tasks to queue
[2026-02-24T06:36:54.751+0000] {logging_mixin.py:190} INFO - [2026-02-24T06:36:54.751+0000] {dagbag.py:588} INFO - Filling up the DagBag from /opt/airflow/dags/music_ingestion_dag.py
[2026-02-24T06:36:54.779+0000] {processor.py:925} INFO - DAG(s) '01_music_ingestion_realtime' retrieved from /opt/airflow/dags/music_ingestion_dag.py
[2026-02-24T06:36:54.834+0000] {logging_mixin.py:190} INFO - [2026-02-24T06:36:54.833+0000] {dag.py:3239} INFO - Sync 1 DAGs
[2026-02-24T06:36:54.864+0000] {logging_mixin.py:190} INFO - [2026-02-24T06:36:54.864+0000] {dag.py:4180} INFO - Setting next_dagrun for 01_music_ingestion_realtime to 2026-02-24 05:00:00+00:00, run_after=2026-02-24 06:00:00+00:00
[2026-02-24T06:36:54.908+0000] {processor.py:208} INFO - Processing /opt/airflow/dags/music_ingestion_dag.py took 0.173 seconds
[2026-02-24T06:37:25.076+0000] {processor.py:186} INFO - Started process (PID=347) to work on /opt/airflow/dags/music_ingestion_dag.py
[2026-02-24T06:37:25.077+0000] {processor.py:914} INFO - Processing file /opt/airflow/dags/music_ingestion_dag.py for tasks to queue
[2026-02-24T06:37:25.080+0000] {logging_mixin.py:190} INFO - [2026-02-24T06:37:25.079+0000] {dagbag.py:588} INFO - Filling up the DagBag from /opt/airflow/dags/music_ingestion_dag.py
[2026-02-24T06:37:25.109+0000] {processor.py:925} INFO - DAG(s) '01_music_ingestion_realtime' retrieved from /opt/airflow/dags/music_ingestion_dag.py
[2026-02-24T06:37:25.151+0000] {logging_mixin.py:190} INFO - [2026-02-24T06:37:25.150+0000] {dag.py:3239} INFO - Sync 1 DAGs
[2026-02-24T06:37:25.192+0000] {logging_mixin.py:190} INFO - [2026-02-24T06:37:25.192+0000] {dag.py:4180} INFO - Setting next_dagrun for 01_music_ingestion_realtime to 2026-02-24 05:00:00+00:00, run_after=2026-02-24 06:00:00+00:00
[2026-02-24T06:37:25.259+0000] {processor.py:208} INFO - Processing /opt/airflow/dags/music_ingestion_dag.py took 0.193 seconds
[2026-02-24T06:37:55.537+0000] {processor.py:186} INFO - Started process (PID=352) to work on /opt/airflow/dags/music_ingestion_dag.py
[2026-02-24T06:37:55.539+0000] {processor.py:914} INFO - Processing file /opt/airflow/dags/music_ingestion_dag.py for tasks to queue
[2026-02-24T06:37:55.542+0000] {logging_mixin.py:190} INFO - [2026-02-24T06:37:55.541+0000] {dagbag.py:588} INFO - Filling up the DagBag from /opt/airflow/dags/music_ingestion_dag.py
[2026-02-24T06:37:55.560+0000] {processor.py:925} INFO - DAG(s) '01_music_ingestion_realtime' retrieved from /opt/airflow/dags/music_ingestion_dag.py
[2026-02-24T06:37:55.594+0000] {logging_mixin.py:190} INFO - [2026-02-24T06:37:55.594+0000] {dag.py:3239} INFO - Sync 1 DAGs
[2026-02-24T06:37:55.622+0000] {logging_mixin.py:190} INFO - [2026-02-24T06:37:55.621+0000] {dag.py:4180} INFO - Setting next_dagrun for 01_music_ingestion_realtime to 2026-02-24 05:00:00+00:00, run_after=2026-02-24 06:00:00+00:00
[2026-02-24T06:37:55.646+0000] {processor.py:208} INFO - Processing /opt/airflow/dags/music_ingestion_dag.py took 0.115 seconds
[2026-02-24T06:38:25.904+0000] {processor.py:186} INFO - Started process (PID=357) to work on /opt/airflow/dags/music_ingestion_dag.py
[2026-02-24T06:38:25.906+0000] {processor.py:914} INFO - Processing file /opt/airflow/dags/music_ingestion_dag.py for tasks to queue
[2026-02-24T06:38:25.908+0000] {logging_mixin.py:190} INFO - [2026-02-24T06:38:25.908+0000] {dagbag.py:588} INFO - Filling up the DagBag from /opt/airflow/dags/music_ingestion_dag.py
[2026-02-24T06:38:25.928+0000] {processor.py:925} INFO - DAG(s) '01_music_ingestion_realtime' retrieved from /opt/airflow/dags/music_ingestion_dag.py
[2026-02-24T06:38:25.959+0000] {logging_mixin.py:190} INFO - [2026-02-24T06:38:25.959+0000] {dag.py:3239} INFO - Sync 1 DAGs
[2026-02-24T06:38:25.982+0000] {logging_mixin.py:190} INFO - [2026-02-24T06:38:25.982+0000] {dag.py:4180} INFO - Setting next_dagrun for 01_music_ingestion_realtime to 2026-02-24 05:00:00+00:00, run_after=2026-02-24 06:00:00+00:00
[2026-02-24T06:38:26.007+0000] {processor.py:208} INFO - Processing /opt/airflow/dags/music_ingestion_dag.py took 0.108 seconds
[2026-02-24T06:38:56.296+0000] {processor.py:186} INFO - Started process (PID=362) to work on /opt/airflow/dags/music_ingestion_dag.py
[2026-02-24T06:38:56.297+0000] {processor.py:914} INFO - Processing file /opt/airflow/dags/music_ingestion_dag.py for tasks to queue
[2026-02-24T06:38:56.300+0000] {logging_mixin.py:190} INFO - [2026-02-24T06:38:56.300+0000] {dagbag.py:588} INFO - Filling up the DagBag from /opt/airflow/dags/music_ingestion_dag.py
[2026-02-24T06:38:56.319+0000] {processor.py:925} INFO - DAG(s) '01_music_ingestion_realtime' retrieved from /opt/airflow/dags/music_ingestion_dag.py
[2026-02-24T06:38:56.347+0000] {logging_mixin.py:190} INFO - [2026-02-24T06:38:56.347+0000] {dag.py:3239} INFO - Sync 1 DAGs
[2026-02-24T06:38:56.374+0000] {logging_mixin.py:190} INFO - [2026-02-24T06:38:56.374+0000] {dag.py:4180} INFO - Setting next_dagrun for 01_music_ingestion_realtime to 2026-02-24 05:00:00+00:00, run_after=2026-02-24 06:00:00+00:00
[2026-02-24T06:38:56.398+0000] {processor.py:208} INFO - Processing /opt/airflow/dags/music_ingestion_dag.py took 0.107 seconds
[2026-02-24T06:39:26.637+0000] {processor.py:186} INFO - Started process (PID=367) to work on /opt/airflow/dags/music_ingestion_dag.py
[2026-02-24T06:39:26.638+0000] {processor.py:914} INFO - Processing file /opt/airflow/dags/music_ingestion_dag.py for tasks to queue
[2026-02-24T06:39:26.641+0000] {logging_mixin.py:190} INFO - [2026-02-24T06:39:26.641+0000] {dagbag.py:588} INFO - Filling up the DagBag from /opt/airflow/dags/music_ingestion_dag.py
[2026-02-24T06:39:26.662+0000] {processor.py:925} INFO - DAG(s) '01_music_ingestion_realtime' retrieved from /opt/airflow/dags/music_ingestion_dag.py
[2026-02-24T06:39:26.696+0000] {logging_mixin.py:190} INFO - [2026-02-24T06:39:26.696+0000] {dag.py:3239} INFO - Sync 1 DAGs
[2026-02-24T06:39:26.722+0000] {logging_mixin.py:190} INFO - [2026-02-24T06:39:26.721+0000] {dag.py:4180} INFO - Setting next_dagrun for 01_music_ingestion_realtime to 2026-02-24 05:00:00+00:00, run_after=2026-02-24 06:00:00+00:00
[2026-02-24T06:39:26.744+0000] {processor.py:208} INFO - Processing /opt/airflow/dags/music_ingestion_dag.py took 0.113 seconds
[2026-02-24T06:39:57.002+0000] {processor.py:186} INFO - Started process (PID=372) to work on /opt/airflow/dags/music_ingestion_dag.py
[2026-02-24T06:39:57.004+0000] {processor.py:914} INFO - Processing file /opt/airflow/dags/music_ingestion_dag.py for tasks to queue
[2026-02-24T06:39:57.007+0000] {logging_mixin.py:190} INFO - [2026-02-24T06:39:57.007+0000] {dagbag.py:588} INFO - Filling up the DagBag from /opt/airflow/dags/music_ingestion_dag.py
[2026-02-24T06:39:57.030+0000] {processor.py:925} INFO - DAG(s) '01_music_ingestion_realtime' retrieved from /opt/airflow/dags/music_ingestion_dag.py
[2026-02-24T06:39:57.071+0000] {logging_mixin.py:190} INFO - [2026-02-24T06:39:57.071+0000] {dag.py:3239} INFO - Sync 1 DAGs
[2026-02-24T06:39:57.106+0000] {logging_mixin.py:190} INFO - [2026-02-24T06:39:57.106+0000] {dag.py:4180} INFO - Setting next_dagrun for 01_music_ingestion_realtime to 2026-02-24 05:00:00+00:00, run_after=2026-02-24 06:00:00+00:00
[2026-02-24T06:39:57.133+0000] {processor.py:208} INFO - Processing /opt/airflow/dags/music_ingestion_dag.py took 0.138 seconds
[2026-02-24T06:40:27.336+0000] {processor.py:186} INFO - Started process (PID=377) to work on /opt/airflow/dags/music_ingestion_dag.py
[2026-02-24T06:40:27.339+0000] {processor.py:914} INFO - Processing file /opt/airflow/dags/music_ingestion_dag.py for tasks to queue
[2026-02-24T06:40:27.344+0000] {logging_mixin.py:190} INFO - [2026-02-24T06:40:27.343+0000] {dagbag.py:588} INFO - Filling up the DagBag from /opt/airflow/dags/music_ingestion_dag.py
[2026-02-24T06:40:27.374+0000] {processor.py:925} INFO - DAG(s) '01_music_ingestion_realtime' retrieved from /opt/airflow/dags/music_ingestion_dag.py
[2026-02-24T06:40:27.430+0000] {logging_mixin.py:190} INFO - [2026-02-24T06:40:27.430+0000] {dag.py:3239} INFO - Sync 1 DAGs
[2026-02-24T06:40:27.473+0000] {logging_mixin.py:190} INFO - [2026-02-24T06:40:27.473+0000] {dag.py:4180} INFO - Setting next_dagrun for 01_music_ingestion_realtime to 2026-02-24 05:00:00+00:00, run_after=2026-02-24 06:00:00+00:00
[2026-02-24T06:40:27.508+0000] {processor.py:208} INFO - Processing /opt/airflow/dags/music_ingestion_dag.py took 0.180 seconds
[2026-02-24T06:40:57.729+0000] {processor.py:186} INFO - Started process (PID=382) to work on /opt/airflow/dags/music_ingestion_dag.py
[2026-02-24T06:40:57.731+0000] {processor.py:914} INFO - Processing file /opt/airflow/dags/music_ingestion_dag.py for tasks to queue
[2026-02-24T06:40:57.735+0000] {logging_mixin.py:190} INFO - [2026-02-24T06:40:57.735+0000] {dagbag.py:588} INFO - Filling up the DagBag from /opt/airflow/dags/music_ingestion_dag.py
[2026-02-24T06:40:57.768+0000] {processor.py:925} INFO - DAG(s) '01_music_ingestion_realtime' retrieved from /opt/airflow/dags/music_ingestion_dag.py
[2026-02-24T06:40:57.803+0000] {logging_mixin.py:190} INFO - [2026-02-24T06:40:57.802+0000] {dag.py:3239} INFO - Sync 1 DAGs
[2026-02-24T06:40:57.830+0000] {logging_mixin.py:190} INFO - [2026-02-24T06:40:57.830+0000] {dag.py:4180} INFO - Setting next_dagrun for 01_music_ingestion_realtime to 2026-02-24 05:00:00+00:00, run_after=2026-02-24 06:00:00+00:00
[2026-02-24T06:40:57.858+0000] {processor.py:208} INFO - Processing /opt/airflow/dags/music_ingestion_dag.py took 0.137 seconds
[2026-02-24T06:41:28.072+0000] {processor.py:186} INFO - Started process (PID=387) to work on /opt/airflow/dags/music_ingestion_dag.py
[2026-02-24T06:41:28.073+0000] {processor.py:914} INFO - Processing file /opt/airflow/dags/music_ingestion_dag.py for tasks to queue
[2026-02-24T06:41:28.076+0000] {logging_mixin.py:190} INFO - [2026-02-24T06:41:28.076+0000] {dagbag.py:588} INFO - Filling up the DagBag from /opt/airflow/dags/music_ingestion_dag.py
[2026-02-24T06:41:28.099+0000] {processor.py:925} INFO - DAG(s) '01_music_ingestion_realtime' retrieved from /opt/airflow/dags/music_ingestion_dag.py
[2026-02-24T06:41:28.131+0000] {logging_mixin.py:190} INFO - [2026-02-24T06:41:28.131+0000] {dag.py:3239} INFO - Sync 1 DAGs
[2026-02-24T06:41:28.153+0000] {logging_mixin.py:190} INFO - [2026-02-24T06:41:28.153+0000] {dag.py:4180} INFO - Setting next_dagrun for 01_music_ingestion_realtime to 2026-02-24 05:00:00+00:00, run_after=2026-02-24 06:00:00+00:00
[2026-02-24T06:41:28.174+0000] {processor.py:208} INFO - Processing /opt/airflow/dags/music_ingestion_dag.py took 0.108 seconds
[2026-02-24T06:41:58.445+0000] {processor.py:186} INFO - Started process (PID=392) to work on /opt/airflow/dags/music_ingestion_dag.py
[2026-02-24T06:41:58.446+0000] {processor.py:914} INFO - Processing file /opt/airflow/dags/music_ingestion_dag.py for tasks to queue
[2026-02-24T06:41:58.450+0000] {logging_mixin.py:190} INFO - [2026-02-24T06:41:58.450+0000] {dagbag.py:588} INFO - Filling up the DagBag from /opt/airflow/dags/music_ingestion_dag.py
[2026-02-24T06:41:58.471+0000] {processor.py:925} INFO - DAG(s) '01_music_ingestion_realtime' retrieved from /opt/airflow/dags/music_ingestion_dag.py
[2026-02-24T06:41:58.503+0000] {logging_mixin.py:190} INFO - [2026-02-24T06:41:58.503+0000] {dag.py:3239} INFO - Sync 1 DAGs
[2026-02-24T06:41:58.530+0000] {logging_mixin.py:190} INFO - [2026-02-24T06:41:58.529+0000] {dag.py:4180} INFO - Setting next_dagrun for 01_music_ingestion_realtime to 2026-02-24 05:00:00+00:00, run_after=2026-02-24 06:00:00+00:00
[2026-02-24T06:41:58.557+0000] {processor.py:208} INFO - Processing /opt/airflow/dags/music_ingestion_dag.py took 0.118 seconds
[2026-02-24T06:42:28.877+0000] {processor.py:186} INFO - Started process (PID=397) to work on /opt/airflow/dags/music_ingestion_dag.py
[2026-02-24T06:42:28.879+0000] {processor.py:914} INFO - Processing file /opt/airflow/dags/music_ingestion_dag.py for tasks to queue
[2026-02-24T06:42:28.881+0000] {logging_mixin.py:190} INFO - [2026-02-24T06:42:28.881+0000] {dagbag.py:588} INFO - Filling up the DagBag from /opt/airflow/dags/music_ingestion_dag.py
[2026-02-24T06:42:28.905+0000] {processor.py:925} INFO - DAG(s) '01_music_ingestion_realtime' retrieved from /opt/airflow/dags/music_ingestion_dag.py
[2026-02-24T06:42:28.932+0000] {logging_mixin.py:190} INFO - [2026-02-24T06:42:28.932+0000] {dag.py:3239} INFO - Sync 1 DAGs
[2026-02-24T06:42:28.957+0000] {logging_mixin.py:190} INFO - [2026-02-24T06:42:28.957+0000] {dag.py:4180} INFO - Setting next_dagrun for 01_music_ingestion_realtime to 2026-02-24 05:00:00+00:00, run_after=2026-02-24 06:00:00+00:00
[2026-02-24T06:42:28.982+0000] {processor.py:208} INFO - Processing /opt/airflow/dags/music_ingestion_dag.py took 0.110 seconds
[2026-02-24T06:42:59.425+0000] {processor.py:186} INFO - Started process (PID=402) to work on /opt/airflow/dags/music_ingestion_dag.py
[2026-02-24T06:42:59.431+0000] {processor.py:914} INFO - Processing file /opt/airflow/dags/music_ingestion_dag.py for tasks to queue
[2026-02-24T06:42:59.460+0000] {logging_mixin.py:190} INFO - [2026-02-24T06:42:59.447+0000] {dagbag.py:588} INFO - Filling up the DagBag from /opt/airflow/dags/music_ingestion_dag.py
[2026-02-24T06:42:59.893+0000] {processor.py:925} INFO - DAG(s) '01_music_ingestion_realtime' retrieved from /opt/airflow/dags/music_ingestion_dag.py
[2026-02-24T06:43:00.054+0000] {logging_mixin.py:190} INFO - [2026-02-24T06:43:00.053+0000] {dag.py:3239} INFO - Sync 1 DAGs
[2026-02-24T06:43:00.146+0000] {logging_mixin.py:190} INFO - [2026-02-24T06:43:00.145+0000] {dag.py:4180} INFO - Setting next_dagrun for 01_music_ingestion_realtime to 2026-02-24 05:00:00+00:00, run_after=2026-02-24 06:00:00+00:00
[2026-02-24T06:43:00.203+0000] {processor.py:208} INFO - Processing /opt/airflow/dags/music_ingestion_dag.py took 0.808 seconds
[2026-02-24T06:43:31.166+0000] {processor.py:186} INFO - Started process (PID=407) to work on /opt/airflow/dags/music_ingestion_dag.py
[2026-02-24T06:43:31.171+0000] {processor.py:914} INFO - Processing file /opt/airflow/dags/music_ingestion_dag.py for tasks to queue
[2026-02-24T06:43:31.197+0000] {logging_mixin.py:190} INFO - [2026-02-24T06:43:31.193+0000] {dagbag.py:588} INFO - Filling up the DagBag from /opt/airflow/dags/music_ingestion_dag.py
[2026-02-24T06:43:31.334+0000] {processor.py:925} INFO - DAG(s) '01_music_ingestion_realtime' retrieved from /opt/airflow/dags/music_ingestion_dag.py
[2026-02-24T06:43:31.572+0000] {logging_mixin.py:190} INFO - [2026-02-24T06:43:31.571+0000] {dag.py:3239} INFO - Sync 1 DAGs
[2026-02-24T06:43:31.781+0000] {logging_mixin.py:190} INFO - [2026-02-24T06:43:31.780+0000] {dag.py:4180} INFO - Setting next_dagrun for 01_music_ingestion_realtime to 2026-02-24 05:00:00+00:00, run_after=2026-02-24 06:00:00+00:00
[2026-02-24T06:43:32.067+0000] {processor.py:208} INFO - Processing /opt/airflow/dags/music_ingestion_dag.py took 0.960 seconds
[2026-02-24T06:44:02.508+0000] {processor.py:186} INFO - Started process (PID=412) to work on /opt/airflow/dags/music_ingestion_dag.py
[2026-02-24T06:44:02.510+0000] {processor.py:914} INFO - Processing file /opt/airflow/dags/music_ingestion_dag.py for tasks to queue
[2026-02-24T06:44:02.519+0000] {logging_mixin.py:190} INFO - [2026-02-24T06:44:02.518+0000] {dagbag.py:588} INFO - Filling up the DagBag from /opt/airflow/dags/music_ingestion_dag.py
[2026-02-24T06:44:02.563+0000] {processor.py:925} INFO - DAG(s) '01_music_ingestion_realtime' retrieved from /opt/airflow/dags/music_ingestion_dag.py
[2026-02-24T06:44:02.608+0000] {logging_mixin.py:190} INFO - [2026-02-24T06:44:02.608+0000] {dag.py:3239} INFO - Sync 1 DAGs
[2026-02-24T06:44:02.654+0000] {logging_mixin.py:190} INFO - [2026-02-24T06:44:02.653+0000] {dag.py:4180} INFO - Setting next_dagrun for 01_music_ingestion_realtime to 2026-02-24 05:00:00+00:00, run_after=2026-02-24 06:00:00+00:00
[2026-02-24T06:44:02.682+0000] {processor.py:208} INFO - Processing /opt/airflow/dags/music_ingestion_dag.py took 0.188 seconds
[2026-02-24T06:44:32.845+0000] {processor.py:186} INFO - Started process (PID=417) to work on /opt/airflow/dags/music_ingestion_dag.py
[2026-02-24T06:44:32.846+0000] {processor.py:914} INFO - Processing file /opt/airflow/dags/music_ingestion_dag.py for tasks to queue
[2026-02-24T06:44:32.850+0000] {logging_mixin.py:190} INFO - [2026-02-24T06:44:32.849+0000] {dagbag.py:588} INFO - Filling up the DagBag from /opt/airflow/dags/music_ingestion_dag.py
[2026-02-24T06:44:32.883+0000] {processor.py:925} INFO - DAG(s) '01_music_ingestion_realtime' retrieved from /opt/airflow/dags/music_ingestion_dag.py
[2026-02-24T06:44:32.930+0000] {logging_mixin.py:190} INFO - [2026-02-24T06:44:32.930+0000] {dag.py:3239} INFO - Sync 1 DAGs
[2026-02-24T06:44:32.959+0000] {logging_mixin.py:190} INFO - [2026-02-24T06:44:32.959+0000] {dag.py:4180} INFO - Setting next_dagrun for 01_music_ingestion_realtime to 2026-02-24 05:00:00+00:00, run_after=2026-02-24 06:00:00+00:00
[2026-02-24T06:44:32.978+0000] {processor.py:208} INFO - Processing /opt/airflow/dags/music_ingestion_dag.py took 0.142 seconds
[2026-02-24T06:45:03.303+0000] {processor.py:186} INFO - Started process (PID=422) to work on /opt/airflow/dags/music_ingestion_dag.py
[2026-02-24T06:45:03.304+0000] {processor.py:914} INFO - Processing file /opt/airflow/dags/music_ingestion_dag.py for tasks to queue
[2026-02-24T06:45:03.307+0000] {logging_mixin.py:190} INFO - [2026-02-24T06:45:03.306+0000] {dagbag.py:588} INFO - Filling up the DagBag from /opt/airflow/dags/music_ingestion_dag.py
[2026-02-24T06:45:03.332+0000] {processor.py:925} INFO - DAG(s) '01_music_ingestion_realtime' retrieved from /opt/airflow/dags/music_ingestion_dag.py
[2026-02-24T06:45:03.360+0000] {logging_mixin.py:190} INFO - [2026-02-24T06:45:03.360+0000] {dag.py:3239} INFO - Sync 1 DAGs
[2026-02-24T06:45:03.381+0000] {logging_mixin.py:190} INFO - [2026-02-24T06:45:03.381+0000] {dag.py:4180} INFO - Setting next_dagrun for 01_music_ingestion_realtime to 2026-02-24 05:00:00+00:00, run_after=2026-02-24 06:00:00+00:00
[2026-02-24T06:45:03.407+0000] {processor.py:208} INFO - Processing /opt/airflow/dags/music_ingestion_dag.py took 0.110 seconds
[2026-02-24T06:45:33.679+0000] {processor.py:186} INFO - Started process (PID=427) to work on /opt/airflow/dags/music_ingestion_dag.py
[2026-02-24T06:45:33.681+0000] {processor.py:914} INFO - Processing file /opt/airflow/dags/music_ingestion_dag.py for tasks to queue
[2026-02-24T06:45:33.683+0000] {logging_mixin.py:190} INFO - [2026-02-24T06:45:33.683+0000] {dagbag.py:588} INFO - Filling up the DagBag from /opt/airflow/dags/music_ingestion_dag.py
[2026-02-24T06:45:33.700+0000] {processor.py:925} INFO - DAG(s) '01_music_ingestion_realtime' retrieved from /opt/airflow/dags/music_ingestion_dag.py
[2026-02-24T06:45:33.728+0000] {logging_mixin.py:190} INFO - [2026-02-24T06:45:33.728+0000] {dag.py:3239} INFO - Sync 1 DAGs
[2026-02-24T06:45:33.753+0000] {logging_mixin.py:190} INFO - [2026-02-24T06:45:33.753+0000] {dag.py:4180} INFO - Setting next_dagrun for 01_music_ingestion_realtime to 2026-02-24 05:00:00+00:00, run_after=2026-02-24 06:00:00+00:00
[2026-02-24T06:45:33.776+0000] {processor.py:208} INFO - Processing /opt/airflow/dags/music_ingestion_dag.py took 0.102 seconds
[2026-02-24T06:46:04.168+0000] {processor.py:186} INFO - Started process (PID=432) to work on /opt/airflow/dags/music_ingestion_dag.py
[2026-02-24T06:46:04.169+0000] {processor.py:914} INFO - Processing file /opt/airflow/dags/music_ingestion_dag.py for tasks to queue
[2026-02-24T06:46:04.172+0000] {logging_mixin.py:190} INFO - [2026-02-24T06:46:04.171+0000] {dagbag.py:588} INFO - Filling up the DagBag from /opt/airflow/dags/music_ingestion_dag.py
[2026-02-24T06:46:04.190+0000] {processor.py:925} INFO - DAG(s) '01_music_ingestion_realtime' retrieved from /opt/airflow/dags/music_ingestion_dag.py
[2026-02-24T06:46:04.219+0000] {logging_mixin.py:190} INFO - [2026-02-24T06:46:04.219+0000] {dag.py:3239} INFO - Sync 1 DAGs
[2026-02-24T06:46:04.246+0000] {logging_mixin.py:190} INFO - [2026-02-24T06:46:04.245+0000] {dag.py:4180} INFO - Setting next_dagrun for 01_music_ingestion_realtime to 2026-02-24 05:00:00+00:00, run_after=2026-02-24 06:00:00+00:00
[2026-02-24T06:46:04.273+0000] {processor.py:208} INFO - Processing /opt/airflow/dags/music_ingestion_dag.py took 0.109 seconds
[2026-02-24T06:46:34.566+0000] {processor.py:186} INFO - Started process (PID=437) to work on /opt/airflow/dags/music_ingestion_dag.py
[2026-02-24T06:46:34.568+0000] {processor.py:914} INFO - Processing file /opt/airflow/dags/music_ingestion_dag.py for tasks to queue
[2026-02-24T06:46:34.572+0000] {logging_mixin.py:190} INFO - [2026-02-24T06:46:34.571+0000] {dagbag.py:588} INFO - Filling up the DagBag from /opt/airflow/dags/music_ingestion_dag.py
[2026-02-24T06:46:34.588+0000] {processor.py:925} INFO - DAG(s) '01_music_ingestion_realtime' retrieved from /opt/airflow/dags/music_ingestion_dag.py
[2026-02-24T06:46:34.616+0000] {logging_mixin.py:190} INFO - [2026-02-24T06:46:34.616+0000] {dag.py:3239} INFO - Sync 1 DAGs
[2026-02-24T06:46:34.641+0000] {logging_mixin.py:190} INFO - [2026-02-24T06:46:34.640+0000] {dag.py:4180} INFO - Setting next_dagrun for 01_music_ingestion_realtime to 2026-02-24 05:00:00+00:00, run_after=2026-02-24 06:00:00+00:00
[2026-02-24T06:46:34.664+0000] {processor.py:208} INFO - Processing /opt/airflow/dags/music_ingestion_dag.py took 0.106 seconds
[2026-02-24T06:47:04.932+0000] {processor.py:186} INFO - Started process (PID=442) to work on /opt/airflow/dags/music_ingestion_dag.py
[2026-02-24T06:47:04.933+0000] {processor.py:914} INFO - Processing file /opt/airflow/dags/music_ingestion_dag.py for tasks to queue
[2026-02-24T06:47:04.935+0000] {logging_mixin.py:190} INFO - [2026-02-24T06:47:04.935+0000] {dagbag.py:588} INFO - Filling up the DagBag from /opt/airflow/dags/music_ingestion_dag.py
[2026-02-24T06:47:04.959+0000] {processor.py:925} INFO - DAG(s) '01_music_ingestion_realtime' retrieved from /opt/airflow/dags/music_ingestion_dag.py
[2026-02-24T06:47:05.002+0000] {logging_mixin.py:190} INFO - [2026-02-24T06:47:05.002+0000] {dag.py:3239} INFO - Sync 1 DAGs
[2026-02-24T06:47:05.038+0000] {logging_mixin.py:190} INFO - [2026-02-24T06:47:05.038+0000] {dag.py:4180} INFO - Setting next_dagrun for 01_music_ingestion_realtime to 2026-02-24 05:00:00+00:00, run_after=2026-02-24 06:00:00+00:00
[2026-02-24T06:47:05.073+0000] {processor.py:208} INFO - Processing /opt/airflow/dags/music_ingestion_dag.py took 0.146 seconds
[2026-02-24T06:47:35.297+0000] {processor.py:186} INFO - Started process (PID=447) to work on /opt/airflow/dags/music_ingestion_dag.py
[2026-02-24T06:47:35.299+0000] {processor.py:914} INFO - Processing file /opt/airflow/dags/music_ingestion_dag.py for tasks to queue
[2026-02-24T06:47:35.303+0000] {logging_mixin.py:190} INFO - [2026-02-24T06:47:35.302+0000] {dagbag.py:588} INFO - Filling up the DagBag from /opt/airflow/dags/music_ingestion_dag.py
[2026-02-24T06:47:35.328+0000] {processor.py:925} INFO - DAG(s) '01_music_ingestion_realtime' retrieved from /opt/airflow/dags/music_ingestion_dag.py
[2026-02-24T06:47:35.358+0000] {logging_mixin.py:190} INFO - [2026-02-24T06:47:35.358+0000] {dag.py:3239} INFO - Sync 1 DAGs
[2026-02-24T06:47:35.389+0000] {logging_mixin.py:190} INFO - [2026-02-24T06:47:35.388+0000] {dag.py:4180} INFO - Setting next_dagrun for 01_music_ingestion_realtime to 2026-02-24 05:00:00+00:00, run_after=2026-02-24 06:00:00+00:00
[2026-02-24T06:47:35.413+0000] {processor.py:208} INFO - Processing /opt/airflow/dags/music_ingestion_dag.py took 0.121 seconds
[2026-02-24T06:48:05.692+0000] {processor.py:186} INFO - Started process (PID=452) to work on /opt/airflow/dags/music_ingestion_dag.py
[2026-02-24T06:48:05.693+0000] {processor.py:914} INFO - Processing file /opt/airflow/dags/music_ingestion_dag.py for tasks to queue
[2026-02-24T06:48:05.696+0000] {logging_mixin.py:190} INFO - [2026-02-24T06:48:05.696+0000] {dagbag.py:588} INFO - Filling up the DagBag from /opt/airflow/dags/music_ingestion_dag.py
[2026-02-24T06:48:05.718+0000] {processor.py:925} INFO - DAG(s) '01_music_ingestion_realtime' retrieved from /opt/airflow/dags/music_ingestion_dag.py
[2026-02-24T06:48:05.744+0000] {logging_mixin.py:190} INFO - [2026-02-24T06:48:05.744+0000] {dag.py:3239} INFO - Sync 1 DAGs
[2026-02-24T06:48:05.769+0000] {logging_mixin.py:190} INFO - [2026-02-24T06:48:05.769+0000] {dag.py:4180} INFO - Setting next_dagrun for 01_music_ingestion_realtime to 2026-02-24 05:00:00+00:00, run_after=2026-02-24 06:00:00+00:00
[2026-02-24T06:48:05.798+0000] {processor.py:208} INFO - Processing /opt/airflow/dags/music_ingestion_dag.py took 0.113 seconds
[2026-02-24T06:48:36.111+0000] {processor.py:186} INFO - Started process (PID=457) to work on /opt/airflow/dags/music_ingestion_dag.py
[2026-02-24T06:48:36.112+0000] {processor.py:914} INFO - Processing file /opt/airflow/dags/music_ingestion_dag.py for tasks to queue
[2026-02-24T06:48:36.116+0000] {logging_mixin.py:190} INFO - [2026-02-24T06:48:36.115+0000] {dagbag.py:588} INFO - Filling up the DagBag from /opt/airflow/dags/music_ingestion_dag.py
[2026-02-24T06:48:36.136+0000] {processor.py:925} INFO - DAG(s) '01_music_ingestion_realtime' retrieved from /opt/airflow/dags/music_ingestion_dag.py
[2026-02-24T06:48:36.162+0000] {logging_mixin.py:190} INFO - [2026-02-24T06:48:36.162+0000] {dag.py:3239} INFO - Sync 1 DAGs
[2026-02-24T06:48:36.187+0000] {logging_mixin.py:190} INFO - [2026-02-24T06:48:36.187+0000] {dag.py:4180} INFO - Setting next_dagrun for 01_music_ingestion_realtime to 2026-02-24 05:00:00+00:00, run_after=2026-02-24 06:00:00+00:00
[2026-02-24T06:48:36.210+0000] {processor.py:208} INFO - Processing /opt/airflow/dags/music_ingestion_dag.py took 0.105 seconds
[2026-02-24T06:49:06.507+0000] {processor.py:186} INFO - Started process (PID=462) to work on /opt/airflow/dags/music_ingestion_dag.py
[2026-02-24T06:49:06.508+0000] {processor.py:914} INFO - Processing file /opt/airflow/dags/music_ingestion_dag.py for tasks to queue
[2026-02-24T06:49:06.512+0000] {logging_mixin.py:190} INFO - [2026-02-24T06:49:06.511+0000] {dagbag.py:588} INFO - Filling up the DagBag from /opt/airflow/dags/music_ingestion_dag.py
[2026-02-24T06:49:06.531+0000] {processor.py:925} INFO - DAG(s) '01_music_ingestion_realtime' retrieved from /opt/airflow/dags/music_ingestion_dag.py
[2026-02-24T06:49:06.557+0000] {logging_mixin.py:190} INFO - [2026-02-24T06:49:06.557+0000] {dag.py:3239} INFO - Sync 1 DAGs
[2026-02-24T06:49:06.584+0000] {logging_mixin.py:190} INFO - [2026-02-24T06:49:06.583+0000] {dag.py:4180} INFO - Setting next_dagrun for 01_music_ingestion_realtime to 2026-02-24 05:00:00+00:00, run_after=2026-02-24 06:00:00+00:00
[2026-02-24T06:49:06.610+0000] {processor.py:208} INFO - Processing /opt/airflow/dags/music_ingestion_dag.py took 0.109 seconds
[2026-02-24T06:49:37.003+0000] {processor.py:186} INFO - Started process (PID=467) to work on /opt/airflow/dags/music_ingestion_dag.py
[2026-02-24T06:49:37.005+0000] {processor.py:914} INFO - Processing file /opt/airflow/dags/music_ingestion_dag.py for tasks to queue
[2026-02-24T06:49:37.008+0000] {logging_mixin.py:190} INFO - [2026-02-24T06:49:37.008+0000] {dagbag.py:588} INFO - Filling up the DagBag from /opt/airflow/dags/music_ingestion_dag.py
[2026-02-24T06:49:37.040+0000] {processor.py:925} INFO - DAG(s) '01_music_ingestion_realtime' retrieved from /opt/airflow/dags/music_ingestion_dag.py
[2026-02-24T06:49:37.073+0000] {logging_mixin.py:190} INFO - [2026-02-24T06:49:37.072+0000] {dag.py:3239} INFO - Sync 1 DAGs
[2026-02-24T06:49:37.102+0000] {logging_mixin.py:190} INFO - [2026-02-24T06:49:37.102+0000] {dag.py:4180} INFO - Setting next_dagrun for 01_music_ingestion_realtime to 2026-02-24 05:00:00+00:00, run_after=2026-02-24 06:00:00+00:00
[2026-02-24T06:49:37.130+0000] {processor.py:208} INFO - Processing /opt/airflow/dags/music_ingestion_dag.py took 0.149 seconds
[2026-02-24T06:50:07.250+0000] {processor.py:186} INFO - Started process (PID=472) to work on /opt/airflow/dags/music_ingestion_dag.py
[2026-02-24T06:50:07.251+0000] {processor.py:914} INFO - Processing file /opt/airflow/dags/music_ingestion_dag.py for tasks to queue
[2026-02-24T06:50:07.254+0000] {logging_mixin.py:190} INFO - [2026-02-24T06:50:07.254+0000] {dagbag.py:588} INFO - Filling up the DagBag from /opt/airflow/dags/music_ingestion_dag.py
[2026-02-24T06:50:07.284+0000] {processor.py:925} INFO - DAG(s) '01_music_ingestion_realtime' retrieved from /opt/airflow/dags/music_ingestion_dag.py
[2026-02-24T06:50:07.318+0000] {logging_mixin.py:190} INFO - [2026-02-24T06:50:07.318+0000] {dag.py:3239} INFO - Sync 1 DAGs
[2026-02-24T06:50:07.342+0000] {logging_mixin.py:190} INFO - [2026-02-24T06:50:07.341+0000] {dag.py:4180} INFO - Setting next_dagrun for 01_music_ingestion_realtime to 2026-02-24 05:00:00+00:00, run_after=2026-02-24 06:00:00+00:00
[2026-02-24T06:50:07.371+0000] {processor.py:208} INFO - Processing /opt/airflow/dags/music_ingestion_dag.py took 0.129 seconds
[2026-02-24T06:50:37.617+0000] {processor.py:186} INFO - Started process (PID=477) to work on /opt/airflow/dags/music_ingestion_dag.py
[2026-02-24T06:50:37.619+0000] {processor.py:914} INFO - Processing file /opt/airflow/dags/music_ingestion_dag.py for tasks to queue
[2026-02-24T06:50:37.621+0000] {logging_mixin.py:190} INFO - [2026-02-24T06:50:37.621+0000] {dagbag.py:588} INFO - Filling up the DagBag from /opt/airflow/dags/music_ingestion_dag.py
[2026-02-24T06:50:37.639+0000] {processor.py:925} INFO - DAG(s) '01_music_ingestion_realtime' retrieved from /opt/airflow/dags/music_ingestion_dag.py
[2026-02-24T06:50:37.666+0000] {logging_mixin.py:190} INFO - [2026-02-24T06:50:37.666+0000] {dag.py:3239} INFO - Sync 1 DAGs
[2026-02-24T06:50:37.688+0000] {logging_mixin.py:190} INFO - [2026-02-24T06:50:37.688+0000] {dag.py:4180} INFO - Setting next_dagrun for 01_music_ingestion_realtime to 2026-02-24 05:00:00+00:00, run_after=2026-02-24 06:00:00+00:00
[2026-02-24T06:50:37.714+0000] {processor.py:208} INFO - Processing /opt/airflow/dags/music_ingestion_dag.py took 0.102 seconds
[2026-02-24T06:51:08.119+0000] {processor.py:186} INFO - Started process (PID=482) to work on /opt/airflow/dags/music_ingestion_dag.py
[2026-02-24T06:51:08.121+0000] {processor.py:914} INFO - Processing file /opt/airflow/dags/music_ingestion_dag.py for tasks to queue
[2026-02-24T06:51:08.123+0000] {logging_mixin.py:190} INFO - [2026-02-24T06:51:08.123+0000] {dagbag.py:588} INFO - Filling up the DagBag from /opt/airflow/dags/music_ingestion_dag.py
[2026-02-24T06:51:08.142+0000] {processor.py:925} INFO - DAG(s) '01_music_ingestion_realtime' retrieved from /opt/airflow/dags/music_ingestion_dag.py
[2026-02-24T06:51:08.169+0000] {logging_mixin.py:190} INFO - [2026-02-24T06:51:08.169+0000] {dag.py:3239} INFO - Sync 1 DAGs
[2026-02-24T06:51:08.191+0000] {logging_mixin.py:190} INFO - [2026-02-24T06:51:08.191+0000] {dag.py:4180} INFO - Setting next_dagrun for 01_music_ingestion_realtime to 2026-02-24 05:00:00+00:00, run_after=2026-02-24 06:00:00+00:00
[2026-02-24T06:51:08.216+0000] {processor.py:208} INFO - Processing /opt/airflow/dags/music_ingestion_dag.py took 0.103 seconds
[2026-02-24T06:51:38.523+0000] {processor.py:186} INFO - Started process (PID=487) to work on /opt/airflow/dags/music_ingestion_dag.py
[2026-02-24T06:51:38.524+0000] {processor.py:914} INFO - Processing file /opt/airflow/dags/music_ingestion_dag.py for tasks to queue
[2026-02-24T06:51:38.529+0000] {logging_mixin.py:190} INFO - [2026-02-24T06:51:38.529+0000] {dagbag.py:588} INFO - Filling up the DagBag from /opt/airflow/dags/music_ingestion_dag.py
[2026-02-24T06:51:38.558+0000] {processor.py:925} INFO - DAG(s) '01_music_ingestion_realtime' retrieved from /opt/airflow/dags/music_ingestion_dag.py
[2026-02-24T06:51:38.588+0000] {logging_mixin.py:190} INFO - [2026-02-24T06:51:38.588+0000] {dag.py:3239} INFO - Sync 1 DAGs
[2026-02-24T06:51:38.612+0000] {logging_mixin.py:190} INFO - [2026-02-24T06:51:38.612+0000] {dag.py:4180} INFO - Setting next_dagrun for 01_music_ingestion_realtime to 2026-02-24 05:00:00+00:00, run_after=2026-02-24 06:00:00+00:00
[2026-02-24T06:51:38.639+0000] {processor.py:208} INFO - Processing /opt/airflow/dags/music_ingestion_dag.py took 0.121 seconds
[2026-02-24T06:52:09.009+0000] {processor.py:186} INFO - Started process (PID=492) to work on /opt/airflow/dags/music_ingestion_dag.py
[2026-02-24T06:52:09.012+0000] {processor.py:914} INFO - Processing file /opt/airflow/dags/music_ingestion_dag.py for tasks to queue
[2026-02-24T06:52:09.016+0000] {logging_mixin.py:190} INFO - [2026-02-24T06:52:09.016+0000] {dagbag.py:588} INFO - Filling up the DagBag from /opt/airflow/dags/music_ingestion_dag.py
[2026-02-24T06:52:09.060+0000] {processor.py:925} INFO - DAG(s) '01_music_ingestion_realtime' retrieved from /opt/airflow/dags/music_ingestion_dag.py
[2026-02-24T06:52:09.092+0000] {logging_mixin.py:190} INFO - [2026-02-24T06:52:09.092+0000] {dag.py:3239} INFO - Sync 1 DAGs
[2026-02-24T06:52:09.123+0000] {logging_mixin.py:190} INFO - [2026-02-24T06:52:09.123+0000] {dag.py:4180} INFO - Setting next_dagrun for 01_music_ingestion_realtime to 2026-02-24 05:00:00+00:00, run_after=2026-02-24 06:00:00+00:00
[2026-02-24T06:52:09.147+0000] {processor.py:208} INFO - Processing /opt/airflow/dags/music_ingestion_dag.py took 0.147 seconds
[2026-02-24T06:52:39.432+0000] {processor.py:186} INFO - Started process (PID=497) to work on /opt/airflow/dags/music_ingestion_dag.py
[2026-02-24T06:52:39.433+0000] {processor.py:914} INFO - Processing file /opt/airflow/dags/music_ingestion_dag.py for tasks to queue
[2026-02-24T06:52:39.436+0000] {logging_mixin.py:190} INFO - [2026-02-24T06:52:39.436+0000] {dagbag.py:588} INFO - Filling up the DagBag from /opt/airflow/dags/music_ingestion_dag.py
[2026-02-24T06:52:39.460+0000] {processor.py:925} INFO - DAG(s) '01_music_ingestion_realtime' retrieved from /opt/airflow/dags/music_ingestion_dag.py
[2026-02-24T06:52:39.490+0000] {logging_mixin.py:190} INFO - [2026-02-24T06:52:39.490+0000] {dag.py:3239} INFO - Sync 1 DAGs
[2026-02-24T06:52:39.517+0000] {logging_mixin.py:190} INFO - [2026-02-24T06:52:39.516+0000] {dag.py:4180} INFO - Setting next_dagrun for 01_music_ingestion_realtime to 2026-02-24 05:00:00+00:00, run_after=2026-02-24 06:00:00+00:00
[2026-02-24T06:52:39.540+0000] {processor.py:208} INFO - Processing /opt/airflow/dags/music_ingestion_dag.py took 0.116 seconds
[2026-02-24T06:53:09.900+0000] {processor.py:186} INFO - Started process (PID=502) to work on /opt/airflow/dags/music_ingestion_dag.py
[2026-02-24T06:53:09.901+0000] {processor.py:914} INFO - Processing file /opt/airflow/dags/music_ingestion_dag.py for tasks to queue
[2026-02-24T06:53:09.905+0000] {logging_mixin.py:190} INFO - [2026-02-24T06:53:09.904+0000] {dagbag.py:588} INFO - Filling up the DagBag from /opt/airflow/dags/music_ingestion_dag.py
[2026-02-24T06:53:09.937+0000] {processor.py:925} INFO - DAG(s) '01_music_ingestion_realtime' retrieved from /opt/airflow/dags/music_ingestion_dag.py
[2026-02-24T06:53:09.968+0000] {logging_mixin.py:190} INFO - [2026-02-24T06:53:09.968+0000] {dag.py:3239} INFO - Sync 1 DAGs
[2026-02-24T06:53:10.002+0000] {logging_mixin.py:190} INFO - [2026-02-24T06:53:10.002+0000] {dag.py:4180} INFO - Setting next_dagrun for 01_music_ingestion_realtime to 2026-02-24 05:00:00+00:00, run_after=2026-02-24 06:00:00+00:00
[2026-02-24T06:53:10.029+0000] {processor.py:208} INFO - Processing /opt/airflow/dags/music_ingestion_dag.py took 0.139 seconds
[2026-02-24T06:53:40.257+0000] {processor.py:186} INFO - Started process (PID=507) to work on /opt/airflow/dags/music_ingestion_dag.py
[2026-02-24T06:53:40.259+0000] {processor.py:914} INFO - Processing file /opt/airflow/dags/music_ingestion_dag.py for tasks to queue
[2026-02-24T06:53:40.262+0000] {logging_mixin.py:190} INFO - [2026-02-24T06:53:40.262+0000] {dagbag.py:588} INFO - Filling up the DagBag from /opt/airflow/dags/music_ingestion_dag.py
[2026-02-24T06:53:40.294+0000] {processor.py:925} INFO - DAG(s) '01_music_ingestion_realtime' retrieved from /opt/airflow/dags/music_ingestion_dag.py
[2026-02-24T06:53:40.326+0000] {logging_mixin.py:190} INFO - [2026-02-24T06:53:40.325+0000] {dag.py:3239} INFO - Sync 1 DAGs
[2026-02-24T06:53:40.351+0000] {logging_mixin.py:190} INFO - [2026-02-24T06:53:40.351+0000] {dag.py:4180} INFO - Setting next_dagrun for 01_music_ingestion_realtime to 2026-02-24 05:00:00+00:00, run_after=2026-02-24 06:00:00+00:00
[2026-02-24T06:53:40.377+0000] {processor.py:208} INFO - Processing /opt/airflow/dags/music_ingestion_dag.py took 0.126 seconds
[2026-02-24T06:54:10.687+0000] {processor.py:186} INFO - Started process (PID=512) to work on /opt/airflow/dags/music_ingestion_dag.py
[2026-02-24T06:54:10.688+0000] {processor.py:914} INFO - Processing file /opt/airflow/dags/music_ingestion_dag.py for tasks to queue
[2026-02-24T06:54:10.691+0000] {logging_mixin.py:190} INFO - [2026-02-24T06:54:10.691+0000] {dagbag.py:588} INFO - Filling up the DagBag from /opt/airflow/dags/music_ingestion_dag.py
[2026-02-24T06:54:10.715+0000] {processor.py:925} INFO - DAG(s) '01_music_ingestion_realtime' retrieved from /opt/airflow/dags/music_ingestion_dag.py
[2026-02-24T06:54:10.745+0000] {logging_mixin.py:190} INFO - [2026-02-24T06:54:10.745+0000] {dag.py:3239} INFO - Sync 1 DAGs
[2026-02-24T06:54:10.776+0000] {logging_mixin.py:190} INFO - [2026-02-24T06:54:10.775+0000] {dag.py:4180} INFO - Setting next_dagrun for 01_music_ingestion_realtime to 2026-02-24 05:00:00+00:00, run_after=2026-02-24 06:00:00+00:00
[2026-02-24T06:54:10.802+0000] {processor.py:208} INFO - Processing /opt/airflow/dags/music_ingestion_dag.py took 0.121 seconds
[2026-02-24T06:54:41.031+0000] {processor.py:186} INFO - Started process (PID=517) to work on /opt/airflow/dags/music_ingestion_dag.py
[2026-02-24T06:54:41.032+0000] {processor.py:914} INFO - Processing file /opt/airflow/dags/music_ingestion_dag.py for tasks to queue
[2026-02-24T06:54:41.035+0000] {logging_mixin.py:190} INFO - [2026-02-24T06:54:41.034+0000] {dagbag.py:588} INFO - Filling up the DagBag from /opt/airflow/dags/music_ingestion_dag.py
[2026-02-24T06:54:41.056+0000] {processor.py:925} INFO - DAG(s) '01_music_ingestion_realtime' retrieved from /opt/airflow/dags/music_ingestion_dag.py
[2026-02-24T06:54:41.091+0000] {logging_mixin.py:190} INFO - [2026-02-24T06:54:41.091+0000] {dag.py:3239} INFO - Sync 1 DAGs
[2026-02-24T06:54:41.123+0000] {logging_mixin.py:190} INFO - [2026-02-24T06:54:41.123+0000] {dag.py:4180} INFO - Setting next_dagrun for 01_music_ingestion_realtime to 2026-02-24 05:00:00+00:00, run_after=2026-02-24 06:00:00+00:00
[2026-02-24T06:54:41.154+0000] {processor.py:208} INFO - Processing /opt/airflow/dags/music_ingestion_dag.py took 0.130 seconds
[2026-02-24T06:55:11.454+0000] {processor.py:186} INFO - Started process (PID=522) to work on /opt/airflow/dags/music_ingestion_dag.py
[2026-02-24T06:55:11.455+0000] {processor.py:914} INFO - Processing file /opt/airflow/dags/music_ingestion_dag.py for tasks to queue
[2026-02-24T06:55:11.458+0000] {logging_mixin.py:190} INFO - [2026-02-24T06:55:11.458+0000] {dagbag.py:588} INFO - Filling up the DagBag from /opt/airflow/dags/music_ingestion_dag.py
[2026-02-24T06:55:11.486+0000] {processor.py:925} INFO - DAG(s) '01_music_ingestion_realtime' retrieved from /opt/airflow/dags/music_ingestion_dag.py
[2026-02-24T06:55:11.513+0000] {logging_mixin.py:190} INFO - [2026-02-24T06:55:11.513+0000] {dag.py:3239} INFO - Sync 1 DAGs
[2026-02-24T06:55:11.538+0000] {logging_mixin.py:190} INFO - [2026-02-24T06:55:11.538+0000] {dag.py:4180} INFO - Setting next_dagrun for 01_music_ingestion_realtime to 2026-02-24 05:00:00+00:00, run_after=2026-02-24 06:00:00+00:00
[2026-02-24T06:55:11.564+0000] {processor.py:208} INFO - Processing /opt/airflow/dags/music_ingestion_dag.py took 0.115 seconds
[2026-02-24T06:55:41.860+0000] {processor.py:186} INFO - Started process (PID=527) to work on /opt/airflow/dags/music_ingestion_dag.py
[2026-02-24T06:55:41.861+0000] {processor.py:914} INFO - Processing file /opt/airflow/dags/music_ingestion_dag.py for tasks to queue
[2026-02-24T06:55:41.864+0000] {logging_mixin.py:190} INFO - [2026-02-24T06:55:41.863+0000] {dagbag.py:588} INFO - Filling up the DagBag from /opt/airflow/dags/music_ingestion_dag.py
[2026-02-24T06:55:41.886+0000] {processor.py:925} INFO - DAG(s) '01_music_ingestion_realtime' retrieved from /opt/airflow/dags/music_ingestion_dag.py
[2026-02-24T06:55:41.914+0000] {logging_mixin.py:190} INFO - [2026-02-24T06:55:41.913+0000] {dag.py:3239} INFO - Sync 1 DAGs
[2026-02-24T06:55:41.943+0000] {logging_mixin.py:190} INFO - [2026-02-24T06:55:41.943+0000] {dag.py:4180} INFO - Setting next_dagrun for 01_music_ingestion_realtime to 2026-02-24 05:00:00+00:00, run_after=2026-02-24 06:00:00+00:00
[2026-02-24T06:55:41.970+0000] {processor.py:208} INFO - Processing /opt/airflow/dags/music_ingestion_dag.py took 0.115 seconds
[2026-02-24T06:56:12.245+0000] {processor.py:186} INFO - Started process (PID=532) to work on /opt/airflow/dags/music_ingestion_dag.py
[2026-02-24T06:56:12.246+0000] {processor.py:914} INFO - Processing file /opt/airflow/dags/music_ingestion_dag.py for tasks to queue
[2026-02-24T06:56:12.250+0000] {logging_mixin.py:190} INFO - [2026-02-24T06:56:12.249+0000] {dagbag.py:588} INFO - Filling up the DagBag from /opt/airflow/dags/music_ingestion_dag.py
[2026-02-24T06:56:12.284+0000] {processor.py:925} INFO - DAG(s) '01_music_ingestion_realtime' retrieved from /opt/airflow/dags/music_ingestion_dag.py
[2026-02-24T06:56:12.323+0000] {logging_mixin.py:190} INFO - [2026-02-24T06:56:12.323+0000] {dag.py:3239} INFO - Sync 1 DAGs
[2026-02-24T06:56:12.346+0000] {logging_mixin.py:190} INFO - [2026-02-24T06:56:12.346+0000] {dag.py:4180} INFO - Setting next_dagrun for 01_music_ingestion_realtime to 2026-02-24 05:00:00+00:00, run_after=2026-02-24 06:00:00+00:00
[2026-02-24T06:56:12.370+0000] {processor.py:208} INFO - Processing /opt/airflow/dags/music_ingestion_dag.py took 0.131 seconds
[2026-02-24T06:56:42.619+0000] {processor.py:186} INFO - Started process (PID=537) to work on /opt/airflow/dags/music_ingestion_dag.py
[2026-02-24T06:56:42.620+0000] {processor.py:914} INFO - Processing file /opt/airflow/dags/music_ingestion_dag.py for tasks to queue
[2026-02-24T06:56:42.624+0000] {logging_mixin.py:190} INFO - [2026-02-24T06:56:42.624+0000] {dagbag.py:588} INFO - Filling up the DagBag from /opt/airflow/dags/music_ingestion_dag.py
[2026-02-24T06:56:42.665+0000] {processor.py:925} INFO - DAG(s) '01_music_ingestion_realtime' retrieved from /opt/airflow/dags/music_ingestion_dag.py
[2026-02-24T06:56:42.698+0000] {logging_mixin.py:190} INFO - [2026-02-24T06:56:42.697+0000] {dag.py:3239} INFO - Sync 1 DAGs
[2026-02-24T06:56:42.727+0000] {logging_mixin.py:190} INFO - [2026-02-24T06:56:42.726+0000] {dag.py:4180} INFO - Setting next_dagrun for 01_music_ingestion_realtime to 2026-02-24 05:00:00+00:00, run_after=2026-02-24 06:00:00+00:00
[2026-02-24T06:56:42.756+0000] {processor.py:208} INFO - Processing /opt/airflow/dags/music_ingestion_dag.py took 0.145 seconds
[2026-02-24T06:57:12.920+0000] {processor.py:186} INFO - Started process (PID=542) to work on /opt/airflow/dags/music_ingestion_dag.py
[2026-02-24T06:57:12.922+0000] {processor.py:914} INFO - Processing file /opt/airflow/dags/music_ingestion_dag.py for tasks to queue
[2026-02-24T06:57:12.926+0000] {logging_mixin.py:190} INFO - [2026-02-24T06:57:12.925+0000] {dagbag.py:588} INFO - Filling up the DagBag from /opt/airflow/dags/music_ingestion_dag.py
[2026-02-24T06:57:12.945+0000] {processor.py:925} INFO - DAG(s) '01_music_ingestion_realtime' retrieved from /opt/airflow/dags/music_ingestion_dag.py
[2026-02-24T06:57:12.976+0000] {logging_mixin.py:190} INFO - [2026-02-24T06:57:12.975+0000] {dag.py:3239} INFO - Sync 1 DAGs
[2026-02-24T06:57:13.000+0000] {logging_mixin.py:190} INFO - [2026-02-24T06:57:13.000+0000] {dag.py:4180} INFO - Setting next_dagrun for 01_music_ingestion_realtime to 2026-02-24 05:00:00+00:00, run_after=2026-02-24 06:00:00+00:00
[2026-02-24T06:57:13.024+0000] {processor.py:208} INFO - Processing /opt/airflow/dags/music_ingestion_dag.py took 0.111 seconds
[2026-02-24T06:57:43.240+0000] {processor.py:186} INFO - Started process (PID=547) to work on /opt/airflow/dags/music_ingestion_dag.py
[2026-02-24T06:57:43.241+0000] {processor.py:914} INFO - Processing file /opt/airflow/dags/music_ingestion_dag.py for tasks to queue
[2026-02-24T06:57:43.244+0000] {logging_mixin.py:190} INFO - [2026-02-24T06:57:43.244+0000] {dagbag.py:588} INFO - Filling up the DagBag from /opt/airflow/dags/music_ingestion_dag.py
[2026-02-24T06:57:43.262+0000] {processor.py:925} INFO - DAG(s) '01_music_ingestion_realtime' retrieved from /opt/airflow/dags/music_ingestion_dag.py
[2026-02-24T06:57:43.288+0000] {logging_mixin.py:190} INFO - [2026-02-24T06:57:43.288+0000] {dag.py:3239} INFO - Sync 1 DAGs
[2026-02-24T06:57:43.326+0000] {logging_mixin.py:190} INFO - [2026-02-24T06:57:43.326+0000] {dag.py:4180} INFO - Setting next_dagrun for 01_music_ingestion_realtime to 2026-02-24 05:00:00+00:00, run_after=2026-02-24 06:00:00+00:00
[2026-02-24T06:57:43.352+0000] {processor.py:208} INFO - Processing /opt/airflow/dags/music_ingestion_dag.py took 0.118 seconds
[2026-02-24T06:58:13.673+0000] {processor.py:186} INFO - Started process (PID=552) to work on /opt/airflow/dags/music_ingestion_dag.py
[2026-02-24T06:58:13.674+0000] {processor.py:914} INFO - Processing file /opt/airflow/dags/music_ingestion_dag.py for tasks to queue
[2026-02-24T06:58:13.676+0000] {logging_mixin.py:190} INFO - [2026-02-24T06:58:13.676+0000] {dagbag.py:588} INFO - Filling up the DagBag from /opt/airflow/dags/music_ingestion_dag.py
[2026-02-24T06:58:13.694+0000] {processor.py:925} INFO - DAG(s) '01_music_ingestion_realtime' retrieved from /opt/airflow/dags/music_ingestion_dag.py
[2026-02-24T06:58:13.720+0000] {logging_mixin.py:190} INFO - [2026-02-24T06:58:13.720+0000] {dag.py:3239} INFO - Sync 1 DAGs
[2026-02-24T06:58:13.743+0000] {logging_mixin.py:190} INFO - [2026-02-24T06:58:13.743+0000] {dag.py:4180} INFO - Setting next_dagrun for 01_music_ingestion_realtime to 2026-02-24 05:00:00+00:00, run_after=2026-02-24 06:00:00+00:00
[2026-02-24T06:58:13.770+0000] {processor.py:208} INFO - Processing /opt/airflow/dags/music_ingestion_dag.py took 0.102 seconds
[2026-02-24T06:58:44.048+0000] {processor.py:186} INFO - Started process (PID=557) to work on /opt/airflow/dags/music_ingestion_dag.py
[2026-02-24T06:58:44.050+0000] {processor.py:914} INFO - Processing file /opt/airflow/dags/music_ingestion_dag.py for tasks to queue
[2026-02-24T06:58:44.056+0000] {logging_mixin.py:190} INFO - [2026-02-24T06:58:44.054+0000] {dagbag.py:588} INFO - Filling up the DagBag from /opt/airflow/dags/music_ingestion_dag.py
[2026-02-24T06:58:44.096+0000] {processor.py:925} INFO - DAG(s) '01_music_ingestion_realtime' retrieved from /opt/airflow/dags/music_ingestion_dag.py
[2026-02-24T06:58:44.137+0000] {logging_mixin.py:190} INFO - [2026-02-24T06:58:44.137+0000] {dag.py:3239} INFO - Sync 1 DAGs
[2026-02-24T06:58:44.170+0000] {logging_mixin.py:190} INFO - [2026-02-24T06:58:44.170+0000] {dag.py:4180} INFO - Setting next_dagrun for 01_music_ingestion_realtime to 2026-02-24 05:00:00+00:00, run_after=2026-02-24 06:00:00+00:00
[2026-02-24T06:58:44.204+0000] {processor.py:208} INFO - Processing /opt/airflow/dags/music_ingestion_dag.py took 0.165 seconds
[2026-02-24T06:59:14.428+0000] {processor.py:186} INFO - Started process (PID=562) to work on /opt/airflow/dags/music_ingestion_dag.py
[2026-02-24T06:59:14.429+0000] {processor.py:914} INFO - Processing file /opt/airflow/dags/music_ingestion_dag.py for tasks to queue
[2026-02-24T06:59:14.433+0000] {logging_mixin.py:190} INFO - [2026-02-24T06:59:14.432+0000] {dagbag.py:588} INFO - Filling up the DagBag from /opt/airflow/dags/music_ingestion_dag.py
[2026-02-24T06:59:14.454+0000] {processor.py:925} INFO - DAG(s) '01_music_ingestion_realtime' retrieved from /opt/airflow/dags/music_ingestion_dag.py
[2026-02-24T06:59:14.485+0000] {logging_mixin.py:190} INFO - [2026-02-24T06:59:14.485+0000] {dag.py:3239} INFO - Sync 1 DAGs
[2026-02-24T06:59:14.524+0000] {logging_mixin.py:190} INFO - [2026-02-24T06:59:14.524+0000] {dag.py:4180} INFO - Setting next_dagrun for 01_music_ingestion_realtime to 2026-02-24 05:00:00+00:00, run_after=2026-02-24 06:00:00+00:00
[2026-02-24T06:59:14.556+0000] {processor.py:208} INFO - Processing /opt/airflow/dags/music_ingestion_dag.py took 0.134 seconds
[2026-02-24T06:59:44.853+0000] {processor.py:186} INFO - Started process (PID=567) to work on /opt/airflow/dags/music_ingestion_dag.py
[2026-02-24T06:59:44.855+0000] {processor.py:914} INFO - Processing file /opt/airflow/dags/music_ingestion_dag.py for tasks to queue
[2026-02-24T06:59:44.859+0000] {logging_mixin.py:190} INFO - [2026-02-24T06:59:44.859+0000] {dagbag.py:588} INFO - Filling up the DagBag from /opt/airflow/dags/music_ingestion_dag.py
[2026-02-24T06:59:44.887+0000] {processor.py:925} INFO - DAG(s) '01_music_ingestion_realtime' retrieved from /opt/airflow/dags/music_ingestion_dag.py
[2026-02-24T06:59:44.918+0000] {logging_mixin.py:190} INFO - [2026-02-24T06:59:44.918+0000] {dag.py:3239} INFO - Sync 1 DAGs
[2026-02-24T06:59:44.953+0000] {logging_mixin.py:190} INFO - [2026-02-24T06:59:44.952+0000] {dag.py:4180} INFO - Setting next_dagrun for 01_music_ingestion_realtime to 2026-02-24 05:00:00+00:00, run_after=2026-02-24 06:00:00+00:00
[2026-02-24T06:59:44.980+0000] {processor.py:208} INFO - Processing /opt/airflow/dags/music_ingestion_dag.py took 0.136 seconds
[2026-02-24T07:00:15.196+0000] {processor.py:186} INFO - Started process (PID=572) to work on /opt/airflow/dags/music_ingestion_dag.py
[2026-02-24T07:00:15.198+0000] {processor.py:914} INFO - Processing file /opt/airflow/dags/music_ingestion_dag.py for tasks to queue
[2026-02-24T07:00:15.201+0000] {logging_mixin.py:190} INFO - [2026-02-24T07:00:15.200+0000] {dagbag.py:588} INFO - Filling up the DagBag from /opt/airflow/dags/music_ingestion_dag.py
[2026-02-24T07:00:15.220+0000] {processor.py:925} INFO - DAG(s) '01_music_ingestion_realtime' retrieved from /opt/airflow/dags/music_ingestion_dag.py
[2026-02-24T07:00:15.255+0000] {logging_mixin.py:190} INFO - [2026-02-24T07:00:15.255+0000] {dag.py:3239} INFO - Sync 1 DAGs
[2026-02-24T07:00:15.290+0000] {logging_mixin.py:190} INFO - [2026-02-24T07:00:15.289+0000] {dag.py:4180} INFO - Setting next_dagrun for 01_music_ingestion_realtime to 2026-02-24 06:00:00+00:00, run_after=2026-02-24 07:00:00+00:00
[2026-02-24T07:00:15.321+0000] {processor.py:208} INFO - Processing /opt/airflow/dags/music_ingestion_dag.py took 0.132 seconds
[2026-02-24T07:00:45.680+0000] {processor.py:186} INFO - Started process (PID=577) to work on /opt/airflow/dags/music_ingestion_dag.py
[2026-02-24T07:00:45.681+0000] {processor.py:914} INFO - Processing file /opt/airflow/dags/music_ingestion_dag.py for tasks to queue
[2026-02-24T07:00:45.683+0000] {logging_mixin.py:190} INFO - [2026-02-24T07:00:45.683+0000] {dagbag.py:588} INFO - Filling up the DagBag from /opt/airflow/dags/music_ingestion_dag.py
[2026-02-24T07:00:45.704+0000] {processor.py:925} INFO - DAG(s) '01_music_ingestion_realtime' retrieved from /opt/airflow/dags/music_ingestion_dag.py
[2026-02-24T07:00:45.732+0000] {logging_mixin.py:190} INFO - [2026-02-24T07:00:45.732+0000] {dag.py:3239} INFO - Sync 1 DAGs
[2026-02-24T07:00:45.758+0000] {logging_mixin.py:190} INFO - [2026-02-24T07:00:45.757+0000] {dag.py:4180} INFO - Setting next_dagrun for 01_music_ingestion_realtime to 2026-02-24 06:00:00+00:00, run_after=2026-02-24 07:00:00+00:00
[2026-02-24T07:00:45.785+0000] {processor.py:208} INFO - Processing /opt/airflow/dags/music_ingestion_dag.py took 0.113 seconds
[2026-02-24T07:01:16.048+0000] {processor.py:186} INFO - Started process (PID=582) to work on /opt/airflow/dags/music_ingestion_dag.py
[2026-02-24T07:01:16.050+0000] {processor.py:914} INFO - Processing file /opt/airflow/dags/music_ingestion_dag.py for tasks to queue
[2026-02-24T07:01:16.052+0000] {logging_mixin.py:190} INFO - [2026-02-24T07:01:16.052+0000] {dagbag.py:588} INFO - Filling up the DagBag from /opt/airflow/dags/music_ingestion_dag.py
[2026-02-24T07:01:16.067+0000] {processor.py:925} INFO - DAG(s) '01_music_ingestion_realtime' retrieved from /opt/airflow/dags/music_ingestion_dag.py
[2026-02-24T07:01:16.093+0000] {logging_mixin.py:190} INFO - [2026-02-24T07:01:16.093+0000] {dag.py:3239} INFO - Sync 1 DAGs
[2026-02-24T07:01:16.117+0000] {logging_mixin.py:190} INFO - [2026-02-24T07:01:16.117+0000] {dag.py:4180} INFO - Setting next_dagrun for 01_music_ingestion_realtime to 2026-02-24 06:00:00+00:00, run_after=2026-02-24 07:00:00+00:00
[2026-02-24T07:01:16.146+0000] {processor.py:208} INFO - Processing /opt/airflow/dags/music_ingestion_dag.py took 0.103 seconds
[2026-02-24T07:01:46.483+0000] {processor.py:186} INFO - Started process (PID=587) to work on /opt/airflow/dags/music_ingestion_dag.py
[2026-02-24T07:01:46.484+0000] {processor.py:914} INFO - Processing file /opt/airflow/dags/music_ingestion_dag.py for tasks to queue
[2026-02-24T07:01:46.486+0000] {logging_mixin.py:190} INFO - [2026-02-24T07:01:46.486+0000] {dagbag.py:588} INFO - Filling up the DagBag from /opt/airflow/dags/music_ingestion_dag.py
[2026-02-24T07:01:46.509+0000] {processor.py:925} INFO - DAG(s) '01_music_ingestion_realtime' retrieved from /opt/airflow/dags/music_ingestion_dag.py
[2026-02-24T07:01:46.536+0000] {logging_mixin.py:190} INFO - [2026-02-24T07:01:46.535+0000] {dag.py:3239} INFO - Sync 1 DAGs
[2026-02-24T07:01:46.560+0000] {logging_mixin.py:190} INFO - [2026-02-24T07:01:46.560+0000] {dag.py:4180} INFO - Setting next_dagrun for 01_music_ingestion_realtime to 2026-02-24 06:00:00+00:00, run_after=2026-02-24 07:00:00+00:00
[2026-02-24T07:01:46.588+0000] {processor.py:208} INFO - Processing /opt/airflow/dags/music_ingestion_dag.py took 0.111 seconds
[2026-02-24T07:02:16.828+0000] {processor.py:186} INFO - Started process (PID=592) to work on /opt/airflow/dags/music_ingestion_dag.py
[2026-02-24T07:02:16.830+0000] {processor.py:914} INFO - Processing file /opt/airflow/dags/music_ingestion_dag.py for tasks to queue
[2026-02-24T07:02:16.834+0000] {logging_mixin.py:190} INFO - [2026-02-24T07:02:16.834+0000] {dagbag.py:588} INFO - Filling up the DagBag from /opt/airflow/dags/music_ingestion_dag.py
[2026-02-24T07:02:16.865+0000] {processor.py:925} INFO - DAG(s) '01_music_ingestion_realtime' retrieved from /opt/airflow/dags/music_ingestion_dag.py
[2026-02-24T07:02:16.898+0000] {logging_mixin.py:190} INFO - [2026-02-24T07:02:16.898+0000] {dag.py:3239} INFO - Sync 1 DAGs
[2026-02-24T07:02:16.928+0000] {logging_mixin.py:190} INFO - [2026-02-24T07:02:16.928+0000] {dag.py:4180} INFO - Setting next_dagrun for 01_music_ingestion_realtime to 2026-02-24 06:00:00+00:00, run_after=2026-02-24 07:00:00+00:00
[2026-02-24T07:02:16.959+0000] {processor.py:208} INFO - Processing /opt/airflow/dags/music_ingestion_dag.py took 0.138 seconds
[2026-02-24T07:02:47.193+0000] {processor.py:186} INFO - Started process (PID=597) to work on /opt/airflow/dags/music_ingestion_dag.py
[2026-02-24T07:02:47.194+0000] {processor.py:914} INFO - Processing file /opt/airflow/dags/music_ingestion_dag.py for tasks to queue
[2026-02-24T07:02:47.196+0000] {logging_mixin.py:190} INFO - [2026-02-24T07:02:47.196+0000] {dagbag.py:588} INFO - Filling up the DagBag from /opt/airflow/dags/music_ingestion_dag.py
[2026-02-24T07:02:47.219+0000] {processor.py:925} INFO - DAG(s) '01_music_ingestion_realtime' retrieved from /opt/airflow/dags/music_ingestion_dag.py
[2026-02-24T07:02:47.247+0000] {logging_mixin.py:190} INFO - [2026-02-24T07:02:47.247+0000] {dag.py:3239} INFO - Sync 1 DAGs
[2026-02-24T07:02:47.275+0000] {logging_mixin.py:190} INFO - [2026-02-24T07:02:47.275+0000] {dag.py:4180} INFO - Setting next_dagrun for 01_music_ingestion_realtime to 2026-02-24 06:00:00+00:00, run_after=2026-02-24 07:00:00+00:00
[2026-02-24T07:02:47.302+0000] {processor.py:208} INFO - Processing /opt/airflow/dags/music_ingestion_dag.py took 0.115 seconds
[2026-02-24T07:03:17.622+0000] {processor.py:186} INFO - Started process (PID=602) to work on /opt/airflow/dags/music_ingestion_dag.py
[2026-02-24T07:03:17.624+0000] {processor.py:914} INFO - Processing file /opt/airflow/dags/music_ingestion_dag.py for tasks to queue
[2026-02-24T07:03:17.626+0000] {logging_mixin.py:190} INFO - [2026-02-24T07:03:17.626+0000] {dagbag.py:588} INFO - Filling up the DagBag from /opt/airflow/dags/music_ingestion_dag.py
[2026-02-24T07:03:17.655+0000] {processor.py:925} INFO - DAG(s) '01_music_ingestion_realtime' retrieved from /opt/airflow/dags/music_ingestion_dag.py
[2026-02-24T07:03:17.684+0000] {logging_mixin.py:190} INFO - [2026-02-24T07:03:17.683+0000] {dag.py:3239} INFO - Sync 1 DAGs
[2026-02-24T07:03:17.707+0000] {logging_mixin.py:190} INFO - [2026-02-24T07:03:17.707+0000] {dag.py:4180} INFO - Setting next_dagrun for 01_music_ingestion_realtime to 2026-02-24 06:00:00+00:00, run_after=2026-02-24 07:00:00+00:00
[2026-02-24T07:03:17.733+0000] {processor.py:208} INFO - Processing /opt/airflow/dags/music_ingestion_dag.py took 0.117 seconds
[2026-02-24T07:03:47.963+0000] {processor.py:186} INFO - Started process (PID=607) to work on /opt/airflow/dags/music_ingestion_dag.py
[2026-02-24T07:03:47.964+0000] {processor.py:914} INFO - Processing file /opt/airflow/dags/music_ingestion_dag.py for tasks to queue
[2026-02-24T07:03:47.967+0000] {logging_mixin.py:190} INFO - [2026-02-24T07:03:47.967+0000] {dagbag.py:588} INFO - Filling up the DagBag from /opt/airflow/dags/music_ingestion_dag.py
[2026-02-24T07:03:47.985+0000] {processor.py:925} INFO - DAG(s) '01_music_ingestion_realtime' retrieved from /opt/airflow/dags/music_ingestion_dag.py
[2026-02-24T07:03:48.016+0000] {logging_mixin.py:190} INFO - [2026-02-24T07:03:48.016+0000] {dag.py:3239} INFO - Sync 1 DAGs
[2026-02-24T07:03:48.042+0000] {logging_mixin.py:190} INFO - [2026-02-24T07:03:48.042+0000] {dag.py:4180} INFO - Setting next_dagrun for 01_music_ingestion_realtime to 2026-02-24 06:00:00+00:00, run_after=2026-02-24 07:00:00+00:00
[2026-02-24T07:03:48.068+0000] {processor.py:208} INFO - Processing /opt/airflow/dags/music_ingestion_dag.py took 0.111 seconds
[2026-02-24T07:04:18.446+0000] {processor.py:186} INFO - Started process (PID=612) to work on /opt/airflow/dags/music_ingestion_dag.py
[2026-02-24T07:04:18.447+0000] {processor.py:914} INFO - Processing file /opt/airflow/dags/music_ingestion_dag.py for tasks to queue
[2026-02-24T07:04:18.451+0000] {logging_mixin.py:190} INFO - [2026-02-24T07:04:18.451+0000] {dagbag.py:588} INFO - Filling up the DagBag from /opt/airflow/dags/music_ingestion_dag.py
[2026-02-24T07:04:18.472+0000] {processor.py:925} INFO - DAG(s) '01_music_ingestion_realtime' retrieved from /opt/airflow/dags/music_ingestion_dag.py
[2026-02-24T07:04:18.502+0000] {logging_mixin.py:190} INFO - [2026-02-24T07:04:18.502+0000] {dag.py:3239} INFO - Sync 1 DAGs
[2026-02-24T07:04:18.529+0000] {logging_mixin.py:190} INFO - [2026-02-24T07:04:18.528+0000] {dag.py:4180} INFO - Setting next_dagrun for 01_music_ingestion_realtime to 2026-02-24 06:00:00+00:00, run_after=2026-02-24 07:00:00+00:00
[2026-02-24T07:04:18.549+0000] {processor.py:208} INFO - Processing /opt/airflow/dags/music_ingestion_dag.py took 0.111 seconds
[2026-02-24T07:04:48.818+0000] {processor.py:186} INFO - Started process (PID=617) to work on /opt/airflow/dags/music_ingestion_dag.py
[2026-02-24T07:04:48.820+0000] {processor.py:914} INFO - Processing file /opt/airflow/dags/music_ingestion_dag.py for tasks to queue
[2026-02-24T07:04:48.823+0000] {logging_mixin.py:190} INFO - [2026-02-24T07:04:48.822+0000] {dagbag.py:588} INFO - Filling up the DagBag from /opt/airflow/dags/music_ingestion_dag.py
[2026-02-24T07:04:48.866+0000] {processor.py:925} INFO - DAG(s) '01_music_ingestion_realtime' retrieved from /opt/airflow/dags/music_ingestion_dag.py
[2026-02-24T07:04:48.903+0000] {logging_mixin.py:190} INFO - [2026-02-24T07:04:48.903+0000] {dag.py:3239} INFO - Sync 1 DAGs
[2026-02-24T07:04:48.932+0000] {logging_mixin.py:190} INFO - [2026-02-24T07:04:48.932+0000] {dag.py:4180} INFO - Setting next_dagrun for 01_music_ingestion_realtime to 2026-02-24 06:00:00+00:00, run_after=2026-02-24 07:00:00+00:00
[2026-02-24T07:04:48.964+0000] {processor.py:208} INFO - Processing /opt/airflow/dags/music_ingestion_dag.py took 0.152 seconds
[2026-02-24T07:05:19.197+0000] {processor.py:186} INFO - Started process (PID=622) to work on /opt/airflow/dags/music_ingestion_dag.py
[2026-02-24T07:05:19.198+0000] {processor.py:914} INFO - Processing file /opt/airflow/dags/music_ingestion_dag.py for tasks to queue
[2026-02-24T07:05:19.200+0000] {logging_mixin.py:190} INFO - [2026-02-24T07:05:19.200+0000] {dagbag.py:588} INFO - Filling up the DagBag from /opt/airflow/dags/music_ingestion_dag.py
[2026-02-24T07:05:19.220+0000] {processor.py:925} INFO - DAG(s) '01_music_ingestion_realtime' retrieved from /opt/airflow/dags/music_ingestion_dag.py
[2026-02-24T07:05:19.250+0000] {logging_mixin.py:190} INFO - [2026-02-24T07:05:19.249+0000] {dag.py:3239} INFO - Sync 1 DAGs
[2026-02-24T07:05:19.279+0000] {logging_mixin.py:190} INFO - [2026-02-24T07:05:19.279+0000] {dag.py:4180} INFO - Setting next_dagrun for 01_music_ingestion_realtime to 2026-02-24 06:00:00+00:00, run_after=2026-02-24 07:00:00+00:00
[2026-02-24T07:05:19.305+0000] {processor.py:208} INFO - Processing /opt/airflow/dags/music_ingestion_dag.py took 0.115 seconds
[2026-02-24T07:05:49.593+0000] {processor.py:186} INFO - Started process (PID=627) to work on /opt/airflow/dags/music_ingestion_dag.py
[2026-02-24T07:05:49.594+0000] {processor.py:914} INFO - Processing file /opt/airflow/dags/music_ingestion_dag.py for tasks to queue
[2026-02-24T07:05:49.597+0000] {logging_mixin.py:190} INFO - [2026-02-24T07:05:49.596+0000] {dagbag.py:588} INFO - Filling up the DagBag from /opt/airflow/dags/music_ingestion_dag.py
[2026-02-24T07:05:49.619+0000] {processor.py:925} INFO - DAG(s) '01_music_ingestion_realtime' retrieved from /opt/airflow/dags/music_ingestion_dag.py
[2026-02-24T07:05:49.653+0000] {logging_mixin.py:190} INFO - [2026-02-24T07:05:49.653+0000] {dag.py:3239} INFO - Sync 1 DAGs
[2026-02-24T07:05:49.683+0000] {logging_mixin.py:190} INFO - [2026-02-24T07:05:49.683+0000] {dag.py:4180} INFO - Setting next_dagrun for 01_music_ingestion_realtime to 2026-02-24 06:00:00+00:00, run_after=2026-02-24 07:00:00+00:00
[2026-02-24T07:05:49.714+0000] {processor.py:208} INFO - Processing /opt/airflow/dags/music_ingestion_dag.py took 0.126 seconds
[2026-02-24T07:06:19.887+0000] {processor.py:186} INFO - Started process (PID=632) to work on /opt/airflow/dags/music_ingestion_dag.py
[2026-02-24T07:06:19.888+0000] {processor.py:914} INFO - Processing file /opt/airflow/dags/music_ingestion_dag.py for tasks to queue
[2026-02-24T07:06:19.890+0000] {logging_mixin.py:190} INFO - [2026-02-24T07:06:19.890+0000] {dagbag.py:588} INFO - Filling up the DagBag from /opt/airflow/dags/music_ingestion_dag.py
[2026-02-24T07:06:19.907+0000] {processor.py:925} INFO - DAG(s) '01_music_ingestion_realtime' retrieved from /opt/airflow/dags/music_ingestion_dag.py
[2026-02-24T07:06:19.935+0000] {logging_mixin.py:190} INFO - [2026-02-24T07:06:19.935+0000] {dag.py:3239} INFO - Sync 1 DAGs
[2026-02-24T07:06:19.961+0000] {logging_mixin.py:190} INFO - [2026-02-24T07:06:19.961+0000] {dag.py:4180} INFO - Setting next_dagrun for 01_music_ingestion_realtime to 2026-02-24 06:00:00+00:00, run_after=2026-02-24 07:00:00+00:00
[2026-02-24T07:06:19.985+0000] {processor.py:208} INFO - Processing /opt/airflow/dags/music_ingestion_dag.py took 0.104 seconds
[2026-02-24T07:06:50.260+0000] {processor.py:186} INFO - Started process (PID=637) to work on /opt/airflow/dags/music_ingestion_dag.py
[2026-02-24T07:06:50.261+0000] {processor.py:914} INFO - Processing file /opt/airflow/dags/music_ingestion_dag.py for tasks to queue
[2026-02-24T07:06:50.263+0000] {logging_mixin.py:190} INFO - [2026-02-24T07:06:50.263+0000] {dagbag.py:588} INFO - Filling up the DagBag from /opt/airflow/dags/music_ingestion_dag.py
[2026-02-24T07:06:50.291+0000] {processor.py:925} INFO - DAG(s) '01_music_ingestion_realtime' retrieved from /opt/airflow/dags/music_ingestion_dag.py
[2026-02-24T07:06:50.323+0000] {logging_mixin.py:190} INFO - [2026-02-24T07:06:50.323+0000] {dag.py:3239} INFO - Sync 1 DAGs
[2026-02-24T07:06:50.352+0000] {logging_mixin.py:190} INFO - [2026-02-24T07:06:50.352+0000] {dag.py:4180} INFO - Setting next_dagrun for 01_music_ingestion_realtime to 2026-02-24 06:00:00+00:00, run_after=2026-02-24 07:00:00+00:00
[2026-02-24T07:06:50.379+0000] {processor.py:208} INFO - Processing /opt/airflow/dags/music_ingestion_dag.py took 0.126 seconds
[2026-02-24T07:07:20.788+0000] {processor.py:186} INFO - Started process (PID=642) to work on /opt/airflow/dags/music_ingestion_dag.py
[2026-02-24T07:07:20.789+0000] {processor.py:914} INFO - Processing file /opt/airflow/dags/music_ingestion_dag.py for tasks to queue
[2026-02-24T07:07:20.792+0000] {logging_mixin.py:190} INFO - [2026-02-24T07:07:20.791+0000] {dagbag.py:588} INFO - Filling up the DagBag from /opt/airflow/dags/music_ingestion_dag.py
[2026-02-24T07:07:20.814+0000] {processor.py:925} INFO - DAG(s) '01_music_ingestion_realtime' retrieved from /opt/airflow/dags/music_ingestion_dag.py
[2026-02-24T07:07:20.838+0000] {logging_mixin.py:190} INFO - [2026-02-24T07:07:20.838+0000] {dag.py:3239} INFO - Sync 1 DAGs
[2026-02-24T07:07:20.860+0000] {logging_mixin.py:190} INFO - [2026-02-24T07:07:20.860+0000] {dag.py:4180} INFO - Setting next_dagrun for 01_music_ingestion_realtime to 2026-02-24 06:00:00+00:00, run_after=2026-02-24 07:00:00+00:00
[2026-02-24T07:07:20.885+0000] {processor.py:208} INFO - Processing /opt/airflow/dags/music_ingestion_dag.py took 0.102 seconds
[2026-02-24T07:07:51.163+0000] {processor.py:186} INFO - Started process (PID=647) to work on /opt/airflow/dags/music_ingestion_dag.py
[2026-02-24T07:07:51.164+0000] {processor.py:914} INFO - Processing file /opt/airflow/dags/music_ingestion_dag.py for tasks to queue
[2026-02-24T07:07:51.167+0000] {logging_mixin.py:190} INFO - [2026-02-24T07:07:51.166+0000] {dagbag.py:588} INFO - Filling up the DagBag from /opt/airflow/dags/music_ingestion_dag.py
[2026-02-24T07:07:51.185+0000] {processor.py:925} INFO - DAG(s) '01_music_ingestion_realtime' retrieved from /opt/airflow/dags/music_ingestion_dag.py
[2026-02-24T07:07:51.217+0000] {logging_mixin.py:190} INFO - [2026-02-24T07:07:51.217+0000] {dag.py:3239} INFO - Sync 1 DAGs
[2026-02-24T07:07:51.245+0000] {logging_mixin.py:190} INFO - [2026-02-24T07:07:51.245+0000] {dag.py:4180} INFO - Setting next_dagrun for 01_music_ingestion_realtime to 2026-02-24 06:00:00+00:00, run_after=2026-02-24 07:00:00+00:00
[2026-02-24T07:07:51.276+0000] {processor.py:208} INFO - Processing /opt/airflow/dags/music_ingestion_dag.py took 0.119 seconds
[2026-02-24T07:08:21.577+0000] {processor.py:186} INFO - Started process (PID=652) to work on /opt/airflow/dags/music_ingestion_dag.py
[2026-02-24T07:08:21.578+0000] {processor.py:914} INFO - Processing file /opt/airflow/dags/music_ingestion_dag.py for tasks to queue
[2026-02-24T07:08:21.581+0000] {logging_mixin.py:190} INFO - [2026-02-24T07:08:21.581+0000] {dagbag.py:588} INFO - Filling up the DagBag from /opt/airflow/dags/music_ingestion_dag.py
[2026-02-24T07:08:21.601+0000] {processor.py:925} INFO - DAG(s) '01_music_ingestion_realtime' retrieved from /opt/airflow/dags/music_ingestion_dag.py
[2026-02-24T07:08:21.632+0000] {logging_mixin.py:190} INFO - [2026-02-24T07:08:21.632+0000] {dag.py:3239} INFO - Sync 1 DAGs
[2026-02-24T07:08:21.655+0000] {logging_mixin.py:190} INFO - [2026-02-24T07:08:21.655+0000] {dag.py:4180} INFO - Setting next_dagrun for 01_music_ingestion_realtime to 2026-02-24 06:00:00+00:00, run_after=2026-02-24 07:00:00+00:00
[2026-02-24T07:08:21.685+0000] {processor.py:208} INFO - Processing /opt/airflow/dags/music_ingestion_dag.py took 0.114 seconds
[2026-02-24T07:08:52.033+0000] {processor.py:186} INFO - Started process (PID=657) to work on /opt/airflow/dags/music_ingestion_dag.py
[2026-02-24T07:08:52.034+0000] {processor.py:914} INFO - Processing file /opt/airflow/dags/music_ingestion_dag.py for tasks to queue
[2026-02-24T07:08:52.037+0000] {logging_mixin.py:190} INFO - [2026-02-24T07:08:52.036+0000] {dagbag.py:588} INFO - Filling up the DagBag from /opt/airflow/dags/music_ingestion_dag.py
[2026-02-24T07:08:52.055+0000] {processor.py:925} INFO - DAG(s) '01_music_ingestion_realtime' retrieved from /opt/airflow/dags/music_ingestion_dag.py
[2026-02-24T07:08:52.081+0000] {logging_mixin.py:190} INFO - [2026-02-24T07:08:52.081+0000] {dag.py:3239} INFO - Sync 1 DAGs
[2026-02-24T07:08:52.105+0000] {logging_mixin.py:190} INFO - [2026-02-24T07:08:52.105+0000] {dag.py:4180} INFO - Setting next_dagrun for 01_music_ingestion_realtime to 2026-02-24 06:00:00+00:00, run_after=2026-02-24 07:00:00+00:00
[2026-02-24T07:08:52.130+0000] {processor.py:208} INFO - Processing /opt/airflow/dags/music_ingestion_dag.py took 0.102 seconds
[2026-02-24T07:09:22.416+0000] {processor.py:186} INFO - Started process (PID=662) to work on /opt/airflow/dags/music_ingestion_dag.py
[2026-02-24T07:09:22.417+0000] {processor.py:914} INFO - Processing file /opt/airflow/dags/music_ingestion_dag.py for tasks to queue
[2026-02-24T07:09:22.420+0000] {logging_mixin.py:190} INFO - [2026-02-24T07:09:22.419+0000] {dagbag.py:588} INFO - Filling up the DagBag from /opt/airflow/dags/music_ingestion_dag.py
[2026-02-24T07:09:22.455+0000] {processor.py:925} INFO - DAG(s) '01_music_ingestion_realtime' retrieved from /opt/airflow/dags/music_ingestion_dag.py
[2026-02-24T07:09:22.482+0000] {logging_mixin.py:190} INFO - [2026-02-24T07:09:22.482+0000] {dag.py:3239} INFO - Sync 1 DAGs
[2026-02-24T07:09:22.506+0000] {logging_mixin.py:190} INFO - [2026-02-24T07:09:22.506+0000] {dag.py:4180} INFO - Setting next_dagrun for 01_music_ingestion_realtime to 2026-02-24 06:00:00+00:00, run_after=2026-02-24 07:00:00+00:00
[2026-02-24T07:09:22.533+0000] {processor.py:208} INFO - Processing /opt/airflow/dags/music_ingestion_dag.py took 0.122 seconds
[2026-02-24T07:09:52.910+0000] {processor.py:186} INFO - Started process (PID=667) to work on /opt/airflow/dags/music_ingestion_dag.py
[2026-02-24T07:09:52.911+0000] {processor.py:914} INFO - Processing file /opt/airflow/dags/music_ingestion_dag.py for tasks to queue
[2026-02-24T07:09:52.914+0000] {logging_mixin.py:190} INFO - [2026-02-24T07:09:52.914+0000] {dagbag.py:588} INFO - Filling up the DagBag from /opt/airflow/dags/music_ingestion_dag.py
[2026-02-24T07:09:52.935+0000] {processor.py:925} INFO - DAG(s) '01_music_ingestion_realtime' retrieved from /opt/airflow/dags/music_ingestion_dag.py
[2026-02-24T07:09:52.958+0000] {logging_mixin.py:190} INFO - [2026-02-24T07:09:52.958+0000] {dag.py:3239} INFO - Sync 1 DAGs
[2026-02-24T07:09:52.983+0000] {logging_mixin.py:190} INFO - [2026-02-24T07:09:52.983+0000] {dag.py:4180} INFO - Setting next_dagrun for 01_music_ingestion_realtime to 2026-02-24 06:00:00+00:00, run_after=2026-02-24 07:00:00+00:00
[2026-02-24T07:09:53.006+0000] {processor.py:208} INFO - Processing /opt/airflow/dags/music_ingestion_dag.py took 0.101 seconds
[2026-02-24T07:10:23.301+0000] {processor.py:186} INFO - Started process (PID=672) to work on /opt/airflow/dags/music_ingestion_dag.py
[2026-02-24T07:10:23.302+0000] {processor.py:914} INFO - Processing file /opt/airflow/dags/music_ingestion_dag.py for tasks to queue
[2026-02-24T07:10:23.305+0000] {logging_mixin.py:190} INFO - [2026-02-24T07:10:23.305+0000] {dagbag.py:588} INFO - Filling up the DagBag from /opt/airflow/dags/music_ingestion_dag.py
[2026-02-24T07:10:23.339+0000] {processor.py:925} INFO - DAG(s) '01_music_ingestion_realtime' retrieved from /opt/airflow/dags/music_ingestion_dag.py
[2026-02-24T07:10:23.367+0000] {logging_mixin.py:190} INFO - [2026-02-24T07:10:23.367+0000] {dag.py:3239} INFO - Sync 1 DAGs
[2026-02-24T07:10:23.392+0000] {logging_mixin.py:190} INFO - [2026-02-24T07:10:23.392+0000] {dag.py:4180} INFO - Setting next_dagrun for 01_music_ingestion_realtime to 2026-02-24 06:00:00+00:00, run_after=2026-02-24 07:00:00+00:00
[2026-02-24T07:10:23.433+0000] {processor.py:208} INFO - Processing /opt/airflow/dags/music_ingestion_dag.py took 0.139 seconds
[2026-02-24T07:10:53.698+0000] {processor.py:186} INFO - Started process (PID=677) to work on /opt/airflow/dags/music_ingestion_dag.py
[2026-02-24T07:10:53.700+0000] {processor.py:914} INFO - Processing file /opt/airflow/dags/music_ingestion_dag.py for tasks to queue
[2026-02-24T07:10:53.702+0000] {logging_mixin.py:190} INFO - [2026-02-24T07:10:53.701+0000] {dagbag.py:588} INFO - Filling up the DagBag from /opt/airflow/dags/music_ingestion_dag.py
[2026-02-24T07:10:53.725+0000] {processor.py:925} INFO - DAG(s) '01_music_ingestion_realtime' retrieved from /opt/airflow/dags/music_ingestion_dag.py
[2026-02-24T07:10:53.751+0000] {logging_mixin.py:190} INFO - [2026-02-24T07:10:53.750+0000] {dag.py:3239} INFO - Sync 1 DAGs
[2026-02-24T07:10:53.775+0000] {logging_mixin.py:190} INFO - [2026-02-24T07:10:53.775+0000] {dag.py:4180} INFO - Setting next_dagrun for 01_music_ingestion_realtime to 2026-02-24 06:00:00+00:00, run_after=2026-02-24 07:00:00+00:00
[2026-02-24T07:10:53.799+0000] {processor.py:208} INFO - Processing /opt/airflow/dags/music_ingestion_dag.py took 0.106 seconds
[2026-02-24T07:11:24.137+0000] {processor.py:186} INFO - Started process (PID=682) to work on /opt/airflow/dags/music_ingestion_dag.py
[2026-02-24T07:11:24.138+0000] {processor.py:914} INFO - Processing file /opt/airflow/dags/music_ingestion_dag.py for tasks to queue
[2026-02-24T07:11:24.142+0000] {logging_mixin.py:190} INFO - [2026-02-24T07:11:24.142+0000] {dagbag.py:588} INFO - Filling up the DagBag from /opt/airflow/dags/music_ingestion_dag.py
[2026-02-24T07:11:24.180+0000] {processor.py:925} INFO - DAG(s) '01_music_ingestion_realtime' retrieved from /opt/airflow/dags/music_ingestion_dag.py
[2026-02-24T07:11:24.213+0000] {logging_mixin.py:190} INFO - [2026-02-24T07:11:24.212+0000] {dag.py:3239} INFO - Sync 1 DAGs
[2026-02-24T07:11:24.242+0000] {logging_mixin.py:190} INFO - [2026-02-24T07:11:24.241+0000] {dag.py:4180} INFO - Setting next_dagrun for 01_music_ingestion_realtime to 2026-02-24 06:00:00+00:00, run_after=2026-02-24 07:00:00+00:00
[2026-02-24T07:11:24.273+0000] {processor.py:208} INFO - Processing /opt/airflow/dags/music_ingestion_dag.py took 0.143 seconds
[2026-02-24T07:11:54.920+0000] {processor.py:186} INFO - Started process (PID=687) to work on /opt/airflow/dags/music_ingestion_dag.py
[2026-02-24T07:11:54.922+0000] {processor.py:914} INFO - Processing file /opt/airflow/dags/music_ingestion_dag.py for tasks to queue
[2026-02-24T07:11:54.927+0000] {logging_mixin.py:190} INFO - [2026-02-24T07:11:54.926+0000] {dagbag.py:588} INFO - Filling up the DagBag from /opt/airflow/dags/music_ingestion_dag.py
[2026-02-24T07:11:54.964+0000] {processor.py:925} INFO - DAG(s) '01_music_ingestion_realtime' retrieved from /opt/airflow/dags/music_ingestion_dag.py
[2026-02-24T07:11:55.003+0000] {logging_mixin.py:190} INFO - [2026-02-24T07:11:55.003+0000] {dag.py:3239} INFO - Sync 1 DAGs
[2026-02-24T07:11:55.035+0000] {logging_mixin.py:190} INFO - [2026-02-24T07:11:55.035+0000] {dag.py:4180} INFO - Setting next_dagrun for 01_music_ingestion_realtime to 2026-02-24 06:00:00+00:00, run_after=2026-02-24 07:00:00+00:00
[2026-02-24T07:11:55.065+0000] {processor.py:208} INFO - Processing /opt/airflow/dags/music_ingestion_dag.py took 0.154 seconds
[2026-02-24T07:12:25.256+0000] {processor.py:186} INFO - Started process (PID=692) to work on /opt/airflow/dags/music_ingestion_dag.py
[2026-02-24T07:12:25.257+0000] {processor.py:914} INFO - Processing file /opt/airflow/dags/music_ingestion_dag.py for tasks to queue
[2026-02-24T07:12:25.260+0000] {logging_mixin.py:190} INFO - [2026-02-24T07:12:25.260+0000] {dagbag.py:588} INFO - Filling up the DagBag from /opt/airflow/dags/music_ingestion_dag.py
[2026-02-24T07:12:25.288+0000] {processor.py:925} INFO - DAG(s) '01_music_ingestion_realtime' retrieved from /opt/airflow/dags/music_ingestion_dag.py
[2026-02-24T07:12:25.317+0000] {logging_mixin.py:190} INFO - [2026-02-24T07:12:25.317+0000] {dag.py:3239} INFO - Sync 1 DAGs
[2026-02-24T07:12:25.341+0000] {logging_mixin.py:190} INFO - [2026-02-24T07:12:25.340+0000] {dag.py:4180} INFO - Setting next_dagrun for 01_music_ingestion_realtime to 2026-02-24 06:00:00+00:00, run_after=2026-02-24 07:00:00+00:00
[2026-02-24T07:12:25.365+0000] {processor.py:208} INFO - Processing /opt/airflow/dags/music_ingestion_dag.py took 0.115 seconds
[2026-02-24T07:12:55.681+0000] {processor.py:186} INFO - Started process (PID=697) to work on /opt/airflow/dags/music_ingestion_dag.py
[2026-02-24T07:12:55.683+0000] {processor.py:914} INFO - Processing file /opt/airflow/dags/music_ingestion_dag.py for tasks to queue
[2026-02-24T07:12:55.686+0000] {logging_mixin.py:190} INFO - [2026-02-24T07:12:55.686+0000] {dagbag.py:588} INFO - Filling up the DagBag from /opt/airflow/dags/music_ingestion_dag.py
[2026-02-24T07:12:55.717+0000] {processor.py:925} INFO - DAG(s) '01_music_ingestion_realtime' retrieved from /opt/airflow/dags/music_ingestion_dag.py
[2026-02-24T07:12:55.745+0000] {logging_mixin.py:190} INFO - [2026-02-24T07:12:55.744+0000] {dag.py:3239} INFO - Sync 1 DAGs
[2026-02-24T07:12:55.777+0000] {logging_mixin.py:190} INFO - [2026-02-24T07:12:55.777+0000] {dag.py:4180} INFO - Setting next_dagrun for 01_music_ingestion_realtime to 2026-02-24 06:00:00+00:00, run_after=2026-02-24 07:00:00+00:00
[2026-02-24T07:12:55.805+0000] {processor.py:208} INFO - Processing /opt/airflow/dags/music_ingestion_dag.py took 0.131 seconds
[2026-02-24T07:13:26.011+0000] {processor.py:186} INFO - Started process (PID=702) to work on /opt/airflow/dags/music_ingestion_dag.py
[2026-02-24T07:13:26.012+0000] {processor.py:914} INFO - Processing file /opt/airflow/dags/music_ingestion_dag.py for tasks to queue
[2026-02-24T07:13:26.014+0000] {logging_mixin.py:190} INFO - [2026-02-24T07:13:26.014+0000] {dagbag.py:588} INFO - Filling up the DagBag from /opt/airflow/dags/music_ingestion_dag.py
[2026-02-24T07:13:26.034+0000] {processor.py:925} INFO - DAG(s) '01_music_ingestion_realtime' retrieved from /opt/airflow/dags/music_ingestion_dag.py
[2026-02-24T07:13:26.065+0000] {logging_mixin.py:190} INFO - [2026-02-24T07:13:26.064+0000] {dag.py:3239} INFO - Sync 1 DAGs
[2026-02-24T07:13:26.092+0000] {logging_mixin.py:190} INFO - [2026-02-24T07:13:26.092+0000] {dag.py:4180} INFO - Setting next_dagrun for 01_music_ingestion_realtime to 2026-02-24 06:00:00+00:00, run_after=2026-02-24 07:00:00+00:00
[2026-02-24T07:13:26.121+0000] {processor.py:208} INFO - Processing /opt/airflow/dags/music_ingestion_dag.py took 0.117 seconds
[2026-02-24T07:13:56.496+0000] {processor.py:186} INFO - Started process (PID=707) to work on /opt/airflow/dags/music_ingestion_dag.py
[2026-02-24T07:13:56.498+0000] {processor.py:914} INFO - Processing file /opt/airflow/dags/music_ingestion_dag.py for tasks to queue
[2026-02-24T07:13:56.501+0000] {logging_mixin.py:190} INFO - [2026-02-24T07:13:56.500+0000] {dagbag.py:588} INFO - Filling up the DagBag from /opt/airflow/dags/music_ingestion_dag.py
[2026-02-24T07:13:56.537+0000] {processor.py:925} INFO - DAG(s) '01_music_ingestion_realtime' retrieved from /opt/airflow/dags/music_ingestion_dag.py
[2026-02-24T07:13:56.565+0000] {logging_mixin.py:190} INFO - [2026-02-24T07:13:56.565+0000] {dag.py:3239} INFO - Sync 1 DAGs
[2026-02-24T07:13:56.589+0000] {logging_mixin.py:190} INFO - [2026-02-24T07:13:56.589+0000] {dag.py:4180} INFO - Setting next_dagrun for 01_music_ingestion_realtime to 2026-02-24 06:00:00+00:00, run_after=2026-02-24 07:00:00+00:00
[2026-02-24T07:13:56.615+0000] {processor.py:208} INFO - Processing /opt/airflow/dags/music_ingestion_dag.py took 0.124 seconds
[2026-02-24T07:14:26.853+0000] {processor.py:186} INFO - Started process (PID=712) to work on /opt/airflow/dags/music_ingestion_dag.py
[2026-02-24T07:14:26.854+0000] {processor.py:914} INFO - Processing file /opt/airflow/dags/music_ingestion_dag.py for tasks to queue
[2026-02-24T07:14:26.856+0000] {logging_mixin.py:190} INFO - [2026-02-24T07:14:26.856+0000] {dagbag.py:588} INFO - Filling up the DagBag from /opt/airflow/dags/music_ingestion_dag.py
[2026-02-24T07:14:26.875+0000] {processor.py:925} INFO - DAG(s) '01_music_ingestion_realtime' retrieved from /opt/airflow/dags/music_ingestion_dag.py
[2026-02-24T07:14:26.905+0000] {logging_mixin.py:190} INFO - [2026-02-24T07:14:26.904+0000] {dag.py:3239} INFO - Sync 1 DAGs
[2026-02-24T07:14:26.933+0000] {logging_mixin.py:190} INFO - [2026-02-24T07:14:26.933+0000] {dag.py:4180} INFO - Setting next_dagrun for 01_music_ingestion_realtime to 2026-02-24 06:00:00+00:00, run_after=2026-02-24 07:00:00+00:00
[2026-02-24T07:14:26.960+0000] {processor.py:208} INFO - Processing /opt/airflow/dags/music_ingestion_dag.py took 0.113 seconds
[2026-02-24T07:14:57.273+0000] {processor.py:186} INFO - Started process (PID=717) to work on /opt/airflow/dags/music_ingestion_dag.py
[2026-02-24T07:14:57.275+0000] {processor.py:914} INFO - Processing file /opt/airflow/dags/music_ingestion_dag.py for tasks to queue
[2026-02-24T07:14:57.279+0000] {logging_mixin.py:190} INFO - [2026-02-24T07:14:57.279+0000] {dagbag.py:588} INFO - Filling up the DagBag from /opt/airflow/dags/music_ingestion_dag.py
[2026-02-24T07:14:57.303+0000] {processor.py:925} INFO - DAG(s) '01_music_ingestion_realtime' retrieved from /opt/airflow/dags/music_ingestion_dag.py
[2026-02-24T07:14:57.336+0000] {logging_mixin.py:190} INFO - [2026-02-24T07:14:57.336+0000] {dag.py:3239} INFO - Sync 1 DAGs
[2026-02-24T07:14:57.361+0000] {logging_mixin.py:190} INFO - [2026-02-24T07:14:57.361+0000] {dag.py:4180} INFO - Setting next_dagrun for 01_music_ingestion_realtime to 2026-02-24 06:00:00+00:00, run_after=2026-02-24 07:00:00+00:00
[2026-02-24T07:14:57.383+0000] {processor.py:208} INFO - Processing /opt/airflow/dags/music_ingestion_dag.py took 0.116 seconds
[2026-02-24T07:15:27.648+0000] {processor.py:186} INFO - Started process (PID=722) to work on /opt/airflow/dags/music_ingestion_dag.py
[2026-02-24T07:15:27.651+0000] {processor.py:914} INFO - Processing file /opt/airflow/dags/music_ingestion_dag.py for tasks to queue
[2026-02-24T07:15:27.656+0000] {logging_mixin.py:190} INFO - [2026-02-24T07:15:27.656+0000] {dagbag.py:588} INFO - Filling up the DagBag from /opt/airflow/dags/music_ingestion_dag.py
[2026-02-24T07:15:27.683+0000] {processor.py:925} INFO - DAG(s) '01_music_ingestion_realtime' retrieved from /opt/airflow/dags/music_ingestion_dag.py
[2026-02-24T07:15:27.708+0000] {logging_mixin.py:190} INFO - [2026-02-24T07:15:27.708+0000] {dag.py:3239} INFO - Sync 1 DAGs
[2026-02-24T07:15:27.729+0000] {logging_mixin.py:190} INFO - [2026-02-24T07:15:27.729+0000] {dag.py:4180} INFO - Setting next_dagrun for 01_music_ingestion_realtime to 2026-02-24 06:00:00+00:00, run_after=2026-02-24 07:00:00+00:00
[2026-02-24T07:15:27.755+0000] {processor.py:208} INFO - Processing /opt/airflow/dags/music_ingestion_dag.py took 0.122 seconds
[2026-02-24T07:15:58.075+0000] {processor.py:186} INFO - Started process (PID=727) to work on /opt/airflow/dags/music_ingestion_dag.py
[2026-02-24T07:15:58.076+0000] {processor.py:914} INFO - Processing file /opt/airflow/dags/music_ingestion_dag.py for tasks to queue
[2026-02-24T07:15:58.079+0000] {logging_mixin.py:190} INFO - [2026-02-24T07:15:58.079+0000] {dagbag.py:588} INFO - Filling up the DagBag from /opt/airflow/dags/music_ingestion_dag.py
[2026-02-24T07:15:58.107+0000] {processor.py:925} INFO - DAG(s) '01_music_ingestion_realtime' retrieved from /opt/airflow/dags/music_ingestion_dag.py
[2026-02-24T07:15:58.135+0000] {logging_mixin.py:190} INFO - [2026-02-24T07:15:58.135+0000] {dag.py:3239} INFO - Sync 1 DAGs
[2026-02-24T07:15:58.157+0000] {logging_mixin.py:190} INFO - [2026-02-24T07:15:58.157+0000] {dag.py:4180} INFO - Setting next_dagrun for 01_music_ingestion_realtime to 2026-02-24 06:00:00+00:00, run_after=2026-02-24 07:00:00+00:00
[2026-02-24T07:15:58.182+0000] {processor.py:208} INFO - Processing /opt/airflow/dags/music_ingestion_dag.py took 0.113 seconds
[2026-02-24T07:16:28.430+0000] {processor.py:186} INFO - Started process (PID=732) to work on /opt/airflow/dags/music_ingestion_dag.py
[2026-02-24T07:16:28.431+0000] {processor.py:914} INFO - Processing file /opt/airflow/dags/music_ingestion_dag.py for tasks to queue
[2026-02-24T07:16:28.434+0000] {logging_mixin.py:190} INFO - [2026-02-24T07:16:28.434+0000] {dagbag.py:588} INFO - Filling up the DagBag from /opt/airflow/dags/music_ingestion_dag.py
[2026-02-24T07:16:28.463+0000] {processor.py:925} INFO - DAG(s) '01_music_ingestion_realtime' retrieved from /opt/airflow/dags/music_ingestion_dag.py
[2026-02-24T07:16:28.499+0000] {logging_mixin.py:190} INFO - [2026-02-24T07:16:28.499+0000] {dag.py:3239} INFO - Sync 1 DAGs
[2026-02-24T07:16:28.535+0000] {logging_mixin.py:190} INFO - [2026-02-24T07:16:28.535+0000] {dag.py:4180} INFO - Setting next_dagrun for 01_music_ingestion_realtime to 2026-02-24 06:00:00+00:00, run_after=2026-02-24 07:00:00+00:00
[2026-02-24T07:16:28.571+0000] {processor.py:208} INFO - Processing /opt/airflow/dags/music_ingestion_dag.py took 0.147 seconds
[2026-02-24T07:16:58.854+0000] {processor.py:186} INFO - Started process (PID=737) to work on /opt/airflow/dags/music_ingestion_dag.py
[2026-02-24T07:16:58.855+0000] {processor.py:914} INFO - Processing file /opt/airflow/dags/music_ingestion_dag.py for tasks to queue
[2026-02-24T07:16:58.858+0000] {logging_mixin.py:190} INFO - [2026-02-24T07:16:58.858+0000] {dagbag.py:588} INFO - Filling up the DagBag from /opt/airflow/dags/music_ingestion_dag.py
[2026-02-24T07:16:58.879+0000] {processor.py:925} INFO - DAG(s) '01_music_ingestion_realtime' retrieved from /opt/airflow/dags/music_ingestion_dag.py
[2026-02-24T07:16:58.906+0000] {logging_mixin.py:190} INFO - [2026-02-24T07:16:58.906+0000] {dag.py:3239} INFO - Sync 1 DAGs
[2026-02-24T07:16:58.931+0000] {logging_mixin.py:190} INFO - [2026-02-24T07:16:58.931+0000] {dag.py:4180} INFO - Setting next_dagrun for 01_music_ingestion_realtime to 2026-02-24 06:00:00+00:00, run_after=2026-02-24 07:00:00+00:00
[2026-02-24T07:16:58.958+0000] {processor.py:208} INFO - Processing /opt/airflow/dags/music_ingestion_dag.py took 0.110 seconds
[2026-02-24T07:17:29.251+0000] {processor.py:186} INFO - Started process (PID=742) to work on /opt/airflow/dags/music_ingestion_dag.py
[2026-02-24T07:17:29.253+0000] {processor.py:914} INFO - Processing file /opt/airflow/dags/music_ingestion_dag.py for tasks to queue
[2026-02-24T07:17:29.255+0000] {logging_mixin.py:190} INFO - [2026-02-24T07:17:29.255+0000] {dagbag.py:588} INFO - Filling up the DagBag from /opt/airflow/dags/music_ingestion_dag.py
[2026-02-24T07:17:29.291+0000] {processor.py:925} INFO - DAG(s) '01_music_ingestion_realtime' retrieved from /opt/airflow/dags/music_ingestion_dag.py
[2026-02-24T07:17:29.315+0000] {logging_mixin.py:190} INFO - [2026-02-24T07:17:29.315+0000] {dag.py:3239} INFO - Sync 1 DAGs
[2026-02-24T07:17:29.339+0000] {logging_mixin.py:190} INFO - [2026-02-24T07:17:29.339+0000] {dag.py:4180} INFO - Setting next_dagrun for 01_music_ingestion_realtime to 2026-02-24 06:00:00+00:00, run_after=2026-02-24 07:00:00+00:00
[2026-02-24T07:17:29.367+0000] {processor.py:208} INFO - Processing /opt/airflow/dags/music_ingestion_dag.py took 0.121 seconds
[2026-02-24T07:17:59.621+0000] {processor.py:186} INFO - Started process (PID=747) to work on /opt/airflow/dags/music_ingestion_dag.py
[2026-02-24T07:17:59.622+0000] {processor.py:914} INFO - Processing file /opt/airflow/dags/music_ingestion_dag.py for tasks to queue
[2026-02-24T07:17:59.624+0000] {logging_mixin.py:190} INFO - [2026-02-24T07:17:59.624+0000] {dagbag.py:588} INFO - Filling up the DagBag from /opt/airflow/dags/music_ingestion_dag.py
[2026-02-24T07:17:59.664+0000] {processor.py:925} INFO - DAG(s) '01_music_ingestion_realtime' retrieved from /opt/airflow/dags/music_ingestion_dag.py
[2026-02-24T07:17:59.696+0000] {logging_mixin.py:190} INFO - [2026-02-24T07:17:59.696+0000] {dag.py:3239} INFO - Sync 1 DAGs
[2026-02-24T07:17:59.725+0000] {logging_mixin.py:190} INFO - [2026-02-24T07:17:59.724+0000] {dag.py:4180} INFO - Setting next_dagrun for 01_music_ingestion_realtime to 2026-02-24 06:00:00+00:00, run_after=2026-02-24 07:00:00+00:00
[2026-02-24T07:17:59.750+0000] {processor.py:208} INFO - Processing /opt/airflow/dags/music_ingestion_dag.py took 0.134 seconds
[2026-02-24T07:18:30.059+0000] {processor.py:186} INFO - Started process (PID=752) to work on /opt/airflow/dags/music_ingestion_dag.py
[2026-02-24T07:18:30.060+0000] {processor.py:914} INFO - Processing file /opt/airflow/dags/music_ingestion_dag.py for tasks to queue
[2026-02-24T07:18:30.062+0000] {logging_mixin.py:190} INFO - [2026-02-24T07:18:30.062+0000] {dagbag.py:588} INFO - Filling up the DagBag from /opt/airflow/dags/music_ingestion_dag.py
[2026-02-24T07:18:30.083+0000] {processor.py:925} INFO - DAG(s) '01_music_ingestion_realtime' retrieved from /opt/airflow/dags/music_ingestion_dag.py
[2026-02-24T07:18:30.107+0000] {logging_mixin.py:190} INFO - [2026-02-24T07:18:30.107+0000] {dag.py:3239} INFO - Sync 1 DAGs
[2026-02-24T07:18:30.131+0000] {logging_mixin.py:190} INFO - [2026-02-24T07:18:30.131+0000] {dag.py:4180} INFO - Setting next_dagrun for 01_music_ingestion_realtime to 2026-02-24 06:00:00+00:00, run_after=2026-02-24 07:00:00+00:00
[2026-02-24T07:18:30.155+0000] {processor.py:208} INFO - Processing /opt/airflow/dags/music_ingestion_dag.py took 0.101 seconds
[2026-02-24T07:19:00.457+0000] {processor.py:186} INFO - Started process (PID=757) to work on /opt/airflow/dags/music_ingestion_dag.py
[2026-02-24T07:19:00.458+0000] {processor.py:914} INFO - Processing file /opt/airflow/dags/music_ingestion_dag.py for tasks to queue
[2026-02-24T07:19:00.461+0000] {logging_mixin.py:190} INFO - [2026-02-24T07:19:00.461+0000] {dagbag.py:588} INFO - Filling up the DagBag from /opt/airflow/dags/music_ingestion_dag.py
[2026-02-24T07:19:00.486+0000] {processor.py:925} INFO - DAG(s) '01_music_ingestion_realtime' retrieved from /opt/airflow/dags/music_ingestion_dag.py
[2026-02-24T07:19:00.512+0000] {logging_mixin.py:190} INFO - [2026-02-24T07:19:00.512+0000] {dag.py:3239} INFO - Sync 1 DAGs
[2026-02-24T07:19:00.535+0000] {logging_mixin.py:190} INFO - [2026-02-24T07:19:00.535+0000] {dag.py:4180} INFO - Setting next_dagrun for 01_music_ingestion_realtime to 2026-02-24 06:00:00+00:00, run_after=2026-02-24 07:00:00+00:00
[2026-02-24T07:19:00.562+0000] {processor.py:208} INFO - Processing /opt/airflow/dags/music_ingestion_dag.py took 0.110 seconds
[2026-02-24T07:19:30.892+0000] {processor.py:186} INFO - Started process (PID=762) to work on /opt/airflow/dags/music_ingestion_dag.py
[2026-02-24T07:19:30.893+0000] {processor.py:914} INFO - Processing file /opt/airflow/dags/music_ingestion_dag.py for tasks to queue
[2026-02-24T07:19:30.895+0000] {logging_mixin.py:190} INFO - [2026-02-24T07:19:30.895+0000] {dagbag.py:588} INFO - Filling up the DagBag from /opt/airflow/dags/music_ingestion_dag.py
[2026-02-24T07:19:30.926+0000] {processor.py:925} INFO - DAG(s) '01_music_ingestion_realtime' retrieved from /opt/airflow/dags/music_ingestion_dag.py
[2026-02-24T07:19:30.955+0000] {logging_mixin.py:190} INFO - [2026-02-24T07:19:30.955+0000] {dag.py:3239} INFO - Sync 1 DAGs
[2026-02-24T07:19:30.978+0000] {logging_mixin.py:190} INFO - [2026-02-24T07:19:30.978+0000] {dag.py:4180} INFO - Setting next_dagrun for 01_music_ingestion_realtime to 2026-02-24 06:00:00+00:00, run_after=2026-02-24 07:00:00+00:00
[2026-02-24T07:19:31.001+0000] {processor.py:208} INFO - Processing /opt/airflow/dags/music_ingestion_dag.py took 0.115 seconds
[2026-02-24T07:20:01.198+0000] {processor.py:186} INFO - Started process (PID=767) to work on /opt/airflow/dags/music_ingestion_dag.py
[2026-02-24T07:20:01.200+0000] {processor.py:914} INFO - Processing file /opt/airflow/dags/music_ingestion_dag.py for tasks to queue
[2026-02-24T07:20:01.202+0000] {logging_mixin.py:190} INFO - [2026-02-24T07:20:01.202+0000] {dagbag.py:588} INFO - Filling up the DagBag from /opt/airflow/dags/music_ingestion_dag.py
[2026-02-24T07:20:01.220+0000] {processor.py:925} INFO - DAG(s) '01_music_ingestion_realtime' retrieved from /opt/airflow/dags/music_ingestion_dag.py
[2026-02-24T07:20:01.250+0000] {logging_mixin.py:190} INFO - [2026-02-24T07:20:01.250+0000] {dag.py:3239} INFO - Sync 1 DAGs
[2026-02-24T07:20:01.276+0000] {logging_mixin.py:190} INFO - [2026-02-24T07:20:01.276+0000] {dag.py:4180} INFO - Setting next_dagrun for 01_music_ingestion_realtime to 2026-02-24 06:00:00+00:00, run_after=2026-02-24 07:00:00+00:00
[2026-02-24T07:20:01.305+0000] {processor.py:208} INFO - Processing /opt/airflow/dags/music_ingestion_dag.py took 0.112 seconds
[2026-02-24T07:20:31.495+0000] {processor.py:186} INFO - Started process (PID=772) to work on /opt/airflow/dags/music_ingestion_dag.py
[2026-02-24T07:20:31.496+0000] {processor.py:914} INFO - Processing file /opt/airflow/dags/music_ingestion_dag.py for tasks to queue
[2026-02-24T07:20:31.501+0000] {logging_mixin.py:190} INFO - [2026-02-24T07:20:31.500+0000] {dagbag.py:588} INFO - Filling up the DagBag from /opt/airflow/dags/music_ingestion_dag.py
[2026-02-24T07:20:31.521+0000] {processor.py:925} INFO - DAG(s) '01_music_ingestion_realtime' retrieved from /opt/airflow/dags/music_ingestion_dag.py
[2026-02-24T07:20:31.548+0000] {logging_mixin.py:190} INFO - [2026-02-24T07:20:31.548+0000] {dag.py:3239} INFO - Sync 1 DAGs
[2026-02-24T07:20:31.575+0000] {logging_mixin.py:190} INFO - [2026-02-24T07:20:31.574+0000] {dag.py:4180} INFO - Setting next_dagrun for 01_music_ingestion_realtime to 2026-02-24 06:00:00+00:00, run_after=2026-02-24 07:00:00+00:00
[2026-02-24T07:20:31.603+0000] {processor.py:208} INFO - Processing /opt/airflow/dags/music_ingestion_dag.py took 0.116 seconds
[2026-02-24T07:21:01.933+0000] {processor.py:186} INFO - Started process (PID=777) to work on /opt/airflow/dags/music_ingestion_dag.py
[2026-02-24T07:21:01.935+0000] {processor.py:914} INFO - Processing file /opt/airflow/dags/music_ingestion_dag.py for tasks to queue
[2026-02-24T07:21:01.939+0000] {logging_mixin.py:190} INFO - [2026-02-24T07:21:01.939+0000] {dagbag.py:588} INFO - Filling up the DagBag from /opt/airflow/dags/music_ingestion_dag.py
[2026-02-24T07:21:01.963+0000] {processor.py:925} INFO - DAG(s) '01_music_ingestion_realtime' retrieved from /opt/airflow/dags/music_ingestion_dag.py
[2026-02-24T07:21:01.990+0000] {logging_mixin.py:190} INFO - [2026-02-24T07:21:01.990+0000] {dag.py:3239} INFO - Sync 1 DAGs
[2026-02-24T07:21:02.012+0000] {logging_mixin.py:190} INFO - [2026-02-24T07:21:02.012+0000] {dag.py:4180} INFO - Setting next_dagrun for 01_music_ingestion_realtime to 2026-02-24 06:00:00+00:00, run_after=2026-02-24 07:00:00+00:00
[2026-02-24T07:21:02.036+0000] {processor.py:208} INFO - Processing /opt/airflow/dags/music_ingestion_dag.py took 0.110 seconds
[2026-02-24T07:21:32.254+0000] {processor.py:186} INFO - Started process (PID=782) to work on /opt/airflow/dags/music_ingestion_dag.py
[2026-02-24T07:21:32.255+0000] {processor.py:914} INFO - Processing file /opt/airflow/dags/music_ingestion_dag.py for tasks to queue
[2026-02-24T07:21:32.257+0000] {logging_mixin.py:190} INFO - [2026-02-24T07:21:32.257+0000] {dagbag.py:588} INFO - Filling up the DagBag from /opt/airflow/dags/music_ingestion_dag.py
[2026-02-24T07:21:32.274+0000] {processor.py:925} INFO - DAG(s) '01_music_ingestion_realtime' retrieved from /opt/airflow/dags/music_ingestion_dag.py
[2026-02-24T07:21:32.300+0000] {logging_mixin.py:190} INFO - [2026-02-24T07:21:32.300+0000] {dag.py:3239} INFO - Sync 1 DAGs
[2026-02-24T07:21:32.324+0000] {logging_mixin.py:190} INFO - [2026-02-24T07:21:32.324+0000] {dag.py:4180} INFO - Setting next_dagrun for 01_music_ingestion_realtime to 2026-02-24 06:00:00+00:00, run_after=2026-02-24 07:00:00+00:00
[2026-02-24T07:21:32.352+0000] {processor.py:208} INFO - Processing /opt/airflow/dags/music_ingestion_dag.py took 0.104 seconds
[2026-02-24T07:22:02.717+0000] {processor.py:186} INFO - Started process (PID=787) to work on /opt/airflow/dags/music_ingestion_dag.py
[2026-02-24T07:22:02.718+0000] {processor.py:914} INFO - Processing file /opt/airflow/dags/music_ingestion_dag.py for tasks to queue
[2026-02-24T07:22:02.720+0000] {logging_mixin.py:190} INFO - [2026-02-24T07:22:02.720+0000] {dagbag.py:588} INFO - Filling up the DagBag from /opt/airflow/dags/music_ingestion_dag.py
[2026-02-24T07:22:02.737+0000] {processor.py:925} INFO - DAG(s) '01_music_ingestion_realtime' retrieved from /opt/airflow/dags/music_ingestion_dag.py
[2026-02-24T07:22:02.766+0000] {logging_mixin.py:190} INFO - [2026-02-24T07:22:02.766+0000] {dag.py:3239} INFO - Sync 1 DAGs
[2026-02-24T07:22:02.798+0000] {logging_mixin.py:190} INFO - [2026-02-24T07:22:02.798+0000] {dag.py:4180} INFO - Setting next_dagrun for 01_music_ingestion_realtime to 2026-02-24 06:00:00+00:00, run_after=2026-02-24 07:00:00+00:00
[2026-02-24T07:22:02.826+0000] {processor.py:208} INFO - Processing /opt/airflow/dags/music_ingestion_dag.py took 0.114 seconds
[2026-02-24T07:22:33.067+0000] {processor.py:186} INFO - Started process (PID=792) to work on /opt/airflow/dags/music_ingestion_dag.py
[2026-02-24T07:22:33.069+0000] {processor.py:914} INFO - Processing file /opt/airflow/dags/music_ingestion_dag.py for tasks to queue
[2026-02-24T07:22:33.072+0000] {logging_mixin.py:190} INFO - [2026-02-24T07:22:33.071+0000] {dagbag.py:588} INFO - Filling up the DagBag from /opt/airflow/dags/music_ingestion_dag.py
[2026-02-24T07:22:33.098+0000] {processor.py:925} INFO - DAG(s) '01_music_ingestion_realtime' retrieved from /opt/airflow/dags/music_ingestion_dag.py
[2026-02-24T07:22:33.134+0000] {logging_mixin.py:190} INFO - [2026-02-24T07:22:33.133+0000] {dag.py:3239} INFO - Sync 1 DAGs
[2026-02-24T07:22:33.163+0000] {logging_mixin.py:190} INFO - [2026-02-24T07:22:33.163+0000] {dag.py:4180} INFO - Setting next_dagrun for 01_music_ingestion_realtime to 2026-02-24 06:00:00+00:00, run_after=2026-02-24 07:00:00+00:00
[2026-02-24T07:22:33.196+0000] {processor.py:208} INFO - Processing /opt/airflow/dags/music_ingestion_dag.py took 0.136 seconds
[2026-02-24T07:23:03.470+0000] {processor.py:186} INFO - Started process (PID=797) to work on /opt/airflow/dags/music_ingestion_dag.py
[2026-02-24T07:23:03.471+0000] {processor.py:914} INFO - Processing file /opt/airflow/dags/music_ingestion_dag.py for tasks to queue
[2026-02-24T07:23:03.474+0000] {logging_mixin.py:190} INFO - [2026-02-24T07:23:03.473+0000] {dagbag.py:588} INFO - Filling up the DagBag from /opt/airflow/dags/music_ingestion_dag.py
[2026-02-24T07:23:03.502+0000] {processor.py:925} INFO - DAG(s) '01_music_ingestion_realtime' retrieved from /opt/airflow/dags/music_ingestion_dag.py
[2026-02-24T07:23:03.528+0000] {logging_mixin.py:190} INFO - [2026-02-24T07:23:03.528+0000] {dag.py:3239} INFO - Sync 1 DAGs
[2026-02-24T07:23:03.551+0000] {logging_mixin.py:190} INFO - [2026-02-24T07:23:03.551+0000] {dag.py:4180} INFO - Setting next_dagrun for 01_music_ingestion_realtime to 2026-02-24 06:00:00+00:00, run_after=2026-02-24 07:00:00+00:00
[2026-02-24T07:23:03.576+0000] {processor.py:208} INFO - Processing /opt/airflow/dags/music_ingestion_dag.py took 0.111 seconds
[2026-02-24T07:23:33.844+0000] {processor.py:186} INFO - Started process (PID=802) to work on /opt/airflow/dags/music_ingestion_dag.py
[2026-02-24T07:23:33.845+0000] {processor.py:914} INFO - Processing file /opt/airflow/dags/music_ingestion_dag.py for tasks to queue
[2026-02-24T07:23:33.847+0000] {logging_mixin.py:190} INFO - [2026-02-24T07:23:33.847+0000] {dagbag.py:588} INFO - Filling up the DagBag from /opt/airflow/dags/music_ingestion_dag.py
[2026-02-24T07:23:33.873+0000] {processor.py:925} INFO - DAG(s) '01_music_ingestion_realtime' retrieved from /opt/airflow/dags/music_ingestion_dag.py
[2026-02-24T07:23:33.906+0000] {logging_mixin.py:190} INFO - [2026-02-24T07:23:33.905+0000] {dag.py:3239} INFO - Sync 1 DAGs
[2026-02-24T07:23:33.929+0000] {logging_mixin.py:190} INFO - [2026-02-24T07:23:33.929+0000] {dag.py:4180} INFO - Setting next_dagrun for 01_music_ingestion_realtime to 2026-02-24 06:00:00+00:00, run_after=2026-02-24 07:00:00+00:00
[2026-02-24T07:23:33.956+0000] {processor.py:208} INFO - Processing /opt/airflow/dags/music_ingestion_dag.py took 0.117 seconds
[2026-02-24T07:24:04.284+0000] {processor.py:186} INFO - Started process (PID=807) to work on /opt/airflow/dags/music_ingestion_dag.py
[2026-02-24T07:24:04.285+0000] {processor.py:914} INFO - Processing file /opt/airflow/dags/music_ingestion_dag.py for tasks to queue
[2026-02-24T07:24:04.289+0000] {logging_mixin.py:190} INFO - [2026-02-24T07:24:04.288+0000] {dagbag.py:588} INFO - Filling up the DagBag from /opt/airflow/dags/music_ingestion_dag.py
[2026-02-24T07:24:04.307+0000] {processor.py:925} INFO - DAG(s) '01_music_ingestion_realtime' retrieved from /opt/airflow/dags/music_ingestion_dag.py
[2026-02-24T07:24:04.335+0000] {logging_mixin.py:190} INFO - [2026-02-24T07:24:04.335+0000] {dag.py:3239} INFO - Sync 1 DAGs
[2026-02-24T07:24:04.357+0000] {logging_mixin.py:190} INFO - [2026-02-24T07:24:04.357+0000] {dag.py:4180} INFO - Setting next_dagrun for 01_music_ingestion_realtime to 2026-02-24 06:00:00+00:00, run_after=2026-02-24 07:00:00+00:00
[2026-02-24T07:24:04.379+0000] {processor.py:208} INFO - Processing /opt/airflow/dags/music_ingestion_dag.py took 0.101 seconds
[2026-02-24T07:24:34.662+0000] {processor.py:186} INFO - Started process (PID=812) to work on /opt/airflow/dags/music_ingestion_dag.py
[2026-02-24T07:24:34.664+0000] {processor.py:914} INFO - Processing file /opt/airflow/dags/music_ingestion_dag.py for tasks to queue
[2026-02-24T07:24:34.667+0000] {logging_mixin.py:190} INFO - [2026-02-24T07:24:34.667+0000] {dagbag.py:588} INFO - Filling up the DagBag from /opt/airflow/dags/music_ingestion_dag.py
[2026-02-24T07:24:34.693+0000] {processor.py:925} INFO - DAG(s) '01_music_ingestion_realtime' retrieved from /opt/airflow/dags/music_ingestion_dag.py
[2026-02-24T07:24:34.729+0000] {logging_mixin.py:190} INFO - [2026-02-24T07:24:34.729+0000] {dag.py:3239} INFO - Sync 1 DAGs
[2026-02-24T07:24:34.761+0000] {logging_mixin.py:190} INFO - [2026-02-24T07:24:34.761+0000] {dag.py:4180} INFO - Setting next_dagrun for 01_music_ingestion_realtime to 2026-02-24 06:00:00+00:00, run_after=2026-02-24 07:00:00+00:00
[2026-02-24T07:24:34.787+0000] {processor.py:208} INFO - Processing /opt/airflow/dags/music_ingestion_dag.py took 0.134 seconds
[2026-02-24T07:25:04.997+0000] {processor.py:186} INFO - Started process (PID=817) to work on /opt/airflow/dags/music_ingestion_dag.py
[2026-02-24T07:25:04.998+0000] {processor.py:914} INFO - Processing file /opt/airflow/dags/music_ingestion_dag.py for tasks to queue
[2026-02-24T07:25:05.001+0000] {logging_mixin.py:190} INFO - [2026-02-24T07:25:05.000+0000] {dagbag.py:588} INFO - Filling up the DagBag from /opt/airflow/dags/music_ingestion_dag.py
[2026-02-24T07:25:05.026+0000] {processor.py:925} INFO - DAG(s) '01_music_ingestion_realtime' retrieved from /opt/airflow/dags/music_ingestion_dag.py
[2026-02-24T07:25:05.059+0000] {logging_mixin.py:190} INFO - [2026-02-24T07:25:05.059+0000] {dag.py:3239} INFO - Sync 1 DAGs
[2026-02-24T07:25:05.086+0000] {logging_mixin.py:190} INFO - [2026-02-24T07:25:05.086+0000] {dag.py:4180} INFO - Setting next_dagrun for 01_music_ingestion_realtime to 2026-02-24 06:00:00+00:00, run_after=2026-02-24 07:00:00+00:00
[2026-02-24T07:25:05.116+0000] {processor.py:208} INFO - Processing /opt/airflow/dags/music_ingestion_dag.py took 0.126 seconds
[2026-02-24T07:25:35.450+0000] {processor.py:186} INFO - Started process (PID=822) to work on /opt/airflow/dags/music_ingestion_dag.py
[2026-02-24T07:25:35.451+0000] {processor.py:914} INFO - Processing file /opt/airflow/dags/music_ingestion_dag.py for tasks to queue
[2026-02-24T07:25:35.454+0000] {logging_mixin.py:190} INFO - [2026-02-24T07:25:35.454+0000] {dagbag.py:588} INFO - Filling up the DagBag from /opt/airflow/dags/music_ingestion_dag.py
[2026-02-24T07:25:35.477+0000] {processor.py:925} INFO - DAG(s) '01_music_ingestion_realtime' retrieved from /opt/airflow/dags/music_ingestion_dag.py
[2026-02-24T07:25:35.499+0000] {logging_mixin.py:190} INFO - [2026-02-24T07:25:35.499+0000] {dag.py:3239} INFO - Sync 1 DAGs
[2026-02-24T07:25:35.519+0000] {logging_mixin.py:190} INFO - [2026-02-24T07:25:35.519+0000] {dag.py:4180} INFO - Setting next_dagrun for 01_music_ingestion_realtime to 2026-02-24 06:00:00+00:00, run_after=2026-02-24 07:00:00+00:00
[2026-02-24T07:25:35.541+0000] {processor.py:208} INFO - Processing /opt/airflow/dags/music_ingestion_dag.py took 0.097 seconds
[2026-02-24T07:26:05.828+0000] {processor.py:186} INFO - Started process (PID=827) to work on /opt/airflow/dags/music_ingestion_dag.py
[2026-02-24T07:26:05.829+0000] {processor.py:914} INFO - Processing file /opt/airflow/dags/music_ingestion_dag.py for tasks to queue
[2026-02-24T07:26:05.831+0000] {logging_mixin.py:190} INFO - [2026-02-24T07:26:05.831+0000] {dagbag.py:588} INFO - Filling up the DagBag from /opt/airflow/dags/music_ingestion_dag.py
[2026-02-24T07:26:05.851+0000] {processor.py:925} INFO - DAG(s) '01_music_ingestion_realtime' retrieved from /opt/airflow/dags/music_ingestion_dag.py
[2026-02-24T07:26:05.881+0000] {logging_mixin.py:190} INFO - [2026-02-24T07:26:05.881+0000] {dag.py:3239} INFO - Sync 1 DAGs
[2026-02-24T07:26:05.905+0000] {logging_mixin.py:190} INFO - [2026-02-24T07:26:05.905+0000] {dag.py:4180} INFO - Setting next_dagrun for 01_music_ingestion_realtime to 2026-02-24 06:00:00+00:00, run_after=2026-02-24 07:00:00+00:00
[2026-02-24T07:26:05.932+0000] {processor.py:208} INFO - Processing /opt/airflow/dags/music_ingestion_dag.py took 0.110 seconds
[2026-02-24T07:33:13.155+0000] {processor.py:186} INFO - Started process (PID=166) to work on /opt/airflow/dags/music_ingestion_dag.py
[2026-02-24T07:33:13.365+0000] {processor.py:914} INFO - Processing file /opt/airflow/dags/music_ingestion_dag.py for tasks to queue
[2026-02-24T07:33:13.368+0000] {logging_mixin.py:190} INFO - [2026-02-24T07:33:13.368+0000] {dagbag.py:588} INFO - Filling up the DagBag from /opt/airflow/dags/music_ingestion_dag.py
[2026-02-24T07:33:13.674+0000] {processor.py:925} INFO - DAG(s) '01_music_ingestion_realtime' retrieved from /opt/airflow/dags/music_ingestion_dag.py
[2026-02-24T07:33:14.739+0000] {logging_mixin.py:190} INFO - [2026-02-24T07:33:14.738+0000] {override.py:1912} INFO - Created Permission View: can delete on DAG:01_music_ingestion_realtime
[2026-02-24T07:33:14.759+0000] {logging_mixin.py:190} INFO - [2026-02-24T07:33:14.759+0000] {override.py:1912} INFO - Created Permission View: can edit on DAG:01_music_ingestion_realtime
[2026-02-24T07:33:14.771+0000] {logging_mixin.py:190} INFO - [2026-02-24T07:33:14.770+0000] {override.py:1912} INFO - Created Permission View: can read on DAG:01_music_ingestion_realtime
[2026-02-24T07:33:14.787+0000] {logging_mixin.py:190} INFO - [2026-02-24T07:33:14.786+0000] {override.py:1912} INFO - Created Permission View: menu access on DAG Run:01_music_ingestion_realtime
[2026-02-24T07:33:14.802+0000] {logging_mixin.py:190} INFO - [2026-02-24T07:33:14.801+0000] {override.py:1912} INFO - Created Permission View: can create on DAG Run:01_music_ingestion_realtime
[2026-02-24T07:33:14.816+0000] {logging_mixin.py:190} INFO - [2026-02-24T07:33:14.815+0000] {override.py:1912} INFO - Created Permission View: can delete on DAG Run:01_music_ingestion_realtime
[2026-02-24T07:33:14.830+0000] {logging_mixin.py:190} INFO - [2026-02-24T07:33:14.829+0000] {override.py:1912} INFO - Created Permission View: can read on DAG Run:01_music_ingestion_realtime
[2026-02-24T07:33:14.831+0000] {logging_mixin.py:190} INFO - [2026-02-24T07:33:14.831+0000] {dag.py:3239} INFO - Sync 1 DAGs
[2026-02-24T07:33:14.868+0000] {logging_mixin.py:190} INFO - [2026-02-24T07:33:14.868+0000] {dag.py:3262} INFO - Creating ORM DAG for 01_music_ingestion_realtime
[2026-02-24T07:33:14.895+0000] {logging_mixin.py:190} INFO - [2026-02-24T07:33:14.895+0000] {dag.py:4180} INFO - Setting next_dagrun for 01_music_ingestion_realtime to 2026-02-24 06:00:00+00:00, run_after=2026-02-24 07:00:00+00:00
[2026-02-24T07:33:14.945+0000] {processor.py:208} INFO - Processing /opt/airflow/dags/music_ingestion_dag.py took 1.972 seconds
[2026-02-24T07:33:45.270+0000] {processor.py:186} INFO - Started process (PID=171) to work on /opt/airflow/dags/music_ingestion_dag.py
[2026-02-24T07:33:45.273+0000] {processor.py:914} INFO - Processing file /opt/airflow/dags/music_ingestion_dag.py for tasks to queue
[2026-02-24T07:33:45.323+0000] {logging_mixin.py:190} INFO - [2026-02-24T07:33:45.319+0000] {dagbag.py:588} INFO - Filling up the DagBag from /opt/airflow/dags/music_ingestion_dag.py
[2026-02-24T07:33:45.464+0000] {processor.py:925} INFO - DAG(s) '01_music_ingestion_realtime' retrieved from /opt/airflow/dags/music_ingestion_dag.py
[2026-02-24T07:33:47.330+0000] {logging_mixin.py:190} INFO - [2026-02-24T07:33:47.329+0000] {dag.py:3239} INFO - Sync 1 DAGs
[2026-02-24T07:33:47.727+0000] {logging_mixin.py:190} INFO - [2026-02-24T07:33:47.726+0000] {dag.py:4180} INFO - Setting next_dagrun for 01_music_ingestion_realtime to 2026-02-24 06:00:00+00:00, run_after=2026-02-24 07:00:00+00:00
[2026-02-24T07:33:47.950+0000] {processor.py:208} INFO - Processing /opt/airflow/dags/music_ingestion_dag.py took 2.695 seconds
[2026-02-24T07:34:18.457+0000] {processor.py:186} INFO - Started process (PID=176) to work on /opt/airflow/dags/music_ingestion_dag.py
[2026-02-24T07:34:18.459+0000] {processor.py:914} INFO - Processing file /opt/airflow/dags/music_ingestion_dag.py for tasks to queue
[2026-02-24T07:34:18.463+0000] {logging_mixin.py:190} INFO - [2026-02-24T07:34:18.462+0000] {dagbag.py:588} INFO - Filling up the DagBag from /opt/airflow/dags/music_ingestion_dag.py
[2026-02-24T07:34:18.505+0000] {processor.py:925} INFO - DAG(s) '01_music_ingestion_realtime' retrieved from /opt/airflow/dags/music_ingestion_dag.py
[2026-02-24T07:34:18.599+0000] {logging_mixin.py:190} INFO - [2026-02-24T07:34:18.598+0000] {dag.py:3239} INFO - Sync 1 DAGs
[2026-02-24T07:34:18.672+0000] {logging_mixin.py:190} INFO - [2026-02-24T07:34:18.671+0000] {dag.py:4180} INFO - Setting next_dagrun for 01_music_ingestion_realtime to 2026-02-24 06:00:00+00:00, run_after=2026-02-24 07:00:00+00:00
[2026-02-24T07:34:18.705+0000] {processor.py:208} INFO - Processing /opt/airflow/dags/music_ingestion_dag.py took 0.258 seconds
[2026-02-24T07:34:48.949+0000] {processor.py:186} INFO - Started process (PID=181) to work on /opt/airflow/dags/music_ingestion_dag.py
[2026-02-24T07:34:48.951+0000] {processor.py:914} INFO - Processing file /opt/airflow/dags/music_ingestion_dag.py for tasks to queue
[2026-02-24T07:34:48.956+0000] {logging_mixin.py:190} INFO - [2026-02-24T07:34:48.955+0000] {dagbag.py:588} INFO - Filling up the DagBag from /opt/airflow/dags/music_ingestion_dag.py
[2026-02-24T07:34:49.000+0000] {processor.py:925} INFO - DAG(s) '01_music_ingestion_realtime' retrieved from /opt/airflow/dags/music_ingestion_dag.py
[2026-02-24T07:34:49.062+0000] {logging_mixin.py:190} INFO - [2026-02-24T07:34:49.061+0000] {dag.py:3239} INFO - Sync 1 DAGs
[2026-02-24T07:34:49.105+0000] {logging_mixin.py:190} INFO - [2026-02-24T07:34:49.105+0000] {dag.py:4180} INFO - Setting next_dagrun for 01_music_ingestion_realtime to 2026-02-24 06:00:00+00:00, run_after=2026-02-24 07:00:00+00:00
[2026-02-24T07:34:49.139+0000] {processor.py:208} INFO - Processing /opt/airflow/dags/music_ingestion_dag.py took 0.199 seconds
[2026-02-24T07:35:19.347+0000] {processor.py:186} INFO - Started process (PID=186) to work on /opt/airflow/dags/music_ingestion_dag.py
[2026-02-24T07:35:19.349+0000] {processor.py:914} INFO - Processing file /opt/airflow/dags/music_ingestion_dag.py for tasks to queue
[2026-02-24T07:35:19.352+0000] {logging_mixin.py:190} INFO - [2026-02-24T07:35:19.351+0000] {dagbag.py:588} INFO - Filling up the DagBag from /opt/airflow/dags/music_ingestion_dag.py
[2026-02-24T07:35:19.375+0000] {processor.py:925} INFO - DAG(s) '01_music_ingestion_realtime' retrieved from /opt/airflow/dags/music_ingestion_dag.py
[2026-02-24T07:35:19.554+0000] {logging_mixin.py:190} INFO - [2026-02-24T07:35:19.426+0000] {dag.py:3239} INFO - Sync 1 DAGs
[2026-02-24T07:35:19.601+0000] {logging_mixin.py:190} INFO - [2026-02-24T07:35:19.601+0000] {dag.py:4180} INFO - Setting next_dagrun for 01_music_ingestion_realtime to 2026-02-24 06:00:00+00:00, run_after=2026-02-24 07:00:00+00:00
[2026-02-24T07:35:19.632+0000] {processor.py:208} INFO - Processing /opt/airflow/dags/music_ingestion_dag.py took 0.295 seconds
[2026-02-24T07:35:49.759+0000] {processor.py:186} INFO - Started process (PID=191) to work on /opt/airflow/dags/music_ingestion_dag.py
[2026-02-24T07:35:49.762+0000] {processor.py:914} INFO - Processing file /opt/airflow/dags/music_ingestion_dag.py for tasks to queue
[2026-02-24T07:35:49.768+0000] {logging_mixin.py:190} INFO - [2026-02-24T07:35:49.767+0000] {dagbag.py:588} INFO - Filling up the DagBag from /opt/airflow/dags/music_ingestion_dag.py
[2026-02-24T07:35:49.800+0000] {processor.py:925} INFO - DAG(s) '01_music_ingestion_realtime' retrieved from /opt/airflow/dags/music_ingestion_dag.py
[2026-02-24T07:35:49.854+0000] {logging_mixin.py:190} INFO - [2026-02-24T07:35:49.854+0000] {dag.py:3239} INFO - Sync 1 DAGs
[2026-02-24T07:35:49.904+0000] {logging_mixin.py:190} INFO - [2026-02-24T07:35:49.904+0000] {dag.py:4180} INFO - Setting next_dagrun for 01_music_ingestion_realtime to 2026-02-24 06:00:00+00:00, run_after=2026-02-24 07:00:00+00:00
[2026-02-24T07:35:50.144+0000] {processor.py:208} INFO - Processing /opt/airflow/dags/music_ingestion_dag.py took 0.395 seconds
[2026-02-24T07:36:20.353+0000] {processor.py:186} INFO - Started process (PID=196) to work on /opt/airflow/dags/music_ingestion_dag.py
[2026-02-24T07:36:20.354+0000] {processor.py:914} INFO - Processing file /opt/airflow/dags/music_ingestion_dag.py for tasks to queue
[2026-02-24T07:36:20.359+0000] {logging_mixin.py:190} INFO - [2026-02-24T07:36:20.359+0000] {dagbag.py:588} INFO - Filling up the DagBag from /opt/airflow/dags/music_ingestion_dag.py
[2026-02-24T07:36:20.400+0000] {processor.py:925} INFO - DAG(s) '01_music_ingestion_realtime' retrieved from /opt/airflow/dags/music_ingestion_dag.py
[2026-02-24T07:36:20.477+0000] {logging_mixin.py:190} INFO - [2026-02-24T07:36:20.477+0000] {dag.py:3239} INFO - Sync 1 DAGs
[2026-02-24T07:36:20.534+0000] {logging_mixin.py:190} INFO - [2026-02-24T07:36:20.533+0000] {dag.py:4180} INFO - Setting next_dagrun for 01_music_ingestion_realtime to 2026-02-24 06:00:00+00:00, run_after=2026-02-24 07:00:00+00:00
[2026-02-24T07:36:20.577+0000] {processor.py:208} INFO - Processing /opt/airflow/dags/music_ingestion_dag.py took 0.234 seconds
[2026-02-24T07:36:50.821+0000] {processor.py:186} INFO - Started process (PID=201) to work on /opt/airflow/dags/music_ingestion_dag.py
[2026-02-24T07:36:50.823+0000] {processor.py:914} INFO - Processing file /opt/airflow/dags/music_ingestion_dag.py for tasks to queue
[2026-02-24T07:36:50.828+0000] {logging_mixin.py:190} INFO - [2026-02-24T07:36:50.827+0000] {dagbag.py:588} INFO - Filling up the DagBag from /opt/airflow/dags/music_ingestion_dag.py
[2026-02-24T07:36:50.873+0000] {processor.py:925} INFO - DAG(s) '01_music_ingestion_realtime' retrieved from /opt/airflow/dags/music_ingestion_dag.py
[2026-02-24T07:36:50.929+0000] {logging_mixin.py:190} INFO - [2026-02-24T07:36:50.929+0000] {dag.py:3239} INFO - Sync 1 DAGs
[2026-02-24T07:36:50.962+0000] {logging_mixin.py:190} INFO - [2026-02-24T07:36:50.962+0000] {dag.py:4180} INFO - Setting next_dagrun for 01_music_ingestion_realtime to 2026-02-24 06:00:00+00:00, run_after=2026-02-24 07:00:00+00:00
[2026-02-24T07:36:50.992+0000] {processor.py:208} INFO - Processing /opt/airflow/dags/music_ingestion_dag.py took 0.181 seconds
[2026-02-24T07:37:21.238+0000] {processor.py:186} INFO - Started process (PID=206) to work on /opt/airflow/dags/music_ingestion_dag.py
[2026-02-24T07:37:21.241+0000] {processor.py:914} INFO - Processing file /opt/airflow/dags/music_ingestion_dag.py for tasks to queue
[2026-02-24T07:37:21.246+0000] {logging_mixin.py:190} INFO - [2026-02-24T07:37:21.246+0000] {dagbag.py:588} INFO - Filling up the DagBag from /opt/airflow/dags/music_ingestion_dag.py
[2026-02-24T07:37:21.298+0000] {processor.py:925} INFO - DAG(s) '01_music_ingestion_realtime' retrieved from /opt/airflow/dags/music_ingestion_dag.py
[2026-02-24T07:37:21.366+0000] {logging_mixin.py:190} INFO - [2026-02-24T07:37:21.365+0000] {dag.py:3239} INFO - Sync 1 DAGs
[2026-02-24T07:37:21.450+0000] {logging_mixin.py:190} INFO - [2026-02-24T07:37:21.450+0000] {dag.py:4180} INFO - Setting next_dagrun for 01_music_ingestion_realtime to 2026-02-24 06:00:00+00:00, run_after=2026-02-24 07:00:00+00:00
[2026-02-24T07:37:21.499+0000] {processor.py:208} INFO - Processing /opt/airflow/dags/music_ingestion_dag.py took 0.277 seconds
[2026-02-24T07:37:52.657+0000] {processor.py:186} INFO - Started process (PID=211) to work on /opt/airflow/dags/music_ingestion_dag.py
[2026-02-24T07:37:52.672+0000] {processor.py:914} INFO - Processing file /opt/airflow/dags/music_ingestion_dag.py for tasks to queue
[2026-02-24T07:37:52.725+0000] {logging_mixin.py:190} INFO - [2026-02-24T07:37:52.723+0000] {dagbag.py:588} INFO - Filling up the DagBag from /opt/airflow/dags/music_ingestion_dag.py
[2026-02-24T07:37:52.936+0000] {processor.py:925} INFO - DAG(s) '01_music_ingestion_realtime' retrieved from /opt/airflow/dags/music_ingestion_dag.py
[2026-02-24T07:37:53.316+0000] {logging_mixin.py:190} INFO - [2026-02-24T07:37:53.315+0000] {dag.py:3239} INFO - Sync 1 DAGs
[2026-02-24T07:37:53.530+0000] {logging_mixin.py:190} INFO - [2026-02-24T07:37:53.528+0000] {dag.py:4180} INFO - Setting next_dagrun for 01_music_ingestion_realtime to 2026-02-24 06:00:00+00:00, run_after=2026-02-24 07:00:00+00:00
[2026-02-24T07:37:53.629+0000] {processor.py:208} INFO - Processing /opt/airflow/dags/music_ingestion_dag.py took 1.113 seconds
[2026-02-24T07:38:23.963+0000] {processor.py:186} INFO - Started process (PID=216) to work on /opt/airflow/dags/music_ingestion_dag.py
[2026-02-24T07:38:23.980+0000] {processor.py:914} INFO - Processing file /opt/airflow/dags/music_ingestion_dag.py for tasks to queue
[2026-02-24T07:38:24.006+0000] {logging_mixin.py:190} INFO - [2026-02-24T07:38:24.004+0000] {dagbag.py:588} INFO - Filling up the DagBag from /opt/airflow/dags/music_ingestion_dag.py
[2026-02-24T07:38:24.497+0000] {processor.py:925} INFO - DAG(s) '01_music_ingestion_realtime' retrieved from /opt/airflow/dags/music_ingestion_dag.py
[2026-02-24T07:38:24.809+0000] {logging_mixin.py:190} INFO - [2026-02-24T07:38:24.809+0000] {dag.py:3239} INFO - Sync 1 DAGs
[2026-02-24T07:38:24.964+0000] {logging_mixin.py:190} INFO - [2026-02-24T07:38:24.964+0000] {dag.py:4180} INFO - Setting next_dagrun for 01_music_ingestion_realtime to 2026-02-24 06:00:00+00:00, run_after=2026-02-24 07:00:00+00:00
[2026-02-24T07:38:25.136+0000] {processor.py:208} INFO - Processing /opt/airflow/dags/music_ingestion_dag.py took 1.187 seconds
[2026-02-24T07:38:55.480+0000] {processor.py:186} INFO - Started process (PID=221) to work on /opt/airflow/dags/music_ingestion_dag.py
[2026-02-24T07:38:55.481+0000] {processor.py:914} INFO - Processing file /opt/airflow/dags/music_ingestion_dag.py for tasks to queue
[2026-02-24T07:38:55.485+0000] {logging_mixin.py:190} INFO - [2026-02-24T07:38:55.484+0000] {dagbag.py:588} INFO - Filling up the DagBag from /opt/airflow/dags/music_ingestion_dag.py
[2026-02-24T07:38:55.515+0000] {processor.py:925} INFO - DAG(s) '01_music_ingestion_realtime' retrieved from /opt/airflow/dags/music_ingestion_dag.py
[2026-02-24T07:38:55.571+0000] {logging_mixin.py:190} INFO - [2026-02-24T07:38:55.570+0000] {dag.py:3239} INFO - Sync 1 DAGs
[2026-02-24T07:38:55.615+0000] {logging_mixin.py:190} INFO - [2026-02-24T07:38:55.614+0000] {dag.py:4180} INFO - Setting next_dagrun for 01_music_ingestion_realtime to 2026-02-24 06:00:00+00:00, run_after=2026-02-24 07:00:00+00:00
[2026-02-24T07:38:55.675+0000] {processor.py:208} INFO - Processing /opt/airflow/dags/music_ingestion_dag.py took 0.217 seconds
[2026-02-24T07:39:25.786+0000] {processor.py:186} INFO - Started process (PID=226) to work on /opt/airflow/dags/music_ingestion_dag.py
[2026-02-24T07:39:25.788+0000] {processor.py:914} INFO - Processing file /opt/airflow/dags/music_ingestion_dag.py for tasks to queue
[2026-02-24T07:39:25.792+0000] {logging_mixin.py:190} INFO - [2026-02-24T07:39:25.791+0000] {dagbag.py:588} INFO - Filling up the DagBag from /opt/airflow/dags/music_ingestion_dag.py
[2026-02-24T07:39:25.828+0000] {processor.py:925} INFO - DAG(s) '01_music_ingestion_realtime' retrieved from /opt/airflow/dags/music_ingestion_dag.py
[2026-02-24T07:39:25.885+0000] {logging_mixin.py:190} INFO - [2026-02-24T07:39:25.884+0000] {dag.py:3239} INFO - Sync 1 DAGs
[2026-02-24T07:39:25.922+0000] {logging_mixin.py:190} INFO - [2026-02-24T07:39:25.922+0000] {dag.py:4180} INFO - Setting next_dagrun for 01_music_ingestion_realtime to 2026-02-24 06:00:00+00:00, run_after=2026-02-24 07:00:00+00:00
[2026-02-24T07:39:25.958+0000] {processor.py:208} INFO - Processing /opt/airflow/dags/music_ingestion_dag.py took 0.177 seconds
[2026-02-24T07:39:56.279+0000] {processor.py:186} INFO - Started process (PID=231) to work on /opt/airflow/dags/music_ingestion_dag.py
[2026-02-24T07:39:56.280+0000] {processor.py:914} INFO - Processing file /opt/airflow/dags/music_ingestion_dag.py for tasks to queue
[2026-02-24T07:39:56.283+0000] {logging_mixin.py:190} INFO - [2026-02-24T07:39:56.283+0000] {dagbag.py:588} INFO - Filling up the DagBag from /opt/airflow/dags/music_ingestion_dag.py
[2026-02-24T07:39:56.309+0000] {processor.py:925} INFO - DAG(s) '01_music_ingestion_realtime' retrieved from /opt/airflow/dags/music_ingestion_dag.py
[2026-02-24T07:39:56.340+0000] {logging_mixin.py:190} INFO - [2026-02-24T07:39:56.340+0000] {dag.py:3239} INFO - Sync 1 DAGs
[2026-02-24T07:39:56.410+0000] {logging_mixin.py:190} INFO - [2026-02-24T07:39:56.410+0000] {dag.py:4180} INFO - Setting next_dagrun for 01_music_ingestion_realtime to 2026-02-24 06:00:00+00:00, run_after=2026-02-24 07:00:00+00:00
[2026-02-24T07:39:56.463+0000] {processor.py:208} INFO - Processing /opt/airflow/dags/music_ingestion_dag.py took 0.192 seconds
[2026-02-24T07:40:26.608+0000] {processor.py:186} INFO - Started process (PID=236) to work on /opt/airflow/dags/music_ingestion_dag.py
[2026-02-24T07:40:26.610+0000] {processor.py:914} INFO - Processing file /opt/airflow/dags/music_ingestion_dag.py for tasks to queue
[2026-02-24T07:40:26.613+0000] {logging_mixin.py:190} INFO - [2026-02-24T07:40:26.612+0000] {dagbag.py:588} INFO - Filling up the DagBag from /opt/airflow/dags/music_ingestion_dag.py
[2026-02-24T07:40:26.645+0000] {processor.py:925} INFO - DAG(s) '01_music_ingestion_realtime' retrieved from /opt/airflow/dags/music_ingestion_dag.py
[2026-02-24T07:40:26.687+0000] {logging_mixin.py:190} INFO - [2026-02-24T07:40:26.687+0000] {dag.py:3239} INFO - Sync 1 DAGs
[2026-02-24T07:40:26.717+0000] {logging_mixin.py:190} INFO - [2026-02-24T07:40:26.716+0000] {dag.py:4180} INFO - Setting next_dagrun for 01_music_ingestion_realtime to 2026-02-24 06:00:00+00:00, run_after=2026-02-24 07:00:00+00:00
[2026-02-24T07:40:26.763+0000] {processor.py:208} INFO - Processing /opt/airflow/dags/music_ingestion_dag.py took 0.160 seconds
[2026-02-24T07:40:57.200+0000] {processor.py:186} INFO - Started process (PID=241) to work on /opt/airflow/dags/music_ingestion_dag.py
[2026-02-24T07:40:57.207+0000] {processor.py:914} INFO - Processing file /opt/airflow/dags/music_ingestion_dag.py for tasks to queue
[2026-02-24T07:40:57.223+0000] {logging_mixin.py:190} INFO - [2026-02-24T07:40:57.219+0000] {dagbag.py:588} INFO - Filling up the DagBag from /opt/airflow/dags/music_ingestion_dag.py
[2026-02-24T07:40:57.363+0000] {processor.py:925} INFO - DAG(s) '01_music_ingestion_realtime' retrieved from /opt/airflow/dags/music_ingestion_dag.py
[2026-02-24T07:40:57.584+0000] {logging_mixin.py:190} INFO - [2026-02-24T07:40:57.583+0000] {dag.py:3239} INFO - Sync 1 DAGs
[2026-02-24T07:40:57.709+0000] {logging_mixin.py:190} INFO - [2026-02-24T07:40:57.708+0000] {dag.py:4180} INFO - Setting next_dagrun for 01_music_ingestion_realtime to 2026-02-24 06:00:00+00:00, run_after=2026-02-24 07:00:00+00:00
[2026-02-24T07:40:57.763+0000] {processor.py:208} INFO - Processing /opt/airflow/dags/music_ingestion_dag.py took 0.625 seconds
[2026-02-24T07:41:28.143+0000] {processor.py:186} INFO - Started process (PID=246) to work on /opt/airflow/dags/music_ingestion_dag.py
[2026-02-24T07:41:28.145+0000] {processor.py:914} INFO - Processing file /opt/airflow/dags/music_ingestion_dag.py for tasks to queue
[2026-02-24T07:41:28.151+0000] {logging_mixin.py:190} INFO - [2026-02-24T07:41:28.148+0000] {dagbag.py:588} INFO - Filling up the DagBag from /opt/airflow/dags/music_ingestion_dag.py
[2026-02-24T07:41:28.187+0000] {processor.py:925} INFO - DAG(s) '01_music_ingestion_realtime' retrieved from /opt/airflow/dags/music_ingestion_dag.py
[2026-02-24T07:41:28.246+0000] {logging_mixin.py:190} INFO - [2026-02-24T07:41:28.246+0000] {dag.py:3239} INFO - Sync 1 DAGs
[2026-02-24T07:41:28.282+0000] {logging_mixin.py:190} INFO - [2026-02-24T07:41:28.281+0000] {dag.py:4180} INFO - Setting next_dagrun for 01_music_ingestion_realtime to 2026-02-24 06:00:00+00:00, run_after=2026-02-24 07:00:00+00:00
[2026-02-24T07:41:28.313+0000] {processor.py:208} INFO - Processing /opt/airflow/dags/music_ingestion_dag.py took 0.182 seconds
[2026-02-24T07:41:58.480+0000] {processor.py:186} INFO - Started process (PID=251) to work on /opt/airflow/dags/music_ingestion_dag.py
[2026-02-24T07:41:58.481+0000] {processor.py:914} INFO - Processing file /opt/airflow/dags/music_ingestion_dag.py for tasks to queue
[2026-02-24T07:41:58.484+0000] {logging_mixin.py:190} INFO - [2026-02-24T07:41:58.484+0000] {dagbag.py:588} INFO - Filling up the DagBag from /opt/airflow/dags/music_ingestion_dag.py
[2026-02-24T07:41:58.510+0000] {processor.py:925} INFO - DAG(s) '01_music_ingestion_realtime' retrieved from /opt/airflow/dags/music_ingestion_dag.py
[2026-02-24T07:41:58.544+0000] {logging_mixin.py:190} INFO - [2026-02-24T07:41:58.543+0000] {dag.py:3239} INFO - Sync 1 DAGs
[2026-02-24T07:41:58.571+0000] {logging_mixin.py:190} INFO - [2026-02-24T07:41:58.570+0000] {dag.py:4180} INFO - Setting next_dagrun for 01_music_ingestion_realtime to 2026-02-24 06:00:00+00:00, run_after=2026-02-24 07:00:00+00:00
[2026-02-24T07:41:58.601+0000] {processor.py:208} INFO - Processing /opt/airflow/dags/music_ingestion_dag.py took 0.129 seconds
[2026-02-24T07:42:28.803+0000] {processor.py:186} INFO - Started process (PID=256) to work on /opt/airflow/dags/music_ingestion_dag.py
[2026-02-24T07:42:28.804+0000] {processor.py:914} INFO - Processing file /opt/airflow/dags/music_ingestion_dag.py for tasks to queue
[2026-02-24T07:42:28.807+0000] {logging_mixin.py:190} INFO - [2026-02-24T07:42:28.806+0000] {dagbag.py:588} INFO - Filling up the DagBag from /opt/airflow/dags/music_ingestion_dag.py
[2026-02-24T07:42:28.828+0000] {processor.py:925} INFO - DAG(s) '01_music_ingestion_realtime' retrieved from /opt/airflow/dags/music_ingestion_dag.py
[2026-02-24T07:42:28.859+0000] {logging_mixin.py:190} INFO - [2026-02-24T07:42:28.859+0000] {dag.py:3239} INFO - Sync 1 DAGs
[2026-02-24T07:42:28.884+0000] {logging_mixin.py:190} INFO - [2026-02-24T07:42:28.884+0000] {dag.py:4180} INFO - Setting next_dagrun for 01_music_ingestion_realtime to 2026-02-24 06:00:00+00:00, run_after=2026-02-24 07:00:00+00:00
[2026-02-24T07:42:28.913+0000] {processor.py:208} INFO - Processing /opt/airflow/dags/music_ingestion_dag.py took 0.116 seconds
[2026-02-24T07:42:59.255+0000] {processor.py:186} INFO - Started process (PID=261) to work on /opt/airflow/dags/music_ingestion_dag.py
[2026-02-24T07:42:59.257+0000] {processor.py:914} INFO - Processing file /opt/airflow/dags/music_ingestion_dag.py for tasks to queue
[2026-02-24T07:42:59.259+0000] {logging_mixin.py:190} INFO - [2026-02-24T07:42:59.259+0000] {dagbag.py:588} INFO - Filling up the DagBag from /opt/airflow/dags/music_ingestion_dag.py
[2026-02-24T07:42:59.284+0000] {processor.py:925} INFO - DAG(s) '01_music_ingestion_realtime' retrieved from /opt/airflow/dags/music_ingestion_dag.py
[2026-02-24T07:42:59.326+0000] {logging_mixin.py:190} INFO - [2026-02-24T07:42:59.326+0000] {dag.py:3239} INFO - Sync 1 DAGs
[2026-02-24T07:42:59.360+0000] {logging_mixin.py:190} INFO - [2026-02-24T07:42:59.359+0000] {dag.py:4180} INFO - Setting next_dagrun for 01_music_ingestion_realtime to 2026-02-24 06:00:00+00:00, run_after=2026-02-24 07:00:00+00:00
[2026-02-24T07:42:59.391+0000] {processor.py:208} INFO - Processing /opt/airflow/dags/music_ingestion_dag.py took 0.142 seconds
[2026-02-24T07:43:29.691+0000] {processor.py:186} INFO - Started process (PID=266) to work on /opt/airflow/dags/music_ingestion_dag.py
[2026-02-24T07:43:29.693+0000] {processor.py:914} INFO - Processing file /opt/airflow/dags/music_ingestion_dag.py for tasks to queue
[2026-02-24T07:43:29.697+0000] {logging_mixin.py:190} INFO - [2026-02-24T07:43:29.697+0000] {dagbag.py:588} INFO - Filling up the DagBag from /opt/airflow/dags/music_ingestion_dag.py
[2026-02-24T07:43:29.722+0000] {processor.py:925} INFO - DAG(s) '01_music_ingestion_realtime' retrieved from /opt/airflow/dags/music_ingestion_dag.py
[2026-02-24T07:43:29.782+0000] {logging_mixin.py:190} INFO - [2026-02-24T07:43:29.782+0000] {dag.py:3239} INFO - Sync 1 DAGs
[2026-02-24T07:43:29.823+0000] {logging_mixin.py:190} INFO - [2026-02-24T07:43:29.823+0000] {dag.py:4180} INFO - Setting next_dagrun for 01_music_ingestion_realtime to 2026-02-24 06:00:00+00:00, run_after=2026-02-24 07:00:00+00:00
[2026-02-24T07:43:29.854+0000] {processor.py:208} INFO - Processing /opt/airflow/dags/music_ingestion_dag.py took 0.171 seconds
[2026-02-24T07:43:59.988+0000] {processor.py:186} INFO - Started process (PID=271) to work on /opt/airflow/dags/music_ingestion_dag.py
[2026-02-24T07:43:59.989+0000] {processor.py:914} INFO - Processing file /opt/airflow/dags/music_ingestion_dag.py for tasks to queue
[2026-02-24T07:43:59.993+0000] {logging_mixin.py:190} INFO - [2026-02-24T07:43:59.992+0000] {dagbag.py:588} INFO - Filling up the DagBag from /opt/airflow/dags/music_ingestion_dag.py
[2026-02-24T07:44:00.017+0000] {processor.py:925} INFO - DAG(s) '01_music_ingestion_realtime' retrieved from /opt/airflow/dags/music_ingestion_dag.py
[2026-02-24T07:44:00.057+0000] {logging_mixin.py:190} INFO - [2026-02-24T07:44:00.057+0000] {dag.py:3239} INFO - Sync 1 DAGs
[2026-02-24T07:44:00.113+0000] {logging_mixin.py:190} INFO - [2026-02-24T07:44:00.113+0000] {dag.py:4180} INFO - Setting next_dagrun for 01_music_ingestion_realtime to 2026-02-24 06:00:00+00:00, run_after=2026-02-24 07:00:00+00:00
[2026-02-24T07:44:00.154+0000] {processor.py:208} INFO - Processing /opt/airflow/dags/music_ingestion_dag.py took 0.172 seconds
[2026-02-24T07:44:30.525+0000] {processor.py:186} INFO - Started process (PID=276) to work on /opt/airflow/dags/music_ingestion_dag.py
[2026-02-24T07:44:30.531+0000] {processor.py:914} INFO - Processing file /opt/airflow/dags/music_ingestion_dag.py for tasks to queue
[2026-02-24T07:44:30.545+0000] {logging_mixin.py:190} INFO - [2026-02-24T07:44:30.544+0000] {dagbag.py:588} INFO - Filling up the DagBag from /opt/airflow/dags/music_ingestion_dag.py
[2026-02-24T07:44:30.600+0000] {processor.py:925} INFO - DAG(s) '01_music_ingestion_realtime' retrieved from /opt/airflow/dags/music_ingestion_dag.py
[2026-02-24T07:44:30.689+0000] {logging_mixin.py:190} INFO - [2026-02-24T07:44:30.689+0000] {dag.py:3239} INFO - Sync 1 DAGs
[2026-02-24T07:44:30.768+0000] {logging_mixin.py:190} INFO - [2026-02-24T07:44:30.768+0000] {dag.py:4180} INFO - Setting next_dagrun for 01_music_ingestion_realtime to 2026-02-24 06:00:00+00:00, run_after=2026-02-24 07:00:00+00:00
[2026-02-24T07:44:30.814+0000] {processor.py:208} INFO - Processing /opt/airflow/dags/music_ingestion_dag.py took 0.306 seconds
[2026-02-24T07:45:01.240+0000] {processor.py:186} INFO - Started process (PID=281) to work on /opt/airflow/dags/music_ingestion_dag.py
[2026-02-24T07:45:01.242+0000] {processor.py:914} INFO - Processing file /opt/airflow/dags/music_ingestion_dag.py for tasks to queue
[2026-02-24T07:45:01.247+0000] {logging_mixin.py:190} INFO - [2026-02-24T07:45:01.247+0000] {dagbag.py:588} INFO - Filling up the DagBag from /opt/airflow/dags/music_ingestion_dag.py
[2026-02-24T07:45:01.290+0000] {processor.py:925} INFO - DAG(s) '01_music_ingestion_realtime' retrieved from /opt/airflow/dags/music_ingestion_dag.py
[2026-02-24T07:45:01.329+0000] {logging_mixin.py:190} INFO - [2026-02-24T07:45:01.329+0000] {dag.py:3239} INFO - Sync 1 DAGs
[2026-02-24T07:45:01.356+0000] {logging_mixin.py:190} INFO - [2026-02-24T07:45:01.356+0000] {dag.py:4180} INFO - Setting next_dagrun for 01_music_ingestion_realtime to 2026-02-24 06:00:00+00:00, run_after=2026-02-24 07:00:00+00:00
[2026-02-24T07:45:01.388+0000] {processor.py:208} INFO - Processing /opt/airflow/dags/music_ingestion_dag.py took 0.157 seconds
[2026-02-24T07:45:31.594+0000] {processor.py:186} INFO - Started process (PID=286) to work on /opt/airflow/dags/music_ingestion_dag.py
[2026-02-24T07:45:31.596+0000] {processor.py:914} INFO - Processing file /opt/airflow/dags/music_ingestion_dag.py for tasks to queue
[2026-02-24T07:45:31.600+0000] {logging_mixin.py:190} INFO - [2026-02-24T07:45:31.600+0000] {dagbag.py:588} INFO - Filling up the DagBag from /opt/airflow/dags/music_ingestion_dag.py
[2026-02-24T07:45:31.640+0000] {processor.py:925} INFO - DAG(s) '01_music_ingestion_realtime' retrieved from /opt/airflow/dags/music_ingestion_dag.py
[2026-02-24T07:45:31.698+0000] {logging_mixin.py:190} INFO - [2026-02-24T07:45:31.698+0000] {dag.py:3239} INFO - Sync 1 DAGs
[2026-02-24T07:45:31.743+0000] {logging_mixin.py:190} INFO - [2026-02-24T07:45:31.743+0000] {dag.py:4180} INFO - Setting next_dagrun for 01_music_ingestion_realtime to 2026-02-24 06:00:00+00:00, run_after=2026-02-24 07:00:00+00:00
[2026-02-24T07:45:31.782+0000] {processor.py:208} INFO - Processing /opt/airflow/dags/music_ingestion_dag.py took 0.200 seconds
[2026-02-24T07:46:02.039+0000] {processor.py:186} INFO - Started process (PID=291) to work on /opt/airflow/dags/music_ingestion_dag.py
[2026-02-24T07:46:02.041+0000] {processor.py:914} INFO - Processing file /opt/airflow/dags/music_ingestion_dag.py for tasks to queue
[2026-02-24T07:46:02.044+0000] {logging_mixin.py:190} INFO - [2026-02-24T07:46:02.043+0000] {dagbag.py:588} INFO - Filling up the DagBag from /opt/airflow/dags/music_ingestion_dag.py
[2026-02-24T07:46:02.087+0000] {processor.py:925} INFO - DAG(s) '01_music_ingestion_realtime' retrieved from /opt/airflow/dags/music_ingestion_dag.py
[2026-02-24T07:46:02.125+0000] {logging_mixin.py:190} INFO - [2026-02-24T07:46:02.124+0000] {dag.py:3239} INFO - Sync 1 DAGs
[2026-02-24T07:46:02.152+0000] {logging_mixin.py:190} INFO - [2026-02-24T07:46:02.152+0000] {dag.py:4180} INFO - Setting next_dagrun for 01_music_ingestion_realtime to 2026-02-24 06:00:00+00:00, run_after=2026-02-24 07:00:00+00:00
[2026-02-24T07:46:02.179+0000] {processor.py:208} INFO - Processing /opt/airflow/dags/music_ingestion_dag.py took 0.146 seconds
[2026-02-24T07:46:32.449+0000] {processor.py:186} INFO - Started process (PID=296) to work on /opt/airflow/dags/music_ingestion_dag.py
[2026-02-24T07:46:32.451+0000] {processor.py:914} INFO - Processing file /opt/airflow/dags/music_ingestion_dag.py for tasks to queue
[2026-02-24T07:46:32.454+0000] {logging_mixin.py:190} INFO - [2026-02-24T07:46:32.454+0000] {dagbag.py:588} INFO - Filling up the DagBag from /opt/airflow/dags/music_ingestion_dag.py
[2026-02-24T07:46:32.479+0000] {processor.py:925} INFO - DAG(s) '01_music_ingestion_realtime' retrieved from /opt/airflow/dags/music_ingestion_dag.py
[2026-02-24T07:46:32.517+0000] {logging_mixin.py:190} INFO - [2026-02-24T07:46:32.516+0000] {dag.py:3239} INFO - Sync 1 DAGs
[2026-02-24T07:46:32.550+0000] {logging_mixin.py:190} INFO - [2026-02-24T07:46:32.549+0000] {dag.py:4180} INFO - Setting next_dagrun for 01_music_ingestion_realtime to 2026-02-24 06:00:00+00:00, run_after=2026-02-24 07:00:00+00:00
[2026-02-24T07:46:32.579+0000] {processor.py:208} INFO - Processing /opt/airflow/dags/music_ingestion_dag.py took 0.136 seconds
[2026-02-24T07:47:02.795+0000] {processor.py:186} INFO - Started process (PID=301) to work on /opt/airflow/dags/music_ingestion_dag.py
[2026-02-24T07:47:02.797+0000] {processor.py:914} INFO - Processing file /opt/airflow/dags/music_ingestion_dag.py for tasks to queue
[2026-02-24T07:47:02.801+0000] {logging_mixin.py:190} INFO - [2026-02-24T07:47:02.800+0000] {dagbag.py:588} INFO - Filling up the DagBag from /opt/airflow/dags/music_ingestion_dag.py
[2026-02-24T07:47:02.829+0000] {processor.py:925} INFO - DAG(s) '01_music_ingestion_realtime' retrieved from /opt/airflow/dags/music_ingestion_dag.py
[2026-02-24T07:47:02.868+0000] {logging_mixin.py:190} INFO - [2026-02-24T07:47:02.867+0000] {dag.py:3239} INFO - Sync 1 DAGs
[2026-02-24T07:47:02.902+0000] {logging_mixin.py:190} INFO - [2026-02-24T07:47:02.902+0000] {dag.py:4180} INFO - Setting next_dagrun for 01_music_ingestion_realtime to 2026-02-24 06:00:00+00:00, run_after=2026-02-24 07:00:00+00:00
[2026-02-24T07:47:02.936+0000] {processor.py:208} INFO - Processing /opt/airflow/dags/music_ingestion_dag.py took 0.148 seconds
[2026-02-24T07:47:33.254+0000] {processor.py:186} INFO - Started process (PID=306) to work on /opt/airflow/dags/music_ingestion_dag.py
[2026-02-24T07:47:33.256+0000] {processor.py:914} INFO - Processing file /opt/airflow/dags/music_ingestion_dag.py for tasks to queue
[2026-02-24T07:47:33.259+0000] {logging_mixin.py:190} INFO - [2026-02-24T07:47:33.259+0000] {dagbag.py:588} INFO - Filling up the DagBag from /opt/airflow/dags/music_ingestion_dag.py
[2026-02-24T07:47:33.291+0000] {processor.py:925} INFO - DAG(s) '01_music_ingestion_realtime' retrieved from /opt/airflow/dags/music_ingestion_dag.py
[2026-02-24T07:47:33.338+0000] {logging_mixin.py:190} INFO - [2026-02-24T07:47:33.337+0000] {dag.py:3239} INFO - Sync 1 DAGs
[2026-02-24T07:47:33.368+0000] {logging_mixin.py:190} INFO - [2026-02-24T07:47:33.368+0000] {dag.py:4180} INFO - Setting next_dagrun for 01_music_ingestion_realtime to 2026-02-24 06:00:00+00:00, run_after=2026-02-24 07:00:00+00:00
[2026-02-24T07:47:33.396+0000] {processor.py:208} INFO - Processing /opt/airflow/dags/music_ingestion_dag.py took 0.152 seconds
[2026-02-24T07:48:03.583+0000] {processor.py:186} INFO - Started process (PID=311) to work on /opt/airflow/dags/music_ingestion_dag.py
[2026-02-24T07:48:03.585+0000] {processor.py:914} INFO - Processing file /opt/airflow/dags/music_ingestion_dag.py for tasks to queue
[2026-02-24T07:48:03.590+0000] {logging_mixin.py:190} INFO - [2026-02-24T07:48:03.589+0000] {dagbag.py:588} INFO - Filling up the DagBag from /opt/airflow/dags/music_ingestion_dag.py
[2026-02-24T07:48:03.626+0000] {processor.py:925} INFO - DAG(s) '01_music_ingestion_realtime' retrieved from /opt/airflow/dags/music_ingestion_dag.py
[2026-02-24T07:48:03.667+0000] {logging_mixin.py:190} INFO - [2026-02-24T07:48:03.666+0000] {dag.py:3239} INFO - Sync 1 DAGs
[2026-02-24T07:48:03.701+0000] {logging_mixin.py:190} INFO - [2026-02-24T07:48:03.700+0000] {dag.py:4180} INFO - Setting next_dagrun for 01_music_ingestion_realtime to 2026-02-24 06:00:00+00:00, run_after=2026-02-24 07:00:00+00:00
[2026-02-24T07:48:03.733+0000] {processor.py:208} INFO - Processing /opt/airflow/dags/music_ingestion_dag.py took 0.157 seconds
[2026-02-24T07:48:34.099+0000] {processor.py:186} INFO - Started process (PID=316) to work on /opt/airflow/dags/music_ingestion_dag.py
[2026-02-24T07:48:34.101+0000] {processor.py:914} INFO - Processing file /opt/airflow/dags/music_ingestion_dag.py for tasks to queue
[2026-02-24T07:48:34.107+0000] {logging_mixin.py:190} INFO - [2026-02-24T07:48:34.107+0000] {dagbag.py:588} INFO - Filling up the DagBag from /opt/airflow/dags/music_ingestion_dag.py
[2026-02-24T07:48:34.152+0000] {processor.py:925} INFO - DAG(s) '01_music_ingestion_realtime' retrieved from /opt/airflow/dags/music_ingestion_dag.py
[2026-02-24T07:48:34.202+0000] {logging_mixin.py:190} INFO - [2026-02-24T07:48:34.202+0000] {dag.py:3239} INFO - Sync 1 DAGs
[2026-02-24T07:48:34.243+0000] {logging_mixin.py:190} INFO - [2026-02-24T07:48:34.243+0000] {dag.py:4180} INFO - Setting next_dagrun for 01_music_ingestion_realtime to 2026-02-24 06:00:00+00:00, run_after=2026-02-24 07:00:00+00:00
[2026-02-24T07:48:34.281+0000] {processor.py:208} INFO - Processing /opt/airflow/dags/music_ingestion_dag.py took 0.198 seconds
[2026-02-24T07:49:04.430+0000] {processor.py:186} INFO - Started process (PID=321) to work on /opt/airflow/dags/music_ingestion_dag.py
[2026-02-24T07:49:04.432+0000] {processor.py:914} INFO - Processing file /opt/airflow/dags/music_ingestion_dag.py for tasks to queue
[2026-02-24T07:49:04.435+0000] {logging_mixin.py:190} INFO - [2026-02-24T07:49:04.434+0000] {dagbag.py:588} INFO - Filling up the DagBag from /opt/airflow/dags/music_ingestion_dag.py
[2026-02-24T07:49:04.474+0000] {processor.py:925} INFO - DAG(s) '01_music_ingestion_realtime' retrieved from /opt/airflow/dags/music_ingestion_dag.py
[2026-02-24T07:49:04.517+0000] {logging_mixin.py:190} INFO - [2026-02-24T07:49:04.517+0000] {dag.py:3239} INFO - Sync 1 DAGs
[2026-02-24T07:49:04.641+0000] {logging_mixin.py:190} INFO - [2026-02-24T07:49:04.641+0000] {dag.py:4180} INFO - Setting next_dagrun for 01_music_ingestion_realtime to 2026-02-24 06:00:00+00:00, run_after=2026-02-24 07:00:00+00:00
[2026-02-24T07:49:04.717+0000] {processor.py:208} INFO - Processing /opt/airflow/dags/music_ingestion_dag.py took 0.293 seconds
[2026-02-24T07:49:34.990+0000] {processor.py:186} INFO - Started process (PID=326) to work on /opt/airflow/dags/music_ingestion_dag.py
[2026-02-24T07:49:34.991+0000] {processor.py:914} INFO - Processing file /opt/airflow/dags/music_ingestion_dag.py for tasks to queue
[2026-02-24T07:49:34.994+0000] {logging_mixin.py:190} INFO - [2026-02-24T07:49:34.994+0000] {dagbag.py:588} INFO - Filling up the DagBag from /opt/airflow/dags/music_ingestion_dag.py
[2026-02-24T07:49:35.026+0000] {processor.py:925} INFO - DAG(s) '01_music_ingestion_realtime' retrieved from /opt/airflow/dags/music_ingestion_dag.py
[2026-02-24T07:49:35.068+0000] {logging_mixin.py:190} INFO - [2026-02-24T07:49:35.068+0000] {dag.py:3239} INFO - Sync 1 DAGs
[2026-02-24T07:49:35.095+0000] {logging_mixin.py:190} INFO - [2026-02-24T07:49:35.094+0000] {dag.py:4180} INFO - Setting next_dagrun for 01_music_ingestion_realtime to 2026-02-24 06:00:00+00:00, run_after=2026-02-24 07:00:00+00:00
[2026-02-24T07:49:35.128+0000] {processor.py:208} INFO - Processing /opt/airflow/dags/music_ingestion_dag.py took 0.146 seconds
[2026-02-24T07:50:05.387+0000] {processor.py:186} INFO - Started process (PID=331) to work on /opt/airflow/dags/music_ingestion_dag.py
[2026-02-24T07:50:05.389+0000] {processor.py:914} INFO - Processing file /opt/airflow/dags/music_ingestion_dag.py for tasks to queue
[2026-02-24T07:50:05.392+0000] {logging_mixin.py:190} INFO - [2026-02-24T07:50:05.391+0000] {dagbag.py:588} INFO - Filling up the DagBag from /opt/airflow/dags/music_ingestion_dag.py
[2026-02-24T07:50:05.432+0000] {processor.py:925} INFO - DAG(s) '01_music_ingestion_realtime' retrieved from /opt/airflow/dags/music_ingestion_dag.py
[2026-02-24T07:50:05.483+0000] {logging_mixin.py:190} INFO - [2026-02-24T07:50:05.483+0000] {dag.py:3239} INFO - Sync 1 DAGs
[2026-02-24T07:50:05.560+0000] {logging_mixin.py:190} INFO - [2026-02-24T07:50:05.560+0000] {dag.py:4180} INFO - Setting next_dagrun for 01_music_ingestion_realtime to 2026-02-24 06:00:00+00:00, run_after=2026-02-24 07:00:00+00:00
[2026-02-24T07:50:05.640+0000] {processor.py:208} INFO - Processing /opt/airflow/dags/music_ingestion_dag.py took 0.261 seconds
[2026-02-24T07:50:35.835+0000] {processor.py:186} INFO - Started process (PID=336) to work on /opt/airflow/dags/music_ingestion_dag.py
[2026-02-24T07:50:35.839+0000] {processor.py:914} INFO - Processing file /opt/airflow/dags/music_ingestion_dag.py for tasks to queue
[2026-02-24T07:50:35.844+0000] {logging_mixin.py:190} INFO - [2026-02-24T07:50:35.843+0000] {dagbag.py:588} INFO - Filling up the DagBag from /opt/airflow/dags/music_ingestion_dag.py
[2026-02-24T07:50:35.877+0000] {processor.py:925} INFO - DAG(s) '01_music_ingestion_realtime' retrieved from /opt/airflow/dags/music_ingestion_dag.py
[2026-02-24T07:50:35.911+0000] {logging_mixin.py:190} INFO - [2026-02-24T07:50:35.911+0000] {dag.py:3239} INFO - Sync 1 DAGs
[2026-02-24T07:50:35.936+0000] {logging_mixin.py:190} INFO - [2026-02-24T07:50:35.936+0000] {dag.py:4180} INFO - Setting next_dagrun for 01_music_ingestion_realtime to 2026-02-24 06:00:00+00:00, run_after=2026-02-24 07:00:00+00:00
[2026-02-24T07:50:35.963+0000] {processor.py:208} INFO - Processing /opt/airflow/dags/music_ingestion_dag.py took 0.136 seconds
[2026-02-24T07:51:06.179+0000] {processor.py:186} INFO - Started process (PID=341) to work on /opt/airflow/dags/music_ingestion_dag.py
[2026-02-24T07:51:06.181+0000] {processor.py:914} INFO - Processing file /opt/airflow/dags/music_ingestion_dag.py for tasks to queue
[2026-02-24T07:51:06.186+0000] {logging_mixin.py:190} INFO - [2026-02-24T07:51:06.185+0000] {dagbag.py:588} INFO - Filling up the DagBag from /opt/airflow/dags/music_ingestion_dag.py
[2026-02-24T07:51:06.218+0000] {processor.py:925} INFO - DAG(s) '01_music_ingestion_realtime' retrieved from /opt/airflow/dags/music_ingestion_dag.py
[2026-02-24T07:51:06.257+0000] {logging_mixin.py:190} INFO - [2026-02-24T07:51:06.256+0000] {dag.py:3239} INFO - Sync 1 DAGs
[2026-02-24T07:51:06.408+0000] {logging_mixin.py:190} INFO - [2026-02-24T07:51:06.407+0000] {dag.py:4180} INFO - Setting next_dagrun for 01_music_ingestion_realtime to 2026-02-24 06:00:00+00:00, run_after=2026-02-24 07:00:00+00:00
[2026-02-24T07:51:06.519+0000] {processor.py:208} INFO - Processing /opt/airflow/dags/music_ingestion_dag.py took 0.348 seconds
[2026-02-24T07:51:36.633+0000] {processor.py:186} INFO - Started process (PID=346) to work on /opt/airflow/dags/music_ingestion_dag.py
[2026-02-24T07:51:36.636+0000] {processor.py:914} INFO - Processing file /opt/airflow/dags/music_ingestion_dag.py for tasks to queue
[2026-02-24T07:51:36.638+0000] {logging_mixin.py:190} INFO - [2026-02-24T07:51:36.638+0000] {dagbag.py:588} INFO - Filling up the DagBag from /opt/airflow/dags/music_ingestion_dag.py
[2026-02-24T07:51:36.714+0000] {processor.py:925} INFO - DAG(s) '01_music_ingestion_realtime' retrieved from /opt/airflow/dags/music_ingestion_dag.py
[2026-02-24T07:51:37.204+0000] {logging_mixin.py:190} INFO - [2026-02-24T07:51:37.203+0000] {dag.py:3239} INFO - Sync 1 DAGs
[2026-02-24T07:51:37.411+0000] {logging_mixin.py:190} INFO - [2026-02-24T07:51:37.410+0000] {dag.py:4180} INFO - Setting next_dagrun for 01_music_ingestion_realtime to 2026-02-24 06:00:00+00:00, run_after=2026-02-24 07:00:00+00:00
[2026-02-24T07:51:37.459+0000] {processor.py:208} INFO - Processing /opt/airflow/dags/music_ingestion_dag.py took 0.833 seconds
[2026-02-24T07:52:07.835+0000] {processor.py:186} INFO - Started process (PID=351) to work on /opt/airflow/dags/music_ingestion_dag.py
[2026-02-24T07:52:07.838+0000] {processor.py:914} INFO - Processing file /opt/airflow/dags/music_ingestion_dag.py for tasks to queue
[2026-02-24T07:52:07.849+0000] {logging_mixin.py:190} INFO - [2026-02-24T07:52:07.845+0000] {dagbag.py:588} INFO - Filling up the DagBag from /opt/airflow/dags/music_ingestion_dag.py
[2026-02-24T07:52:08.095+0000] {processor.py:925} INFO - DAG(s) '01_music_ingestion_realtime' retrieved from /opt/airflow/dags/music_ingestion_dag.py
[2026-02-24T07:52:08.361+0000] {logging_mixin.py:190} INFO - [2026-02-24T07:52:08.361+0000] {dag.py:3239} INFO - Sync 1 DAGs
[2026-02-24T07:52:08.478+0000] {logging_mixin.py:190} INFO - [2026-02-24T07:52:08.477+0000] {dag.py:4180} INFO - Setting next_dagrun for 01_music_ingestion_realtime to 2026-02-24 06:00:00+00:00, run_after=2026-02-24 07:00:00+00:00
[2026-02-24T07:52:08.678+0000] {processor.py:208} INFO - Processing /opt/airflow/dags/music_ingestion_dag.py took 0.852 seconds
[2026-02-24T07:52:39.059+0000] {processor.py:186} INFO - Started process (PID=356) to work on /opt/airflow/dags/music_ingestion_dag.py
[2026-02-24T07:52:39.060+0000] {processor.py:914} INFO - Processing file /opt/airflow/dags/music_ingestion_dag.py for tasks to queue
[2026-02-24T07:52:39.097+0000] {logging_mixin.py:190} INFO - [2026-02-24T07:52:39.096+0000] {dagbag.py:588} INFO - Filling up the DagBag from /opt/airflow/dags/music_ingestion_dag.py
[2026-02-24T07:52:39.163+0000] {processor.py:925} INFO - DAG(s) '01_music_ingestion_realtime' retrieved from /opt/airflow/dags/music_ingestion_dag.py
[2026-02-24T07:52:39.220+0000] {logging_mixin.py:190} INFO - [2026-02-24T07:52:39.219+0000] {dag.py:3239} INFO - Sync 1 DAGs
[2026-02-24T07:52:39.252+0000] {logging_mixin.py:190} INFO - [2026-02-24T07:52:39.252+0000] {dag.py:4180} INFO - Setting next_dagrun for 01_music_ingestion_realtime to 2026-02-24 06:00:00+00:00, run_after=2026-02-24 07:00:00+00:00
[2026-02-24T07:52:39.280+0000] {processor.py:208} INFO - Processing /opt/airflow/dags/music_ingestion_dag.py took 0.227 seconds
[2026-02-24T07:53:09.398+0000] {processor.py:186} INFO - Started process (PID=361) to work on /opt/airflow/dags/music_ingestion_dag.py
[2026-02-24T07:53:09.400+0000] {processor.py:914} INFO - Processing file /opt/airflow/dags/music_ingestion_dag.py for tasks to queue
[2026-02-24T07:53:09.403+0000] {logging_mixin.py:190} INFO - [2026-02-24T07:53:09.403+0000] {dagbag.py:588} INFO - Filling up the DagBag from /opt/airflow/dags/music_ingestion_dag.py
[2026-02-24T07:53:09.427+0000] {processor.py:925} INFO - DAG(s) '01_music_ingestion_realtime' retrieved from /opt/airflow/dags/music_ingestion_dag.py
[2026-02-24T07:53:09.668+0000] {logging_mixin.py:190} INFO - [2026-02-24T07:53:09.668+0000] {dag.py:3239} INFO - Sync 1 DAGs
[2026-02-24T07:53:09.868+0000] {logging_mixin.py:190} INFO - [2026-02-24T07:53:09.867+0000] {dag.py:4180} INFO - Setting next_dagrun for 01_music_ingestion_realtime to 2026-02-24 06:00:00+00:00, run_after=2026-02-24 07:00:00+00:00
[2026-02-24T07:53:09.997+0000] {processor.py:208} INFO - Processing /opt/airflow/dags/music_ingestion_dag.py took 0.605 seconds
[2026-02-24T07:53:40.405+0000] {processor.py:186} INFO - Started process (PID=366) to work on /opt/airflow/dags/music_ingestion_dag.py
[2026-02-24T07:53:40.407+0000] {processor.py:914} INFO - Processing file /opt/airflow/dags/music_ingestion_dag.py for tasks to queue
[2026-02-24T07:53:40.410+0000] {logging_mixin.py:190} INFO - [2026-02-24T07:53:40.410+0000] {dagbag.py:588} INFO - Filling up the DagBag from /opt/airflow/dags/music_ingestion_dag.py
[2026-02-24T07:53:40.512+0000] {processor.py:925} INFO - DAG(s) '01_music_ingestion_realtime' retrieved from /opt/airflow/dags/music_ingestion_dag.py
[2026-02-24T07:53:40.585+0000] {logging_mixin.py:190} INFO - [2026-02-24T07:53:40.584+0000] {dag.py:3239} INFO - Sync 1 DAGs
[2026-02-24T07:53:40.629+0000] {logging_mixin.py:190} INFO - [2026-02-24T07:53:40.629+0000] {dag.py:4180} INFO - Setting next_dagrun for 01_music_ingestion_realtime to 2026-02-24 06:00:00+00:00, run_after=2026-02-24 07:00:00+00:00
[2026-02-24T07:53:40.655+0000] {processor.py:208} INFO - Processing /opt/airflow/dags/music_ingestion_dag.py took 0.257 seconds
[2026-02-24T07:54:10.773+0000] {processor.py:186} INFO - Started process (PID=371) to work on /opt/airflow/dags/music_ingestion_dag.py
[2026-02-24T07:54:10.775+0000] {processor.py:914} INFO - Processing file /opt/airflow/dags/music_ingestion_dag.py for tasks to queue
[2026-02-24T07:54:10.777+0000] {logging_mixin.py:190} INFO - [2026-02-24T07:54:10.777+0000] {dagbag.py:588} INFO - Filling up the DagBag from /opt/airflow/dags/music_ingestion_dag.py
[2026-02-24T07:54:10.812+0000] {processor.py:925} INFO - DAG(s) '01_music_ingestion_realtime' retrieved from /opt/airflow/dags/music_ingestion_dag.py
[2026-02-24T07:54:10.842+0000] {logging_mixin.py:190} INFO - [2026-02-24T07:54:10.842+0000] {dag.py:3239} INFO - Sync 1 DAGs
[2026-02-24T07:54:10.866+0000] {logging_mixin.py:190} INFO - [2026-02-24T07:54:10.866+0000] {dag.py:4180} INFO - Setting next_dagrun for 01_music_ingestion_realtime to 2026-02-24 06:00:00+00:00, run_after=2026-02-24 07:00:00+00:00
[2026-02-24T07:54:10.890+0000] {processor.py:208} INFO - Processing /opt/airflow/dags/music_ingestion_dag.py took 0.122 seconds
[2026-02-24T07:54:41.156+0000] {processor.py:186} INFO - Started process (PID=376) to work on /opt/airflow/dags/music_ingestion_dag.py
[2026-02-24T07:54:41.157+0000] {processor.py:914} INFO - Processing file /opt/airflow/dags/music_ingestion_dag.py for tasks to queue
[2026-02-24T07:54:41.160+0000] {logging_mixin.py:190} INFO - [2026-02-24T07:54:41.160+0000] {dagbag.py:588} INFO - Filling up the DagBag from /opt/airflow/dags/music_ingestion_dag.py
[2026-02-24T07:54:41.193+0000] {processor.py:925} INFO - DAG(s) '01_music_ingestion_realtime' retrieved from /opt/airflow/dags/music_ingestion_dag.py
[2026-02-24T07:54:41.227+0000] {logging_mixin.py:190} INFO - [2026-02-24T07:54:41.227+0000] {dag.py:3239} INFO - Sync 1 DAGs
[2026-02-24T07:54:41.250+0000] {logging_mixin.py:190} INFO - [2026-02-24T07:54:41.249+0000] {dag.py:4180} INFO - Setting next_dagrun for 01_music_ingestion_realtime to 2026-02-24 06:00:00+00:00, run_after=2026-02-24 07:00:00+00:00
[2026-02-24T07:54:41.276+0000] {processor.py:208} INFO - Processing /opt/airflow/dags/music_ingestion_dag.py took 0.127 seconds
[2026-02-24T07:55:11.612+0000] {processor.py:186} INFO - Started process (PID=381) to work on /opt/airflow/dags/music_ingestion_dag.py
[2026-02-24T07:55:11.613+0000] {processor.py:914} INFO - Processing file /opt/airflow/dags/music_ingestion_dag.py for tasks to queue
[2026-02-24T07:55:11.616+0000] {logging_mixin.py:190} INFO - [2026-02-24T07:55:11.616+0000] {dagbag.py:588} INFO - Filling up the DagBag from /opt/airflow/dags/music_ingestion_dag.py
[2026-02-24T07:55:11.638+0000] {processor.py:925} INFO - DAG(s) '01_music_ingestion_realtime' retrieved from /opt/airflow/dags/music_ingestion_dag.py
[2026-02-24T07:55:11.688+0000] {logging_mixin.py:190} INFO - [2026-02-24T07:55:11.688+0000] {dag.py:3239} INFO - Sync 1 DAGs
[2026-02-24T07:55:11.794+0000] {logging_mixin.py:190} INFO - [2026-02-24T07:55:11.793+0000] {dag.py:4180} INFO - Setting next_dagrun for 01_music_ingestion_realtime to 2026-02-24 06:00:00+00:00, run_after=2026-02-24 07:00:00+00:00
[2026-02-24T07:55:11.913+0000] {processor.py:208} INFO - Processing /opt/airflow/dags/music_ingestion_dag.py took 0.307 seconds
[2026-02-24T07:55:42.023+0000] {processor.py:186} INFO - Started process (PID=386) to work on /opt/airflow/dags/music_ingestion_dag.py
[2026-02-24T07:55:42.025+0000] {processor.py:914} INFO - Processing file /opt/airflow/dags/music_ingestion_dag.py for tasks to queue
[2026-02-24T07:55:42.074+0000] {logging_mixin.py:190} INFO - [2026-02-24T07:55:42.067+0000] {dagbag.py:588} INFO - Filling up the DagBag from /opt/airflow/dags/music_ingestion_dag.py
[2026-02-24T07:55:42.217+0000] {processor.py:925} INFO - DAG(s) '01_music_ingestion_realtime' retrieved from /opt/airflow/dags/music_ingestion_dag.py
[2026-02-24T07:55:42.299+0000] {logging_mixin.py:190} INFO - [2026-02-24T07:55:42.298+0000] {dag.py:3239} INFO - Sync 1 DAGs
[2026-02-24T07:55:42.339+0000] {logging_mixin.py:190} INFO - [2026-02-24T07:55:42.339+0000] {dag.py:4180} INFO - Setting next_dagrun for 01_music_ingestion_realtime to 2026-02-24 06:00:00+00:00, run_after=2026-02-24 07:00:00+00:00
[2026-02-24T07:55:42.365+0000] {processor.py:208} INFO - Processing /opt/airflow/dags/music_ingestion_dag.py took 0.351 seconds
[2026-02-24T07:56:12.717+0000] {processor.py:186} INFO - Started process (PID=391) to work on /opt/airflow/dags/music_ingestion_dag.py
[2026-02-24T07:56:12.720+0000] {processor.py:914} INFO - Processing file /opt/airflow/dags/music_ingestion_dag.py for tasks to queue
[2026-02-24T07:56:12.725+0000] {logging_mixin.py:190} INFO - [2026-02-24T07:56:12.724+0000] {dagbag.py:588} INFO - Filling up the DagBag from /opt/airflow/dags/music_ingestion_dag.py
[2026-02-24T07:56:12.760+0000] {processor.py:925} INFO - DAG(s) '01_music_ingestion_realtime' retrieved from /opt/airflow/dags/music_ingestion_dag.py
[2026-02-24T07:56:12.794+0000] {logging_mixin.py:190} INFO - [2026-02-24T07:56:12.794+0000] {dag.py:3239} INFO - Sync 1 DAGs
[2026-02-24T07:56:12.824+0000] {logging_mixin.py:190} INFO - [2026-02-24T07:56:12.823+0000] {dag.py:4180} INFO - Setting next_dagrun for 01_music_ingestion_realtime to 2026-02-24 06:00:00+00:00, run_after=2026-02-24 07:00:00+00:00
[2026-02-24T07:56:12.849+0000] {processor.py:208} INFO - Processing /opt/airflow/dags/music_ingestion_dag.py took 0.140 seconds
[2026-02-24T07:56:43.120+0000] {processor.py:186} INFO - Started process (PID=396) to work on /opt/airflow/dags/music_ingestion_dag.py
[2026-02-24T07:56:43.122+0000] {processor.py:914} INFO - Processing file /opt/airflow/dags/music_ingestion_dag.py for tasks to queue
[2026-02-24T07:56:43.126+0000] {logging_mixin.py:190} INFO - [2026-02-24T07:56:43.126+0000] {dagbag.py:588} INFO - Filling up the DagBag from /opt/airflow/dags/music_ingestion_dag.py
[2026-02-24T07:56:43.178+0000] {processor.py:925} INFO - DAG(s) '01_music_ingestion_realtime' retrieved from /opt/airflow/dags/music_ingestion_dag.py
[2026-02-24T07:56:43.213+0000] {logging_mixin.py:190} INFO - [2026-02-24T07:56:43.212+0000] {dag.py:3239} INFO - Sync 1 DAGs
[2026-02-24T07:56:43.239+0000] {logging_mixin.py:190} INFO - [2026-02-24T07:56:43.239+0000] {dag.py:4180} INFO - Setting next_dagrun for 01_music_ingestion_realtime to 2026-02-24 06:00:00+00:00, run_after=2026-02-24 07:00:00+00:00
[2026-02-24T07:56:43.263+0000] {processor.py:208} INFO - Processing /opt/airflow/dags/music_ingestion_dag.py took 0.151 seconds
[2026-02-24T07:57:13.643+0000] {processor.py:186} INFO - Started process (PID=401) to work on /opt/airflow/dags/music_ingestion_dag.py
[2026-02-24T07:57:13.645+0000] {processor.py:914} INFO - Processing file /opt/airflow/dags/music_ingestion_dag.py for tasks to queue
[2026-02-24T07:57:13.651+0000] {logging_mixin.py:190} INFO - [2026-02-24T07:57:13.650+0000] {dagbag.py:588} INFO - Filling up the DagBag from /opt/airflow/dags/music_ingestion_dag.py
[2026-02-24T07:57:13.690+0000] {processor.py:925} INFO - DAG(s) '01_music_ingestion_realtime' retrieved from /opt/airflow/dags/music_ingestion_dag.py
[2026-02-24T07:57:13.740+0000] {logging_mixin.py:190} INFO - [2026-02-24T07:57:13.739+0000] {dag.py:3239} INFO - Sync 1 DAGs
[2026-02-24T07:57:13.779+0000] {logging_mixin.py:190} INFO - [2026-02-24T07:57:13.779+0000] {dag.py:4180} INFO - Setting next_dagrun for 01_music_ingestion_realtime to 2026-02-24 06:00:00+00:00, run_after=2026-02-24 07:00:00+00:00
[2026-02-24T07:57:13.805+0000] {processor.py:208} INFO - Processing /opt/airflow/dags/music_ingestion_dag.py took 0.175 seconds
[2026-02-24T07:57:43.991+0000] {processor.py:186} INFO - Started process (PID=406) to work on /opt/airflow/dags/music_ingestion_dag.py
[2026-02-24T07:57:43.998+0000] {processor.py:914} INFO - Processing file /opt/airflow/dags/music_ingestion_dag.py for tasks to queue
[2026-02-24T07:57:44.019+0000] {logging_mixin.py:190} INFO - [2026-02-24T07:57:44.018+0000] {dagbag.py:588} INFO - Filling up the DagBag from /opt/airflow/dags/music_ingestion_dag.py
[2026-02-24T07:57:44.162+0000] {processor.py:925} INFO - DAG(s) '01_music_ingestion_realtime' retrieved from /opt/airflow/dags/music_ingestion_dag.py
[2026-02-24T07:57:44.262+0000] {logging_mixin.py:190} INFO - [2026-02-24T07:57:44.261+0000] {dag.py:3239} INFO - Sync 1 DAGs
[2026-02-24T07:57:44.358+0000] {logging_mixin.py:190} INFO - [2026-02-24T07:57:44.357+0000] {dag.py:4180} INFO - Setting next_dagrun for 01_music_ingestion_realtime to 2026-02-24 06:00:00+00:00, run_after=2026-02-24 07:00:00+00:00
[2026-02-24T07:57:44.464+0000] {processor.py:208} INFO - Processing /opt/airflow/dags/music_ingestion_dag.py took 0.498 seconds
[2026-02-24T07:58:14.634+0000] {processor.py:186} INFO - Started process (PID=411) to work on /opt/airflow/dags/music_ingestion_dag.py
[2026-02-24T07:58:14.637+0000] {processor.py:914} INFO - Processing file /opt/airflow/dags/music_ingestion_dag.py for tasks to queue
[2026-02-24T07:58:14.648+0000] {logging_mixin.py:190} INFO - [2026-02-24T07:58:14.646+0000] {dagbag.py:588} INFO - Filling up the DagBag from /opt/airflow/dags/music_ingestion_dag.py
[2026-02-24T07:58:14.716+0000] {processor.py:925} INFO - DAG(s) '01_music_ingestion_realtime' retrieved from /opt/airflow/dags/music_ingestion_dag.py
[2026-02-24T07:58:14.829+0000] {logging_mixin.py:190} INFO - [2026-02-24T07:58:14.828+0000] {dag.py:3239} INFO - Sync 1 DAGs
[2026-02-24T07:58:14.911+0000] {logging_mixin.py:190} INFO - [2026-02-24T07:58:14.910+0000] {dag.py:4180} INFO - Setting next_dagrun for 01_music_ingestion_realtime to 2026-02-24 06:00:00+00:00, run_after=2026-02-24 07:00:00+00:00
[2026-02-24T07:58:14.958+0000] {processor.py:208} INFO - Processing /opt/airflow/dags/music_ingestion_dag.py took 0.350 seconds
[2026-02-24T07:58:46.453+0000] {processor.py:186} INFO - Started process (PID=416) to work on /opt/airflow/dags/music_ingestion_dag.py
[2026-02-24T07:58:46.456+0000] {processor.py:914} INFO - Processing file /opt/airflow/dags/music_ingestion_dag.py for tasks to queue
[2026-02-24T07:58:46.469+0000] {logging_mixin.py:190} INFO - [2026-02-24T07:58:46.464+0000] {dagbag.py:588} INFO - Filling up the DagBag from /opt/airflow/dags/music_ingestion_dag.py
[2026-02-24T07:58:46.553+0000] {processor.py:925} INFO - DAG(s) '01_music_ingestion_realtime' retrieved from /opt/airflow/dags/music_ingestion_dag.py
[2026-02-24T07:58:46.635+0000] {logging_mixin.py:190} INFO - [2026-02-24T07:58:46.635+0000] {dag.py:3239} INFO - Sync 1 DAGs
[2026-02-24T07:58:46.744+0000] {logging_mixin.py:190} INFO - [2026-02-24T07:58:46.743+0000] {dag.py:4180} INFO - Setting next_dagrun for 01_music_ingestion_realtime to 2026-02-24 06:00:00+00:00, run_after=2026-02-24 07:00:00+00:00
[2026-02-24T07:58:46.829+0000] {processor.py:208} INFO - Processing /opt/airflow/dags/music_ingestion_dag.py took 0.393 seconds
[2026-02-24T07:59:17.255+0000] {processor.py:186} INFO - Started process (PID=421) to work on /opt/airflow/dags/music_ingestion_dag.py
[2026-02-24T07:59:17.256+0000] {processor.py:914} INFO - Processing file /opt/airflow/dags/music_ingestion_dag.py for tasks to queue
[2026-02-24T07:59:17.259+0000] {logging_mixin.py:190} INFO - [2026-02-24T07:59:17.258+0000] {dagbag.py:588} INFO - Filling up the DagBag from /opt/airflow/dags/music_ingestion_dag.py
[2026-02-24T07:59:17.289+0000] {processor.py:925} INFO - DAG(s) '01_music_ingestion_realtime' retrieved from /opt/airflow/dags/music_ingestion_dag.py
[2026-02-24T07:59:17.323+0000] {logging_mixin.py:190} INFO - [2026-02-24T07:59:17.323+0000] {dag.py:3239} INFO - Sync 1 DAGs
[2026-02-24T07:59:17.348+0000] {logging_mixin.py:190} INFO - [2026-02-24T07:59:17.348+0000] {dag.py:4180} INFO - Setting next_dagrun for 01_music_ingestion_realtime to 2026-02-24 06:00:00+00:00, run_after=2026-02-24 07:00:00+00:00
[2026-02-24T07:59:17.375+0000] {processor.py:208} INFO - Processing /opt/airflow/dags/music_ingestion_dag.py took 0.126 seconds
[2026-02-24T07:59:47.742+0000] {processor.py:186} INFO - Started process (PID=426) to work on /opt/airflow/dags/music_ingestion_dag.py
[2026-02-24T07:59:47.744+0000] {processor.py:914} INFO - Processing file /opt/airflow/dags/music_ingestion_dag.py for tasks to queue
[2026-02-24T07:59:47.747+0000] {logging_mixin.py:190} INFO - [2026-02-24T07:59:47.747+0000] {dagbag.py:588} INFO - Filling up the DagBag from /opt/airflow/dags/music_ingestion_dag.py
[2026-02-24T07:59:47.773+0000] {processor.py:925} INFO - DAG(s) '01_music_ingestion_realtime' retrieved from /opt/airflow/dags/music_ingestion_dag.py
[2026-02-24T07:59:47.804+0000] {logging_mixin.py:190} INFO - [2026-02-24T07:59:47.804+0000] {dag.py:3239} INFO - Sync 1 DAGs
[2026-02-24T07:59:47.838+0000] {logging_mixin.py:190} INFO - [2026-02-24T07:59:47.838+0000] {dag.py:4180} INFO - Setting next_dagrun for 01_music_ingestion_realtime to 2026-02-24 06:00:00+00:00, run_after=2026-02-24 07:00:00+00:00
[2026-02-24T07:59:47.866+0000] {processor.py:208} INFO - Processing /opt/airflow/dags/music_ingestion_dag.py took 0.131 seconds
[2026-02-24T08:00:18.287+0000] {processor.py:186} INFO - Started process (PID=431) to work on /opt/airflow/dags/music_ingestion_dag.py
[2026-02-24T08:00:18.289+0000] {processor.py:914} INFO - Processing file /opt/airflow/dags/music_ingestion_dag.py for tasks to queue
[2026-02-24T08:00:18.294+0000] {logging_mixin.py:190} INFO - [2026-02-24T08:00:18.293+0000] {dagbag.py:588} INFO - Filling up the DagBag from /opt/airflow/dags/music_ingestion_dag.py
[2026-02-24T08:00:18.328+0000] {processor.py:925} INFO - DAG(s) '01_music_ingestion_realtime' retrieved from /opt/airflow/dags/music_ingestion_dag.py
[2026-02-24T08:00:18.365+0000] {logging_mixin.py:190} INFO - [2026-02-24T08:00:18.365+0000] {dag.py:3239} INFO - Sync 1 DAGs
[2026-02-24T08:00:18.398+0000] {logging_mixin.py:190} INFO - [2026-02-24T08:00:18.398+0000] {dag.py:4180} INFO - Setting next_dagrun for 01_music_ingestion_realtime to 2026-02-24 07:00:00+00:00, run_after=2026-02-24 08:00:00+00:00
[2026-02-24T08:00:18.430+0000] {processor.py:208} INFO - Processing /opt/airflow/dags/music_ingestion_dag.py took 0.152 seconds
[2026-02-24T08:00:48.594+0000] {processor.py:186} INFO - Started process (PID=436) to work on /opt/airflow/dags/music_ingestion_dag.py
[2026-02-24T08:00:48.596+0000] {processor.py:914} INFO - Processing file /opt/airflow/dags/music_ingestion_dag.py for tasks to queue
[2026-02-24T08:00:48.601+0000] {logging_mixin.py:190} INFO - [2026-02-24T08:00:48.600+0000] {dagbag.py:588} INFO - Filling up the DagBag from /opt/airflow/dags/music_ingestion_dag.py
[2026-02-24T08:00:48.629+0000] {processor.py:925} INFO - DAG(s) '01_music_ingestion_realtime' retrieved from /opt/airflow/dags/music_ingestion_dag.py
[2026-02-24T08:00:48.668+0000] {logging_mixin.py:190} INFO - [2026-02-24T08:00:48.668+0000] {dag.py:3239} INFO - Sync 1 DAGs
[2026-02-24T08:00:48.698+0000] {logging_mixin.py:190} INFO - [2026-02-24T08:00:48.698+0000] {dag.py:4180} INFO - Setting next_dagrun for 01_music_ingestion_realtime to 2026-02-24 07:00:00+00:00, run_after=2026-02-24 08:00:00+00:00
[2026-02-24T08:00:48.725+0000] {processor.py:208} INFO - Processing /opt/airflow/dags/music_ingestion_dag.py took 0.138 seconds
[2026-02-24T08:01:19.026+0000] {processor.py:186} INFO - Started process (PID=441) to work on /opt/airflow/dags/music_ingestion_dag.py
[2026-02-24T08:01:19.028+0000] {processor.py:914} INFO - Processing file /opt/airflow/dags/music_ingestion_dag.py for tasks to queue
[2026-02-24T08:01:19.032+0000] {logging_mixin.py:190} INFO - [2026-02-24T08:01:19.031+0000] {dagbag.py:588} INFO - Filling up the DagBag from /opt/airflow/dags/music_ingestion_dag.py
[2026-02-24T08:01:19.060+0000] {processor.py:925} INFO - DAG(s) '01_music_ingestion_realtime' retrieved from /opt/airflow/dags/music_ingestion_dag.py
[2026-02-24T08:01:19.093+0000] {logging_mixin.py:190} INFO - [2026-02-24T08:01:19.093+0000] {dag.py:3239} INFO - Sync 1 DAGs
[2026-02-24T08:01:19.126+0000] {logging_mixin.py:190} INFO - [2026-02-24T08:01:19.125+0000] {dag.py:4180} INFO - Setting next_dagrun for 01_music_ingestion_realtime to 2026-02-24 07:00:00+00:00, run_after=2026-02-24 08:00:00+00:00
[2026-02-24T08:01:19.162+0000] {processor.py:208} INFO - Processing /opt/airflow/dags/music_ingestion_dag.py took 0.144 seconds
[2026-02-24T08:01:49.478+0000] {processor.py:186} INFO - Started process (PID=446) to work on /opt/airflow/dags/music_ingestion_dag.py
[2026-02-24T08:01:49.479+0000] {processor.py:914} INFO - Processing file /opt/airflow/dags/music_ingestion_dag.py for tasks to queue
[2026-02-24T08:01:49.484+0000] {logging_mixin.py:190} INFO - [2026-02-24T08:01:49.483+0000] {dagbag.py:588} INFO - Filling up the DagBag from /opt/airflow/dags/music_ingestion_dag.py
[2026-02-24T08:01:49.515+0000] {processor.py:925} INFO - DAG(s) '01_music_ingestion_realtime' retrieved from /opt/airflow/dags/music_ingestion_dag.py
[2026-02-24T08:01:49.728+0000] {logging_mixin.py:190} INFO - [2026-02-24T08:01:49.727+0000] {dag.py:3239} INFO - Sync 1 DAGs
[2026-02-24T08:01:50.003+0000] {logging_mixin.py:190} INFO - [2026-02-24T08:01:50.002+0000] {dag.py:4180} INFO - Setting next_dagrun for 01_music_ingestion_realtime to 2026-02-24 07:00:00+00:00, run_after=2026-02-24 08:00:00+00:00
[2026-02-24T08:01:50.109+0000] {processor.py:208} INFO - Processing /opt/airflow/dags/music_ingestion_dag.py took 0.639 seconds
[2026-02-24T08:02:20.514+0000] {processor.py:186} INFO - Started process (PID=451) to work on /opt/airflow/dags/music_ingestion_dag.py
[2026-02-24T08:02:20.515+0000] {processor.py:914} INFO - Processing file /opt/airflow/dags/music_ingestion_dag.py for tasks to queue
[2026-02-24T08:02:20.518+0000] {logging_mixin.py:190} INFO - [2026-02-24T08:02:20.518+0000] {dagbag.py:588} INFO - Filling up the DagBag from /opt/airflow/dags/music_ingestion_dag.py
[2026-02-24T08:02:20.540+0000] {processor.py:925} INFO - DAG(s) '01_music_ingestion_realtime' retrieved from /opt/airflow/dags/music_ingestion_dag.py
[2026-02-24T08:02:20.622+0000] {logging_mixin.py:190} INFO - [2026-02-24T08:02:20.621+0000] {dag.py:3239} INFO - Sync 1 DAGs
[2026-02-24T08:02:20.737+0000] {logging_mixin.py:190} INFO - [2026-02-24T08:02:20.737+0000] {dag.py:4180} INFO - Setting next_dagrun for 01_music_ingestion_realtime to 2026-02-24 07:00:00+00:00, run_after=2026-02-24 08:00:00+00:00
[2026-02-24T08:02:20.773+0000] {processor.py:208} INFO - Processing /opt/airflow/dags/music_ingestion_dag.py took 0.265 seconds
[2026-02-24T08:02:51.150+0000] {processor.py:186} INFO - Started process (PID=456) to work on /opt/airflow/dags/music_ingestion_dag.py
[2026-02-24T08:02:51.156+0000] {processor.py:914} INFO - Processing file /opt/airflow/dags/music_ingestion_dag.py for tasks to queue
[2026-02-24T08:02:51.159+0000] {logging_mixin.py:190} INFO - [2026-02-24T08:02:51.158+0000] {dagbag.py:588} INFO - Filling up the DagBag from /opt/airflow/dags/music_ingestion_dag.py
[2026-02-24T08:02:51.182+0000] {processor.py:925} INFO - DAG(s) '01_music_ingestion_realtime' retrieved from /opt/airflow/dags/music_ingestion_dag.py
[2026-02-24T08:02:51.213+0000] {logging_mixin.py:190} INFO - [2026-02-24T08:02:51.213+0000] {dag.py:3239} INFO - Sync 1 DAGs
[2026-02-24T08:02:51.236+0000] {logging_mixin.py:190} INFO - [2026-02-24T08:02:51.236+0000] {dag.py:4180} INFO - Setting next_dagrun for 01_music_ingestion_realtime to 2026-02-24 07:00:00+00:00, run_after=2026-02-24 08:00:00+00:00
[2026-02-24T08:02:51.266+0000] {processor.py:208} INFO - Processing /opt/airflow/dags/music_ingestion_dag.py took 0.121 seconds
[2026-02-24T08:03:21.481+0000] {processor.py:186} INFO - Started process (PID=461) to work on /opt/airflow/dags/music_ingestion_dag.py
[2026-02-24T08:03:21.482+0000] {processor.py:914} INFO - Processing file /opt/airflow/dags/music_ingestion_dag.py for tasks to queue
[2026-02-24T08:03:21.485+0000] {logging_mixin.py:190} INFO - [2026-02-24T08:03:21.484+0000] {dagbag.py:588} INFO - Filling up the DagBag from /opt/airflow/dags/music_ingestion_dag.py
[2026-02-24T08:03:21.508+0000] {processor.py:925} INFO - DAG(s) '01_music_ingestion_realtime' retrieved from /opt/airflow/dags/music_ingestion_dag.py
[2026-02-24T08:03:21.540+0000] {logging_mixin.py:190} INFO - [2026-02-24T08:03:21.540+0000] {dag.py:3239} INFO - Sync 1 DAGs
[2026-02-24T08:03:21.568+0000] {logging_mixin.py:190} INFO - [2026-02-24T08:03:21.568+0000] {dag.py:4180} INFO - Setting next_dagrun for 01_music_ingestion_realtime to 2026-02-24 07:00:00+00:00, run_after=2026-02-24 08:00:00+00:00
[2026-02-24T08:03:21.601+0000] {processor.py:208} INFO - Processing /opt/airflow/dags/music_ingestion_dag.py took 0.127 seconds
[2026-02-24T08:03:51.974+0000] {processor.py:186} INFO - Started process (PID=466) to work on /opt/airflow/dags/music_ingestion_dag.py
[2026-02-24T08:03:51.975+0000] {processor.py:914} INFO - Processing file /opt/airflow/dags/music_ingestion_dag.py for tasks to queue
[2026-02-24T08:03:51.978+0000] {logging_mixin.py:190} INFO - [2026-02-24T08:03:51.978+0000] {dagbag.py:588} INFO - Filling up the DagBag from /opt/airflow/dags/music_ingestion_dag.py
[2026-02-24T08:03:52.008+0000] {processor.py:925} INFO - DAG(s) '01_music_ingestion_realtime' retrieved from /opt/airflow/dags/music_ingestion_dag.py
[2026-02-24T08:03:52.038+0000] {logging_mixin.py:190} INFO - [2026-02-24T08:03:52.038+0000] {dag.py:3239} INFO - Sync 1 DAGs
[2026-02-24T08:03:52.062+0000] {logging_mixin.py:190} INFO - [2026-02-24T08:03:52.062+0000] {dag.py:4180} INFO - Setting next_dagrun for 01_music_ingestion_realtime to 2026-02-24 07:00:00+00:00, run_after=2026-02-24 08:00:00+00:00
[2026-02-24T08:03:52.087+0000] {processor.py:208} INFO - Processing /opt/airflow/dags/music_ingestion_dag.py took 0.119 seconds
[2026-02-24T08:04:22.346+0000] {processor.py:186} INFO - Started process (PID=471) to work on /opt/airflow/dags/music_ingestion_dag.py
[2026-02-24T08:04:22.347+0000] {processor.py:914} INFO - Processing file /opt/airflow/dags/music_ingestion_dag.py for tasks to queue
[2026-02-24T08:04:22.350+0000] {logging_mixin.py:190} INFO - [2026-02-24T08:04:22.350+0000] {dagbag.py:588} INFO - Filling up the DagBag from /opt/airflow/dags/music_ingestion_dag.py
[2026-02-24T08:04:22.376+0000] {processor.py:925} INFO - DAG(s) '01_music_ingestion_realtime' retrieved from /opt/airflow/dags/music_ingestion_dag.py
[2026-02-24T08:04:22.407+0000] {logging_mixin.py:190} INFO - [2026-02-24T08:04:22.407+0000] {dag.py:3239} INFO - Sync 1 DAGs
[2026-02-24T08:04:22.435+0000] {logging_mixin.py:190} INFO - [2026-02-24T08:04:22.434+0000] {dag.py:4180} INFO - Setting next_dagrun for 01_music_ingestion_realtime to 2026-02-24 07:00:00+00:00, run_after=2026-02-24 08:00:00+00:00
[2026-02-24T08:04:22.462+0000] {processor.py:208} INFO - Processing /opt/airflow/dags/music_ingestion_dag.py took 0.123 seconds
[2026-02-24T08:04:52.765+0000] {processor.py:186} INFO - Started process (PID=476) to work on /opt/airflow/dags/music_ingestion_dag.py
[2026-02-24T08:04:52.767+0000] {processor.py:914} INFO - Processing file /opt/airflow/dags/music_ingestion_dag.py for tasks to queue
[2026-02-24T08:04:52.770+0000] {logging_mixin.py:190} INFO - [2026-02-24T08:04:52.770+0000] {dagbag.py:588} INFO - Filling up the DagBag from /opt/airflow/dags/music_ingestion_dag.py
[2026-02-24T08:04:52.801+0000] {processor.py:925} INFO - DAG(s) '01_music_ingestion_realtime' retrieved from /opt/airflow/dags/music_ingestion_dag.py
[2026-02-24T08:04:52.831+0000] {logging_mixin.py:190} INFO - [2026-02-24T08:04:52.830+0000] {dag.py:3239} INFO - Sync 1 DAGs
[2026-02-24T08:04:52.860+0000] {logging_mixin.py:190} INFO - [2026-02-24T08:04:52.859+0000] {dag.py:4180} INFO - Setting next_dagrun for 01_music_ingestion_realtime to 2026-02-24 07:00:00+00:00, run_after=2026-02-24 08:00:00+00:00
[2026-02-24T08:04:52.888+0000] {processor.py:208} INFO - Processing /opt/airflow/dags/music_ingestion_dag.py took 0.129 seconds
[2026-02-24T08:05:23.135+0000] {processor.py:186} INFO - Started process (PID=481) to work on /opt/airflow/dags/music_ingestion_dag.py
[2026-02-24T08:05:23.137+0000] {processor.py:914} INFO - Processing file /opt/airflow/dags/music_ingestion_dag.py for tasks to queue
[2026-02-24T08:05:23.140+0000] {logging_mixin.py:190} INFO - [2026-02-24T08:05:23.140+0000] {dagbag.py:588} INFO - Filling up the DagBag from /opt/airflow/dags/music_ingestion_dag.py
[2026-02-24T08:05:23.176+0000] {processor.py:925} INFO - DAG(s) '01_music_ingestion_realtime' retrieved from /opt/airflow/dags/music_ingestion_dag.py
[2026-02-24T08:05:23.216+0000] {logging_mixin.py:190} INFO - [2026-02-24T08:05:23.216+0000] {dag.py:3239} INFO - Sync 1 DAGs
[2026-02-24T08:05:23.262+0000] {logging_mixin.py:190} INFO - [2026-02-24T08:05:23.261+0000] {dag.py:4180} INFO - Setting next_dagrun for 01_music_ingestion_realtime to 2026-02-24 07:00:00+00:00, run_after=2026-02-24 08:00:00+00:00
[2026-02-24T08:05:23.296+0000] {processor.py:208} INFO - Processing /opt/airflow/dags/music_ingestion_dag.py took 0.168 seconds
[2026-02-24T08:05:53.634+0000] {processor.py:186} INFO - Started process (PID=486) to work on /opt/airflow/dags/music_ingestion_dag.py
[2026-02-24T08:05:53.636+0000] {processor.py:914} INFO - Processing file /opt/airflow/dags/music_ingestion_dag.py for tasks to queue
[2026-02-24T08:05:53.642+0000] {logging_mixin.py:190} INFO - [2026-02-24T08:05:53.642+0000] {dagbag.py:588} INFO - Filling up the DagBag from /opt/airflow/dags/music_ingestion_dag.py
[2026-02-24T08:05:53.677+0000] {processor.py:925} INFO - DAG(s) '01_music_ingestion_realtime' retrieved from /opt/airflow/dags/music_ingestion_dag.py
[2026-02-24T08:05:53.712+0000] {logging_mixin.py:190} INFO - [2026-02-24T08:05:53.712+0000] {dag.py:3239} INFO - Sync 1 DAGs
[2026-02-24T08:05:53.742+0000] {logging_mixin.py:190} INFO - [2026-02-24T08:05:53.742+0000] {dag.py:4180} INFO - Setting next_dagrun for 01_music_ingestion_realtime to 2026-02-24 07:00:00+00:00, run_after=2026-02-24 08:00:00+00:00
[2026-02-24T08:05:53.771+0000] {processor.py:208} INFO - Processing /opt/airflow/dags/music_ingestion_dag.py took 0.143 seconds
[2026-02-24T08:06:23.988+0000] {processor.py:186} INFO - Started process (PID=491) to work on /opt/airflow/dags/music_ingestion_dag.py
[2026-02-24T08:06:23.990+0000] {processor.py:914} INFO - Processing file /opt/airflow/dags/music_ingestion_dag.py for tasks to queue
[2026-02-24T08:06:23.993+0000] {logging_mixin.py:190} INFO - [2026-02-24T08:06:23.993+0000] {dagbag.py:588} INFO - Filling up the DagBag from /opt/airflow/dags/music_ingestion_dag.py
[2026-02-24T08:06:24.036+0000] {processor.py:925} INFO - DAG(s) '01_music_ingestion_realtime' retrieved from /opt/airflow/dags/music_ingestion_dag.py
[2026-02-24T08:06:24.078+0000] {logging_mixin.py:190} INFO - [2026-02-24T08:06:24.078+0000] {dag.py:3239} INFO - Sync 1 DAGs
[2026-02-24T08:06:24.122+0000] {logging_mixin.py:190} INFO - [2026-02-24T08:06:24.122+0000] {dag.py:4180} INFO - Setting next_dagrun for 01_music_ingestion_realtime to 2026-02-24 07:00:00+00:00, run_after=2026-02-24 08:00:00+00:00
[2026-02-24T08:06:24.263+0000] {processor.py:208} INFO - Processing /opt/airflow/dags/music_ingestion_dag.py took 0.284 seconds
[2026-02-24T08:06:54.376+0000] {processor.py:186} INFO - Started process (PID=496) to work on /opt/airflow/dags/music_ingestion_dag.py
[2026-02-24T08:06:54.379+0000] {processor.py:914} INFO - Processing file /opt/airflow/dags/music_ingestion_dag.py for tasks to queue
[2026-02-24T08:06:54.382+0000] {logging_mixin.py:190} INFO - [2026-02-24T08:06:54.382+0000] {dagbag.py:588} INFO - Filling up the DagBag from /opt/airflow/dags/music_ingestion_dag.py
[2026-02-24T08:06:54.424+0000] {processor.py:925} INFO - DAG(s) '01_music_ingestion_realtime' retrieved from /opt/airflow/dags/music_ingestion_dag.py
[2026-02-24T08:06:54.458+0000] {logging_mixin.py:190} INFO - [2026-02-24T08:06:54.458+0000] {dag.py:3239} INFO - Sync 1 DAGs
[2026-02-24T08:06:54.490+0000] {logging_mixin.py:190} INFO - [2026-02-24T08:06:54.490+0000] {dag.py:4180} INFO - Setting next_dagrun for 01_music_ingestion_realtime to 2026-02-24 07:00:00+00:00, run_after=2026-02-24 08:00:00+00:00
[2026-02-24T08:06:54.518+0000] {processor.py:208} INFO - Processing /opt/airflow/dags/music_ingestion_dag.py took 0.152 seconds
[2026-02-24T08:07:24.675+0000] {processor.py:186} INFO - Started process (PID=501) to work on /opt/airflow/dags/music_ingestion_dag.py
[2026-02-24T08:07:24.677+0000] {processor.py:914} INFO - Processing file /opt/airflow/dags/music_ingestion_dag.py for tasks to queue
[2026-02-24T08:07:24.680+0000] {logging_mixin.py:190} INFO - [2026-02-24T08:07:24.680+0000] {dagbag.py:588} INFO - Filling up the DagBag from /opt/airflow/dags/music_ingestion_dag.py
[2026-02-24T08:07:24.715+0000] {processor.py:925} INFO - DAG(s) '01_music_ingestion_realtime' retrieved from /opt/airflow/dags/music_ingestion_dag.py
[2026-02-24T08:07:24.750+0000] {logging_mixin.py:190} INFO - [2026-02-24T08:07:24.750+0000] {dag.py:3239} INFO - Sync 1 DAGs
[2026-02-24T08:07:24.780+0000] {logging_mixin.py:190} INFO - [2026-02-24T08:07:24.780+0000] {dag.py:4180} INFO - Setting next_dagrun for 01_music_ingestion_realtime to 2026-02-24 07:00:00+00:00, run_after=2026-02-24 08:00:00+00:00
[2026-02-24T08:07:24.806+0000] {processor.py:208} INFO - Processing /opt/airflow/dags/music_ingestion_dag.py took 0.138 seconds
[2026-02-24T08:07:55.135+0000] {processor.py:186} INFO - Started process (PID=506) to work on /opt/airflow/dags/music_ingestion_dag.py
[2026-02-24T08:07:55.136+0000] {processor.py:914} INFO - Processing file /opt/airflow/dags/music_ingestion_dag.py for tasks to queue
[2026-02-24T08:07:55.141+0000] {logging_mixin.py:190} INFO - [2026-02-24T08:07:55.140+0000] {dagbag.py:588} INFO - Filling up the DagBag from /opt/airflow/dags/music_ingestion_dag.py
[2026-02-24T08:07:55.187+0000] {processor.py:925} INFO - DAG(s) '01_music_ingestion_realtime' retrieved from /opt/airflow/dags/music_ingestion_dag.py
[2026-02-24T08:07:55.223+0000] {logging_mixin.py:190} INFO - [2026-02-24T08:07:55.223+0000] {dag.py:3239} INFO - Sync 1 DAGs
[2026-02-24T08:07:55.257+0000] {logging_mixin.py:190} INFO - [2026-02-24T08:07:55.257+0000] {dag.py:4180} INFO - Setting next_dagrun for 01_music_ingestion_realtime to 2026-02-24 07:00:00+00:00, run_after=2026-02-24 08:00:00+00:00
[2026-02-24T08:07:55.288+0000] {processor.py:208} INFO - Processing /opt/airflow/dags/music_ingestion_dag.py took 0.159 seconds
[2026-02-24T08:08:25.516+0000] {processor.py:186} INFO - Started process (PID=511) to work on /opt/airflow/dags/music_ingestion_dag.py
[2026-02-24T08:08:25.517+0000] {processor.py:914} INFO - Processing file /opt/airflow/dags/music_ingestion_dag.py for tasks to queue
[2026-02-24T08:08:25.521+0000] {logging_mixin.py:190} INFO - [2026-02-24T08:08:25.521+0000] {dagbag.py:588} INFO - Filling up the DagBag from /opt/airflow/dags/music_ingestion_dag.py
[2026-02-24T08:08:25.566+0000] {processor.py:925} INFO - DAG(s) '01_music_ingestion_realtime' retrieved from /opt/airflow/dags/music_ingestion_dag.py
[2026-02-24T08:08:25.604+0000] {logging_mixin.py:190} INFO - [2026-02-24T08:08:25.604+0000] {dag.py:3239} INFO - Sync 1 DAGs
[2026-02-24T08:08:25.635+0000] {logging_mixin.py:190} INFO - [2026-02-24T08:08:25.635+0000] {dag.py:4180} INFO - Setting next_dagrun for 01_music_ingestion_realtime to 2026-02-24 07:00:00+00:00, run_after=2026-02-24 08:00:00+00:00
[2026-02-24T08:08:25.670+0000] {processor.py:208} INFO - Processing /opt/airflow/dags/music_ingestion_dag.py took 0.161 seconds
[2026-02-24T08:08:55.899+0000] {processor.py:186} INFO - Started process (PID=516) to work on /opt/airflow/dags/music_ingestion_dag.py
[2026-02-24T08:08:55.902+0000] {processor.py:914} INFO - Processing file /opt/airflow/dags/music_ingestion_dag.py for tasks to queue
[2026-02-24T08:08:55.907+0000] {logging_mixin.py:190} INFO - [2026-02-24T08:08:55.907+0000] {dagbag.py:588} INFO - Filling up the DagBag from /opt/airflow/dags/music_ingestion_dag.py
[2026-02-24T08:08:55.942+0000] {processor.py:925} INFO - DAG(s) '01_music_ingestion_realtime' retrieved from /opt/airflow/dags/music_ingestion_dag.py
[2026-02-24T08:08:55.977+0000] {logging_mixin.py:190} INFO - [2026-02-24T08:08:55.977+0000] {dag.py:3239} INFO - Sync 1 DAGs
[2026-02-24T08:08:56.013+0000] {logging_mixin.py:190} INFO - [2026-02-24T08:08:56.013+0000] {dag.py:4180} INFO - Setting next_dagrun for 01_music_ingestion_realtime to 2026-02-24 07:00:00+00:00, run_after=2026-02-24 08:00:00+00:00
[2026-02-24T08:08:56.041+0000] {processor.py:208} INFO - Processing /opt/airflow/dags/music_ingestion_dag.py took 0.149 seconds
[2026-02-24T08:09:26.253+0000] {processor.py:186} INFO - Started process (PID=521) to work on /opt/airflow/dags/music_ingestion_dag.py
[2026-02-24T08:09:26.255+0000] {processor.py:914} INFO - Processing file /opt/airflow/dags/music_ingestion_dag.py for tasks to queue
[2026-02-24T08:09:26.259+0000] {logging_mixin.py:190} INFO - [2026-02-24T08:09:26.258+0000] {dagbag.py:588} INFO - Filling up the DagBag from /opt/airflow/dags/music_ingestion_dag.py
[2026-02-24T08:09:26.293+0000] {processor.py:925} INFO - DAG(s) '01_music_ingestion_realtime' retrieved from /opt/airflow/dags/music_ingestion_dag.py
[2026-02-24T08:09:26.335+0000] {logging_mixin.py:190} INFO - [2026-02-24T08:09:26.335+0000] {dag.py:3239} INFO - Sync 1 DAGs
[2026-02-24T08:09:26.366+0000] {logging_mixin.py:190} INFO - [2026-02-24T08:09:26.366+0000] {dag.py:4180} INFO - Setting next_dagrun for 01_music_ingestion_realtime to 2026-02-24 07:00:00+00:00, run_after=2026-02-24 08:00:00+00:00
[2026-02-24T08:09:26.400+0000] {processor.py:208} INFO - Processing /opt/airflow/dags/music_ingestion_dag.py took 0.152 seconds
[2026-02-24T08:09:56.688+0000] {processor.py:186} INFO - Started process (PID=526) to work on /opt/airflow/dags/music_ingestion_dag.py
[2026-02-24T08:09:56.690+0000] {processor.py:914} INFO - Processing file /opt/airflow/dags/music_ingestion_dag.py for tasks to queue
[2026-02-24T08:09:56.694+0000] {logging_mixin.py:190} INFO - [2026-02-24T08:09:56.694+0000] {dagbag.py:588} INFO - Filling up the DagBag from /opt/airflow/dags/music_ingestion_dag.py
[2026-02-24T08:09:56.745+0000] {processor.py:925} INFO - DAG(s) '01_music_ingestion_realtime' retrieved from /opt/airflow/dags/music_ingestion_dag.py
[2026-02-24T08:09:56.790+0000] {logging_mixin.py:190} INFO - [2026-02-24T08:09:56.790+0000] {dag.py:3239} INFO - Sync 1 DAGs
[2026-02-24T08:09:56.841+0000] {logging_mixin.py:190} INFO - [2026-02-24T08:09:56.840+0000] {dag.py:4180} INFO - Setting next_dagrun for 01_music_ingestion_realtime to 2026-02-24 07:00:00+00:00, run_after=2026-02-24 08:00:00+00:00
[2026-02-24T08:09:56.877+0000] {processor.py:208} INFO - Processing /opt/airflow/dags/music_ingestion_dag.py took 0.197 seconds
[2026-02-24T08:10:27.047+0000] {processor.py:186} INFO - Started process (PID=531) to work on /opt/airflow/dags/music_ingestion_dag.py
[2026-02-24T08:10:27.049+0000] {processor.py:914} INFO - Processing file /opt/airflow/dags/music_ingestion_dag.py for tasks to queue
[2026-02-24T08:10:27.053+0000] {logging_mixin.py:190} INFO - [2026-02-24T08:10:27.052+0000] {dagbag.py:588} INFO - Filling up the DagBag from /opt/airflow/dags/music_ingestion_dag.py
[2026-02-24T08:10:27.094+0000] {processor.py:925} INFO - DAG(s) '01_music_ingestion_realtime' retrieved from /opt/airflow/dags/music_ingestion_dag.py
[2026-02-24T08:10:27.134+0000] {logging_mixin.py:190} INFO - [2026-02-24T08:10:27.134+0000] {dag.py:3239} INFO - Sync 1 DAGs
[2026-02-24T08:10:27.166+0000] {logging_mixin.py:190} INFO - [2026-02-24T08:10:27.166+0000] {dag.py:4180} INFO - Setting next_dagrun for 01_music_ingestion_realtime to 2026-02-24 07:00:00+00:00, run_after=2026-02-24 08:00:00+00:00
[2026-02-24T08:10:27.259+0000] {processor.py:208} INFO - Processing /opt/airflow/dags/music_ingestion_dag.py took 0.220 seconds
[2026-02-24T08:10:57.530+0000] {processor.py:186} INFO - Started process (PID=536) to work on /opt/airflow/dags/music_ingestion_dag.py
[2026-02-24T08:10:57.533+0000] {processor.py:914} INFO - Processing file /opt/airflow/dags/music_ingestion_dag.py for tasks to queue
[2026-02-24T08:10:57.537+0000] {logging_mixin.py:190} INFO - [2026-02-24T08:10:57.536+0000] {dagbag.py:588} INFO - Filling up the DagBag from /opt/airflow/dags/music_ingestion_dag.py
[2026-02-24T08:10:57.577+0000] {processor.py:925} INFO - DAG(s) '01_music_ingestion_realtime' retrieved from /opt/airflow/dags/music_ingestion_dag.py
[2026-02-24T08:10:57.621+0000] {logging_mixin.py:190} INFO - [2026-02-24T08:10:57.620+0000] {dag.py:3239} INFO - Sync 1 DAGs
[2026-02-24T08:10:57.657+0000] {logging_mixin.py:190} INFO - [2026-02-24T08:10:57.657+0000] {dag.py:4180} INFO - Setting next_dagrun for 01_music_ingestion_realtime to 2026-02-24 07:00:00+00:00, run_after=2026-02-24 08:00:00+00:00
[2026-02-24T08:10:57.686+0000] {processor.py:208} INFO - Processing /opt/airflow/dags/music_ingestion_dag.py took 0.163 seconds
[2026-02-24T08:11:27.891+0000] {processor.py:186} INFO - Started process (PID=541) to work on /opt/airflow/dags/music_ingestion_dag.py
[2026-02-24T08:11:27.893+0000] {processor.py:914} INFO - Processing file /opt/airflow/dags/music_ingestion_dag.py for tasks to queue
[2026-02-24T08:11:27.896+0000] {logging_mixin.py:190} INFO - [2026-02-24T08:11:27.895+0000] {dagbag.py:588} INFO - Filling up the DagBag from /opt/airflow/dags/music_ingestion_dag.py
[2026-02-24T08:11:27.926+0000] {processor.py:925} INFO - DAG(s) '01_music_ingestion_realtime' retrieved from /opt/airflow/dags/music_ingestion_dag.py
[2026-02-24T08:11:27.963+0000] {logging_mixin.py:190} INFO - [2026-02-24T08:11:27.963+0000] {dag.py:3239} INFO - Sync 1 DAGs
[2026-02-24T08:11:27.997+0000] {logging_mixin.py:190} INFO - [2026-02-24T08:11:27.997+0000] {dag.py:4180} INFO - Setting next_dagrun for 01_music_ingestion_realtime to 2026-02-24 07:00:00+00:00, run_after=2026-02-24 08:00:00+00:00
[2026-02-24T08:11:28.028+0000] {processor.py:208} INFO - Processing /opt/airflow/dags/music_ingestion_dag.py took 0.144 seconds
[2026-02-24T08:11:58.331+0000] {processor.py:186} INFO - Started process (PID=546) to work on /opt/airflow/dags/music_ingestion_dag.py
[2026-02-24T08:11:58.333+0000] {processor.py:914} INFO - Processing file /opt/airflow/dags/music_ingestion_dag.py for tasks to queue
[2026-02-24T08:11:58.336+0000] {logging_mixin.py:190} INFO - [2026-02-24T08:11:58.336+0000] {dagbag.py:588} INFO - Filling up the DagBag from /opt/airflow/dags/music_ingestion_dag.py
[2026-02-24T08:11:58.373+0000] {processor.py:925} INFO - DAG(s) '01_music_ingestion_realtime' retrieved from /opt/airflow/dags/music_ingestion_dag.py
[2026-02-24T08:11:58.410+0000] {logging_mixin.py:190} INFO - [2026-02-24T08:11:58.410+0000] {dag.py:3239} INFO - Sync 1 DAGs
[2026-02-24T08:11:58.443+0000] {logging_mixin.py:190} INFO - [2026-02-24T08:11:58.442+0000] {dag.py:4180} INFO - Setting next_dagrun for 01_music_ingestion_realtime to 2026-02-24 07:00:00+00:00, run_after=2026-02-24 08:00:00+00:00
[2026-02-24T08:11:58.475+0000] {processor.py:208} INFO - Processing /opt/airflow/dags/music_ingestion_dag.py took 0.151 seconds
[2026-02-24T08:12:28.678+0000] {processor.py:186} INFO - Started process (PID=551) to work on /opt/airflow/dags/music_ingestion_dag.py
[2026-02-24T08:12:28.680+0000] {processor.py:914} INFO - Processing file /opt/airflow/dags/music_ingestion_dag.py for tasks to queue
[2026-02-24T08:12:28.684+0000] {logging_mixin.py:190} INFO - [2026-02-24T08:12:28.683+0000] {dagbag.py:588} INFO - Filling up the DagBag from /opt/airflow/dags/music_ingestion_dag.py
[2026-02-24T08:12:28.727+0000] {processor.py:925} INFO - DAG(s) '01_music_ingestion_realtime' retrieved from /opt/airflow/dags/music_ingestion_dag.py
[2026-02-24T08:12:28.763+0000] {logging_mixin.py:190} INFO - [2026-02-24T08:12:28.762+0000] {dag.py:3239} INFO - Sync 1 DAGs
[2026-02-24T08:12:28.797+0000] {logging_mixin.py:190} INFO - [2026-02-24T08:12:28.797+0000] {dag.py:4180} INFO - Setting next_dagrun for 01_music_ingestion_realtime to 2026-02-24 07:00:00+00:00, run_after=2026-02-24 08:00:00+00:00
[2026-02-24T08:12:28.826+0000] {processor.py:208} INFO - Processing /opt/airflow/dags/music_ingestion_dag.py took 0.154 seconds
[2026-02-24T08:12:59.132+0000] {processor.py:186} INFO - Started process (PID=556) to work on /opt/airflow/dags/music_ingestion_dag.py
[2026-02-24T08:12:59.134+0000] {processor.py:914} INFO - Processing file /opt/airflow/dags/music_ingestion_dag.py for tasks to queue
[2026-02-24T08:12:59.139+0000] {logging_mixin.py:190} INFO - [2026-02-24T08:12:59.138+0000] {dagbag.py:588} INFO - Filling up the DagBag from /opt/airflow/dags/music_ingestion_dag.py
[2026-02-24T08:12:59.187+0000] {processor.py:925} INFO - DAG(s) '01_music_ingestion_realtime' retrieved from /opt/airflow/dags/music_ingestion_dag.py
[2026-02-24T08:12:59.225+0000] {logging_mixin.py:190} INFO - [2026-02-24T08:12:59.225+0000] {dag.py:3239} INFO - Sync 1 DAGs
[2026-02-24T08:12:59.255+0000] {logging_mixin.py:190} INFO - [2026-02-24T08:12:59.255+0000] {dag.py:4180} INFO - Setting next_dagrun for 01_music_ingestion_realtime to 2026-02-24 07:00:00+00:00, run_after=2026-02-24 08:00:00+00:00
[2026-02-24T08:12:59.285+0000] {processor.py:208} INFO - Processing /opt/airflow/dags/music_ingestion_dag.py took 0.158 seconds
[2026-02-24T08:13:29.454+0000] {processor.py:186} INFO - Started process (PID=561) to work on /opt/airflow/dags/music_ingestion_dag.py
[2026-02-24T08:13:29.455+0000] {processor.py:914} INFO - Processing file /opt/airflow/dags/music_ingestion_dag.py for tasks to queue
[2026-02-24T08:13:29.458+0000] {logging_mixin.py:190} INFO - [2026-02-24T08:13:29.457+0000] {dagbag.py:588} INFO - Filling up the DagBag from /opt/airflow/dags/music_ingestion_dag.py
[2026-02-24T08:13:29.485+0000] {processor.py:925} INFO - DAG(s) '01_music_ingestion_realtime' retrieved from /opt/airflow/dags/music_ingestion_dag.py
[2026-02-24T08:13:29.524+0000] {logging_mixin.py:190} INFO - [2026-02-24T08:13:29.524+0000] {dag.py:3239} INFO - Sync 1 DAGs
[2026-02-24T08:13:29.556+0000] {logging_mixin.py:190} INFO - [2026-02-24T08:13:29.556+0000] {dag.py:4180} INFO - Setting next_dagrun for 01_music_ingestion_realtime to 2026-02-24 07:00:00+00:00, run_after=2026-02-24 08:00:00+00:00
[2026-02-24T08:13:29.587+0000] {processor.py:208} INFO - Processing /opt/airflow/dags/music_ingestion_dag.py took 0.141 seconds
[2026-02-24T08:13:59.768+0000] {processor.py:186} INFO - Started process (PID=566) to work on /opt/airflow/dags/music_ingestion_dag.py
[2026-02-24T08:13:59.769+0000] {processor.py:914} INFO - Processing file /opt/airflow/dags/music_ingestion_dag.py for tasks to queue
[2026-02-24T08:13:59.772+0000] {logging_mixin.py:190} INFO - [2026-02-24T08:13:59.772+0000] {dagbag.py:588} INFO - Filling up the DagBag from /opt/airflow/dags/music_ingestion_dag.py
[2026-02-24T08:13:59.812+0000] {processor.py:925} INFO - DAG(s) '01_music_ingestion_realtime' retrieved from /opt/airflow/dags/music_ingestion_dag.py
[2026-02-24T08:13:59.854+0000] {logging_mixin.py:190} INFO - [2026-02-24T08:13:59.854+0000] {dag.py:3239} INFO - Sync 1 DAGs
[2026-02-24T08:13:59.886+0000] {logging_mixin.py:190} INFO - [2026-02-24T08:13:59.886+0000] {dag.py:4180} INFO - Setting next_dagrun for 01_music_ingestion_realtime to 2026-02-24 07:00:00+00:00, run_after=2026-02-24 08:00:00+00:00
[2026-02-24T08:13:59.918+0000] {processor.py:208} INFO - Processing /opt/airflow/dags/music_ingestion_dag.py took 0.158 seconds
[2026-02-24T08:14:30.217+0000] {processor.py:186} INFO - Started process (PID=571) to work on /opt/airflow/dags/music_ingestion_dag.py
[2026-02-24T08:14:30.219+0000] {processor.py:914} INFO - Processing file /opt/airflow/dags/music_ingestion_dag.py for tasks to queue
[2026-02-24T08:14:30.223+0000] {logging_mixin.py:190} INFO - [2026-02-24T08:14:30.222+0000] {dagbag.py:588} INFO - Filling up the DagBag from /opt/airflow/dags/music_ingestion_dag.py
[2026-02-24T08:14:30.268+0000] {processor.py:925} INFO - DAG(s) '01_music_ingestion_realtime' retrieved from /opt/airflow/dags/music_ingestion_dag.py
[2026-02-24T08:14:30.304+0000] {logging_mixin.py:190} INFO - [2026-02-24T08:14:30.304+0000] {dag.py:3239} INFO - Sync 1 DAGs
[2026-02-24T08:14:30.334+0000] {logging_mixin.py:190} INFO - [2026-02-24T08:14:30.333+0000] {dag.py:4180} INFO - Setting next_dagrun for 01_music_ingestion_realtime to 2026-02-24 07:00:00+00:00, run_after=2026-02-24 08:00:00+00:00
[2026-02-24T08:14:30.367+0000] {processor.py:208} INFO - Processing /opt/airflow/dags/music_ingestion_dag.py took 0.156 seconds
[2026-02-24T08:15:00.548+0000] {processor.py:186} INFO - Started process (PID=576) to work on /opt/airflow/dags/music_ingestion_dag.py
[2026-02-24T08:15:00.551+0000] {processor.py:914} INFO - Processing file /opt/airflow/dags/music_ingestion_dag.py for tasks to queue
[2026-02-24T08:15:00.555+0000] {logging_mixin.py:190} INFO - [2026-02-24T08:15:00.554+0000] {dagbag.py:588} INFO - Filling up the DagBag from /opt/airflow/dags/music_ingestion_dag.py
[2026-02-24T08:15:00.591+0000] {processor.py:925} INFO - DAG(s) '01_music_ingestion_realtime' retrieved from /opt/airflow/dags/music_ingestion_dag.py
[2026-02-24T08:15:00.629+0000] {logging_mixin.py:190} INFO - [2026-02-24T08:15:00.629+0000] {dag.py:3239} INFO - Sync 1 DAGs
[2026-02-24T08:15:00.665+0000] {logging_mixin.py:190} INFO - [2026-02-24T08:15:00.664+0000] {dag.py:4180} INFO - Setting next_dagrun for 01_music_ingestion_realtime to 2026-02-24 07:00:00+00:00, run_after=2026-02-24 08:00:00+00:00
[2026-02-24T08:15:00.692+0000] {processor.py:208} INFO - Processing /opt/airflow/dags/music_ingestion_dag.py took 0.154 seconds
[2026-02-24T08:15:30.949+0000] {processor.py:186} INFO - Started process (PID=581) to work on /opt/airflow/dags/music_ingestion_dag.py
[2026-02-24T08:15:30.950+0000] {processor.py:914} INFO - Processing file /opt/airflow/dags/music_ingestion_dag.py for tasks to queue
[2026-02-24T08:15:30.953+0000] {logging_mixin.py:190} INFO - [2026-02-24T08:15:30.952+0000] {dagbag.py:588} INFO - Filling up the DagBag from /opt/airflow/dags/music_ingestion_dag.py
[2026-02-24T08:15:30.978+0000] {processor.py:925} INFO - DAG(s) '01_music_ingestion_realtime' retrieved from /opt/airflow/dags/music_ingestion_dag.py
[2026-02-24T08:15:31.013+0000] {logging_mixin.py:190} INFO - [2026-02-24T08:15:31.013+0000] {dag.py:3239} INFO - Sync 1 DAGs
[2026-02-24T08:15:31.047+0000] {logging_mixin.py:190} INFO - [2026-02-24T08:15:31.046+0000] {dag.py:4180} INFO - Setting next_dagrun for 01_music_ingestion_realtime to 2026-02-24 07:00:00+00:00, run_after=2026-02-24 08:00:00+00:00
[2026-02-24T08:15:31.080+0000] {processor.py:208} INFO - Processing /opt/airflow/dags/music_ingestion_dag.py took 0.138 seconds
[2026-02-24T08:16:01.313+0000] {processor.py:186} INFO - Started process (PID=586) to work on /opt/airflow/dags/music_ingestion_dag.py
[2026-02-24T08:16:01.314+0000] {processor.py:914} INFO - Processing file /opt/airflow/dags/music_ingestion_dag.py for tasks to queue
[2026-02-24T08:16:01.317+0000] {logging_mixin.py:190} INFO - [2026-02-24T08:16:01.317+0000] {dagbag.py:588} INFO - Filling up the DagBag from /opt/airflow/dags/music_ingestion_dag.py
[2026-02-24T08:16:01.352+0000] {processor.py:925} INFO - DAG(s) '01_music_ingestion_realtime' retrieved from /opt/airflow/dags/music_ingestion_dag.py
[2026-02-24T08:16:01.393+0000] {logging_mixin.py:190} INFO - [2026-02-24T08:16:01.393+0000] {dag.py:3239} INFO - Sync 1 DAGs
[2026-02-24T08:16:01.424+0000] {logging_mixin.py:190} INFO - [2026-02-24T08:16:01.424+0000] {dag.py:4180} INFO - Setting next_dagrun for 01_music_ingestion_realtime to 2026-02-24 07:00:00+00:00, run_after=2026-02-24 08:00:00+00:00
[2026-02-24T08:16:01.454+0000] {processor.py:208} INFO - Processing /opt/airflow/dags/music_ingestion_dag.py took 0.149 seconds
[2026-02-24T08:16:31.706+0000] {processor.py:186} INFO - Started process (PID=591) to work on /opt/airflow/dags/music_ingestion_dag.py
[2026-02-24T08:16:31.707+0000] {processor.py:914} INFO - Processing file /opt/airflow/dags/music_ingestion_dag.py for tasks to queue
[2026-02-24T08:16:31.710+0000] {logging_mixin.py:190} INFO - [2026-02-24T08:16:31.710+0000] {dagbag.py:588} INFO - Filling up the DagBag from /opt/airflow/dags/music_ingestion_dag.py
[2026-02-24T08:16:31.740+0000] {processor.py:925} INFO - DAG(s) '01_music_ingestion_realtime' retrieved from /opt/airflow/dags/music_ingestion_dag.py
[2026-02-24T08:16:31.776+0000] {logging_mixin.py:190} INFO - [2026-02-24T08:16:31.775+0000] {dag.py:3239} INFO - Sync 1 DAGs
[2026-02-24T08:16:31.804+0000] {logging_mixin.py:190} INFO - [2026-02-24T08:16:31.804+0000] {dag.py:4180} INFO - Setting next_dagrun for 01_music_ingestion_realtime to 2026-02-24 07:00:00+00:00, run_after=2026-02-24 08:00:00+00:00
[2026-02-24T08:16:31.833+0000] {processor.py:208} INFO - Processing /opt/airflow/dags/music_ingestion_dag.py took 0.134 seconds
[2026-02-24T08:17:02.057+0000] {processor.py:186} INFO - Started process (PID=596) to work on /opt/airflow/dags/music_ingestion_dag.py
[2026-02-24T08:17:02.059+0000] {processor.py:914} INFO - Processing file /opt/airflow/dags/music_ingestion_dag.py for tasks to queue
[2026-02-24T08:17:02.063+0000] {logging_mixin.py:190} INFO - [2026-02-24T08:17:02.063+0000] {dagbag.py:588} INFO - Filling up the DagBag from /opt/airflow/dags/music_ingestion_dag.py
[2026-02-24T08:17:02.099+0000] {processor.py:925} INFO - DAG(s) '01_music_ingestion_realtime' retrieved from /opt/airflow/dags/music_ingestion_dag.py
[2026-02-24T08:17:02.140+0000] {logging_mixin.py:190} INFO - [2026-02-24T08:17:02.140+0000] {dag.py:3239} INFO - Sync 1 DAGs
[2026-02-24T08:17:02.179+0000] {logging_mixin.py:190} INFO - [2026-02-24T08:17:02.179+0000] {dag.py:4180} INFO - Setting next_dagrun for 01_music_ingestion_realtime to 2026-02-24 07:00:00+00:00, run_after=2026-02-24 08:00:00+00:00
[2026-02-24T08:17:02.211+0000] {processor.py:208} INFO - Processing /opt/airflow/dags/music_ingestion_dag.py took 0.163 seconds
[2026-02-24T08:17:32.460+0000] {processor.py:186} INFO - Started process (PID=601) to work on /opt/airflow/dags/music_ingestion_dag.py
[2026-02-24T08:17:32.462+0000] {processor.py:914} INFO - Processing file /opt/airflow/dags/music_ingestion_dag.py for tasks to queue
[2026-02-24T08:17:32.465+0000] {logging_mixin.py:190} INFO - [2026-02-24T08:17:32.465+0000] {dagbag.py:588} INFO - Filling up the DagBag from /opt/airflow/dags/music_ingestion_dag.py
[2026-02-24T08:17:32.501+0000] {processor.py:925} INFO - DAG(s) '01_music_ingestion_realtime' retrieved from /opt/airflow/dags/music_ingestion_dag.py
[2026-02-24T08:17:32.532+0000] {logging_mixin.py:190} INFO - [2026-02-24T08:17:32.532+0000] {dag.py:3239} INFO - Sync 1 DAGs
[2026-02-24T08:17:32.562+0000] {logging_mixin.py:190} INFO - [2026-02-24T08:17:32.562+0000] {dag.py:4180} INFO - Setting next_dagrun for 01_music_ingestion_realtime to 2026-02-24 07:00:00+00:00, run_after=2026-02-24 08:00:00+00:00
[2026-02-24T08:17:32.594+0000] {processor.py:208} INFO - Processing /opt/airflow/dags/music_ingestion_dag.py took 0.139 seconds
[2026-02-24T08:18:02.919+0000] {processor.py:186} INFO - Started process (PID=606) to work on /opt/airflow/dags/music_ingestion_dag.py
[2026-02-24T08:18:02.921+0000] {processor.py:914} INFO - Processing file /opt/airflow/dags/music_ingestion_dag.py for tasks to queue
[2026-02-24T08:18:02.924+0000] {logging_mixin.py:190} INFO - [2026-02-24T08:18:02.923+0000] {dagbag.py:588} INFO - Filling up the DagBag from /opt/airflow/dags/music_ingestion_dag.py
[2026-02-24T08:18:02.954+0000] {processor.py:925} INFO - DAG(s) '01_music_ingestion_realtime' retrieved from /opt/airflow/dags/music_ingestion_dag.py
[2026-02-24T08:18:02.989+0000] {logging_mixin.py:190} INFO - [2026-02-24T08:18:02.989+0000] {dag.py:3239} INFO - Sync 1 DAGs
[2026-02-24T08:18:03.019+0000] {logging_mixin.py:190} INFO - [2026-02-24T08:18:03.019+0000] {dag.py:4180} INFO - Setting next_dagrun for 01_music_ingestion_realtime to 2026-02-24 07:00:00+00:00, run_after=2026-02-24 08:00:00+00:00
[2026-02-24T08:18:03.042+0000] {processor.py:208} INFO - Processing /opt/airflow/dags/music_ingestion_dag.py took 0.130 seconds
[2026-02-24T08:18:33.308+0000] {processor.py:186} INFO - Started process (PID=611) to work on /opt/airflow/dags/music_ingestion_dag.py
[2026-02-24T08:18:33.310+0000] {processor.py:914} INFO - Processing file /opt/airflow/dags/music_ingestion_dag.py for tasks to queue
[2026-02-24T08:18:33.314+0000] {logging_mixin.py:190} INFO - [2026-02-24T08:18:33.313+0000] {dagbag.py:588} INFO - Filling up the DagBag from /opt/airflow/dags/music_ingestion_dag.py
[2026-02-24T08:18:33.344+0000] {processor.py:925} INFO - DAG(s) '01_music_ingestion_realtime' retrieved from /opt/airflow/dags/music_ingestion_dag.py
[2026-02-24T08:18:33.382+0000] {logging_mixin.py:190} INFO - [2026-02-24T08:18:33.381+0000] {dag.py:3239} INFO - Sync 1 DAGs
[2026-02-24T08:18:33.418+0000] {logging_mixin.py:190} INFO - [2026-02-24T08:18:33.418+0000] {dag.py:4180} INFO - Setting next_dagrun for 01_music_ingestion_realtime to 2026-02-24 07:00:00+00:00, run_after=2026-02-24 08:00:00+00:00
[2026-02-24T08:18:33.450+0000] {processor.py:208} INFO - Processing /opt/airflow/dags/music_ingestion_dag.py took 0.149 seconds
[2026-02-24T08:19:03.798+0000] {processor.py:186} INFO - Started process (PID=616) to work on /opt/airflow/dags/music_ingestion_dag.py
[2026-02-24T08:19:03.799+0000] {processor.py:914} INFO - Processing file /opt/airflow/dags/music_ingestion_dag.py for tasks to queue
[2026-02-24T08:19:03.805+0000] {logging_mixin.py:190} INFO - [2026-02-24T08:19:03.804+0000] {dagbag.py:588} INFO - Filling up the DagBag from /opt/airflow/dags/music_ingestion_dag.py
[2026-02-24T08:19:03.846+0000] {processor.py:925} INFO - DAG(s) '01_music_ingestion_realtime' retrieved from /opt/airflow/dags/music_ingestion_dag.py
[2026-02-24T08:19:03.890+0000] {logging_mixin.py:190} INFO - [2026-02-24T08:19:03.889+0000] {dag.py:3239} INFO - Sync 1 DAGs
[2026-02-24T08:19:03.919+0000] {logging_mixin.py:190} INFO - [2026-02-24T08:19:03.919+0000] {dag.py:4180} INFO - Setting next_dagrun for 01_music_ingestion_realtime to 2026-02-24 07:00:00+00:00, run_after=2026-02-24 08:00:00+00:00
[2026-02-24T08:19:03.943+0000] {processor.py:208} INFO - Processing /opt/airflow/dags/music_ingestion_dag.py took 0.152 seconds
[2026-02-24T08:19:34.155+0000] {processor.py:186} INFO - Started process (PID=621) to work on /opt/airflow/dags/music_ingestion_dag.py
[2026-02-24T08:19:34.156+0000] {processor.py:914} INFO - Processing file /opt/airflow/dags/music_ingestion_dag.py for tasks to queue
[2026-02-24T08:19:34.159+0000] {logging_mixin.py:190} INFO - [2026-02-24T08:19:34.158+0000] {dagbag.py:588} INFO - Filling up the DagBag from /opt/airflow/dags/music_ingestion_dag.py
[2026-02-24T08:19:34.180+0000] {processor.py:925} INFO - DAG(s) '01_music_ingestion_realtime' retrieved from /opt/airflow/dags/music_ingestion_dag.py
[2026-02-24T08:19:34.212+0000] {logging_mixin.py:190} INFO - [2026-02-24T08:19:34.211+0000] {dag.py:3239} INFO - Sync 1 DAGs
[2026-02-24T08:19:34.241+0000] {logging_mixin.py:190} INFO - [2026-02-24T08:19:34.240+0000] {dag.py:4180} INFO - Setting next_dagrun for 01_music_ingestion_realtime to 2026-02-24 07:00:00+00:00, run_after=2026-02-24 08:00:00+00:00
[2026-02-24T08:19:34.277+0000] {processor.py:208} INFO - Processing /opt/airflow/dags/music_ingestion_dag.py took 0.128 seconds
[2026-02-24T08:20:04.662+0000] {processor.py:186} INFO - Started process (PID=626) to work on /opt/airflow/dags/music_ingestion_dag.py
[2026-02-24T08:20:04.664+0000] {processor.py:914} INFO - Processing file /opt/airflow/dags/music_ingestion_dag.py for tasks to queue
[2026-02-24T08:20:04.666+0000] {logging_mixin.py:190} INFO - [2026-02-24T08:20:04.666+0000] {dagbag.py:588} INFO - Filling up the DagBag from /opt/airflow/dags/music_ingestion_dag.py
[2026-02-24T08:20:04.706+0000] {processor.py:925} INFO - DAG(s) '01_music_ingestion_realtime' retrieved from /opt/airflow/dags/music_ingestion_dag.py
[2026-02-24T08:20:04.733+0000] {logging_mixin.py:190} INFO - [2026-02-24T08:20:04.733+0000] {dag.py:3239} INFO - Sync 1 DAGs
[2026-02-24T08:20:04.757+0000] {logging_mixin.py:190} INFO - [2026-02-24T08:20:04.757+0000] {dag.py:4180} INFO - Setting next_dagrun for 01_music_ingestion_realtime to 2026-02-24 07:00:00+00:00, run_after=2026-02-24 08:00:00+00:00
[2026-02-24T08:20:04.795+0000] {processor.py:208} INFO - Processing /opt/airflow/dags/music_ingestion_dag.py took 0.139 seconds
[2026-02-24T08:20:35.078+0000] {processor.py:186} INFO - Started process (PID=631) to work on /opt/airflow/dags/music_ingestion_dag.py
[2026-02-24T08:20:35.080+0000] {processor.py:914} INFO - Processing file /opt/airflow/dags/music_ingestion_dag.py for tasks to queue
[2026-02-24T08:20:35.083+0000] {logging_mixin.py:190} INFO - [2026-02-24T08:20:35.082+0000] {dagbag.py:588} INFO - Filling up the DagBag from /opt/airflow/dags/music_ingestion_dag.py
[2026-02-24T08:20:35.110+0000] {processor.py:925} INFO - DAG(s) '01_music_ingestion_realtime' retrieved from /opt/airflow/dags/music_ingestion_dag.py
[2026-02-24T08:20:35.141+0000] {logging_mixin.py:190} INFO - [2026-02-24T08:20:35.141+0000] {dag.py:3239} INFO - Sync 1 DAGs
[2026-02-24T08:20:35.170+0000] {logging_mixin.py:190} INFO - [2026-02-24T08:20:35.169+0000] {dag.py:4180} INFO - Setting next_dagrun for 01_music_ingestion_realtime to 2026-02-24 07:00:00+00:00, run_after=2026-02-24 08:00:00+00:00
[2026-02-24T08:20:35.199+0000] {processor.py:208} INFO - Processing /opt/airflow/dags/music_ingestion_dag.py took 0.126 seconds
[2026-02-24T08:21:05.542+0000] {processor.py:186} INFO - Started process (PID=636) to work on /opt/airflow/dags/music_ingestion_dag.py
[2026-02-24T08:21:05.543+0000] {processor.py:914} INFO - Processing file /opt/airflow/dags/music_ingestion_dag.py for tasks to queue
[2026-02-24T08:21:05.547+0000] {logging_mixin.py:190} INFO - [2026-02-24T08:21:05.547+0000] {dagbag.py:588} INFO - Filling up the DagBag from /opt/airflow/dags/music_ingestion_dag.py
[2026-02-24T08:21:05.573+0000] {processor.py:925} INFO - DAG(s) '01_music_ingestion_realtime' retrieved from /opt/airflow/dags/music_ingestion_dag.py
[2026-02-24T08:21:05.601+0000] {logging_mixin.py:190} INFO - [2026-02-24T08:21:05.600+0000] {dag.py:3239} INFO - Sync 1 DAGs
[2026-02-24T08:21:05.644+0000] {logging_mixin.py:190} INFO - [2026-02-24T08:21:05.644+0000] {dag.py:4180} INFO - Setting next_dagrun for 01_music_ingestion_realtime to 2026-02-24 07:00:00+00:00, run_after=2026-02-24 08:00:00+00:00
[2026-02-24T08:21:05.675+0000] {processor.py:208} INFO - Processing /opt/airflow/dags/music_ingestion_dag.py took 0.139 seconds
[2026-02-24T08:21:35.954+0000] {processor.py:186} INFO - Started process (PID=641) to work on /opt/airflow/dags/music_ingestion_dag.py
[2026-02-24T08:21:35.955+0000] {processor.py:914} INFO - Processing file /opt/airflow/dags/music_ingestion_dag.py for tasks to queue
[2026-02-24T08:21:35.958+0000] {logging_mixin.py:190} INFO - [2026-02-24T08:21:35.957+0000] {dagbag.py:588} INFO - Filling up the DagBag from /opt/airflow/dags/music_ingestion_dag.py
[2026-02-24T08:21:35.983+0000] {processor.py:925} INFO - DAG(s) '01_music_ingestion_realtime' retrieved from /opt/airflow/dags/music_ingestion_dag.py
[2026-02-24T08:21:36.013+0000] {logging_mixin.py:190} INFO - [2026-02-24T08:21:36.012+0000] {dag.py:3239} INFO - Sync 1 DAGs
[2026-02-24T08:21:36.040+0000] {logging_mixin.py:190} INFO - [2026-02-24T08:21:36.040+0000] {dag.py:4180} INFO - Setting next_dagrun for 01_music_ingestion_realtime to 2026-02-24 07:00:00+00:00, run_after=2026-02-24 08:00:00+00:00
[2026-02-24T08:21:36.064+0000] {processor.py:208} INFO - Processing /opt/airflow/dags/music_ingestion_dag.py took 0.116 seconds
[2026-02-24T08:22:06.444+0000] {processor.py:186} INFO - Started process (PID=646) to work on /opt/airflow/dags/music_ingestion_dag.py
[2026-02-24T08:22:06.446+0000] {processor.py:914} INFO - Processing file /opt/airflow/dags/music_ingestion_dag.py for tasks to queue
[2026-02-24T08:22:06.448+0000] {logging_mixin.py:190} INFO - [2026-02-24T08:22:06.448+0000] {dagbag.py:588} INFO - Filling up the DagBag from /opt/airflow/dags/music_ingestion_dag.py
[2026-02-24T08:22:06.481+0000] {processor.py:925} INFO - DAG(s) '01_music_ingestion_realtime' retrieved from /opt/airflow/dags/music_ingestion_dag.py
[2026-02-24T08:22:06.510+0000] {logging_mixin.py:190} INFO - [2026-02-24T08:22:06.510+0000] {dag.py:3239} INFO - Sync 1 DAGs
[2026-02-24T08:22:06.534+0000] {logging_mixin.py:190} INFO - [2026-02-24T08:22:06.534+0000] {dag.py:4180} INFO - Setting next_dagrun for 01_music_ingestion_realtime to 2026-02-24 07:00:00+00:00, run_after=2026-02-24 08:00:00+00:00
[2026-02-24T08:22:06.559+0000] {processor.py:208} INFO - Processing /opt/airflow/dags/music_ingestion_dag.py took 0.122 seconds
[2026-02-24T08:22:36.899+0000] {processor.py:186} INFO - Started process (PID=651) to work on /opt/airflow/dags/music_ingestion_dag.py
[2026-02-24T08:22:36.900+0000] {processor.py:914} INFO - Processing file /opt/airflow/dags/music_ingestion_dag.py for tasks to queue
[2026-02-24T08:22:36.903+0000] {logging_mixin.py:190} INFO - [2026-02-24T08:22:36.903+0000] {dagbag.py:588} INFO - Filling up the DagBag from /opt/airflow/dags/music_ingestion_dag.py
[2026-02-24T08:22:36.940+0000] {processor.py:925} INFO - DAG(s) '01_music_ingestion_realtime' retrieved from /opt/airflow/dags/music_ingestion_dag.py
[2026-02-24T08:22:36.983+0000] {logging_mixin.py:190} INFO - [2026-02-24T08:22:36.982+0000] {dag.py:3239} INFO - Sync 1 DAGs
[2026-02-24T08:22:37.010+0000] {logging_mixin.py:190} INFO - [2026-02-24T08:22:37.009+0000] {dag.py:4180} INFO - Setting next_dagrun for 01_music_ingestion_realtime to 2026-02-24 07:00:00+00:00, run_after=2026-02-24 08:00:00+00:00
[2026-02-24T08:22:37.040+0000] {processor.py:208} INFO - Processing /opt/airflow/dags/music_ingestion_dag.py took 0.148 seconds
[2026-02-24T08:23:07.253+0000] {processor.py:186} INFO - Started process (PID=656) to work on /opt/airflow/dags/music_ingestion_dag.py
[2026-02-24T08:23:07.255+0000] {processor.py:914} INFO - Processing file /opt/airflow/dags/music_ingestion_dag.py for tasks to queue
[2026-02-24T08:23:07.257+0000] {logging_mixin.py:190} INFO - [2026-02-24T08:23:07.257+0000] {dagbag.py:588} INFO - Filling up the DagBag from /opt/airflow/dags/music_ingestion_dag.py
[2026-02-24T08:23:07.292+0000] {processor.py:925} INFO - DAG(s) '01_music_ingestion_realtime' retrieved from /opt/airflow/dags/music_ingestion_dag.py
[2026-02-24T08:23:07.328+0000] {logging_mixin.py:190} INFO - [2026-02-24T08:23:07.328+0000] {dag.py:3239} INFO - Sync 1 DAGs
[2026-02-24T08:23:07.363+0000] {logging_mixin.py:190} INFO - [2026-02-24T08:23:07.363+0000] {dag.py:4180} INFO - Setting next_dagrun for 01_music_ingestion_realtime to 2026-02-24 07:00:00+00:00, run_after=2026-02-24 08:00:00+00:00
[2026-02-24T08:23:07.394+0000] {processor.py:208} INFO - Processing /opt/airflow/dags/music_ingestion_dag.py took 0.146 seconds
[2026-02-24T08:23:37.854+0000] {processor.py:186} INFO - Started process (PID=661) to work on /opt/airflow/dags/music_ingestion_dag.py
[2026-02-24T08:23:37.856+0000] {processor.py:914} INFO - Processing file /opt/airflow/dags/music_ingestion_dag.py for tasks to queue
[2026-02-24T08:23:37.859+0000] {logging_mixin.py:190} INFO - [2026-02-24T08:23:37.859+0000] {dagbag.py:588} INFO - Filling up the DagBag from /opt/airflow/dags/music_ingestion_dag.py
[2026-02-24T08:23:37.889+0000] {processor.py:925} INFO - DAG(s) '01_music_ingestion_realtime' retrieved from /opt/airflow/dags/music_ingestion_dag.py
[2026-02-24T08:23:37.925+0000] {logging_mixin.py:190} INFO - [2026-02-24T08:23:37.924+0000] {dag.py:3239} INFO - Sync 1 DAGs
[2026-02-24T08:23:37.957+0000] {logging_mixin.py:190} INFO - [2026-02-24T08:23:37.956+0000] {dag.py:4180} INFO - Setting next_dagrun for 01_music_ingestion_realtime to 2026-02-24 07:00:00+00:00, run_after=2026-02-24 08:00:00+00:00
[2026-02-24T08:23:37.987+0000] {processor.py:208} INFO - Processing /opt/airflow/dags/music_ingestion_dag.py took 0.142 seconds
[2026-02-24T08:24:08.124+0000] {processor.py:186} INFO - Started process (PID=666) to work on /opt/airflow/dags/music_ingestion_dag.py
[2026-02-24T08:24:08.125+0000] {processor.py:914} INFO - Processing file /opt/airflow/dags/music_ingestion_dag.py for tasks to queue
[2026-02-24T08:24:08.129+0000] {logging_mixin.py:190} INFO - [2026-02-24T08:24:08.129+0000] {dagbag.py:588} INFO - Filling up the DagBag from /opt/airflow/dags/music_ingestion_dag.py
[2026-02-24T08:24:08.155+0000] {processor.py:925} INFO - DAG(s) '01_music_ingestion_realtime' retrieved from /opt/airflow/dags/music_ingestion_dag.py
[2026-02-24T08:24:08.187+0000] {logging_mixin.py:190} INFO - [2026-02-24T08:24:08.187+0000] {dag.py:3239} INFO - Sync 1 DAGs
[2026-02-24T08:24:08.222+0000] {logging_mixin.py:190} INFO - [2026-02-24T08:24:08.221+0000] {dag.py:4180} INFO - Setting next_dagrun for 01_music_ingestion_realtime to 2026-02-24 07:00:00+00:00, run_after=2026-02-24 08:00:00+00:00
[2026-02-24T08:24:08.343+0000] {processor.py:208} INFO - Processing /opt/airflow/dags/music_ingestion_dag.py took 0.225 seconds
[2026-02-24T08:24:38.561+0000] {processor.py:186} INFO - Started process (PID=671) to work on /opt/airflow/dags/music_ingestion_dag.py
[2026-02-24T08:24:38.594+0000] {processor.py:914} INFO - Processing file /opt/airflow/dags/music_ingestion_dag.py for tasks to queue
[2026-02-24T08:24:38.630+0000] {logging_mixin.py:190} INFO - [2026-02-24T08:24:38.629+0000] {dagbag.py:588} INFO - Filling up the DagBag from /opt/airflow/dags/music_ingestion_dag.py
[2026-02-24T08:24:38.667+0000] {processor.py:925} INFO - DAG(s) '01_music_ingestion_realtime' retrieved from /opt/airflow/dags/music_ingestion_dag.py
[2026-02-24T08:24:38.707+0000] {logging_mixin.py:190} INFO - [2026-02-24T08:24:38.707+0000] {dag.py:3239} INFO - Sync 1 DAGs
[2026-02-24T08:24:38.738+0000] {logging_mixin.py:190} INFO - [2026-02-24T08:24:38.738+0000] {dag.py:4180} INFO - Setting next_dagrun for 01_music_ingestion_realtime to 2026-02-24 07:00:00+00:00, run_after=2026-02-24 08:00:00+00:00
[2026-02-24T08:24:38.765+0000] {processor.py:208} INFO - Processing /opt/airflow/dags/music_ingestion_dag.py took 0.247 seconds
[2026-02-24T08:25:09.055+0000] {processor.py:186} INFO - Started process (PID=676) to work on /opt/airflow/dags/music_ingestion_dag.py
[2026-02-24T08:25:09.058+0000] {processor.py:914} INFO - Processing file /opt/airflow/dags/music_ingestion_dag.py for tasks to queue
[2026-02-24T08:25:09.062+0000] {logging_mixin.py:190} INFO - [2026-02-24T08:25:09.062+0000] {dagbag.py:588} INFO - Filling up the DagBag from /opt/airflow/dags/music_ingestion_dag.py
[2026-02-24T08:25:09.107+0000] {processor.py:925} INFO - DAG(s) '01_music_ingestion_realtime' retrieved from /opt/airflow/dags/music_ingestion_dag.py
[2026-02-24T08:25:09.144+0000] {logging_mixin.py:190} INFO - [2026-02-24T08:25:09.143+0000] {dag.py:3239} INFO - Sync 1 DAGs
[2026-02-24T08:25:09.176+0000] {logging_mixin.py:190} INFO - [2026-02-24T08:25:09.176+0000] {dag.py:4180} INFO - Setting next_dagrun for 01_music_ingestion_realtime to 2026-02-24 07:00:00+00:00, run_after=2026-02-24 08:00:00+00:00
[2026-02-24T08:25:09.207+0000] {processor.py:208} INFO - Processing /opt/airflow/dags/music_ingestion_dag.py took 0.159 seconds
[2026-02-24T08:25:39.438+0000] {processor.py:186} INFO - Started process (PID=681) to work on /opt/airflow/dags/music_ingestion_dag.py
[2026-02-24T08:25:39.440+0000] {processor.py:914} INFO - Processing file /opt/airflow/dags/music_ingestion_dag.py for tasks to queue
[2026-02-24T08:25:39.443+0000] {logging_mixin.py:190} INFO - [2026-02-24T08:25:39.443+0000] {dagbag.py:588} INFO - Filling up the DagBag from /opt/airflow/dags/music_ingestion_dag.py
[2026-02-24T08:25:39.468+0000] {processor.py:925} INFO - DAG(s) '01_music_ingestion_realtime' retrieved from /opt/airflow/dags/music_ingestion_dag.py
[2026-02-24T08:25:39.497+0000] {logging_mixin.py:190} INFO - [2026-02-24T08:25:39.497+0000] {dag.py:3239} INFO - Sync 1 DAGs
[2026-02-24T08:25:39.522+0000] {logging_mixin.py:190} INFO - [2026-02-24T08:25:39.522+0000] {dag.py:4180} INFO - Setting next_dagrun for 01_music_ingestion_realtime to 2026-02-24 07:00:00+00:00, run_after=2026-02-24 08:00:00+00:00
[2026-02-24T08:25:39.546+0000] {processor.py:208} INFO - Processing /opt/airflow/dags/music_ingestion_dag.py took 0.115 seconds
[2026-02-24T08:26:09.855+0000] {processor.py:186} INFO - Started process (PID=686) to work on /opt/airflow/dags/music_ingestion_dag.py
[2026-02-24T08:26:09.857+0000] {processor.py:914} INFO - Processing file /opt/airflow/dags/music_ingestion_dag.py for tasks to queue
[2026-02-24T08:26:09.859+0000] {logging_mixin.py:190} INFO - [2026-02-24T08:26:09.859+0000] {dagbag.py:588} INFO - Filling up the DagBag from /opt/airflow/dags/music_ingestion_dag.py
[2026-02-24T08:26:09.895+0000] {processor.py:925} INFO - DAG(s) '01_music_ingestion_realtime' retrieved from /opt/airflow/dags/music_ingestion_dag.py
[2026-02-24T08:26:09.928+0000] {logging_mixin.py:190} INFO - [2026-02-24T08:26:09.928+0000] {dag.py:3239} INFO - Sync 1 DAGs
[2026-02-24T08:26:09.954+0000] {logging_mixin.py:190} INFO - [2026-02-24T08:26:09.954+0000] {dag.py:4180} INFO - Setting next_dagrun for 01_music_ingestion_realtime to 2026-02-24 07:00:00+00:00, run_after=2026-02-24 08:00:00+00:00
[2026-02-24T08:26:09.984+0000] {processor.py:208} INFO - Processing /opt/airflow/dags/music_ingestion_dag.py took 0.138 seconds
[2026-02-24T08:26:40.165+0000] {processor.py:186} INFO - Started process (PID=691) to work on /opt/airflow/dags/music_ingestion_dag.py
[2026-02-24T08:26:40.167+0000] {processor.py:914} INFO - Processing file /opt/airflow/dags/music_ingestion_dag.py for tasks to queue
[2026-02-24T08:26:40.169+0000] {logging_mixin.py:190} INFO - [2026-02-24T08:26:40.169+0000] {dagbag.py:588} INFO - Filling up the DagBag from /opt/airflow/dags/music_ingestion_dag.py
[2026-02-24T08:26:40.200+0000] {processor.py:925} INFO - DAG(s) '01_music_ingestion_realtime' retrieved from /opt/airflow/dags/music_ingestion_dag.py
[2026-02-24T08:26:40.234+0000] {logging_mixin.py:190} INFO - [2026-02-24T08:26:40.234+0000] {dag.py:3239} INFO - Sync 1 DAGs
[2026-02-24T08:26:40.261+0000] {logging_mixin.py:190} INFO - [2026-02-24T08:26:40.261+0000] {dag.py:4180} INFO - Setting next_dagrun for 01_music_ingestion_realtime to 2026-02-24 07:00:00+00:00, run_after=2026-02-24 08:00:00+00:00
[2026-02-24T08:26:40.291+0000] {processor.py:208} INFO - Processing /opt/airflow/dags/music_ingestion_dag.py took 0.133 seconds
[2026-02-24T08:27:10.486+0000] {processor.py:186} INFO - Started process (PID=696) to work on /opt/airflow/dags/music_ingestion_dag.py
[2026-02-24T08:27:10.488+0000] {processor.py:914} INFO - Processing file /opt/airflow/dags/music_ingestion_dag.py for tasks to queue
[2026-02-24T08:27:10.492+0000] {logging_mixin.py:190} INFO - [2026-02-24T08:27:10.491+0000] {dagbag.py:588} INFO - Filling up the DagBag from /opt/airflow/dags/music_ingestion_dag.py
[2026-02-24T08:27:10.531+0000] {processor.py:925} INFO - DAG(s) '01_music_ingestion_realtime' retrieved from /opt/airflow/dags/music_ingestion_dag.py
[2026-02-24T08:27:10.565+0000] {logging_mixin.py:190} INFO - [2026-02-24T08:27:10.565+0000] {dag.py:3239} INFO - Sync 1 DAGs
[2026-02-24T08:27:10.600+0000] {logging_mixin.py:190} INFO - [2026-02-24T08:27:10.600+0000] {dag.py:4180} INFO - Setting next_dagrun for 01_music_ingestion_realtime to 2026-02-24 07:00:00+00:00, run_after=2026-02-24 08:00:00+00:00
[2026-02-24T08:27:10.631+0000] {processor.py:208} INFO - Processing /opt/airflow/dags/music_ingestion_dag.py took 0.151 seconds
[2026-02-24T08:27:40.965+0000] {processor.py:186} INFO - Started process (PID=701) to work on /opt/airflow/dags/music_ingestion_dag.py
[2026-02-24T08:27:40.967+0000] {processor.py:914} INFO - Processing file /opt/airflow/dags/music_ingestion_dag.py for tasks to queue
[2026-02-24T08:27:40.971+0000] {logging_mixin.py:190} INFO - [2026-02-24T08:27:40.971+0000] {dagbag.py:588} INFO - Filling up the DagBag from /opt/airflow/dags/music_ingestion_dag.py
[2026-02-24T08:27:41.005+0000] {processor.py:925} INFO - DAG(s) '01_music_ingestion_realtime' retrieved from /opt/airflow/dags/music_ingestion_dag.py
[2026-02-24T08:27:41.036+0000] {logging_mixin.py:190} INFO - [2026-02-24T08:27:41.036+0000] {dag.py:3239} INFO - Sync 1 DAGs
[2026-02-24T08:27:41.063+0000] {logging_mixin.py:190} INFO - [2026-02-24T08:27:41.063+0000] {dag.py:4180} INFO - Setting next_dagrun for 01_music_ingestion_realtime to 2026-02-24 07:00:00+00:00, run_after=2026-02-24 08:00:00+00:00
[2026-02-24T08:27:41.093+0000] {processor.py:208} INFO - Processing /opt/airflow/dags/music_ingestion_dag.py took 0.134 seconds
[2026-02-24T08:28:11.359+0000] {processor.py:186} INFO - Started process (PID=706) to work on /opt/airflow/dags/music_ingestion_dag.py
[2026-02-24T08:28:11.361+0000] {processor.py:914} INFO - Processing file /opt/airflow/dags/music_ingestion_dag.py for tasks to queue
[2026-02-24T08:28:11.365+0000] {logging_mixin.py:190} INFO - [2026-02-24T08:28:11.365+0000] {dagbag.py:588} INFO - Filling up the DagBag from /opt/airflow/dags/music_ingestion_dag.py
[2026-02-24T08:28:11.405+0000] {processor.py:925} INFO - DAG(s) '01_music_ingestion_realtime' retrieved from /opt/airflow/dags/music_ingestion_dag.py
[2026-02-24T08:28:11.441+0000] {logging_mixin.py:190} INFO - [2026-02-24T08:28:11.441+0000] {dag.py:3239} INFO - Sync 1 DAGs
[2026-02-24T08:28:11.472+0000] {logging_mixin.py:190} INFO - [2026-02-24T08:28:11.472+0000] {dag.py:4180} INFO - Setting next_dagrun for 01_music_ingestion_realtime to 2026-02-24 07:00:00+00:00, run_after=2026-02-24 08:00:00+00:00
[2026-02-24T08:28:11.501+0000] {processor.py:208} INFO - Processing /opt/airflow/dags/music_ingestion_dag.py took 0.149 seconds
[2026-02-24T08:28:41.980+0000] {processor.py:186} INFO - Started process (PID=711) to work on /opt/airflow/dags/music_ingestion_dag.py
[2026-02-24T08:28:41.982+0000] {processor.py:914} INFO - Processing file /opt/airflow/dags/music_ingestion_dag.py for tasks to queue
[2026-02-24T08:28:41.986+0000] {logging_mixin.py:190} INFO - [2026-02-24T08:28:41.985+0000] {dagbag.py:588} INFO - Filling up the DagBag from /opt/airflow/dags/music_ingestion_dag.py
[2026-02-24T08:28:42.033+0000] {processor.py:925} INFO - DAG(s) '01_music_ingestion_realtime' retrieved from /opt/airflow/dags/music_ingestion_dag.py
[2026-02-24T08:28:42.064+0000] {logging_mixin.py:190} INFO - [2026-02-24T08:28:42.064+0000] {dag.py:3239} INFO - Sync 1 DAGs
[2026-02-24T08:28:42.098+0000] {logging_mixin.py:190} INFO - [2026-02-24T08:28:42.098+0000] {dag.py:4180} INFO - Setting next_dagrun for 01_music_ingestion_realtime to 2026-02-24 07:00:00+00:00, run_after=2026-02-24 08:00:00+00:00
[2026-02-24T08:28:42.130+0000] {processor.py:208} INFO - Processing /opt/airflow/dags/music_ingestion_dag.py took 0.156 seconds
[2026-02-24T08:29:12.321+0000] {processor.py:186} INFO - Started process (PID=716) to work on /opt/airflow/dags/music_ingestion_dag.py
[2026-02-24T08:29:12.322+0000] {processor.py:914} INFO - Processing file /opt/airflow/dags/music_ingestion_dag.py for tasks to queue
[2026-02-24T08:29:12.325+0000] {logging_mixin.py:190} INFO - [2026-02-24T08:29:12.325+0000] {dagbag.py:588} INFO - Filling up the DagBag from /opt/airflow/dags/music_ingestion_dag.py
[2026-02-24T08:29:12.355+0000] {processor.py:925} INFO - DAG(s) '01_music_ingestion_realtime' retrieved from /opt/airflow/dags/music_ingestion_dag.py
[2026-02-24T08:29:12.387+0000] {logging_mixin.py:190} INFO - [2026-02-24T08:29:12.386+0000] {dag.py:3239} INFO - Sync 1 DAGs
[2026-02-24T08:29:12.412+0000] {logging_mixin.py:190} INFO - [2026-02-24T08:29:12.412+0000] {dag.py:4180} INFO - Setting next_dagrun for 01_music_ingestion_realtime to 2026-02-24 07:00:00+00:00, run_after=2026-02-24 08:00:00+00:00
[2026-02-24T08:29:12.437+0000] {processor.py:208} INFO - Processing /opt/airflow/dags/music_ingestion_dag.py took 0.122 seconds
[2026-02-24T08:29:42.714+0000] {processor.py:186} INFO - Started process (PID=721) to work on /opt/airflow/dags/music_ingestion_dag.py
[2026-02-24T08:29:42.716+0000] {processor.py:914} INFO - Processing file /opt/airflow/dags/music_ingestion_dag.py for tasks to queue
[2026-02-24T08:29:42.719+0000] {logging_mixin.py:190} INFO - [2026-02-24T08:29:42.719+0000] {dagbag.py:588} INFO - Filling up the DagBag from /opt/airflow/dags/music_ingestion_dag.py
[2026-02-24T08:29:42.758+0000] {processor.py:925} INFO - DAG(s) '01_music_ingestion_realtime' retrieved from /opt/airflow/dags/music_ingestion_dag.py
[2026-02-24T08:29:42.789+0000] {logging_mixin.py:190} INFO - [2026-02-24T08:29:42.788+0000] {dag.py:3239} INFO - Sync 1 DAGs
[2026-02-24T08:29:42.815+0000] {logging_mixin.py:190} INFO - [2026-02-24T08:29:42.815+0000] {dag.py:4180} INFO - Setting next_dagrun for 01_music_ingestion_realtime to 2026-02-24 07:00:00+00:00, run_after=2026-02-24 08:00:00+00:00
[2026-02-24T08:29:42.840+0000] {processor.py:208} INFO - Processing /opt/airflow/dags/music_ingestion_dag.py took 0.131 seconds
[2026-02-24T08:30:13.205+0000] {processor.py:186} INFO - Started process (PID=726) to work on /opt/airflow/dags/music_ingestion_dag.py
[2026-02-24T08:30:13.206+0000] {processor.py:914} INFO - Processing file /opt/airflow/dags/music_ingestion_dag.py for tasks to queue
[2026-02-24T08:30:13.209+0000] {logging_mixin.py:190} INFO - [2026-02-24T08:30:13.208+0000] {dagbag.py:588} INFO - Filling up the DagBag from /opt/airflow/dags/music_ingestion_dag.py
[2026-02-24T08:30:13.235+0000] {processor.py:925} INFO - DAG(s) '01_music_ingestion_realtime' retrieved from /opt/airflow/dags/music_ingestion_dag.py
[2026-02-24T08:30:13.268+0000] {logging_mixin.py:190} INFO - [2026-02-24T08:30:13.267+0000] {dag.py:3239} INFO - Sync 1 DAGs
[2026-02-24T08:30:13.310+0000] {logging_mixin.py:190} INFO - [2026-02-24T08:30:13.309+0000] {dag.py:4180} INFO - Setting next_dagrun for 01_music_ingestion_realtime to 2026-02-24 07:00:00+00:00, run_after=2026-02-24 08:00:00+00:00
[2026-02-24T08:30:13.342+0000] {processor.py:208} INFO - Processing /opt/airflow/dags/music_ingestion_dag.py took 0.145 seconds
[2026-02-24T08:30:43.546+0000] {processor.py:186} INFO - Started process (PID=731) to work on /opt/airflow/dags/music_ingestion_dag.py
[2026-02-24T08:30:43.547+0000] {processor.py:914} INFO - Processing file /opt/airflow/dags/music_ingestion_dag.py for tasks to queue
[2026-02-24T08:30:43.550+0000] {logging_mixin.py:190} INFO - [2026-02-24T08:30:43.549+0000] {dagbag.py:588} INFO - Filling up the DagBag from /opt/airflow/dags/music_ingestion_dag.py
[2026-02-24T08:30:43.571+0000] {processor.py:925} INFO - DAG(s) '01_music_ingestion_realtime' retrieved from /opt/airflow/dags/music_ingestion_dag.py
[2026-02-24T08:30:43.602+0000] {logging_mixin.py:190} INFO - [2026-02-24T08:30:43.602+0000] {dag.py:3239} INFO - Sync 1 DAGs
[2026-02-24T08:30:43.631+0000] {logging_mixin.py:190} INFO - [2026-02-24T08:30:43.631+0000] {dag.py:4180} INFO - Setting next_dagrun for 01_music_ingestion_realtime to 2026-02-24 07:00:00+00:00, run_after=2026-02-24 08:00:00+00:00
[2026-02-24T08:30:43.658+0000] {processor.py:208} INFO - Processing /opt/airflow/dags/music_ingestion_dag.py took 0.118 seconds
[2026-02-24T08:31:13.933+0000] {processor.py:186} INFO - Started process (PID=736) to work on /opt/airflow/dags/music_ingestion_dag.py
[2026-02-24T08:31:13.934+0000] {processor.py:914} INFO - Processing file /opt/airflow/dags/music_ingestion_dag.py for tasks to queue
[2026-02-24T08:31:13.937+0000] {logging_mixin.py:190} INFO - [2026-02-24T08:31:13.937+0000] {dagbag.py:588} INFO - Filling up the DagBag from /opt/airflow/dags/music_ingestion_dag.py
[2026-02-24T08:31:13.972+0000] {processor.py:925} INFO - DAG(s) '01_music_ingestion_realtime' retrieved from /opt/airflow/dags/music_ingestion_dag.py
[2026-02-24T08:31:14.003+0000] {logging_mixin.py:190} INFO - [2026-02-24T08:31:14.003+0000] {dag.py:3239} INFO - Sync 1 DAGs
[2026-02-24T08:31:14.061+0000] {logging_mixin.py:190} INFO - [2026-02-24T08:31:14.061+0000] {dag.py:4180} INFO - Setting next_dagrun for 01_music_ingestion_realtime to 2026-02-24 07:00:00+00:00, run_after=2026-02-24 08:00:00+00:00
[2026-02-24T08:31:14.257+0000] {processor.py:208} INFO - Processing /opt/airflow/dags/music_ingestion_dag.py took 0.330 seconds
[2026-02-24T08:31:44.336+0000] {processor.py:186} INFO - Started process (PID=741) to work on /opt/airflow/dags/music_ingestion_dag.py
[2026-02-24T08:31:44.338+0000] {processor.py:914} INFO - Processing file /opt/airflow/dags/music_ingestion_dag.py for tasks to queue
[2026-02-24T08:31:44.342+0000] {logging_mixin.py:190} INFO - [2026-02-24T08:31:44.342+0000] {dagbag.py:588} INFO - Filling up the DagBag from /opt/airflow/dags/music_ingestion_dag.py
[2026-02-24T08:31:44.386+0000] {processor.py:925} INFO - DAG(s) '01_music_ingestion_realtime' retrieved from /opt/airflow/dags/music_ingestion_dag.py
[2026-02-24T08:31:44.420+0000] {logging_mixin.py:190} INFO - [2026-02-24T08:31:44.420+0000] {dag.py:3239} INFO - Sync 1 DAGs
[2026-02-24T08:31:44.449+0000] {logging_mixin.py:190} INFO - [2026-02-24T08:31:44.449+0000] {dag.py:4180} INFO - Setting next_dagrun for 01_music_ingestion_realtime to 2026-02-24 07:00:00+00:00, run_after=2026-02-24 08:00:00+00:00
[2026-02-24T08:31:44.475+0000] {processor.py:208} INFO - Processing /opt/airflow/dags/music_ingestion_dag.py took 0.145 seconds
[2026-02-24T08:32:14.650+0000] {processor.py:186} INFO - Started process (PID=746) to work on /opt/airflow/dags/music_ingestion_dag.py
[2026-02-24T08:32:14.651+0000] {processor.py:914} INFO - Processing file /opt/airflow/dags/music_ingestion_dag.py for tasks to queue
[2026-02-24T08:32:14.654+0000] {logging_mixin.py:190} INFO - [2026-02-24T08:32:14.653+0000] {dagbag.py:588} INFO - Filling up the DagBag from /opt/airflow/dags/music_ingestion_dag.py
[2026-02-24T08:32:14.673+0000] {processor.py:925} INFO - DAG(s) '01_music_ingestion_realtime' retrieved from /opt/airflow/dags/music_ingestion_dag.py
[2026-02-24T08:32:14.704+0000] {logging_mixin.py:190} INFO - [2026-02-24T08:32:14.704+0000] {dag.py:3239} INFO - Sync 1 DAGs
[2026-02-24T08:32:14.730+0000] {logging_mixin.py:190} INFO - [2026-02-24T08:32:14.729+0000] {dag.py:4180} INFO - Setting next_dagrun for 01_music_ingestion_realtime to 2026-02-24 07:00:00+00:00, run_after=2026-02-24 08:00:00+00:00
[2026-02-24T08:32:14.754+0000] {processor.py:208} INFO - Processing /opt/airflow/dags/music_ingestion_dag.py took 0.110 seconds
[2026-02-24T08:32:45.024+0000] {processor.py:186} INFO - Started process (PID=751) to work on /opt/airflow/dags/music_ingestion_dag.py
[2026-02-24T08:32:45.025+0000] {processor.py:914} INFO - Processing file /opt/airflow/dags/music_ingestion_dag.py for tasks to queue
[2026-02-24T08:32:45.028+0000] {logging_mixin.py:190} INFO - [2026-02-24T08:32:45.028+0000] {dagbag.py:588} INFO - Filling up the DagBag from /opt/airflow/dags/music_ingestion_dag.py
[2026-02-24T08:32:45.055+0000] {processor.py:925} INFO - DAG(s) '01_music_ingestion_realtime' retrieved from /opt/airflow/dags/music_ingestion_dag.py
[2026-02-24T08:32:45.086+0000] {logging_mixin.py:190} INFO - [2026-02-24T08:32:45.086+0000] {dag.py:3239} INFO - Sync 1 DAGs
[2026-02-24T08:32:45.190+0000] {logging_mixin.py:190} INFO - [2026-02-24T08:32:45.189+0000] {dag.py:4180} INFO - Setting next_dagrun for 01_music_ingestion_realtime to 2026-02-24 07:00:00+00:00, run_after=2026-02-24 08:00:00+00:00
[2026-02-24T08:32:45.617+0000] {processor.py:208} INFO - Processing /opt/airflow/dags/music_ingestion_dag.py took 0.599 seconds
[2026-02-24T08:33:16.052+0000] {processor.py:186} INFO - Started process (PID=756) to work on /opt/airflow/dags/music_ingestion_dag.py
[2026-02-24T08:33:16.054+0000] {processor.py:914} INFO - Processing file /opt/airflow/dags/music_ingestion_dag.py for tasks to queue
[2026-02-24T08:33:16.058+0000] {logging_mixin.py:190} INFO - [2026-02-24T08:33:16.058+0000] {dagbag.py:588} INFO - Filling up the DagBag from /opt/airflow/dags/music_ingestion_dag.py
[2026-02-24T08:33:16.089+0000] {processor.py:925} INFO - DAG(s) '01_music_ingestion_realtime' retrieved from /opt/airflow/dags/music_ingestion_dag.py
[2026-02-24T08:33:16.131+0000] {logging_mixin.py:190} INFO - [2026-02-24T08:33:16.130+0000] {dag.py:3239} INFO - Sync 1 DAGs
[2026-02-24T08:33:16.158+0000] {logging_mixin.py:190} INFO - [2026-02-24T08:33:16.157+0000] {dag.py:4180} INFO - Setting next_dagrun for 01_music_ingestion_realtime to 2026-02-24 07:00:00+00:00, run_after=2026-02-24 08:00:00+00:00
[2026-02-24T08:33:16.185+0000] {processor.py:208} INFO - Processing /opt/airflow/dags/music_ingestion_dag.py took 0.139 seconds
[2026-02-24T08:33:46.385+0000] {processor.py:186} INFO - Started process (PID=761) to work on /opt/airflow/dags/music_ingestion_dag.py
[2026-02-24T08:33:46.387+0000] {processor.py:914} INFO - Processing file /opt/airflow/dags/music_ingestion_dag.py for tasks to queue
[2026-02-24T08:33:46.391+0000] {logging_mixin.py:190} INFO - [2026-02-24T08:33:46.391+0000] {dagbag.py:588} INFO - Filling up the DagBag from /opt/airflow/dags/music_ingestion_dag.py
[2026-02-24T08:33:46.424+0000] {processor.py:925} INFO - DAG(s) '01_music_ingestion_realtime' retrieved from /opt/airflow/dags/music_ingestion_dag.py
[2026-02-24T08:33:46.454+0000] {logging_mixin.py:190} INFO - [2026-02-24T08:33:46.454+0000] {dag.py:3239} INFO - Sync 1 DAGs
[2026-02-24T08:33:46.481+0000] {logging_mixin.py:190} INFO - [2026-02-24T08:33:46.481+0000] {dag.py:4180} INFO - Setting next_dagrun for 01_music_ingestion_realtime to 2026-02-24 07:00:00+00:00, run_after=2026-02-24 08:00:00+00:00
[2026-02-24T08:33:46.510+0000] {processor.py:208} INFO - Processing /opt/airflow/dags/music_ingestion_dag.py took 0.131 seconds
[2026-02-24T08:34:16.794+0000] {processor.py:186} INFO - Started process (PID=766) to work on /opt/airflow/dags/music_ingestion_dag.py
[2026-02-24T08:34:16.795+0000] {processor.py:914} INFO - Processing file /opt/airflow/dags/music_ingestion_dag.py for tasks to queue
[2026-02-24T08:34:16.798+0000] {logging_mixin.py:190} INFO - [2026-02-24T08:34:16.797+0000] {dagbag.py:588} INFO - Filling up the DagBag from /opt/airflow/dags/music_ingestion_dag.py
[2026-02-24T08:34:16.822+0000] {processor.py:925} INFO - DAG(s) '01_music_ingestion_realtime' retrieved from /opt/airflow/dags/music_ingestion_dag.py
[2026-02-24T08:34:16.853+0000] {logging_mixin.py:190} INFO - [2026-02-24T08:34:16.853+0000] {dag.py:3239} INFO - Sync 1 DAGs
[2026-02-24T08:34:16.881+0000] {logging_mixin.py:190} INFO - [2026-02-24T08:34:16.881+0000] {dag.py:4180} INFO - Setting next_dagrun for 01_music_ingestion_realtime to 2026-02-24 07:00:00+00:00, run_after=2026-02-24 08:00:00+00:00
[2026-02-24T08:34:16.906+0000] {processor.py:208} INFO - Processing /opt/airflow/dags/music_ingestion_dag.py took 0.118 seconds
[2026-02-24T08:34:47.061+0000] {processor.py:186} INFO - Started process (PID=771) to work on /opt/airflow/dags/music_ingestion_dag.py
[2026-02-24T08:34:47.063+0000] {processor.py:914} INFO - Processing file /opt/airflow/dags/music_ingestion_dag.py for tasks to queue
[2026-02-24T08:34:47.066+0000] {logging_mixin.py:190} INFO - [2026-02-24T08:34:47.065+0000] {dagbag.py:588} INFO - Filling up the DagBag from /opt/airflow/dags/music_ingestion_dag.py
[2026-02-24T08:34:47.093+0000] {processor.py:925} INFO - DAG(s) '01_music_ingestion_realtime' retrieved from /opt/airflow/dags/music_ingestion_dag.py
[2026-02-24T08:34:47.128+0000] {logging_mixin.py:190} INFO - [2026-02-24T08:34:47.128+0000] {dag.py:3239} INFO - Sync 1 DAGs
[2026-02-24T08:34:47.160+0000] {logging_mixin.py:190} INFO - [2026-02-24T08:34:47.160+0000] {dag.py:4180} INFO - Setting next_dagrun for 01_music_ingestion_realtime to 2026-02-24 07:00:00+00:00, run_after=2026-02-24 08:00:00+00:00
[2026-02-24T08:34:47.188+0000] {processor.py:208} INFO - Processing /opt/airflow/dags/music_ingestion_dag.py took 0.135 seconds
[2026-02-24T08:35:17.448+0000] {processor.py:186} INFO - Started process (PID=776) to work on /opt/airflow/dags/music_ingestion_dag.py
[2026-02-24T08:35:17.450+0000] {processor.py:914} INFO - Processing file /opt/airflow/dags/music_ingestion_dag.py for tasks to queue
[2026-02-24T08:35:17.453+0000] {logging_mixin.py:190} INFO - [2026-02-24T08:35:17.453+0000] {dagbag.py:588} INFO - Filling up the DagBag from /opt/airflow/dags/music_ingestion_dag.py
[2026-02-24T08:35:17.487+0000] {processor.py:925} INFO - DAG(s) '01_music_ingestion_realtime' retrieved from /opt/airflow/dags/music_ingestion_dag.py
[2026-02-24T08:35:17.522+0000] {logging_mixin.py:190} INFO - [2026-02-24T08:35:17.522+0000] {dag.py:3239} INFO - Sync 1 DAGs
[2026-02-24T08:35:17.557+0000] {logging_mixin.py:190} INFO - [2026-02-24T08:35:17.556+0000] {dag.py:4180} INFO - Setting next_dagrun for 01_music_ingestion_realtime to 2026-02-24 07:00:00+00:00, run_after=2026-02-24 08:00:00+00:00
[2026-02-24T08:35:17.585+0000] {processor.py:208} INFO - Processing /opt/airflow/dags/music_ingestion_dag.py took 0.146 seconds
[2026-02-24T08:35:47.748+0000] {processor.py:186} INFO - Started process (PID=781) to work on /opt/airflow/dags/music_ingestion_dag.py
[2026-02-24T08:35:47.749+0000] {processor.py:914} INFO - Processing file /opt/airflow/dags/music_ingestion_dag.py for tasks to queue
[2026-02-24T08:35:47.754+0000] {logging_mixin.py:190} INFO - [2026-02-24T08:35:47.753+0000] {dagbag.py:588} INFO - Filling up the DagBag from /opt/airflow/dags/music_ingestion_dag.py
[2026-02-24T08:35:47.788+0000] {processor.py:925} INFO - DAG(s) '01_music_ingestion_realtime' retrieved from /opt/airflow/dags/music_ingestion_dag.py
[2026-02-24T08:35:47.831+0000] {logging_mixin.py:190} INFO - [2026-02-24T08:35:47.831+0000] {dag.py:3239} INFO - Sync 1 DAGs
[2026-02-24T08:35:47.872+0000] {logging_mixin.py:190} INFO - [2026-02-24T08:35:47.872+0000] {dag.py:4180} INFO - Setting next_dagrun for 01_music_ingestion_realtime to 2026-02-24 07:00:00+00:00, run_after=2026-02-24 08:00:00+00:00
[2026-02-24T08:35:48.015+0000] {processor.py:208} INFO - Processing /opt/airflow/dags/music_ingestion_dag.py took 0.273 seconds
[2026-02-24T08:36:18.157+0000] {processor.py:186} INFO - Started process (PID=786) to work on /opt/airflow/dags/music_ingestion_dag.py
[2026-02-24T08:36:18.159+0000] {processor.py:914} INFO - Processing file /opt/airflow/dags/music_ingestion_dag.py for tasks to queue
[2026-02-24T08:36:18.163+0000] {logging_mixin.py:190} INFO - [2026-02-24T08:36:18.162+0000] {dagbag.py:588} INFO - Filling up the DagBag from /opt/airflow/dags/music_ingestion_dag.py
[2026-02-24T08:36:18.213+0000] {processor.py:925} INFO - DAG(s) '01_music_ingestion_realtime' retrieved from /opt/airflow/dags/music_ingestion_dag.py
[2026-02-24T08:36:18.252+0000] {logging_mixin.py:190} INFO - [2026-02-24T08:36:18.251+0000] {dag.py:3239} INFO - Sync 1 DAGs
[2026-02-24T08:36:18.286+0000] {logging_mixin.py:190} INFO - [2026-02-24T08:36:18.285+0000] {dag.py:4180} INFO - Setting next_dagrun for 01_music_ingestion_realtime to 2026-02-24 07:00:00+00:00, run_after=2026-02-24 08:00:00+00:00
[2026-02-24T08:36:18.316+0000] {processor.py:208} INFO - Processing /opt/airflow/dags/music_ingestion_dag.py took 0.166 seconds
[2026-02-24T08:36:48.575+0000] {processor.py:186} INFO - Started process (PID=791) to work on /opt/airflow/dags/music_ingestion_dag.py
[2026-02-24T08:36:48.576+0000] {processor.py:914} INFO - Processing file /opt/airflow/dags/music_ingestion_dag.py for tasks to queue
[2026-02-24T08:36:48.579+0000] {logging_mixin.py:190} INFO - [2026-02-24T08:36:48.579+0000] {dagbag.py:588} INFO - Filling up the DagBag from /opt/airflow/dags/music_ingestion_dag.py
[2026-02-24T08:36:48.604+0000] {processor.py:925} INFO - DAG(s) '01_music_ingestion_realtime' retrieved from /opt/airflow/dags/music_ingestion_dag.py
[2026-02-24T08:36:48.636+0000] {logging_mixin.py:190} INFO - [2026-02-24T08:36:48.636+0000] {dag.py:3239} INFO - Sync 1 DAGs
[2026-02-24T08:36:48.666+0000] {logging_mixin.py:190} INFO - [2026-02-24T08:36:48.665+0000] {dag.py:4180} INFO - Setting next_dagrun for 01_music_ingestion_realtime to 2026-02-24 07:00:00+00:00, run_after=2026-02-24 08:00:00+00:00
[2026-02-24T08:36:48.692+0000] {processor.py:208} INFO - Processing /opt/airflow/dags/music_ingestion_dag.py took 0.123 seconds
[2026-02-24T08:37:18.911+0000] {processor.py:186} INFO - Started process (PID=796) to work on /opt/airflow/dags/music_ingestion_dag.py
[2026-02-24T08:37:18.912+0000] {processor.py:914} INFO - Processing file /opt/airflow/dags/music_ingestion_dag.py for tasks to queue
[2026-02-24T08:37:18.915+0000] {logging_mixin.py:190} INFO - [2026-02-24T08:37:18.915+0000] {dagbag.py:588} INFO - Filling up the DagBag from /opt/airflow/dags/music_ingestion_dag.py
[2026-02-24T08:37:18.937+0000] {processor.py:925} INFO - DAG(s) '01_music_ingestion_realtime' retrieved from /opt/airflow/dags/music_ingestion_dag.py
[2026-02-24T08:37:18.979+0000] {logging_mixin.py:190} INFO - [2026-02-24T08:37:18.979+0000] {dag.py:3239} INFO - Sync 1 DAGs
[2026-02-24T08:37:19.015+0000] {logging_mixin.py:190} INFO - [2026-02-24T08:37:19.015+0000] {dag.py:4180} INFO - Setting next_dagrun for 01_music_ingestion_realtime to 2026-02-24 07:00:00+00:00, run_after=2026-02-24 08:00:00+00:00
[2026-02-24T08:37:19.045+0000] {processor.py:208} INFO - Processing /opt/airflow/dags/music_ingestion_dag.py took 0.142 seconds
[2026-02-24T08:37:49.328+0000] {processor.py:186} INFO - Started process (PID=801) to work on /opt/airflow/dags/music_ingestion_dag.py
[2026-02-24T08:37:49.330+0000] {processor.py:914} INFO - Processing file /opt/airflow/dags/music_ingestion_dag.py for tasks to queue
[2026-02-24T08:37:49.333+0000] {logging_mixin.py:190} INFO - [2026-02-24T08:37:49.333+0000] {dagbag.py:588} INFO - Filling up the DagBag from /opt/airflow/dags/music_ingestion_dag.py
[2026-02-24T08:37:49.352+0000] {processor.py:925} INFO - DAG(s) '01_music_ingestion_realtime' retrieved from /opt/airflow/dags/music_ingestion_dag.py
[2026-02-24T08:37:49.385+0000] {logging_mixin.py:190} INFO - [2026-02-24T08:37:49.385+0000] {dag.py:3239} INFO - Sync 1 DAGs
[2026-02-24T08:37:49.729+0000] {logging_mixin.py:190} INFO - [2026-02-24T08:37:49.728+0000] {dag.py:4180} INFO - Setting next_dagrun for 01_music_ingestion_realtime to 2026-02-24 07:00:00+00:00, run_after=2026-02-24 08:00:00+00:00
[2026-02-24T08:37:49.791+0000] {processor.py:208} INFO - Processing /opt/airflow/dags/music_ingestion_dag.py took 0.470 seconds
[2026-02-24T08:38:20.225+0000] {processor.py:186} INFO - Started process (PID=806) to work on /opt/airflow/dags/music_ingestion_dag.py
[2026-02-24T08:38:20.226+0000] {processor.py:914} INFO - Processing file /opt/airflow/dags/music_ingestion_dag.py for tasks to queue
[2026-02-24T08:38:20.228+0000] {logging_mixin.py:190} INFO - [2026-02-24T08:38:20.228+0000] {dagbag.py:588} INFO - Filling up the DagBag from /opt/airflow/dags/music_ingestion_dag.py
[2026-02-24T08:38:20.250+0000] {processor.py:925} INFO - DAG(s) '01_music_ingestion_realtime' retrieved from /opt/airflow/dags/music_ingestion_dag.py
[2026-02-24T08:38:20.295+0000] {logging_mixin.py:190} INFO - [2026-02-24T08:38:20.295+0000] {dag.py:3239} INFO - Sync 1 DAGs
[2026-02-24T08:38:20.323+0000] {logging_mixin.py:190} INFO - [2026-02-24T08:38:20.323+0000] {dag.py:4180} INFO - Setting next_dagrun for 01_music_ingestion_realtime to 2026-02-24 07:00:00+00:00, run_after=2026-02-24 08:00:00+00:00
[2026-02-24T08:38:20.348+0000] {processor.py:208} INFO - Processing /opt/airflow/dags/music_ingestion_dag.py took 0.129 seconds
[2026-02-24T08:38:50.591+0000] {processor.py:186} INFO - Started process (PID=811) to work on /opt/airflow/dags/music_ingestion_dag.py
[2026-02-24T08:38:50.592+0000] {processor.py:914} INFO - Processing file /opt/airflow/dags/music_ingestion_dag.py for tasks to queue
[2026-02-24T08:38:50.595+0000] {logging_mixin.py:190} INFO - [2026-02-24T08:38:50.594+0000] {dagbag.py:588} INFO - Filling up the DagBag from /opt/airflow/dags/music_ingestion_dag.py
[2026-02-24T08:38:50.614+0000] {processor.py:925} INFO - DAG(s) '01_music_ingestion_realtime' retrieved from /opt/airflow/dags/music_ingestion_dag.py
[2026-02-24T08:38:50.645+0000] {logging_mixin.py:190} INFO - [2026-02-24T08:38:50.644+0000] {dag.py:3239} INFO - Sync 1 DAGs
[2026-02-24T08:38:50.672+0000] {logging_mixin.py:190} INFO - [2026-02-24T08:38:50.671+0000] {dag.py:4180} INFO - Setting next_dagrun for 01_music_ingestion_realtime to 2026-02-24 07:00:00+00:00, run_after=2026-02-24 08:00:00+00:00
[2026-02-24T08:38:50.696+0000] {processor.py:208} INFO - Processing /opt/airflow/dags/music_ingestion_dag.py took 0.111 seconds
[2026-02-24T08:39:21.079+0000] {processor.py:186} INFO - Started process (PID=816) to work on /opt/airflow/dags/music_ingestion_dag.py
[2026-02-24T08:39:21.080+0000] {processor.py:914} INFO - Processing file /opt/airflow/dags/music_ingestion_dag.py for tasks to queue
[2026-02-24T08:39:21.082+0000] {logging_mixin.py:190} INFO - [2026-02-24T08:39:21.082+0000] {dagbag.py:588} INFO - Filling up the DagBag from /opt/airflow/dags/music_ingestion_dag.py
[2026-02-24T08:39:21.104+0000] {processor.py:925} INFO - DAG(s) '01_music_ingestion_realtime' retrieved from /opt/airflow/dags/music_ingestion_dag.py
[2026-02-24T08:39:21.131+0000] {logging_mixin.py:190} INFO - [2026-02-24T08:39:21.131+0000] {dag.py:3239} INFO - Sync 1 DAGs
[2026-02-24T08:39:21.162+0000] {logging_mixin.py:190} INFO - [2026-02-24T08:39:21.162+0000] {dag.py:4180} INFO - Setting next_dagrun for 01_music_ingestion_realtime to 2026-02-24 07:00:00+00:00, run_after=2026-02-24 08:00:00+00:00
[2026-02-24T08:39:21.232+0000] {processor.py:208} INFO - Processing /opt/airflow/dags/music_ingestion_dag.py took 0.158 seconds
[2026-02-24T08:39:51.473+0000] {processor.py:186} INFO - Started process (PID=821) to work on /opt/airflow/dags/music_ingestion_dag.py
[2026-02-24T08:39:51.475+0000] {processor.py:914} INFO - Processing file /opt/airflow/dags/music_ingestion_dag.py for tasks to queue
[2026-02-24T08:39:51.477+0000] {logging_mixin.py:190} INFO - [2026-02-24T08:39:51.477+0000] {dagbag.py:588} INFO - Filling up the DagBag from /opt/airflow/dags/music_ingestion_dag.py
[2026-02-24T08:39:51.498+0000] {processor.py:925} INFO - DAG(s) '01_music_ingestion_realtime' retrieved from /opt/airflow/dags/music_ingestion_dag.py
[2026-02-24T08:39:51.528+0000] {logging_mixin.py:190} INFO - [2026-02-24T08:39:51.527+0000] {dag.py:3239} INFO - Sync 1 DAGs
[2026-02-24T08:39:51.553+0000] {logging_mixin.py:190} INFO - [2026-02-24T08:39:51.553+0000] {dag.py:4180} INFO - Setting next_dagrun for 01_music_ingestion_realtime to 2026-02-24 07:00:00+00:00, run_after=2026-02-24 08:00:00+00:00
[2026-02-24T08:39:51.579+0000] {processor.py:208} INFO - Processing /opt/airflow/dags/music_ingestion_dag.py took 0.112 seconds
[2026-02-24T08:40:22.018+0000] {processor.py:186} INFO - Started process (PID=826) to work on /opt/airflow/dags/music_ingestion_dag.py
[2026-02-24T08:40:22.019+0000] {processor.py:914} INFO - Processing file /opt/airflow/dags/music_ingestion_dag.py for tasks to queue
[2026-02-24T08:40:22.022+0000] {logging_mixin.py:190} INFO - [2026-02-24T08:40:22.021+0000] {dagbag.py:588} INFO - Filling up the DagBag from /opt/airflow/dags/music_ingestion_dag.py
[2026-02-24T08:40:22.045+0000] {processor.py:925} INFO - DAG(s) '01_music_ingestion_realtime' retrieved from /opt/airflow/dags/music_ingestion_dag.py
[2026-02-24T08:40:22.073+0000] {logging_mixin.py:190} INFO - [2026-02-24T08:40:22.073+0000] {dag.py:3239} INFO - Sync 1 DAGs
[2026-02-24T08:40:22.098+0000] {logging_mixin.py:190} INFO - [2026-02-24T08:40:22.098+0000] {dag.py:4180} INFO - Setting next_dagrun for 01_music_ingestion_realtime to 2026-02-24 07:00:00+00:00, run_after=2026-02-24 08:00:00+00:00
[2026-02-24T08:40:22.123+0000] {processor.py:208} INFO - Processing /opt/airflow/dags/music_ingestion_dag.py took 0.110 seconds
[2026-02-24T08:40:52.440+0000] {processor.py:186} INFO - Started process (PID=831) to work on /opt/airflow/dags/music_ingestion_dag.py
[2026-02-24T08:40:52.441+0000] {processor.py:914} INFO - Processing file /opt/airflow/dags/music_ingestion_dag.py for tasks to queue
[2026-02-24T08:40:52.445+0000] {logging_mixin.py:190} INFO - [2026-02-24T08:40:52.445+0000] {dagbag.py:588} INFO - Filling up the DagBag from /opt/airflow/dags/music_ingestion_dag.py
[2026-02-24T08:40:52.466+0000] {processor.py:925} INFO - DAG(s) '01_music_ingestion_realtime' retrieved from /opt/airflow/dags/music_ingestion_dag.py
[2026-02-24T08:40:52.500+0000] {logging_mixin.py:190} INFO - [2026-02-24T08:40:52.499+0000] {dag.py:3239} INFO - Sync 1 DAGs
[2026-02-24T08:40:52.525+0000] {logging_mixin.py:190} INFO - [2026-02-24T08:40:52.525+0000] {dag.py:4180} INFO - Setting next_dagrun for 01_music_ingestion_realtime to 2026-02-24 07:00:00+00:00, run_after=2026-02-24 08:00:00+00:00
[2026-02-24T08:40:52.549+0000] {processor.py:208} INFO - Processing /opt/airflow/dags/music_ingestion_dag.py took 0.115 seconds
[2026-02-24T08:41:22.823+0000] {processor.py:186} INFO - Started process (PID=836) to work on /opt/airflow/dags/music_ingestion_dag.py
[2026-02-24T08:41:22.824+0000] {processor.py:914} INFO - Processing file /opt/airflow/dags/music_ingestion_dag.py for tasks to queue
[2026-02-24T08:41:22.827+0000] {logging_mixin.py:190} INFO - [2026-02-24T08:41:22.826+0000] {dagbag.py:588} INFO - Filling up the DagBag from /opt/airflow/dags/music_ingestion_dag.py
[2026-02-24T08:41:22.845+0000] {processor.py:925} INFO - DAG(s) '01_music_ingestion_realtime' retrieved from /opt/airflow/dags/music_ingestion_dag.py
[2026-02-24T08:41:22.872+0000] {logging_mixin.py:190} INFO - [2026-02-24T08:41:22.872+0000] {dag.py:3239} INFO - Sync 1 DAGs
[2026-02-24T08:41:22.899+0000] {logging_mixin.py:190} INFO - [2026-02-24T08:41:22.898+0000] {dag.py:4180} INFO - Setting next_dagrun for 01_music_ingestion_realtime to 2026-02-24 07:00:00+00:00, run_after=2026-02-24 08:00:00+00:00
[2026-02-24T08:41:22.926+0000] {processor.py:208} INFO - Processing /opt/airflow/dags/music_ingestion_dag.py took 0.109 seconds
[2026-02-24T08:41:53.307+0000] {processor.py:186} INFO - Started process (PID=841) to work on /opt/airflow/dags/music_ingestion_dag.py
[2026-02-24T08:41:53.308+0000] {processor.py:914} INFO - Processing file /opt/airflow/dags/music_ingestion_dag.py for tasks to queue
[2026-02-24T08:41:53.311+0000] {logging_mixin.py:190} INFO - [2026-02-24T08:41:53.311+0000] {dagbag.py:588} INFO - Filling up the DagBag from /opt/airflow/dags/music_ingestion_dag.py
[2026-02-24T08:41:53.329+0000] {processor.py:925} INFO - DAG(s) '01_music_ingestion_realtime' retrieved from /opt/airflow/dags/music_ingestion_dag.py
[2026-02-24T08:41:53.355+0000] {logging_mixin.py:190} INFO - [2026-02-24T08:41:53.355+0000] {dag.py:3239} INFO - Sync 1 DAGs
[2026-02-24T08:41:53.380+0000] {logging_mixin.py:190} INFO - [2026-02-24T08:41:53.379+0000] {dag.py:4180} INFO - Setting next_dagrun for 01_music_ingestion_realtime to 2026-02-24 07:00:00+00:00, run_after=2026-02-24 08:00:00+00:00
[2026-02-24T08:41:53.407+0000] {processor.py:208} INFO - Processing /opt/airflow/dags/music_ingestion_dag.py took 0.107 seconds
[2026-02-24T08:42:23.674+0000] {processor.py:186} INFO - Started process (PID=846) to work on /opt/airflow/dags/music_ingestion_dag.py
[2026-02-24T08:42:23.675+0000] {processor.py:914} INFO - Processing file /opt/airflow/dags/music_ingestion_dag.py for tasks to queue
[2026-02-24T08:42:23.678+0000] {logging_mixin.py:190} INFO - [2026-02-24T08:42:23.678+0000] {dagbag.py:588} INFO - Filling up the DagBag from /opt/airflow/dags/music_ingestion_dag.py
[2026-02-24T08:42:23.694+0000] {processor.py:925} INFO - DAG(s) '01_music_ingestion_realtime' retrieved from /opt/airflow/dags/music_ingestion_dag.py
[2026-02-24T08:42:23.722+0000] {logging_mixin.py:190} INFO - [2026-02-24T08:42:23.722+0000] {dag.py:3239} INFO - Sync 1 DAGs
[2026-02-24T08:42:23.746+0000] {logging_mixin.py:190} INFO - [2026-02-24T08:42:23.746+0000] {dag.py:4180} INFO - Setting next_dagrun for 01_music_ingestion_realtime to 2026-02-24 07:00:00+00:00, run_after=2026-02-24 08:00:00+00:00
[2026-02-24T08:42:23.772+0000] {processor.py:208} INFO - Processing /opt/airflow/dags/music_ingestion_dag.py took 0.103 seconds
[2026-02-24T08:42:54.139+0000] {processor.py:186} INFO - Started process (PID=851) to work on /opt/airflow/dags/music_ingestion_dag.py
[2026-02-24T08:42:54.140+0000] {processor.py:914} INFO - Processing file /opt/airflow/dags/music_ingestion_dag.py for tasks to queue
[2026-02-24T08:42:54.143+0000] {logging_mixin.py:190} INFO - [2026-02-24T08:42:54.142+0000] {dagbag.py:588} INFO - Filling up the DagBag from /opt/airflow/dags/music_ingestion_dag.py
[2026-02-24T08:42:54.160+0000] {processor.py:925} INFO - DAG(s) '01_music_ingestion_realtime' retrieved from /opt/airflow/dags/music_ingestion_dag.py
[2026-02-24T08:42:54.187+0000] {logging_mixin.py:190} INFO - [2026-02-24T08:42:54.187+0000] {dag.py:3239} INFO - Sync 1 DAGs
[2026-02-24T08:42:54.212+0000] {logging_mixin.py:190} INFO - [2026-02-24T08:42:54.212+0000] {dag.py:4180} INFO - Setting next_dagrun for 01_music_ingestion_realtime to 2026-02-24 07:00:00+00:00, run_after=2026-02-24 08:00:00+00:00
[2026-02-24T08:42:54.238+0000] {processor.py:208} INFO - Processing /opt/airflow/dags/music_ingestion_dag.py took 0.105 seconds
[2026-02-24T08:43:24.566+0000] {processor.py:186} INFO - Started process (PID=856) to work on /opt/airflow/dags/music_ingestion_dag.py
[2026-02-24T08:43:24.567+0000] {processor.py:914} INFO - Processing file /opt/airflow/dags/music_ingestion_dag.py for tasks to queue
[2026-02-24T08:43:24.570+0000] {logging_mixin.py:190} INFO - [2026-02-24T08:43:24.570+0000] {dagbag.py:588} INFO - Filling up the DagBag from /opt/airflow/dags/music_ingestion_dag.py
[2026-02-24T08:43:24.590+0000] {processor.py:925} INFO - DAG(s) '01_music_ingestion_realtime' retrieved from /opt/airflow/dags/music_ingestion_dag.py
[2026-02-24T08:43:24.620+0000] {logging_mixin.py:190} INFO - [2026-02-24T08:43:24.620+0000] {dag.py:3239} INFO - Sync 1 DAGs
[2026-02-24T08:43:24.644+0000] {logging_mixin.py:190} INFO - [2026-02-24T08:43:24.644+0000] {dag.py:4180} INFO - Setting next_dagrun for 01_music_ingestion_realtime to 2026-02-24 07:00:00+00:00, run_after=2026-02-24 08:00:00+00:00
[2026-02-24T08:43:24.671+0000] {processor.py:208} INFO - Processing /opt/airflow/dags/music_ingestion_dag.py took 0.111 seconds
[2026-02-24T08:43:54.972+0000] {processor.py:186} INFO - Started process (PID=861) to work on /opt/airflow/dags/music_ingestion_dag.py
[2026-02-24T08:43:54.973+0000] {processor.py:914} INFO - Processing file /opt/airflow/dags/music_ingestion_dag.py for tasks to queue
[2026-02-24T08:43:54.975+0000] {logging_mixin.py:190} INFO - [2026-02-24T08:43:54.975+0000] {dagbag.py:588} INFO - Filling up the DagBag from /opt/airflow/dags/music_ingestion_dag.py
[2026-02-24T08:43:54.995+0000] {processor.py:925} INFO - DAG(s) '01_music_ingestion_realtime' retrieved from /opt/airflow/dags/music_ingestion_dag.py
[2026-02-24T08:43:55.028+0000] {logging_mixin.py:190} INFO - [2026-02-24T08:43:55.028+0000] {dag.py:3239} INFO - Sync 1 DAGs
[2026-02-24T08:43:55.054+0000] {logging_mixin.py:190} INFO - [2026-02-24T08:43:55.053+0000] {dag.py:4180} INFO - Setting next_dagrun for 01_music_ingestion_realtime to 2026-02-24 07:00:00+00:00, run_after=2026-02-24 08:00:00+00:00
[2026-02-24T08:43:55.080+0000] {processor.py:208} INFO - Processing /opt/airflow/dags/music_ingestion_dag.py took 0.114 seconds
[2026-02-24T08:44:25.420+0000] {processor.py:186} INFO - Started process (PID=866) to work on /opt/airflow/dags/music_ingestion_dag.py
[2026-02-24T08:44:25.421+0000] {processor.py:914} INFO - Processing file /opt/airflow/dags/music_ingestion_dag.py for tasks to queue
[2026-02-24T08:44:25.423+0000] {logging_mixin.py:190} INFO - [2026-02-24T08:44:25.423+0000] {dagbag.py:588} INFO - Filling up the DagBag from /opt/airflow/dags/music_ingestion_dag.py
[2026-02-24T08:44:25.443+0000] {processor.py:925} INFO - DAG(s) '01_music_ingestion_realtime' retrieved from /opt/airflow/dags/music_ingestion_dag.py
[2026-02-24T08:44:25.476+0000] {logging_mixin.py:190} INFO - [2026-02-24T08:44:25.475+0000] {dag.py:3239} INFO - Sync 1 DAGs
[2026-02-24T08:44:25.504+0000] {logging_mixin.py:190} INFO - [2026-02-24T08:44:25.503+0000] {dag.py:4180} INFO - Setting next_dagrun for 01_music_ingestion_realtime to 2026-02-24 07:00:00+00:00, run_after=2026-02-24 08:00:00+00:00
[2026-02-24T08:44:25.528+0000] {processor.py:208} INFO - Processing /opt/airflow/dags/music_ingestion_dag.py took 0.114 seconds
[2026-02-24T08:44:55.800+0000] {processor.py:186} INFO - Started process (PID=871) to work on /opt/airflow/dags/music_ingestion_dag.py
[2026-02-24T08:44:55.802+0000] {processor.py:914} INFO - Processing file /opt/airflow/dags/music_ingestion_dag.py for tasks to queue
[2026-02-24T08:44:55.805+0000] {logging_mixin.py:190} INFO - [2026-02-24T08:44:55.804+0000] {dagbag.py:588} INFO - Filling up the DagBag from /opt/airflow/dags/music_ingestion_dag.py
[2026-02-24T08:44:55.825+0000] {processor.py:925} INFO - DAG(s) '01_music_ingestion_realtime' retrieved from /opt/airflow/dags/music_ingestion_dag.py
[2026-02-24T08:44:55.852+0000] {logging_mixin.py:190} INFO - [2026-02-24T08:44:55.851+0000] {dag.py:3239} INFO - Sync 1 DAGs
[2026-02-24T08:44:55.876+0000] {logging_mixin.py:190} INFO - [2026-02-24T08:44:55.875+0000] {dag.py:4180} INFO - Setting next_dagrun for 01_music_ingestion_realtime to 2026-02-24 07:00:00+00:00, run_after=2026-02-24 08:00:00+00:00
[2026-02-24T08:44:55.902+0000] {processor.py:208} INFO - Processing /opt/airflow/dags/music_ingestion_dag.py took 0.107 seconds
[2026-02-24T08:45:26.203+0000] {processor.py:186} INFO - Started process (PID=876) to work on /opt/airflow/dags/music_ingestion_dag.py
[2026-02-24T08:45:26.205+0000] {processor.py:914} INFO - Processing file /opt/airflow/dags/music_ingestion_dag.py for tasks to queue
[2026-02-24T08:45:26.208+0000] {logging_mixin.py:190} INFO - [2026-02-24T08:45:26.207+0000] {dagbag.py:588} INFO - Filling up the DagBag from /opt/airflow/dags/music_ingestion_dag.py
[2026-02-24T08:45:26.230+0000] {processor.py:925} INFO - DAG(s) '01_music_ingestion_realtime' retrieved from /opt/airflow/dags/music_ingestion_dag.py
[2026-02-24T08:45:26.257+0000] {logging_mixin.py:190} INFO - [2026-02-24T08:45:26.256+0000] {dag.py:3239} INFO - Sync 1 DAGs
[2026-02-24T08:45:26.284+0000] {logging_mixin.py:190} INFO - [2026-02-24T08:45:26.283+0000] {dag.py:4180} INFO - Setting next_dagrun for 01_music_ingestion_realtime to 2026-02-24 07:00:00+00:00, run_after=2026-02-24 08:00:00+00:00
[2026-02-24T08:45:26.311+0000] {processor.py:208} INFO - Processing /opt/airflow/dags/music_ingestion_dag.py took 0.114 seconds
[2026-02-24T08:45:56.614+0000] {processor.py:186} INFO - Started process (PID=881) to work on /opt/airflow/dags/music_ingestion_dag.py
[2026-02-24T08:45:56.615+0000] {processor.py:914} INFO - Processing file /opt/airflow/dags/music_ingestion_dag.py for tasks to queue
[2026-02-24T08:45:56.618+0000] {logging_mixin.py:190} INFO - [2026-02-24T08:45:56.618+0000] {dagbag.py:588} INFO - Filling up the DagBag from /opt/airflow/dags/music_ingestion_dag.py
[2026-02-24T08:45:56.637+0000] {processor.py:925} INFO - DAG(s) '01_music_ingestion_realtime' retrieved from /opt/airflow/dags/music_ingestion_dag.py
[2026-02-24T08:45:56.668+0000] {logging_mixin.py:190} INFO - [2026-02-24T08:45:56.668+0000] {dag.py:3239} INFO - Sync 1 DAGs
[2026-02-24T08:45:56.694+0000] {logging_mixin.py:190} INFO - [2026-02-24T08:45:56.693+0000] {dag.py:4180} INFO - Setting next_dagrun for 01_music_ingestion_realtime to 2026-02-24 07:00:00+00:00, run_after=2026-02-24 08:00:00+00:00
[2026-02-24T08:45:56.721+0000] {processor.py:208} INFO - Processing /opt/airflow/dags/music_ingestion_dag.py took 0.113 seconds
[2026-02-24T08:46:27.091+0000] {processor.py:186} INFO - Started process (PID=886) to work on /opt/airflow/dags/music_ingestion_dag.py
[2026-02-24T08:46:27.092+0000] {processor.py:914} INFO - Processing file /opt/airflow/dags/music_ingestion_dag.py for tasks to queue
[2026-02-24T08:46:27.094+0000] {logging_mixin.py:190} INFO - [2026-02-24T08:46:27.094+0000] {dagbag.py:588} INFO - Filling up the DagBag from /opt/airflow/dags/music_ingestion_dag.py
[2026-02-24T08:46:27.110+0000] {processor.py:925} INFO - DAG(s) '01_music_ingestion_realtime' retrieved from /opt/airflow/dags/music_ingestion_dag.py
[2026-02-24T08:46:27.138+0000] {logging_mixin.py:190} INFO - [2026-02-24T08:46:27.138+0000] {dag.py:3239} INFO - Sync 1 DAGs
[2026-02-24T08:46:27.164+0000] {logging_mixin.py:190} INFO - [2026-02-24T08:46:27.164+0000] {dag.py:4180} INFO - Setting next_dagrun for 01_music_ingestion_realtime to 2026-02-24 07:00:00+00:00, run_after=2026-02-24 08:00:00+00:00
[2026-02-24T08:46:27.192+0000] {processor.py:208} INFO - Processing /opt/airflow/dags/music_ingestion_dag.py took 0.107 seconds
[2026-02-24T08:46:57.499+0000] {processor.py:186} INFO - Started process (PID=891) to work on /opt/airflow/dags/music_ingestion_dag.py
[2026-02-24T08:46:57.500+0000] {processor.py:914} INFO - Processing file /opt/airflow/dags/music_ingestion_dag.py for tasks to queue
[2026-02-24T08:46:57.503+0000] {logging_mixin.py:190} INFO - [2026-02-24T08:46:57.503+0000] {dagbag.py:588} INFO - Filling up the DagBag from /opt/airflow/dags/music_ingestion_dag.py
[2026-02-24T08:46:57.539+0000] {processor.py:925} INFO - DAG(s) '01_music_ingestion_realtime' retrieved from /opt/airflow/dags/music_ingestion_dag.py
[2026-02-24T08:46:57.566+0000] {logging_mixin.py:190} INFO - [2026-02-24T08:46:57.566+0000] {dag.py:3239} INFO - Sync 1 DAGs
[2026-02-24T08:46:57.591+0000] {logging_mixin.py:190} INFO - [2026-02-24T08:46:57.590+0000] {dag.py:4180} INFO - Setting next_dagrun for 01_music_ingestion_realtime to 2026-02-24 07:00:00+00:00, run_after=2026-02-24 08:00:00+00:00
[2026-02-24T08:46:57.618+0000] {processor.py:208} INFO - Processing /opt/airflow/dags/music_ingestion_dag.py took 0.126 seconds
[2026-02-24T08:47:27.855+0000] {processor.py:186} INFO - Started process (PID=896) to work on /opt/airflow/dags/music_ingestion_dag.py
[2026-02-24T08:47:27.856+0000] {processor.py:914} INFO - Processing file /opt/airflow/dags/music_ingestion_dag.py for tasks to queue
[2026-02-24T08:47:27.858+0000] {logging_mixin.py:190} INFO - [2026-02-24T08:47:27.858+0000] {dagbag.py:588} INFO - Filling up the DagBag from /opt/airflow/dags/music_ingestion_dag.py
[2026-02-24T08:47:27.876+0000] {processor.py:925} INFO - DAG(s) '01_music_ingestion_realtime' retrieved from /opt/airflow/dags/music_ingestion_dag.py
[2026-02-24T08:47:27.906+0000] {logging_mixin.py:190} INFO - [2026-02-24T08:47:27.906+0000] {dag.py:3239} INFO - Sync 1 DAGs
[2026-02-24T08:47:27.936+0000] {logging_mixin.py:190} INFO - [2026-02-24T08:47:27.936+0000] {dag.py:4180} INFO - Setting next_dagrun for 01_music_ingestion_realtime to 2026-02-24 07:00:00+00:00, run_after=2026-02-24 08:00:00+00:00
[2026-02-24T08:47:27.959+0000] {processor.py:208} INFO - Processing /opt/airflow/dags/music_ingestion_dag.py took 0.111 seconds
[2026-02-24T08:47:58.195+0000] {processor.py:186} INFO - Started process (PID=901) to work on /opt/airflow/dags/music_ingestion_dag.py
[2026-02-24T08:47:58.196+0000] {processor.py:914} INFO - Processing file /opt/airflow/dags/music_ingestion_dag.py for tasks to queue
[2026-02-24T08:47:58.199+0000] {logging_mixin.py:190} INFO - [2026-02-24T08:47:58.199+0000] {dagbag.py:588} INFO - Filling up the DagBag from /opt/airflow/dags/music_ingestion_dag.py
[2026-02-24T08:47:58.217+0000] {processor.py:925} INFO - DAG(s) '01_music_ingestion_realtime' retrieved from /opt/airflow/dags/music_ingestion_dag.py
[2026-02-24T08:47:58.244+0000] {logging_mixin.py:190} INFO - [2026-02-24T08:47:58.244+0000] {dag.py:3239} INFO - Sync 1 DAGs
[2026-02-24T08:47:58.271+0000] {logging_mixin.py:190} INFO - [2026-02-24T08:47:58.270+0000] {dag.py:4180} INFO - Setting next_dagrun for 01_music_ingestion_realtime to 2026-02-24 07:00:00+00:00, run_after=2026-02-24 08:00:00+00:00
[2026-02-24T08:47:58.298+0000] {processor.py:208} INFO - Processing /opt/airflow/dags/music_ingestion_dag.py took 0.109 seconds
[2026-02-24T08:48:28.587+0000] {processor.py:186} INFO - Started process (PID=906) to work on /opt/airflow/dags/music_ingestion_dag.py
[2026-02-24T08:48:28.589+0000] {processor.py:914} INFO - Processing file /opt/airflow/dags/music_ingestion_dag.py for tasks to queue
[2026-02-24T08:48:28.592+0000] {logging_mixin.py:190} INFO - [2026-02-24T08:48:28.592+0000] {dagbag.py:588} INFO - Filling up the DagBag from /opt/airflow/dags/music_ingestion_dag.py
[2026-02-24T08:48:28.616+0000] {processor.py:925} INFO - DAG(s) '01_music_ingestion_realtime' retrieved from /opt/airflow/dags/music_ingestion_dag.py
[2026-02-24T08:48:28.646+0000] {logging_mixin.py:190} INFO - [2026-02-24T08:48:28.645+0000] {dag.py:3239} INFO - Sync 1 DAGs
[2026-02-24T08:48:28.672+0000] {logging_mixin.py:190} INFO - [2026-02-24T08:48:28.672+0000] {dag.py:4180} INFO - Setting next_dagrun for 01_music_ingestion_realtime to 2026-02-24 07:00:00+00:00, run_after=2026-02-24 08:00:00+00:00
[2026-02-24T08:48:28.698+0000] {processor.py:208} INFO - Processing /opt/airflow/dags/music_ingestion_dag.py took 0.118 seconds
[2026-02-24T08:48:58.907+0000] {processor.py:186} INFO - Started process (PID=911) to work on /opt/airflow/dags/music_ingestion_dag.py
[2026-02-24T08:48:58.908+0000] {processor.py:914} INFO - Processing file /opt/airflow/dags/music_ingestion_dag.py for tasks to queue
[2026-02-24T08:48:58.911+0000] {logging_mixin.py:190} INFO - [2026-02-24T08:48:58.911+0000] {dagbag.py:588} INFO - Filling up the DagBag from /opt/airflow/dags/music_ingestion_dag.py
[2026-02-24T08:48:58.940+0000] {processor.py:925} INFO - DAG(s) '01_music_ingestion_realtime' retrieved from /opt/airflow/dags/music_ingestion_dag.py
[2026-02-24T08:48:58.976+0000] {logging_mixin.py:190} INFO - [2026-02-24T08:48:58.976+0000] {dag.py:3239} INFO - Sync 1 DAGs
[2026-02-24T08:48:59.004+0000] {logging_mixin.py:190} INFO - [2026-02-24T08:48:59.004+0000] {dag.py:4180} INFO - Setting next_dagrun for 01_music_ingestion_realtime to 2026-02-24 07:00:00+00:00, run_after=2026-02-24 08:00:00+00:00
[2026-02-24T08:48:59.034+0000] {processor.py:208} INFO - Processing /opt/airflow/dags/music_ingestion_dag.py took 0.133 seconds
[2026-02-24T08:49:29.300+0000] {processor.py:186} INFO - Started process (PID=916) to work on /opt/airflow/dags/music_ingestion_dag.py
[2026-02-24T08:49:29.301+0000] {processor.py:914} INFO - Processing file /opt/airflow/dags/music_ingestion_dag.py for tasks to queue
[2026-02-24T08:49:29.305+0000] {logging_mixin.py:190} INFO - [2026-02-24T08:49:29.304+0000] {dagbag.py:588} INFO - Filling up the DagBag from /opt/airflow/dags/music_ingestion_dag.py
[2026-02-24T08:49:29.325+0000] {processor.py:925} INFO - DAG(s) '01_music_ingestion_realtime' retrieved from /opt/airflow/dags/music_ingestion_dag.py
[2026-02-24T08:49:29.355+0000] {logging_mixin.py:190} INFO - [2026-02-24T08:49:29.355+0000] {dag.py:3239} INFO - Sync 1 DAGs
[2026-02-24T08:49:29.381+0000] {logging_mixin.py:190} INFO - [2026-02-24T08:49:29.381+0000] {dag.py:4180} INFO - Setting next_dagrun for 01_music_ingestion_realtime to 2026-02-24 07:00:00+00:00, run_after=2026-02-24 08:00:00+00:00
[2026-02-24T08:49:29.407+0000] {processor.py:208} INFO - Processing /opt/airflow/dags/music_ingestion_dag.py took 0.114 seconds
[2026-02-24T08:49:59.670+0000] {processor.py:186} INFO - Started process (PID=921) to work on /opt/airflow/dags/music_ingestion_dag.py
[2026-02-24T08:49:59.672+0000] {processor.py:914} INFO - Processing file /opt/airflow/dags/music_ingestion_dag.py for tasks to queue
[2026-02-24T08:49:59.676+0000] {logging_mixin.py:190} INFO - [2026-02-24T08:49:59.675+0000] {dagbag.py:588} INFO - Filling up the DagBag from /opt/airflow/dags/music_ingestion_dag.py
[2026-02-24T08:49:59.696+0000] {processor.py:925} INFO - DAG(s) '01_music_ingestion_realtime' retrieved from /opt/airflow/dags/music_ingestion_dag.py
[2026-02-24T08:49:59.726+0000] {logging_mixin.py:190} INFO - [2026-02-24T08:49:59.726+0000] {dag.py:3239} INFO - Sync 1 DAGs
[2026-02-24T08:49:59.753+0000] {logging_mixin.py:190} INFO - [2026-02-24T08:49:59.753+0000] {dag.py:4180} INFO - Setting next_dagrun for 01_music_ingestion_realtime to 2026-02-24 07:00:00+00:00, run_after=2026-02-24 08:00:00+00:00
[2026-02-24T08:49:59.781+0000] {processor.py:208} INFO - Processing /opt/airflow/dags/music_ingestion_dag.py took 0.116 seconds
[2026-02-24T08:50:30.019+0000] {processor.py:186} INFO - Started process (PID=926) to work on /opt/airflow/dags/music_ingestion_dag.py
[2026-02-24T08:50:30.021+0000] {processor.py:914} INFO - Processing file /opt/airflow/dags/music_ingestion_dag.py for tasks to queue
[2026-02-24T08:50:30.024+0000] {logging_mixin.py:190} INFO - [2026-02-24T08:50:30.023+0000] {dagbag.py:588} INFO - Filling up the DagBag from /opt/airflow/dags/music_ingestion_dag.py
[2026-02-24T08:50:30.051+0000] {processor.py:925} INFO - DAG(s) '01_music_ingestion_realtime' retrieved from /opt/airflow/dags/music_ingestion_dag.py
[2026-02-24T08:50:30.101+0000] {logging_mixin.py:190} INFO - [2026-02-24T08:50:30.100+0000] {dag.py:3239} INFO - Sync 1 DAGs
[2026-02-24T08:50:30.128+0000] {logging_mixin.py:190} INFO - [2026-02-24T08:50:30.127+0000] {dag.py:4180} INFO - Setting next_dagrun for 01_music_ingestion_realtime to 2026-02-24 07:00:00+00:00, run_after=2026-02-24 08:00:00+00:00
[2026-02-24T08:50:30.151+0000] {processor.py:208} INFO - Processing /opt/airflow/dags/music_ingestion_dag.py took 0.142 seconds
[2026-02-24T08:51:00.654+0000] {processor.py:186} INFO - Started process (PID=931) to work on /opt/airflow/dags/music_ingestion_dag.py
[2026-02-24T08:51:00.672+0000] {processor.py:914} INFO - Processing file /opt/airflow/dags/music_ingestion_dag.py for tasks to queue
[2026-02-24T08:51:00.716+0000] {logging_mixin.py:190} INFO - [2026-02-24T08:51:00.709+0000] {dagbag.py:588} INFO - Filling up the DagBag from /opt/airflow/dags/music_ingestion_dag.py
[2026-02-24T08:51:00.961+0000] {processor.py:925} INFO - DAG(s) '01_music_ingestion_realtime' retrieved from /opt/airflow/dags/music_ingestion_dag.py
[2026-02-24T08:51:01.240+0000] {logging_mixin.py:190} INFO - [2026-02-24T08:51:01.240+0000] {dag.py:3239} INFO - Sync 1 DAGs
[2026-02-24T08:51:01.375+0000] {logging_mixin.py:190} INFO - [2026-02-24T08:51:01.375+0000] {dag.py:4180} INFO - Setting next_dagrun for 01_music_ingestion_realtime to 2026-02-24 07:00:00+00:00, run_after=2026-02-24 08:00:00+00:00
[2026-02-24T08:51:01.418+0000] {processor.py:208} INFO - Processing /opt/airflow/dags/music_ingestion_dag.py took 0.884 seconds
[2026-02-24T08:51:31.809+0000] {processor.py:186} INFO - Started process (PID=936) to work on /opt/airflow/dags/music_ingestion_dag.py
[2026-02-24T08:51:31.812+0000] {processor.py:914} INFO - Processing file /opt/airflow/dags/music_ingestion_dag.py for tasks to queue
[2026-02-24T08:51:31.819+0000] {logging_mixin.py:190} INFO - [2026-02-24T08:51:31.818+0000] {dagbag.py:588} INFO - Filling up the DagBag from /opt/airflow/dags/music_ingestion_dag.py
[2026-02-24T08:51:31.915+0000] {processor.py:925} INFO - DAG(s) '01_music_ingestion_realtime' retrieved from /opt/airflow/dags/music_ingestion_dag.py
[2026-02-24T08:51:32.002+0000] {logging_mixin.py:190} INFO - [2026-02-24T08:51:32.002+0000] {dag.py:3239} INFO - Sync 1 DAGs
[2026-02-24T08:51:32.141+0000] {logging_mixin.py:190} INFO - [2026-02-24T08:51:32.141+0000] {dag.py:4180} INFO - Setting next_dagrun for 01_music_ingestion_realtime to 2026-02-24 07:00:00+00:00, run_after=2026-02-24 08:00:00+00:00
[2026-02-24T08:51:32.197+0000] {processor.py:208} INFO - Processing /opt/airflow/dags/music_ingestion_dag.py took 0.406 seconds
[2026-02-24T08:52:02.557+0000] {processor.py:186} INFO - Started process (PID=941) to work on /opt/airflow/dags/music_ingestion_dag.py
[2026-02-24T08:52:02.558+0000] {processor.py:914} INFO - Processing file /opt/airflow/dags/music_ingestion_dag.py for tasks to queue
[2026-02-24T08:52:02.562+0000] {logging_mixin.py:190} INFO - [2026-02-24T08:52:02.561+0000] {dagbag.py:588} INFO - Filling up the DagBag from /opt/airflow/dags/music_ingestion_dag.py
[2026-02-24T08:52:02.595+0000] {processor.py:925} INFO - DAG(s) '01_music_ingestion_realtime' retrieved from /opt/airflow/dags/music_ingestion_dag.py
[2026-02-24T08:52:02.633+0000] {logging_mixin.py:190} INFO - [2026-02-24T08:52:02.633+0000] {dag.py:3239} INFO - Sync 1 DAGs
[2026-02-24T08:52:02.659+0000] {logging_mixin.py:190} INFO - [2026-02-24T08:52:02.659+0000] {dag.py:4180} INFO - Setting next_dagrun for 01_music_ingestion_realtime to 2026-02-24 07:00:00+00:00, run_after=2026-02-24 08:00:00+00:00
[2026-02-24T08:52:02.691+0000] {processor.py:208} INFO - Processing /opt/airflow/dags/music_ingestion_dag.py took 0.140 seconds
[2026-02-24T08:52:32.886+0000] {processor.py:186} INFO - Started process (PID=946) to work on /opt/airflow/dags/music_ingestion_dag.py
[2026-02-24T08:52:32.887+0000] {processor.py:914} INFO - Processing file /opt/airflow/dags/music_ingestion_dag.py for tasks to queue
[2026-02-24T08:52:32.891+0000] {logging_mixin.py:190} INFO - [2026-02-24T08:52:32.890+0000] {dagbag.py:588} INFO - Filling up the DagBag from /opt/airflow/dags/music_ingestion_dag.py
[2026-02-24T08:52:32.915+0000] {processor.py:925} INFO - DAG(s) '01_music_ingestion_realtime' retrieved from /opt/airflow/dags/music_ingestion_dag.py
[2026-02-24T08:52:32.956+0000] {logging_mixin.py:190} INFO - [2026-02-24T08:52:32.956+0000] {dag.py:3239} INFO - Sync 1 DAGs
[2026-02-24T08:52:32.991+0000] {logging_mixin.py:190} INFO - [2026-02-24T08:52:32.991+0000] {dag.py:4180} INFO - Setting next_dagrun for 01_music_ingestion_realtime to 2026-02-24 07:00:00+00:00, run_after=2026-02-24 08:00:00+00:00
[2026-02-24T08:52:33.028+0000] {processor.py:208} INFO - Processing /opt/airflow/dags/music_ingestion_dag.py took 0.151 seconds
[2026-02-24T08:53:03.404+0000] {processor.py:186} INFO - Started process (PID=951) to work on /opt/airflow/dags/music_ingestion_dag.py
[2026-02-24T08:53:03.406+0000] {processor.py:914} INFO - Processing file /opt/airflow/dags/music_ingestion_dag.py for tasks to queue
[2026-02-24T08:53:03.409+0000] {logging_mixin.py:190} INFO - [2026-02-24T08:53:03.409+0000] {dagbag.py:588} INFO - Filling up the DagBag from /opt/airflow/dags/music_ingestion_dag.py
[2026-02-24T08:53:03.436+0000] {processor.py:925} INFO - DAG(s) '01_music_ingestion_realtime' retrieved from /opt/airflow/dags/music_ingestion_dag.py
[2026-02-24T08:53:03.469+0000] {logging_mixin.py:190} INFO - [2026-02-24T08:53:03.469+0000] {dag.py:3239} INFO - Sync 1 DAGs
[2026-02-24T08:53:03.498+0000] {logging_mixin.py:190} INFO - [2026-02-24T08:53:03.497+0000] {dag.py:4180} INFO - Setting next_dagrun for 01_music_ingestion_realtime to 2026-02-24 07:00:00+00:00, run_after=2026-02-24 08:00:00+00:00
[2026-02-24T08:53:03.526+0000] {processor.py:208} INFO - Processing /opt/airflow/dags/music_ingestion_dag.py took 0.130 seconds
[2026-02-24T08:53:33.788+0000] {processor.py:186} INFO - Started process (PID=956) to work on /opt/airflow/dags/music_ingestion_dag.py
[2026-02-24T08:53:33.790+0000] {processor.py:914} INFO - Processing file /opt/airflow/dags/music_ingestion_dag.py for tasks to queue
[2026-02-24T08:53:33.793+0000] {logging_mixin.py:190} INFO - [2026-02-24T08:53:33.793+0000] {dagbag.py:588} INFO - Filling up the DagBag from /opt/airflow/dags/music_ingestion_dag.py
[2026-02-24T08:53:33.822+0000] {processor.py:925} INFO - DAG(s) '01_music_ingestion_realtime' retrieved from /opt/airflow/dags/music_ingestion_dag.py
[2026-02-24T08:53:33.853+0000] {logging_mixin.py:190} INFO - [2026-02-24T08:53:33.853+0000] {dag.py:3239} INFO - Sync 1 DAGs
[2026-02-24T08:53:33.878+0000] {logging_mixin.py:190} INFO - [2026-02-24T08:53:33.878+0000] {dag.py:4180} INFO - Setting next_dagrun for 01_music_ingestion_realtime to 2026-02-24 07:00:00+00:00, run_after=2026-02-24 08:00:00+00:00
[2026-02-24T08:53:33.905+0000] {processor.py:208} INFO - Processing /opt/airflow/dags/music_ingestion_dag.py took 0.123 seconds
[2026-02-24T08:54:04.224+0000] {processor.py:186} INFO - Started process (PID=961) to work on /opt/airflow/dags/music_ingestion_dag.py
[2026-02-24T08:54:04.226+0000] {processor.py:914} INFO - Processing file /opt/airflow/dags/music_ingestion_dag.py for tasks to queue
[2026-02-24T08:54:04.229+0000] {logging_mixin.py:190} INFO - [2026-02-24T08:54:04.229+0000] {dagbag.py:588} INFO - Filling up the DagBag from /opt/airflow/dags/music_ingestion_dag.py
[2026-02-24T08:54:04.259+0000] {processor.py:925} INFO - DAG(s) '01_music_ingestion_realtime' retrieved from /opt/airflow/dags/music_ingestion_dag.py
[2026-02-24T08:54:04.289+0000] {logging_mixin.py:190} INFO - [2026-02-24T08:54:04.289+0000] {dag.py:3239} INFO - Sync 1 DAGs
[2026-02-24T08:54:04.313+0000] {logging_mixin.py:190} INFO - [2026-02-24T08:54:04.313+0000] {dag.py:4180} INFO - Setting next_dagrun for 01_music_ingestion_realtime to 2026-02-24 07:00:00+00:00, run_after=2026-02-24 08:00:00+00:00
[2026-02-24T08:54:04.338+0000] {processor.py:208} INFO - Processing /opt/airflow/dags/music_ingestion_dag.py took 0.119 seconds
[2026-02-24T08:54:34.646+0000] {processor.py:186} INFO - Started process (PID=966) to work on /opt/airflow/dags/music_ingestion_dag.py
[2026-02-24T08:54:34.647+0000] {processor.py:914} INFO - Processing file /opt/airflow/dags/music_ingestion_dag.py for tasks to queue
[2026-02-24T08:54:34.649+0000] {logging_mixin.py:190} INFO - [2026-02-24T08:54:34.649+0000] {dagbag.py:588} INFO - Filling up the DagBag from /opt/airflow/dags/music_ingestion_dag.py
[2026-02-24T08:54:34.668+0000] {processor.py:925} INFO - DAG(s) '01_music_ingestion_realtime' retrieved from /opt/airflow/dags/music_ingestion_dag.py
[2026-02-24T08:54:34.697+0000] {logging_mixin.py:190} INFO - [2026-02-24T08:54:34.697+0000] {dag.py:3239} INFO - Sync 1 DAGs
[2026-02-24T08:54:34.719+0000] {logging_mixin.py:190} INFO - [2026-02-24T08:54:34.719+0000] {dag.py:4180} INFO - Setting next_dagrun for 01_music_ingestion_realtime to 2026-02-24 07:00:00+00:00, run_after=2026-02-24 08:00:00+00:00
[2026-02-24T08:54:34.744+0000] {processor.py:208} INFO - Processing /opt/airflow/dags/music_ingestion_dag.py took 0.104 seconds
[2026-02-24T08:55:05.075+0000] {processor.py:186} INFO - Started process (PID=971) to work on /opt/airflow/dags/music_ingestion_dag.py
[2026-02-24T08:55:05.076+0000] {processor.py:914} INFO - Processing file /opt/airflow/dags/music_ingestion_dag.py for tasks to queue
[2026-02-24T08:55:05.079+0000] {logging_mixin.py:190} INFO - [2026-02-24T08:55:05.078+0000] {dagbag.py:588} INFO - Filling up the DagBag from /opt/airflow/dags/music_ingestion_dag.py
[2026-02-24T08:55:05.099+0000] {processor.py:925} INFO - DAG(s) '01_music_ingestion_realtime' retrieved from /opt/airflow/dags/music_ingestion_dag.py
[2026-02-24T08:55:05.127+0000] {logging_mixin.py:190} INFO - [2026-02-24T08:55:05.127+0000] {dag.py:3239} INFO - Sync 1 DAGs
[2026-02-24T08:55:05.153+0000] {logging_mixin.py:190} INFO - [2026-02-24T08:55:05.153+0000] {dag.py:4180} INFO - Setting next_dagrun for 01_music_ingestion_realtime to 2026-02-24 07:00:00+00:00, run_after=2026-02-24 08:00:00+00:00
[2026-02-24T08:55:05.180+0000] {processor.py:208} INFO - Processing /opt/airflow/dags/music_ingestion_dag.py took 0.112 seconds
[2026-02-24T08:55:35.417+0000] {processor.py:186} INFO - Started process (PID=976) to work on /opt/airflow/dags/music_ingestion_dag.py
[2026-02-24T08:55:35.418+0000] {processor.py:914} INFO - Processing file /opt/airflow/dags/music_ingestion_dag.py for tasks to queue
[2026-02-24T08:55:35.421+0000] {logging_mixin.py:190} INFO - [2026-02-24T08:55:35.421+0000] {dagbag.py:588} INFO - Filling up the DagBag from /opt/airflow/dags/music_ingestion_dag.py
[2026-02-24T08:55:35.443+0000] {processor.py:925} INFO - DAG(s) '01_music_ingestion_realtime' retrieved from /opt/airflow/dags/music_ingestion_dag.py
[2026-02-24T08:55:35.490+0000] {logging_mixin.py:190} INFO - [2026-02-24T08:55:35.490+0000] {dag.py:3239} INFO - Sync 1 DAGs
[2026-02-24T08:55:35.541+0000] {logging_mixin.py:190} INFO - [2026-02-24T08:55:35.541+0000] {dag.py:4180} INFO - Setting next_dagrun for 01_music_ingestion_realtime to 2026-02-24 07:00:00+00:00, run_after=2026-02-24 08:00:00+00:00
[2026-02-24T08:55:35.608+0000] {processor.py:208} INFO - Processing /opt/airflow/dags/music_ingestion_dag.py took 0.198 seconds
[2026-02-24T08:56:05.821+0000] {processor.py:186} INFO - Started process (PID=981) to work on /opt/airflow/dags/music_ingestion_dag.py
[2026-02-24T08:56:05.823+0000] {processor.py:914} INFO - Processing file /opt/airflow/dags/music_ingestion_dag.py for tasks to queue
[2026-02-24T08:56:05.827+0000] {logging_mixin.py:190} INFO - [2026-02-24T08:56:05.826+0000] {dagbag.py:588} INFO - Filling up the DagBag from /opt/airflow/dags/music_ingestion_dag.py
[2026-02-24T08:56:05.857+0000] {processor.py:925} INFO - DAG(s) '01_music_ingestion_realtime' retrieved from /opt/airflow/dags/music_ingestion_dag.py
[2026-02-24T08:56:05.894+0000] {logging_mixin.py:190} INFO - [2026-02-24T08:56:05.894+0000] {dag.py:3239} INFO - Sync 1 DAGs
[2026-02-24T08:56:05.920+0000] {logging_mixin.py:190} INFO - [2026-02-24T08:56:05.920+0000] {dag.py:4180} INFO - Setting next_dagrun for 01_music_ingestion_realtime to 2026-02-24 07:00:00+00:00, run_after=2026-02-24 08:00:00+00:00
[2026-02-24T08:56:05.948+0000] {processor.py:208} INFO - Processing /opt/airflow/dags/music_ingestion_dag.py took 0.133 seconds
[2026-02-24T08:56:36.315+0000] {processor.py:186} INFO - Started process (PID=986) to work on /opt/airflow/dags/music_ingestion_dag.py
[2026-02-24T08:56:36.316+0000] {processor.py:914} INFO - Processing file /opt/airflow/dags/music_ingestion_dag.py for tasks to queue
[2026-02-24T08:56:36.319+0000] {logging_mixin.py:190} INFO - [2026-02-24T08:56:36.318+0000] {dagbag.py:588} INFO - Filling up the DagBag from /opt/airflow/dags/music_ingestion_dag.py
[2026-02-24T08:56:36.340+0000] {processor.py:925} INFO - DAG(s) '01_music_ingestion_realtime' retrieved from /opt/airflow/dags/music_ingestion_dag.py
[2026-02-24T08:56:36.366+0000] {logging_mixin.py:190} INFO - [2026-02-24T08:56:36.366+0000] {dag.py:3239} INFO - Sync 1 DAGs
[2026-02-24T08:56:36.390+0000] {logging_mixin.py:190} INFO - [2026-02-24T08:56:36.390+0000] {dag.py:4180} INFO - Setting next_dagrun for 01_music_ingestion_realtime to 2026-02-24 07:00:00+00:00, run_after=2026-02-24 08:00:00+00:00
[2026-02-24T08:56:36.417+0000] {processor.py:208} INFO - Processing /opt/airflow/dags/music_ingestion_dag.py took 0.108 seconds
[2026-02-24T08:57:06.670+0000] {processor.py:186} INFO - Started process (PID=991) to work on /opt/airflow/dags/music_ingestion_dag.py
[2026-02-24T08:57:06.672+0000] {processor.py:914} INFO - Processing file /opt/airflow/dags/music_ingestion_dag.py for tasks to queue
[2026-02-24T08:57:06.677+0000] {logging_mixin.py:190} INFO - [2026-02-24T08:57:06.676+0000] {dagbag.py:588} INFO - Filling up the DagBag from /opt/airflow/dags/music_ingestion_dag.py
[2026-02-24T08:57:06.698+0000] {processor.py:925} INFO - DAG(s) '01_music_ingestion_realtime' retrieved from /opt/airflow/dags/music_ingestion_dag.py
[2026-02-24T08:57:06.731+0000] {logging_mixin.py:190} INFO - [2026-02-24T08:57:06.731+0000] {dag.py:3239} INFO - Sync 1 DAGs
[2026-02-24T08:57:06.760+0000] {logging_mixin.py:190} INFO - [2026-02-24T08:57:06.759+0000] {dag.py:4180} INFO - Setting next_dagrun for 01_music_ingestion_realtime to 2026-02-24 07:00:00+00:00, run_after=2026-02-24 08:00:00+00:00
[2026-02-24T08:57:06.787+0000] {processor.py:208} INFO - Processing /opt/airflow/dags/music_ingestion_dag.py took 0.128 seconds
[2026-02-24T08:57:37.079+0000] {processor.py:186} INFO - Started process (PID=996) to work on /opt/airflow/dags/music_ingestion_dag.py
[2026-02-24T08:57:37.081+0000] {processor.py:914} INFO - Processing file /opt/airflow/dags/music_ingestion_dag.py for tasks to queue
[2026-02-24T08:57:37.084+0000] {logging_mixin.py:190} INFO - [2026-02-24T08:57:37.083+0000] {dagbag.py:588} INFO - Filling up the DagBag from /opt/airflow/dags/music_ingestion_dag.py
[2026-02-24T08:57:37.107+0000] {processor.py:925} INFO - DAG(s) '01_music_ingestion_realtime' retrieved from /opt/airflow/dags/music_ingestion_dag.py
[2026-02-24T08:57:37.136+0000] {logging_mixin.py:190} INFO - [2026-02-24T08:57:37.136+0000] {dag.py:3239} INFO - Sync 1 DAGs
[2026-02-24T08:57:37.160+0000] {logging_mixin.py:190} INFO - [2026-02-24T08:57:37.160+0000] {dag.py:4180} INFO - Setting next_dagrun for 01_music_ingestion_realtime to 2026-02-24 07:00:00+00:00, run_after=2026-02-24 08:00:00+00:00
[2026-02-24T08:57:37.187+0000] {processor.py:208} INFO - Processing /opt/airflow/dags/music_ingestion_dag.py took 0.114 seconds
[2026-02-24T08:58:07.507+0000] {processor.py:186} INFO - Started process (PID=1001) to work on /opt/airflow/dags/music_ingestion_dag.py
[2026-02-24T08:58:07.508+0000] {processor.py:914} INFO - Processing file /opt/airflow/dags/music_ingestion_dag.py for tasks to queue
[2026-02-24T08:58:07.511+0000] {logging_mixin.py:190} INFO - [2026-02-24T08:58:07.511+0000] {dagbag.py:588} INFO - Filling up the DagBag from /opt/airflow/dags/music_ingestion_dag.py
[2026-02-24T08:58:07.532+0000] {processor.py:925} INFO - DAG(s) '01_music_ingestion_realtime' retrieved from /opt/airflow/dags/music_ingestion_dag.py
[2026-02-24T08:58:07.561+0000] {logging_mixin.py:190} INFO - [2026-02-24T08:58:07.561+0000] {dag.py:3239} INFO - Sync 1 DAGs
[2026-02-24T08:58:07.590+0000] {logging_mixin.py:190} INFO - [2026-02-24T08:58:07.590+0000] {dag.py:4180} INFO - Setting next_dagrun for 01_music_ingestion_realtime to 2026-02-24 07:00:00+00:00, run_after=2026-02-24 08:00:00+00:00
[2026-02-24T08:58:07.615+0000] {processor.py:208} INFO - Processing /opt/airflow/dags/music_ingestion_dag.py took 0.114 seconds
[2026-02-24T08:58:37.965+0000] {processor.py:186} INFO - Started process (PID=1006) to work on /opt/airflow/dags/music_ingestion_dag.py
[2026-02-24T08:58:37.966+0000] {processor.py:914} INFO - Processing file /opt/airflow/dags/music_ingestion_dag.py for tasks to queue
[2026-02-24T08:58:37.968+0000] {logging_mixin.py:190} INFO - [2026-02-24T08:58:37.968+0000] {dagbag.py:588} INFO - Filling up the DagBag from /opt/airflow/dags/music_ingestion_dag.py
[2026-02-24T08:58:37.986+0000] {processor.py:925} INFO - DAG(s) '01_music_ingestion_realtime' retrieved from /opt/airflow/dags/music_ingestion_dag.py
[2026-02-24T08:58:38.010+0000] {logging_mixin.py:190} INFO - [2026-02-24T08:58:38.010+0000] {dag.py:3239} INFO - Sync 1 DAGs
[2026-02-24T08:58:38.033+0000] {logging_mixin.py:190} INFO - [2026-02-24T08:58:38.032+0000] {dag.py:4180} INFO - Setting next_dagrun for 01_music_ingestion_realtime to 2026-02-24 07:00:00+00:00, run_after=2026-02-24 08:00:00+00:00
[2026-02-24T08:58:38.057+0000] {processor.py:208} INFO - Processing /opt/airflow/dags/music_ingestion_dag.py took 0.099 seconds
[2026-02-24T08:59:08.383+0000] {processor.py:186} INFO - Started process (PID=1011) to work on /opt/airflow/dags/music_ingestion_dag.py
[2026-02-24T08:59:08.384+0000] {processor.py:914} INFO - Processing file /opt/airflow/dags/music_ingestion_dag.py for tasks to queue
[2026-02-24T08:59:08.387+0000] {logging_mixin.py:190} INFO - [2026-02-24T08:59:08.387+0000] {dagbag.py:588} INFO - Filling up the DagBag from /opt/airflow/dags/music_ingestion_dag.py
[2026-02-24T08:59:08.410+0000] {processor.py:925} INFO - DAG(s) '01_music_ingestion_realtime' retrieved from /opt/airflow/dags/music_ingestion_dag.py
[2026-02-24T08:59:08.440+0000] {logging_mixin.py:190} INFO - [2026-02-24T08:59:08.440+0000] {dag.py:3239} INFO - Sync 1 DAGs
[2026-02-24T08:59:08.464+0000] {logging_mixin.py:190} INFO - [2026-02-24T08:59:08.464+0000] {dag.py:4180} INFO - Setting next_dagrun for 01_music_ingestion_realtime to 2026-02-24 07:00:00+00:00, run_after=2026-02-24 08:00:00+00:00
[2026-02-24T08:59:08.491+0000] {processor.py:208} INFO - Processing /opt/airflow/dags/music_ingestion_dag.py took 0.114 seconds
[2026-02-24T08:59:38.807+0000] {processor.py:186} INFO - Started process (PID=1016) to work on /opt/airflow/dags/music_ingestion_dag.py
[2026-02-24T08:59:38.809+0000] {processor.py:914} INFO - Processing file /opt/airflow/dags/music_ingestion_dag.py for tasks to queue
[2026-02-24T08:59:38.812+0000] {logging_mixin.py:190} INFO - [2026-02-24T08:59:38.812+0000] {dagbag.py:588} INFO - Filling up the DagBag from /opt/airflow/dags/music_ingestion_dag.py
[2026-02-24T08:59:38.845+0000] {processor.py:925} INFO - DAG(s) '01_music_ingestion_realtime' retrieved from /opt/airflow/dags/music_ingestion_dag.py
[2026-02-24T08:59:38.882+0000] {logging_mixin.py:190} INFO - [2026-02-24T08:59:38.882+0000] {dag.py:3239} INFO - Sync 1 DAGs
[2026-02-24T08:59:38.920+0000] {logging_mixin.py:190} INFO - [2026-02-24T08:59:38.920+0000] {dag.py:4180} INFO - Setting next_dagrun for 01_music_ingestion_realtime to 2026-02-24 07:00:00+00:00, run_after=2026-02-24 08:00:00+00:00
[2026-02-24T08:59:38.944+0000] {processor.py:208} INFO - Processing /opt/airflow/dags/music_ingestion_dag.py took 0.146 seconds
[2026-02-24T09:00:09.262+0000] {processor.py:186} INFO - Started process (PID=1021) to work on /opt/airflow/dags/music_ingestion_dag.py
[2026-02-24T09:00:09.263+0000] {processor.py:914} INFO - Processing file /opt/airflow/dags/music_ingestion_dag.py for tasks to queue
[2026-02-24T09:00:09.266+0000] {logging_mixin.py:190} INFO - [2026-02-24T09:00:09.265+0000] {dagbag.py:588} INFO - Filling up the DagBag from /opt/airflow/dags/music_ingestion_dag.py
[2026-02-24T09:00:09.290+0000] {processor.py:925} INFO - DAG(s) '01_music_ingestion_realtime' retrieved from /opt/airflow/dags/music_ingestion_dag.py
[2026-02-24T09:00:09.319+0000] {logging_mixin.py:190} INFO - [2026-02-24T09:00:09.319+0000] {dag.py:3239} INFO - Sync 1 DAGs
[2026-02-24T09:00:09.347+0000] {logging_mixin.py:190} INFO - [2026-02-24T09:00:09.347+0000] {dag.py:4180} INFO - Setting next_dagrun for 01_music_ingestion_realtime to 2026-02-24 08:00:00+00:00, run_after=2026-02-24 09:00:00+00:00
[2026-02-24T09:00:09.370+0000] {processor.py:208} INFO - Processing /opt/airflow/dags/music_ingestion_dag.py took 0.117 seconds
[2026-02-24T09:00:39.672+0000] {processor.py:186} INFO - Started process (PID=1026) to work on /opt/airflow/dags/music_ingestion_dag.py
[2026-02-24T09:00:39.674+0000] {processor.py:914} INFO - Processing file /opt/airflow/dags/music_ingestion_dag.py for tasks to queue
[2026-02-24T09:00:39.679+0000] {logging_mixin.py:190} INFO - [2026-02-24T09:00:39.678+0000] {dagbag.py:588} INFO - Filling up the DagBag from /opt/airflow/dags/music_ingestion_dag.py
[2026-02-24T09:00:39.742+0000] {processor.py:925} INFO - DAG(s) '01_music_ingestion_realtime' retrieved from /opt/airflow/dags/music_ingestion_dag.py
[2026-02-24T09:00:39.824+0000] {logging_mixin.py:190} INFO - [2026-02-24T09:00:39.824+0000] {dag.py:3239} INFO - Sync 1 DAGs
[2026-02-24T09:00:39.871+0000] {logging_mixin.py:190} INFO - [2026-02-24T09:00:39.870+0000] {dag.py:4180} INFO - Setting next_dagrun for 01_music_ingestion_realtime to 2026-02-24 08:00:00+00:00, run_after=2026-02-24 09:00:00+00:00
[2026-02-24T09:00:39.905+0000] {processor.py:208} INFO - Processing /opt/airflow/dags/music_ingestion_dag.py took 0.247 seconds
[2026-02-24T09:01:10.043+0000] {processor.py:186} INFO - Started process (PID=1031) to work on /opt/airflow/dags/music_ingestion_dag.py
[2026-02-24T09:01:10.044+0000] {processor.py:914} INFO - Processing file /opt/airflow/dags/music_ingestion_dag.py for tasks to queue
[2026-02-24T09:01:10.047+0000] {logging_mixin.py:190} INFO - [2026-02-24T09:01:10.047+0000] {dagbag.py:588} INFO - Filling up the DagBag from /opt/airflow/dags/music_ingestion_dag.py
[2026-02-24T09:01:10.079+0000] {processor.py:925} INFO - DAG(s) '01_music_ingestion_realtime' retrieved from /opt/airflow/dags/music_ingestion_dag.py
[2026-02-24T09:01:10.116+0000] {logging_mixin.py:190} INFO - [2026-02-24T09:01:10.115+0000] {dag.py:3239} INFO - Sync 1 DAGs
[2026-02-24T09:01:10.144+0000] {logging_mixin.py:190} INFO - [2026-02-24T09:01:10.144+0000] {dag.py:4180} INFO - Setting next_dagrun for 01_music_ingestion_realtime to 2026-02-24 08:00:00+00:00, run_after=2026-02-24 09:00:00+00:00
[2026-02-24T09:01:10.167+0000] {processor.py:208} INFO - Processing /opt/airflow/dags/music_ingestion_dag.py took 0.131 seconds
[2026-02-24T09:01:40.451+0000] {processor.py:186} INFO - Started process (PID=1036) to work on /opt/airflow/dags/music_ingestion_dag.py
[2026-02-24T09:01:40.452+0000] {processor.py:914} INFO - Processing file /opt/airflow/dags/music_ingestion_dag.py for tasks to queue
[2026-02-24T09:01:40.456+0000] {logging_mixin.py:190} INFO - [2026-02-24T09:01:40.456+0000] {dagbag.py:588} INFO - Filling up the DagBag from /opt/airflow/dags/music_ingestion_dag.py
[2026-02-24T09:01:40.475+0000] {processor.py:925} INFO - DAG(s) '01_music_ingestion_realtime' retrieved from /opt/airflow/dags/music_ingestion_dag.py
[2026-02-24T09:01:40.505+0000] {logging_mixin.py:190} INFO - [2026-02-24T09:01:40.505+0000] {dag.py:3239} INFO - Sync 1 DAGs
[2026-02-24T09:01:40.536+0000] {logging_mixin.py:190} INFO - [2026-02-24T09:01:40.536+0000] {dag.py:4180} INFO - Setting next_dagrun for 01_music_ingestion_realtime to 2026-02-24 08:00:00+00:00, run_after=2026-02-24 09:00:00+00:00
[2026-02-24T09:01:40.563+0000] {processor.py:208} INFO - Processing /opt/airflow/dags/music_ingestion_dag.py took 0.122 seconds
[2026-02-24T09:02:10.816+0000] {processor.py:186} INFO - Started process (PID=1041) to work on /opt/airflow/dags/music_ingestion_dag.py
[2026-02-24T09:02:10.817+0000] {processor.py:914} INFO - Processing file /opt/airflow/dags/music_ingestion_dag.py for tasks to queue
[2026-02-24T09:02:10.821+0000] {logging_mixin.py:190} INFO - [2026-02-24T09:02:10.820+0000] {dagbag.py:588} INFO - Filling up the DagBag from /opt/airflow/dags/music_ingestion_dag.py
[2026-02-24T09:02:10.841+0000] {processor.py:925} INFO - DAG(s) '01_music_ingestion_realtime' retrieved from /opt/airflow/dags/music_ingestion_dag.py
[2026-02-24T09:02:10.872+0000] {logging_mixin.py:190} INFO - [2026-02-24T09:02:10.872+0000] {dag.py:3239} INFO - Sync 1 DAGs
[2026-02-24T09:02:10.899+0000] {logging_mixin.py:190} INFO - [2026-02-24T09:02:10.899+0000] {dag.py:4180} INFO - Setting next_dagrun for 01_music_ingestion_realtime to 2026-02-24 08:00:00+00:00, run_after=2026-02-24 09:00:00+00:00
[2026-02-24T09:02:10.927+0000] {processor.py:208} INFO - Processing /opt/airflow/dags/music_ingestion_dag.py took 0.118 seconds
[2026-02-24T09:02:41.218+0000] {processor.py:186} INFO - Started process (PID=1046) to work on /opt/airflow/dags/music_ingestion_dag.py
[2026-02-24T09:02:41.220+0000] {processor.py:914} INFO - Processing file /opt/airflow/dags/music_ingestion_dag.py for tasks to queue
[2026-02-24T09:02:41.222+0000] {logging_mixin.py:190} INFO - [2026-02-24T09:02:41.222+0000] {dagbag.py:588} INFO - Filling up the DagBag from /opt/airflow/dags/music_ingestion_dag.py
[2026-02-24T09:02:41.239+0000] {processor.py:925} INFO - DAG(s) '01_music_ingestion_realtime' retrieved from /opt/airflow/dags/music_ingestion_dag.py
[2026-02-24T09:02:41.270+0000] {logging_mixin.py:190} INFO - [2026-02-24T09:02:41.270+0000] {dag.py:3239} INFO - Sync 1 DAGs
[2026-02-24T09:02:41.297+0000] {logging_mixin.py:190} INFO - [2026-02-24T09:02:41.297+0000] {dag.py:4180} INFO - Setting next_dagrun for 01_music_ingestion_realtime to 2026-02-24 08:00:00+00:00, run_after=2026-02-24 09:00:00+00:00
[2026-02-24T09:02:41.325+0000] {processor.py:208} INFO - Processing /opt/airflow/dags/music_ingestion_dag.py took 0.113 seconds
[2026-02-24T09:03:11.701+0000] {processor.py:186} INFO - Started process (PID=1051) to work on /opt/airflow/dags/music_ingestion_dag.py
[2026-02-24T09:03:11.702+0000] {processor.py:914} INFO - Processing file /opt/airflow/dags/music_ingestion_dag.py for tasks to queue
[2026-02-24T09:03:11.704+0000] {logging_mixin.py:190} INFO - [2026-02-24T09:03:11.704+0000] {dagbag.py:588} INFO - Filling up the DagBag from /opt/airflow/dags/music_ingestion_dag.py
[2026-02-24T09:03:11.725+0000] {processor.py:925} INFO - DAG(s) '01_music_ingestion_realtime' retrieved from /opt/airflow/dags/music_ingestion_dag.py
[2026-02-24T09:03:11.766+0000] {logging_mixin.py:190} INFO - [2026-02-24T09:03:11.766+0000] {dag.py:3239} INFO - Sync 1 DAGs
[2026-02-24T09:03:11.794+0000] {logging_mixin.py:190} INFO - [2026-02-24T09:03:11.794+0000] {dag.py:4180} INFO - Setting next_dagrun for 01_music_ingestion_realtime to 2026-02-24 08:00:00+00:00, run_after=2026-02-24 09:00:00+00:00
[2026-02-24T09:03:11.825+0000] {processor.py:208} INFO - Processing /opt/airflow/dags/music_ingestion_dag.py took 0.130 seconds
[2026-02-24T09:03:44.170+0000] {processor.py:186} INFO - Started process (PID=1056) to work on /opt/airflow/dags/music_ingestion_dag.py
[2026-02-24T09:03:44.171+0000] {processor.py:914} INFO - Processing file /opt/airflow/dags/music_ingestion_dag.py for tasks to queue
[2026-02-24T09:03:44.174+0000] {logging_mixin.py:190} INFO - [2026-02-24T09:03:44.173+0000] {dagbag.py:588} INFO - Filling up the DagBag from /opt/airflow/dags/music_ingestion_dag.py
[2026-02-24T09:03:44.192+0000] {processor.py:925} INFO - DAG(s) '01_music_ingestion_realtime' retrieved from /opt/airflow/dags/music_ingestion_dag.py
[2026-02-24T09:03:48.037+0000] {logging_mixin.py:190} INFO - [2026-02-24T09:03:48.036+0000] {dag.py:3239} INFO - Sync 1 DAGs
[2026-02-24T09:03:48.156+0000] {logging_mixin.py:190} INFO - [2026-02-24T09:03:48.155+0000] {dag.py:4180} INFO - Setting next_dagrun for 01_music_ingestion_realtime to 2026-02-24 08:00:00+00:00, run_after=2026-02-24 09:00:00+00:00
[2026-02-24T09:03:48.284+0000] {processor.py:208} INFO - Processing /opt/airflow/dags/music_ingestion_dag.py took 4.120 seconds
[2026-02-24T09:04:18.684+0000] {processor.py:186} INFO - Started process (PID=1061) to work on /opt/airflow/dags/music_ingestion_dag.py
[2026-02-24T09:04:18.686+0000] {processor.py:914} INFO - Processing file /opt/airflow/dags/music_ingestion_dag.py for tasks to queue
[2026-02-24T09:04:18.689+0000] {logging_mixin.py:190} INFO - [2026-02-24T09:04:18.688+0000] {dagbag.py:588} INFO - Filling up the DagBag from /opt/airflow/dags/music_ingestion_dag.py
[2026-02-24T09:04:18.715+0000] {processor.py:925} INFO - DAG(s) '01_music_ingestion_realtime' retrieved from /opt/airflow/dags/music_ingestion_dag.py
[2026-02-24T09:04:18.755+0000] {logging_mixin.py:190} INFO - [2026-02-24T09:04:18.755+0000] {dag.py:3239} INFO - Sync 1 DAGs
[2026-02-24T09:04:18.789+0000] {logging_mixin.py:190} INFO - [2026-02-24T09:04:18.788+0000] {dag.py:4180} INFO - Setting next_dagrun for 01_music_ingestion_realtime to 2026-02-24 08:00:00+00:00, run_after=2026-02-24 09:00:00+00:00
[2026-02-24T09:04:18.814+0000] {processor.py:208} INFO - Processing /opt/airflow/dags/music_ingestion_dag.py took 0.137 seconds
[2026-02-24T09:04:49.047+0000] {processor.py:186} INFO - Started process (PID=1066) to work on /opt/airflow/dags/music_ingestion_dag.py
[2026-02-24T09:04:49.048+0000] {processor.py:914} INFO - Processing file /opt/airflow/dags/music_ingestion_dag.py for tasks to queue
[2026-02-24T09:04:49.050+0000] {logging_mixin.py:190} INFO - [2026-02-24T09:04:49.050+0000] {dagbag.py:588} INFO - Filling up the DagBag from /opt/airflow/dags/music_ingestion_dag.py
[2026-02-24T09:04:49.078+0000] {processor.py:925} INFO - DAG(s) '01_music_ingestion_realtime' retrieved from /opt/airflow/dags/music_ingestion_dag.py
[2026-02-24T09:04:49.107+0000] {logging_mixin.py:190} INFO - [2026-02-24T09:04:49.107+0000] {dag.py:3239} INFO - Sync 1 DAGs
[2026-02-24T09:04:49.132+0000] {logging_mixin.py:190} INFO - [2026-02-24T09:04:49.132+0000] {dag.py:4180} INFO - Setting next_dagrun for 01_music_ingestion_realtime to 2026-02-24 08:00:00+00:00, run_after=2026-02-24 09:00:00+00:00
[2026-02-24T09:04:49.161+0000] {processor.py:208} INFO - Processing /opt/airflow/dags/music_ingestion_dag.py took 0.120 seconds
[2026-02-24T09:05:19.527+0000] {processor.py:186} INFO - Started process (PID=1071) to work on /opt/airflow/dags/music_ingestion_dag.py
[2026-02-24T09:05:19.528+0000] {processor.py:914} INFO - Processing file /opt/airflow/dags/music_ingestion_dag.py for tasks to queue
[2026-02-24T09:05:19.531+0000] {logging_mixin.py:190} INFO - [2026-02-24T09:05:19.530+0000] {dagbag.py:588} INFO - Filling up the DagBag from /opt/airflow/dags/music_ingestion_dag.py
[2026-02-24T09:05:19.552+0000] {processor.py:925} INFO - DAG(s) '01_music_ingestion_realtime' retrieved from /opt/airflow/dags/music_ingestion_dag.py
[2026-02-24T09:05:19.585+0000] {logging_mixin.py:190} INFO - [2026-02-24T09:05:19.585+0000] {dag.py:3239} INFO - Sync 1 DAGs
[2026-02-24T09:05:19.610+0000] {logging_mixin.py:190} INFO - [2026-02-24T09:05:19.610+0000] {dag.py:4180} INFO - Setting next_dagrun for 01_music_ingestion_realtime to 2026-02-24 08:00:00+00:00, run_after=2026-02-24 09:00:00+00:00
[2026-02-24T09:05:19.634+0000] {processor.py:208} INFO - Processing /opt/airflow/dags/music_ingestion_dag.py took 0.113 seconds
[2026-02-24T09:05:49.927+0000] {processor.py:186} INFO - Started process (PID=1076) to work on /opt/airflow/dags/music_ingestion_dag.py
[2026-02-24T09:05:49.928+0000] {processor.py:914} INFO - Processing file /opt/airflow/dags/music_ingestion_dag.py for tasks to queue
[2026-02-24T09:05:49.931+0000] {logging_mixin.py:190} INFO - [2026-02-24T09:05:49.930+0000] {dagbag.py:588} INFO - Filling up the DagBag from /opt/airflow/dags/music_ingestion_dag.py
[2026-02-24T09:05:49.949+0000] {processor.py:925} INFO - DAG(s) '01_music_ingestion_realtime' retrieved from /opt/airflow/dags/music_ingestion_dag.py
[2026-02-24T09:05:49.981+0000] {logging_mixin.py:190} INFO - [2026-02-24T09:05:49.981+0000] {dag.py:3239} INFO - Sync 1 DAGs
[2026-02-24T09:05:50.009+0000] {logging_mixin.py:190} INFO - [2026-02-24T09:05:50.009+0000] {dag.py:4180} INFO - Setting next_dagrun for 01_music_ingestion_realtime to 2026-02-24 08:00:00+00:00, run_after=2026-02-24 09:00:00+00:00
[2026-02-24T09:05:50.033+0000] {processor.py:208} INFO - Processing /opt/airflow/dags/music_ingestion_dag.py took 0.112 seconds
[2026-02-24T09:06:20.371+0000] {processor.py:186} INFO - Started process (PID=1081) to work on /opt/airflow/dags/music_ingestion_dag.py
[2026-02-24T09:06:20.373+0000] {processor.py:914} INFO - Processing file /opt/airflow/dags/music_ingestion_dag.py for tasks to queue
[2026-02-24T09:06:20.375+0000] {logging_mixin.py:190} INFO - [2026-02-24T09:06:20.375+0000] {dagbag.py:588} INFO - Filling up the DagBag from /opt/airflow/dags/music_ingestion_dag.py
[2026-02-24T09:06:20.393+0000] {processor.py:925} INFO - DAG(s) '01_music_ingestion_realtime' retrieved from /opt/airflow/dags/music_ingestion_dag.py
[2026-02-24T09:06:20.421+0000] {logging_mixin.py:190} INFO - [2026-02-24T09:06:20.421+0000] {dag.py:3239} INFO - Sync 1 DAGs
[2026-02-24T09:06:20.445+0000] {logging_mixin.py:190} INFO - [2026-02-24T09:06:20.445+0000] {dag.py:4180} INFO - Setting next_dagrun for 01_music_ingestion_realtime to 2026-02-24 08:00:00+00:00, run_after=2026-02-24 09:00:00+00:00
[2026-02-24T09:06:20.473+0000] {processor.py:208} INFO - Processing /opt/airflow/dags/music_ingestion_dag.py took 0.107 seconds
[2026-02-24T09:06:50.715+0000] {processor.py:186} INFO - Started process (PID=1086) to work on /opt/airflow/dags/music_ingestion_dag.py
[2026-02-24T09:06:50.717+0000] {processor.py:914} INFO - Processing file /opt/airflow/dags/music_ingestion_dag.py for tasks to queue
[2026-02-24T09:06:50.720+0000] {logging_mixin.py:190} INFO - [2026-02-24T09:06:50.720+0000] {dagbag.py:588} INFO - Filling up the DagBag from /opt/airflow/dags/music_ingestion_dag.py
[2026-02-24T09:06:50.744+0000] {processor.py:925} INFO - DAG(s) '01_music_ingestion_realtime' retrieved from /opt/airflow/dags/music_ingestion_dag.py
[2026-02-24T09:06:50.788+0000] {logging_mixin.py:190} INFO - [2026-02-24T09:06:50.787+0000] {dag.py:3239} INFO - Sync 1 DAGs
[2026-02-24T09:06:50.820+0000] {logging_mixin.py:190} INFO - [2026-02-24T09:06:50.820+0000] {dag.py:4180} INFO - Setting next_dagrun for 01_music_ingestion_realtime to 2026-02-24 08:00:00+00:00, run_after=2026-02-24 09:00:00+00:00
[2026-02-24T09:06:50.844+0000] {processor.py:208} INFO - Processing /opt/airflow/dags/music_ingestion_dag.py took 0.136 seconds
[2026-02-24T09:07:21.108+0000] {processor.py:186} INFO - Started process (PID=1091) to work on /opt/airflow/dags/music_ingestion_dag.py
[2026-02-24T09:07:21.110+0000] {processor.py:914} INFO - Processing file /opt/airflow/dags/music_ingestion_dag.py for tasks to queue
[2026-02-24T09:07:21.113+0000] {logging_mixin.py:190} INFO - [2026-02-24T09:07:21.112+0000] {dagbag.py:588} INFO - Filling up the DagBag from /opt/airflow/dags/music_ingestion_dag.py
[2026-02-24T09:07:21.150+0000] {processor.py:925} INFO - DAG(s) '01_music_ingestion_realtime' retrieved from /opt/airflow/dags/music_ingestion_dag.py
[2026-02-24T09:07:21.186+0000] {logging_mixin.py:190} INFO - [2026-02-24T09:07:21.186+0000] {dag.py:3239} INFO - Sync 1 DAGs
[2026-02-24T09:07:21.216+0000] {logging_mixin.py:190} INFO - [2026-02-24T09:07:21.216+0000] {dag.py:4180} INFO - Setting next_dagrun for 01_music_ingestion_realtime to 2026-02-24 08:00:00+00:00, run_after=2026-02-24 09:00:00+00:00
[2026-02-24T09:07:21.244+0000] {processor.py:208} INFO - Processing /opt/airflow/dags/music_ingestion_dag.py took 0.144 seconds
[2026-02-24T09:07:51.610+0000] {processor.py:186} INFO - Started process (PID=1096) to work on /opt/airflow/dags/music_ingestion_dag.py
[2026-02-24T09:07:51.611+0000] {processor.py:914} INFO - Processing file /opt/airflow/dags/music_ingestion_dag.py for tasks to queue
[2026-02-24T09:07:51.613+0000] {logging_mixin.py:190} INFO - [2026-02-24T09:07:51.613+0000] {dagbag.py:588} INFO - Filling up the DagBag from /opt/airflow/dags/music_ingestion_dag.py
[2026-02-24T09:07:51.634+0000] {processor.py:925} INFO - DAG(s) '01_music_ingestion_realtime' retrieved from /opt/airflow/dags/music_ingestion_dag.py
[2026-02-24T09:07:51.663+0000] {logging_mixin.py:190} INFO - [2026-02-24T09:07:51.663+0000] {dag.py:3239} INFO - Sync 1 DAGs
[2026-02-24T09:07:51.691+0000] {logging_mixin.py:190} INFO - [2026-02-24T09:07:51.691+0000] {dag.py:4180} INFO - Setting next_dagrun for 01_music_ingestion_realtime to 2026-02-24 08:00:00+00:00, run_after=2026-02-24 09:00:00+00:00
[2026-02-24T09:07:51.711+0000] {processor.py:208} INFO - Processing /opt/airflow/dags/music_ingestion_dag.py took 0.106 seconds
[2026-02-24T09:08:21.953+0000] {processor.py:186} INFO - Started process (PID=1101) to work on /opt/airflow/dags/music_ingestion_dag.py
[2026-02-24T09:08:21.955+0000] {processor.py:914} INFO - Processing file /opt/airflow/dags/music_ingestion_dag.py for tasks to queue
[2026-02-24T09:08:21.957+0000] {logging_mixin.py:190} INFO - [2026-02-24T09:08:21.957+0000] {dagbag.py:588} INFO - Filling up the DagBag from /opt/airflow/dags/music_ingestion_dag.py
[2026-02-24T09:08:21.978+0000] {processor.py:925} INFO - DAG(s) '01_music_ingestion_realtime' retrieved from /opt/airflow/dags/music_ingestion_dag.py
[2026-02-24T09:08:22.024+0000] {logging_mixin.py:190} INFO - [2026-02-24T09:08:22.024+0000] {dag.py:3239} INFO - Sync 1 DAGs
[2026-02-24T09:08:22.049+0000] {logging_mixin.py:190} INFO - [2026-02-24T09:08:22.049+0000] {dag.py:4180} INFO - Setting next_dagrun for 01_music_ingestion_realtime to 2026-02-24 08:00:00+00:00, run_after=2026-02-24 09:00:00+00:00
[2026-02-24T09:08:22.075+0000] {processor.py:208} INFO - Processing /opt/airflow/dags/music_ingestion_dag.py took 0.128 seconds
[2026-02-24T09:08:52.379+0000] {processor.py:186} INFO - Started process (PID=1106) to work on /opt/airflow/dags/music_ingestion_dag.py
[2026-02-24T09:08:52.381+0000] {processor.py:914} INFO - Processing file /opt/airflow/dags/music_ingestion_dag.py for tasks to queue
[2026-02-24T09:08:52.383+0000] {logging_mixin.py:190} INFO - [2026-02-24T09:08:52.383+0000] {dagbag.py:588} INFO - Filling up the DagBag from /opt/airflow/dags/music_ingestion_dag.py
[2026-02-24T09:08:52.405+0000] {processor.py:925} INFO - DAG(s) '01_music_ingestion_realtime' retrieved from /opt/airflow/dags/music_ingestion_dag.py
[2026-02-24T09:08:52.437+0000] {logging_mixin.py:190} INFO - [2026-02-24T09:08:52.437+0000] {dag.py:3239} INFO - Sync 1 DAGs
[2026-02-24T09:08:52.463+0000] {logging_mixin.py:190} INFO - [2026-02-24T09:08:52.463+0000] {dag.py:4180} INFO - Setting next_dagrun for 01_music_ingestion_realtime to 2026-02-24 08:00:00+00:00, run_after=2026-02-24 09:00:00+00:00
[2026-02-24T09:08:52.489+0000] {processor.py:208} INFO - Processing /opt/airflow/dags/music_ingestion_dag.py took 0.115 seconds
[2026-02-24T09:09:22.770+0000] {processor.py:186} INFO - Started process (PID=1111) to work on /opt/airflow/dags/music_ingestion_dag.py
[2026-02-24T09:09:22.772+0000] {processor.py:914} INFO - Processing file /opt/airflow/dags/music_ingestion_dag.py for tasks to queue
[2026-02-24T09:09:22.774+0000] {logging_mixin.py:190} INFO - [2026-02-24T09:09:22.774+0000] {dagbag.py:588} INFO - Filling up the DagBag from /opt/airflow/dags/music_ingestion_dag.py
[2026-02-24T09:09:22.791+0000] {processor.py:925} INFO - DAG(s) '01_music_ingestion_realtime' retrieved from /opt/airflow/dags/music_ingestion_dag.py
[2026-02-24T09:09:22.823+0000] {logging_mixin.py:190} INFO - [2026-02-24T09:09:22.823+0000] {dag.py:3239} INFO - Sync 1 DAGs
[2026-02-24T09:09:22.850+0000] {logging_mixin.py:190} INFO - [2026-02-24T09:09:22.850+0000] {dag.py:4180} INFO - Setting next_dagrun for 01_music_ingestion_realtime to 2026-02-24 08:00:00+00:00, run_after=2026-02-24 09:00:00+00:00
[2026-02-24T09:09:22.877+0000] {processor.py:208} INFO - Processing /opt/airflow/dags/music_ingestion_dag.py took 0.112 seconds
[2026-02-24T09:09:53.675+0000] {processor.py:186} INFO - Started process (PID=1116) to work on /opt/airflow/dags/music_ingestion_dag.py
[2026-02-24T09:09:53.676+0000] {processor.py:914} INFO - Processing file /opt/airflow/dags/music_ingestion_dag.py for tasks to queue
[2026-02-24T09:09:53.679+0000] {logging_mixin.py:190} INFO - [2026-02-24T09:09:53.679+0000] {dagbag.py:588} INFO - Filling up the DagBag from /opt/airflow/dags/music_ingestion_dag.py
[2026-02-24T09:09:53.702+0000] {processor.py:925} INFO - DAG(s) '01_music_ingestion_realtime' retrieved from /opt/airflow/dags/music_ingestion_dag.py
[2026-02-24T09:09:53.733+0000] {logging_mixin.py:190} INFO - [2026-02-24T09:09:53.733+0000] {dag.py:3239} INFO - Sync 1 DAGs
[2026-02-24T09:09:53.759+0000] {logging_mixin.py:190} INFO - [2026-02-24T09:09:53.759+0000] {dag.py:4180} INFO - Setting next_dagrun for 01_music_ingestion_realtime to 2026-02-24 08:00:00+00:00, run_after=2026-02-24 09:00:00+00:00
[2026-02-24T09:09:53.788+0000] {processor.py:208} INFO - Processing /opt/airflow/dags/music_ingestion_dag.py took 0.118 seconds
[2026-02-24T09:10:24.012+0000] {processor.py:186} INFO - Started process (PID=1121) to work on /opt/airflow/dags/music_ingestion_dag.py
[2026-02-24T09:10:24.013+0000] {processor.py:914} INFO - Processing file /opt/airflow/dags/music_ingestion_dag.py for tasks to queue
[2026-02-24T09:10:24.016+0000] {logging_mixin.py:190} INFO - [2026-02-24T09:10:24.016+0000] {dagbag.py:588} INFO - Filling up the DagBag from /opt/airflow/dags/music_ingestion_dag.py
[2026-02-24T09:10:24.049+0000] {processor.py:925} INFO - DAG(s) '01_music_ingestion_realtime' retrieved from /opt/airflow/dags/music_ingestion_dag.py
[2026-02-24T09:10:24.130+0000] {logging_mixin.py:190} INFO - [2026-02-24T09:10:24.130+0000] {dag.py:3239} INFO - Sync 1 DAGs
[2026-02-24T09:10:24.163+0000] {logging_mixin.py:190} INFO - [2026-02-24T09:10:24.163+0000] {dag.py:4180} INFO - Setting next_dagrun for 01_music_ingestion_realtime to 2026-02-24 08:00:00+00:00, run_after=2026-02-24 09:00:00+00:00
[2026-02-24T09:10:24.191+0000] {processor.py:208} INFO - Processing /opt/airflow/dags/music_ingestion_dag.py took 0.187 seconds
[2026-02-24T09:10:54.458+0000] {processor.py:186} INFO - Started process (PID=1126) to work on /opt/airflow/dags/music_ingestion_dag.py
[2026-02-24T09:10:54.459+0000] {processor.py:914} INFO - Processing file /opt/airflow/dags/music_ingestion_dag.py for tasks to queue
[2026-02-24T09:10:54.462+0000] {logging_mixin.py:190} INFO - [2026-02-24T09:10:54.462+0000] {dagbag.py:588} INFO - Filling up the DagBag from /opt/airflow/dags/music_ingestion_dag.py
[2026-02-24T09:10:54.482+0000] {processor.py:925} INFO - DAG(s) '01_music_ingestion_realtime' retrieved from /opt/airflow/dags/music_ingestion_dag.py
[2026-02-24T09:10:54.516+0000] {logging_mixin.py:190} INFO - [2026-02-24T09:10:54.515+0000] {dag.py:3239} INFO - Sync 1 DAGs
[2026-02-24T09:10:54.546+0000] {logging_mixin.py:190} INFO - [2026-02-24T09:10:54.546+0000] {dag.py:4180} INFO - Setting next_dagrun for 01_music_ingestion_realtime to 2026-02-24 08:00:00+00:00, run_after=2026-02-24 09:00:00+00:00
[2026-02-24T09:10:54.573+0000] {processor.py:208} INFO - Processing /opt/airflow/dags/music_ingestion_dag.py took 0.121 seconds
[2026-02-24T09:11:24.867+0000] {processor.py:186} INFO - Started process (PID=1131) to work on /opt/airflow/dags/music_ingestion_dag.py
[2026-02-24T09:11:24.868+0000] {processor.py:914} INFO - Processing file /opt/airflow/dags/music_ingestion_dag.py for tasks to queue
[2026-02-24T09:11:24.871+0000] {logging_mixin.py:190} INFO - [2026-02-24T09:11:24.870+0000] {dagbag.py:588} INFO - Filling up the DagBag from /opt/airflow/dags/music_ingestion_dag.py
[2026-02-24T09:11:24.891+0000] {processor.py:925} INFO - DAG(s) '01_music_ingestion_realtime' retrieved from /opt/airflow/dags/music_ingestion_dag.py
[2026-02-24T09:11:24.921+0000] {logging_mixin.py:190} INFO - [2026-02-24T09:11:24.920+0000] {dag.py:3239} INFO - Sync 1 DAGs
[2026-02-24T09:11:24.956+0000] {logging_mixin.py:190} INFO - [2026-02-24T09:11:24.956+0000] {dag.py:4180} INFO - Setting next_dagrun for 01_music_ingestion_realtime to 2026-02-24 08:00:00+00:00, run_after=2026-02-24 09:00:00+00:00
[2026-02-24T09:11:24.980+0000] {processor.py:208} INFO - Processing /opt/airflow/dags/music_ingestion_dag.py took 0.119 seconds
[2026-02-24T09:11:55.204+0000] {processor.py:186} INFO - Started process (PID=1136) to work on /opt/airflow/dags/music_ingestion_dag.py
[2026-02-24T09:11:55.205+0000] {processor.py:914} INFO - Processing file /opt/airflow/dags/music_ingestion_dag.py for tasks to queue
[2026-02-24T09:11:55.208+0000] {logging_mixin.py:190} INFO - [2026-02-24T09:11:55.208+0000] {dagbag.py:588} INFO - Filling up the DagBag from /opt/airflow/dags/music_ingestion_dag.py
[2026-02-24T09:11:55.231+0000] {processor.py:925} INFO - DAG(s) '01_music_ingestion_realtime' retrieved from /opt/airflow/dags/music_ingestion_dag.py
[2026-02-24T09:11:55.263+0000] {logging_mixin.py:190} INFO - [2026-02-24T09:11:55.262+0000] {dag.py:3239} INFO - Sync 1 DAGs
[2026-02-24T09:11:55.293+0000] {logging_mixin.py:190} INFO - [2026-02-24T09:11:55.293+0000] {dag.py:4180} INFO - Setting next_dagrun for 01_music_ingestion_realtime to 2026-02-24 08:00:00+00:00, run_after=2026-02-24 09:00:00+00:00
[2026-02-24T09:11:55.320+0000] {processor.py:208} INFO - Processing /opt/airflow/dags/music_ingestion_dag.py took 0.122 seconds
[2026-02-24T09:12:25.618+0000] {processor.py:186} INFO - Started process (PID=1141) to work on /opt/airflow/dags/music_ingestion_dag.py
[2026-02-24T09:12:25.619+0000] {processor.py:914} INFO - Processing file /opt/airflow/dags/music_ingestion_dag.py for tasks to queue
[2026-02-24T09:12:25.623+0000] {logging_mixin.py:190} INFO - [2026-02-24T09:12:25.622+0000] {dagbag.py:588} INFO - Filling up the DagBag from /opt/airflow/dags/music_ingestion_dag.py
[2026-02-24T09:12:25.643+0000] {processor.py:925} INFO - DAG(s) '01_music_ingestion_realtime' retrieved from /opt/airflow/dags/music_ingestion_dag.py
[2026-02-24T09:12:25.672+0000] {logging_mixin.py:190} INFO - [2026-02-24T09:12:25.672+0000] {dag.py:3239} INFO - Sync 1 DAGs
[2026-02-24T09:12:25.698+0000] {logging_mixin.py:190} INFO - [2026-02-24T09:12:25.697+0000] {dag.py:4180} INFO - Setting next_dagrun for 01_music_ingestion_realtime to 2026-02-24 08:00:00+00:00, run_after=2026-02-24 09:00:00+00:00
[2026-02-24T09:12:25.728+0000] {processor.py:208} INFO - Processing /opt/airflow/dags/music_ingestion_dag.py took 0.115 seconds
[2026-02-24T09:12:55.956+0000] {processor.py:186} INFO - Started process (PID=1146) to work on /opt/airflow/dags/music_ingestion_dag.py
[2026-02-24T09:12:55.958+0000] {processor.py:914} INFO - Processing file /opt/airflow/dags/music_ingestion_dag.py for tasks to queue
[2026-02-24T09:12:55.960+0000] {logging_mixin.py:190} INFO - [2026-02-24T09:12:55.960+0000] {dagbag.py:588} INFO - Filling up the DagBag from /opt/airflow/dags/music_ingestion_dag.py
[2026-02-24T09:12:55.981+0000] {processor.py:925} INFO - DAG(s) '01_music_ingestion_realtime' retrieved from /opt/airflow/dags/music_ingestion_dag.py
[2026-02-24T09:12:56.018+0000] {logging_mixin.py:190} INFO - [2026-02-24T09:12:56.018+0000] {dag.py:3239} INFO - Sync 1 DAGs
[2026-02-24T09:12:56.045+0000] {logging_mixin.py:190} INFO - [2026-02-24T09:12:56.045+0000] {dag.py:4180} INFO - Setting next_dagrun for 01_music_ingestion_realtime to 2026-02-24 08:00:00+00:00, run_after=2026-02-24 09:00:00+00:00
[2026-02-24T09:12:56.074+0000] {processor.py:208} INFO - Processing /opt/airflow/dags/music_ingestion_dag.py took 0.124 seconds
[2026-02-24T09:13:26.391+0000] {processor.py:186} INFO - Started process (PID=1151) to work on /opt/airflow/dags/music_ingestion_dag.py
[2026-02-24T09:13:26.393+0000] {processor.py:914} INFO - Processing file /opt/airflow/dags/music_ingestion_dag.py for tasks to queue
[2026-02-24T09:13:26.397+0000] {logging_mixin.py:190} INFO - [2026-02-24T09:13:26.396+0000] {dagbag.py:588} INFO - Filling up the DagBag from /opt/airflow/dags/music_ingestion_dag.py
[2026-02-24T09:13:26.438+0000] {processor.py:925} INFO - DAG(s) '01_music_ingestion_realtime' retrieved from /opt/airflow/dags/music_ingestion_dag.py
[2026-02-24T09:13:26.482+0000] {logging_mixin.py:190} INFO - [2026-02-24T09:13:26.481+0000] {dag.py:3239} INFO - Sync 1 DAGs
[2026-02-24T09:13:26.536+0000] {logging_mixin.py:190} INFO - [2026-02-24T09:13:26.536+0000] {dag.py:4180} INFO - Setting next_dagrun for 01_music_ingestion_realtime to 2026-02-24 08:00:00+00:00, run_after=2026-02-24 09:00:00+00:00
[2026-02-24T09:13:26.571+0000] {processor.py:208} INFO - Processing /opt/airflow/dags/music_ingestion_dag.py took 0.185 seconds
[2026-02-24T09:13:56.700+0000] {processor.py:186} INFO - Started process (PID=1156) to work on /opt/airflow/dags/music_ingestion_dag.py
[2026-02-24T09:13:56.701+0000] {processor.py:914} INFO - Processing file /opt/airflow/dags/music_ingestion_dag.py for tasks to queue
[2026-02-24T09:13:56.705+0000] {logging_mixin.py:190} INFO - [2026-02-24T09:13:56.704+0000] {dagbag.py:588} INFO - Filling up the DagBag from /opt/airflow/dags/music_ingestion_dag.py
[2026-02-24T09:13:56.722+0000] {processor.py:925} INFO - DAG(s) '01_music_ingestion_realtime' retrieved from /opt/airflow/dags/music_ingestion_dag.py
[2026-02-24T09:13:56.755+0000] {logging_mixin.py:190} INFO - [2026-02-24T09:13:56.755+0000] {dag.py:3239} INFO - Sync 1 DAGs
[2026-02-24T09:13:56.784+0000] {logging_mixin.py:190} INFO - [2026-02-24T09:13:56.784+0000] {dag.py:4180} INFO - Setting next_dagrun for 01_music_ingestion_realtime to 2026-02-24 08:00:00+00:00, run_after=2026-02-24 09:00:00+00:00
[2026-02-24T09:13:56.816+0000] {processor.py:208} INFO - Processing /opt/airflow/dags/music_ingestion_dag.py took 0.122 seconds
[2026-02-24T09:14:27.016+0000] {processor.py:186} INFO - Started process (PID=1161) to work on /opt/airflow/dags/music_ingestion_dag.py
[2026-02-24T09:14:27.018+0000] {processor.py:914} INFO - Processing file /opt/airflow/dags/music_ingestion_dag.py for tasks to queue
[2026-02-24T09:14:27.022+0000] {logging_mixin.py:190} INFO - [2026-02-24T09:14:27.021+0000] {dagbag.py:588} INFO - Filling up the DagBag from /opt/airflow/dags/music_ingestion_dag.py
[2026-02-24T09:14:27.049+0000] {processor.py:925} INFO - DAG(s) '01_music_ingestion_realtime' retrieved from /opt/airflow/dags/music_ingestion_dag.py
[2026-02-24T09:14:27.086+0000] {logging_mixin.py:190} INFO - [2026-02-24T09:14:27.085+0000] {dag.py:3239} INFO - Sync 1 DAGs
[2026-02-24T09:14:27.120+0000] {logging_mixin.py:190} INFO - [2026-02-24T09:14:27.119+0000] {dag.py:4180} INFO - Setting next_dagrun for 01_music_ingestion_realtime to 2026-02-24 08:00:00+00:00, run_after=2026-02-24 09:00:00+00:00
[2026-02-24T09:14:27.147+0000] {processor.py:208} INFO - Processing /opt/airflow/dags/music_ingestion_dag.py took 0.138 seconds
[2026-02-24T09:14:57.437+0000] {processor.py:186} INFO - Started process (PID=1166) to work on /opt/airflow/dags/music_ingestion_dag.py
[2026-02-24T09:14:57.439+0000] {processor.py:914} INFO - Processing file /opt/airflow/dags/music_ingestion_dag.py for tasks to queue
[2026-02-24T09:14:57.442+0000] {logging_mixin.py:190} INFO - [2026-02-24T09:14:57.442+0000] {dagbag.py:588} INFO - Filling up the DagBag from /opt/airflow/dags/music_ingestion_dag.py
[2026-02-24T09:14:57.465+0000] {processor.py:925} INFO - DAG(s) '01_music_ingestion_realtime' retrieved from /opt/airflow/dags/music_ingestion_dag.py
[2026-02-24T09:14:57.500+0000] {logging_mixin.py:190} INFO - [2026-02-24T09:14:57.500+0000] {dag.py:3239} INFO - Sync 1 DAGs
[2026-02-24T09:14:57.530+0000] {logging_mixin.py:190} INFO - [2026-02-24T09:14:57.530+0000] {dag.py:4180} INFO - Setting next_dagrun for 01_music_ingestion_realtime to 2026-02-24 08:00:00+00:00, run_after=2026-02-24 09:00:00+00:00
[2026-02-24T09:14:57.563+0000] {processor.py:208} INFO - Processing /opt/airflow/dags/music_ingestion_dag.py took 0.132 seconds
[2026-02-24T09:15:27.751+0000] {processor.py:186} INFO - Started process (PID=1171) to work on /opt/airflow/dags/music_ingestion_dag.py
[2026-02-24T09:15:27.753+0000] {processor.py:914} INFO - Processing file /opt/airflow/dags/music_ingestion_dag.py for tasks to queue
[2026-02-24T09:15:27.757+0000] {logging_mixin.py:190} INFO - [2026-02-24T09:15:27.756+0000] {dagbag.py:588} INFO - Filling up the DagBag from /opt/airflow/dags/music_ingestion_dag.py
[2026-02-24T09:15:27.790+0000] {processor.py:925} INFO - DAG(s) '01_music_ingestion_realtime' retrieved from /opt/airflow/dags/music_ingestion_dag.py
[2026-02-24T09:15:27.825+0000] {logging_mixin.py:190} INFO - [2026-02-24T09:15:27.825+0000] {dag.py:3239} INFO - Sync 1 DAGs
[2026-02-24T09:15:27.856+0000] {logging_mixin.py:190} INFO - [2026-02-24T09:15:27.856+0000] {dag.py:4180} INFO - Setting next_dagrun for 01_music_ingestion_realtime to 2026-02-24 08:00:00+00:00, run_after=2026-02-24 09:00:00+00:00
[2026-02-24T09:15:27.884+0000] {processor.py:208} INFO - Processing /opt/airflow/dags/music_ingestion_dag.py took 0.141 seconds
[2026-02-24T09:15:58.215+0000] {processor.py:186} INFO - Started process (PID=1176) to work on /opt/airflow/dags/music_ingestion_dag.py
[2026-02-24T09:15:58.216+0000] {processor.py:914} INFO - Processing file /opt/airflow/dags/music_ingestion_dag.py for tasks to queue
[2026-02-24T09:15:58.218+0000] {logging_mixin.py:190} INFO - [2026-02-24T09:15:58.218+0000] {dagbag.py:588} INFO - Filling up the DagBag from /opt/airflow/dags/music_ingestion_dag.py
[2026-02-24T09:15:58.239+0000] {processor.py:925} INFO - DAG(s) '01_music_ingestion_realtime' retrieved from /opt/airflow/dags/music_ingestion_dag.py
[2026-02-24T09:15:58.268+0000] {logging_mixin.py:190} INFO - [2026-02-24T09:15:58.267+0000] {dag.py:3239} INFO - Sync 1 DAGs
[2026-02-24T09:15:58.292+0000] {logging_mixin.py:190} INFO - [2026-02-24T09:15:58.291+0000] {dag.py:4180} INFO - Setting next_dagrun for 01_music_ingestion_realtime to 2026-02-24 08:00:00+00:00, run_after=2026-02-24 09:00:00+00:00
[2026-02-24T09:15:58.320+0000] {processor.py:208} INFO - Processing /opt/airflow/dags/music_ingestion_dag.py took 0.110 seconds
[2026-02-24T09:16:28.552+0000] {processor.py:186} INFO - Started process (PID=1181) to work on /opt/airflow/dags/music_ingestion_dag.py
[2026-02-24T09:16:28.553+0000] {processor.py:914} INFO - Processing file /opt/airflow/dags/music_ingestion_dag.py for tasks to queue
[2026-02-24T09:16:28.556+0000] {logging_mixin.py:190} INFO - [2026-02-24T09:16:28.555+0000] {dagbag.py:588} INFO - Filling up the DagBag from /opt/airflow/dags/music_ingestion_dag.py
[2026-02-24T09:16:28.581+0000] {processor.py:925} INFO - DAG(s) '01_music_ingestion_realtime' retrieved from /opt/airflow/dags/music_ingestion_dag.py
[2026-02-24T09:16:28.617+0000] {logging_mixin.py:190} INFO - [2026-02-24T09:16:28.616+0000] {dag.py:3239} INFO - Sync 1 DAGs
[2026-02-24T09:16:28.645+0000] {logging_mixin.py:190} INFO - [2026-02-24T09:16:28.644+0000] {dag.py:4180} INFO - Setting next_dagrun for 01_music_ingestion_realtime to 2026-02-24 08:00:00+00:00, run_after=2026-02-24 09:00:00+00:00
[2026-02-24T09:16:28.672+0000] {processor.py:208} INFO - Processing /opt/airflow/dags/music_ingestion_dag.py took 0.127 seconds
[2026-02-24T09:16:58.885+0000] {processor.py:186} INFO - Started process (PID=1186) to work on /opt/airflow/dags/music_ingestion_dag.py
[2026-02-24T09:16:58.887+0000] {processor.py:914} INFO - Processing file /opt/airflow/dags/music_ingestion_dag.py for tasks to queue
[2026-02-24T09:16:58.890+0000] {logging_mixin.py:190} INFO - [2026-02-24T09:16:58.889+0000] {dagbag.py:588} INFO - Filling up the DagBag from /opt/airflow/dags/music_ingestion_dag.py
[2026-02-24T09:16:58.910+0000] {processor.py:925} INFO - DAG(s) '01_music_ingestion_realtime' retrieved from /opt/airflow/dags/music_ingestion_dag.py
[2026-02-24T09:16:58.939+0000] {logging_mixin.py:190} INFO - [2026-02-24T09:16:58.939+0000] {dag.py:3239} INFO - Sync 1 DAGs
[2026-02-24T09:16:58.965+0000] {logging_mixin.py:190} INFO - [2026-02-24T09:16:58.965+0000] {dag.py:4180} INFO - Setting next_dagrun for 01_music_ingestion_realtime to 2026-02-24 08:00:00+00:00, run_after=2026-02-24 09:00:00+00:00
[2026-02-24T09:16:58.989+0000] {processor.py:208} INFO - Processing /opt/airflow/dags/music_ingestion_dag.py took 0.110 seconds
[2026-02-24T09:17:29.178+0000] {processor.py:186} INFO - Started process (PID=1191) to work on /opt/airflow/dags/music_ingestion_dag.py
[2026-02-24T09:17:29.180+0000] {processor.py:914} INFO - Processing file /opt/airflow/dags/music_ingestion_dag.py for tasks to queue
[2026-02-24T09:17:29.184+0000] {logging_mixin.py:190} INFO - [2026-02-24T09:17:29.183+0000] {dagbag.py:588} INFO - Filling up the DagBag from /opt/airflow/dags/music_ingestion_dag.py
[2026-02-24T09:17:29.210+0000] {processor.py:925} INFO - DAG(s) '01_music_ingestion_realtime' retrieved from /opt/airflow/dags/music_ingestion_dag.py
[2026-02-24T09:17:29.242+0000] {logging_mixin.py:190} INFO - [2026-02-24T09:17:29.242+0000] {dag.py:3239} INFO - Sync 1 DAGs
[2026-02-24T09:17:29.268+0000] {logging_mixin.py:190} INFO - [2026-02-24T09:17:29.268+0000] {dag.py:4180} INFO - Setting next_dagrun for 01_music_ingestion_realtime to 2026-02-24 08:00:00+00:00, run_after=2026-02-24 09:00:00+00:00
[2026-02-24T09:17:29.291+0000] {processor.py:208} INFO - Processing /opt/airflow/dags/music_ingestion_dag.py took 0.119 seconds
[2026-02-24T09:17:59.540+0000] {processor.py:186} INFO - Started process (PID=1196) to work on /opt/airflow/dags/music_ingestion_dag.py
[2026-02-24T09:17:59.541+0000] {processor.py:914} INFO - Processing file /opt/airflow/dags/music_ingestion_dag.py for tasks to queue
[2026-02-24T09:17:59.543+0000] {logging_mixin.py:190} INFO - [2026-02-24T09:17:59.543+0000] {dagbag.py:588} INFO - Filling up the DagBag from /opt/airflow/dags/music_ingestion_dag.py
[2026-02-24T09:17:59.562+0000] {processor.py:925} INFO - DAG(s) '01_music_ingestion_realtime' retrieved from /opt/airflow/dags/music_ingestion_dag.py
[2026-02-24T09:17:59.594+0000] {logging_mixin.py:190} INFO - [2026-02-24T09:17:59.594+0000] {dag.py:3239} INFO - Sync 1 DAGs
[2026-02-24T09:17:59.621+0000] {logging_mixin.py:190} INFO - [2026-02-24T09:17:59.620+0000] {dag.py:4180} INFO - Setting next_dagrun for 01_music_ingestion_realtime to 2026-02-24 08:00:00+00:00, run_after=2026-02-24 09:00:00+00:00
[2026-02-24T09:17:59.648+0000] {processor.py:208} INFO - Processing /opt/airflow/dags/music_ingestion_dag.py took 0.115 seconds
[2026-02-24T09:18:30.036+0000] {processor.py:186} INFO - Started process (PID=1201) to work on /opt/airflow/dags/music_ingestion_dag.py
[2026-02-24T09:18:30.037+0000] {processor.py:914} INFO - Processing file /opt/airflow/dags/music_ingestion_dag.py for tasks to queue
[2026-02-24T09:18:30.040+0000] {logging_mixin.py:190} INFO - [2026-02-24T09:18:30.040+0000] {dagbag.py:588} INFO - Filling up the DagBag from /opt/airflow/dags/music_ingestion_dag.py
[2026-02-24T09:18:30.060+0000] {processor.py:925} INFO - DAG(s) '01_music_ingestion_realtime' retrieved from /opt/airflow/dags/music_ingestion_dag.py
[2026-02-24T09:18:30.086+0000] {logging_mixin.py:190} INFO - [2026-02-24T09:18:30.085+0000] {dag.py:3239} INFO - Sync 1 DAGs
[2026-02-24T09:18:30.111+0000] {logging_mixin.py:190} INFO - [2026-02-24T09:18:30.111+0000] {dag.py:4180} INFO - Setting next_dagrun for 01_music_ingestion_realtime to 2026-02-24 08:00:00+00:00, run_after=2026-02-24 09:00:00+00:00
[2026-02-24T09:18:30.133+0000] {processor.py:208} INFO - Processing /opt/airflow/dags/music_ingestion_dag.py took 0.102 seconds
[2026-02-24T09:19:00.415+0000] {processor.py:186} INFO - Started process (PID=1206) to work on /opt/airflow/dags/music_ingestion_dag.py
[2026-02-24T09:19:00.416+0000] {processor.py:914} INFO - Processing file /opt/airflow/dags/music_ingestion_dag.py for tasks to queue
[2026-02-24T09:19:00.418+0000] {logging_mixin.py:190} INFO - [2026-02-24T09:19:00.418+0000] {dagbag.py:588} INFO - Filling up the DagBag from /opt/airflow/dags/music_ingestion_dag.py
[2026-02-24T09:19:00.436+0000] {processor.py:925} INFO - DAG(s) '01_music_ingestion_realtime' retrieved from /opt/airflow/dags/music_ingestion_dag.py
[2026-02-24T09:19:00.468+0000] {logging_mixin.py:190} INFO - [2026-02-24T09:19:00.468+0000] {dag.py:3239} INFO - Sync 1 DAGs
[2026-02-24T09:19:00.497+0000] {logging_mixin.py:190} INFO - [2026-02-24T09:19:00.497+0000] {dag.py:4180} INFO - Setting next_dagrun for 01_music_ingestion_realtime to 2026-02-24 08:00:00+00:00, run_after=2026-02-24 09:00:00+00:00
[2026-02-24T09:19:00.522+0000] {processor.py:208} INFO - Processing /opt/airflow/dags/music_ingestion_dag.py took 0.113 seconds
[2026-02-24T09:19:30.995+0000] {processor.py:186} INFO - Started process (PID=1211) to work on /opt/airflow/dags/music_ingestion_dag.py
[2026-02-24T09:19:30.996+0000] {processor.py:914} INFO - Processing file /opt/airflow/dags/music_ingestion_dag.py for tasks to queue
[2026-02-24T09:19:31.051+0000] {logging_mixin.py:190} INFO - [2026-02-24T09:19:31.042+0000] {dagbag.py:588} INFO - Filling up the DagBag from /opt/airflow/dags/music_ingestion_dag.py
[2026-02-24T09:19:31.253+0000] {processor.py:925} INFO - DAG(s) '01_music_ingestion_realtime' retrieved from /opt/airflow/dags/music_ingestion_dag.py
[2026-02-24T09:19:31.426+0000] {logging_mixin.py:190} INFO - [2026-02-24T09:19:31.426+0000] {dag.py:3239} INFO - Sync 1 DAGs
[2026-02-24T09:19:31.525+0000] {logging_mixin.py:190} INFO - [2026-02-24T09:19:31.524+0000] {dag.py:4180} INFO - Setting next_dagrun for 01_music_ingestion_realtime to 2026-02-24 08:00:00+00:00, run_after=2026-02-24 09:00:00+00:00
[2026-02-24T09:19:31.579+0000] {processor.py:208} INFO - Processing /opt/airflow/dags/music_ingestion_dag.py took 0.688 seconds
[2026-02-24T09:20:02.023+0000] {processor.py:186} INFO - Started process (PID=1216) to work on /opt/airflow/dags/music_ingestion_dag.py
[2026-02-24T09:20:02.024+0000] {processor.py:914} INFO - Processing file /opt/airflow/dags/music_ingestion_dag.py for tasks to queue
[2026-02-24T09:20:02.026+0000] {logging_mixin.py:190} INFO - [2026-02-24T09:20:02.026+0000] {dagbag.py:588} INFO - Filling up the DagBag from /opt/airflow/dags/music_ingestion_dag.py
[2026-02-24T09:20:02.046+0000] {processor.py:925} INFO - DAG(s) '01_music_ingestion_realtime' retrieved from /opt/airflow/dags/music_ingestion_dag.py
[2026-02-24T09:20:02.073+0000] {logging_mixin.py:190} INFO - [2026-02-24T09:20:02.073+0000] {dag.py:3239} INFO - Sync 1 DAGs
[2026-02-24T09:20:02.098+0000] {logging_mixin.py:190} INFO - [2026-02-24T09:20:02.098+0000] {dag.py:4180} INFO - Setting next_dagrun for 01_music_ingestion_realtime to 2026-02-24 08:00:00+00:00, run_after=2026-02-24 09:00:00+00:00
[2026-02-24T09:20:02.127+0000] {processor.py:208} INFO - Processing /opt/airflow/dags/music_ingestion_dag.py took 0.111 seconds
[2026-02-24T09:20:32.424+0000] {processor.py:186} INFO - Started process (PID=1221) to work on /opt/airflow/dags/music_ingestion_dag.py
[2026-02-24T09:20:32.426+0000] {processor.py:914} INFO - Processing file /opt/airflow/dags/music_ingestion_dag.py for tasks to queue
[2026-02-24T09:20:32.431+0000] {logging_mixin.py:190} INFO - [2026-02-24T09:20:32.430+0000] {dagbag.py:588} INFO - Filling up the DagBag from /opt/airflow/dags/music_ingestion_dag.py
[2026-02-24T09:20:32.480+0000] {processor.py:925} INFO - DAG(s) '01_music_ingestion_realtime' retrieved from /opt/airflow/dags/music_ingestion_dag.py
[2026-02-24T09:20:32.519+0000] {logging_mixin.py:190} INFO - [2026-02-24T09:20:32.518+0000] {dag.py:3239} INFO - Sync 1 DAGs
[2026-02-24T09:20:32.548+0000] {logging_mixin.py:190} INFO - [2026-02-24T09:20:32.548+0000] {dag.py:4180} INFO - Setting next_dagrun for 01_music_ingestion_realtime to 2026-02-24 08:00:00+00:00, run_after=2026-02-24 09:00:00+00:00
[2026-02-24T09:20:32.576+0000] {processor.py:208} INFO - Processing /opt/airflow/dags/music_ingestion_dag.py took 0.163 seconds
[2026-02-24T09:21:02.807+0000] {processor.py:186} INFO - Started process (PID=1226) to work on /opt/airflow/dags/music_ingestion_dag.py
[2026-02-24T09:21:02.808+0000] {processor.py:914} INFO - Processing file /opt/airflow/dags/music_ingestion_dag.py for tasks to queue
[2026-02-24T09:21:02.810+0000] {logging_mixin.py:190} INFO - [2026-02-24T09:21:02.810+0000] {dagbag.py:588} INFO - Filling up the DagBag from /opt/airflow/dags/music_ingestion_dag.py
[2026-02-24T09:21:02.831+0000] {processor.py:925} INFO - DAG(s) '01_music_ingestion_realtime' retrieved from /opt/airflow/dags/music_ingestion_dag.py
[2026-02-24T09:21:02.860+0000] {logging_mixin.py:190} INFO - [2026-02-24T09:21:02.860+0000] {dag.py:3239} INFO - Sync 1 DAGs
[2026-02-24T09:21:02.885+0000] {logging_mixin.py:190} INFO - [2026-02-24T09:21:02.885+0000] {dag.py:4180} INFO - Setting next_dagrun for 01_music_ingestion_realtime to 2026-02-24 08:00:00+00:00, run_after=2026-02-24 09:00:00+00:00
[2026-02-24T09:21:02.912+0000] {processor.py:208} INFO - Processing /opt/airflow/dags/music_ingestion_dag.py took 0.111 seconds
[2026-02-24T09:21:33.266+0000] {processor.py:186} INFO - Started process (PID=1231) to work on /opt/airflow/dags/music_ingestion_dag.py
[2026-02-24T09:21:33.267+0000] {processor.py:914} INFO - Processing file /opt/airflow/dags/music_ingestion_dag.py for tasks to queue
[2026-02-24T09:21:33.269+0000] {logging_mixin.py:190} INFO - [2026-02-24T09:21:33.268+0000] {dagbag.py:588} INFO - Filling up the DagBag from /opt/airflow/dags/music_ingestion_dag.py
[2026-02-24T09:21:33.286+0000] {processor.py:925} INFO - DAG(s) '01_music_ingestion_realtime' retrieved from /opt/airflow/dags/music_ingestion_dag.py
[2026-02-24T09:21:33.315+0000] {logging_mixin.py:190} INFO - [2026-02-24T09:21:33.315+0000] {dag.py:3239} INFO - Sync 1 DAGs
[2026-02-24T09:21:33.340+0000] {logging_mixin.py:190} INFO - [2026-02-24T09:21:33.339+0000] {dag.py:4180} INFO - Setting next_dagrun for 01_music_ingestion_realtime to 2026-02-24 08:00:00+00:00, run_after=2026-02-24 09:00:00+00:00
[2026-02-24T09:21:33.364+0000] {processor.py:208} INFO - Processing /opt/airflow/dags/music_ingestion_dag.py took 0.105 seconds
[2026-02-24T09:22:03.636+0000] {processor.py:186} INFO - Started process (PID=1236) to work on /opt/airflow/dags/music_ingestion_dag.py
[2026-02-24T09:22:03.638+0000] {processor.py:914} INFO - Processing file /opt/airflow/dags/music_ingestion_dag.py for tasks to queue
[2026-02-24T09:22:03.641+0000] {logging_mixin.py:190} INFO - [2026-02-24T09:22:03.640+0000] {dagbag.py:588} INFO - Filling up the DagBag from /opt/airflow/dags/music_ingestion_dag.py
[2026-02-24T09:22:03.670+0000] {processor.py:925} INFO - DAG(s) '01_music_ingestion_realtime' retrieved from /opt/airflow/dags/music_ingestion_dag.py
[2026-02-24T09:22:03.698+0000] {logging_mixin.py:190} INFO - [2026-02-24T09:22:03.698+0000] {dag.py:3239} INFO - Sync 1 DAGs
[2026-02-24T09:22:03.724+0000] {logging_mixin.py:190} INFO - [2026-02-24T09:22:03.723+0000] {dag.py:4180} INFO - Setting next_dagrun for 01_music_ingestion_realtime to 2026-02-24 08:00:00+00:00, run_after=2026-02-24 09:00:00+00:00
[2026-02-24T09:22:03.751+0000] {processor.py:208} INFO - Processing /opt/airflow/dags/music_ingestion_dag.py took 0.121 seconds
[2026-02-24T09:22:34.126+0000] {processor.py:186} INFO - Started process (PID=1241) to work on /opt/airflow/dags/music_ingestion_dag.py
[2026-02-24T09:22:34.128+0000] {processor.py:914} INFO - Processing file /opt/airflow/dags/music_ingestion_dag.py for tasks to queue
[2026-02-24T09:22:34.135+0000] {logging_mixin.py:190} INFO - [2026-02-24T09:22:34.134+0000] {dagbag.py:588} INFO - Filling up the DagBag from /opt/airflow/dags/music_ingestion_dag.py
[2026-02-24T09:22:34.168+0000] {processor.py:925} INFO - DAG(s) '01_music_ingestion_realtime' retrieved from /opt/airflow/dags/music_ingestion_dag.py
[2026-02-24T09:22:34.193+0000] {logging_mixin.py:190} INFO - [2026-02-24T09:22:34.193+0000] {dag.py:3239} INFO - Sync 1 DAGs
[2026-02-24T09:22:34.218+0000] {logging_mixin.py:190} INFO - [2026-02-24T09:22:34.218+0000] {dag.py:4180} INFO - Setting next_dagrun for 01_music_ingestion_realtime to 2026-02-24 08:00:00+00:00, run_after=2026-02-24 09:00:00+00:00
[2026-02-24T09:22:34.245+0000] {processor.py:208} INFO - Processing /opt/airflow/dags/music_ingestion_dag.py took 0.130 seconds
[2026-02-24T09:23:04.498+0000] {processor.py:186} INFO - Started process (PID=1246) to work on /opt/airflow/dags/music_ingestion_dag.py
[2026-02-24T09:23:04.500+0000] {processor.py:914} INFO - Processing file /opt/airflow/dags/music_ingestion_dag.py for tasks to queue
[2026-02-24T09:23:04.503+0000] {logging_mixin.py:190} INFO - [2026-02-24T09:23:04.503+0000] {dagbag.py:588} INFO - Filling up the DagBag from /opt/airflow/dags/music_ingestion_dag.py
[2026-02-24T09:23:04.526+0000] {processor.py:925} INFO - DAG(s) '01_music_ingestion_realtime' retrieved from /opt/airflow/dags/music_ingestion_dag.py
[2026-02-24T09:23:04.556+0000] {logging_mixin.py:190} INFO - [2026-02-24T09:23:04.556+0000] {dag.py:3239} INFO - Sync 1 DAGs
[2026-02-24T09:23:04.582+0000] {logging_mixin.py:190} INFO - [2026-02-24T09:23:04.582+0000] {dag.py:4180} INFO - Setting next_dagrun for 01_music_ingestion_realtime to 2026-02-24 08:00:00+00:00, run_after=2026-02-24 09:00:00+00:00
[2026-02-24T09:23:04.615+0000] {processor.py:208} INFO - Processing /opt/airflow/dags/music_ingestion_dag.py took 0.122 seconds
[2026-02-24T09:23:35.090+0000] {processor.py:186} INFO - Started process (PID=1251) to work on /opt/airflow/dags/music_ingestion_dag.py
[2026-02-24T09:23:35.108+0000] {processor.py:914} INFO - Processing file /opt/airflow/dags/music_ingestion_dag.py for tasks to queue
[2026-02-24T09:23:35.150+0000] {logging_mixin.py:190} INFO - [2026-02-24T09:23:35.143+0000] {dagbag.py:588} INFO - Filling up the DagBag from /opt/airflow/dags/music_ingestion_dag.py
[2026-02-24T09:23:35.302+0000] {processor.py:925} INFO - DAG(s) '01_music_ingestion_realtime' retrieved from /opt/airflow/dags/music_ingestion_dag.py
[2026-02-24T09:23:35.362+0000] {logging_mixin.py:190} INFO - [2026-02-24T09:23:35.362+0000] {dag.py:3239} INFO - Sync 1 DAGs
[2026-02-24T09:23:35.452+0000] {logging_mixin.py:190} INFO - [2026-02-24T09:23:35.452+0000] {dag.py:4180} INFO - Setting next_dagrun for 01_music_ingestion_realtime to 2026-02-24 08:00:00+00:00, run_after=2026-02-24 09:00:00+00:00
[2026-02-24T09:23:35.506+0000] {processor.py:208} INFO - Processing /opt/airflow/dags/music_ingestion_dag.py took 0.512 seconds
[2026-02-24T09:24:05.877+0000] {processor.py:186} INFO - Started process (PID=1256) to work on /opt/airflow/dags/music_ingestion_dag.py
[2026-02-24T09:24:05.880+0000] {processor.py:914} INFO - Processing file /opt/airflow/dags/music_ingestion_dag.py for tasks to queue
[2026-02-24T09:24:05.884+0000] {logging_mixin.py:190} INFO - [2026-02-24T09:24:05.884+0000] {dagbag.py:588} INFO - Filling up the DagBag from /opt/airflow/dags/music_ingestion_dag.py
[2026-02-24T09:24:05.913+0000] {processor.py:925} INFO - DAG(s) '01_music_ingestion_realtime' retrieved from /opt/airflow/dags/music_ingestion_dag.py
[2026-02-24T09:24:05.947+0000] {logging_mixin.py:190} INFO - [2026-02-24T09:24:05.947+0000] {dag.py:3239} INFO - Sync 1 DAGs
[2026-02-24T09:24:06.072+0000] {logging_mixin.py:190} INFO - [2026-02-24T09:24:06.071+0000] {dag.py:4180} INFO - Setting next_dagrun for 01_music_ingestion_realtime to 2026-02-24 08:00:00+00:00, run_after=2026-02-24 09:00:00+00:00
[2026-02-24T09:24:06.152+0000] {processor.py:208} INFO - Processing /opt/airflow/dags/music_ingestion_dag.py took 0.285 seconds
[2026-02-24T09:24:36.489+0000] {processor.py:186} INFO - Started process (PID=1261) to work on /opt/airflow/dags/music_ingestion_dag.py
[2026-02-24T09:24:36.490+0000] {processor.py:914} INFO - Processing file /opt/airflow/dags/music_ingestion_dag.py for tasks to queue
[2026-02-24T09:24:36.494+0000] {logging_mixin.py:190} INFO - [2026-02-24T09:24:36.494+0000] {dagbag.py:588} INFO - Filling up the DagBag from /opt/airflow/dags/music_ingestion_dag.py
[2026-02-24T09:24:36.522+0000] {processor.py:925} INFO - DAG(s) '01_music_ingestion_realtime' retrieved from /opt/airflow/dags/music_ingestion_dag.py
[2026-02-24T09:24:36.559+0000] {logging_mixin.py:190} INFO - [2026-02-24T09:24:36.558+0000] {dag.py:3239} INFO - Sync 1 DAGs
[2026-02-24T09:24:36.602+0000] {logging_mixin.py:190} INFO - [2026-02-24T09:24:36.602+0000] {dag.py:4180} INFO - Setting next_dagrun for 01_music_ingestion_realtime to 2026-02-24 08:00:00+00:00, run_after=2026-02-24 09:00:00+00:00
[2026-02-24T09:24:36.655+0000] {processor.py:208} INFO - Processing /opt/airflow/dags/music_ingestion_dag.py took 0.174 seconds
[2026-02-24T09:25:06.787+0000] {processor.py:186} INFO - Started process (PID=1266) to work on /opt/airflow/dags/music_ingestion_dag.py
[2026-02-24T09:25:06.788+0000] {processor.py:914} INFO - Processing file /opt/airflow/dags/music_ingestion_dag.py for tasks to queue
[2026-02-24T09:25:06.791+0000] {logging_mixin.py:190} INFO - [2026-02-24T09:25:06.790+0000] {dagbag.py:588} INFO - Filling up the DagBag from /opt/airflow/dags/music_ingestion_dag.py
[2026-02-24T09:25:06.818+0000] {processor.py:925} INFO - DAG(s) '01_music_ingestion_realtime' retrieved from /opt/airflow/dags/music_ingestion_dag.py
[2026-02-24T09:25:06.847+0000] {logging_mixin.py:190} INFO - [2026-02-24T09:25:06.847+0000] {dag.py:3239} INFO - Sync 1 DAGs
[2026-02-24T09:25:06.872+0000] {logging_mixin.py:190} INFO - [2026-02-24T09:25:06.872+0000] {dag.py:4180} INFO - Setting next_dagrun for 01_music_ingestion_realtime to 2026-02-24 08:00:00+00:00, run_after=2026-02-24 09:00:00+00:00
[2026-02-24T09:25:06.898+0000] {processor.py:208} INFO - Processing /opt/airflow/dags/music_ingestion_dag.py took 0.118 seconds
[2026-02-24T09:25:37.106+0000] {processor.py:186} INFO - Started process (PID=1271) to work on /opt/airflow/dags/music_ingestion_dag.py
[2026-02-24T09:25:37.107+0000] {processor.py:914} INFO - Processing file /opt/airflow/dags/music_ingestion_dag.py for tasks to queue
[2026-02-24T09:25:37.110+0000] {logging_mixin.py:190} INFO - [2026-02-24T09:25:37.109+0000] {dagbag.py:588} INFO - Filling up the DagBag from /opt/airflow/dags/music_ingestion_dag.py
[2026-02-24T09:25:37.127+0000] {processor.py:925} INFO - DAG(s) '01_music_ingestion_realtime' retrieved from /opt/airflow/dags/music_ingestion_dag.py
[2026-02-24T09:25:37.156+0000] {logging_mixin.py:190} INFO - [2026-02-24T09:25:37.156+0000] {dag.py:3239} INFO - Sync 1 DAGs
[2026-02-24T09:25:37.183+0000] {logging_mixin.py:190} INFO - [2026-02-24T09:25:37.183+0000] {dag.py:4180} INFO - Setting next_dagrun for 01_music_ingestion_realtime to 2026-02-24 08:00:00+00:00, run_after=2026-02-24 09:00:00+00:00
[2026-02-24T09:25:37.216+0000] {processor.py:208} INFO - Processing /opt/airflow/dags/music_ingestion_dag.py took 0.116 seconds
[2026-02-24T09:26:07.547+0000] {processor.py:186} INFO - Started process (PID=1276) to work on /opt/airflow/dags/music_ingestion_dag.py
[2026-02-24T09:26:07.548+0000] {processor.py:914} INFO - Processing file /opt/airflow/dags/music_ingestion_dag.py for tasks to queue
[2026-02-24T09:26:07.551+0000] {logging_mixin.py:190} INFO - [2026-02-24T09:26:07.551+0000] {dagbag.py:588} INFO - Filling up the DagBag from /opt/airflow/dags/music_ingestion_dag.py
[2026-02-24T09:26:07.571+0000] {processor.py:925} INFO - DAG(s) '01_music_ingestion_realtime' retrieved from /opt/airflow/dags/music_ingestion_dag.py
[2026-02-24T09:26:07.601+0000] {logging_mixin.py:190} INFO - [2026-02-24T09:26:07.601+0000] {dag.py:3239} INFO - Sync 1 DAGs
[2026-02-24T09:26:07.628+0000] {logging_mixin.py:190} INFO - [2026-02-24T09:26:07.628+0000] {dag.py:4180} INFO - Setting next_dagrun for 01_music_ingestion_realtime to 2026-02-24 08:00:00+00:00, run_after=2026-02-24 09:00:00+00:00
[2026-02-24T09:26:07.668+0000] {processor.py:208} INFO - Processing /opt/airflow/dags/music_ingestion_dag.py took 0.130 seconds
[2026-02-24T09:26:37.886+0000] {processor.py:186} INFO - Started process (PID=1281) to work on /opt/airflow/dags/music_ingestion_dag.py
[2026-02-24T09:26:37.887+0000] {processor.py:914} INFO - Processing file /opt/airflow/dags/music_ingestion_dag.py for tasks to queue
[2026-02-24T09:26:37.891+0000] {logging_mixin.py:190} INFO - [2026-02-24T09:26:37.890+0000] {dagbag.py:588} INFO - Filling up the DagBag from /opt/airflow/dags/music_ingestion_dag.py
[2026-02-24T09:26:37.913+0000] {processor.py:925} INFO - DAG(s) '01_music_ingestion_realtime' retrieved from /opt/airflow/dags/music_ingestion_dag.py
[2026-02-24T09:26:37.946+0000] {logging_mixin.py:190} INFO - [2026-02-24T09:26:37.946+0000] {dag.py:3239} INFO - Sync 1 DAGs
[2026-02-24T09:26:37.974+0000] {logging_mixin.py:190} INFO - [2026-02-24T09:26:37.974+0000] {dag.py:4180} INFO - Setting next_dagrun for 01_music_ingestion_realtime to 2026-02-24 08:00:00+00:00, run_after=2026-02-24 09:00:00+00:00
[2026-02-24T09:26:37.999+0000] {processor.py:208} INFO - Processing /opt/airflow/dags/music_ingestion_dag.py took 0.123 seconds
[2026-02-24T09:27:08.325+0000] {processor.py:186} INFO - Started process (PID=1286) to work on /opt/airflow/dags/music_ingestion_dag.py
[2026-02-24T09:27:08.326+0000] {processor.py:914} INFO - Processing file /opt/airflow/dags/music_ingestion_dag.py for tasks to queue
[2026-02-24T09:27:08.330+0000] {logging_mixin.py:190} INFO - [2026-02-24T09:27:08.330+0000] {dagbag.py:588} INFO - Filling up the DagBag from /opt/airflow/dags/music_ingestion_dag.py
[2026-02-24T09:27:08.366+0000] {processor.py:925} INFO - DAG(s) '01_music_ingestion_realtime' retrieved from /opt/airflow/dags/music_ingestion_dag.py
[2026-02-24T09:27:08.401+0000] {logging_mixin.py:190} INFO - [2026-02-24T09:27:08.400+0000] {dag.py:3239} INFO - Sync 1 DAGs
[2026-02-24T09:27:08.427+0000] {logging_mixin.py:190} INFO - [2026-02-24T09:27:08.426+0000] {dag.py:4180} INFO - Setting next_dagrun for 01_music_ingestion_realtime to 2026-02-24 08:00:00+00:00, run_after=2026-02-24 09:00:00+00:00
[2026-02-24T09:27:08.450+0000] {processor.py:208} INFO - Processing /opt/airflow/dags/music_ingestion_dag.py took 0.134 seconds
[2026-02-24T09:27:38.816+0000] {processor.py:186} INFO - Started process (PID=1291) to work on /opt/airflow/dags/music_ingestion_dag.py
[2026-02-24T09:27:38.825+0000] {processor.py:914} INFO - Processing file /opt/airflow/dags/music_ingestion_dag.py for tasks to queue
[2026-02-24T09:27:38.845+0000] {logging_mixin.py:190} INFO - [2026-02-24T09:27:38.843+0000] {dagbag.py:588} INFO - Filling up the DagBag from /opt/airflow/dags/music_ingestion_dag.py
[2026-02-24T09:27:38.890+0000] {processor.py:925} INFO - DAG(s) '01_music_ingestion_realtime' retrieved from /opt/airflow/dags/music_ingestion_dag.py
[2026-02-24T09:27:38.955+0000] {logging_mixin.py:190} INFO - [2026-02-24T09:27:38.955+0000] {dag.py:3239} INFO - Sync 1 DAGs
[2026-02-24T09:27:38.995+0000] {logging_mixin.py:190} INFO - [2026-02-24T09:27:38.995+0000] {dag.py:4180} INFO - Setting next_dagrun for 01_music_ingestion_realtime to 2026-02-24 08:00:00+00:00, run_after=2026-02-24 09:00:00+00:00
[2026-02-24T09:27:39.030+0000] {processor.py:208} INFO - Processing /opt/airflow/dags/music_ingestion_dag.py took 0.253 seconds
[2026-02-24T09:28:09.349+0000] {processor.py:186} INFO - Started process (PID=1296) to work on /opt/airflow/dags/music_ingestion_dag.py
[2026-02-24T09:28:09.351+0000] {processor.py:914} INFO - Processing file /opt/airflow/dags/music_ingestion_dag.py for tasks to queue
[2026-02-24T09:28:09.353+0000] {logging_mixin.py:190} INFO - [2026-02-24T09:28:09.353+0000] {dagbag.py:588} INFO - Filling up the DagBag from /opt/airflow/dags/music_ingestion_dag.py
[2026-02-24T09:28:09.384+0000] {processor.py:925} INFO - DAG(s) '01_music_ingestion_realtime' retrieved from /opt/airflow/dags/music_ingestion_dag.py
[2026-02-24T09:28:09.417+0000] {logging_mixin.py:190} INFO - [2026-02-24T09:28:09.417+0000] {dag.py:3239} INFO - Sync 1 DAGs
[2026-02-24T09:28:09.456+0000] {logging_mixin.py:190} INFO - [2026-02-24T09:28:09.456+0000] {dag.py:4180} INFO - Setting next_dagrun for 01_music_ingestion_realtime to 2026-02-24 08:00:00+00:00, run_after=2026-02-24 09:00:00+00:00
[2026-02-24T09:28:09.485+0000] {processor.py:208} INFO - Processing /opt/airflow/dags/music_ingestion_dag.py took 0.167 seconds
[2026-02-24T09:28:39.760+0000] {processor.py:186} INFO - Started process (PID=1301) to work on /opt/airflow/dags/music_ingestion_dag.py
[2026-02-24T09:28:39.761+0000] {processor.py:914} INFO - Processing file /opt/airflow/dags/music_ingestion_dag.py for tasks to queue
[2026-02-24T09:28:39.766+0000] {logging_mixin.py:190} INFO - [2026-02-24T09:28:39.765+0000] {dagbag.py:588} INFO - Filling up the DagBag from /opt/airflow/dags/music_ingestion_dag.py
[2026-02-24T09:28:39.810+0000] {processor.py:925} INFO - DAG(s) '01_music_ingestion_realtime' retrieved from /opt/airflow/dags/music_ingestion_dag.py
[2026-02-24T09:28:39.845+0000] {logging_mixin.py:190} INFO - [2026-02-24T09:28:39.845+0000] {dag.py:3239} INFO - Sync 1 DAGs
[2026-02-24T09:28:39.874+0000] {logging_mixin.py:190} INFO - [2026-02-24T09:28:39.874+0000] {dag.py:4180} INFO - Setting next_dagrun for 01_music_ingestion_realtime to 2026-02-24 08:00:00+00:00, run_after=2026-02-24 09:00:00+00:00
[2026-02-24T09:28:39.902+0000] {processor.py:208} INFO - Processing /opt/airflow/dags/music_ingestion_dag.py took 0.149 seconds
[2026-02-24T09:29:10.107+0000] {processor.py:186} INFO - Started process (PID=1306) to work on /opt/airflow/dags/music_ingestion_dag.py
[2026-02-24T09:29:10.108+0000] {processor.py:914} INFO - Processing file /opt/airflow/dags/music_ingestion_dag.py for tasks to queue
[2026-02-24T09:29:10.113+0000] {logging_mixin.py:190} INFO - [2026-02-24T09:29:10.112+0000] {dagbag.py:588} INFO - Filling up the DagBag from /opt/airflow/dags/music_ingestion_dag.py
[2026-02-24T09:29:10.136+0000] {processor.py:925} INFO - DAG(s) '01_music_ingestion_realtime' retrieved from /opt/airflow/dags/music_ingestion_dag.py
[2026-02-24T09:29:10.175+0000] {logging_mixin.py:190} INFO - [2026-02-24T09:29:10.174+0000] {dag.py:3239} INFO - Sync 1 DAGs
[2026-02-24T09:29:10.207+0000] {logging_mixin.py:190} INFO - [2026-02-24T09:29:10.207+0000] {dag.py:4180} INFO - Setting next_dagrun for 01_music_ingestion_realtime to 2026-02-24 08:00:00+00:00, run_after=2026-02-24 09:00:00+00:00
[2026-02-24T09:29:10.239+0000] {processor.py:208} INFO - Processing /opt/airflow/dags/music_ingestion_dag.py took 0.139 seconds
[2026-02-24T09:29:40.508+0000] {processor.py:186} INFO - Started process (PID=1311) to work on /opt/airflow/dags/music_ingestion_dag.py
[2026-02-24T09:29:40.510+0000] {processor.py:914} INFO - Processing file /opt/airflow/dags/music_ingestion_dag.py for tasks to queue
[2026-02-24T09:29:40.514+0000] {logging_mixin.py:190} INFO - [2026-02-24T09:29:40.513+0000] {dagbag.py:588} INFO - Filling up the DagBag from /opt/airflow/dags/music_ingestion_dag.py
[2026-02-24T09:29:40.536+0000] {processor.py:925} INFO - DAG(s) '01_music_ingestion_realtime' retrieved from /opt/airflow/dags/music_ingestion_dag.py
[2026-02-24T09:29:40.569+0000] {logging_mixin.py:190} INFO - [2026-02-24T09:29:40.569+0000] {dag.py:3239} INFO - Sync 1 DAGs
[2026-02-24T09:29:40.594+0000] {logging_mixin.py:190} INFO - [2026-02-24T09:29:40.594+0000] {dag.py:4180} INFO - Setting next_dagrun for 01_music_ingestion_realtime to 2026-02-24 08:00:00+00:00, run_after=2026-02-24 09:00:00+00:00
[2026-02-24T09:29:40.619+0000] {processor.py:208} INFO - Processing /opt/airflow/dags/music_ingestion_dag.py took 0.117 seconds
[2026-02-24T09:30:10.874+0000] {processor.py:186} INFO - Started process (PID=1316) to work on /opt/airflow/dags/music_ingestion_dag.py
[2026-02-24T09:30:10.875+0000] {processor.py:914} INFO - Processing file /opt/airflow/dags/music_ingestion_dag.py for tasks to queue
[2026-02-24T09:30:10.877+0000] {logging_mixin.py:190} INFO - [2026-02-24T09:30:10.877+0000] {dagbag.py:588} INFO - Filling up the DagBag from /opt/airflow/dags/music_ingestion_dag.py
[2026-02-24T09:30:10.895+0000] {processor.py:925} INFO - DAG(s) '01_music_ingestion_realtime' retrieved from /opt/airflow/dags/music_ingestion_dag.py
[2026-02-24T09:30:10.926+0000] {logging_mixin.py:190} INFO - [2026-02-24T09:30:10.926+0000] {dag.py:3239} INFO - Sync 1 DAGs
[2026-02-24T09:30:10.953+0000] {logging_mixin.py:190} INFO - [2026-02-24T09:30:10.952+0000] {dag.py:4180} INFO - Setting next_dagrun for 01_music_ingestion_realtime to 2026-02-24 08:00:00+00:00, run_after=2026-02-24 09:00:00+00:00
[2026-02-24T09:30:10.981+0000] {processor.py:208} INFO - Processing /opt/airflow/dags/music_ingestion_dag.py took 0.114 seconds
[2026-02-24T09:30:41.299+0000] {processor.py:186} INFO - Started process (PID=1321) to work on /opt/airflow/dags/music_ingestion_dag.py
[2026-02-24T09:30:41.303+0000] {processor.py:914} INFO - Processing file /opt/airflow/dags/music_ingestion_dag.py for tasks to queue
[2026-02-24T09:30:41.306+0000] {logging_mixin.py:190} INFO - [2026-02-24T09:30:41.306+0000] {dagbag.py:588} INFO - Filling up the DagBag from /opt/airflow/dags/music_ingestion_dag.py
[2026-02-24T09:30:41.341+0000] {processor.py:925} INFO - DAG(s) '01_music_ingestion_realtime' retrieved from /opt/airflow/dags/music_ingestion_dag.py
[2026-02-24T09:30:41.375+0000] {logging_mixin.py:190} INFO - [2026-02-24T09:30:41.375+0000] {dag.py:3239} INFO - Sync 1 DAGs
[2026-02-24T09:30:41.415+0000] {logging_mixin.py:190} INFO - [2026-02-24T09:30:41.414+0000] {dag.py:4180} INFO - Setting next_dagrun for 01_music_ingestion_realtime to 2026-02-24 08:00:00+00:00, run_after=2026-02-24 09:00:00+00:00
[2026-02-24T09:30:41.443+0000] {processor.py:208} INFO - Processing /opt/airflow/dags/music_ingestion_dag.py took 0.151 seconds
[2026-02-24T09:31:11.622+0000] {processor.py:186} INFO - Started process (PID=1326) to work on /opt/airflow/dags/music_ingestion_dag.py
[2026-02-24T09:31:11.623+0000] {processor.py:914} INFO - Processing file /opt/airflow/dags/music_ingestion_dag.py for tasks to queue
[2026-02-24T09:31:11.626+0000] {logging_mixin.py:190} INFO - [2026-02-24T09:31:11.626+0000] {dagbag.py:588} INFO - Filling up the DagBag from /opt/airflow/dags/music_ingestion_dag.py
[2026-02-24T09:31:11.646+0000] {processor.py:925} INFO - DAG(s) '01_music_ingestion_realtime' retrieved from /opt/airflow/dags/music_ingestion_dag.py
[2026-02-24T09:31:11.696+0000] {logging_mixin.py:190} INFO - [2026-02-24T09:31:11.696+0000] {dag.py:3239} INFO - Sync 1 DAGs
[2026-02-24T09:31:11.769+0000] {logging_mixin.py:190} INFO - [2026-02-24T09:31:11.769+0000] {dag.py:4180} INFO - Setting next_dagrun for 01_music_ingestion_realtime to 2026-02-24 08:00:00+00:00, run_after=2026-02-24 09:00:00+00:00
[2026-02-24T09:31:11.801+0000] {processor.py:208} INFO - Processing /opt/airflow/dags/music_ingestion_dag.py took 0.186 seconds
[2026-02-24T09:31:42.095+0000] {processor.py:186} INFO - Started process (PID=1331) to work on /opt/airflow/dags/music_ingestion_dag.py
[2026-02-24T09:31:42.097+0000] {processor.py:914} INFO - Processing file /opt/airflow/dags/music_ingestion_dag.py for tasks to queue
[2026-02-24T09:31:42.100+0000] {logging_mixin.py:190} INFO - [2026-02-24T09:31:42.100+0000] {dagbag.py:588} INFO - Filling up the DagBag from /opt/airflow/dags/music_ingestion_dag.py
[2026-02-24T09:31:42.134+0000] {processor.py:925} INFO - DAG(s) '01_music_ingestion_realtime' retrieved from /opt/airflow/dags/music_ingestion_dag.py
[2026-02-24T09:31:42.166+0000] {logging_mixin.py:190} INFO - [2026-02-24T09:31:42.166+0000] {dag.py:3239} INFO - Sync 1 DAGs
[2026-02-24T09:31:42.193+0000] {logging_mixin.py:190} INFO - [2026-02-24T09:31:42.193+0000] {dag.py:4180} INFO - Setting next_dagrun for 01_music_ingestion_realtime to 2026-02-24 08:00:00+00:00, run_after=2026-02-24 09:00:00+00:00
[2026-02-24T09:31:42.220+0000] {processor.py:208} INFO - Processing /opt/airflow/dags/music_ingestion_dag.py took 0.133 seconds
[2026-02-24T09:32:12.500+0000] {processor.py:186} INFO - Started process (PID=1336) to work on /opt/airflow/dags/music_ingestion_dag.py
[2026-02-24T09:32:12.501+0000] {processor.py:914} INFO - Processing file /opt/airflow/dags/music_ingestion_dag.py for tasks to queue
[2026-02-24T09:32:12.504+0000] {logging_mixin.py:190} INFO - [2026-02-24T09:32:12.503+0000] {dagbag.py:588} INFO - Filling up the DagBag from /opt/airflow/dags/music_ingestion_dag.py
[2026-02-24T09:32:12.527+0000] {processor.py:925} INFO - DAG(s) '01_music_ingestion_realtime' retrieved from /opt/airflow/dags/music_ingestion_dag.py
[2026-02-24T09:32:12.555+0000] {logging_mixin.py:190} INFO - [2026-02-24T09:32:12.555+0000] {dag.py:3239} INFO - Sync 1 DAGs
[2026-02-24T09:32:12.586+0000] {logging_mixin.py:190} INFO - [2026-02-24T09:32:12.586+0000] {dag.py:4180} INFO - Setting next_dagrun for 01_music_ingestion_realtime to 2026-02-24 08:00:00+00:00, run_after=2026-02-24 09:00:00+00:00
[2026-02-24T09:32:12.619+0000] {processor.py:208} INFO - Processing /opt/airflow/dags/music_ingestion_dag.py took 0.125 seconds
[2026-02-24T09:32:42.859+0000] {processor.py:186} INFO - Started process (PID=1341) to work on /opt/airflow/dags/music_ingestion_dag.py
[2026-02-24T09:32:42.861+0000] {processor.py:914} INFO - Processing file /opt/airflow/dags/music_ingestion_dag.py for tasks to queue
[2026-02-24T09:32:42.863+0000] {logging_mixin.py:190} INFO - [2026-02-24T09:32:42.863+0000] {dagbag.py:588} INFO - Filling up the DagBag from /opt/airflow/dags/music_ingestion_dag.py
[2026-02-24T09:32:42.882+0000] {processor.py:925} INFO - DAG(s) '01_music_ingestion_realtime' retrieved from /opt/airflow/dags/music_ingestion_dag.py
[2026-02-24T09:32:42.914+0000] {logging_mixin.py:190} INFO - [2026-02-24T09:32:42.914+0000] {dag.py:3239} INFO - Sync 1 DAGs
[2026-02-24T09:32:42.943+0000] {logging_mixin.py:190} INFO - [2026-02-24T09:32:42.942+0000] {dag.py:4180} INFO - Setting next_dagrun for 01_music_ingestion_realtime to 2026-02-24 08:00:00+00:00, run_after=2026-02-24 09:00:00+00:00
[2026-02-24T09:32:42.972+0000] {processor.py:208} INFO - Processing /opt/airflow/dags/music_ingestion_dag.py took 0.119 seconds
[2026-02-24T09:33:13.233+0000] {processor.py:186} INFO - Started process (PID=1346) to work on /opt/airflow/dags/music_ingestion_dag.py
[2026-02-24T09:33:13.234+0000] {processor.py:914} INFO - Processing file /opt/airflow/dags/music_ingestion_dag.py for tasks to queue
[2026-02-24T09:33:13.237+0000] {logging_mixin.py:190} INFO - [2026-02-24T09:33:13.237+0000] {dagbag.py:588} INFO - Filling up the DagBag from /opt/airflow/dags/music_ingestion_dag.py
[2026-02-24T09:33:13.259+0000] {processor.py:925} INFO - DAG(s) '01_music_ingestion_realtime' retrieved from /opt/airflow/dags/music_ingestion_dag.py
[2026-02-24T09:33:13.293+0000] {logging_mixin.py:190} INFO - [2026-02-24T09:33:13.293+0000] {dag.py:3239} INFO - Sync 1 DAGs
[2026-02-24T09:33:13.321+0000] {logging_mixin.py:190} INFO - [2026-02-24T09:33:13.321+0000] {dag.py:4180} INFO - Setting next_dagrun for 01_music_ingestion_realtime to 2026-02-24 08:00:00+00:00, run_after=2026-02-24 09:00:00+00:00
[2026-02-24T09:33:13.343+0000] {processor.py:208} INFO - Processing /opt/airflow/dags/music_ingestion_dag.py took 0.117 seconds
[2026-02-24T09:33:43.647+0000] {processor.py:186} INFO - Started process (PID=1351) to work on /opt/airflow/dags/music_ingestion_dag.py
[2026-02-24T09:33:43.648+0000] {processor.py:914} INFO - Processing file /opt/airflow/dags/music_ingestion_dag.py for tasks to queue
[2026-02-24T09:33:43.651+0000] {logging_mixin.py:190} INFO - [2026-02-24T09:33:43.650+0000] {dagbag.py:588} INFO - Filling up the DagBag from /opt/airflow/dags/music_ingestion_dag.py
[2026-02-24T09:33:43.670+0000] {processor.py:925} INFO - DAG(s) '01_music_ingestion_realtime' retrieved from /opt/airflow/dags/music_ingestion_dag.py
[2026-02-24T09:33:43.710+0000] {logging_mixin.py:190} INFO - [2026-02-24T09:33:43.710+0000] {dag.py:3239} INFO - Sync 1 DAGs
[2026-02-24T09:33:43.734+0000] {logging_mixin.py:190} INFO - [2026-02-24T09:33:43.734+0000] {dag.py:4180} INFO - Setting next_dagrun for 01_music_ingestion_realtime to 2026-02-24 08:00:00+00:00, run_after=2026-02-24 09:00:00+00:00
[2026-02-24T09:33:43.771+0000] {processor.py:208} INFO - Processing /opt/airflow/dags/music_ingestion_dag.py took 0.131 seconds
[2026-02-24T09:34:14.034+0000] {processor.py:186} INFO - Started process (PID=1356) to work on /opt/airflow/dags/music_ingestion_dag.py
[2026-02-24T09:34:14.036+0000] {processor.py:914} INFO - Processing file /opt/airflow/dags/music_ingestion_dag.py for tasks to queue
[2026-02-24T09:34:14.041+0000] {logging_mixin.py:190} INFO - [2026-02-24T09:34:14.040+0000] {dagbag.py:588} INFO - Filling up the DagBag from /opt/airflow/dags/music_ingestion_dag.py
[2026-02-24T09:34:14.063+0000] {processor.py:925} INFO - DAG(s) '01_music_ingestion_realtime' retrieved from /opt/airflow/dags/music_ingestion_dag.py
[2026-02-24T09:34:14.102+0000] {logging_mixin.py:190} INFO - [2026-02-24T09:34:14.102+0000] {dag.py:3239} INFO - Sync 1 DAGs
[2026-02-24T09:34:14.137+0000] {logging_mixin.py:190} INFO - [2026-02-24T09:34:14.137+0000] {dag.py:4180} INFO - Setting next_dagrun for 01_music_ingestion_realtime to 2026-02-24 08:00:00+00:00, run_after=2026-02-24 09:00:00+00:00
[2026-02-24T09:34:14.170+0000] {processor.py:208} INFO - Processing /opt/airflow/dags/music_ingestion_dag.py took 0.147 seconds
[2026-02-24T09:34:44.443+0000] {processor.py:186} INFO - Started process (PID=1361) to work on /opt/airflow/dags/music_ingestion_dag.py
[2026-02-24T09:34:44.446+0000] {processor.py:914} INFO - Processing file /opt/airflow/dags/music_ingestion_dag.py for tasks to queue
[2026-02-24T09:34:44.451+0000] {logging_mixin.py:190} INFO - [2026-02-24T09:34:44.451+0000] {dagbag.py:588} INFO - Filling up the DagBag from /opt/airflow/dags/music_ingestion_dag.py
[2026-02-24T09:34:44.469+0000] {processor.py:925} INFO - DAG(s) '01_music_ingestion_realtime' retrieved from /opt/airflow/dags/music_ingestion_dag.py
[2026-02-24T09:34:44.497+0000] {logging_mixin.py:190} INFO - [2026-02-24T09:34:44.497+0000] {dag.py:3239} INFO - Sync 1 DAGs
[2026-02-24T09:34:44.521+0000] {logging_mixin.py:190} INFO - [2026-02-24T09:34:44.521+0000] {dag.py:4180} INFO - Setting next_dagrun for 01_music_ingestion_realtime to 2026-02-24 08:00:00+00:00, run_after=2026-02-24 09:00:00+00:00
[2026-02-24T09:34:44.547+0000] {processor.py:208} INFO - Processing /opt/airflow/dags/music_ingestion_dag.py took 0.114 seconds
[2026-02-24T09:35:14.894+0000] {processor.py:186} INFO - Started process (PID=1366) to work on /opt/airflow/dags/music_ingestion_dag.py
[2026-02-24T09:35:14.895+0000] {processor.py:914} INFO - Processing file /opt/airflow/dags/music_ingestion_dag.py for tasks to queue
[2026-02-24T09:35:14.898+0000] {logging_mixin.py:190} INFO - [2026-02-24T09:35:14.898+0000] {dagbag.py:588} INFO - Filling up the DagBag from /opt/airflow/dags/music_ingestion_dag.py
[2026-02-24T09:35:14.920+0000] {processor.py:925} INFO - DAG(s) '01_music_ingestion_realtime' retrieved from /opt/airflow/dags/music_ingestion_dag.py
[2026-02-24T09:35:14.949+0000] {logging_mixin.py:190} INFO - [2026-02-24T09:35:14.949+0000] {dag.py:3239} INFO - Sync 1 DAGs
[2026-02-24T09:35:14.983+0000] {logging_mixin.py:190} INFO - [2026-02-24T09:35:14.982+0000] {dag.py:4180} INFO - Setting next_dagrun for 01_music_ingestion_realtime to 2026-02-24 08:00:00+00:00, run_after=2026-02-24 09:00:00+00:00
[2026-02-24T09:35:15.010+0000] {processor.py:208} INFO - Processing /opt/airflow/dags/music_ingestion_dag.py took 0.125 seconds
[2026-02-24T09:35:45.266+0000] {processor.py:186} INFO - Started process (PID=1371) to work on /opt/airflow/dags/music_ingestion_dag.py
[2026-02-24T09:35:45.267+0000] {processor.py:914} INFO - Processing file /opt/airflow/dags/music_ingestion_dag.py for tasks to queue
[2026-02-24T09:35:45.269+0000] {logging_mixin.py:190} INFO - [2026-02-24T09:35:45.269+0000] {dagbag.py:588} INFO - Filling up the DagBag from /opt/airflow/dags/music_ingestion_dag.py
[2026-02-24T09:35:45.300+0000] {processor.py:925} INFO - DAG(s) '01_music_ingestion_realtime' retrieved from /opt/airflow/dags/music_ingestion_dag.py
[2026-02-24T09:35:45.328+0000] {logging_mixin.py:190} INFO - [2026-02-24T09:35:45.328+0000] {dag.py:3239} INFO - Sync 1 DAGs
[2026-02-24T09:35:45.358+0000] {logging_mixin.py:190} INFO - [2026-02-24T09:35:45.357+0000] {dag.py:4180} INFO - Setting next_dagrun for 01_music_ingestion_realtime to 2026-02-24 08:00:00+00:00, run_after=2026-02-24 09:00:00+00:00
[2026-02-24T09:35:45.384+0000] {processor.py:208} INFO - Processing /opt/airflow/dags/music_ingestion_dag.py took 0.124 seconds
[2026-02-24T09:36:15.785+0000] {processor.py:186} INFO - Started process (PID=1376) to work on /opt/airflow/dags/music_ingestion_dag.py
[2026-02-24T09:36:15.786+0000] {processor.py:914} INFO - Processing file /opt/airflow/dags/music_ingestion_dag.py for tasks to queue
[2026-02-24T09:36:15.788+0000] {logging_mixin.py:190} INFO - [2026-02-24T09:36:15.788+0000] {dagbag.py:588} INFO - Filling up the DagBag from /opt/airflow/dags/music_ingestion_dag.py
[2026-02-24T09:36:15.806+0000] {processor.py:925} INFO - DAG(s) '01_music_ingestion_realtime' retrieved from /opt/airflow/dags/music_ingestion_dag.py
[2026-02-24T09:36:15.837+0000] {logging_mixin.py:190} INFO - [2026-02-24T09:36:15.837+0000] {dag.py:3239} INFO - Sync 1 DAGs
[2026-02-24T09:36:15.861+0000] {logging_mixin.py:190} INFO - [2026-02-24T09:36:15.861+0000] {dag.py:4180} INFO - Setting next_dagrun for 01_music_ingestion_realtime to 2026-02-24 08:00:00+00:00, run_after=2026-02-24 09:00:00+00:00
[2026-02-24T09:36:15.886+0000] {processor.py:208} INFO - Processing /opt/airflow/dags/music_ingestion_dag.py took 0.106 seconds
[2026-02-24T09:36:46.106+0000] {processor.py:186} INFO - Started process (PID=1381) to work on /opt/airflow/dags/music_ingestion_dag.py
[2026-02-24T09:36:46.108+0000] {processor.py:914} INFO - Processing file /opt/airflow/dags/music_ingestion_dag.py for tasks to queue
[2026-02-24T09:36:46.110+0000] {logging_mixin.py:190} INFO - [2026-02-24T09:36:46.110+0000] {dagbag.py:588} INFO - Filling up the DagBag from /opt/airflow/dags/music_ingestion_dag.py
[2026-02-24T09:36:46.132+0000] {processor.py:925} INFO - DAG(s) '01_music_ingestion_realtime' retrieved from /opt/airflow/dags/music_ingestion_dag.py
[2026-02-24T09:36:46.168+0000] {logging_mixin.py:190} INFO - [2026-02-24T09:36:46.168+0000] {dag.py:3239} INFO - Sync 1 DAGs
[2026-02-24T09:36:46.198+0000] {logging_mixin.py:190} INFO - [2026-02-24T09:36:46.197+0000] {dag.py:4180} INFO - Setting next_dagrun for 01_music_ingestion_realtime to 2026-02-24 08:00:00+00:00, run_after=2026-02-24 09:00:00+00:00
[2026-02-24T09:36:46.219+0000] {processor.py:208} INFO - Processing /opt/airflow/dags/music_ingestion_dag.py took 0.121 seconds
[2026-02-24T09:37:16.541+0000] {processor.py:186} INFO - Started process (PID=1386) to work on /opt/airflow/dags/music_ingestion_dag.py
[2026-02-24T09:37:16.543+0000] {processor.py:914} INFO - Processing file /opt/airflow/dags/music_ingestion_dag.py for tasks to queue
[2026-02-24T09:37:16.545+0000] {logging_mixin.py:190} INFO - [2026-02-24T09:37:16.545+0000] {dagbag.py:588} INFO - Filling up the DagBag from /opt/airflow/dags/music_ingestion_dag.py
[2026-02-24T09:37:16.565+0000] {processor.py:925} INFO - DAG(s) '01_music_ingestion_realtime' retrieved from /opt/airflow/dags/music_ingestion_dag.py
[2026-02-24T09:37:16.594+0000] {logging_mixin.py:190} INFO - [2026-02-24T09:37:16.594+0000] {dag.py:3239} INFO - Sync 1 DAGs
[2026-02-24T09:37:16.620+0000] {logging_mixin.py:190} INFO - [2026-02-24T09:37:16.620+0000] {dag.py:4180} INFO - Setting next_dagrun for 01_music_ingestion_realtime to 2026-02-24 08:00:00+00:00, run_after=2026-02-24 09:00:00+00:00
[2026-02-24T09:37:16.648+0000] {processor.py:208} INFO - Processing /opt/airflow/dags/music_ingestion_dag.py took 0.113 seconds
[2026-02-24T09:37:46.907+0000] {processor.py:186} INFO - Started process (PID=1391) to work on /opt/airflow/dags/music_ingestion_dag.py
[2026-02-24T09:37:46.909+0000] {processor.py:914} INFO - Processing file /opt/airflow/dags/music_ingestion_dag.py for tasks to queue
[2026-02-24T09:37:46.911+0000] {logging_mixin.py:190} INFO - [2026-02-24T09:37:46.911+0000] {dagbag.py:588} INFO - Filling up the DagBag from /opt/airflow/dags/music_ingestion_dag.py
[2026-02-24T09:37:46.934+0000] {processor.py:925} INFO - DAG(s) '01_music_ingestion_realtime' retrieved from /opt/airflow/dags/music_ingestion_dag.py
[2026-02-24T09:37:46.970+0000] {logging_mixin.py:190} INFO - [2026-02-24T09:37:46.970+0000] {dag.py:3239} INFO - Sync 1 DAGs
[2026-02-24T09:37:46.999+0000] {logging_mixin.py:190} INFO - [2026-02-24T09:37:46.999+0000] {dag.py:4180} INFO - Setting next_dagrun for 01_music_ingestion_realtime to 2026-02-24 08:00:00+00:00, run_after=2026-02-24 09:00:00+00:00
[2026-02-24T09:37:47.034+0000] {processor.py:208} INFO - Processing /opt/airflow/dags/music_ingestion_dag.py took 0.134 seconds
[2026-02-24T09:38:17.278+0000] {processor.py:186} INFO - Started process (PID=1396) to work on /opt/airflow/dags/music_ingestion_dag.py
[2026-02-24T09:38:17.280+0000] {processor.py:914} INFO - Processing file /opt/airflow/dags/music_ingestion_dag.py for tasks to queue
[2026-02-24T09:38:17.284+0000] {logging_mixin.py:190} INFO - [2026-02-24T09:38:17.283+0000] {dagbag.py:588} INFO - Filling up the DagBag from /opt/airflow/dags/music_ingestion_dag.py
[2026-02-24T09:38:17.313+0000] {processor.py:925} INFO - DAG(s) '01_music_ingestion_realtime' retrieved from /opt/airflow/dags/music_ingestion_dag.py
[2026-02-24T09:38:17.347+0000] {logging_mixin.py:190} INFO - [2026-02-24T09:38:17.346+0000] {dag.py:3239} INFO - Sync 1 DAGs
[2026-02-24T09:38:17.379+0000] {logging_mixin.py:190} INFO - [2026-02-24T09:38:17.378+0000] {dag.py:4180} INFO - Setting next_dagrun for 01_music_ingestion_realtime to 2026-02-24 08:00:00+00:00, run_after=2026-02-24 09:00:00+00:00
[2026-02-24T09:38:17.410+0000] {processor.py:208} INFO - Processing /opt/airflow/dags/music_ingestion_dag.py took 0.141 seconds
[2026-02-24T09:38:47.693+0000] {processor.py:186} INFO - Started process (PID=1401) to work on /opt/airflow/dags/music_ingestion_dag.py
[2026-02-24T09:38:47.695+0000] {processor.py:914} INFO - Processing file /opt/airflow/dags/music_ingestion_dag.py for tasks to queue
[2026-02-24T09:38:47.698+0000] {logging_mixin.py:190} INFO - [2026-02-24T09:38:47.697+0000] {dagbag.py:588} INFO - Filling up the DagBag from /opt/airflow/dags/music_ingestion_dag.py
[2026-02-24T09:38:47.715+0000] {processor.py:925} INFO - DAG(s) '01_music_ingestion_realtime' retrieved from /opt/airflow/dags/music_ingestion_dag.py
[2026-02-24T09:38:47.744+0000] {logging_mixin.py:190} INFO - [2026-02-24T09:38:47.744+0000] {dag.py:3239} INFO - Sync 1 DAGs
[2026-02-24T09:38:47.771+0000] {logging_mixin.py:190} INFO - [2026-02-24T09:38:47.771+0000] {dag.py:4180} INFO - Setting next_dagrun for 01_music_ingestion_realtime to 2026-02-24 08:00:00+00:00, run_after=2026-02-24 09:00:00+00:00
[2026-02-24T09:38:47.797+0000] {processor.py:208} INFO - Processing /opt/airflow/dags/music_ingestion_dag.py took 0.109 seconds
[2026-02-24T09:39:18.049+0000] {processor.py:186} INFO - Started process (PID=1406) to work on /opt/airflow/dags/music_ingestion_dag.py
[2026-02-24T09:39:18.050+0000] {processor.py:914} INFO - Processing file /opt/airflow/dags/music_ingestion_dag.py for tasks to queue
[2026-02-24T09:39:18.054+0000] {logging_mixin.py:190} INFO - [2026-02-24T09:39:18.053+0000] {dagbag.py:588} INFO - Filling up the DagBag from /opt/airflow/dags/music_ingestion_dag.py
[2026-02-24T09:39:18.081+0000] {processor.py:925} INFO - DAG(s) '01_music_ingestion_realtime' retrieved from /opt/airflow/dags/music_ingestion_dag.py
[2026-02-24T09:39:18.116+0000] {logging_mixin.py:190} INFO - [2026-02-24T09:39:18.115+0000] {dag.py:3239} INFO - Sync 1 DAGs
[2026-02-24T09:39:18.147+0000] {logging_mixin.py:190} INFO - [2026-02-24T09:39:18.147+0000] {dag.py:4180} INFO - Setting next_dagrun for 01_music_ingestion_realtime to 2026-02-24 08:00:00+00:00, run_after=2026-02-24 09:00:00+00:00
[2026-02-24T09:39:18.176+0000] {processor.py:208} INFO - Processing /opt/airflow/dags/music_ingestion_dag.py took 0.136 seconds
[2026-02-24T09:39:48.443+0000] {processor.py:186} INFO - Started process (PID=1411) to work on /opt/airflow/dags/music_ingestion_dag.py
[2026-02-24T09:39:48.444+0000] {processor.py:914} INFO - Processing file /opt/airflow/dags/music_ingestion_dag.py for tasks to queue
[2026-02-24T09:39:48.447+0000] {logging_mixin.py:190} INFO - [2026-02-24T09:39:48.446+0000] {dagbag.py:588} INFO - Filling up the DagBag from /opt/airflow/dags/music_ingestion_dag.py
[2026-02-24T09:39:48.471+0000] {processor.py:925} INFO - DAG(s) '01_music_ingestion_realtime' retrieved from /opt/airflow/dags/music_ingestion_dag.py
[2026-02-24T09:39:48.501+0000] {logging_mixin.py:190} INFO - [2026-02-24T09:39:48.501+0000] {dag.py:3239} INFO - Sync 1 DAGs
[2026-02-24T09:39:48.527+0000] {logging_mixin.py:190} INFO - [2026-02-24T09:39:48.527+0000] {dag.py:4180} INFO - Setting next_dagrun for 01_music_ingestion_realtime to 2026-02-24 08:00:00+00:00, run_after=2026-02-24 09:00:00+00:00
[2026-02-24T09:39:48.557+0000] {processor.py:208} INFO - Processing /opt/airflow/dags/music_ingestion_dag.py took 0.120 seconds
[2026-02-24T09:40:18.824+0000] {processor.py:186} INFO - Started process (PID=1416) to work on /opt/airflow/dags/music_ingestion_dag.py
[2026-02-24T09:40:18.825+0000] {processor.py:914} INFO - Processing file /opt/airflow/dags/music_ingestion_dag.py for tasks to queue
[2026-02-24T09:40:18.828+0000] {logging_mixin.py:190} INFO - [2026-02-24T09:40:18.827+0000] {dagbag.py:588} INFO - Filling up the DagBag from /opt/airflow/dags/music_ingestion_dag.py
[2026-02-24T09:40:18.857+0000] {processor.py:925} INFO - DAG(s) '01_music_ingestion_realtime' retrieved from /opt/airflow/dags/music_ingestion_dag.py
[2026-02-24T09:40:18.891+0000] {logging_mixin.py:190} INFO - [2026-02-24T09:40:18.891+0000] {dag.py:3239} INFO - Sync 1 DAGs
[2026-02-24T09:40:18.924+0000] {logging_mixin.py:190} INFO - [2026-02-24T09:40:18.923+0000] {dag.py:4180} INFO - Setting next_dagrun for 01_music_ingestion_realtime to 2026-02-24 08:00:00+00:00, run_after=2026-02-24 09:00:00+00:00
[2026-02-24T09:40:18.953+0000] {processor.py:208} INFO - Processing /opt/airflow/dags/music_ingestion_dag.py took 0.140 seconds
[2026-02-24T09:40:49.225+0000] {processor.py:186} INFO - Started process (PID=1421) to work on /opt/airflow/dags/music_ingestion_dag.py
[2026-02-24T09:40:49.226+0000] {processor.py:914} INFO - Processing file /opt/airflow/dags/music_ingestion_dag.py for tasks to queue
[2026-02-24T09:40:49.229+0000] {logging_mixin.py:190} INFO - [2026-02-24T09:40:49.229+0000] {dagbag.py:588} INFO - Filling up the DagBag from /opt/airflow/dags/music_ingestion_dag.py
[2026-02-24T09:40:49.253+0000] {processor.py:925} INFO - DAG(s) '01_music_ingestion_realtime' retrieved from /opt/airflow/dags/music_ingestion_dag.py
[2026-02-24T09:40:49.281+0000] {logging_mixin.py:190} INFO - [2026-02-24T09:40:49.281+0000] {dag.py:3239} INFO - Sync 1 DAGs
[2026-02-24T09:40:49.314+0000] {logging_mixin.py:190} INFO - [2026-02-24T09:40:49.314+0000] {dag.py:4180} INFO - Setting next_dagrun for 01_music_ingestion_realtime to 2026-02-24 08:00:00+00:00, run_after=2026-02-24 09:00:00+00:00
[2026-02-24T09:40:49.344+0000] {processor.py:208} INFO - Processing /opt/airflow/dags/music_ingestion_dag.py took 0.126 seconds
[2026-02-24T09:41:19.552+0000] {processor.py:186} INFO - Started process (PID=1426) to work on /opt/airflow/dags/music_ingestion_dag.py
[2026-02-24T09:41:19.554+0000] {processor.py:914} INFO - Processing file /opt/airflow/dags/music_ingestion_dag.py for tasks to queue
[2026-02-24T09:41:19.556+0000] {logging_mixin.py:190} INFO - [2026-02-24T09:41:19.556+0000] {dagbag.py:588} INFO - Filling up the DagBag from /opt/airflow/dags/music_ingestion_dag.py
[2026-02-24T09:41:19.577+0000] {processor.py:925} INFO - DAG(s) '01_music_ingestion_realtime' retrieved from /opt/airflow/dags/music_ingestion_dag.py
[2026-02-24T09:41:19.611+0000] {logging_mixin.py:190} INFO - [2026-02-24T09:41:19.611+0000] {dag.py:3239} INFO - Sync 1 DAGs
[2026-02-24T09:41:19.641+0000] {logging_mixin.py:190} INFO - [2026-02-24T09:41:19.641+0000] {dag.py:4180} INFO - Setting next_dagrun for 01_music_ingestion_realtime to 2026-02-24 08:00:00+00:00, run_after=2026-02-24 09:00:00+00:00
[2026-02-24T09:41:19.671+0000] {processor.py:208} INFO - Processing /opt/airflow/dags/music_ingestion_dag.py took 0.129 seconds
[2026-02-24T09:41:49.959+0000] {processor.py:186} INFO - Started process (PID=1431) to work on /opt/airflow/dags/music_ingestion_dag.py
[2026-02-24T09:41:49.960+0000] {processor.py:914} INFO - Processing file /opt/airflow/dags/music_ingestion_dag.py for tasks to queue
[2026-02-24T09:41:49.965+0000] {logging_mixin.py:190} INFO - [2026-02-24T09:41:49.964+0000] {dagbag.py:588} INFO - Filling up the DagBag from /opt/airflow/dags/music_ingestion_dag.py
[2026-02-24T09:41:50.022+0000] {processor.py:925} INFO - DAG(s) '01_music_ingestion_realtime' retrieved from /opt/airflow/dags/music_ingestion_dag.py
[2026-02-24T09:41:50.103+0000] {logging_mixin.py:190} INFO - [2026-02-24T09:41:50.103+0000] {dag.py:3239} INFO - Sync 1 DAGs
[2026-02-24T09:41:50.132+0000] {logging_mixin.py:190} INFO - [2026-02-24T09:41:50.131+0000] {dag.py:4180} INFO - Setting next_dagrun for 01_music_ingestion_realtime to 2026-02-24 08:00:00+00:00, run_after=2026-02-24 09:00:00+00:00
[2026-02-24T09:41:50.159+0000] {processor.py:208} INFO - Processing /opt/airflow/dags/music_ingestion_dag.py took 0.205 seconds
[2026-02-24T09:42:20.350+0000] {processor.py:186} INFO - Started process (PID=1436) to work on /opt/airflow/dags/music_ingestion_dag.py
[2026-02-24T09:42:20.351+0000] {processor.py:914} INFO - Processing file /opt/airflow/dags/music_ingestion_dag.py for tasks to queue
[2026-02-24T09:42:20.354+0000] {logging_mixin.py:190} INFO - [2026-02-24T09:42:20.354+0000] {dagbag.py:588} INFO - Filling up the DagBag from /opt/airflow/dags/music_ingestion_dag.py
[2026-02-24T09:42:20.373+0000] {processor.py:925} INFO - DAG(s) '01_music_ingestion_realtime' retrieved from /opt/airflow/dags/music_ingestion_dag.py
[2026-02-24T09:42:20.401+0000] {logging_mixin.py:190} INFO - [2026-02-24T09:42:20.401+0000] {dag.py:3239} INFO - Sync 1 DAGs
[2026-02-24T09:42:20.427+0000] {logging_mixin.py:190} INFO - [2026-02-24T09:42:20.426+0000] {dag.py:4180} INFO - Setting next_dagrun for 01_music_ingestion_realtime to 2026-02-24 08:00:00+00:00, run_after=2026-02-24 09:00:00+00:00
[2026-02-24T09:42:20.451+0000] {processor.py:208} INFO - Processing /opt/airflow/dags/music_ingestion_dag.py took 0.107 seconds
[2026-02-24T09:42:50.683+0000] {processor.py:186} INFO - Started process (PID=1441) to work on /opt/airflow/dags/music_ingestion_dag.py
[2026-02-24T09:42:50.685+0000] {processor.py:914} INFO - Processing file /opt/airflow/dags/music_ingestion_dag.py for tasks to queue
[2026-02-24T09:42:50.690+0000] {logging_mixin.py:190} INFO - [2026-02-24T09:42:50.689+0000] {dagbag.py:588} INFO - Filling up the DagBag from /opt/airflow/dags/music_ingestion_dag.py
[2026-02-24T09:42:50.729+0000] {processor.py:925} INFO - DAG(s) '01_music_ingestion_realtime' retrieved from /opt/airflow/dags/music_ingestion_dag.py
[2026-02-24T09:42:50.765+0000] {logging_mixin.py:190} INFO - [2026-02-24T09:42:50.765+0000] {dag.py:3239} INFO - Sync 1 DAGs
[2026-02-24T09:42:50.796+0000] {logging_mixin.py:190} INFO - [2026-02-24T09:42:50.796+0000] {dag.py:4180} INFO - Setting next_dagrun for 01_music_ingestion_realtime to 2026-02-24 08:00:00+00:00, run_after=2026-02-24 09:00:00+00:00
[2026-02-24T09:42:50.827+0000] {processor.py:208} INFO - Processing /opt/airflow/dags/music_ingestion_dag.py took 0.150 seconds
[2026-02-24T09:43:21.121+0000] {processor.py:186} INFO - Started process (PID=1446) to work on /opt/airflow/dags/music_ingestion_dag.py
[2026-02-24T09:43:21.122+0000] {processor.py:914} INFO - Processing file /opt/airflow/dags/music_ingestion_dag.py for tasks to queue
[2026-02-24T09:43:21.125+0000] {logging_mixin.py:190} INFO - [2026-02-24T09:43:21.124+0000] {dagbag.py:588} INFO - Filling up the DagBag from /opt/airflow/dags/music_ingestion_dag.py
[2026-02-24T09:43:21.159+0000] {processor.py:925} INFO - DAG(s) '01_music_ingestion_realtime' retrieved from /opt/airflow/dags/music_ingestion_dag.py
[2026-02-24T09:43:21.199+0000] {logging_mixin.py:190} INFO - [2026-02-24T09:43:21.199+0000] {dag.py:3239} INFO - Sync 1 DAGs
[2026-02-24T09:43:21.230+0000] {logging_mixin.py:190} INFO - [2026-02-24T09:43:21.230+0000] {dag.py:4180} INFO - Setting next_dagrun for 01_music_ingestion_realtime to 2026-02-24 08:00:00+00:00, run_after=2026-02-24 09:00:00+00:00
[2026-02-24T09:43:21.265+0000] {processor.py:208} INFO - Processing /opt/airflow/dags/music_ingestion_dag.py took 0.151 seconds
[2026-02-24T09:43:51.473+0000] {processor.py:186} INFO - Started process (PID=1451) to work on /opt/airflow/dags/music_ingestion_dag.py
[2026-02-24T09:43:51.475+0000] {processor.py:914} INFO - Processing file /opt/airflow/dags/music_ingestion_dag.py for tasks to queue
[2026-02-24T09:43:51.479+0000] {logging_mixin.py:190} INFO - [2026-02-24T09:43:51.478+0000] {dagbag.py:588} INFO - Filling up the DagBag from /opt/airflow/dags/music_ingestion_dag.py
[2026-02-24T09:43:51.507+0000] {processor.py:925} INFO - DAG(s) '01_music_ingestion_realtime' retrieved from /opt/airflow/dags/music_ingestion_dag.py
[2026-02-24T09:43:51.554+0000] {logging_mixin.py:190} INFO - [2026-02-24T09:43:51.553+0000] {dag.py:3239} INFO - Sync 1 DAGs
[2026-02-24T09:43:51.586+0000] {logging_mixin.py:190} INFO - [2026-02-24T09:43:51.585+0000] {dag.py:4180} INFO - Setting next_dagrun for 01_music_ingestion_realtime to 2026-02-24 08:00:00+00:00, run_after=2026-02-24 09:00:00+00:00
[2026-02-24T09:43:51.618+0000] {processor.py:208} INFO - Processing /opt/airflow/dags/music_ingestion_dag.py took 0.153 seconds
[2026-02-24T09:44:21.875+0000] {processor.py:186} INFO - Started process (PID=1456) to work on /opt/airflow/dags/music_ingestion_dag.py
[2026-02-24T09:44:21.876+0000] {processor.py:914} INFO - Processing file /opt/airflow/dags/music_ingestion_dag.py for tasks to queue
[2026-02-24T09:44:21.879+0000] {logging_mixin.py:190} INFO - [2026-02-24T09:44:21.878+0000] {dagbag.py:588} INFO - Filling up the DagBag from /opt/airflow/dags/music_ingestion_dag.py
[2026-02-24T09:44:21.903+0000] {processor.py:925} INFO - DAG(s) '01_music_ingestion_realtime' retrieved from /opt/airflow/dags/music_ingestion_dag.py
[2026-02-24T09:44:21.933+0000] {logging_mixin.py:190} INFO - [2026-02-24T09:44:21.933+0000] {dag.py:3239} INFO - Sync 1 DAGs
[2026-02-24T09:44:21.957+0000] {logging_mixin.py:190} INFO - [2026-02-24T09:44:21.956+0000] {dag.py:4180} INFO - Setting next_dagrun for 01_music_ingestion_realtime to 2026-02-24 08:00:00+00:00, run_after=2026-02-24 09:00:00+00:00
[2026-02-24T09:44:21.982+0000] {processor.py:208} INFO - Processing /opt/airflow/dags/music_ingestion_dag.py took 0.114 seconds
[2026-02-24T09:44:52.219+0000] {processor.py:186} INFO - Started process (PID=1461) to work on /opt/airflow/dags/music_ingestion_dag.py
[2026-02-24T09:44:52.220+0000] {processor.py:914} INFO - Processing file /opt/airflow/dags/music_ingestion_dag.py for tasks to queue
[2026-02-24T09:44:52.223+0000] {logging_mixin.py:190} INFO - [2026-02-24T09:44:52.222+0000] {dagbag.py:588} INFO - Filling up the DagBag from /opt/airflow/dags/music_ingestion_dag.py
[2026-02-24T09:44:52.244+0000] {processor.py:925} INFO - DAG(s) '01_music_ingestion_realtime' retrieved from /opt/airflow/dags/music_ingestion_dag.py
[2026-02-24T09:44:52.280+0000] {logging_mixin.py:190} INFO - [2026-02-24T09:44:52.279+0000] {dag.py:3239} INFO - Sync 1 DAGs
[2026-02-24T09:44:52.311+0000] {logging_mixin.py:190} INFO - [2026-02-24T09:44:52.311+0000] {dag.py:4180} INFO - Setting next_dagrun for 01_music_ingestion_realtime to 2026-02-24 08:00:00+00:00, run_after=2026-02-24 09:00:00+00:00
[2026-02-24T09:44:52.340+0000] {processor.py:208} INFO - Processing /opt/airflow/dags/music_ingestion_dag.py took 0.128 seconds
[2026-02-24T09:45:22.652+0000] {processor.py:186} INFO - Started process (PID=1466) to work on /opt/airflow/dags/music_ingestion_dag.py
[2026-02-24T09:45:22.654+0000] {processor.py:914} INFO - Processing file /opt/airflow/dags/music_ingestion_dag.py for tasks to queue
[2026-02-24T09:45:22.657+0000] {logging_mixin.py:190} INFO - [2026-02-24T09:45:22.657+0000] {dagbag.py:588} INFO - Filling up the DagBag from /opt/airflow/dags/music_ingestion_dag.py
[2026-02-24T09:45:22.702+0000] {processor.py:925} INFO - DAG(s) '01_music_ingestion_realtime' retrieved from /opt/airflow/dags/music_ingestion_dag.py
[2026-02-24T09:45:22.755+0000] {logging_mixin.py:190} INFO - [2026-02-24T09:45:22.754+0000] {dag.py:3239} INFO - Sync 1 DAGs
[2026-02-24T09:45:22.798+0000] {logging_mixin.py:190} INFO - [2026-02-24T09:45:22.798+0000] {dag.py:4180} INFO - Setting next_dagrun for 01_music_ingestion_realtime to 2026-02-24 08:00:00+00:00, run_after=2026-02-24 09:00:00+00:00
[2026-02-24T09:45:22.823+0000] {processor.py:208} INFO - Processing /opt/airflow/dags/music_ingestion_dag.py took 0.180 seconds
[2026-02-24T09:45:53.051+0000] {processor.py:186} INFO - Started process (PID=1471) to work on /opt/airflow/dags/music_ingestion_dag.py
[2026-02-24T09:45:53.052+0000] {processor.py:914} INFO - Processing file /opt/airflow/dags/music_ingestion_dag.py for tasks to queue
[2026-02-24T09:45:53.055+0000] {logging_mixin.py:190} INFO - [2026-02-24T09:45:53.055+0000] {dagbag.py:588} INFO - Filling up the DagBag from /opt/airflow/dags/music_ingestion_dag.py
[2026-02-24T09:45:53.072+0000] {processor.py:925} INFO - DAG(s) '01_music_ingestion_realtime' retrieved from /opt/airflow/dags/music_ingestion_dag.py
[2026-02-24T09:45:53.099+0000] {logging_mixin.py:190} INFO - [2026-02-24T09:45:53.099+0000] {dag.py:3239} INFO - Sync 1 DAGs
[2026-02-24T09:45:53.129+0000] {logging_mixin.py:190} INFO - [2026-02-24T09:45:53.128+0000] {dag.py:4180} INFO - Setting next_dagrun for 01_music_ingestion_realtime to 2026-02-24 08:00:00+00:00, run_after=2026-02-24 09:00:00+00:00
[2026-02-24T09:45:53.153+0000] {processor.py:208} INFO - Processing /opt/airflow/dags/music_ingestion_dag.py took 0.108 seconds
[2026-02-24T09:46:23.466+0000] {processor.py:186} INFO - Started process (PID=1476) to work on /opt/airflow/dags/music_ingestion_dag.py
[2026-02-24T09:46:23.467+0000] {processor.py:914} INFO - Processing file /opt/airflow/dags/music_ingestion_dag.py for tasks to queue
[2026-02-24T09:46:23.469+0000] {logging_mixin.py:190} INFO - [2026-02-24T09:46:23.469+0000] {dagbag.py:588} INFO - Filling up the DagBag from /opt/airflow/dags/music_ingestion_dag.py
[2026-02-24T09:46:23.491+0000] {processor.py:925} INFO - DAG(s) '01_music_ingestion_realtime' retrieved from /opt/airflow/dags/music_ingestion_dag.py
[2026-02-24T09:46:23.517+0000] {logging_mixin.py:190} INFO - [2026-02-24T09:46:23.517+0000] {dag.py:3239} INFO - Sync 1 DAGs
[2026-02-24T09:46:23.540+0000] {logging_mixin.py:190} INFO - [2026-02-24T09:46:23.540+0000] {dag.py:4180} INFO - Setting next_dagrun for 01_music_ingestion_realtime to 2026-02-24 08:00:00+00:00, run_after=2026-02-24 09:00:00+00:00
[2026-02-24T09:46:23.564+0000] {processor.py:208} INFO - Processing /opt/airflow/dags/music_ingestion_dag.py took 0.104 seconds
[2026-02-24T09:46:53.823+0000] {processor.py:186} INFO - Started process (PID=1481) to work on /opt/airflow/dags/music_ingestion_dag.py
[2026-02-24T09:46:53.825+0000] {processor.py:914} INFO - Processing file /opt/airflow/dags/music_ingestion_dag.py for tasks to queue
[2026-02-24T09:46:53.828+0000] {logging_mixin.py:190} INFO - [2026-02-24T09:46:53.828+0000] {dagbag.py:588} INFO - Filling up the DagBag from /opt/airflow/dags/music_ingestion_dag.py
[2026-02-24T09:46:53.849+0000] {processor.py:925} INFO - DAG(s) '01_music_ingestion_realtime' retrieved from /opt/airflow/dags/music_ingestion_dag.py
[2026-02-24T09:46:53.883+0000] {logging_mixin.py:190} INFO - [2026-02-24T09:46:53.882+0000] {dag.py:3239} INFO - Sync 1 DAGs
[2026-02-24T09:46:53.917+0000] {logging_mixin.py:190} INFO - [2026-02-24T09:46:53.917+0000] {dag.py:4180} INFO - Setting next_dagrun for 01_music_ingestion_realtime to 2026-02-24 08:00:00+00:00, run_after=2026-02-24 09:00:00+00:00
[2026-02-24T09:46:53.944+0000] {processor.py:208} INFO - Processing /opt/airflow/dags/music_ingestion_dag.py took 0.127 seconds
[2026-02-24T09:47:24.280+0000] {processor.py:186} INFO - Started process (PID=1486) to work on /opt/airflow/dags/music_ingestion_dag.py
[2026-02-24T09:47:24.284+0000] {processor.py:914} INFO - Processing file /opt/airflow/dags/music_ingestion_dag.py for tasks to queue
[2026-02-24T09:47:24.293+0000] {logging_mixin.py:190} INFO - [2026-02-24T09:47:24.292+0000] {dagbag.py:588} INFO - Filling up the DagBag from /opt/airflow/dags/music_ingestion_dag.py
[2026-02-24T09:47:24.324+0000] {processor.py:925} INFO - DAG(s) '01_music_ingestion_realtime' retrieved from /opt/airflow/dags/music_ingestion_dag.py
[2026-02-24T09:47:24.354+0000] {logging_mixin.py:190} INFO - [2026-02-24T09:47:24.354+0000] {dag.py:3239} INFO - Sync 1 DAGs
[2026-02-24T09:47:24.380+0000] {logging_mixin.py:190} INFO - [2026-02-24T09:47:24.380+0000] {dag.py:4180} INFO - Setting next_dagrun for 01_music_ingestion_realtime to 2026-02-24 08:00:00+00:00, run_after=2026-02-24 09:00:00+00:00
[2026-02-24T09:47:24.410+0000] {processor.py:208} INFO - Processing /opt/airflow/dags/music_ingestion_dag.py took 0.154 seconds
[2026-02-24T09:47:54.663+0000] {processor.py:186} INFO - Started process (PID=1491) to work on /opt/airflow/dags/music_ingestion_dag.py
[2026-02-24T09:47:54.664+0000] {processor.py:914} INFO - Processing file /opt/airflow/dags/music_ingestion_dag.py for tasks to queue
[2026-02-24T09:47:54.667+0000] {logging_mixin.py:190} INFO - [2026-02-24T09:47:54.667+0000] {dagbag.py:588} INFO - Filling up the DagBag from /opt/airflow/dags/music_ingestion_dag.py
[2026-02-24T09:47:54.689+0000] {processor.py:925} INFO - DAG(s) '01_music_ingestion_realtime' retrieved from /opt/airflow/dags/music_ingestion_dag.py
[2026-02-24T09:47:54.725+0000] {logging_mixin.py:190} INFO - [2026-02-24T09:47:54.725+0000] {dag.py:3239} INFO - Sync 1 DAGs
[2026-02-24T09:47:54.755+0000] {logging_mixin.py:190} INFO - [2026-02-24T09:47:54.755+0000] {dag.py:4180} INFO - Setting next_dagrun for 01_music_ingestion_realtime to 2026-02-24 08:00:00+00:00, run_after=2026-02-24 09:00:00+00:00
[2026-02-24T09:47:54.785+0000] {processor.py:208} INFO - Processing /opt/airflow/dags/music_ingestion_dag.py took 0.129 seconds
[2026-02-24T09:48:25.089+0000] {processor.py:186} INFO - Started process (PID=1496) to work on /opt/airflow/dags/music_ingestion_dag.py
[2026-02-24T09:48:25.090+0000] {processor.py:914} INFO - Processing file /opt/airflow/dags/music_ingestion_dag.py for tasks to queue
[2026-02-24T09:48:25.093+0000] {logging_mixin.py:190} INFO - [2026-02-24T09:48:25.093+0000] {dagbag.py:588} INFO - Filling up the DagBag from /opt/airflow/dags/music_ingestion_dag.py
[2026-02-24T09:48:25.116+0000] {processor.py:925} INFO - DAG(s) '01_music_ingestion_realtime' retrieved from /opt/airflow/dags/music_ingestion_dag.py
[2026-02-24T09:48:25.142+0000] {logging_mixin.py:190} INFO - [2026-02-24T09:48:25.142+0000] {dag.py:3239} INFO - Sync 1 DAGs
[2026-02-24T09:48:25.168+0000] {logging_mixin.py:190} INFO - [2026-02-24T09:48:25.167+0000] {dag.py:4180} INFO - Setting next_dagrun for 01_music_ingestion_realtime to 2026-02-24 08:00:00+00:00, run_after=2026-02-24 09:00:00+00:00
[2026-02-24T09:48:25.194+0000] {processor.py:208} INFO - Processing /opt/airflow/dags/music_ingestion_dag.py took 0.111 seconds
[2026-02-24T09:48:55.469+0000] {processor.py:186} INFO - Started process (PID=1501) to work on /opt/airflow/dags/music_ingestion_dag.py
[2026-02-24T09:48:55.471+0000] {processor.py:914} INFO - Processing file /opt/airflow/dags/music_ingestion_dag.py for tasks to queue
[2026-02-24T09:48:55.473+0000] {logging_mixin.py:190} INFO - [2026-02-24T09:48:55.473+0000] {dagbag.py:588} INFO - Filling up the DagBag from /opt/airflow/dags/music_ingestion_dag.py
[2026-02-24T09:48:55.511+0000] {processor.py:925} INFO - DAG(s) '01_music_ingestion_realtime' retrieved from /opt/airflow/dags/music_ingestion_dag.py
[2026-02-24T09:48:55.549+0000] {logging_mixin.py:190} INFO - [2026-02-24T09:48:55.548+0000] {dag.py:3239} INFO - Sync 1 DAGs
[2026-02-24T09:48:55.579+0000] {logging_mixin.py:190} INFO - [2026-02-24T09:48:55.578+0000] {dag.py:4180} INFO - Setting next_dagrun for 01_music_ingestion_realtime to 2026-02-24 08:00:00+00:00, run_after=2026-02-24 09:00:00+00:00
[2026-02-24T09:48:55.607+0000] {processor.py:208} INFO - Processing /opt/airflow/dags/music_ingestion_dag.py took 0.147 seconds
[2026-02-24T09:49:25.784+0000] {processor.py:186} INFO - Started process (PID=1506) to work on /opt/airflow/dags/music_ingestion_dag.py
[2026-02-24T09:49:25.785+0000] {processor.py:914} INFO - Processing file /opt/airflow/dags/music_ingestion_dag.py for tasks to queue
[2026-02-24T09:49:25.789+0000] {logging_mixin.py:190} INFO - [2026-02-24T09:49:25.789+0000] {dagbag.py:588} INFO - Filling up the DagBag from /opt/airflow/dags/music_ingestion_dag.py
[2026-02-24T09:49:25.813+0000] {processor.py:925} INFO - DAG(s) '01_music_ingestion_realtime' retrieved from /opt/airflow/dags/music_ingestion_dag.py
[2026-02-24T09:49:25.844+0000] {logging_mixin.py:190} INFO - [2026-02-24T09:49:25.843+0000] {dag.py:3239} INFO - Sync 1 DAGs
[2026-02-24T09:49:25.868+0000] {logging_mixin.py:190} INFO - [2026-02-24T09:49:25.868+0000] {dag.py:4180} INFO - Setting next_dagrun for 01_music_ingestion_realtime to 2026-02-24 08:00:00+00:00, run_after=2026-02-24 09:00:00+00:00
[2026-02-24T09:49:25.900+0000] {processor.py:208} INFO - Processing /opt/airflow/dags/music_ingestion_dag.py took 0.122 seconds
[2026-02-24T09:49:56.191+0000] {processor.py:186} INFO - Started process (PID=1511) to work on /opt/airflow/dags/music_ingestion_dag.py
[2026-02-24T09:49:56.193+0000] {processor.py:914} INFO - Processing file /opt/airflow/dags/music_ingestion_dag.py for tasks to queue
[2026-02-24T09:49:56.196+0000] {logging_mixin.py:190} INFO - [2026-02-24T09:49:56.195+0000] {dagbag.py:588} INFO - Filling up the DagBag from /opt/airflow/dags/music_ingestion_dag.py
[2026-02-24T09:49:56.218+0000] {processor.py:925} INFO - DAG(s) '01_music_ingestion_realtime' retrieved from /opt/airflow/dags/music_ingestion_dag.py
[2026-02-24T09:49:56.258+0000] {logging_mixin.py:190} INFO - [2026-02-24T09:49:56.257+0000] {dag.py:3239} INFO - Sync 1 DAGs
[2026-02-24T09:49:56.301+0000] {logging_mixin.py:190} INFO - [2026-02-24T09:49:56.301+0000] {dag.py:4180} INFO - Setting next_dagrun for 01_music_ingestion_realtime to 2026-02-24 08:00:00+00:00, run_after=2026-02-24 09:00:00+00:00
[2026-02-24T09:49:56.329+0000] {processor.py:208} INFO - Processing /opt/airflow/dags/music_ingestion_dag.py took 0.144 seconds
[2026-02-24T09:50:26.501+0000] {processor.py:186} INFO - Started process (PID=1516) to work on /opt/airflow/dags/music_ingestion_dag.py
[2026-02-24T09:50:26.502+0000] {processor.py:914} INFO - Processing file /opt/airflow/dags/music_ingestion_dag.py for tasks to queue
[2026-02-24T09:50:26.506+0000] {logging_mixin.py:190} INFO - [2026-02-24T09:50:26.506+0000] {dagbag.py:588} INFO - Filling up the DagBag from /opt/airflow/dags/music_ingestion_dag.py
[2026-02-24T09:50:26.533+0000] {processor.py:925} INFO - DAG(s) '01_music_ingestion_realtime' retrieved from /opt/airflow/dags/music_ingestion_dag.py
[2026-02-24T09:50:26.571+0000] {logging_mixin.py:190} INFO - [2026-02-24T09:50:26.570+0000] {dag.py:3239} INFO - Sync 1 DAGs
[2026-02-24T09:50:26.607+0000] {logging_mixin.py:190} INFO - [2026-02-24T09:50:26.607+0000] {dag.py:4180} INFO - Setting next_dagrun for 01_music_ingestion_realtime to 2026-02-24 08:00:00+00:00, run_after=2026-02-24 09:00:00+00:00
[2026-02-24T09:50:26.637+0000] {processor.py:208} INFO - Processing /opt/airflow/dags/music_ingestion_dag.py took 0.145 seconds
[2026-02-24T09:50:56.921+0000] {processor.py:186} INFO - Started process (PID=1521) to work on /opt/airflow/dags/music_ingestion_dag.py
[2026-02-24T09:50:56.923+0000] {processor.py:914} INFO - Processing file /opt/airflow/dags/music_ingestion_dag.py for tasks to queue
[2026-02-24T09:50:56.927+0000] {logging_mixin.py:190} INFO - [2026-02-24T09:50:56.927+0000] {dagbag.py:588} INFO - Filling up the DagBag from /opt/airflow/dags/music_ingestion_dag.py
[2026-02-24T09:50:56.968+0000] {processor.py:925} INFO - DAG(s) '01_music_ingestion_realtime' retrieved from /opt/airflow/dags/music_ingestion_dag.py
[2026-02-24T09:50:57.002+0000] {logging_mixin.py:190} INFO - [2026-02-24T09:50:57.002+0000] {dag.py:3239} INFO - Sync 1 DAGs
[2026-02-24T09:50:57.040+0000] {logging_mixin.py:190} INFO - [2026-02-24T09:50:57.040+0000] {dag.py:4180} INFO - Setting next_dagrun for 01_music_ingestion_realtime to 2026-02-24 08:00:00+00:00, run_after=2026-02-24 09:00:00+00:00
[2026-02-24T09:50:57.067+0000] {processor.py:208} INFO - Processing /opt/airflow/dags/music_ingestion_dag.py took 0.152 seconds
[2026-02-24T09:51:27.233+0000] {processor.py:186} INFO - Started process (PID=1526) to work on /opt/airflow/dags/music_ingestion_dag.py
[2026-02-24T09:51:27.235+0000] {processor.py:914} INFO - Processing file /opt/airflow/dags/music_ingestion_dag.py for tasks to queue
[2026-02-24T09:51:27.238+0000] {logging_mixin.py:190} INFO - [2026-02-24T09:51:27.238+0000] {dagbag.py:588} INFO - Filling up the DagBag from /opt/airflow/dags/music_ingestion_dag.py
[2026-02-24T09:51:27.257+0000] {processor.py:925} INFO - DAG(s) '01_music_ingestion_realtime' retrieved from /opt/airflow/dags/music_ingestion_dag.py
[2026-02-24T09:51:27.285+0000] {logging_mixin.py:190} INFO - [2026-02-24T09:51:27.285+0000] {dag.py:3239} INFO - Sync 1 DAGs
[2026-02-24T09:51:27.316+0000] {logging_mixin.py:190} INFO - [2026-02-24T09:51:27.316+0000] {dag.py:4180} INFO - Setting next_dagrun for 01_music_ingestion_realtime to 2026-02-24 08:00:00+00:00, run_after=2026-02-24 09:00:00+00:00
[2026-02-24T09:51:27.340+0000] {processor.py:208} INFO - Processing /opt/airflow/dags/music_ingestion_dag.py took 0.113 seconds
[2026-02-24T09:51:57.600+0000] {processor.py:186} INFO - Started process (PID=1531) to work on /opt/airflow/dags/music_ingestion_dag.py
[2026-02-24T09:51:57.601+0000] {processor.py:914} INFO - Processing file /opt/airflow/dags/music_ingestion_dag.py for tasks to queue
[2026-02-24T09:51:57.604+0000] {logging_mixin.py:190} INFO - [2026-02-24T09:51:57.604+0000] {dagbag.py:588} INFO - Filling up the DagBag from /opt/airflow/dags/music_ingestion_dag.py
[2026-02-24T09:51:57.621+0000] {processor.py:925} INFO - DAG(s) '01_music_ingestion_realtime' retrieved from /opt/airflow/dags/music_ingestion_dag.py
[2026-02-24T09:51:57.650+0000] {logging_mixin.py:190} INFO - [2026-02-24T09:51:57.649+0000] {dag.py:3239} INFO - Sync 1 DAGs
[2026-02-24T09:51:57.677+0000] {logging_mixin.py:190} INFO - [2026-02-24T09:51:57.677+0000] {dag.py:4180} INFO - Setting next_dagrun for 01_music_ingestion_realtime to 2026-02-24 08:00:00+00:00, run_after=2026-02-24 09:00:00+00:00
[2026-02-24T09:51:57.704+0000] {processor.py:208} INFO - Processing /opt/airflow/dags/music_ingestion_dag.py took 0.110 seconds
[2026-02-24T09:52:28.092+0000] {processor.py:186} INFO - Started process (PID=1536) to work on /opt/airflow/dags/music_ingestion_dag.py
[2026-02-24T09:52:28.093+0000] {processor.py:914} INFO - Processing file /opt/airflow/dags/music_ingestion_dag.py for tasks to queue
[2026-02-24T09:52:28.095+0000] {logging_mixin.py:190} INFO - [2026-02-24T09:52:28.095+0000] {dagbag.py:588} INFO - Filling up the DagBag from /opt/airflow/dags/music_ingestion_dag.py
[2026-02-24T09:52:28.112+0000] {processor.py:925} INFO - DAG(s) '01_music_ingestion_realtime' retrieved from /opt/airflow/dags/music_ingestion_dag.py
[2026-02-24T09:52:28.142+0000] {logging_mixin.py:190} INFO - [2026-02-24T09:52:28.142+0000] {dag.py:3239} INFO - Sync 1 DAGs
[2026-02-24T09:52:28.171+0000] {logging_mixin.py:190} INFO - [2026-02-24T09:52:28.171+0000] {dag.py:4180} INFO - Setting next_dagrun for 01_music_ingestion_realtime to 2026-02-24 08:00:00+00:00, run_after=2026-02-24 09:00:00+00:00
[2026-02-24T09:52:28.195+0000] {processor.py:208} INFO - Processing /opt/airflow/dags/music_ingestion_dag.py took 0.109 seconds
[2026-02-24T09:52:58.476+0000] {processor.py:186} INFO - Started process (PID=1541) to work on /opt/airflow/dags/music_ingestion_dag.py
[2026-02-24T09:52:58.477+0000] {processor.py:914} INFO - Processing file /opt/airflow/dags/music_ingestion_dag.py for tasks to queue
[2026-02-24T09:52:58.479+0000] {logging_mixin.py:190} INFO - [2026-02-24T09:52:58.479+0000] {dagbag.py:588} INFO - Filling up the DagBag from /opt/airflow/dags/music_ingestion_dag.py
[2026-02-24T09:52:58.503+0000] {processor.py:925} INFO - DAG(s) '01_music_ingestion_realtime' retrieved from /opt/airflow/dags/music_ingestion_dag.py
[2026-02-24T09:52:58.532+0000] {logging_mixin.py:190} INFO - [2026-02-24T09:52:58.532+0000] {dag.py:3239} INFO - Sync 1 DAGs
[2026-02-24T09:52:58.562+0000] {logging_mixin.py:190} INFO - [2026-02-24T09:52:58.562+0000] {dag.py:4180} INFO - Setting next_dagrun for 01_music_ingestion_realtime to 2026-02-24 08:00:00+00:00, run_after=2026-02-24 09:00:00+00:00
[2026-02-24T09:52:58.585+0000] {processor.py:208} INFO - Processing /opt/airflow/dags/music_ingestion_dag.py took 0.115 seconds
[2026-02-24T09:53:28.987+0000] {processor.py:186} INFO - Started process (PID=1546) to work on /opt/airflow/dags/music_ingestion_dag.py
[2026-02-24T09:53:28.988+0000] {processor.py:914} INFO - Processing file /opt/airflow/dags/music_ingestion_dag.py for tasks to queue
[2026-02-24T09:53:28.991+0000] {logging_mixin.py:190} INFO - [2026-02-24T09:53:28.991+0000] {dagbag.py:588} INFO - Filling up the DagBag from /opt/airflow/dags/music_ingestion_dag.py
[2026-02-24T09:53:29.015+0000] {processor.py:925} INFO - DAG(s) '01_music_ingestion_realtime' retrieved from /opt/airflow/dags/music_ingestion_dag.py
[2026-02-24T09:53:29.045+0000] {logging_mixin.py:190} INFO - [2026-02-24T09:53:29.045+0000] {dag.py:3239} INFO - Sync 1 DAGs
[2026-02-24T09:53:29.069+0000] {logging_mixin.py:190} INFO - [2026-02-24T09:53:29.069+0000] {dag.py:4180} INFO - Setting next_dagrun for 01_music_ingestion_realtime to 2026-02-24 08:00:00+00:00, run_after=2026-02-24 09:00:00+00:00
[2026-02-24T09:53:29.094+0000] {processor.py:208} INFO - Processing /opt/airflow/dags/music_ingestion_dag.py took 0.112 seconds
[2026-02-24T09:53:59.362+0000] {processor.py:186} INFO - Started process (PID=1551) to work on /opt/airflow/dags/music_ingestion_dag.py
[2026-02-24T09:53:59.363+0000] {processor.py:914} INFO - Processing file /opt/airflow/dags/music_ingestion_dag.py for tasks to queue
[2026-02-24T09:53:59.366+0000] {logging_mixin.py:190} INFO - [2026-02-24T09:53:59.366+0000] {dagbag.py:588} INFO - Filling up the DagBag from /opt/airflow/dags/music_ingestion_dag.py
[2026-02-24T09:53:59.386+0000] {processor.py:925} INFO - DAG(s) '01_music_ingestion_realtime' retrieved from /opt/airflow/dags/music_ingestion_dag.py
[2026-02-24T09:53:59.416+0000] {logging_mixin.py:190} INFO - [2026-02-24T09:53:59.416+0000] {dag.py:3239} INFO - Sync 1 DAGs
[2026-02-24T09:53:59.443+0000] {logging_mixin.py:190} INFO - [2026-02-24T09:53:59.443+0000] {dag.py:4180} INFO - Setting next_dagrun for 01_music_ingestion_realtime to 2026-02-24 08:00:00+00:00, run_after=2026-02-24 09:00:00+00:00
[2026-02-24T09:53:59.470+0000] {processor.py:208} INFO - Processing /opt/airflow/dags/music_ingestion_dag.py took 0.114 seconds
[2026-02-24T09:54:29.855+0000] {processor.py:186} INFO - Started process (PID=1556) to work on /opt/airflow/dags/music_ingestion_dag.py
[2026-02-24T09:54:29.856+0000] {processor.py:914} INFO - Processing file /opt/airflow/dags/music_ingestion_dag.py for tasks to queue
[2026-02-24T09:54:29.859+0000] {logging_mixin.py:190} INFO - [2026-02-24T09:54:29.858+0000] {dagbag.py:588} INFO - Filling up the DagBag from /opt/airflow/dags/music_ingestion_dag.py
[2026-02-24T09:54:29.878+0000] {processor.py:925} INFO - DAG(s) '01_music_ingestion_realtime' retrieved from /opt/airflow/dags/music_ingestion_dag.py
[2026-02-24T09:54:29.907+0000] {logging_mixin.py:190} INFO - [2026-02-24T09:54:29.907+0000] {dag.py:3239} INFO - Sync 1 DAGs
[2026-02-24T09:54:29.932+0000] {logging_mixin.py:190} INFO - [2026-02-24T09:54:29.932+0000] {dag.py:4180} INFO - Setting next_dagrun for 01_music_ingestion_realtime to 2026-02-24 08:00:00+00:00, run_after=2026-02-24 09:00:00+00:00
[2026-02-24T09:54:29.962+0000] {processor.py:208} INFO - Processing /opt/airflow/dags/music_ingestion_dag.py took 0.113 seconds
[2026-02-24T09:55:00.221+0000] {processor.py:186} INFO - Started process (PID=1561) to work on /opt/airflow/dags/music_ingestion_dag.py
[2026-02-24T09:55:00.222+0000] {processor.py:914} INFO - Processing file /opt/airflow/dags/music_ingestion_dag.py for tasks to queue
[2026-02-24T09:55:00.225+0000] {logging_mixin.py:190} INFO - [2026-02-24T09:55:00.225+0000] {dagbag.py:588} INFO - Filling up the DagBag from /opt/airflow/dags/music_ingestion_dag.py
[2026-02-24T09:55:00.242+0000] {processor.py:925} INFO - DAG(s) '01_music_ingestion_realtime' retrieved from /opt/airflow/dags/music_ingestion_dag.py
[2026-02-24T09:55:00.275+0000] {logging_mixin.py:190} INFO - [2026-02-24T09:55:00.275+0000] {dag.py:3239} INFO - Sync 1 DAGs
[2026-02-24T09:55:00.302+0000] {logging_mixin.py:190} INFO - [2026-02-24T09:55:00.302+0000] {dag.py:4180} INFO - Setting next_dagrun for 01_music_ingestion_realtime to 2026-02-24 08:00:00+00:00, run_after=2026-02-24 09:00:00+00:00
[2026-02-24T09:55:00.335+0000] {processor.py:208} INFO - Processing /opt/airflow/dags/music_ingestion_dag.py took 0.122 seconds
[2026-02-24T09:55:30.652+0000] {processor.py:186} INFO - Started process (PID=1566) to work on /opt/airflow/dags/music_ingestion_dag.py
[2026-02-24T09:55:30.653+0000] {processor.py:914} INFO - Processing file /opt/airflow/dags/music_ingestion_dag.py for tasks to queue
[2026-02-24T09:55:30.656+0000] {logging_mixin.py:190} INFO - [2026-02-24T09:55:30.655+0000] {dagbag.py:588} INFO - Filling up the DagBag from /opt/airflow/dags/music_ingestion_dag.py
[2026-02-24T09:55:30.684+0000] {processor.py:925} INFO - DAG(s) '01_music_ingestion_realtime' retrieved from /opt/airflow/dags/music_ingestion_dag.py
[2026-02-24T09:55:30.714+0000] {logging_mixin.py:190} INFO - [2026-02-24T09:55:30.714+0000] {dag.py:3239} INFO - Sync 1 DAGs
[2026-02-24T09:55:30.750+0000] {logging_mixin.py:190} INFO - [2026-02-24T09:55:30.750+0000] {dag.py:4180} INFO - Setting next_dagrun for 01_music_ingestion_realtime to 2026-02-24 08:00:00+00:00, run_after=2026-02-24 09:00:00+00:00
[2026-02-24T09:55:30.787+0000] {processor.py:208} INFO - Processing /opt/airflow/dags/music_ingestion_dag.py took 0.141 seconds
[2026-02-24T09:56:00.993+0000] {processor.py:186} INFO - Started process (PID=1571) to work on /opt/airflow/dags/music_ingestion_dag.py
[2026-02-24T09:56:00.994+0000] {processor.py:914} INFO - Processing file /opt/airflow/dags/music_ingestion_dag.py for tasks to queue
[2026-02-24T09:56:00.997+0000] {logging_mixin.py:190} INFO - [2026-02-24T09:56:00.996+0000] {dagbag.py:588} INFO - Filling up the DagBag from /opt/airflow/dags/music_ingestion_dag.py
[2026-02-24T09:56:01.025+0000] {processor.py:925} INFO - DAG(s) '01_music_ingestion_realtime' retrieved from /opt/airflow/dags/music_ingestion_dag.py
[2026-02-24T09:56:01.053+0000] {logging_mixin.py:190} INFO - [2026-02-24T09:56:01.053+0000] {dag.py:3239} INFO - Sync 1 DAGs
[2026-02-24T09:56:01.082+0000] {logging_mixin.py:190} INFO - [2026-02-24T09:56:01.082+0000] {dag.py:4180} INFO - Setting next_dagrun for 01_music_ingestion_realtime to 2026-02-24 08:00:00+00:00, run_after=2026-02-24 09:00:00+00:00
[2026-02-24T09:56:01.110+0000] {processor.py:208} INFO - Processing /opt/airflow/dags/music_ingestion_dag.py took 0.123 seconds
[2026-02-24T09:56:31.296+0000] {processor.py:186} INFO - Started process (PID=1576) to work on /opt/airflow/dags/music_ingestion_dag.py
[2026-02-24T09:56:31.297+0000] {processor.py:914} INFO - Processing file /opt/airflow/dags/music_ingestion_dag.py for tasks to queue
[2026-02-24T09:56:31.299+0000] {logging_mixin.py:190} INFO - [2026-02-24T09:56:31.299+0000] {dagbag.py:588} INFO - Filling up the DagBag from /opt/airflow/dags/music_ingestion_dag.py
[2026-02-24T09:56:31.318+0000] {processor.py:925} INFO - DAG(s) '01_music_ingestion_realtime' retrieved from /opt/airflow/dags/music_ingestion_dag.py
[2026-02-24T09:56:31.350+0000] {logging_mixin.py:190} INFO - [2026-02-24T09:56:31.349+0000] {dag.py:3239} INFO - Sync 1 DAGs
[2026-02-24T09:56:31.378+0000] {logging_mixin.py:190} INFO - [2026-02-24T09:56:31.378+0000] {dag.py:4180} INFO - Setting next_dagrun for 01_music_ingestion_realtime to 2026-02-24 08:00:00+00:00, run_after=2026-02-24 09:00:00+00:00
[2026-02-24T09:56:31.408+0000] {processor.py:208} INFO - Processing /opt/airflow/dags/music_ingestion_dag.py took 0.118 seconds
[2026-02-24T09:57:01.748+0000] {processor.py:186} INFO - Started process (PID=1581) to work on /opt/airflow/dags/music_ingestion_dag.py
[2026-02-24T09:57:01.750+0000] {processor.py:914} INFO - Processing file /opt/airflow/dags/music_ingestion_dag.py for tasks to queue
[2026-02-24T09:57:01.753+0000] {logging_mixin.py:190} INFO - [2026-02-24T09:57:01.752+0000] {dagbag.py:588} INFO - Filling up the DagBag from /opt/airflow/dags/music_ingestion_dag.py
[2026-02-24T09:57:01.785+0000] {processor.py:925} INFO - DAG(s) '01_music_ingestion_realtime' retrieved from /opt/airflow/dags/music_ingestion_dag.py
[2026-02-24T09:57:01.815+0000] {logging_mixin.py:190} INFO - [2026-02-24T09:57:01.815+0000] {dag.py:3239} INFO - Sync 1 DAGs
[2026-02-24T09:57:01.843+0000] {logging_mixin.py:190} INFO - [2026-02-24T09:57:01.842+0000] {dag.py:4180} INFO - Setting next_dagrun for 01_music_ingestion_realtime to 2026-02-24 08:00:00+00:00, run_after=2026-02-24 09:00:00+00:00
[2026-02-24T09:57:01.870+0000] {processor.py:208} INFO - Processing /opt/airflow/dags/music_ingestion_dag.py took 0.130 seconds
[2026-02-24T09:57:32.053+0000] {processor.py:186} INFO - Started process (PID=1586) to work on /opt/airflow/dags/music_ingestion_dag.py
[2026-02-24T09:57:32.055+0000] {processor.py:914} INFO - Processing file /opt/airflow/dags/music_ingestion_dag.py for tasks to queue
[2026-02-24T09:57:32.058+0000] {logging_mixin.py:190} INFO - [2026-02-24T09:57:32.058+0000] {dagbag.py:588} INFO - Filling up the DagBag from /opt/airflow/dags/music_ingestion_dag.py
[2026-02-24T09:57:32.083+0000] {processor.py:925} INFO - DAG(s) '01_music_ingestion_realtime' retrieved from /opt/airflow/dags/music_ingestion_dag.py
[2026-02-24T09:57:32.121+0000] {logging_mixin.py:190} INFO - [2026-02-24T09:57:32.121+0000] {dag.py:3239} INFO - Sync 1 DAGs
[2026-02-24T09:57:32.147+0000] {logging_mixin.py:190} INFO - [2026-02-24T09:57:32.147+0000] {dag.py:4180} INFO - Setting next_dagrun for 01_music_ingestion_realtime to 2026-02-24 08:00:00+00:00, run_after=2026-02-24 09:00:00+00:00
[2026-02-24T09:57:32.171+0000] {processor.py:208} INFO - Processing /opt/airflow/dags/music_ingestion_dag.py took 0.126 seconds
[2026-02-24T09:58:02.465+0000] {processor.py:186} INFO - Started process (PID=1591) to work on /opt/airflow/dags/music_ingestion_dag.py
[2026-02-24T09:58:02.467+0000] {processor.py:914} INFO - Processing file /opt/airflow/dags/music_ingestion_dag.py for tasks to queue
[2026-02-24T09:58:02.471+0000] {logging_mixin.py:190} INFO - [2026-02-24T09:58:02.470+0000] {dagbag.py:588} INFO - Filling up the DagBag from /opt/airflow/dags/music_ingestion_dag.py
[2026-02-24T09:58:02.510+0000] {processor.py:925} INFO - DAG(s) '01_music_ingestion_realtime' retrieved from /opt/airflow/dags/music_ingestion_dag.py
[2026-02-24T09:58:02.560+0000] {logging_mixin.py:190} INFO - [2026-02-24T09:58:02.559+0000] {dag.py:3239} INFO - Sync 1 DAGs
[2026-02-24T09:58:02.594+0000] {logging_mixin.py:190} INFO - [2026-02-24T09:58:02.594+0000] {dag.py:4180} INFO - Setting next_dagrun for 01_music_ingestion_realtime to 2026-02-24 08:00:00+00:00, run_after=2026-02-24 09:00:00+00:00
[2026-02-24T09:58:02.627+0000] {processor.py:208} INFO - Processing /opt/airflow/dags/music_ingestion_dag.py took 0.173 seconds
[2026-02-24T09:58:32.894+0000] {processor.py:186} INFO - Started process (PID=1596) to work on /opt/airflow/dags/music_ingestion_dag.py
[2026-02-24T09:58:32.896+0000] {processor.py:914} INFO - Processing file /opt/airflow/dags/music_ingestion_dag.py for tasks to queue
[2026-02-24T09:58:32.900+0000] {logging_mixin.py:190} INFO - [2026-02-24T09:58:32.899+0000] {dagbag.py:588} INFO - Filling up the DagBag from /opt/airflow/dags/music_ingestion_dag.py
[2026-02-24T09:58:32.926+0000] {processor.py:925} INFO - DAG(s) '01_music_ingestion_realtime' retrieved from /opt/airflow/dags/music_ingestion_dag.py
[2026-02-24T09:58:32.962+0000] {logging_mixin.py:190} INFO - [2026-02-24T09:58:32.962+0000] {dag.py:3239} INFO - Sync 1 DAGs
[2026-02-24T09:58:32.995+0000] {logging_mixin.py:190} INFO - [2026-02-24T09:58:32.994+0000] {dag.py:4180} INFO - Setting next_dagrun for 01_music_ingestion_realtime to 2026-02-24 08:00:00+00:00, run_after=2026-02-24 09:00:00+00:00
[2026-02-24T09:58:33.027+0000] {processor.py:208} INFO - Processing /opt/airflow/dags/music_ingestion_dag.py took 0.140 seconds
[2026-02-24T09:59:03.356+0000] {processor.py:186} INFO - Started process (PID=1601) to work on /opt/airflow/dags/music_ingestion_dag.py
[2026-02-24T09:59:03.357+0000] {processor.py:914} INFO - Processing file /opt/airflow/dags/music_ingestion_dag.py for tasks to queue
[2026-02-24T09:59:03.362+0000] {logging_mixin.py:190} INFO - [2026-02-24T09:59:03.362+0000] {dagbag.py:588} INFO - Filling up the DagBag from /opt/airflow/dags/music_ingestion_dag.py
[2026-02-24T09:59:03.396+0000] {processor.py:925} INFO - DAG(s) '01_music_ingestion_realtime' retrieved from /opt/airflow/dags/music_ingestion_dag.py
[2026-02-24T09:59:03.435+0000] {logging_mixin.py:190} INFO - [2026-02-24T09:59:03.435+0000] {dag.py:3239} INFO - Sync 1 DAGs
[2026-02-24T09:59:03.472+0000] {logging_mixin.py:190} INFO - [2026-02-24T09:59:03.472+0000] {dag.py:4180} INFO - Setting next_dagrun for 01_music_ingestion_realtime to 2026-02-24 08:00:00+00:00, run_after=2026-02-24 09:00:00+00:00
[2026-02-24T09:59:03.513+0000] {processor.py:208} INFO - Processing /opt/airflow/dags/music_ingestion_dag.py took 0.166 seconds
[2026-02-24T09:59:33.678+0000] {processor.py:186} INFO - Started process (PID=1606) to work on /opt/airflow/dags/music_ingestion_dag.py
[2026-02-24T09:59:33.679+0000] {processor.py:914} INFO - Processing file /opt/airflow/dags/music_ingestion_dag.py for tasks to queue
[2026-02-24T09:59:33.682+0000] {logging_mixin.py:190} INFO - [2026-02-24T09:59:33.681+0000] {dagbag.py:588} INFO - Filling up the DagBag from /opt/airflow/dags/music_ingestion_dag.py
[2026-02-24T09:59:33.734+0000] {processor.py:925} INFO - DAG(s) '01_music_ingestion_realtime' retrieved from /opt/airflow/dags/music_ingestion_dag.py
[2026-02-24T09:59:33.776+0000] {logging_mixin.py:190} INFO - [2026-02-24T09:59:33.776+0000] {dag.py:3239} INFO - Sync 1 DAGs
[2026-02-24T09:59:33.804+0000] {logging_mixin.py:190} INFO - [2026-02-24T09:59:33.804+0000] {dag.py:4180} INFO - Setting next_dagrun for 01_music_ingestion_realtime to 2026-02-24 08:00:00+00:00, run_after=2026-02-24 09:00:00+00:00
[2026-02-24T09:59:33.837+0000] {processor.py:208} INFO - Processing /opt/airflow/dags/music_ingestion_dag.py took 0.172 seconds
[2026-02-24T10:00:04.150+0000] {processor.py:186} INFO - Started process (PID=1611) to work on /opt/airflow/dags/music_ingestion_dag.py
[2026-02-24T10:00:04.151+0000] {processor.py:914} INFO - Processing file /opt/airflow/dags/music_ingestion_dag.py for tasks to queue
[2026-02-24T10:00:04.154+0000] {logging_mixin.py:190} INFO - [2026-02-24T10:00:04.153+0000] {dagbag.py:588} INFO - Filling up the DagBag from /opt/airflow/dags/music_ingestion_dag.py
[2026-02-24T10:00:04.178+0000] {processor.py:925} INFO - DAG(s) '01_music_ingestion_realtime' retrieved from /opt/airflow/dags/music_ingestion_dag.py
[2026-02-24T10:00:04.211+0000] {logging_mixin.py:190} INFO - [2026-02-24T10:00:04.211+0000] {dag.py:3239} INFO - Sync 1 DAGs
[2026-02-24T10:00:04.242+0000] {logging_mixin.py:190} INFO - [2026-02-24T10:00:04.242+0000] {dag.py:4180} INFO - Setting next_dagrun for 01_music_ingestion_realtime to 2026-02-24 09:00:00+00:00, run_after=2026-02-24 10:00:00+00:00
[2026-02-24T10:00:04.275+0000] {processor.py:208} INFO - Processing /opt/airflow/dags/music_ingestion_dag.py took 0.132 seconds
[2026-02-24T10:00:34.504+0000] {processor.py:186} INFO - Started process (PID=1616) to work on /opt/airflow/dags/music_ingestion_dag.py
[2026-02-24T10:00:34.515+0000] {processor.py:914} INFO - Processing file /opt/airflow/dags/music_ingestion_dag.py for tasks to queue
[2026-02-24T10:00:34.547+0000] {logging_mixin.py:190} INFO - [2026-02-24T10:00:34.545+0000] {dagbag.py:588} INFO - Filling up the DagBag from /opt/airflow/dags/music_ingestion_dag.py
[2026-02-24T10:00:34.706+0000] {processor.py:925} INFO - DAG(s) '01_music_ingestion_realtime' retrieved from /opt/airflow/dags/music_ingestion_dag.py
[2026-02-24T10:00:34.985+0000] {logging_mixin.py:190} INFO - [2026-02-24T10:00:34.985+0000] {dag.py:3239} INFO - Sync 1 DAGs
[2026-02-24T10:00:35.102+0000] {logging_mixin.py:190} INFO - [2026-02-24T10:00:35.102+0000] {dag.py:4180} INFO - Setting next_dagrun for 01_music_ingestion_realtime to 2026-02-24 09:00:00+00:00, run_after=2026-02-24 10:00:00+00:00
[2026-02-24T10:00:35.147+0000] {processor.py:208} INFO - Processing /opt/airflow/dags/music_ingestion_dag.py took 0.667 seconds
[2026-02-24T10:01:05.517+0000] {processor.py:186} INFO - Started process (PID=1621) to work on /opt/airflow/dags/music_ingestion_dag.py
[2026-02-24T10:01:05.518+0000] {processor.py:914} INFO - Processing file /opt/airflow/dags/music_ingestion_dag.py for tasks to queue
[2026-02-24T10:01:05.521+0000] {logging_mixin.py:190} INFO - [2026-02-24T10:01:05.520+0000] {dagbag.py:588} INFO - Filling up the DagBag from /opt/airflow/dags/music_ingestion_dag.py
[2026-02-24T10:01:05.553+0000] {processor.py:925} INFO - DAG(s) '01_music_ingestion_realtime' retrieved from /opt/airflow/dags/music_ingestion_dag.py
[2026-02-24T10:01:05.592+0000] {logging_mixin.py:190} INFO - [2026-02-24T10:01:05.592+0000] {dag.py:3239} INFO - Sync 1 DAGs
[2026-02-24T10:01:05.628+0000] {logging_mixin.py:190} INFO - [2026-02-24T10:01:05.628+0000] {dag.py:4180} INFO - Setting next_dagrun for 01_music_ingestion_realtime to 2026-02-24 09:00:00+00:00, run_after=2026-02-24 10:00:00+00:00
[2026-02-24T10:01:05.660+0000] {processor.py:208} INFO - Processing /opt/airflow/dags/music_ingestion_dag.py took 0.151 seconds
[2026-02-24T10:01:35.836+0000] {processor.py:186} INFO - Started process (PID=1626) to work on /opt/airflow/dags/music_ingestion_dag.py
[2026-02-24T10:01:35.838+0000] {processor.py:914} INFO - Processing file /opt/airflow/dags/music_ingestion_dag.py for tasks to queue
[2026-02-24T10:01:35.840+0000] {logging_mixin.py:190} INFO - [2026-02-24T10:01:35.840+0000] {dagbag.py:588} INFO - Filling up the DagBag from /opt/airflow/dags/music_ingestion_dag.py
[2026-02-24T10:01:35.859+0000] {processor.py:925} INFO - DAG(s) '01_music_ingestion_realtime' retrieved from /opt/airflow/dags/music_ingestion_dag.py
[2026-02-24T10:01:35.887+0000] {logging_mixin.py:190} INFO - [2026-02-24T10:01:35.887+0000] {dag.py:3239} INFO - Sync 1 DAGs
[2026-02-24T10:01:35.911+0000] {logging_mixin.py:190} INFO - [2026-02-24T10:01:35.910+0000] {dag.py:4180} INFO - Setting next_dagrun for 01_music_ingestion_realtime to 2026-02-24 09:00:00+00:00, run_after=2026-02-24 10:00:00+00:00
[2026-02-24T10:01:35.938+0000] {processor.py:208} INFO - Processing /opt/airflow/dags/music_ingestion_dag.py took 0.107 seconds
[2026-02-24T10:02:06.174+0000] {processor.py:186} INFO - Started process (PID=1631) to work on /opt/airflow/dags/music_ingestion_dag.py
[2026-02-24T10:02:06.175+0000] {processor.py:914} INFO - Processing file /opt/airflow/dags/music_ingestion_dag.py for tasks to queue
[2026-02-24T10:02:06.178+0000] {logging_mixin.py:190} INFO - [2026-02-24T10:02:06.177+0000] {dagbag.py:588} INFO - Filling up the DagBag from /opt/airflow/dags/music_ingestion_dag.py
[2026-02-24T10:02:06.202+0000] {processor.py:925} INFO - DAG(s) '01_music_ingestion_realtime' retrieved from /opt/airflow/dags/music_ingestion_dag.py
[2026-02-24T10:02:06.229+0000] {logging_mixin.py:190} INFO - [2026-02-24T10:02:06.229+0000] {dag.py:3239} INFO - Sync 1 DAGs
[2026-02-24T10:02:06.252+0000] {logging_mixin.py:190} INFO - [2026-02-24T10:02:06.252+0000] {dag.py:4180} INFO - Setting next_dagrun for 01_music_ingestion_realtime to 2026-02-24 09:00:00+00:00, run_after=2026-02-24 10:00:00+00:00
[2026-02-24T10:02:06.280+0000] {processor.py:208} INFO - Processing /opt/airflow/dags/music_ingestion_dag.py took 0.113 seconds
[2026-02-24T10:02:36.650+0000] {processor.py:186} INFO - Started process (PID=1636) to work on /opt/airflow/dags/music_ingestion_dag.py
[2026-02-24T10:02:36.652+0000] {processor.py:914} INFO - Processing file /opt/airflow/dags/music_ingestion_dag.py for tasks to queue
[2026-02-24T10:02:36.657+0000] {logging_mixin.py:190} INFO - [2026-02-24T10:02:36.657+0000] {dagbag.py:588} INFO - Filling up the DagBag from /opt/airflow/dags/music_ingestion_dag.py
[2026-02-24T10:02:36.707+0000] {processor.py:925} INFO - DAG(s) '01_music_ingestion_realtime' retrieved from /opt/airflow/dags/music_ingestion_dag.py
[2026-02-24T10:02:36.776+0000] {logging_mixin.py:190} INFO - [2026-02-24T10:02:36.776+0000] {dag.py:3239} INFO - Sync 1 DAGs
[2026-02-24T10:02:36.851+0000] {logging_mixin.py:190} INFO - [2026-02-24T10:02:36.850+0000] {dag.py:4180} INFO - Setting next_dagrun for 01_music_ingestion_realtime to 2026-02-24 09:00:00+00:00, run_after=2026-02-24 10:00:00+00:00
[2026-02-24T10:02:36.898+0000] {processor.py:208} INFO - Processing /opt/airflow/dags/music_ingestion_dag.py took 0.261 seconds
[2026-02-24T10:03:07.239+0000] {processor.py:186} INFO - Started process (PID=1641) to work on /opt/airflow/dags/music_ingestion_dag.py
[2026-02-24T10:03:07.241+0000] {processor.py:914} INFO - Processing file /opt/airflow/dags/music_ingestion_dag.py for tasks to queue
[2026-02-24T10:03:07.244+0000] {logging_mixin.py:190} INFO - [2026-02-24T10:03:07.244+0000] {dagbag.py:588} INFO - Filling up the DagBag from /opt/airflow/dags/music_ingestion_dag.py
[2026-02-24T10:03:07.274+0000] {processor.py:925} INFO - DAG(s) '01_music_ingestion_realtime' retrieved from /opt/airflow/dags/music_ingestion_dag.py
[2026-02-24T10:03:07.314+0000] {logging_mixin.py:190} INFO - [2026-02-24T10:03:07.313+0000] {dag.py:3239} INFO - Sync 1 DAGs
[2026-02-24T10:03:07.355+0000] {logging_mixin.py:190} INFO - [2026-02-24T10:03:07.355+0000] {dag.py:4180} INFO - Setting next_dagrun for 01_music_ingestion_realtime to 2026-02-24 09:00:00+00:00, run_after=2026-02-24 10:00:00+00:00
[2026-02-24T10:03:07.398+0000] {processor.py:208} INFO - Processing /opt/airflow/dags/music_ingestion_dag.py took 0.172 seconds
[2026-02-24T10:03:37.641+0000] {processor.py:186} INFO - Started process (PID=1646) to work on /opt/airflow/dags/music_ingestion_dag.py
[2026-02-24T10:03:37.643+0000] {processor.py:914} INFO - Processing file /opt/airflow/dags/music_ingestion_dag.py for tasks to queue
[2026-02-24T10:03:37.647+0000] {logging_mixin.py:190} INFO - [2026-02-24T10:03:37.647+0000] {dagbag.py:588} INFO - Filling up the DagBag from /opt/airflow/dags/music_ingestion_dag.py
[2026-02-24T10:03:37.688+0000] {processor.py:925} INFO - DAG(s) '01_music_ingestion_realtime' retrieved from /opt/airflow/dags/music_ingestion_dag.py
[2026-02-24T10:03:37.727+0000] {logging_mixin.py:190} INFO - [2026-02-24T10:03:37.727+0000] {dag.py:3239} INFO - Sync 1 DAGs
[2026-02-24T10:03:37.765+0000] {logging_mixin.py:190} INFO - [2026-02-24T10:03:37.765+0000] {dag.py:4180} INFO - Setting next_dagrun for 01_music_ingestion_realtime to 2026-02-24 09:00:00+00:00, run_after=2026-02-24 10:00:00+00:00
[2026-02-24T10:03:37.806+0000] {processor.py:208} INFO - Processing /opt/airflow/dags/music_ingestion_dag.py took 0.173 seconds
[2026-02-24T10:04:08.040+0000] {processor.py:186} INFO - Started process (PID=1651) to work on /opt/airflow/dags/music_ingestion_dag.py
[2026-02-24T10:04:08.042+0000] {processor.py:914} INFO - Processing file /opt/airflow/dags/music_ingestion_dag.py for tasks to queue
[2026-02-24T10:04:08.046+0000] {logging_mixin.py:190} INFO - [2026-02-24T10:04:08.045+0000] {dagbag.py:588} INFO - Filling up the DagBag from /opt/airflow/dags/music_ingestion_dag.py
[2026-02-24T10:04:08.090+0000] {processor.py:925} INFO - DAG(s) '01_music_ingestion_realtime' retrieved from /opt/airflow/dags/music_ingestion_dag.py
[2026-02-24T10:04:08.131+0000] {logging_mixin.py:190} INFO - [2026-02-24T10:04:08.131+0000] {dag.py:3239} INFO - Sync 1 DAGs
[2026-02-24T10:04:08.176+0000] {logging_mixin.py:190} INFO - [2026-02-24T10:04:08.176+0000] {dag.py:4180} INFO - Setting next_dagrun for 01_music_ingestion_realtime to 2026-02-24 09:00:00+00:00, run_after=2026-02-24 10:00:00+00:00
[2026-02-24T10:04:08.216+0000] {processor.py:208} INFO - Processing /opt/airflow/dags/music_ingestion_dag.py took 0.187 seconds
[2026-02-24T10:04:38.412+0000] {processor.py:186} INFO - Started process (PID=1656) to work on /opt/airflow/dags/music_ingestion_dag.py
[2026-02-24T10:04:38.413+0000] {processor.py:914} INFO - Processing file /opt/airflow/dags/music_ingestion_dag.py for tasks to queue
[2026-02-24T10:04:38.415+0000] {logging_mixin.py:190} INFO - [2026-02-24T10:04:38.415+0000] {dagbag.py:588} INFO - Filling up the DagBag from /opt/airflow/dags/music_ingestion_dag.py
[2026-02-24T10:04:38.481+0000] {processor.py:925} INFO - DAG(s) '01_music_ingestion_realtime' retrieved from /opt/airflow/dags/music_ingestion_dag.py
[2026-02-24T10:04:38.517+0000] {logging_mixin.py:190} INFO - [2026-02-24T10:04:38.516+0000] {dag.py:3239} INFO - Sync 1 DAGs
[2026-02-24T10:04:38.554+0000] {logging_mixin.py:190} INFO - [2026-02-24T10:04:38.554+0000] {dag.py:4180} INFO - Setting next_dagrun for 01_music_ingestion_realtime to 2026-02-24 09:00:00+00:00, run_after=2026-02-24 10:00:00+00:00
[2026-02-24T10:04:38.594+0000] {processor.py:208} INFO - Processing /opt/airflow/dags/music_ingestion_dag.py took 0.188 seconds
[2026-02-24T10:05:08.837+0000] {processor.py:186} INFO - Started process (PID=1661) to work on /opt/airflow/dags/music_ingestion_dag.py
[2026-02-24T10:05:08.838+0000] {processor.py:914} INFO - Processing file /opt/airflow/dags/music_ingestion_dag.py for tasks to queue
[2026-02-24T10:05:08.841+0000] {logging_mixin.py:190} INFO - [2026-02-24T10:05:08.840+0000] {dagbag.py:588} INFO - Filling up the DagBag from /opt/airflow/dags/music_ingestion_dag.py
[2026-02-24T10:05:08.861+0000] {processor.py:925} INFO - DAG(s) '01_music_ingestion_realtime' retrieved from /opt/airflow/dags/music_ingestion_dag.py
[2026-02-24T10:05:08.886+0000] {logging_mixin.py:190} INFO - [2026-02-24T10:05:08.886+0000] {dag.py:3239} INFO - Sync 1 DAGs
[2026-02-24T10:05:08.913+0000] {logging_mixin.py:190} INFO - [2026-02-24T10:05:08.913+0000] {dag.py:4180} INFO - Setting next_dagrun for 01_music_ingestion_realtime to 2026-02-24 09:00:00+00:00, run_after=2026-02-24 10:00:00+00:00
[2026-02-24T10:05:08.936+0000] {processor.py:208} INFO - Processing /opt/airflow/dags/music_ingestion_dag.py took 0.105 seconds
[2026-02-24T10:05:39.255+0000] {processor.py:186} INFO - Started process (PID=1666) to work on /opt/airflow/dags/music_ingestion_dag.py
[2026-02-24T10:05:39.257+0000] {processor.py:914} INFO - Processing file /opt/airflow/dags/music_ingestion_dag.py for tasks to queue
[2026-02-24T10:05:39.260+0000] {logging_mixin.py:190} INFO - [2026-02-24T10:05:39.260+0000] {dagbag.py:588} INFO - Filling up the DagBag from /opt/airflow/dags/music_ingestion_dag.py
[2026-02-24T10:05:39.284+0000] {processor.py:925} INFO - DAG(s) '01_music_ingestion_realtime' retrieved from /opt/airflow/dags/music_ingestion_dag.py
[2026-02-24T10:05:39.330+0000] {logging_mixin.py:190} INFO - [2026-02-24T10:05:39.329+0000] {dag.py:3239} INFO - Sync 1 DAGs
[2026-02-24T10:05:39.366+0000] {logging_mixin.py:190} INFO - [2026-02-24T10:05:39.366+0000] {dag.py:4180} INFO - Setting next_dagrun for 01_music_ingestion_realtime to 2026-02-24 09:00:00+00:00, run_after=2026-02-24 10:00:00+00:00
[2026-02-24T10:05:39.393+0000] {processor.py:208} INFO - Processing /opt/airflow/dags/music_ingestion_dag.py took 0.146 seconds
[2026-02-24T10:06:09.626+0000] {processor.py:186} INFO - Started process (PID=1671) to work on /opt/airflow/dags/music_ingestion_dag.py
[2026-02-24T10:06:09.628+0000] {processor.py:914} INFO - Processing file /opt/airflow/dags/music_ingestion_dag.py for tasks to queue
[2026-02-24T10:06:09.631+0000] {logging_mixin.py:190} INFO - [2026-02-24T10:06:09.631+0000] {dagbag.py:588} INFO - Filling up the DagBag from /opt/airflow/dags/music_ingestion_dag.py
[2026-02-24T10:06:09.661+0000] {processor.py:925} INFO - DAG(s) '01_music_ingestion_realtime' retrieved from /opt/airflow/dags/music_ingestion_dag.py
[2026-02-24T10:06:09.696+0000] {logging_mixin.py:190} INFO - [2026-02-24T10:06:09.696+0000] {dag.py:3239} INFO - Sync 1 DAGs
[2026-02-24T10:06:09.727+0000] {logging_mixin.py:190} INFO - [2026-02-24T10:06:09.726+0000] {dag.py:4180} INFO - Setting next_dagrun for 01_music_ingestion_realtime to 2026-02-24 09:00:00+00:00, run_after=2026-02-24 10:00:00+00:00
[2026-02-24T10:06:09.754+0000] {processor.py:208} INFO - Processing /opt/airflow/dags/music_ingestion_dag.py took 0.136 seconds
[2026-02-24T10:06:40.047+0000] {processor.py:186} INFO - Started process (PID=1676) to work on /opt/airflow/dags/music_ingestion_dag.py
[2026-02-24T10:06:40.049+0000] {processor.py:914} INFO - Processing file /opt/airflow/dags/music_ingestion_dag.py for tasks to queue
[2026-02-24T10:06:40.052+0000] {logging_mixin.py:190} INFO - [2026-02-24T10:06:40.052+0000] {dagbag.py:588} INFO - Filling up the DagBag from /opt/airflow/dags/music_ingestion_dag.py
[2026-02-24T10:06:40.079+0000] {processor.py:925} INFO - DAG(s) '01_music_ingestion_realtime' retrieved from /opt/airflow/dags/music_ingestion_dag.py
[2026-02-24T10:06:40.108+0000] {logging_mixin.py:190} INFO - [2026-02-24T10:06:40.108+0000] {dag.py:3239} INFO - Sync 1 DAGs
[2026-02-24T10:06:40.138+0000] {logging_mixin.py:190} INFO - [2026-02-24T10:06:40.138+0000] {dag.py:4180} INFO - Setting next_dagrun for 01_music_ingestion_realtime to 2026-02-24 09:00:00+00:00, run_after=2026-02-24 10:00:00+00:00
[2026-02-24T10:06:40.167+0000] {processor.py:208} INFO - Processing /opt/airflow/dags/music_ingestion_dag.py took 0.126 seconds
[2026-02-24T10:07:10.442+0000] {processor.py:186} INFO - Started process (PID=1681) to work on /opt/airflow/dags/music_ingestion_dag.py
[2026-02-24T10:07:10.444+0000] {processor.py:914} INFO - Processing file /opt/airflow/dags/music_ingestion_dag.py for tasks to queue
[2026-02-24T10:07:10.447+0000] {logging_mixin.py:190} INFO - [2026-02-24T10:07:10.447+0000] {dagbag.py:588} INFO - Filling up the DagBag from /opt/airflow/dags/music_ingestion_dag.py
[2026-02-24T10:07:10.468+0000] {processor.py:925} INFO - DAG(s) '01_music_ingestion_realtime' retrieved from /opt/airflow/dags/music_ingestion_dag.py
[2026-02-24T10:07:10.500+0000] {logging_mixin.py:190} INFO - [2026-02-24T10:07:10.499+0000] {dag.py:3239} INFO - Sync 1 DAGs
[2026-02-24T10:07:10.528+0000] {logging_mixin.py:190} INFO - [2026-02-24T10:07:10.528+0000] {dag.py:4180} INFO - Setting next_dagrun for 01_music_ingestion_realtime to 2026-02-24 09:00:00+00:00, run_after=2026-02-24 10:00:00+00:00
[2026-02-24T10:07:10.559+0000] {processor.py:208} INFO - Processing /opt/airflow/dags/music_ingestion_dag.py took 0.123 seconds
[2026-02-24T10:07:40.832+0000] {processor.py:186} INFO - Started process (PID=1686) to work on /opt/airflow/dags/music_ingestion_dag.py
[2026-02-24T10:07:40.834+0000] {processor.py:914} INFO - Processing file /opt/airflow/dags/music_ingestion_dag.py for tasks to queue
[2026-02-24T10:07:40.839+0000] {logging_mixin.py:190} INFO - [2026-02-24T10:07:40.838+0000] {dagbag.py:588} INFO - Filling up the DagBag from /opt/airflow/dags/music_ingestion_dag.py
[2026-02-24T10:07:40.870+0000] {processor.py:925} INFO - DAG(s) '01_music_ingestion_realtime' retrieved from /opt/airflow/dags/music_ingestion_dag.py
[2026-02-24T10:07:40.913+0000] {logging_mixin.py:190} INFO - [2026-02-24T10:07:40.912+0000] {dag.py:3239} INFO - Sync 1 DAGs
[2026-02-24T10:07:40.945+0000] {logging_mixin.py:190} INFO - [2026-02-24T10:07:40.945+0000] {dag.py:4180} INFO - Setting next_dagrun for 01_music_ingestion_realtime to 2026-02-24 09:00:00+00:00, run_after=2026-02-24 10:00:00+00:00
[2026-02-24T10:07:40.997+0000] {processor.py:208} INFO - Processing /opt/airflow/dags/music_ingestion_dag.py took 0.179 seconds
[2026-02-24T10:08:11.277+0000] {processor.py:186} INFO - Started process (PID=1691) to work on /opt/airflow/dags/music_ingestion_dag.py
[2026-02-24T10:08:11.279+0000] {processor.py:914} INFO - Processing file /opt/airflow/dags/music_ingestion_dag.py for tasks to queue
[2026-02-24T10:08:11.282+0000] {logging_mixin.py:190} INFO - [2026-02-24T10:08:11.282+0000] {dagbag.py:588} INFO - Filling up the DagBag from /opt/airflow/dags/music_ingestion_dag.py
[2026-02-24T10:08:11.304+0000] {processor.py:925} INFO - DAG(s) '01_music_ingestion_realtime' retrieved from /opt/airflow/dags/music_ingestion_dag.py
[2026-02-24T10:08:11.332+0000] {logging_mixin.py:190} INFO - [2026-02-24T10:08:11.331+0000] {dag.py:3239} INFO - Sync 1 DAGs
[2026-02-24T10:08:11.354+0000] {logging_mixin.py:190} INFO - [2026-02-24T10:08:11.354+0000] {dag.py:4180} INFO - Setting next_dagrun for 01_music_ingestion_realtime to 2026-02-24 09:00:00+00:00, run_after=2026-02-24 10:00:00+00:00
[2026-02-24T10:08:11.376+0000] {processor.py:208} INFO - Processing /opt/airflow/dags/music_ingestion_dag.py took 0.106 seconds
[2026-02-24T10:08:41.697+0000] {processor.py:186} INFO - Started process (PID=1696) to work on /opt/airflow/dags/music_ingestion_dag.py
[2026-02-24T10:08:41.699+0000] {processor.py:914} INFO - Processing file /opt/airflow/dags/music_ingestion_dag.py for tasks to queue
[2026-02-24T10:08:41.703+0000] {logging_mixin.py:190} INFO - [2026-02-24T10:08:41.702+0000] {dagbag.py:588} INFO - Filling up the DagBag from /opt/airflow/dags/music_ingestion_dag.py
[2026-02-24T10:08:41.729+0000] {processor.py:925} INFO - DAG(s) '01_music_ingestion_realtime' retrieved from /opt/airflow/dags/music_ingestion_dag.py
[2026-02-24T10:08:41.763+0000] {logging_mixin.py:190} INFO - [2026-02-24T10:08:41.762+0000] {dag.py:3239} INFO - Sync 1 DAGs
[2026-02-24T10:08:41.788+0000] {logging_mixin.py:190} INFO - [2026-02-24T10:08:41.788+0000] {dag.py:4180} INFO - Setting next_dagrun for 01_music_ingestion_realtime to 2026-02-24 09:00:00+00:00, run_after=2026-02-24 10:00:00+00:00
[2026-02-24T10:08:41.813+0000] {processor.py:208} INFO - Processing /opt/airflow/dags/music_ingestion_dag.py took 0.124 seconds
[2026-02-24T10:09:11.999+0000] {processor.py:186} INFO - Started process (PID=1701) to work on /opt/airflow/dags/music_ingestion_dag.py
[2026-02-24T10:09:12.001+0000] {processor.py:914} INFO - Processing file /opt/airflow/dags/music_ingestion_dag.py for tasks to queue
[2026-02-24T10:09:12.004+0000] {logging_mixin.py:190} INFO - [2026-02-24T10:09:12.004+0000] {dagbag.py:588} INFO - Filling up the DagBag from /opt/airflow/dags/music_ingestion_dag.py
[2026-02-24T10:09:12.037+0000] {processor.py:925} INFO - DAG(s) '01_music_ingestion_realtime' retrieved from /opt/airflow/dags/music_ingestion_dag.py
[2026-02-24T10:09:12.078+0000] {logging_mixin.py:190} INFO - [2026-02-24T10:09:12.078+0000] {dag.py:3239} INFO - Sync 1 DAGs
[2026-02-24T10:09:12.112+0000] {logging_mixin.py:190} INFO - [2026-02-24T10:09:12.112+0000] {dag.py:4180} INFO - Setting next_dagrun for 01_music_ingestion_realtime to 2026-02-24 09:00:00+00:00, run_after=2026-02-24 10:00:00+00:00
[2026-02-24T10:09:12.137+0000] {processor.py:208} INFO - Processing /opt/airflow/dags/music_ingestion_dag.py took 0.147 seconds
[2026-02-24T10:09:42.497+0000] {processor.py:186} INFO - Started process (PID=1706) to work on /opt/airflow/dags/music_ingestion_dag.py
[2026-02-24T10:09:42.499+0000] {processor.py:914} INFO - Processing file /opt/airflow/dags/music_ingestion_dag.py for tasks to queue
[2026-02-24T10:09:42.503+0000] {logging_mixin.py:190} INFO - [2026-02-24T10:09:42.503+0000] {dagbag.py:588} INFO - Filling up the DagBag from /opt/airflow/dags/music_ingestion_dag.py
[2026-02-24T10:09:42.542+0000] {processor.py:925} INFO - DAG(s) '01_music_ingestion_realtime' retrieved from /opt/airflow/dags/music_ingestion_dag.py
[2026-02-24T10:09:42.589+0000] {logging_mixin.py:190} INFO - [2026-02-24T10:09:42.588+0000] {dag.py:3239} INFO - Sync 1 DAGs
[2026-02-24T10:09:42.629+0000] {logging_mixin.py:190} INFO - [2026-02-24T10:09:42.629+0000] {dag.py:4180} INFO - Setting next_dagrun for 01_music_ingestion_realtime to 2026-02-24 09:00:00+00:00, run_after=2026-02-24 10:00:00+00:00
[2026-02-24T10:09:42.665+0000] {processor.py:208} INFO - Processing /opt/airflow/dags/music_ingestion_dag.py took 0.179 seconds
[2026-02-24T10:10:12.828+0000] {processor.py:186} INFO - Started process (PID=1711) to work on /opt/airflow/dags/music_ingestion_dag.py
[2026-02-24T10:10:12.829+0000] {processor.py:914} INFO - Processing file /opt/airflow/dags/music_ingestion_dag.py for tasks to queue
[2026-02-24T10:10:12.832+0000] {logging_mixin.py:190} INFO - [2026-02-24T10:10:12.831+0000] {dagbag.py:588} INFO - Filling up the DagBag from /opt/airflow/dags/music_ingestion_dag.py
[2026-02-24T10:10:12.850+0000] {processor.py:925} INFO - DAG(s) '01_music_ingestion_realtime' retrieved from /opt/airflow/dags/music_ingestion_dag.py
[2026-02-24T10:10:12.878+0000] {logging_mixin.py:190} INFO - [2026-02-24T10:10:12.878+0000] {dag.py:3239} INFO - Sync 1 DAGs
[2026-02-24T10:10:12.903+0000] {logging_mixin.py:190} INFO - [2026-02-24T10:10:12.903+0000] {dag.py:4180} INFO - Setting next_dagrun for 01_music_ingestion_realtime to 2026-02-24 09:00:00+00:00, run_after=2026-02-24 10:00:00+00:00
[2026-02-24T10:10:12.929+0000] {processor.py:208} INFO - Processing /opt/airflow/dags/music_ingestion_dag.py took 0.108 seconds
[2026-02-24T10:10:43.125+0000] {processor.py:186} INFO - Started process (PID=1716) to work on /opt/airflow/dags/music_ingestion_dag.py
[2026-02-24T10:10:43.127+0000] {processor.py:914} INFO - Processing file /opt/airflow/dags/music_ingestion_dag.py for tasks to queue
[2026-02-24T10:10:43.130+0000] {logging_mixin.py:190} INFO - [2026-02-24T10:10:43.130+0000] {dagbag.py:588} INFO - Filling up the DagBag from /opt/airflow/dags/music_ingestion_dag.py
[2026-02-24T10:10:43.153+0000] {processor.py:925} INFO - DAG(s) '01_music_ingestion_realtime' retrieved from /opt/airflow/dags/music_ingestion_dag.py
[2026-02-24T10:10:43.182+0000] {logging_mixin.py:190} INFO - [2026-02-24T10:10:43.181+0000] {dag.py:3239} INFO - Sync 1 DAGs
[2026-02-24T10:10:43.208+0000] {logging_mixin.py:190} INFO - [2026-02-24T10:10:43.208+0000] {dag.py:4180} INFO - Setting next_dagrun for 01_music_ingestion_realtime to 2026-02-24 09:00:00+00:00, run_after=2026-02-24 10:00:00+00:00
[2026-02-24T10:10:43.237+0000] {processor.py:208} INFO - Processing /opt/airflow/dags/music_ingestion_dag.py took 0.120 seconds
[2026-02-24T10:11:13.570+0000] {processor.py:186} INFO - Started process (PID=1721) to work on /opt/airflow/dags/music_ingestion_dag.py
[2026-02-24T10:11:13.572+0000] {processor.py:914} INFO - Processing file /opt/airflow/dags/music_ingestion_dag.py for tasks to queue
[2026-02-24T10:11:13.576+0000] {logging_mixin.py:190} INFO - [2026-02-24T10:11:13.575+0000] {dagbag.py:588} INFO - Filling up the DagBag from /opt/airflow/dags/music_ingestion_dag.py
[2026-02-24T10:11:13.603+0000] {processor.py:925} INFO - DAG(s) '01_music_ingestion_realtime' retrieved from /opt/airflow/dags/music_ingestion_dag.py
[2026-02-24T10:11:13.635+0000] {logging_mixin.py:190} INFO - [2026-02-24T10:11:13.635+0000] {dag.py:3239} INFO - Sync 1 DAGs
[2026-02-24T10:11:13.664+0000] {logging_mixin.py:190} INFO - [2026-02-24T10:11:13.664+0000] {dag.py:4180} INFO - Setting next_dagrun for 01_music_ingestion_realtime to 2026-02-24 09:00:00+00:00, run_after=2026-02-24 10:00:00+00:00
[2026-02-24T10:11:13.693+0000] {processor.py:208} INFO - Processing /opt/airflow/dags/music_ingestion_dag.py took 0.133 seconds
[2026-02-24T10:11:43.894+0000] {processor.py:186} INFO - Started process (PID=1726) to work on /opt/airflow/dags/music_ingestion_dag.py
[2026-02-24T10:11:43.896+0000] {processor.py:914} INFO - Processing file /opt/airflow/dags/music_ingestion_dag.py for tasks to queue
[2026-02-24T10:11:43.898+0000] {logging_mixin.py:190} INFO - [2026-02-24T10:11:43.898+0000] {dagbag.py:588} INFO - Filling up the DagBag from /opt/airflow/dags/music_ingestion_dag.py
[2026-02-24T10:11:43.947+0000] {processor.py:925} INFO - DAG(s) '01_music_ingestion_realtime' retrieved from /opt/airflow/dags/music_ingestion_dag.py
[2026-02-24T10:11:43.977+0000] {logging_mixin.py:190} INFO - [2026-02-24T10:11:43.977+0000] {dag.py:3239} INFO - Sync 1 DAGs
[2026-02-24T10:11:44.012+0000] {logging_mixin.py:190} INFO - [2026-02-24T10:11:44.012+0000] {dag.py:4180} INFO - Setting next_dagrun for 01_music_ingestion_realtime to 2026-02-24 09:00:00+00:00, run_after=2026-02-24 10:00:00+00:00
[2026-02-24T10:11:44.035+0000] {processor.py:208} INFO - Processing /opt/airflow/dags/music_ingestion_dag.py took 0.146 seconds
[2026-02-24T10:12:14.317+0000] {processor.py:186} INFO - Started process (PID=1731) to work on /opt/airflow/dags/music_ingestion_dag.py
[2026-02-24T10:12:14.319+0000] {processor.py:914} INFO - Processing file /opt/airflow/dags/music_ingestion_dag.py for tasks to queue
[2026-02-24T10:12:14.322+0000] {logging_mixin.py:190} INFO - [2026-02-24T10:12:14.322+0000] {dagbag.py:588} INFO - Filling up the DagBag from /opt/airflow/dags/music_ingestion_dag.py
[2026-02-24T10:12:14.350+0000] {processor.py:925} INFO - DAG(s) '01_music_ingestion_realtime' retrieved from /opt/airflow/dags/music_ingestion_dag.py
[2026-02-24T10:12:14.383+0000] {logging_mixin.py:190} INFO - [2026-02-24T10:12:14.383+0000] {dag.py:3239} INFO - Sync 1 DAGs
[2026-02-24T10:12:14.411+0000] {logging_mixin.py:190} INFO - [2026-02-24T10:12:14.410+0000] {dag.py:4180} INFO - Setting next_dagrun for 01_music_ingestion_realtime to 2026-02-24 09:00:00+00:00, run_after=2026-02-24 10:00:00+00:00
[2026-02-24T10:12:14.439+0000] {processor.py:208} INFO - Processing /opt/airflow/dags/music_ingestion_dag.py took 0.133 seconds
[2026-02-24T10:12:44.628+0000] {processor.py:186} INFO - Started process (PID=1736) to work on /opt/airflow/dags/music_ingestion_dag.py
[2026-02-24T10:12:44.630+0000] {processor.py:914} INFO - Processing file /opt/airflow/dags/music_ingestion_dag.py for tasks to queue
[2026-02-24T10:12:44.633+0000] {logging_mixin.py:190} INFO - [2026-02-24T10:12:44.633+0000] {dagbag.py:588} INFO - Filling up the DagBag from /opt/airflow/dags/music_ingestion_dag.py
[2026-02-24T10:12:44.655+0000] {processor.py:925} INFO - DAG(s) '01_music_ingestion_realtime' retrieved from /opt/airflow/dags/music_ingestion_dag.py
[2026-02-24T10:12:44.690+0000] {logging_mixin.py:190} INFO - [2026-02-24T10:12:44.690+0000] {dag.py:3239} INFO - Sync 1 DAGs
[2026-02-24T10:12:44.732+0000] {logging_mixin.py:190} INFO - [2026-02-24T10:12:44.732+0000] {dag.py:4180} INFO - Setting next_dagrun for 01_music_ingestion_realtime to 2026-02-24 09:00:00+00:00, run_after=2026-02-24 10:00:00+00:00
[2026-02-24T10:12:44.758+0000] {processor.py:208} INFO - Processing /opt/airflow/dags/music_ingestion_dag.py took 0.136 seconds
[2026-02-24T10:13:15.048+0000] {processor.py:186} INFO - Started process (PID=1741) to work on /opt/airflow/dags/music_ingestion_dag.py
[2026-02-24T10:13:15.050+0000] {processor.py:914} INFO - Processing file /opt/airflow/dags/music_ingestion_dag.py for tasks to queue
[2026-02-24T10:13:15.053+0000] {logging_mixin.py:190} INFO - [2026-02-24T10:13:15.053+0000] {dagbag.py:588} INFO - Filling up the DagBag from /opt/airflow/dags/music_ingestion_dag.py
[2026-02-24T10:13:15.082+0000] {processor.py:925} INFO - DAG(s) '01_music_ingestion_realtime' retrieved from /opt/airflow/dags/music_ingestion_dag.py
[2026-02-24T10:13:15.120+0000] {logging_mixin.py:190} INFO - [2026-02-24T10:13:15.119+0000] {dag.py:3239} INFO - Sync 1 DAGs
[2026-02-24T10:13:15.154+0000] {logging_mixin.py:190} INFO - [2026-02-24T10:13:15.153+0000] {dag.py:4180} INFO - Setting next_dagrun for 01_music_ingestion_realtime to 2026-02-24 09:00:00+00:00, run_after=2026-02-24 10:00:00+00:00
[2026-02-24T10:13:15.185+0000] {processor.py:208} INFO - Processing /opt/airflow/dags/music_ingestion_dag.py took 0.146 seconds
[2026-02-24T10:13:45.465+0000] {processor.py:186} INFO - Started process (PID=1746) to work on /opt/airflow/dags/music_ingestion_dag.py
[2026-02-24T10:13:45.466+0000] {processor.py:914} INFO - Processing file /opt/airflow/dags/music_ingestion_dag.py for tasks to queue
[2026-02-24T10:13:45.469+0000] {logging_mixin.py:190} INFO - [2026-02-24T10:13:45.468+0000] {dagbag.py:588} INFO - Filling up the DagBag from /opt/airflow/dags/music_ingestion_dag.py
[2026-02-24T10:13:45.492+0000] {processor.py:925} INFO - DAG(s) '01_music_ingestion_realtime' retrieved from /opt/airflow/dags/music_ingestion_dag.py
[2026-02-24T10:13:45.522+0000] {logging_mixin.py:190} INFO - [2026-02-24T10:13:45.522+0000] {dag.py:3239} INFO - Sync 1 DAGs
[2026-02-24T10:13:45.544+0000] {logging_mixin.py:190} INFO - [2026-02-24T10:13:45.544+0000] {dag.py:4180} INFO - Setting next_dagrun for 01_music_ingestion_realtime to 2026-02-24 09:00:00+00:00, run_after=2026-02-24 10:00:00+00:00
[2026-02-24T10:13:45.568+0000] {processor.py:208} INFO - Processing /opt/airflow/dags/music_ingestion_dag.py took 0.109 seconds
[2026-02-24T10:14:15.869+0000] {processor.py:186} INFO - Started process (PID=1751) to work on /opt/airflow/dags/music_ingestion_dag.py
[2026-02-24T10:14:15.870+0000] {processor.py:914} INFO - Processing file /opt/airflow/dags/music_ingestion_dag.py for tasks to queue
[2026-02-24T10:14:15.872+0000] {logging_mixin.py:190} INFO - [2026-02-24T10:14:15.872+0000] {dagbag.py:588} INFO - Filling up the DagBag from /opt/airflow/dags/music_ingestion_dag.py
[2026-02-24T10:14:15.894+0000] {processor.py:925} INFO - DAG(s) '01_music_ingestion_realtime' retrieved from /opt/airflow/dags/music_ingestion_dag.py
[2026-02-24T10:14:15.919+0000] {logging_mixin.py:190} INFO - [2026-02-24T10:14:15.919+0000] {dag.py:3239} INFO - Sync 1 DAGs
[2026-02-24T10:14:15.942+0000] {logging_mixin.py:190} INFO - [2026-02-24T10:14:15.942+0000] {dag.py:4180} INFO - Setting next_dagrun for 01_music_ingestion_realtime to 2026-02-24 09:00:00+00:00, run_after=2026-02-24 10:00:00+00:00
[2026-02-24T10:14:15.965+0000] {processor.py:208} INFO - Processing /opt/airflow/dags/music_ingestion_dag.py took 0.102 seconds
[2026-02-24T10:14:46.247+0000] {processor.py:186} INFO - Started process (PID=1756) to work on /opt/airflow/dags/music_ingestion_dag.py
[2026-02-24T10:14:46.249+0000] {processor.py:914} INFO - Processing file /opt/airflow/dags/music_ingestion_dag.py for tasks to queue
[2026-02-24T10:14:46.255+0000] {logging_mixin.py:190} INFO - [2026-02-24T10:14:46.254+0000] {dagbag.py:588} INFO - Filling up the DagBag from /opt/airflow/dags/music_ingestion_dag.py
[2026-02-24T10:14:46.280+0000] {processor.py:925} INFO - DAG(s) '01_music_ingestion_realtime' retrieved from /opt/airflow/dags/music_ingestion_dag.py
[2026-02-24T10:14:46.315+0000] {logging_mixin.py:190} INFO - [2026-02-24T10:14:46.315+0000] {dag.py:3239} INFO - Sync 1 DAGs
[2026-02-24T10:14:46.341+0000] {logging_mixin.py:190} INFO - [2026-02-24T10:14:46.340+0000] {dag.py:4180} INFO - Setting next_dagrun for 01_music_ingestion_realtime to 2026-02-24 09:00:00+00:00, run_after=2026-02-24 10:00:00+00:00
[2026-02-24T10:14:46.366+0000] {processor.py:208} INFO - Processing /opt/airflow/dags/music_ingestion_dag.py took 0.125 seconds
[2026-02-24T10:15:16.631+0000] {processor.py:186} INFO - Started process (PID=1761) to work on /opt/airflow/dags/music_ingestion_dag.py
[2026-02-24T10:15:16.636+0000] {processor.py:914} INFO - Processing file /opt/airflow/dags/music_ingestion_dag.py for tasks to queue
[2026-02-24T10:15:16.640+0000] {logging_mixin.py:190} INFO - [2026-02-24T10:15:16.639+0000] {dagbag.py:588} INFO - Filling up the DagBag from /opt/airflow/dags/music_ingestion_dag.py
[2026-02-24T10:15:16.668+0000] {processor.py:925} INFO - DAG(s) '01_music_ingestion_realtime' retrieved from /opt/airflow/dags/music_ingestion_dag.py
[2026-02-24T10:15:16.706+0000] {logging_mixin.py:190} INFO - [2026-02-24T10:15:16.706+0000] {dag.py:3239} INFO - Sync 1 DAGs
[2026-02-24T10:15:16.741+0000] {logging_mixin.py:190} INFO - [2026-02-24T10:15:16.741+0000] {dag.py:4180} INFO - Setting next_dagrun for 01_music_ingestion_realtime to 2026-02-24 09:00:00+00:00, run_after=2026-02-24 10:00:00+00:00
[2026-02-24T10:15:16.770+0000] {processor.py:208} INFO - Processing /opt/airflow/dags/music_ingestion_dag.py took 0.146 seconds
[2026-02-24T10:15:47.038+0000] {processor.py:186} INFO - Started process (PID=1766) to work on /opt/airflow/dags/music_ingestion_dag.py
[2026-02-24T10:15:47.041+0000] {processor.py:914} INFO - Processing file /opt/airflow/dags/music_ingestion_dag.py for tasks to queue
[2026-02-24T10:15:47.047+0000] {logging_mixin.py:190} INFO - [2026-02-24T10:15:47.046+0000] {dagbag.py:588} INFO - Filling up the DagBag from /opt/airflow/dags/music_ingestion_dag.py
[2026-02-24T10:15:47.083+0000] {processor.py:925} INFO - DAG(s) '01_music_ingestion_realtime' retrieved from /opt/airflow/dags/music_ingestion_dag.py
[2026-02-24T10:15:47.136+0000] {logging_mixin.py:190} INFO - [2026-02-24T10:15:47.135+0000] {dag.py:3239} INFO - Sync 1 DAGs
[2026-02-24T10:15:47.174+0000] {logging_mixin.py:190} INFO - [2026-02-24T10:15:47.174+0000] {dag.py:4180} INFO - Setting next_dagrun for 01_music_ingestion_realtime to 2026-02-24 09:00:00+00:00, run_after=2026-02-24 10:00:00+00:00
[2026-02-24T10:15:47.201+0000] {processor.py:208} INFO - Processing /opt/airflow/dags/music_ingestion_dag.py took 0.176 seconds
[2026-02-24T10:16:17.420+0000] {processor.py:186} INFO - Started process (PID=1771) to work on /opt/airflow/dags/music_ingestion_dag.py
[2026-02-24T10:16:17.421+0000] {processor.py:914} INFO - Processing file /opt/airflow/dags/music_ingestion_dag.py for tasks to queue
[2026-02-24T10:16:17.424+0000] {logging_mixin.py:190} INFO - [2026-02-24T10:16:17.423+0000] {dagbag.py:588} INFO - Filling up the DagBag from /opt/airflow/dags/music_ingestion_dag.py
[2026-02-24T10:16:17.443+0000] {processor.py:925} INFO - DAG(s) '01_music_ingestion_realtime' retrieved from /opt/airflow/dags/music_ingestion_dag.py
[2026-02-24T10:16:17.470+0000] {logging_mixin.py:190} INFO - [2026-02-24T10:16:17.470+0000] {dag.py:3239} INFO - Sync 1 DAGs
[2026-02-24T10:16:17.493+0000] {logging_mixin.py:190} INFO - [2026-02-24T10:16:17.493+0000] {dag.py:4180} INFO - Setting next_dagrun for 01_music_ingestion_realtime to 2026-02-24 09:00:00+00:00, run_after=2026-02-24 10:00:00+00:00
[2026-02-24T10:16:17.519+0000] {processor.py:208} INFO - Processing /opt/airflow/dags/music_ingestion_dag.py took 0.106 seconds
[2026-02-24T10:19:05.085+0000] {processor.py:186} INFO - Started process (PID=167) to work on /opt/airflow/dags/music_ingestion_dag.py
[2026-02-24T10:19:05.087+0000] {processor.py:914} INFO - Processing file /opt/airflow/dags/music_ingestion_dag.py for tasks to queue
[2026-02-24T10:19:05.090+0000] {logging_mixin.py:190} INFO - [2026-02-24T10:19:05.089+0000] {dagbag.py:588} INFO - Filling up the DagBag from /opt/airflow/dags/music_ingestion_dag.py
[2026-02-24T10:19:05.127+0000] {processor.py:925} INFO - DAG(s) '01_music_ingestion_realtime' retrieved from /opt/airflow/dags/music_ingestion_dag.py
[2026-02-24T10:19:05.584+0000] {logging_mixin.py:190} INFO - [2026-02-24T10:19:05.582+0000] {override.py:1912} INFO - Created Permission View: can delete on DAG:01_music_ingestion_realtime
[2026-02-24T10:19:05.607+0000] {logging_mixin.py:190} INFO - [2026-02-24T10:19:05.607+0000] {override.py:1912} INFO - Created Permission View: can edit on DAG:01_music_ingestion_realtime
[2026-02-24T10:19:05.620+0000] {logging_mixin.py:190} INFO - [2026-02-24T10:19:05.619+0000] {override.py:1912} INFO - Created Permission View: can read on DAG:01_music_ingestion_realtime
[2026-02-24T10:19:05.633+0000] {logging_mixin.py:190} INFO - [2026-02-24T10:19:05.633+0000] {override.py:1912} INFO - Created Permission View: menu access on DAG Run:01_music_ingestion_realtime
[2026-02-24T10:19:05.647+0000] {logging_mixin.py:190} INFO - [2026-02-24T10:19:05.646+0000] {override.py:1912} INFO - Created Permission View: can delete on DAG Run:01_music_ingestion_realtime
[2026-02-24T10:19:05.661+0000] {logging_mixin.py:190} INFO - [2026-02-24T10:19:05.661+0000] {override.py:1912} INFO - Created Permission View: can create on DAG Run:01_music_ingestion_realtime
[2026-02-24T10:19:05.673+0000] {logging_mixin.py:190} INFO - [2026-02-24T10:19:05.673+0000] {override.py:1912} INFO - Created Permission View: can read on DAG Run:01_music_ingestion_realtime
[2026-02-24T10:19:05.675+0000] {logging_mixin.py:190} INFO - [2026-02-24T10:19:05.674+0000] {dag.py:3239} INFO - Sync 1 DAGs
[2026-02-24T10:19:05.701+0000] {logging_mixin.py:190} INFO - [2026-02-24T10:19:05.701+0000] {dag.py:3262} INFO - Creating ORM DAG for 01_music_ingestion_realtime
[2026-02-24T10:19:05.719+0000] {logging_mixin.py:190} INFO - [2026-02-24T10:19:05.719+0000] {dag.py:4180} INFO - Setting next_dagrun for 01_music_ingestion_realtime to 2026-02-24 09:00:00+00:00, run_after=2026-02-24 10:00:00+00:00
[2026-02-24T10:19:05.763+0000] {processor.py:208} INFO - Processing /opt/airflow/dags/music_ingestion_dag.py took 0.684 seconds
[2026-02-24T10:19:36.532+0000] {processor.py:186} INFO - Started process (PID=172) to work on /opt/airflow/dags/music_ingestion_dag.py
[2026-02-24T10:19:36.534+0000] {processor.py:914} INFO - Processing file /opt/airflow/dags/music_ingestion_dag.py for tasks to queue
[2026-02-24T10:19:36.538+0000] {logging_mixin.py:190} INFO - [2026-02-24T10:19:36.537+0000] {dagbag.py:588} INFO - Filling up the DagBag from /opt/airflow/dags/music_ingestion_dag.py
[2026-02-24T10:19:36.569+0000] {processor.py:925} INFO - DAG(s) '01_music_ingestion_realtime' retrieved from /opt/airflow/dags/music_ingestion_dag.py
[2026-02-24T10:19:36.616+0000] {logging_mixin.py:190} INFO - [2026-02-24T10:19:36.616+0000] {dag.py:3239} INFO - Sync 1 DAGs
[2026-02-24T10:19:36.688+0000] {logging_mixin.py:190} INFO - [2026-02-24T10:19:36.688+0000] {dag.py:4180} INFO - Setting next_dagrun for 01_music_ingestion_realtime to 2026-02-24 09:00:00+00:00, run_after=2026-02-24 10:00:00+00:00
[2026-02-24T10:19:36.727+0000] {processor.py:208} INFO - Processing /opt/airflow/dags/music_ingestion_dag.py took 0.202 seconds
[2026-02-24T10:20:07.086+0000] {processor.py:186} INFO - Started process (PID=177) to work on /opt/airflow/dags/music_ingestion_dag.py
[2026-02-24T10:20:07.088+0000] {processor.py:914} INFO - Processing file /opt/airflow/dags/music_ingestion_dag.py for tasks to queue
[2026-02-24T10:20:07.106+0000] {logging_mixin.py:190} INFO - [2026-02-24T10:20:07.106+0000] {dagbag.py:588} INFO - Filling up the DagBag from /opt/airflow/dags/music_ingestion_dag.py
[2026-02-24T10:20:07.152+0000] {processor.py:925} INFO - DAG(s) '01_music_ingestion_realtime' retrieved from /opt/airflow/dags/music_ingestion_dag.py
[2026-02-24T10:20:07.216+0000] {logging_mixin.py:190} INFO - [2026-02-24T10:20:07.216+0000] {dag.py:3239} INFO - Sync 1 DAGs
[2026-02-24T10:20:07.263+0000] {logging_mixin.py:190} INFO - [2026-02-24T10:20:07.263+0000] {dag.py:4180} INFO - Setting next_dagrun for 01_music_ingestion_realtime to 2026-02-24 09:00:00+00:00, run_after=2026-02-24 10:00:00+00:00
[2026-02-24T10:20:07.325+0000] {processor.py:208} INFO - Processing /opt/airflow/dags/music_ingestion_dag.py took 0.270 seconds
[2026-02-24T10:20:37.765+0000] {processor.py:186} INFO - Started process (PID=182) to work on /opt/airflow/dags/music_ingestion_dag.py
[2026-02-24T10:20:37.766+0000] {processor.py:914} INFO - Processing file /opt/airflow/dags/music_ingestion_dag.py for tasks to queue
[2026-02-24T10:20:37.769+0000] {logging_mixin.py:190} INFO - [2026-02-24T10:20:37.769+0000] {dagbag.py:588} INFO - Filling up the DagBag from /opt/airflow/dags/music_ingestion_dag.py
[2026-02-24T10:20:37.816+0000] {processor.py:925} INFO - DAG(s) '01_music_ingestion_realtime' retrieved from /opt/airflow/dags/music_ingestion_dag.py
[2026-02-24T10:20:37.912+0000] {logging_mixin.py:190} INFO - [2026-02-24T10:20:37.912+0000] {dag.py:3239} INFO - Sync 1 DAGs
[2026-02-24T10:20:37.950+0000] {logging_mixin.py:190} INFO - [2026-02-24T10:20:37.949+0000] {dag.py:4180} INFO - Setting next_dagrun for 01_music_ingestion_realtime to 2026-02-24 09:00:00+00:00, run_after=2026-02-24 10:00:00+00:00
[2026-02-24T10:20:39.131+0000] {processor.py:208} INFO - Processing /opt/airflow/dags/music_ingestion_dag.py took 1.372 seconds
[2026-02-24T10:21:09.471+0000] {processor.py:186} INFO - Started process (PID=187) to work on /opt/airflow/dags/music_ingestion_dag.py
[2026-02-24T10:21:09.473+0000] {processor.py:914} INFO - Processing file /opt/airflow/dags/music_ingestion_dag.py for tasks to queue
[2026-02-24T10:21:09.476+0000] {logging_mixin.py:190} INFO - [2026-02-24T10:21:09.475+0000] {dagbag.py:588} INFO - Filling up the DagBag from /opt/airflow/dags/music_ingestion_dag.py
[2026-02-24T10:21:09.501+0000] {processor.py:925} INFO - DAG(s) '01_music_ingestion_realtime' retrieved from /opt/airflow/dags/music_ingestion_dag.py
[2026-02-24T10:21:09.537+0000] {logging_mixin.py:190} INFO - [2026-02-24T10:21:09.537+0000] {dag.py:3239} INFO - Sync 1 DAGs
[2026-02-24T10:21:09.568+0000] {logging_mixin.py:190} INFO - [2026-02-24T10:21:09.568+0000] {dag.py:4180} INFO - Setting next_dagrun for 01_music_ingestion_realtime to 2026-02-24 09:00:00+00:00, run_after=2026-02-24 10:00:00+00:00
[2026-02-24T10:21:09.595+0000] {processor.py:208} INFO - Processing /opt/airflow/dags/music_ingestion_dag.py took 0.132 seconds
[2026-02-24T10:21:39.745+0000] {processor.py:186} INFO - Started process (PID=192) to work on /opt/airflow/dags/music_ingestion_dag.py
[2026-02-24T10:21:39.746+0000] {processor.py:914} INFO - Processing file /opt/airflow/dags/music_ingestion_dag.py for tasks to queue
[2026-02-24T10:21:39.748+0000] {logging_mixin.py:190} INFO - [2026-02-24T10:21:39.748+0000] {dagbag.py:588} INFO - Filling up the DagBag from /opt/airflow/dags/music_ingestion_dag.py
[2026-02-24T10:21:39.769+0000] {processor.py:925} INFO - DAG(s) '01_music_ingestion_realtime' retrieved from /opt/airflow/dags/music_ingestion_dag.py
[2026-02-24T10:21:39.806+0000] {logging_mixin.py:190} INFO - [2026-02-24T10:21:39.805+0000] {dag.py:3239} INFO - Sync 1 DAGs
[2026-02-24T10:21:39.835+0000] {logging_mixin.py:190} INFO - [2026-02-24T10:21:39.835+0000] {dag.py:4180} INFO - Setting next_dagrun for 01_music_ingestion_realtime to 2026-02-24 09:00:00+00:00, run_after=2026-02-24 10:00:00+00:00
[2026-02-24T10:21:39.861+0000] {processor.py:208} INFO - Processing /opt/airflow/dags/music_ingestion_dag.py took 0.123 seconds
[2026-02-24T10:22:10.192+0000] {processor.py:186} INFO - Started process (PID=197) to work on /opt/airflow/dags/music_ingestion_dag.py
[2026-02-24T10:22:10.194+0000] {processor.py:914} INFO - Processing file /opt/airflow/dags/music_ingestion_dag.py for tasks to queue
[2026-02-24T10:22:10.197+0000] {logging_mixin.py:190} INFO - [2026-02-24T10:22:10.196+0000] {dagbag.py:588} INFO - Filling up the DagBag from /opt/airflow/dags/music_ingestion_dag.py
[2026-02-24T10:22:10.225+0000] {processor.py:925} INFO - DAG(s) '01_music_ingestion_realtime' retrieved from /opt/airflow/dags/music_ingestion_dag.py
[2026-02-24T10:22:10.254+0000] {logging_mixin.py:190} INFO - [2026-02-24T10:22:10.253+0000] {dag.py:3239} INFO - Sync 1 DAGs
[2026-02-24T10:22:10.285+0000] {logging_mixin.py:190} INFO - [2026-02-24T10:22:10.284+0000] {dag.py:4180} INFO - Setting next_dagrun for 01_music_ingestion_realtime to 2026-02-24 09:00:00+00:00, run_after=2026-02-24 10:00:00+00:00
[2026-02-24T10:22:10.320+0000] {processor.py:208} INFO - Processing /opt/airflow/dags/music_ingestion_dag.py took 0.136 seconds
[2026-02-24T10:22:40.511+0000] {processor.py:186} INFO - Started process (PID=202) to work on /opt/airflow/dags/music_ingestion_dag.py
[2026-02-24T10:22:40.513+0000] {processor.py:914} INFO - Processing file /opt/airflow/dags/music_ingestion_dag.py for tasks to queue
[2026-02-24T10:22:40.516+0000] {logging_mixin.py:190} INFO - [2026-02-24T10:22:40.516+0000] {dagbag.py:588} INFO - Filling up the DagBag from /opt/airflow/dags/music_ingestion_dag.py
[2026-02-24T10:22:40.554+0000] {processor.py:925} INFO - DAG(s) '01_music_ingestion_realtime' retrieved from /opt/airflow/dags/music_ingestion_dag.py
[2026-02-24T10:22:40.587+0000] {logging_mixin.py:190} INFO - [2026-02-24T10:22:40.586+0000] {dag.py:3239} INFO - Sync 1 DAGs
[2026-02-24T10:22:40.613+0000] {logging_mixin.py:190} INFO - [2026-02-24T10:22:40.613+0000] {dag.py:4180} INFO - Setting next_dagrun for 01_music_ingestion_realtime to 2026-02-24 09:00:00+00:00, run_after=2026-02-24 10:00:00+00:00
[2026-02-24T10:22:40.637+0000] {processor.py:208} INFO - Processing /opt/airflow/dags/music_ingestion_dag.py took 0.132 seconds
