[2026-01-26T18:06:31.531+0000] {processor.py:186} INFO - Started process (PID=167) to work on /opt/airflow/dags/music_ingestion_dag.py
[2026-01-26T18:06:31.533+0000] {processor.py:914} INFO - Processing file /opt/airflow/dags/music_ingestion_dag.py for tasks to queue
[2026-01-26T18:06:31.539+0000] {logging_mixin.py:190} INFO - [2026-01-26T18:06:31.538+0000] {dagbag.py:588} INFO - Filling up the DagBag from /opt/airflow/dags/music_ingestion_dag.py
[2026-01-26T18:06:31.592+0000] {processor.py:925} INFO - DAG(s) '01_music_ingestion_realtime' retrieved from /opt/airflow/dags/music_ingestion_dag.py
[2026-01-26T18:06:31.669+0000] {logging_mixin.py:190} INFO - [2026-01-26T18:06:31.669+0000] {dag.py:3239} INFO - Sync 1 DAGs
[2026-01-26T18:06:31.717+0000] {logging_mixin.py:190} INFO - [2026-01-26T18:06:31.717+0000] {dag.py:4180} INFO - Setting next_dagrun for 01_music_ingestion_realtime to 2026-01-26 17:00:00+00:00, run_after=2026-01-26 18:00:00+00:00
[2026-01-26T18:06:31.750+0000] {processor.py:208} INFO - Processing /opt/airflow/dags/music_ingestion_dag.py took 0.232 seconds
[2026-01-26T18:07:01.895+0000] {processor.py:186} INFO - Started process (PID=172) to work on /opt/airflow/dags/music_ingestion_dag.py
[2026-01-26T18:07:01.897+0000] {processor.py:914} INFO - Processing file /opt/airflow/dags/music_ingestion_dag.py for tasks to queue
[2026-01-26T18:07:01.906+0000] {logging_mixin.py:190} INFO - [2026-01-26T18:07:01.905+0000] {dagbag.py:588} INFO - Filling up the DagBag from /opt/airflow/dags/music_ingestion_dag.py
[2026-01-26T18:07:01.949+0000] {processor.py:925} INFO - DAG(s) '01_music_ingestion_realtime' retrieved from /opt/airflow/dags/music_ingestion_dag.py
[2026-01-26T18:07:02.045+0000] {logging_mixin.py:190} INFO - [2026-01-26T18:07:02.044+0000] {dag.py:3239} INFO - Sync 1 DAGs
[2026-01-26T18:07:02.152+0000] {logging_mixin.py:190} INFO - [2026-01-26T18:07:02.152+0000] {dag.py:4180} INFO - Setting next_dagrun for 01_music_ingestion_realtime to 2026-01-26 17:00:00+00:00, run_after=2026-01-26 18:00:00+00:00
[2026-01-26T18:07:02.186+0000] {processor.py:208} INFO - Processing /opt/airflow/dags/music_ingestion_dag.py took 0.307 seconds
[2026-01-26T18:07:32.435+0000] {processor.py:186} INFO - Started process (PID=177) to work on /opt/airflow/dags/music_ingestion_dag.py
[2026-01-26T18:07:32.436+0000] {processor.py:914} INFO - Processing file /opt/airflow/dags/music_ingestion_dag.py for tasks to queue
[2026-01-26T18:07:32.440+0000] {logging_mixin.py:190} INFO - [2026-01-26T18:07:32.440+0000] {dagbag.py:588} INFO - Filling up the DagBag from /opt/airflow/dags/music_ingestion_dag.py
[2026-01-26T18:07:32.478+0000] {processor.py:925} INFO - DAG(s) '01_music_ingestion_realtime' retrieved from /opt/airflow/dags/music_ingestion_dag.py
[2026-01-26T18:07:32.523+0000] {logging_mixin.py:190} INFO - [2026-01-26T18:07:32.523+0000] {dag.py:3239} INFO - Sync 1 DAGs
[2026-01-26T18:07:32.579+0000] {logging_mixin.py:190} INFO - [2026-01-26T18:07:32.578+0000] {dag.py:4180} INFO - Setting next_dagrun for 01_music_ingestion_realtime to 2026-01-26 17:00:00+00:00, run_after=2026-01-26 18:00:00+00:00
[2026-01-26T18:07:32.610+0000] {processor.py:208} INFO - Processing /opt/airflow/dags/music_ingestion_dag.py took 0.182 seconds
[2026-01-26T18:08:02.903+0000] {processor.py:186} INFO - Started process (PID=182) to work on /opt/airflow/dags/music_ingestion_dag.py
[2026-01-26T18:08:02.905+0000] {processor.py:914} INFO - Processing file /opt/airflow/dags/music_ingestion_dag.py for tasks to queue
[2026-01-26T18:08:02.913+0000] {logging_mixin.py:190} INFO - [2026-01-26T18:08:02.911+0000] {dagbag.py:588} INFO - Filling up the DagBag from /opt/airflow/dags/music_ingestion_dag.py
[2026-01-26T18:08:02.961+0000] {processor.py:925} INFO - DAG(s) '01_music_ingestion_realtime' retrieved from /opt/airflow/dags/music_ingestion_dag.py
[2026-01-26T18:08:03.011+0000] {logging_mixin.py:190} INFO - [2026-01-26T18:08:03.011+0000] {dag.py:3239} INFO - Sync 1 DAGs
[2026-01-26T18:08:03.041+0000] {logging_mixin.py:190} INFO - [2026-01-26T18:08:03.041+0000] {dag.py:4180} INFO - Setting next_dagrun for 01_music_ingestion_realtime to 2026-01-26 17:00:00+00:00, run_after=2026-01-26 18:00:00+00:00
[2026-01-26T18:08:03.067+0000] {processor.py:208} INFO - Processing /opt/airflow/dags/music_ingestion_dag.py took 0.187 seconds
[2026-01-26T18:08:33.320+0000] {processor.py:186} INFO - Started process (PID=187) to work on /opt/airflow/dags/music_ingestion_dag.py
[2026-01-26T18:08:33.321+0000] {processor.py:914} INFO - Processing file /opt/airflow/dags/music_ingestion_dag.py for tasks to queue
[2026-01-26T18:08:33.325+0000] {logging_mixin.py:190} INFO - [2026-01-26T18:08:33.325+0000] {dagbag.py:588} INFO - Filling up the DagBag from /opt/airflow/dags/music_ingestion_dag.py
[2026-01-26T18:08:33.351+0000] {processor.py:925} INFO - DAG(s) '01_music_ingestion_realtime' retrieved from /opt/airflow/dags/music_ingestion_dag.py
[2026-01-26T18:08:33.386+0000] {logging_mixin.py:190} INFO - [2026-01-26T18:08:33.386+0000] {dag.py:3239} INFO - Sync 1 DAGs
[2026-01-26T18:08:33.440+0000] {logging_mixin.py:190} INFO - [2026-01-26T18:08:33.440+0000] {dag.py:4180} INFO - Setting next_dagrun for 01_music_ingestion_realtime to 2026-01-26 17:00:00+00:00, run_after=2026-01-26 18:00:00+00:00
[2026-01-26T18:08:33.487+0000] {processor.py:208} INFO - Processing /opt/airflow/dags/music_ingestion_dag.py took 0.176 seconds
[2026-01-26T18:09:03.757+0000] {processor.py:186} INFO - Started process (PID=192) to work on /opt/airflow/dags/music_ingestion_dag.py
[2026-01-26T18:09:03.758+0000] {processor.py:914} INFO - Processing file /opt/airflow/dags/music_ingestion_dag.py for tasks to queue
[2026-01-26T18:09:03.760+0000] {logging_mixin.py:190} INFO - [2026-01-26T18:09:03.760+0000] {dagbag.py:588} INFO - Filling up the DagBag from /opt/airflow/dags/music_ingestion_dag.py
[2026-01-26T18:09:03.778+0000] {processor.py:925} INFO - DAG(s) '01_music_ingestion_realtime' retrieved from /opt/airflow/dags/music_ingestion_dag.py
[2026-01-26T18:09:03.806+0000] {logging_mixin.py:190} INFO - [2026-01-26T18:09:03.806+0000] {dag.py:3239} INFO - Sync 1 DAGs
[2026-01-26T18:09:03.831+0000] {logging_mixin.py:190} INFO - [2026-01-26T18:09:03.831+0000] {dag.py:4180} INFO - Setting next_dagrun for 01_music_ingestion_realtime to 2026-01-26 17:00:00+00:00, run_after=2026-01-26 18:00:00+00:00
[2026-01-26T18:09:03.856+0000] {processor.py:208} INFO - Processing /opt/airflow/dags/music_ingestion_dag.py took 0.104 seconds
[2026-01-26T18:09:34.177+0000] {processor.py:186} INFO - Started process (PID=197) to work on /opt/airflow/dags/music_ingestion_dag.py
[2026-01-26T18:09:34.178+0000] {processor.py:914} INFO - Processing file /opt/airflow/dags/music_ingestion_dag.py for tasks to queue
[2026-01-26T18:09:34.182+0000] {logging_mixin.py:190} INFO - [2026-01-26T18:09:34.182+0000] {dagbag.py:588} INFO - Filling up the DagBag from /opt/airflow/dags/music_ingestion_dag.py
[2026-01-26T18:09:34.206+0000] {processor.py:925} INFO - DAG(s) '01_music_ingestion_realtime' retrieved from /opt/airflow/dags/music_ingestion_dag.py
[2026-01-26T18:09:34.236+0000] {logging_mixin.py:190} INFO - [2026-01-26T18:09:34.236+0000] {dag.py:3239} INFO - Sync 1 DAGs
[2026-01-26T18:09:34.261+0000] {logging_mixin.py:190} INFO - [2026-01-26T18:09:34.261+0000] {dag.py:4180} INFO - Setting next_dagrun for 01_music_ingestion_realtime to 2026-01-26 17:00:00+00:00, run_after=2026-01-26 18:00:00+00:00
[2026-01-26T18:09:34.288+0000] {processor.py:208} INFO - Processing /opt/airflow/dags/music_ingestion_dag.py took 0.117 seconds
[2026-01-26T18:10:04.659+0000] {processor.py:186} INFO - Started process (PID=202) to work on /opt/airflow/dags/music_ingestion_dag.py
[2026-01-26T18:10:04.661+0000] {processor.py:914} INFO - Processing file /opt/airflow/dags/music_ingestion_dag.py for tasks to queue
[2026-01-26T18:10:04.665+0000] {logging_mixin.py:190} INFO - [2026-01-26T18:10:04.665+0000] {dagbag.py:588} INFO - Filling up the DagBag from /opt/airflow/dags/music_ingestion_dag.py
[2026-01-26T18:10:04.684+0000] {processor.py:925} INFO - DAG(s) '01_music_ingestion_realtime' retrieved from /opt/airflow/dags/music_ingestion_dag.py
[2026-01-26T18:10:04.717+0000] {logging_mixin.py:190} INFO - [2026-01-26T18:10:04.717+0000] {dag.py:3239} INFO - Sync 1 DAGs
[2026-01-26T18:10:04.739+0000] {logging_mixin.py:190} INFO - [2026-01-26T18:10:04.739+0000] {dag.py:4180} INFO - Setting next_dagrun for 01_music_ingestion_realtime to 2026-01-26 17:00:00+00:00, run_after=2026-01-26 18:00:00+00:00
[2026-01-26T18:10:04.765+0000] {processor.py:208} INFO - Processing /opt/airflow/dags/music_ingestion_dag.py took 0.114 seconds
[2026-01-26T18:10:35.075+0000] {processor.py:186} INFO - Started process (PID=207) to work on /opt/airflow/dags/music_ingestion_dag.py
[2026-01-26T18:10:35.076+0000] {processor.py:914} INFO - Processing file /opt/airflow/dags/music_ingestion_dag.py for tasks to queue
[2026-01-26T18:10:35.079+0000] {logging_mixin.py:190} INFO - [2026-01-26T18:10:35.079+0000] {dagbag.py:588} INFO - Filling up the DagBag from /opt/airflow/dags/music_ingestion_dag.py
[2026-01-26T18:10:35.102+0000] {processor.py:925} INFO - DAG(s) '01_music_ingestion_realtime' retrieved from /opt/airflow/dags/music_ingestion_dag.py
[2026-01-26T18:10:35.132+0000] {logging_mixin.py:190} INFO - [2026-01-26T18:10:35.132+0000] {dag.py:3239} INFO - Sync 1 DAGs
[2026-01-26T18:10:35.159+0000] {logging_mixin.py:190} INFO - [2026-01-26T18:10:35.159+0000] {dag.py:4180} INFO - Setting next_dagrun for 01_music_ingestion_realtime to 2026-01-26 17:00:00+00:00, run_after=2026-01-26 18:00:00+00:00
[2026-01-26T18:10:35.188+0000] {processor.py:208} INFO - Processing /opt/airflow/dags/music_ingestion_dag.py took 0.119 seconds
[2026-01-26T18:11:05.476+0000] {processor.py:186} INFO - Started process (PID=212) to work on /opt/airflow/dags/music_ingestion_dag.py
[2026-01-26T18:11:05.477+0000] {processor.py:914} INFO - Processing file /opt/airflow/dags/music_ingestion_dag.py for tasks to queue
[2026-01-26T18:11:05.479+0000] {logging_mixin.py:190} INFO - [2026-01-26T18:11:05.479+0000] {dagbag.py:588} INFO - Filling up the DagBag from /opt/airflow/dags/music_ingestion_dag.py
[2026-01-26T18:11:05.505+0000] {processor.py:925} INFO - DAG(s) '01_music_ingestion_realtime' retrieved from /opt/airflow/dags/music_ingestion_dag.py
[2026-01-26T18:11:05.532+0000] {logging_mixin.py:190} INFO - [2026-01-26T18:11:05.532+0000] {dag.py:3239} INFO - Sync 1 DAGs
[2026-01-26T18:11:05.557+0000] {logging_mixin.py:190} INFO - [2026-01-26T18:11:05.557+0000] {dag.py:4180} INFO - Setting next_dagrun for 01_music_ingestion_realtime to 2026-01-26 17:00:00+00:00, run_after=2026-01-26 18:00:00+00:00
[2026-01-26T18:11:05.581+0000] {processor.py:208} INFO - Processing /opt/airflow/dags/music_ingestion_dag.py took 0.110 seconds
[2026-01-26T18:11:35.922+0000] {processor.py:186} INFO - Started process (PID=217) to work on /opt/airflow/dags/music_ingestion_dag.py
[2026-01-26T18:11:35.923+0000] {processor.py:914} INFO - Processing file /opt/airflow/dags/music_ingestion_dag.py for tasks to queue
[2026-01-26T18:11:35.927+0000] {logging_mixin.py:190} INFO - [2026-01-26T18:11:35.926+0000] {dagbag.py:588} INFO - Filling up the DagBag from /opt/airflow/dags/music_ingestion_dag.py
[2026-01-26T18:11:35.948+0000] {processor.py:925} INFO - DAG(s) '01_music_ingestion_realtime' retrieved from /opt/airflow/dags/music_ingestion_dag.py
[2026-01-26T18:11:35.981+0000] {logging_mixin.py:190} INFO - [2026-01-26T18:11:35.980+0000] {dag.py:3239} INFO - Sync 1 DAGs
[2026-01-26T18:11:36.008+0000] {logging_mixin.py:190} INFO - [2026-01-26T18:11:36.008+0000] {dag.py:4180} INFO - Setting next_dagrun for 01_music_ingestion_realtime to 2026-01-26 17:00:00+00:00, run_after=2026-01-26 18:00:00+00:00
[2026-01-26T18:11:36.035+0000] {processor.py:208} INFO - Processing /opt/airflow/dags/music_ingestion_dag.py took 0.119 seconds
[2026-01-26T18:12:06.287+0000] {processor.py:186} INFO - Started process (PID=222) to work on /opt/airflow/dags/music_ingestion_dag.py
[2026-01-26T18:12:06.288+0000] {processor.py:914} INFO - Processing file /opt/airflow/dags/music_ingestion_dag.py for tasks to queue
[2026-01-26T18:12:06.291+0000] {logging_mixin.py:190} INFO - [2026-01-26T18:12:06.290+0000] {dagbag.py:588} INFO - Filling up the DagBag from /opt/airflow/dags/music_ingestion_dag.py
[2026-01-26T18:12:06.311+0000] {processor.py:925} INFO - DAG(s) '01_music_ingestion_realtime' retrieved from /opt/airflow/dags/music_ingestion_dag.py
[2026-01-26T18:12:06.343+0000] {logging_mixin.py:190} INFO - [2026-01-26T18:12:06.343+0000] {dag.py:3239} INFO - Sync 1 DAGs
[2026-01-26T18:12:06.373+0000] {logging_mixin.py:190} INFO - [2026-01-26T18:12:06.373+0000] {dag.py:4180} INFO - Setting next_dagrun for 01_music_ingestion_realtime to 2026-01-26 17:00:00+00:00, run_after=2026-01-26 18:00:00+00:00
[2026-01-26T18:12:06.402+0000] {processor.py:208} INFO - Processing /opt/airflow/dags/music_ingestion_dag.py took 0.121 seconds
[2026-01-26T18:12:36.696+0000] {processor.py:186} INFO - Started process (PID=227) to work on /opt/airflow/dags/music_ingestion_dag.py
[2026-01-26T18:12:36.698+0000] {processor.py:914} INFO - Processing file /opt/airflow/dags/music_ingestion_dag.py for tasks to queue
[2026-01-26T18:12:36.702+0000] {logging_mixin.py:190} INFO - [2026-01-26T18:12:36.702+0000] {dagbag.py:588} INFO - Filling up the DagBag from /opt/airflow/dags/music_ingestion_dag.py
[2026-01-26T18:12:36.729+0000] {processor.py:925} INFO - DAG(s) '01_music_ingestion_realtime' retrieved from /opt/airflow/dags/music_ingestion_dag.py
[2026-01-26T18:12:36.772+0000] {logging_mixin.py:190} INFO - [2026-01-26T18:12:36.772+0000] {dag.py:3239} INFO - Sync 1 DAGs
[2026-01-26T18:12:36.805+0000] {logging_mixin.py:190} INFO - [2026-01-26T18:12:36.805+0000] {dag.py:4180} INFO - Setting next_dagrun for 01_music_ingestion_realtime to 2026-01-26 17:00:00+00:00, run_after=2026-01-26 18:00:00+00:00
[2026-01-26T18:12:36.832+0000] {processor.py:208} INFO - Processing /opt/airflow/dags/music_ingestion_dag.py took 0.145 seconds
[2026-01-26T18:13:06.993+0000] {processor.py:186} INFO - Started process (PID=232) to work on /opt/airflow/dags/music_ingestion_dag.py
[2026-01-26T18:13:06.995+0000] {processor.py:914} INFO - Processing file /opt/airflow/dags/music_ingestion_dag.py for tasks to queue
[2026-01-26T18:13:06.998+0000] {logging_mixin.py:190} INFO - [2026-01-26T18:13:06.998+0000] {dagbag.py:588} INFO - Filling up the DagBag from /opt/airflow/dags/music_ingestion_dag.py
[2026-01-26T18:13:07.022+0000] {processor.py:925} INFO - DAG(s) '01_music_ingestion_realtime' retrieved from /opt/airflow/dags/music_ingestion_dag.py
[2026-01-26T18:13:07.058+0000] {logging_mixin.py:190} INFO - [2026-01-26T18:13:07.057+0000] {dag.py:3239} INFO - Sync 1 DAGs
[2026-01-26T18:13:07.089+0000] {logging_mixin.py:190} INFO - [2026-01-26T18:13:07.089+0000] {dag.py:4180} INFO - Setting next_dagrun for 01_music_ingestion_realtime to 2026-01-26 17:00:00+00:00, run_after=2026-01-26 18:00:00+00:00
[2026-01-26T18:13:07.120+0000] {processor.py:208} INFO - Processing /opt/airflow/dags/music_ingestion_dag.py took 0.132 seconds
[2026-01-26T18:13:37.486+0000] {processor.py:186} INFO - Started process (PID=237) to work on /opt/airflow/dags/music_ingestion_dag.py
[2026-01-26T18:13:37.487+0000] {processor.py:914} INFO - Processing file /opt/airflow/dags/music_ingestion_dag.py for tasks to queue
[2026-01-26T18:13:37.489+0000] {logging_mixin.py:190} INFO - [2026-01-26T18:13:37.489+0000] {dagbag.py:588} INFO - Filling up the DagBag from /opt/airflow/dags/music_ingestion_dag.py
[2026-01-26T18:13:37.503+0000] {processor.py:925} INFO - DAG(s) '01_music_ingestion_realtime' retrieved from /opt/airflow/dags/music_ingestion_dag.py
[2026-01-26T18:13:37.533+0000] {logging_mixin.py:190} INFO - [2026-01-26T18:13:37.533+0000] {dag.py:3239} INFO - Sync 1 DAGs
[2026-01-26T18:13:37.559+0000] {logging_mixin.py:190} INFO - [2026-01-26T18:13:37.559+0000] {dag.py:4180} INFO - Setting next_dagrun for 01_music_ingestion_realtime to 2026-01-26 17:00:00+00:00, run_after=2026-01-26 18:00:00+00:00
[2026-01-26T18:13:37.585+0000] {processor.py:208} INFO - Processing /opt/airflow/dags/music_ingestion_dag.py took 0.104 seconds
[2026-01-26T18:14:07.905+0000] {processor.py:186} INFO - Started process (PID=242) to work on /opt/airflow/dags/music_ingestion_dag.py
[2026-01-26T18:14:07.907+0000] {processor.py:914} INFO - Processing file /opt/airflow/dags/music_ingestion_dag.py for tasks to queue
[2026-01-26T18:14:07.910+0000] {logging_mixin.py:190} INFO - [2026-01-26T18:14:07.909+0000] {dagbag.py:588} INFO - Filling up the DagBag from /opt/airflow/dags/music_ingestion_dag.py
[2026-01-26T18:14:07.947+0000] {processor.py:925} INFO - DAG(s) '01_music_ingestion_realtime' retrieved from /opt/airflow/dags/music_ingestion_dag.py
[2026-01-26T18:14:07.978+0000] {logging_mixin.py:190} INFO - [2026-01-26T18:14:07.978+0000] {dag.py:3239} INFO - Sync 1 DAGs
[2026-01-26T18:14:08.006+0000] {logging_mixin.py:190} INFO - [2026-01-26T18:14:08.006+0000] {dag.py:4180} INFO - Setting next_dagrun for 01_music_ingestion_realtime to 2026-01-26 17:00:00+00:00, run_after=2026-01-26 18:00:00+00:00
[2026-01-26T18:14:08.036+0000] {processor.py:208} INFO - Processing /opt/airflow/dags/music_ingestion_dag.py took 0.137 seconds
[2026-01-26T18:14:38.360+0000] {processor.py:186} INFO - Started process (PID=247) to work on /opt/airflow/dags/music_ingestion_dag.py
[2026-01-26T18:14:38.361+0000] {processor.py:914} INFO - Processing file /opt/airflow/dags/music_ingestion_dag.py for tasks to queue
[2026-01-26T18:14:38.365+0000] {logging_mixin.py:190} INFO - [2026-01-26T18:14:38.364+0000] {dagbag.py:588} INFO - Filling up the DagBag from /opt/airflow/dags/music_ingestion_dag.py
[2026-01-26T18:14:38.391+0000] {processor.py:925} INFO - DAG(s) '01_music_ingestion_realtime' retrieved from /opt/airflow/dags/music_ingestion_dag.py
[2026-01-26T18:14:38.437+0000] {logging_mixin.py:190} INFO - [2026-01-26T18:14:38.437+0000] {dag.py:3239} INFO - Sync 1 DAGs
[2026-01-26T18:14:38.473+0000] {logging_mixin.py:190} INFO - [2026-01-26T18:14:38.473+0000] {dag.py:4180} INFO - Setting next_dagrun for 01_music_ingestion_realtime to 2026-01-26 17:00:00+00:00, run_after=2026-01-26 18:00:00+00:00
[2026-01-26T18:14:38.497+0000] {processor.py:208} INFO - Processing /opt/airflow/dags/music_ingestion_dag.py took 0.144 seconds
[2026-01-26T18:15:08.783+0000] {processor.py:186} INFO - Started process (PID=252) to work on /opt/airflow/dags/music_ingestion_dag.py
[2026-01-26T18:15:08.785+0000] {processor.py:914} INFO - Processing file /opt/airflow/dags/music_ingestion_dag.py for tasks to queue
[2026-01-26T18:15:08.788+0000] {logging_mixin.py:190} INFO - [2026-01-26T18:15:08.788+0000] {dagbag.py:588} INFO - Filling up the DagBag from /opt/airflow/dags/music_ingestion_dag.py
[2026-01-26T18:15:08.812+0000] {processor.py:925} INFO - DAG(s) '01_music_ingestion_realtime' retrieved from /opt/airflow/dags/music_ingestion_dag.py
[2026-01-26T18:15:08.843+0000] {logging_mixin.py:190} INFO - [2026-01-26T18:15:08.843+0000] {dag.py:3239} INFO - Sync 1 DAGs
[2026-01-26T18:15:08.869+0000] {logging_mixin.py:190} INFO - [2026-01-26T18:15:08.869+0000] {dag.py:4180} INFO - Setting next_dagrun for 01_music_ingestion_realtime to 2026-01-26 17:00:00+00:00, run_after=2026-01-26 18:00:00+00:00
[2026-01-26T18:15:08.894+0000] {processor.py:208} INFO - Processing /opt/airflow/dags/music_ingestion_dag.py took 0.118 seconds
[2026-01-26T18:15:39.237+0000] {processor.py:186} INFO - Started process (PID=257) to work on /opt/airflow/dags/music_ingestion_dag.py
[2026-01-26T18:15:39.238+0000] {processor.py:914} INFO - Processing file /opt/airflow/dags/music_ingestion_dag.py for tasks to queue
[2026-01-26T18:15:39.245+0000] {logging_mixin.py:190} INFO - [2026-01-26T18:15:39.243+0000] {dagbag.py:588} INFO - Filling up the DagBag from /opt/airflow/dags/music_ingestion_dag.py
[2026-01-26T18:15:39.283+0000] {processor.py:925} INFO - DAG(s) '01_music_ingestion_realtime' retrieved from /opt/airflow/dags/music_ingestion_dag.py
[2026-01-26T18:15:39.326+0000] {logging_mixin.py:190} INFO - [2026-01-26T18:15:39.326+0000] {dag.py:3239} INFO - Sync 1 DAGs
[2026-01-26T18:15:39.358+0000] {logging_mixin.py:190} INFO - [2026-01-26T18:15:39.358+0000] {dag.py:4180} INFO - Setting next_dagrun for 01_music_ingestion_realtime to 2026-01-26 17:00:00+00:00, run_after=2026-01-26 18:00:00+00:00
[2026-01-26T18:15:39.387+0000] {processor.py:208} INFO - Processing /opt/airflow/dags/music_ingestion_dag.py took 0.174 seconds
[2026-01-26T18:16:09.570+0000] {processor.py:186} INFO - Started process (PID=262) to work on /opt/airflow/dags/music_ingestion_dag.py
[2026-01-26T18:16:09.571+0000] {processor.py:914} INFO - Processing file /opt/airflow/dags/music_ingestion_dag.py for tasks to queue
[2026-01-26T18:16:09.577+0000] {logging_mixin.py:190} INFO - [2026-01-26T18:16:09.576+0000] {dagbag.py:588} INFO - Filling up the DagBag from /opt/airflow/dags/music_ingestion_dag.py
[2026-01-26T18:16:09.611+0000] {processor.py:925} INFO - DAG(s) '01_music_ingestion_realtime' retrieved from /opt/airflow/dags/music_ingestion_dag.py
[2026-01-26T18:16:09.668+0000] {logging_mixin.py:190} INFO - [2026-01-26T18:16:09.668+0000] {dag.py:3239} INFO - Sync 1 DAGs
[2026-01-26T18:16:09.719+0000] {logging_mixin.py:190} INFO - [2026-01-26T18:16:09.719+0000] {dag.py:4180} INFO - Setting next_dagrun for 01_music_ingestion_realtime to 2026-01-26 17:00:00+00:00, run_after=2026-01-26 18:00:00+00:00
[2026-01-26T18:16:09.759+0000] {processor.py:208} INFO - Processing /opt/airflow/dags/music_ingestion_dag.py took 0.200 seconds
[2026-01-26T18:16:40.062+0000] {processor.py:186} INFO - Started process (PID=267) to work on /opt/airflow/dags/music_ingestion_dag.py
[2026-01-26T18:16:40.063+0000] {processor.py:914} INFO - Processing file /opt/airflow/dags/music_ingestion_dag.py for tasks to queue
[2026-01-26T18:16:40.065+0000] {logging_mixin.py:190} INFO - [2026-01-26T18:16:40.065+0000] {dagbag.py:588} INFO - Filling up the DagBag from /opt/airflow/dags/music_ingestion_dag.py
[2026-01-26T18:16:40.089+0000] {processor.py:925} INFO - DAG(s) '01_music_ingestion_realtime' retrieved from /opt/airflow/dags/music_ingestion_dag.py
[2026-01-26T18:16:40.118+0000] {logging_mixin.py:190} INFO - [2026-01-26T18:16:40.118+0000] {dag.py:3239} INFO - Sync 1 DAGs
[2026-01-26T18:16:40.145+0000] {logging_mixin.py:190} INFO - [2026-01-26T18:16:40.144+0000] {dag.py:4180} INFO - Setting next_dagrun for 01_music_ingestion_realtime to 2026-01-26 17:00:00+00:00, run_after=2026-01-26 18:00:00+00:00
[2026-01-26T18:16:40.173+0000] {processor.py:208} INFO - Processing /opt/airflow/dags/music_ingestion_dag.py took 0.116 seconds
[2026-01-26T18:17:10.390+0000] {processor.py:186} INFO - Started process (PID=272) to work on /opt/airflow/dags/music_ingestion_dag.py
[2026-01-26T18:17:10.392+0000] {processor.py:914} INFO - Processing file /opt/airflow/dags/music_ingestion_dag.py for tasks to queue
[2026-01-26T18:17:10.394+0000] {logging_mixin.py:190} INFO - [2026-01-26T18:17:10.394+0000] {dagbag.py:588} INFO - Filling up the DagBag from /opt/airflow/dags/music_ingestion_dag.py
[2026-01-26T18:17:10.433+0000] {processor.py:925} INFO - DAG(s) '01_music_ingestion_realtime' retrieved from /opt/airflow/dags/music_ingestion_dag.py
[2026-01-26T18:17:10.473+0000] {logging_mixin.py:190} INFO - [2026-01-26T18:17:10.473+0000] {dag.py:3239} INFO - Sync 1 DAGs
[2026-01-26T18:17:10.507+0000] {logging_mixin.py:190} INFO - [2026-01-26T18:17:10.506+0000] {dag.py:4180} INFO - Setting next_dagrun for 01_music_ingestion_realtime to 2026-01-26 17:00:00+00:00, run_after=2026-01-26 18:00:00+00:00
[2026-01-26T18:17:10.534+0000] {processor.py:208} INFO - Processing /opt/airflow/dags/music_ingestion_dag.py took 0.151 seconds
[2026-01-26T18:17:40.802+0000] {processor.py:186} INFO - Started process (PID=277) to work on /opt/airflow/dags/music_ingestion_dag.py
[2026-01-26T18:17:40.804+0000] {processor.py:914} INFO - Processing file /opt/airflow/dags/music_ingestion_dag.py for tasks to queue
[2026-01-26T18:17:40.806+0000] {logging_mixin.py:190} INFO - [2026-01-26T18:17:40.805+0000] {dagbag.py:588} INFO - Filling up the DagBag from /opt/airflow/dags/music_ingestion_dag.py
[2026-01-26T18:17:40.825+0000] {processor.py:925} INFO - DAG(s) '01_music_ingestion_realtime' retrieved from /opt/airflow/dags/music_ingestion_dag.py
[2026-01-26T18:17:40.862+0000] {logging_mixin.py:190} INFO - [2026-01-26T18:17:40.861+0000] {dag.py:3239} INFO - Sync 1 DAGs
[2026-01-26T18:17:40.893+0000] {logging_mixin.py:190} INFO - [2026-01-26T18:17:40.893+0000] {dag.py:4180} INFO - Setting next_dagrun for 01_music_ingestion_realtime to 2026-01-26 17:00:00+00:00, run_after=2026-01-26 18:00:00+00:00
[2026-01-26T18:17:40.921+0000] {processor.py:208} INFO - Processing /opt/airflow/dags/music_ingestion_dag.py took 0.124 seconds
[2026-01-26T18:18:11.169+0000] {processor.py:186} INFO - Started process (PID=282) to work on /opt/airflow/dags/music_ingestion_dag.py
[2026-01-26T18:18:11.171+0000] {processor.py:914} INFO - Processing file /opt/airflow/dags/music_ingestion_dag.py for tasks to queue
[2026-01-26T18:18:11.174+0000] {logging_mixin.py:190} INFO - [2026-01-26T18:18:11.174+0000] {dagbag.py:588} INFO - Filling up the DagBag from /opt/airflow/dags/music_ingestion_dag.py
[2026-01-26T18:18:11.197+0000] {processor.py:925} INFO - DAG(s) '01_music_ingestion_realtime' retrieved from /opt/airflow/dags/music_ingestion_dag.py
[2026-01-26T18:18:11.229+0000] {logging_mixin.py:190} INFO - [2026-01-26T18:18:11.229+0000] {dag.py:3239} INFO - Sync 1 DAGs
[2026-01-26T18:18:11.259+0000] {logging_mixin.py:190} INFO - [2026-01-26T18:18:11.259+0000] {dag.py:4180} INFO - Setting next_dagrun for 01_music_ingestion_realtime to 2026-01-26 17:00:00+00:00, run_after=2026-01-26 18:00:00+00:00
[2026-01-26T18:18:11.281+0000] {processor.py:208} INFO - Processing /opt/airflow/dags/music_ingestion_dag.py took 0.119 seconds
[2026-01-26T18:18:41.670+0000] {processor.py:186} INFO - Started process (PID=287) to work on /opt/airflow/dags/music_ingestion_dag.py
[2026-01-26T18:18:41.673+0000] {processor.py:914} INFO - Processing file /opt/airflow/dags/music_ingestion_dag.py for tasks to queue
[2026-01-26T18:18:41.688+0000] {logging_mixin.py:190} INFO - [2026-01-26T18:18:41.686+0000] {dagbag.py:588} INFO - Filling up the DagBag from /opt/airflow/dags/music_ingestion_dag.py
[2026-01-26T18:18:41.812+0000] {processor.py:925} INFO - DAG(s) '01_music_ingestion_realtime' retrieved from /opt/airflow/dags/music_ingestion_dag.py
[2026-01-26T18:18:41.933+0000] {logging_mixin.py:190} INFO - [2026-01-26T18:18:41.932+0000] {dag.py:3239} INFO - Sync 1 DAGs
[2026-01-26T18:18:42.046+0000] {logging_mixin.py:190} INFO - [2026-01-26T18:18:42.044+0000] {dag.py:4180} INFO - Setting next_dagrun for 01_music_ingestion_realtime to 2026-01-26 17:00:00+00:00, run_after=2026-01-26 18:00:00+00:00
[2026-01-26T18:18:42.131+0000] {processor.py:208} INFO - Processing /opt/airflow/dags/music_ingestion_dag.py took 0.484 seconds
[2026-01-26T18:19:12.553+0000] {processor.py:186} INFO - Started process (PID=292) to work on /opt/airflow/dags/music_ingestion_dag.py
[2026-01-26T18:19:12.555+0000] {processor.py:914} INFO - Processing file /opt/airflow/dags/music_ingestion_dag.py for tasks to queue
[2026-01-26T18:19:12.559+0000] {logging_mixin.py:190} INFO - [2026-01-26T18:19:12.559+0000] {dagbag.py:588} INFO - Filling up the DagBag from /opt/airflow/dags/music_ingestion_dag.py
[2026-01-26T18:19:12.582+0000] {processor.py:925} INFO - DAG(s) '01_music_ingestion_realtime' retrieved from /opt/airflow/dags/music_ingestion_dag.py
[2026-01-26T18:19:12.611+0000] {logging_mixin.py:190} INFO - [2026-01-26T18:19:12.610+0000] {dag.py:3239} INFO - Sync 1 DAGs
[2026-01-26T18:19:12.635+0000] {logging_mixin.py:190} INFO - [2026-01-26T18:19:12.635+0000] {dag.py:4180} INFO - Setting next_dagrun for 01_music_ingestion_realtime to 2026-01-26 17:00:00+00:00, run_after=2026-01-26 18:00:00+00:00
[2026-01-26T18:19:12.663+0000] {processor.py:208} INFO - Processing /opt/airflow/dags/music_ingestion_dag.py took 0.116 seconds
[2026-01-26T18:19:42.941+0000] {processor.py:186} INFO - Started process (PID=297) to work on /opt/airflow/dags/music_ingestion_dag.py
[2026-01-26T18:19:42.943+0000] {processor.py:914} INFO - Processing file /opt/airflow/dags/music_ingestion_dag.py for tasks to queue
[2026-01-26T18:19:42.949+0000] {logging_mixin.py:190} INFO - [2026-01-26T18:19:42.948+0000] {dagbag.py:588} INFO - Filling up the DagBag from /opt/airflow/dags/music_ingestion_dag.py
[2026-01-26T18:19:43.013+0000] {processor.py:925} INFO - DAG(s) '01_music_ingestion_realtime' retrieved from /opt/airflow/dags/music_ingestion_dag.py
[2026-01-26T18:19:43.055+0000] {logging_mixin.py:190} INFO - [2026-01-26T18:19:43.055+0000] {dag.py:3239} INFO - Sync 1 DAGs
[2026-01-26T18:19:43.089+0000] {logging_mixin.py:190} INFO - [2026-01-26T18:19:43.089+0000] {dag.py:4180} INFO - Setting next_dagrun for 01_music_ingestion_realtime to 2026-01-26 17:00:00+00:00, run_after=2026-01-26 18:00:00+00:00
[2026-01-26T18:19:43.138+0000] {processor.py:208} INFO - Processing /opt/airflow/dags/music_ingestion_dag.py took 0.208 seconds
[2026-01-26T18:20:13.307+0000] {processor.py:186} INFO - Started process (PID=302) to work on /opt/airflow/dags/music_ingestion_dag.py
[2026-01-26T18:20:13.308+0000] {processor.py:914} INFO - Processing file /opt/airflow/dags/music_ingestion_dag.py for tasks to queue
[2026-01-26T18:20:13.317+0000] {logging_mixin.py:190} INFO - [2026-01-26T18:20:13.317+0000] {dagbag.py:588} INFO - Filling up the DagBag from /opt/airflow/dags/music_ingestion_dag.py
[2026-01-26T18:20:13.339+0000] {processor.py:925} INFO - DAG(s) '01_music_ingestion_realtime' retrieved from /opt/airflow/dags/music_ingestion_dag.py
[2026-01-26T18:20:13.377+0000] {logging_mixin.py:190} INFO - [2026-01-26T18:20:13.377+0000] {dag.py:3239} INFO - Sync 1 DAGs
[2026-01-26T18:20:13.408+0000] {logging_mixin.py:190} INFO - [2026-01-26T18:20:13.408+0000] {dag.py:4180} INFO - Setting next_dagrun for 01_music_ingestion_realtime to 2026-01-26 17:00:00+00:00, run_after=2026-01-26 18:00:00+00:00
[2026-01-26T18:20:13.436+0000] {processor.py:208} INFO - Processing /opt/airflow/dags/music_ingestion_dag.py took 0.135 seconds
[2026-01-26T18:20:43.745+0000] {processor.py:186} INFO - Started process (PID=307) to work on /opt/airflow/dags/music_ingestion_dag.py
[2026-01-26T18:20:43.746+0000] {processor.py:914} INFO - Processing file /opt/airflow/dags/music_ingestion_dag.py for tasks to queue
[2026-01-26T18:20:43.749+0000] {logging_mixin.py:190} INFO - [2026-01-26T18:20:43.749+0000] {dagbag.py:588} INFO - Filling up the DagBag from /opt/airflow/dags/music_ingestion_dag.py
[2026-01-26T18:20:43.769+0000] {processor.py:925} INFO - DAG(s) '01_music_ingestion_realtime' retrieved from /opt/airflow/dags/music_ingestion_dag.py
[2026-01-26T18:20:43.802+0000] {logging_mixin.py:190} INFO - [2026-01-26T18:20:43.802+0000] {dag.py:3239} INFO - Sync 1 DAGs
[2026-01-26T18:20:43.829+0000] {logging_mixin.py:190} INFO - [2026-01-26T18:20:43.829+0000] {dag.py:4180} INFO - Setting next_dagrun for 01_music_ingestion_realtime to 2026-01-26 17:00:00+00:00, run_after=2026-01-26 18:00:00+00:00
[2026-01-26T18:20:43.855+0000] {processor.py:208} INFO - Processing /opt/airflow/dags/music_ingestion_dag.py took 0.118 seconds
[2026-01-26T18:21:14.058+0000] {processor.py:186} INFO - Started process (PID=312) to work on /opt/airflow/dags/music_ingestion_dag.py
[2026-01-26T18:21:14.059+0000] {processor.py:914} INFO - Processing file /opt/airflow/dags/music_ingestion_dag.py for tasks to queue
[2026-01-26T18:21:14.063+0000] {logging_mixin.py:190} INFO - [2026-01-26T18:21:14.062+0000] {dagbag.py:588} INFO - Filling up the DagBag from /opt/airflow/dags/music_ingestion_dag.py
[2026-01-26T18:21:14.093+0000] {processor.py:925} INFO - DAG(s) '01_music_ingestion_realtime' retrieved from /opt/airflow/dags/music_ingestion_dag.py
[2026-01-26T18:21:14.129+0000] {logging_mixin.py:190} INFO - [2026-01-26T18:21:14.129+0000] {dag.py:3239} INFO - Sync 1 DAGs
[2026-01-26T18:21:14.160+0000] {logging_mixin.py:190} INFO - [2026-01-26T18:21:14.160+0000] {dag.py:4180} INFO - Setting next_dagrun for 01_music_ingestion_realtime to 2026-01-26 17:00:00+00:00, run_after=2026-01-26 18:00:00+00:00
[2026-01-26T18:21:14.182+0000] {processor.py:208} INFO - Processing /opt/airflow/dags/music_ingestion_dag.py took 0.135 seconds
[2026-01-26T18:21:44.519+0000] {processor.py:186} INFO - Started process (PID=317) to work on /opt/airflow/dags/music_ingestion_dag.py
[2026-01-26T18:21:44.524+0000] {processor.py:914} INFO - Processing file /opt/airflow/dags/music_ingestion_dag.py for tasks to queue
[2026-01-26T18:21:44.541+0000] {logging_mixin.py:190} INFO - [2026-01-26T18:21:44.540+0000] {dagbag.py:588} INFO - Filling up the DagBag from /opt/airflow/dags/music_ingestion_dag.py
[2026-01-26T18:21:44.561+0000] {processor.py:925} INFO - DAG(s) '01_music_ingestion_realtime' retrieved from /opt/airflow/dags/music_ingestion_dag.py
[2026-01-26T18:21:44.603+0000] {logging_mixin.py:190} INFO - [2026-01-26T18:21:44.603+0000] {dag.py:3239} INFO - Sync 1 DAGs
[2026-01-26T18:21:44.636+0000] {logging_mixin.py:190} INFO - [2026-01-26T18:21:44.636+0000] {dag.py:4180} INFO - Setting next_dagrun for 01_music_ingestion_realtime to 2026-01-26 17:00:00+00:00, run_after=2026-01-26 18:00:00+00:00
[2026-01-26T18:21:44.660+0000] {processor.py:208} INFO - Processing /opt/airflow/dags/music_ingestion_dag.py took 0.150 seconds
[2026-01-26T18:22:14.883+0000] {processor.py:186} INFO - Started process (PID=322) to work on /opt/airflow/dags/music_ingestion_dag.py
[2026-01-26T18:22:14.884+0000] {processor.py:914} INFO - Processing file /opt/airflow/dags/music_ingestion_dag.py for tasks to queue
[2026-01-26T18:22:14.887+0000] {logging_mixin.py:190} INFO - [2026-01-26T18:22:14.887+0000] {dagbag.py:588} INFO - Filling up the DagBag from /opt/airflow/dags/music_ingestion_dag.py
[2026-01-26T18:22:14.912+0000] {processor.py:925} INFO - DAG(s) '01_music_ingestion_realtime' retrieved from /opt/airflow/dags/music_ingestion_dag.py
[2026-01-26T18:22:14.945+0000] {logging_mixin.py:190} INFO - [2026-01-26T18:22:14.944+0000] {dag.py:3239} INFO - Sync 1 DAGs
[2026-01-26T18:22:14.978+0000] {logging_mixin.py:190} INFO - [2026-01-26T18:22:14.977+0000] {dag.py:4180} INFO - Setting next_dagrun for 01_music_ingestion_realtime to 2026-01-26 17:00:00+00:00, run_after=2026-01-26 18:00:00+00:00
[2026-01-26T18:22:15.007+0000] {processor.py:208} INFO - Processing /opt/airflow/dags/music_ingestion_dag.py took 0.134 seconds
[2026-01-26T18:22:45.376+0000] {processor.py:186} INFO - Started process (PID=327) to work on /opt/airflow/dags/music_ingestion_dag.py
[2026-01-26T18:22:45.377+0000] {processor.py:914} INFO - Processing file /opt/airflow/dags/music_ingestion_dag.py for tasks to queue
[2026-01-26T18:22:45.380+0000] {logging_mixin.py:190} INFO - [2026-01-26T18:22:45.379+0000] {dagbag.py:588} INFO - Filling up the DagBag from /opt/airflow/dags/music_ingestion_dag.py
[2026-01-26T18:22:45.396+0000] {processor.py:925} INFO - DAG(s) '01_music_ingestion_realtime' retrieved from /opt/airflow/dags/music_ingestion_dag.py
[2026-01-26T18:22:45.423+0000] {logging_mixin.py:190} INFO - [2026-01-26T18:22:45.423+0000] {dag.py:3239} INFO - Sync 1 DAGs
[2026-01-26T18:22:45.450+0000] {logging_mixin.py:190} INFO - [2026-01-26T18:22:45.450+0000] {dag.py:4180} INFO - Setting next_dagrun for 01_music_ingestion_realtime to 2026-01-26 17:00:00+00:00, run_after=2026-01-26 18:00:00+00:00
[2026-01-26T18:22:45.475+0000] {processor.py:208} INFO - Processing /opt/airflow/dags/music_ingestion_dag.py took 0.104 seconds
[2026-01-26T18:23:15.741+0000] {processor.py:186} INFO - Started process (PID=332) to work on /opt/airflow/dags/music_ingestion_dag.py
[2026-01-26T18:23:15.743+0000] {processor.py:914} INFO - Processing file /opt/airflow/dags/music_ingestion_dag.py for tasks to queue
[2026-01-26T18:23:15.748+0000] {logging_mixin.py:190} INFO - [2026-01-26T18:23:15.747+0000] {dagbag.py:588} INFO - Filling up the DagBag from /opt/airflow/dags/music_ingestion_dag.py
[2026-01-26T18:23:15.772+0000] {processor.py:925} INFO - DAG(s) '01_music_ingestion_realtime' retrieved from /opt/airflow/dags/music_ingestion_dag.py
[2026-01-26T18:23:15.806+0000] {logging_mixin.py:190} INFO - [2026-01-26T18:23:15.805+0000] {dag.py:3239} INFO - Sync 1 DAGs
[2026-01-26T18:23:15.831+0000] {logging_mixin.py:190} INFO - [2026-01-26T18:23:15.831+0000] {dag.py:4180} INFO - Setting next_dagrun for 01_music_ingestion_realtime to 2026-01-26 17:00:00+00:00, run_after=2026-01-26 18:00:00+00:00
[2026-01-26T18:23:15.855+0000] {processor.py:208} INFO - Processing /opt/airflow/dags/music_ingestion_dag.py took 0.121 seconds
[2026-01-26T18:23:46.060+0000] {processor.py:186} INFO - Started process (PID=337) to work on /opt/airflow/dags/music_ingestion_dag.py
[2026-01-26T18:23:46.061+0000] {processor.py:914} INFO - Processing file /opt/airflow/dags/music_ingestion_dag.py for tasks to queue
[2026-01-26T18:23:46.064+0000] {logging_mixin.py:190} INFO - [2026-01-26T18:23:46.063+0000] {dagbag.py:588} INFO - Filling up the DagBag from /opt/airflow/dags/music_ingestion_dag.py
[2026-01-26T18:23:46.081+0000] {processor.py:925} INFO - DAG(s) '01_music_ingestion_realtime' retrieved from /opt/airflow/dags/music_ingestion_dag.py
[2026-01-26T18:23:46.106+0000] {logging_mixin.py:190} INFO - [2026-01-26T18:23:46.106+0000] {dag.py:3239} INFO - Sync 1 DAGs
[2026-01-26T18:23:46.129+0000] {logging_mixin.py:190} INFO - [2026-01-26T18:23:46.129+0000] {dag.py:4180} INFO - Setting next_dagrun for 01_music_ingestion_realtime to 2026-01-26 17:00:00+00:00, run_after=2026-01-26 18:00:00+00:00
[2026-01-26T18:23:46.156+0000] {processor.py:208} INFO - Processing /opt/airflow/dags/music_ingestion_dag.py took 0.102 seconds
[2026-01-26T18:24:16.411+0000] {processor.py:186} INFO - Started process (PID=342) to work on /opt/airflow/dags/music_ingestion_dag.py
[2026-01-26T18:24:16.412+0000] {processor.py:914} INFO - Processing file /opt/airflow/dags/music_ingestion_dag.py for tasks to queue
[2026-01-26T18:24:16.416+0000] {logging_mixin.py:190} INFO - [2026-01-26T18:24:16.416+0000] {dagbag.py:588} INFO - Filling up the DagBag from /opt/airflow/dags/music_ingestion_dag.py
[2026-01-26T18:24:16.435+0000] {processor.py:925} INFO - DAG(s) '01_music_ingestion_realtime' retrieved from /opt/airflow/dags/music_ingestion_dag.py
[2026-01-26T18:24:16.464+0000] {logging_mixin.py:190} INFO - [2026-01-26T18:24:16.464+0000] {dag.py:3239} INFO - Sync 1 DAGs
[2026-01-26T18:24:16.491+0000] {logging_mixin.py:190} INFO - [2026-01-26T18:24:16.491+0000] {dag.py:4180} INFO - Setting next_dagrun for 01_music_ingestion_realtime to 2026-01-26 17:00:00+00:00, run_after=2026-01-26 18:00:00+00:00
[2026-01-26T18:24:16.519+0000] {processor.py:208} INFO - Processing /opt/airflow/dags/music_ingestion_dag.py took 0.115 seconds
[2026-01-26T18:24:46.857+0000] {processor.py:186} INFO - Started process (PID=347) to work on /opt/airflow/dags/music_ingestion_dag.py
[2026-01-26T18:24:46.858+0000] {processor.py:914} INFO - Processing file /opt/airflow/dags/music_ingestion_dag.py for tasks to queue
[2026-01-26T18:24:46.862+0000] {logging_mixin.py:190} INFO - [2026-01-26T18:24:46.861+0000] {dagbag.py:588} INFO - Filling up the DagBag from /opt/airflow/dags/music_ingestion_dag.py
[2026-01-26T18:24:46.897+0000] {processor.py:925} INFO - DAG(s) '01_music_ingestion_realtime' retrieved from /opt/airflow/dags/music_ingestion_dag.py
[2026-01-26T18:24:47.208+0000] {logging_mixin.py:190} INFO - [2026-01-26T18:24:47.208+0000] {dag.py:3239} INFO - Sync 1 DAGs
[2026-01-26T18:24:47.303+0000] {logging_mixin.py:190} INFO - [2026-01-26T18:24:47.302+0000] {dag.py:4180} INFO - Setting next_dagrun for 01_music_ingestion_realtime to 2026-01-26 17:00:00+00:00, run_after=2026-01-26 18:00:00+00:00
[2026-01-26T18:24:47.348+0000] {processor.py:208} INFO - Processing /opt/airflow/dags/music_ingestion_dag.py took 0.498 seconds
[2026-01-26T18:25:17.726+0000] {processor.py:186} INFO - Started process (PID=352) to work on /opt/airflow/dags/music_ingestion_dag.py
[2026-01-26T18:25:17.727+0000] {processor.py:914} INFO - Processing file /opt/airflow/dags/music_ingestion_dag.py for tasks to queue
[2026-01-26T18:25:17.730+0000] {logging_mixin.py:190} INFO - [2026-01-26T18:25:17.730+0000] {dagbag.py:588} INFO - Filling up the DagBag from /opt/airflow/dags/music_ingestion_dag.py
[2026-01-26T18:25:17.754+0000] {processor.py:925} INFO - DAG(s) '01_music_ingestion_realtime' retrieved from /opt/airflow/dags/music_ingestion_dag.py
[2026-01-26T18:25:17.796+0000] {logging_mixin.py:190} INFO - [2026-01-26T18:25:17.796+0000] {dag.py:3239} INFO - Sync 1 DAGs
[2026-01-26T18:25:17.828+0000] {logging_mixin.py:190} INFO - [2026-01-26T18:25:17.827+0000] {dag.py:4180} INFO - Setting next_dagrun for 01_music_ingestion_realtime to 2026-01-26 17:00:00+00:00, run_after=2026-01-26 18:00:00+00:00
[2026-01-26T18:25:17.855+0000] {processor.py:208} INFO - Processing /opt/airflow/dags/music_ingestion_dag.py took 0.135 seconds
[2026-01-26T18:25:48.076+0000] {processor.py:186} INFO - Started process (PID=357) to work on /opt/airflow/dags/music_ingestion_dag.py
[2026-01-26T18:25:48.078+0000] {processor.py:914} INFO - Processing file /opt/airflow/dags/music_ingestion_dag.py for tasks to queue
[2026-01-26T18:25:48.082+0000] {logging_mixin.py:190} INFO - [2026-01-26T18:25:48.082+0000] {dagbag.py:588} INFO - Filling up the DagBag from /opt/airflow/dags/music_ingestion_dag.py
[2026-01-26T18:25:48.121+0000] {processor.py:925} INFO - DAG(s) '01_music_ingestion_realtime' retrieved from /opt/airflow/dags/music_ingestion_dag.py
[2026-01-26T18:25:48.165+0000] {logging_mixin.py:190} INFO - [2026-01-26T18:25:48.165+0000] {dag.py:3239} INFO - Sync 1 DAGs
[2026-01-26T18:25:48.208+0000] {logging_mixin.py:190} INFO - [2026-01-26T18:25:48.208+0000] {dag.py:4180} INFO - Setting next_dagrun for 01_music_ingestion_realtime to 2026-01-26 17:00:00+00:00, run_after=2026-01-26 18:00:00+00:00
[2026-01-26T18:25:48.245+0000] {processor.py:208} INFO - Processing /opt/airflow/dags/music_ingestion_dag.py took 0.178 seconds
[2026-01-26T18:26:18.522+0000] {processor.py:186} INFO - Started process (PID=362) to work on /opt/airflow/dags/music_ingestion_dag.py
[2026-01-26T18:26:18.523+0000] {processor.py:914} INFO - Processing file /opt/airflow/dags/music_ingestion_dag.py for tasks to queue
[2026-01-26T18:26:18.526+0000] {logging_mixin.py:190} INFO - [2026-01-26T18:26:18.525+0000] {dagbag.py:588} INFO - Filling up the DagBag from /opt/airflow/dags/music_ingestion_dag.py
[2026-01-26T18:26:18.544+0000] {processor.py:925} INFO - DAG(s) '01_music_ingestion_realtime' retrieved from /opt/airflow/dags/music_ingestion_dag.py
[2026-01-26T18:26:18.570+0000] {logging_mixin.py:190} INFO - [2026-01-26T18:26:18.569+0000] {dag.py:3239} INFO - Sync 1 DAGs
[2026-01-26T18:26:18.594+0000] {logging_mixin.py:190} INFO - [2026-01-26T18:26:18.594+0000] {dag.py:4180} INFO - Setting next_dagrun for 01_music_ingestion_realtime to 2026-01-26 17:00:00+00:00, run_after=2026-01-26 18:00:00+00:00
[2026-01-26T18:26:18.619+0000] {processor.py:208} INFO - Processing /opt/airflow/dags/music_ingestion_dag.py took 0.104 seconds
[2026-01-26T18:26:48.994+0000] {processor.py:186} INFO - Started process (PID=367) to work on /opt/airflow/dags/music_ingestion_dag.py
[2026-01-26T18:26:48.995+0000] {processor.py:914} INFO - Processing file /opt/airflow/dags/music_ingestion_dag.py for tasks to queue
[2026-01-26T18:26:48.997+0000] {logging_mixin.py:190} INFO - [2026-01-26T18:26:48.997+0000] {dagbag.py:588} INFO - Filling up the DagBag from /opt/airflow/dags/music_ingestion_dag.py
[2026-01-26T18:26:49.022+0000] {processor.py:925} INFO - DAG(s) '01_music_ingestion_realtime' retrieved from /opt/airflow/dags/music_ingestion_dag.py
[2026-01-26T18:26:49.050+0000] {logging_mixin.py:190} INFO - [2026-01-26T18:26:49.050+0000] {dag.py:3239} INFO - Sync 1 DAGs
[2026-01-26T18:26:49.073+0000] {logging_mixin.py:190} INFO - [2026-01-26T18:26:49.073+0000] {dag.py:4180} INFO - Setting next_dagrun for 01_music_ingestion_realtime to 2026-01-26 17:00:00+00:00, run_after=2026-01-26 18:00:00+00:00
[2026-01-26T18:26:49.103+0000] {processor.py:208} INFO - Processing /opt/airflow/dags/music_ingestion_dag.py took 0.114 seconds
[2026-01-26T18:27:19.358+0000] {processor.py:186} INFO - Started process (PID=372) to work on /opt/airflow/dags/music_ingestion_dag.py
[2026-01-26T18:27:19.359+0000] {processor.py:914} INFO - Processing file /opt/airflow/dags/music_ingestion_dag.py for tasks to queue
[2026-01-26T18:27:19.362+0000] {logging_mixin.py:190} INFO - [2026-01-26T18:27:19.362+0000] {dagbag.py:588} INFO - Filling up the DagBag from /opt/airflow/dags/music_ingestion_dag.py
[2026-01-26T18:27:19.381+0000] {processor.py:925} INFO - DAG(s) '01_music_ingestion_realtime' retrieved from /opt/airflow/dags/music_ingestion_dag.py
[2026-01-26T18:27:19.410+0000] {logging_mixin.py:190} INFO - [2026-01-26T18:27:19.410+0000] {dag.py:3239} INFO - Sync 1 DAGs
[2026-01-26T18:27:19.436+0000] {logging_mixin.py:190} INFO - [2026-01-26T18:27:19.436+0000] {dag.py:4180} INFO - Setting next_dagrun for 01_music_ingestion_realtime to 2026-01-26 17:00:00+00:00, run_after=2026-01-26 18:00:00+00:00
[2026-01-26T18:27:19.463+0000] {processor.py:208} INFO - Processing /opt/airflow/dags/music_ingestion_dag.py took 0.111 seconds
[2026-01-26T18:27:49.802+0000] {processor.py:186} INFO - Started process (PID=377) to work on /opt/airflow/dags/music_ingestion_dag.py
[2026-01-26T18:27:49.803+0000] {processor.py:914} INFO - Processing file /opt/airflow/dags/music_ingestion_dag.py for tasks to queue
[2026-01-26T18:27:49.807+0000] {logging_mixin.py:190} INFO - [2026-01-26T18:27:49.806+0000] {dagbag.py:588} INFO - Filling up the DagBag from /opt/airflow/dags/music_ingestion_dag.py
[2026-01-26T18:27:49.828+0000] {processor.py:925} INFO - DAG(s) '01_music_ingestion_realtime' retrieved from /opt/airflow/dags/music_ingestion_dag.py
[2026-01-26T18:27:49.856+0000] {logging_mixin.py:190} INFO - [2026-01-26T18:27:49.856+0000] {dag.py:3239} INFO - Sync 1 DAGs
[2026-01-26T18:27:49.882+0000] {logging_mixin.py:190} INFO - [2026-01-26T18:27:49.882+0000] {dag.py:4180} INFO - Setting next_dagrun for 01_music_ingestion_realtime to 2026-01-26 17:00:00+00:00, run_after=2026-01-26 18:00:00+00:00
[2026-01-26T18:27:49.908+0000] {processor.py:208} INFO - Processing /opt/airflow/dags/music_ingestion_dag.py took 0.112 seconds
[2026-01-26T18:28:20.157+0000] {processor.py:186} INFO - Started process (PID=382) to work on /opt/airflow/dags/music_ingestion_dag.py
[2026-01-26T18:28:20.159+0000] {processor.py:914} INFO - Processing file /opt/airflow/dags/music_ingestion_dag.py for tasks to queue
[2026-01-26T18:28:20.161+0000] {logging_mixin.py:190} INFO - [2026-01-26T18:28:20.161+0000] {dagbag.py:588} INFO - Filling up the DagBag from /opt/airflow/dags/music_ingestion_dag.py
[2026-01-26T18:28:20.234+0000] {processor.py:925} INFO - DAG(s) '01_music_ingestion_realtime' retrieved from /opt/airflow/dags/music_ingestion_dag.py
[2026-01-26T18:28:20.269+0000] {logging_mixin.py:190} INFO - [2026-01-26T18:28:20.268+0000] {dag.py:3239} INFO - Sync 1 DAGs
[2026-01-26T18:28:20.293+0000] {logging_mixin.py:190} INFO - [2026-01-26T18:28:20.293+0000] {dag.py:4180} INFO - Setting next_dagrun for 01_music_ingestion_realtime to 2026-01-26 17:00:00+00:00, run_after=2026-01-26 18:00:00+00:00
[2026-01-26T18:28:20.317+0000] {processor.py:208} INFO - Processing /opt/airflow/dags/music_ingestion_dag.py took 0.166 seconds
[2026-01-26T18:28:50.609+0000] {processor.py:186} INFO - Started process (PID=387) to work on /opt/airflow/dags/music_ingestion_dag.py
[2026-01-26T18:28:50.611+0000] {processor.py:914} INFO - Processing file /opt/airflow/dags/music_ingestion_dag.py for tasks to queue
[2026-01-26T18:28:50.613+0000] {logging_mixin.py:190} INFO - [2026-01-26T18:28:50.613+0000] {dagbag.py:588} INFO - Filling up the DagBag from /opt/airflow/dags/music_ingestion_dag.py
[2026-01-26T18:28:50.635+0000] {processor.py:925} INFO - DAG(s) '01_music_ingestion_realtime' retrieved from /opt/airflow/dags/music_ingestion_dag.py
[2026-01-26T18:28:50.665+0000] {logging_mixin.py:190} INFO - [2026-01-26T18:28:50.665+0000] {dag.py:3239} INFO - Sync 1 DAGs
[2026-01-26T18:28:50.690+0000] {logging_mixin.py:190} INFO - [2026-01-26T18:28:50.690+0000] {dag.py:4180} INFO - Setting next_dagrun for 01_music_ingestion_realtime to 2026-01-26 17:00:00+00:00, run_after=2026-01-26 18:00:00+00:00
[2026-01-26T18:28:50.715+0000] {processor.py:208} INFO - Processing /opt/airflow/dags/music_ingestion_dag.py took 0.110 seconds
[2026-01-26T18:29:20.943+0000] {processor.py:186} INFO - Started process (PID=392) to work on /opt/airflow/dags/music_ingestion_dag.py
[2026-01-26T18:29:20.944+0000] {processor.py:914} INFO - Processing file /opt/airflow/dags/music_ingestion_dag.py for tasks to queue
[2026-01-26T18:29:20.947+0000] {logging_mixin.py:190} INFO - [2026-01-26T18:29:20.947+0000] {dagbag.py:588} INFO - Filling up the DagBag from /opt/airflow/dags/music_ingestion_dag.py
[2026-01-26T18:29:20.967+0000] {processor.py:925} INFO - DAG(s) '01_music_ingestion_realtime' retrieved from /opt/airflow/dags/music_ingestion_dag.py
[2026-01-26T18:29:20.995+0000] {logging_mixin.py:190} INFO - [2026-01-26T18:29:20.995+0000] {dag.py:3239} INFO - Sync 1 DAGs
[2026-01-26T18:29:21.021+0000] {logging_mixin.py:190} INFO - [2026-01-26T18:29:21.020+0000] {dag.py:4180} INFO - Setting next_dagrun for 01_music_ingestion_realtime to 2026-01-26 17:00:00+00:00, run_after=2026-01-26 18:00:00+00:00
[2026-01-26T18:29:21.044+0000] {processor.py:208} INFO - Processing /opt/airflow/dags/music_ingestion_dag.py took 0.107 seconds
[2026-01-26T18:29:51.379+0000] {processor.py:186} INFO - Started process (PID=397) to work on /opt/airflow/dags/music_ingestion_dag.py
[2026-01-26T18:29:51.380+0000] {processor.py:914} INFO - Processing file /opt/airflow/dags/music_ingestion_dag.py for tasks to queue
[2026-01-26T18:29:51.383+0000] {logging_mixin.py:190} INFO - [2026-01-26T18:29:51.383+0000] {dagbag.py:588} INFO - Filling up the DagBag from /opt/airflow/dags/music_ingestion_dag.py
[2026-01-26T18:29:51.403+0000] {processor.py:925} INFO - DAG(s) '01_music_ingestion_realtime' retrieved from /opt/airflow/dags/music_ingestion_dag.py
[2026-01-26T18:29:51.430+0000] {logging_mixin.py:190} INFO - [2026-01-26T18:29:51.430+0000] {dag.py:3239} INFO - Sync 1 DAGs
[2026-01-26T18:29:51.453+0000] {logging_mixin.py:190} INFO - [2026-01-26T18:29:51.453+0000] {dag.py:4180} INFO - Setting next_dagrun for 01_music_ingestion_realtime to 2026-01-26 17:00:00+00:00, run_after=2026-01-26 18:00:00+00:00
[2026-01-26T18:29:51.483+0000] {processor.py:208} INFO - Processing /opt/airflow/dags/music_ingestion_dag.py took 0.110 seconds
[2026-01-26T18:30:21.764+0000] {processor.py:186} INFO - Started process (PID=402) to work on /opt/airflow/dags/music_ingestion_dag.py
[2026-01-26T18:30:21.766+0000] {processor.py:914} INFO - Processing file /opt/airflow/dags/music_ingestion_dag.py for tasks to queue
[2026-01-26T18:30:21.768+0000] {logging_mixin.py:190} INFO - [2026-01-26T18:30:21.768+0000] {dagbag.py:588} INFO - Filling up the DagBag from /opt/airflow/dags/music_ingestion_dag.py
[2026-01-26T18:30:21.788+0000] {processor.py:925} INFO - DAG(s) '01_music_ingestion_realtime' retrieved from /opt/airflow/dags/music_ingestion_dag.py
[2026-01-26T18:30:21.821+0000] {logging_mixin.py:190} INFO - [2026-01-26T18:30:21.821+0000] {dag.py:3239} INFO - Sync 1 DAGs
[2026-01-26T18:30:21.855+0000] {logging_mixin.py:190} INFO - [2026-01-26T18:30:21.854+0000] {dag.py:4180} INFO - Setting next_dagrun for 01_music_ingestion_realtime to 2026-01-26 17:00:00+00:00, run_after=2026-01-26 18:00:00+00:00
[2026-01-26T18:30:21.883+0000] {processor.py:208} INFO - Processing /opt/airflow/dags/music_ingestion_dag.py took 0.125 seconds
[2026-01-26T18:30:52.155+0000] {processor.py:186} INFO - Started process (PID=407) to work on /opt/airflow/dags/music_ingestion_dag.py
[2026-01-26T18:30:52.157+0000] {processor.py:914} INFO - Processing file /opt/airflow/dags/music_ingestion_dag.py for tasks to queue
[2026-01-26T18:30:52.160+0000] {logging_mixin.py:190} INFO - [2026-01-26T18:30:52.160+0000] {dagbag.py:588} INFO - Filling up the DagBag from /opt/airflow/dags/music_ingestion_dag.py
[2026-01-26T18:30:52.180+0000] {processor.py:925} INFO - DAG(s) '01_music_ingestion_realtime' retrieved from /opt/airflow/dags/music_ingestion_dag.py
[2026-01-26T18:30:52.209+0000] {logging_mixin.py:190} INFO - [2026-01-26T18:30:52.209+0000] {dag.py:3239} INFO - Sync 1 DAGs
[2026-01-26T18:30:52.235+0000] {logging_mixin.py:190} INFO - [2026-01-26T18:30:52.235+0000] {dag.py:4180} INFO - Setting next_dagrun for 01_music_ingestion_realtime to 2026-01-26 17:00:00+00:00, run_after=2026-01-26 18:00:00+00:00
[2026-01-26T18:30:52.263+0000] {processor.py:208} INFO - Processing /opt/airflow/dags/music_ingestion_dag.py took 0.114 seconds
[2026-01-26T18:31:22.521+0000] {processor.py:186} INFO - Started process (PID=412) to work on /opt/airflow/dags/music_ingestion_dag.py
[2026-01-26T18:31:22.523+0000] {processor.py:914} INFO - Processing file /opt/airflow/dags/music_ingestion_dag.py for tasks to queue
[2026-01-26T18:31:22.526+0000] {logging_mixin.py:190} INFO - [2026-01-26T18:31:22.526+0000] {dagbag.py:588} INFO - Filling up the DagBag from /opt/airflow/dags/music_ingestion_dag.py
[2026-01-26T18:31:22.555+0000] {processor.py:925} INFO - DAG(s) '01_music_ingestion_realtime' retrieved from /opt/airflow/dags/music_ingestion_dag.py
[2026-01-26T18:31:22.590+0000] {logging_mixin.py:190} INFO - [2026-01-26T18:31:22.589+0000] {dag.py:3239} INFO - Sync 1 DAGs
[2026-01-26T18:31:22.617+0000] {logging_mixin.py:190} INFO - [2026-01-26T18:31:22.617+0000] {dag.py:4180} INFO - Setting next_dagrun for 01_music_ingestion_realtime to 2026-01-26 17:00:00+00:00, run_after=2026-01-26 18:00:00+00:00
[2026-01-26T18:31:22.645+0000] {processor.py:208} INFO - Processing /opt/airflow/dags/music_ingestion_dag.py took 0.133 seconds
[2026-01-26T18:31:52.879+0000] {processor.py:186} INFO - Started process (PID=417) to work on /opt/airflow/dags/music_ingestion_dag.py
[2026-01-26T18:31:52.881+0000] {processor.py:914} INFO - Processing file /opt/airflow/dags/music_ingestion_dag.py for tasks to queue
[2026-01-26T18:31:52.883+0000] {logging_mixin.py:190} INFO - [2026-01-26T18:31:52.883+0000] {dagbag.py:588} INFO - Filling up the DagBag from /opt/airflow/dags/music_ingestion_dag.py
[2026-01-26T18:31:52.902+0000] {processor.py:925} INFO - DAG(s) '01_music_ingestion_realtime' retrieved from /opt/airflow/dags/music_ingestion_dag.py
[2026-01-26T18:31:52.933+0000] {logging_mixin.py:190} INFO - [2026-01-26T18:31:52.933+0000] {dag.py:3239} INFO - Sync 1 DAGs
[2026-01-26T18:31:52.964+0000] {logging_mixin.py:190} INFO - [2026-01-26T18:31:52.964+0000] {dag.py:4180} INFO - Setting next_dagrun for 01_music_ingestion_realtime to 2026-01-26 17:00:00+00:00, run_after=2026-01-26 18:00:00+00:00
[2026-01-26T18:31:52.991+0000] {processor.py:208} INFO - Processing /opt/airflow/dags/music_ingestion_dag.py took 0.118 seconds
[2026-01-26T18:32:23.350+0000] {processor.py:186} INFO - Started process (PID=422) to work on /opt/airflow/dags/music_ingestion_dag.py
[2026-01-26T18:32:23.351+0000] {processor.py:914} INFO - Processing file /opt/airflow/dags/music_ingestion_dag.py for tasks to queue
[2026-01-26T18:32:23.354+0000] {logging_mixin.py:190} INFO - [2026-01-26T18:32:23.353+0000] {dagbag.py:588} INFO - Filling up the DagBag from /opt/airflow/dags/music_ingestion_dag.py
[2026-01-26T18:32:23.371+0000] {processor.py:925} INFO - DAG(s) '01_music_ingestion_realtime' retrieved from /opt/airflow/dags/music_ingestion_dag.py
[2026-01-26T18:32:23.397+0000] {logging_mixin.py:190} INFO - [2026-01-26T18:32:23.397+0000] {dag.py:3239} INFO - Sync 1 DAGs
[2026-01-26T18:32:23.423+0000] {logging_mixin.py:190} INFO - [2026-01-26T18:32:23.423+0000] {dag.py:4180} INFO - Setting next_dagrun for 01_music_ingestion_realtime to 2026-01-26 17:00:00+00:00, run_after=2026-01-26 18:00:00+00:00
[2026-01-26T18:32:23.450+0000] {processor.py:208} INFO - Processing /opt/airflow/dags/music_ingestion_dag.py took 0.106 seconds
[2026-01-26T18:32:53.755+0000] {processor.py:186} INFO - Started process (PID=427) to work on /opt/airflow/dags/music_ingestion_dag.py
[2026-01-26T18:32:53.757+0000] {processor.py:914} INFO - Processing file /opt/airflow/dags/music_ingestion_dag.py for tasks to queue
[2026-01-26T18:32:53.759+0000] {logging_mixin.py:190} INFO - [2026-01-26T18:32:53.758+0000] {dagbag.py:588} INFO - Filling up the DagBag from /opt/airflow/dags/music_ingestion_dag.py
[2026-01-26T18:32:53.780+0000] {processor.py:925} INFO - DAG(s) '01_music_ingestion_realtime' retrieved from /opt/airflow/dags/music_ingestion_dag.py
[2026-01-26T18:32:53.813+0000] {logging_mixin.py:190} INFO - [2026-01-26T18:32:53.813+0000] {dag.py:3239} INFO - Sync 1 DAGs
[2026-01-26T18:32:53.837+0000] {logging_mixin.py:190} INFO - [2026-01-26T18:32:53.837+0000] {dag.py:4180} INFO - Setting next_dagrun for 01_music_ingestion_realtime to 2026-01-26 17:00:00+00:00, run_after=2026-01-26 18:00:00+00:00
[2026-01-26T18:32:53.861+0000] {processor.py:208} INFO - Processing /opt/airflow/dags/music_ingestion_dag.py took 0.111 seconds
[2026-01-26T18:33:24.169+0000] {processor.py:186} INFO - Started process (PID=432) to work on /opt/airflow/dags/music_ingestion_dag.py
[2026-01-26T18:33:24.170+0000] {processor.py:914} INFO - Processing file /opt/airflow/dags/music_ingestion_dag.py for tasks to queue
[2026-01-26T18:33:24.173+0000] {logging_mixin.py:190} INFO - [2026-01-26T18:33:24.173+0000] {dagbag.py:588} INFO - Filling up the DagBag from /opt/airflow/dags/music_ingestion_dag.py
[2026-01-26T18:33:24.193+0000] {processor.py:925} INFO - DAG(s) '01_music_ingestion_realtime' retrieved from /opt/airflow/dags/music_ingestion_dag.py
[2026-01-26T18:33:24.220+0000] {logging_mixin.py:190} INFO - [2026-01-26T18:33:24.220+0000] {dag.py:3239} INFO - Sync 1 DAGs
[2026-01-26T18:33:24.247+0000] {logging_mixin.py:190} INFO - [2026-01-26T18:33:24.246+0000] {dag.py:4180} INFO - Setting next_dagrun for 01_music_ingestion_realtime to 2026-01-26 17:00:00+00:00, run_after=2026-01-26 18:00:00+00:00
[2026-01-26T18:33:24.271+0000] {processor.py:208} INFO - Processing /opt/airflow/dags/music_ingestion_dag.py took 0.107 seconds
[2026-01-26T18:33:54.557+0000] {processor.py:186} INFO - Started process (PID=437) to work on /opt/airflow/dags/music_ingestion_dag.py
[2026-01-26T18:33:54.558+0000] {processor.py:914} INFO - Processing file /opt/airflow/dags/music_ingestion_dag.py for tasks to queue
[2026-01-26T18:33:54.560+0000] {logging_mixin.py:190} INFO - [2026-01-26T18:33:54.560+0000] {dagbag.py:588} INFO - Filling up the DagBag from /opt/airflow/dags/music_ingestion_dag.py
[2026-01-26T18:33:54.577+0000] {processor.py:925} INFO - DAG(s) '01_music_ingestion_realtime' retrieved from /opt/airflow/dags/music_ingestion_dag.py
[2026-01-26T18:33:54.604+0000] {logging_mixin.py:190} INFO - [2026-01-26T18:33:54.604+0000] {dag.py:3239} INFO - Sync 1 DAGs
[2026-01-26T18:33:54.628+0000] {logging_mixin.py:190} INFO - [2026-01-26T18:33:54.628+0000] {dag.py:4180} INFO - Setting next_dagrun for 01_music_ingestion_realtime to 2026-01-26 17:00:00+00:00, run_after=2026-01-26 18:00:00+00:00
[2026-01-26T18:33:54.655+0000] {processor.py:208} INFO - Processing /opt/airflow/dags/music_ingestion_dag.py took 0.104 seconds
[2026-01-26T18:34:24.990+0000] {processor.py:186} INFO - Started process (PID=442) to work on /opt/airflow/dags/music_ingestion_dag.py
[2026-01-26T18:34:24.991+0000] {processor.py:914} INFO - Processing file /opt/airflow/dags/music_ingestion_dag.py for tasks to queue
[2026-01-26T18:34:24.993+0000] {logging_mixin.py:190} INFO - [2026-01-26T18:34:24.993+0000] {dagbag.py:588} INFO - Filling up the DagBag from /opt/airflow/dags/music_ingestion_dag.py
[2026-01-26T18:34:25.015+0000] {processor.py:925} INFO - DAG(s) '01_music_ingestion_realtime' retrieved from /opt/airflow/dags/music_ingestion_dag.py
[2026-01-26T18:34:25.043+0000] {logging_mixin.py:190} INFO - [2026-01-26T18:34:25.042+0000] {dag.py:3239} INFO - Sync 1 DAGs
[2026-01-26T18:34:25.066+0000] {logging_mixin.py:190} INFO - [2026-01-26T18:34:25.066+0000] {dag.py:4180} INFO - Setting next_dagrun for 01_music_ingestion_realtime to 2026-01-26 17:00:00+00:00, run_after=2026-01-26 18:00:00+00:00
[2026-01-26T18:34:25.092+0000] {processor.py:208} INFO - Processing /opt/airflow/dags/music_ingestion_dag.py took 0.108 seconds
[2026-01-26T18:34:55.452+0000] {processor.py:186} INFO - Started process (PID=447) to work on /opt/airflow/dags/music_ingestion_dag.py
[2026-01-26T18:34:55.455+0000] {processor.py:914} INFO - Processing file /opt/airflow/dags/music_ingestion_dag.py for tasks to queue
[2026-01-26T18:34:55.460+0000] {logging_mixin.py:190} INFO - [2026-01-26T18:34:55.459+0000] {dagbag.py:588} INFO - Filling up the DagBag from /opt/airflow/dags/music_ingestion_dag.py
[2026-01-26T18:34:55.485+0000] {processor.py:925} INFO - DAG(s) '01_music_ingestion_realtime' retrieved from /opt/airflow/dags/music_ingestion_dag.py
[2026-01-26T18:34:55.527+0000] {logging_mixin.py:190} INFO - [2026-01-26T18:34:55.527+0000] {dag.py:3239} INFO - Sync 1 DAGs
[2026-01-26T18:34:55.570+0000] {logging_mixin.py:190} INFO - [2026-01-26T18:34:55.569+0000] {dag.py:4180} INFO - Setting next_dagrun for 01_music_ingestion_realtime to 2026-01-26 17:00:00+00:00, run_after=2026-01-26 18:00:00+00:00
[2026-01-26T18:34:55.616+0000] {processor.py:208} INFO - Processing /opt/airflow/dags/music_ingestion_dag.py took 0.175 seconds
[2026-01-26T18:35:25.776+0000] {processor.py:186} INFO - Started process (PID=452) to work on /opt/airflow/dags/music_ingestion_dag.py
[2026-01-26T18:35:25.777+0000] {processor.py:914} INFO - Processing file /opt/airflow/dags/music_ingestion_dag.py for tasks to queue
[2026-01-26T18:35:25.780+0000] {logging_mixin.py:190} INFO - [2026-01-26T18:35:25.780+0000] {dagbag.py:588} INFO - Filling up the DagBag from /opt/airflow/dags/music_ingestion_dag.py
[2026-01-26T18:35:25.805+0000] {processor.py:925} INFO - DAG(s) '01_music_ingestion_realtime' retrieved from /opt/airflow/dags/music_ingestion_dag.py
[2026-01-26T18:35:25.835+0000] {logging_mixin.py:190} INFO - [2026-01-26T18:35:25.835+0000] {dag.py:3239} INFO - Sync 1 DAGs
[2026-01-26T18:35:25.861+0000] {logging_mixin.py:190} INFO - [2026-01-26T18:35:25.861+0000] {dag.py:4180} INFO - Setting next_dagrun for 01_music_ingestion_realtime to 2026-01-26 17:00:00+00:00, run_after=2026-01-26 18:00:00+00:00
[2026-01-26T18:35:25.887+0000] {processor.py:208} INFO - Processing /opt/airflow/dags/music_ingestion_dag.py took 0.118 seconds
[2026-01-26T18:35:56.145+0000] {processor.py:186} INFO - Started process (PID=457) to work on /opt/airflow/dags/music_ingestion_dag.py
[2026-01-26T18:35:56.147+0000] {processor.py:914} INFO - Processing file /opt/airflow/dags/music_ingestion_dag.py for tasks to queue
[2026-01-26T18:35:56.150+0000] {logging_mixin.py:190} INFO - [2026-01-26T18:35:56.149+0000] {dagbag.py:588} INFO - Filling up the DagBag from /opt/airflow/dags/music_ingestion_dag.py
[2026-01-26T18:35:56.172+0000] {processor.py:925} INFO - DAG(s) '01_music_ingestion_realtime' retrieved from /opt/airflow/dags/music_ingestion_dag.py
[2026-01-26T18:35:56.205+0000] {logging_mixin.py:190} INFO - [2026-01-26T18:35:56.205+0000] {dag.py:3239} INFO - Sync 1 DAGs
[2026-01-26T18:35:56.232+0000] {logging_mixin.py:190} INFO - [2026-01-26T18:35:56.232+0000] {dag.py:4180} INFO - Setting next_dagrun for 01_music_ingestion_realtime to 2026-01-26 17:00:00+00:00, run_after=2026-01-26 18:00:00+00:00
[2026-01-26T18:35:56.256+0000] {processor.py:208} INFO - Processing /opt/airflow/dags/music_ingestion_dag.py took 0.118 seconds
[2026-01-26T18:36:26.553+0000] {processor.py:186} INFO - Started process (PID=462) to work on /opt/airflow/dags/music_ingestion_dag.py
[2026-01-26T18:36:26.555+0000] {processor.py:914} INFO - Processing file /opt/airflow/dags/music_ingestion_dag.py for tasks to queue
[2026-01-26T18:36:26.558+0000] {logging_mixin.py:190} INFO - [2026-01-26T18:36:26.558+0000] {dagbag.py:588} INFO - Filling up the DagBag from /opt/airflow/dags/music_ingestion_dag.py
[2026-01-26T18:36:26.584+0000] {processor.py:925} INFO - DAG(s) '01_music_ingestion_realtime' retrieved from /opt/airflow/dags/music_ingestion_dag.py
[2026-01-26T18:36:26.618+0000] {logging_mixin.py:190} INFO - [2026-01-26T18:36:26.618+0000] {dag.py:3239} INFO - Sync 1 DAGs
[2026-01-26T18:36:26.645+0000] {logging_mixin.py:190} INFO - [2026-01-26T18:36:26.645+0000] {dag.py:4180} INFO - Setting next_dagrun for 01_music_ingestion_realtime to 2026-01-26 17:00:00+00:00, run_after=2026-01-26 18:00:00+00:00
[2026-01-26T18:36:26.675+0000] {processor.py:208} INFO - Processing /opt/airflow/dags/music_ingestion_dag.py took 0.128 seconds
[2026-01-26T18:36:56.956+0000] {processor.py:186} INFO - Started process (PID=467) to work on /opt/airflow/dags/music_ingestion_dag.py
[2026-01-26T18:36:56.957+0000] {processor.py:914} INFO - Processing file /opt/airflow/dags/music_ingestion_dag.py for tasks to queue
[2026-01-26T18:36:56.960+0000] {logging_mixin.py:190} INFO - [2026-01-26T18:36:56.960+0000] {dagbag.py:588} INFO - Filling up the DagBag from /opt/airflow/dags/music_ingestion_dag.py
[2026-01-26T18:36:56.989+0000] {processor.py:925} INFO - DAG(s) '01_music_ingestion_realtime' retrieved from /opt/airflow/dags/music_ingestion_dag.py
[2026-01-26T18:36:57.033+0000] {logging_mixin.py:190} INFO - [2026-01-26T18:36:57.033+0000] {dag.py:3239} INFO - Sync 1 DAGs
[2026-01-26T18:36:57.073+0000] {logging_mixin.py:190} INFO - [2026-01-26T18:36:57.072+0000] {dag.py:4180} INFO - Setting next_dagrun for 01_music_ingestion_realtime to 2026-01-26 17:00:00+00:00, run_after=2026-01-26 18:00:00+00:00
[2026-01-26T18:36:57.104+0000] {processor.py:208} INFO - Processing /opt/airflow/dags/music_ingestion_dag.py took 0.157 seconds
[2026-01-26T18:37:27.356+0000] {processor.py:186} INFO - Started process (PID=472) to work on /opt/airflow/dags/music_ingestion_dag.py
[2026-01-26T18:37:27.357+0000] {processor.py:914} INFO - Processing file /opt/airflow/dags/music_ingestion_dag.py for tasks to queue
[2026-01-26T18:37:27.360+0000] {logging_mixin.py:190} INFO - [2026-01-26T18:37:27.360+0000] {dagbag.py:588} INFO - Filling up the DagBag from /opt/airflow/dags/music_ingestion_dag.py
[2026-01-26T18:37:27.384+0000] {processor.py:925} INFO - DAG(s) '01_music_ingestion_realtime' retrieved from /opt/airflow/dags/music_ingestion_dag.py
[2026-01-26T18:37:27.421+0000] {logging_mixin.py:190} INFO - [2026-01-26T18:37:27.421+0000] {dag.py:3239} INFO - Sync 1 DAGs
[2026-01-26T18:37:27.453+0000] {logging_mixin.py:190} INFO - [2026-01-26T18:37:27.453+0000] {dag.py:4180} INFO - Setting next_dagrun for 01_music_ingestion_realtime to 2026-01-26 17:00:00+00:00, run_after=2026-01-26 18:00:00+00:00
[2026-01-26T18:37:27.487+0000] {processor.py:208} INFO - Processing /opt/airflow/dags/music_ingestion_dag.py took 0.137 seconds
[2026-01-26T18:37:57.731+0000] {processor.py:186} INFO - Started process (PID=477) to work on /opt/airflow/dags/music_ingestion_dag.py
[2026-01-26T18:37:57.733+0000] {processor.py:914} INFO - Processing file /opt/airflow/dags/music_ingestion_dag.py for tasks to queue
[2026-01-26T18:37:57.735+0000] {logging_mixin.py:190} INFO - [2026-01-26T18:37:57.735+0000] {dagbag.py:588} INFO - Filling up the DagBag from /opt/airflow/dags/music_ingestion_dag.py
[2026-01-26T18:37:57.762+0000] {processor.py:925} INFO - DAG(s) '01_music_ingestion_realtime' retrieved from /opt/airflow/dags/music_ingestion_dag.py
[2026-01-26T18:37:57.793+0000] {logging_mixin.py:190} INFO - [2026-01-26T18:37:57.792+0000] {dag.py:3239} INFO - Sync 1 DAGs
[2026-01-26T18:37:57.817+0000] {logging_mixin.py:190} INFO - [2026-01-26T18:37:57.817+0000] {dag.py:4180} INFO - Setting next_dagrun for 01_music_ingestion_realtime to 2026-01-26 17:00:00+00:00, run_after=2026-01-26 18:00:00+00:00
[2026-01-26T18:37:57.842+0000] {processor.py:208} INFO - Processing /opt/airflow/dags/music_ingestion_dag.py took 0.116 seconds
[2026-01-26T18:38:28.136+0000] {processor.py:186} INFO - Started process (PID=482) to work on /opt/airflow/dags/music_ingestion_dag.py
[2026-01-26T18:38:28.137+0000] {processor.py:914} INFO - Processing file /opt/airflow/dags/music_ingestion_dag.py for tasks to queue
[2026-01-26T18:38:28.139+0000] {logging_mixin.py:190} INFO - [2026-01-26T18:38:28.139+0000] {dagbag.py:588} INFO - Filling up the DagBag from /opt/airflow/dags/music_ingestion_dag.py
[2026-01-26T18:38:28.161+0000] {processor.py:925} INFO - DAG(s) '01_music_ingestion_realtime' retrieved from /opt/airflow/dags/music_ingestion_dag.py
[2026-01-26T18:38:28.200+0000] {logging_mixin.py:190} INFO - [2026-01-26T18:38:28.199+0000] {dag.py:3239} INFO - Sync 1 DAGs
[2026-01-26T18:38:28.241+0000] {logging_mixin.py:190} INFO - [2026-01-26T18:38:28.240+0000] {dag.py:4180} INFO - Setting next_dagrun for 01_music_ingestion_realtime to 2026-01-26 17:00:00+00:00, run_after=2026-01-26 18:00:00+00:00
[2026-01-26T18:38:28.279+0000] {processor.py:208} INFO - Processing /opt/airflow/dags/music_ingestion_dag.py took 0.151 seconds
[2026-01-26T18:38:58.489+0000] {processor.py:186} INFO - Started process (PID=487) to work on /opt/airflow/dags/music_ingestion_dag.py
[2026-01-26T18:38:58.491+0000] {processor.py:914} INFO - Processing file /opt/airflow/dags/music_ingestion_dag.py for tasks to queue
[2026-01-26T18:38:58.494+0000] {logging_mixin.py:190} INFO - [2026-01-26T18:38:58.494+0000] {dagbag.py:588} INFO - Filling up the DagBag from /opt/airflow/dags/music_ingestion_dag.py
[2026-01-26T18:38:58.519+0000] {processor.py:925} INFO - DAG(s) '01_music_ingestion_realtime' retrieved from /opt/airflow/dags/music_ingestion_dag.py
[2026-01-26T18:38:58.550+0000] {logging_mixin.py:190} INFO - [2026-01-26T18:38:58.550+0000] {dag.py:3239} INFO - Sync 1 DAGs
[2026-01-26T18:38:58.576+0000] {logging_mixin.py:190} INFO - [2026-01-26T18:38:58.576+0000] {dag.py:4180} INFO - Setting next_dagrun for 01_music_ingestion_realtime to 2026-01-26 17:00:00+00:00, run_after=2026-01-26 18:00:00+00:00
[2026-01-26T18:38:58.602+0000] {processor.py:208} INFO - Processing /opt/airflow/dags/music_ingestion_dag.py took 0.119 seconds
[2026-01-26T18:39:28.912+0000] {processor.py:186} INFO - Started process (PID=492) to work on /opt/airflow/dags/music_ingestion_dag.py
[2026-01-26T18:39:28.913+0000] {processor.py:914} INFO - Processing file /opt/airflow/dags/music_ingestion_dag.py for tasks to queue
[2026-01-26T18:39:28.917+0000] {logging_mixin.py:190} INFO - [2026-01-26T18:39:28.916+0000] {dagbag.py:588} INFO - Filling up the DagBag from /opt/airflow/dags/music_ingestion_dag.py
[2026-01-26T18:39:28.959+0000] {processor.py:925} INFO - DAG(s) '01_music_ingestion_realtime' retrieved from /opt/airflow/dags/music_ingestion_dag.py
[2026-01-26T18:39:29.018+0000] {logging_mixin.py:190} INFO - [2026-01-26T18:39:29.017+0000] {dag.py:3239} INFO - Sync 1 DAGs
[2026-01-26T18:39:29.073+0000] {logging_mixin.py:190} INFO - [2026-01-26T18:39:29.073+0000] {dag.py:4180} INFO - Setting next_dagrun for 01_music_ingestion_realtime to 2026-01-26 17:00:00+00:00, run_after=2026-01-26 18:00:00+00:00
[2026-01-26T18:39:29.104+0000] {processor.py:208} INFO - Processing /opt/airflow/dags/music_ingestion_dag.py took 0.200 seconds
[2026-01-26T18:39:59.261+0000] {processor.py:186} INFO - Started process (PID=497) to work on /opt/airflow/dags/music_ingestion_dag.py
[2026-01-26T18:39:59.263+0000] {processor.py:914} INFO - Processing file /opt/airflow/dags/music_ingestion_dag.py for tasks to queue
[2026-01-26T18:39:59.266+0000] {logging_mixin.py:190} INFO - [2026-01-26T18:39:59.266+0000] {dagbag.py:588} INFO - Filling up the DagBag from /opt/airflow/dags/music_ingestion_dag.py
[2026-01-26T18:39:59.291+0000] {processor.py:925} INFO - DAG(s) '01_music_ingestion_realtime' retrieved from /opt/airflow/dags/music_ingestion_dag.py
[2026-01-26T18:39:59.320+0000] {logging_mixin.py:190} INFO - [2026-01-26T18:39:59.320+0000] {dag.py:3239} INFO - Sync 1 DAGs
[2026-01-26T18:39:59.345+0000] {logging_mixin.py:190} INFO - [2026-01-26T18:39:59.345+0000] {dag.py:4180} INFO - Setting next_dagrun for 01_music_ingestion_realtime to 2026-01-26 17:00:00+00:00, run_after=2026-01-26 18:00:00+00:00
[2026-01-26T18:39:59.371+0000] {processor.py:208} INFO - Processing /opt/airflow/dags/music_ingestion_dag.py took 0.116 seconds
[2026-01-26T18:40:29.610+0000] {processor.py:186} INFO - Started process (PID=502) to work on /opt/airflow/dags/music_ingestion_dag.py
[2026-01-26T18:40:29.611+0000] {processor.py:914} INFO - Processing file /opt/airflow/dags/music_ingestion_dag.py for tasks to queue
[2026-01-26T18:40:29.613+0000] {logging_mixin.py:190} INFO - [2026-01-26T18:40:29.613+0000] {dagbag.py:588} INFO - Filling up the DagBag from /opt/airflow/dags/music_ingestion_dag.py
[2026-01-26T18:40:29.634+0000] {processor.py:925} INFO - DAG(s) '01_music_ingestion_realtime' retrieved from /opt/airflow/dags/music_ingestion_dag.py
[2026-01-26T18:40:29.659+0000] {logging_mixin.py:190} INFO - [2026-01-26T18:40:29.659+0000] {dag.py:3239} INFO - Sync 1 DAGs
[2026-01-26T18:40:29.680+0000] {logging_mixin.py:190} INFO - [2026-01-26T18:40:29.680+0000] {dag.py:4180} INFO - Setting next_dagrun for 01_music_ingestion_realtime to 2026-01-26 17:00:00+00:00, run_after=2026-01-26 18:00:00+00:00
[2026-01-26T18:40:29.705+0000] {processor.py:208} INFO - Processing /opt/airflow/dags/music_ingestion_dag.py took 0.101 seconds
[2026-01-26T18:41:00.013+0000] {processor.py:186} INFO - Started process (PID=507) to work on /opt/airflow/dags/music_ingestion_dag.py
[2026-01-26T18:41:00.014+0000] {processor.py:914} INFO - Processing file /opt/airflow/dags/music_ingestion_dag.py for tasks to queue
[2026-01-26T18:41:00.016+0000] {logging_mixin.py:190} INFO - [2026-01-26T18:41:00.016+0000] {dagbag.py:588} INFO - Filling up the DagBag from /opt/airflow/dags/music_ingestion_dag.py
[2026-01-26T18:41:00.044+0000] {processor.py:925} INFO - DAG(s) '01_music_ingestion_realtime' retrieved from /opt/airflow/dags/music_ingestion_dag.py
[2026-01-26T18:41:00.081+0000] {logging_mixin.py:190} INFO - [2026-01-26T18:41:00.080+0000] {dag.py:3239} INFO - Sync 1 DAGs
[2026-01-26T18:41:00.107+0000] {logging_mixin.py:190} INFO - [2026-01-26T18:41:00.107+0000] {dag.py:4180} INFO - Setting next_dagrun for 01_music_ingestion_realtime to 2026-01-26 17:00:00+00:00, run_after=2026-01-26 18:00:00+00:00
[2026-01-26T18:41:00.131+0000] {processor.py:208} INFO - Processing /opt/airflow/dags/music_ingestion_dag.py took 0.123 seconds
[2026-01-26T18:41:30.482+0000] {processor.py:186} INFO - Started process (PID=512) to work on /opt/airflow/dags/music_ingestion_dag.py
[2026-01-26T18:41:30.484+0000] {processor.py:914} INFO - Processing file /opt/airflow/dags/music_ingestion_dag.py for tasks to queue
[2026-01-26T18:41:30.487+0000] {logging_mixin.py:190} INFO - [2026-01-26T18:41:30.487+0000] {dagbag.py:588} INFO - Filling up the DagBag from /opt/airflow/dags/music_ingestion_dag.py
[2026-01-26T18:41:30.508+0000] {processor.py:925} INFO - DAG(s) '01_music_ingestion_realtime' retrieved from /opt/airflow/dags/music_ingestion_dag.py
[2026-01-26T18:41:30.543+0000] {logging_mixin.py:190} INFO - [2026-01-26T18:41:30.543+0000] {dag.py:3239} INFO - Sync 1 DAGs
[2026-01-26T18:41:30.570+0000] {logging_mixin.py:190} INFO - [2026-01-26T18:41:30.569+0000] {dag.py:4180} INFO - Setting next_dagrun for 01_music_ingestion_realtime to 2026-01-26 17:00:00+00:00, run_after=2026-01-26 18:00:00+00:00
[2026-01-26T18:41:30.600+0000] {processor.py:208} INFO - Processing /opt/airflow/dags/music_ingestion_dag.py took 0.127 seconds
[2026-01-26T18:42:00.915+0000] {processor.py:186} INFO - Started process (PID=517) to work on /opt/airflow/dags/music_ingestion_dag.py
[2026-01-26T18:42:00.916+0000] {processor.py:914} INFO - Processing file /opt/airflow/dags/music_ingestion_dag.py for tasks to queue
[2026-01-26T18:42:00.920+0000] {logging_mixin.py:190} INFO - [2026-01-26T18:42:00.920+0000] {dagbag.py:588} INFO - Filling up the DagBag from /opt/airflow/dags/music_ingestion_dag.py
[2026-01-26T18:42:00.953+0000] {processor.py:925} INFO - DAG(s) '01_music_ingestion_realtime' retrieved from /opt/airflow/dags/music_ingestion_dag.py
[2026-01-26T18:42:00.987+0000] {logging_mixin.py:190} INFO - [2026-01-26T18:42:00.987+0000] {dag.py:3239} INFO - Sync 1 DAGs
[2026-01-26T18:42:01.013+0000] {logging_mixin.py:190} INFO - [2026-01-26T18:42:01.013+0000] {dag.py:4180} INFO - Setting next_dagrun for 01_music_ingestion_realtime to 2026-01-26 17:00:00+00:00, run_after=2026-01-26 18:00:00+00:00
[2026-01-26T18:42:01.044+0000] {processor.py:208} INFO - Processing /opt/airflow/dags/music_ingestion_dag.py took 0.135 seconds
[2026-01-26T18:42:31.306+0000] {processor.py:186} INFO - Started process (PID=522) to work on /opt/airflow/dags/music_ingestion_dag.py
[2026-01-26T18:42:31.308+0000] {processor.py:914} INFO - Processing file /opt/airflow/dags/music_ingestion_dag.py for tasks to queue
[2026-01-26T18:42:31.310+0000] {logging_mixin.py:190} INFO - [2026-01-26T18:42:31.310+0000] {dagbag.py:588} INFO - Filling up the DagBag from /opt/airflow/dags/music_ingestion_dag.py
[2026-01-26T18:42:31.330+0000] {processor.py:925} INFO - DAG(s) '01_music_ingestion_realtime' retrieved from /opt/airflow/dags/music_ingestion_dag.py
[2026-01-26T18:42:31.361+0000] {logging_mixin.py:190} INFO - [2026-01-26T18:42:31.361+0000] {dag.py:3239} INFO - Sync 1 DAGs
[2026-01-26T18:42:31.391+0000] {logging_mixin.py:190} INFO - [2026-01-26T18:42:31.390+0000] {dag.py:4180} INFO - Setting next_dagrun for 01_music_ingestion_realtime to 2026-01-26 17:00:00+00:00, run_after=2026-01-26 18:00:00+00:00
[2026-01-26T18:42:31.420+0000] {processor.py:208} INFO - Processing /opt/airflow/dags/music_ingestion_dag.py took 0.120 seconds
[2026-01-26T18:43:01.735+0000] {processor.py:186} INFO - Started process (PID=527) to work on /opt/airflow/dags/music_ingestion_dag.py
[2026-01-26T18:43:01.736+0000] {processor.py:914} INFO - Processing file /opt/airflow/dags/music_ingestion_dag.py for tasks to queue
[2026-01-26T18:43:01.739+0000] {logging_mixin.py:190} INFO - [2026-01-26T18:43:01.739+0000] {dagbag.py:588} INFO - Filling up the DagBag from /opt/airflow/dags/music_ingestion_dag.py
[2026-01-26T18:43:01.761+0000] {processor.py:925} INFO - DAG(s) '01_music_ingestion_realtime' retrieved from /opt/airflow/dags/music_ingestion_dag.py
[2026-01-26T18:43:01.790+0000] {logging_mixin.py:190} INFO - [2026-01-26T18:43:01.790+0000] {dag.py:3239} INFO - Sync 1 DAGs
[2026-01-26T18:43:01.815+0000] {logging_mixin.py:190} INFO - [2026-01-26T18:43:01.815+0000] {dag.py:4180} INFO - Setting next_dagrun for 01_music_ingestion_realtime to 2026-01-26 17:00:00+00:00, run_after=2026-01-26 18:00:00+00:00
[2026-01-26T18:43:01.837+0000] {processor.py:208} INFO - Processing /opt/airflow/dags/music_ingestion_dag.py took 0.107 seconds
[2026-01-26T18:43:32.087+0000] {processor.py:186} INFO - Started process (PID=532) to work on /opt/airflow/dags/music_ingestion_dag.py
[2026-01-26T18:43:32.089+0000] {processor.py:914} INFO - Processing file /opt/airflow/dags/music_ingestion_dag.py for tasks to queue
[2026-01-26T18:43:32.093+0000] {logging_mixin.py:190} INFO - [2026-01-26T18:43:32.092+0000] {dagbag.py:588} INFO - Filling up the DagBag from /opt/airflow/dags/music_ingestion_dag.py
[2026-01-26T18:43:32.118+0000] {processor.py:925} INFO - DAG(s) '01_music_ingestion_realtime' retrieved from /opt/airflow/dags/music_ingestion_dag.py
[2026-01-26T18:43:32.148+0000] {logging_mixin.py:190} INFO - [2026-01-26T18:43:32.147+0000] {dag.py:3239} INFO - Sync 1 DAGs
[2026-01-26T18:43:32.175+0000] {logging_mixin.py:190} INFO - [2026-01-26T18:43:32.175+0000] {dag.py:4180} INFO - Setting next_dagrun for 01_music_ingestion_realtime to 2026-01-26 17:00:00+00:00, run_after=2026-01-26 18:00:00+00:00
[2026-01-26T18:43:32.198+0000] {processor.py:208} INFO - Processing /opt/airflow/dags/music_ingestion_dag.py took 0.116 seconds
[2026-01-26T18:44:02.486+0000] {processor.py:186} INFO - Started process (PID=537) to work on /opt/airflow/dags/music_ingestion_dag.py
[2026-01-26T18:44:02.487+0000] {processor.py:914} INFO - Processing file /opt/airflow/dags/music_ingestion_dag.py for tasks to queue
[2026-01-26T18:44:02.489+0000] {logging_mixin.py:190} INFO - [2026-01-26T18:44:02.489+0000] {dagbag.py:588} INFO - Filling up the DagBag from /opt/airflow/dags/music_ingestion_dag.py
[2026-01-26T18:44:02.512+0000] {processor.py:925} INFO - DAG(s) '01_music_ingestion_realtime' retrieved from /opt/airflow/dags/music_ingestion_dag.py
[2026-01-26T18:44:02.538+0000] {logging_mixin.py:190} INFO - [2026-01-26T18:44:02.537+0000] {dag.py:3239} INFO - Sync 1 DAGs
[2026-01-26T18:44:02.561+0000] {logging_mixin.py:190} INFO - [2026-01-26T18:44:02.561+0000] {dag.py:4180} INFO - Setting next_dagrun for 01_music_ingestion_realtime to 2026-01-26 17:00:00+00:00, run_after=2026-01-26 18:00:00+00:00
[2026-01-26T18:44:02.590+0000] {processor.py:208} INFO - Processing /opt/airflow/dags/music_ingestion_dag.py took 0.110 seconds
[2026-01-26T18:44:32.792+0000] {processor.py:186} INFO - Started process (PID=542) to work on /opt/airflow/dags/music_ingestion_dag.py
[2026-01-26T18:44:32.793+0000] {processor.py:914} INFO - Processing file /opt/airflow/dags/music_ingestion_dag.py for tasks to queue
[2026-01-26T18:44:32.798+0000] {logging_mixin.py:190} INFO - [2026-01-26T18:44:32.798+0000] {dagbag.py:588} INFO - Filling up the DagBag from /opt/airflow/dags/music_ingestion_dag.py
[2026-01-26T18:44:32.822+0000] {processor.py:925} INFO - DAG(s) '01_music_ingestion_realtime' retrieved from /opt/airflow/dags/music_ingestion_dag.py
[2026-01-26T18:44:32.857+0000] {logging_mixin.py:190} INFO - [2026-01-26T18:44:32.856+0000] {dag.py:3239} INFO - Sync 1 DAGs
[2026-01-26T18:44:32.886+0000] {logging_mixin.py:190} INFO - [2026-01-26T18:44:32.886+0000] {dag.py:4180} INFO - Setting next_dagrun for 01_music_ingestion_realtime to 2026-01-26 17:00:00+00:00, run_after=2026-01-26 18:00:00+00:00
[2026-01-26T18:44:32.920+0000] {processor.py:208} INFO - Processing /opt/airflow/dags/music_ingestion_dag.py took 0.134 seconds
[2026-01-26T18:45:03.312+0000] {processor.py:186} INFO - Started process (PID=547) to work on /opt/airflow/dags/music_ingestion_dag.py
[2026-01-26T18:45:03.313+0000] {processor.py:914} INFO - Processing file /opt/airflow/dags/music_ingestion_dag.py for tasks to queue
[2026-01-26T18:45:03.315+0000] {logging_mixin.py:190} INFO - [2026-01-26T18:45:03.315+0000] {dagbag.py:588} INFO - Filling up the DagBag from /opt/airflow/dags/music_ingestion_dag.py
[2026-01-26T18:45:03.338+0000] {processor.py:925} INFO - DAG(s) '01_music_ingestion_realtime' retrieved from /opt/airflow/dags/music_ingestion_dag.py
[2026-01-26T18:45:03.366+0000] {logging_mixin.py:190} INFO - [2026-01-26T18:45:03.366+0000] {dag.py:3239} INFO - Sync 1 DAGs
[2026-01-26T18:45:03.392+0000] {logging_mixin.py:190} INFO - [2026-01-26T18:45:03.391+0000] {dag.py:4180} INFO - Setting next_dagrun for 01_music_ingestion_realtime to 2026-01-26 17:00:00+00:00, run_after=2026-01-26 18:00:00+00:00
[2026-01-26T18:45:03.429+0000] {processor.py:208} INFO - Processing /opt/airflow/dags/music_ingestion_dag.py took 0.123 seconds
[2026-01-26T18:45:33.716+0000] {processor.py:186} INFO - Started process (PID=552) to work on /opt/airflow/dags/music_ingestion_dag.py
[2026-01-26T18:45:33.717+0000] {processor.py:914} INFO - Processing file /opt/airflow/dags/music_ingestion_dag.py for tasks to queue
[2026-01-26T18:45:33.720+0000] {logging_mixin.py:190} INFO - [2026-01-26T18:45:33.720+0000] {dagbag.py:588} INFO - Filling up the DagBag from /opt/airflow/dags/music_ingestion_dag.py
[2026-01-26T18:45:33.752+0000] {processor.py:925} INFO - DAG(s) '01_music_ingestion_realtime' retrieved from /opt/airflow/dags/music_ingestion_dag.py
[2026-01-26T18:45:33.794+0000] {logging_mixin.py:190} INFO - [2026-01-26T18:45:33.794+0000] {dag.py:3239} INFO - Sync 1 DAGs
[2026-01-26T18:45:33.826+0000] {logging_mixin.py:190} INFO - [2026-01-26T18:45:33.825+0000] {dag.py:4180} INFO - Setting next_dagrun for 01_music_ingestion_realtime to 2026-01-26 17:00:00+00:00, run_after=2026-01-26 18:00:00+00:00
[2026-01-26T18:45:33.855+0000] {processor.py:208} INFO - Processing /opt/airflow/dags/music_ingestion_dag.py took 0.147 seconds
[2026-01-26T18:46:04.215+0000] {processor.py:186} INFO - Started process (PID=557) to work on /opt/airflow/dags/music_ingestion_dag.py
[2026-01-26T18:46:04.217+0000] {processor.py:914} INFO - Processing file /opt/airflow/dags/music_ingestion_dag.py for tasks to queue
[2026-01-26T18:46:04.219+0000] {logging_mixin.py:190} INFO - [2026-01-26T18:46:04.219+0000] {dagbag.py:588} INFO - Filling up the DagBag from /opt/airflow/dags/music_ingestion_dag.py
[2026-01-26T18:46:04.239+0000] {processor.py:925} INFO - DAG(s) '01_music_ingestion_realtime' retrieved from /opt/airflow/dags/music_ingestion_dag.py
[2026-01-26T18:46:04.267+0000] {logging_mixin.py:190} INFO - [2026-01-26T18:46:04.266+0000] {dag.py:3239} INFO - Sync 1 DAGs
[2026-01-26T18:46:04.292+0000] {logging_mixin.py:190} INFO - [2026-01-26T18:46:04.291+0000] {dag.py:4180} INFO - Setting next_dagrun for 01_music_ingestion_realtime to 2026-01-26 17:00:00+00:00, run_after=2026-01-26 18:00:00+00:00
[2026-01-26T18:46:04.318+0000] {processor.py:208} INFO - Processing /opt/airflow/dags/music_ingestion_dag.py took 0.108 seconds
[2026-01-26T18:46:34.639+0000] {processor.py:186} INFO - Started process (PID=562) to work on /opt/airflow/dags/music_ingestion_dag.py
[2026-01-26T18:46:34.641+0000] {processor.py:914} INFO - Processing file /opt/airflow/dags/music_ingestion_dag.py for tasks to queue
[2026-01-26T18:46:34.644+0000] {logging_mixin.py:190} INFO - [2026-01-26T18:46:34.643+0000] {dagbag.py:588} INFO - Filling up the DagBag from /opt/airflow/dags/music_ingestion_dag.py
[2026-01-26T18:46:34.664+0000] {processor.py:925} INFO - DAG(s) '01_music_ingestion_realtime' retrieved from /opt/airflow/dags/music_ingestion_dag.py
[2026-01-26T18:46:34.695+0000] {logging_mixin.py:190} INFO - [2026-01-26T18:46:34.694+0000] {dag.py:3239} INFO - Sync 1 DAGs
[2026-01-26T18:46:34.724+0000] {logging_mixin.py:190} INFO - [2026-01-26T18:46:34.723+0000] {dag.py:4180} INFO - Setting next_dagrun for 01_music_ingestion_realtime to 2026-01-26 17:00:00+00:00, run_after=2026-01-26 18:00:00+00:00
[2026-01-26T18:46:34.745+0000] {processor.py:208} INFO - Processing /opt/airflow/dags/music_ingestion_dag.py took 0.112 seconds
[2026-01-26T18:47:05.092+0000] {processor.py:186} INFO - Started process (PID=567) to work on /opt/airflow/dags/music_ingestion_dag.py
[2026-01-26T18:47:05.094+0000] {processor.py:914} INFO - Processing file /opt/airflow/dags/music_ingestion_dag.py for tasks to queue
[2026-01-26T18:47:05.096+0000] {logging_mixin.py:190} INFO - [2026-01-26T18:47:05.096+0000] {dagbag.py:588} INFO - Filling up the DagBag from /opt/airflow/dags/music_ingestion_dag.py
[2026-01-26T18:47:05.114+0000] {processor.py:925} INFO - DAG(s) '01_music_ingestion_realtime' retrieved from /opt/airflow/dags/music_ingestion_dag.py
[2026-01-26T18:47:05.146+0000] {logging_mixin.py:190} INFO - [2026-01-26T18:47:05.146+0000] {dag.py:3239} INFO - Sync 1 DAGs
[2026-01-26T18:47:05.174+0000] {logging_mixin.py:190} INFO - [2026-01-26T18:47:05.174+0000] {dag.py:4180} INFO - Setting next_dagrun for 01_music_ingestion_realtime to 2026-01-26 17:00:00+00:00, run_after=2026-01-26 18:00:00+00:00
[2026-01-26T18:47:05.194+0000] {processor.py:208} INFO - Processing /opt/airflow/dags/music_ingestion_dag.py took 0.107 seconds
[2026-01-26T18:47:35.517+0000] {processor.py:186} INFO - Started process (PID=572) to work on /opt/airflow/dags/music_ingestion_dag.py
[2026-01-26T18:47:35.518+0000] {processor.py:914} INFO - Processing file /opt/airflow/dags/music_ingestion_dag.py for tasks to queue
[2026-01-26T18:47:35.521+0000] {logging_mixin.py:190} INFO - [2026-01-26T18:47:35.521+0000] {dagbag.py:588} INFO - Filling up the DagBag from /opt/airflow/dags/music_ingestion_dag.py
[2026-01-26T18:47:35.543+0000] {processor.py:925} INFO - DAG(s) '01_music_ingestion_realtime' retrieved from /opt/airflow/dags/music_ingestion_dag.py
[2026-01-26T18:47:35.571+0000] {logging_mixin.py:190} INFO - [2026-01-26T18:47:35.571+0000] {dag.py:3239} INFO - Sync 1 DAGs
[2026-01-26T18:47:35.594+0000] {logging_mixin.py:190} INFO - [2026-01-26T18:47:35.594+0000] {dag.py:4180} INFO - Setting next_dagrun for 01_music_ingestion_realtime to 2026-01-26 17:00:00+00:00, run_after=2026-01-26 18:00:00+00:00
[2026-01-26T18:47:35.618+0000] {processor.py:208} INFO - Processing /opt/airflow/dags/music_ingestion_dag.py took 0.107 seconds
[2026-01-26T18:48:05.921+0000] {processor.py:186} INFO - Started process (PID=577) to work on /opt/airflow/dags/music_ingestion_dag.py
[2026-01-26T18:48:05.922+0000] {processor.py:914} INFO - Processing file /opt/airflow/dags/music_ingestion_dag.py for tasks to queue
[2026-01-26T18:48:05.925+0000] {logging_mixin.py:190} INFO - [2026-01-26T18:48:05.925+0000] {dagbag.py:588} INFO - Filling up the DagBag from /opt/airflow/dags/music_ingestion_dag.py
[2026-01-26T18:48:05.941+0000] {processor.py:925} INFO - DAG(s) '01_music_ingestion_realtime' retrieved from /opt/airflow/dags/music_ingestion_dag.py
[2026-01-26T18:48:05.966+0000] {logging_mixin.py:190} INFO - [2026-01-26T18:48:05.966+0000] {dag.py:3239} INFO - Sync 1 DAGs
[2026-01-26T18:48:05.998+0000] {logging_mixin.py:190} INFO - [2026-01-26T18:48:05.998+0000] {dag.py:4180} INFO - Setting next_dagrun for 01_music_ingestion_realtime to 2026-01-26 17:00:00+00:00, run_after=2026-01-26 18:00:00+00:00
[2026-01-26T18:48:06.032+0000] {processor.py:208} INFO - Processing /opt/airflow/dags/music_ingestion_dag.py took 0.116 seconds
[2026-01-26T18:48:36.311+0000] {processor.py:186} INFO - Started process (PID=582) to work on /opt/airflow/dags/music_ingestion_dag.py
[2026-01-26T18:48:36.313+0000] {processor.py:914} INFO - Processing file /opt/airflow/dags/music_ingestion_dag.py for tasks to queue
[2026-01-26T18:48:36.317+0000] {logging_mixin.py:190} INFO - [2026-01-26T18:48:36.316+0000] {dagbag.py:588} INFO - Filling up the DagBag from /opt/airflow/dags/music_ingestion_dag.py
[2026-01-26T18:48:36.338+0000] {processor.py:925} INFO - DAG(s) '01_music_ingestion_realtime' retrieved from /opt/airflow/dags/music_ingestion_dag.py
[2026-01-26T18:48:36.370+0000] {logging_mixin.py:190} INFO - [2026-01-26T18:48:36.370+0000] {dag.py:3239} INFO - Sync 1 DAGs
[2026-01-26T18:48:36.396+0000] {logging_mixin.py:190} INFO - [2026-01-26T18:48:36.396+0000] {dag.py:4180} INFO - Setting next_dagrun for 01_music_ingestion_realtime to 2026-01-26 17:00:00+00:00, run_after=2026-01-26 18:00:00+00:00
[2026-01-26T18:48:36.419+0000] {processor.py:208} INFO - Processing /opt/airflow/dags/music_ingestion_dag.py took 0.116 seconds
[2026-01-26T18:49:06.761+0000] {processor.py:186} INFO - Started process (PID=587) to work on /opt/airflow/dags/music_ingestion_dag.py
[2026-01-26T18:49:06.762+0000] {processor.py:914} INFO - Processing file /opt/airflow/dags/music_ingestion_dag.py for tasks to queue
[2026-01-26T18:49:06.764+0000] {logging_mixin.py:190} INFO - [2026-01-26T18:49:06.764+0000] {dagbag.py:588} INFO - Filling up the DagBag from /opt/airflow/dags/music_ingestion_dag.py
[2026-01-26T18:49:06.782+0000] {processor.py:925} INFO - DAG(s) '01_music_ingestion_realtime' retrieved from /opt/airflow/dags/music_ingestion_dag.py
[2026-01-26T18:49:06.810+0000] {logging_mixin.py:190} INFO - [2026-01-26T18:49:06.810+0000] {dag.py:3239} INFO - Sync 1 DAGs
[2026-01-26T18:49:06.835+0000] {logging_mixin.py:190} INFO - [2026-01-26T18:49:06.835+0000] {dag.py:4180} INFO - Setting next_dagrun for 01_music_ingestion_realtime to 2026-01-26 17:00:00+00:00, run_after=2026-01-26 18:00:00+00:00
[2026-01-26T18:49:06.861+0000] {processor.py:208} INFO - Processing /opt/airflow/dags/music_ingestion_dag.py took 0.105 seconds
[2026-01-26T18:49:37.147+0000] {processor.py:186} INFO - Started process (PID=592) to work on /opt/airflow/dags/music_ingestion_dag.py
[2026-01-26T18:49:37.149+0000] {processor.py:914} INFO - Processing file /opt/airflow/dags/music_ingestion_dag.py for tasks to queue
[2026-01-26T18:49:37.152+0000] {logging_mixin.py:190} INFO - [2026-01-26T18:49:37.151+0000] {dagbag.py:588} INFO - Filling up the DagBag from /opt/airflow/dags/music_ingestion_dag.py
[2026-01-26T18:49:37.174+0000] {processor.py:925} INFO - DAG(s) '01_music_ingestion_realtime' retrieved from /opt/airflow/dags/music_ingestion_dag.py
[2026-01-26T18:49:37.204+0000] {logging_mixin.py:190} INFO - [2026-01-26T18:49:37.203+0000] {dag.py:3239} INFO - Sync 1 DAGs
[2026-01-26T18:49:37.228+0000] {logging_mixin.py:190} INFO - [2026-01-26T18:49:37.228+0000] {dag.py:4180} INFO - Setting next_dagrun for 01_music_ingestion_realtime to 2026-01-26 17:00:00+00:00, run_after=2026-01-26 18:00:00+00:00
[2026-01-26T18:49:37.252+0000] {processor.py:208} INFO - Processing /opt/airflow/dags/music_ingestion_dag.py took 0.111 seconds
[2026-01-26T18:50:07.620+0000] {processor.py:186} INFO - Started process (PID=597) to work on /opt/airflow/dags/music_ingestion_dag.py
[2026-01-26T18:50:07.622+0000] {processor.py:914} INFO - Processing file /opt/airflow/dags/music_ingestion_dag.py for tasks to queue
[2026-01-26T18:50:07.624+0000] {logging_mixin.py:190} INFO - [2026-01-26T18:50:07.624+0000] {dagbag.py:588} INFO - Filling up the DagBag from /opt/airflow/dags/music_ingestion_dag.py
[2026-01-26T18:50:07.653+0000] {processor.py:925} INFO - DAG(s) '01_music_ingestion_realtime' retrieved from /opt/airflow/dags/music_ingestion_dag.py
[2026-01-26T18:50:07.683+0000] {logging_mixin.py:190} INFO - [2026-01-26T18:50:07.682+0000] {dag.py:3239} INFO - Sync 1 DAGs
[2026-01-26T18:50:07.707+0000] {logging_mixin.py:190} INFO - [2026-01-26T18:50:07.707+0000] {dag.py:4180} INFO - Setting next_dagrun for 01_music_ingestion_realtime to 2026-01-26 17:00:00+00:00, run_after=2026-01-26 18:00:00+00:00
[2026-01-26T18:50:07.734+0000] {processor.py:208} INFO - Processing /opt/airflow/dags/music_ingestion_dag.py took 0.119 seconds
[2026-01-26T18:50:38.026+0000] {processor.py:186} INFO - Started process (PID=602) to work on /opt/airflow/dags/music_ingestion_dag.py
[2026-01-26T18:50:38.027+0000] {processor.py:914} INFO - Processing file /opt/airflow/dags/music_ingestion_dag.py for tasks to queue
[2026-01-26T18:50:38.030+0000] {logging_mixin.py:190} INFO - [2026-01-26T18:50:38.030+0000] {dagbag.py:588} INFO - Filling up the DagBag from /opt/airflow/dags/music_ingestion_dag.py
[2026-01-26T18:50:38.051+0000] {processor.py:925} INFO - DAG(s) '01_music_ingestion_realtime' retrieved from /opt/airflow/dags/music_ingestion_dag.py
[2026-01-26T18:50:38.079+0000] {logging_mixin.py:190} INFO - [2026-01-26T18:50:38.079+0000] {dag.py:3239} INFO - Sync 1 DAGs
[2026-01-26T18:50:38.103+0000] {logging_mixin.py:190} INFO - [2026-01-26T18:50:38.103+0000] {dag.py:4180} INFO - Setting next_dagrun for 01_music_ingestion_realtime to 2026-01-26 17:00:00+00:00, run_after=2026-01-26 18:00:00+00:00
[2026-01-26T18:50:38.128+0000] {processor.py:208} INFO - Processing /opt/airflow/dags/music_ingestion_dag.py took 0.108 seconds
[2026-01-26T18:51:08.563+0000] {processor.py:186} INFO - Started process (PID=607) to work on /opt/airflow/dags/music_ingestion_dag.py
[2026-01-26T18:51:08.566+0000] {processor.py:914} INFO - Processing file /opt/airflow/dags/music_ingestion_dag.py for tasks to queue
[2026-01-26T18:51:08.570+0000] {logging_mixin.py:190} INFO - [2026-01-26T18:51:08.569+0000] {dagbag.py:588} INFO - Filling up the DagBag from /opt/airflow/dags/music_ingestion_dag.py
[2026-01-26T18:51:08.609+0000] {processor.py:925} INFO - DAG(s) '01_music_ingestion_realtime' retrieved from /opt/airflow/dags/music_ingestion_dag.py
[2026-01-26T18:51:08.642+0000] {logging_mixin.py:190} INFO - [2026-01-26T18:51:08.642+0000] {dag.py:3239} INFO - Sync 1 DAGs
[2026-01-26T18:51:08.676+0000] {logging_mixin.py:190} INFO - [2026-01-26T18:51:08.676+0000] {dag.py:4180} INFO - Setting next_dagrun for 01_music_ingestion_realtime to 2026-01-26 17:00:00+00:00, run_after=2026-01-26 18:00:00+00:00
[2026-01-26T18:51:08.706+0000] {processor.py:208} INFO - Processing /opt/airflow/dags/music_ingestion_dag.py took 0.151 seconds
[2026-01-26T18:51:38.929+0000] {processor.py:186} INFO - Started process (PID=612) to work on /opt/airflow/dags/music_ingestion_dag.py
[2026-01-26T18:51:38.930+0000] {processor.py:914} INFO - Processing file /opt/airflow/dags/music_ingestion_dag.py for tasks to queue
[2026-01-26T18:51:38.934+0000] {logging_mixin.py:190} INFO - [2026-01-26T18:51:38.933+0000] {dagbag.py:588} INFO - Filling up the DagBag from /opt/airflow/dags/music_ingestion_dag.py
[2026-01-26T18:51:38.957+0000] {processor.py:925} INFO - DAG(s) '01_music_ingestion_realtime' retrieved from /opt/airflow/dags/music_ingestion_dag.py
[2026-01-26T18:51:38.987+0000] {logging_mixin.py:190} INFO - [2026-01-26T18:51:38.987+0000] {dag.py:3239} INFO - Sync 1 DAGs
[2026-01-26T18:51:39.011+0000] {logging_mixin.py:190} INFO - [2026-01-26T18:51:39.011+0000] {dag.py:4180} INFO - Setting next_dagrun for 01_music_ingestion_realtime to 2026-01-26 17:00:00+00:00, run_after=2026-01-26 18:00:00+00:00
[2026-01-26T18:51:39.038+0000] {processor.py:208} INFO - Processing /opt/airflow/dags/music_ingestion_dag.py took 0.115 seconds
[2026-01-26T18:52:09.358+0000] {processor.py:186} INFO - Started process (PID=617) to work on /opt/airflow/dags/music_ingestion_dag.py
[2026-01-26T18:52:09.360+0000] {processor.py:914} INFO - Processing file /opt/airflow/dags/music_ingestion_dag.py for tasks to queue
[2026-01-26T18:52:09.363+0000] {logging_mixin.py:190} INFO - [2026-01-26T18:52:09.363+0000] {dagbag.py:588} INFO - Filling up the DagBag from /opt/airflow/dags/music_ingestion_dag.py
[2026-01-26T18:52:09.388+0000] {processor.py:925} INFO - DAG(s) '01_music_ingestion_realtime' retrieved from /opt/airflow/dags/music_ingestion_dag.py
[2026-01-26T18:52:09.417+0000] {logging_mixin.py:190} INFO - [2026-01-26T18:52:09.417+0000] {dag.py:3239} INFO - Sync 1 DAGs
[2026-01-26T18:52:09.443+0000] {logging_mixin.py:190} INFO - [2026-01-26T18:52:09.443+0000] {dag.py:4180} INFO - Setting next_dagrun for 01_music_ingestion_realtime to 2026-01-26 17:00:00+00:00, run_after=2026-01-26 18:00:00+00:00
[2026-01-26T18:52:09.469+0000] {processor.py:208} INFO - Processing /opt/airflow/dags/music_ingestion_dag.py took 0.116 seconds
[2026-01-26T18:52:39.670+0000] {processor.py:186} INFO - Started process (PID=622) to work on /opt/airflow/dags/music_ingestion_dag.py
[2026-01-26T18:52:39.672+0000] {processor.py:914} INFO - Processing file /opt/airflow/dags/music_ingestion_dag.py for tasks to queue
[2026-01-26T18:52:39.675+0000] {logging_mixin.py:190} INFO - [2026-01-26T18:52:39.675+0000] {dagbag.py:588} INFO - Filling up the DagBag from /opt/airflow/dags/music_ingestion_dag.py
[2026-01-26T18:52:39.696+0000] {processor.py:925} INFO - DAG(s) '01_music_ingestion_realtime' retrieved from /opt/airflow/dags/music_ingestion_dag.py
[2026-01-26T18:52:39.731+0000] {logging_mixin.py:190} INFO - [2026-01-26T18:52:39.731+0000] {dag.py:3239} INFO - Sync 1 DAGs
[2026-01-26T18:52:39.768+0000] {logging_mixin.py:190} INFO - [2026-01-26T18:52:39.768+0000] {dag.py:4180} INFO - Setting next_dagrun for 01_music_ingestion_realtime to 2026-01-26 17:00:00+00:00, run_after=2026-01-26 18:00:00+00:00
[2026-01-26T18:52:39.790+0000] {processor.py:208} INFO - Processing /opt/airflow/dags/music_ingestion_dag.py took 0.126 seconds
[2026-01-26T18:53:10.104+0000] {processor.py:186} INFO - Started process (PID=627) to work on /opt/airflow/dags/music_ingestion_dag.py
[2026-01-26T18:53:10.105+0000] {processor.py:914} INFO - Processing file /opt/airflow/dags/music_ingestion_dag.py for tasks to queue
[2026-01-26T18:53:10.111+0000] {logging_mixin.py:190} INFO - [2026-01-26T18:53:10.110+0000] {dagbag.py:588} INFO - Filling up the DagBag from /opt/airflow/dags/music_ingestion_dag.py
[2026-01-26T18:53:10.150+0000] {processor.py:925} INFO - DAG(s) '01_music_ingestion_realtime' retrieved from /opt/airflow/dags/music_ingestion_dag.py
[2026-01-26T18:53:10.219+0000] {logging_mixin.py:190} INFO - [2026-01-26T18:53:10.219+0000] {dag.py:3239} INFO - Sync 1 DAGs
[2026-01-26T18:53:10.284+0000] {logging_mixin.py:190} INFO - [2026-01-26T18:53:10.283+0000] {dag.py:4180} INFO - Setting next_dagrun for 01_music_ingestion_realtime to 2026-01-26 17:00:00+00:00, run_after=2026-01-26 18:00:00+00:00
[2026-01-26T18:53:10.310+0000] {processor.py:208} INFO - Processing /opt/airflow/dags/music_ingestion_dag.py took 0.213 seconds
[2026-01-26T18:53:40.421+0000] {processor.py:186} INFO - Started process (PID=632) to work on /opt/airflow/dags/music_ingestion_dag.py
[2026-01-26T18:53:40.422+0000] {processor.py:914} INFO - Processing file /opt/airflow/dags/music_ingestion_dag.py for tasks to queue
[2026-01-26T18:53:40.425+0000] {logging_mixin.py:190} INFO - [2026-01-26T18:53:40.425+0000] {dagbag.py:588} INFO - Filling up the DagBag from /opt/airflow/dags/music_ingestion_dag.py
[2026-01-26T18:53:40.450+0000] {processor.py:925} INFO - DAG(s) '01_music_ingestion_realtime' retrieved from /opt/airflow/dags/music_ingestion_dag.py
[2026-01-26T18:53:40.484+0000] {logging_mixin.py:190} INFO - [2026-01-26T18:53:40.484+0000] {dag.py:3239} INFO - Sync 1 DAGs
[2026-01-26T18:53:40.509+0000] {logging_mixin.py:190} INFO - [2026-01-26T18:53:40.509+0000] {dag.py:4180} INFO - Setting next_dagrun for 01_music_ingestion_realtime to 2026-01-26 17:00:00+00:00, run_after=2026-01-26 18:00:00+00:00
[2026-01-26T18:53:40.536+0000] {processor.py:208} INFO - Processing /opt/airflow/dags/music_ingestion_dag.py took 0.120 seconds
[2026-01-26T18:54:10.759+0000] {processor.py:186} INFO - Started process (PID=637) to work on /opt/airflow/dags/music_ingestion_dag.py
[2026-01-26T18:54:10.761+0000] {processor.py:914} INFO - Processing file /opt/airflow/dags/music_ingestion_dag.py for tasks to queue
[2026-01-26T18:54:10.765+0000] {logging_mixin.py:190} INFO - [2026-01-26T18:54:10.764+0000] {dagbag.py:588} INFO - Filling up the DagBag from /opt/airflow/dags/music_ingestion_dag.py
[2026-01-26T18:54:10.788+0000] {processor.py:925} INFO - DAG(s) '01_music_ingestion_realtime' retrieved from /opt/airflow/dags/music_ingestion_dag.py
[2026-01-26T18:54:10.829+0000] {logging_mixin.py:190} INFO - [2026-01-26T18:54:10.829+0000] {dag.py:3239} INFO - Sync 1 DAGs
[2026-01-26T18:54:10.860+0000] {logging_mixin.py:190} INFO - [2026-01-26T18:54:10.860+0000] {dag.py:4180} INFO - Setting next_dagrun for 01_music_ingestion_realtime to 2026-01-26 17:00:00+00:00, run_after=2026-01-26 18:00:00+00:00
[2026-01-26T18:54:10.892+0000] {processor.py:208} INFO - Processing /opt/airflow/dags/music_ingestion_dag.py took 0.141 seconds
[2026-01-26T18:54:41.170+0000] {processor.py:186} INFO - Started process (PID=642) to work on /opt/airflow/dags/music_ingestion_dag.py
[2026-01-26T18:54:41.171+0000] {processor.py:914} INFO - Processing file /opt/airflow/dags/music_ingestion_dag.py for tasks to queue
[2026-01-26T18:54:41.176+0000] {logging_mixin.py:190} INFO - [2026-01-26T18:54:41.175+0000] {dagbag.py:588} INFO - Filling up the DagBag from /opt/airflow/dags/music_ingestion_dag.py
[2026-01-26T18:54:41.208+0000] {processor.py:925} INFO - DAG(s) '01_music_ingestion_realtime' retrieved from /opt/airflow/dags/music_ingestion_dag.py
[2026-01-26T18:54:41.244+0000] {logging_mixin.py:190} INFO - [2026-01-26T18:54:41.244+0000] {dag.py:3239} INFO - Sync 1 DAGs
[2026-01-26T18:54:41.277+0000] {logging_mixin.py:190} INFO - [2026-01-26T18:54:41.277+0000] {dag.py:4180} INFO - Setting next_dagrun for 01_music_ingestion_realtime to 2026-01-26 17:00:00+00:00, run_after=2026-01-26 18:00:00+00:00
[2026-01-26T18:54:41.305+0000] {processor.py:208} INFO - Processing /opt/airflow/dags/music_ingestion_dag.py took 0.141 seconds
[2026-01-26T18:55:11.504+0000] {processor.py:186} INFO - Started process (PID=647) to work on /opt/airflow/dags/music_ingestion_dag.py
[2026-01-26T18:55:11.506+0000] {processor.py:914} INFO - Processing file /opt/airflow/dags/music_ingestion_dag.py for tasks to queue
[2026-01-26T18:55:11.510+0000] {logging_mixin.py:190} INFO - [2026-01-26T18:55:11.509+0000] {dagbag.py:588} INFO - Filling up the DagBag from /opt/airflow/dags/music_ingestion_dag.py
[2026-01-26T18:55:11.535+0000] {processor.py:925} INFO - DAG(s) '01_music_ingestion_realtime' retrieved from /opt/airflow/dags/music_ingestion_dag.py
[2026-01-26T18:55:11.566+0000] {logging_mixin.py:190} INFO - [2026-01-26T18:55:11.566+0000] {dag.py:3239} INFO - Sync 1 DAGs
[2026-01-26T18:55:11.596+0000] {logging_mixin.py:190} INFO - [2026-01-26T18:55:11.595+0000] {dag.py:4180} INFO - Setting next_dagrun for 01_music_ingestion_realtime to 2026-01-26 17:00:00+00:00, run_after=2026-01-26 18:00:00+00:00
[2026-01-26T18:55:11.625+0000] {processor.py:208} INFO - Processing /opt/airflow/dags/music_ingestion_dag.py took 0.131 seconds
[2026-01-26T18:55:41.986+0000] {processor.py:186} INFO - Started process (PID=652) to work on /opt/airflow/dags/music_ingestion_dag.py
[2026-01-26T18:55:41.988+0000] {processor.py:914} INFO - Processing file /opt/airflow/dags/music_ingestion_dag.py for tasks to queue
[2026-01-26T18:55:41.992+0000] {logging_mixin.py:190} INFO - [2026-01-26T18:55:41.992+0000] {dagbag.py:588} INFO - Filling up the DagBag from /opt/airflow/dags/music_ingestion_dag.py
[2026-01-26T18:55:42.020+0000] {processor.py:925} INFO - DAG(s) '01_music_ingestion_realtime' retrieved from /opt/airflow/dags/music_ingestion_dag.py
[2026-01-26T18:55:42.053+0000] {logging_mixin.py:190} INFO - [2026-01-26T18:55:42.052+0000] {dag.py:3239} INFO - Sync 1 DAGs
[2026-01-26T18:55:42.079+0000] {logging_mixin.py:190} INFO - [2026-01-26T18:55:42.079+0000] {dag.py:4180} INFO - Setting next_dagrun for 01_music_ingestion_realtime to 2026-01-26 17:00:00+00:00, run_after=2026-01-26 18:00:00+00:00
[2026-01-26T18:55:42.106+0000] {processor.py:208} INFO - Processing /opt/airflow/dags/music_ingestion_dag.py took 0.127 seconds
[2026-01-26T18:56:12.391+0000] {processor.py:186} INFO - Started process (PID=657) to work on /opt/airflow/dags/music_ingestion_dag.py
[2026-01-26T18:56:12.392+0000] {processor.py:914} INFO - Processing file /opt/airflow/dags/music_ingestion_dag.py for tasks to queue
[2026-01-26T18:56:12.396+0000] {logging_mixin.py:190} INFO - [2026-01-26T18:56:12.395+0000] {dagbag.py:588} INFO - Filling up the DagBag from /opt/airflow/dags/music_ingestion_dag.py
[2026-01-26T18:56:12.420+0000] {processor.py:925} INFO - DAG(s) '01_music_ingestion_realtime' retrieved from /opt/airflow/dags/music_ingestion_dag.py
[2026-01-26T18:56:12.454+0000] {logging_mixin.py:190} INFO - [2026-01-26T18:56:12.454+0000] {dag.py:3239} INFO - Sync 1 DAGs
[2026-01-26T18:56:12.478+0000] {logging_mixin.py:190} INFO - [2026-01-26T18:56:12.478+0000] {dag.py:4180} INFO - Setting next_dagrun for 01_music_ingestion_realtime to 2026-01-26 17:00:00+00:00, run_after=2026-01-26 18:00:00+00:00
[2026-01-26T18:56:12.506+0000] {processor.py:208} INFO - Processing /opt/airflow/dags/music_ingestion_dag.py took 0.121 seconds
[2026-01-26T18:56:42.881+0000] {processor.py:186} INFO - Started process (PID=662) to work on /opt/airflow/dags/music_ingestion_dag.py
[2026-01-26T18:56:42.883+0000] {processor.py:914} INFO - Processing file /opt/airflow/dags/music_ingestion_dag.py for tasks to queue
[2026-01-26T18:56:42.885+0000] {logging_mixin.py:190} INFO - [2026-01-26T18:56:42.885+0000] {dagbag.py:588} INFO - Filling up the DagBag from /opt/airflow/dags/music_ingestion_dag.py
[2026-01-26T18:56:42.906+0000] {processor.py:925} INFO - DAG(s) '01_music_ingestion_realtime' retrieved from /opt/airflow/dags/music_ingestion_dag.py
[2026-01-26T18:56:42.933+0000] {logging_mixin.py:190} INFO - [2026-01-26T18:56:42.933+0000] {dag.py:3239} INFO - Sync 1 DAGs
[2026-01-26T18:56:42.955+0000] {logging_mixin.py:190} INFO - [2026-01-26T18:56:42.955+0000] {dag.py:4180} INFO - Setting next_dagrun for 01_music_ingestion_realtime to 2026-01-26 17:00:00+00:00, run_after=2026-01-26 18:00:00+00:00
[2026-01-26T18:56:42.982+0000] {processor.py:208} INFO - Processing /opt/airflow/dags/music_ingestion_dag.py took 0.107 seconds
[2026-01-26T18:57:13.234+0000] {processor.py:186} INFO - Started process (PID=667) to work on /opt/airflow/dags/music_ingestion_dag.py
[2026-01-26T18:57:13.235+0000] {processor.py:914} INFO - Processing file /opt/airflow/dags/music_ingestion_dag.py for tasks to queue
[2026-01-26T18:57:13.237+0000] {logging_mixin.py:190} INFO - [2026-01-26T18:57:13.237+0000] {dagbag.py:588} INFO - Filling up the DagBag from /opt/airflow/dags/music_ingestion_dag.py
[2026-01-26T18:57:13.258+0000] {processor.py:925} INFO - DAG(s) '01_music_ingestion_realtime' retrieved from /opt/airflow/dags/music_ingestion_dag.py
[2026-01-26T18:57:13.287+0000] {logging_mixin.py:190} INFO - [2026-01-26T18:57:13.287+0000] {dag.py:3239} INFO - Sync 1 DAGs
[2026-01-26T18:57:13.314+0000] {logging_mixin.py:190} INFO - [2026-01-26T18:57:13.314+0000] {dag.py:4180} INFO - Setting next_dagrun for 01_music_ingestion_realtime to 2026-01-26 17:00:00+00:00, run_after=2026-01-26 18:00:00+00:00
[2026-01-26T18:57:13.338+0000] {processor.py:208} INFO - Processing /opt/airflow/dags/music_ingestion_dag.py took 0.110 seconds
[2026-01-26T18:57:43.740+0000] {processor.py:186} INFO - Started process (PID=672) to work on /opt/airflow/dags/music_ingestion_dag.py
[2026-01-26T18:57:43.741+0000] {processor.py:914} INFO - Processing file /opt/airflow/dags/music_ingestion_dag.py for tasks to queue
[2026-01-26T18:57:43.744+0000] {logging_mixin.py:190} INFO - [2026-01-26T18:57:43.743+0000] {dagbag.py:588} INFO - Filling up the DagBag from /opt/airflow/dags/music_ingestion_dag.py
[2026-01-26T18:57:43.763+0000] {processor.py:925} INFO - DAG(s) '01_music_ingestion_realtime' retrieved from /opt/airflow/dags/music_ingestion_dag.py
[2026-01-26T18:57:43.792+0000] {logging_mixin.py:190} INFO - [2026-01-26T18:57:43.792+0000] {dag.py:3239} INFO - Sync 1 DAGs
[2026-01-26T18:57:43.816+0000] {logging_mixin.py:190} INFO - [2026-01-26T18:57:43.816+0000] {dag.py:4180} INFO - Setting next_dagrun for 01_music_ingestion_realtime to 2026-01-26 17:00:00+00:00, run_after=2026-01-26 18:00:00+00:00
[2026-01-26T18:57:43.840+0000] {processor.py:208} INFO - Processing /opt/airflow/dags/music_ingestion_dag.py took 0.106 seconds
[2026-01-26T18:58:14.100+0000] {processor.py:186} INFO - Started process (PID=677) to work on /opt/airflow/dags/music_ingestion_dag.py
[2026-01-26T18:58:14.101+0000] {processor.py:914} INFO - Processing file /opt/airflow/dags/music_ingestion_dag.py for tasks to queue
[2026-01-26T18:58:14.103+0000] {logging_mixin.py:190} INFO - [2026-01-26T18:58:14.103+0000] {dagbag.py:588} INFO - Filling up the DagBag from /opt/airflow/dags/music_ingestion_dag.py
[2026-01-26T18:58:14.125+0000] {processor.py:925} INFO - DAG(s) '01_music_ingestion_realtime' retrieved from /opt/airflow/dags/music_ingestion_dag.py
[2026-01-26T18:58:14.164+0000] {logging_mixin.py:190} INFO - [2026-01-26T18:58:14.164+0000] {dag.py:3239} INFO - Sync 1 DAGs
[2026-01-26T18:58:14.191+0000] {logging_mixin.py:190} INFO - [2026-01-26T18:58:14.191+0000] {dag.py:4180} INFO - Setting next_dagrun for 01_music_ingestion_realtime to 2026-01-26 17:00:00+00:00, run_after=2026-01-26 18:00:00+00:00
[2026-01-26T18:58:14.220+0000] {processor.py:208} INFO - Processing /opt/airflow/dags/music_ingestion_dag.py took 0.127 seconds
[2026-01-26T18:58:44.570+0000] {processor.py:186} INFO - Started process (PID=682) to work on /opt/airflow/dags/music_ingestion_dag.py
[2026-01-26T18:58:44.572+0000] {processor.py:914} INFO - Processing file /opt/airflow/dags/music_ingestion_dag.py for tasks to queue
[2026-01-26T18:58:44.574+0000] {logging_mixin.py:190} INFO - [2026-01-26T18:58:44.573+0000] {dagbag.py:588} INFO - Filling up the DagBag from /opt/airflow/dags/music_ingestion_dag.py
[2026-01-26T18:58:44.592+0000] {processor.py:925} INFO - DAG(s) '01_music_ingestion_realtime' retrieved from /opt/airflow/dags/music_ingestion_dag.py
[2026-01-26T18:58:44.618+0000] {logging_mixin.py:190} INFO - [2026-01-26T18:58:44.618+0000] {dag.py:3239} INFO - Sync 1 DAGs
[2026-01-26T18:58:44.643+0000] {logging_mixin.py:190} INFO - [2026-01-26T18:58:44.642+0000] {dag.py:4180} INFO - Setting next_dagrun for 01_music_ingestion_realtime to 2026-01-26 17:00:00+00:00, run_after=2026-01-26 18:00:00+00:00
[2026-01-26T18:58:44.668+0000] {processor.py:208} INFO - Processing /opt/airflow/dags/music_ingestion_dag.py took 0.103 seconds
[2026-01-26T18:59:14.994+0000] {processor.py:186} INFO - Started process (PID=687) to work on /opt/airflow/dags/music_ingestion_dag.py
[2026-01-26T18:59:14.996+0000] {processor.py:914} INFO - Processing file /opt/airflow/dags/music_ingestion_dag.py for tasks to queue
[2026-01-26T18:59:14.999+0000] {logging_mixin.py:190} INFO - [2026-01-26T18:59:14.999+0000] {dagbag.py:588} INFO - Filling up the DagBag from /opt/airflow/dags/music_ingestion_dag.py
[2026-01-26T18:59:15.035+0000] {processor.py:925} INFO - DAG(s) '01_music_ingestion_realtime' retrieved from /opt/airflow/dags/music_ingestion_dag.py
[2026-01-26T18:59:15.070+0000] {logging_mixin.py:190} INFO - [2026-01-26T18:59:15.070+0000] {dag.py:3239} INFO - Sync 1 DAGs
[2026-01-26T18:59:15.097+0000] {logging_mixin.py:190} INFO - [2026-01-26T18:59:15.097+0000] {dag.py:4180} INFO - Setting next_dagrun for 01_music_ingestion_realtime to 2026-01-26 17:00:00+00:00, run_after=2026-01-26 18:00:00+00:00
[2026-01-26T18:59:15.128+0000] {processor.py:208} INFO - Processing /opt/airflow/dags/music_ingestion_dag.py took 0.140 seconds
[2026-01-26T18:59:45.430+0000] {processor.py:186} INFO - Started process (PID=692) to work on /opt/airflow/dags/music_ingestion_dag.py
[2026-01-26T18:59:45.432+0000] {processor.py:914} INFO - Processing file /opt/airflow/dags/music_ingestion_dag.py for tasks to queue
[2026-01-26T18:59:45.435+0000] {logging_mixin.py:190} INFO - [2026-01-26T18:59:45.435+0000] {dagbag.py:588} INFO - Filling up the DagBag from /opt/airflow/dags/music_ingestion_dag.py
[2026-01-26T18:59:45.467+0000] {processor.py:925} INFO - DAG(s) '01_music_ingestion_realtime' retrieved from /opt/airflow/dags/music_ingestion_dag.py
[2026-01-26T18:59:45.499+0000] {logging_mixin.py:190} INFO - [2026-01-26T18:59:45.499+0000] {dag.py:3239} INFO - Sync 1 DAGs
[2026-01-26T18:59:45.524+0000] {logging_mixin.py:190} INFO - [2026-01-26T18:59:45.523+0000] {dag.py:4180} INFO - Setting next_dagrun for 01_music_ingestion_realtime to 2026-01-26 17:00:00+00:00, run_after=2026-01-26 18:00:00+00:00
[2026-01-26T18:59:45.550+0000] {processor.py:208} INFO - Processing /opt/airflow/dags/music_ingestion_dag.py took 0.126 seconds
[2026-01-26T19:00:15.867+0000] {processor.py:186} INFO - Started process (PID=697) to work on /opt/airflow/dags/music_ingestion_dag.py
[2026-01-26T19:00:15.868+0000] {processor.py:914} INFO - Processing file /opt/airflow/dags/music_ingestion_dag.py for tasks to queue
[2026-01-26T19:00:15.871+0000] {logging_mixin.py:190} INFO - [2026-01-26T19:00:15.871+0000] {dagbag.py:588} INFO - Filling up the DagBag from /opt/airflow/dags/music_ingestion_dag.py
[2026-01-26T19:00:15.913+0000] {processor.py:925} INFO - DAG(s) '01_music_ingestion_realtime' retrieved from /opt/airflow/dags/music_ingestion_dag.py
[2026-01-26T19:00:15.940+0000] {logging_mixin.py:190} INFO - [2026-01-26T19:00:15.940+0000] {dag.py:3239} INFO - Sync 1 DAGs
[2026-01-26T19:00:15.971+0000] {logging_mixin.py:190} INFO - [2026-01-26T19:00:15.971+0000] {dag.py:4180} INFO - Setting next_dagrun for 01_music_ingestion_realtime to 2026-01-26 18:00:00+00:00, run_after=2026-01-26 19:00:00+00:00
[2026-01-26T19:00:16.004+0000] {processor.py:208} INFO - Processing /opt/airflow/dags/music_ingestion_dag.py took 0.144 seconds
[2026-01-26T19:00:46.188+0000] {processor.py:186} INFO - Started process (PID=702) to work on /opt/airflow/dags/music_ingestion_dag.py
[2026-01-26T19:00:46.190+0000] {processor.py:914} INFO - Processing file /opt/airflow/dags/music_ingestion_dag.py for tasks to queue
[2026-01-26T19:00:46.193+0000] {logging_mixin.py:190} INFO - [2026-01-26T19:00:46.193+0000] {dagbag.py:588} INFO - Filling up the DagBag from /opt/airflow/dags/music_ingestion_dag.py
[2026-01-26T19:00:46.217+0000] {processor.py:925} INFO - DAG(s) '01_music_ingestion_realtime' retrieved from /opt/airflow/dags/music_ingestion_dag.py
[2026-01-26T19:00:46.254+0000] {logging_mixin.py:190} INFO - [2026-01-26T19:00:46.254+0000] {dag.py:3239} INFO - Sync 1 DAGs
[2026-01-26T19:00:46.283+0000] {logging_mixin.py:190} INFO - [2026-01-26T19:00:46.283+0000] {dag.py:4180} INFO - Setting next_dagrun for 01_music_ingestion_realtime to 2026-01-26 18:00:00+00:00, run_after=2026-01-26 19:00:00+00:00
[2026-01-26T19:00:46.313+0000] {processor.py:208} INFO - Processing /opt/airflow/dags/music_ingestion_dag.py took 0.132 seconds
[2026-01-26T19:01:16.547+0000] {processor.py:186} INFO - Started process (PID=707) to work on /opt/airflow/dags/music_ingestion_dag.py
[2026-01-26T19:01:16.548+0000] {processor.py:914} INFO - Processing file /opt/airflow/dags/music_ingestion_dag.py for tasks to queue
[2026-01-26T19:01:16.551+0000] {logging_mixin.py:190} INFO - [2026-01-26T19:01:16.551+0000] {dagbag.py:588} INFO - Filling up the DagBag from /opt/airflow/dags/music_ingestion_dag.py
[2026-01-26T19:01:16.586+0000] {processor.py:925} INFO - DAG(s) '01_music_ingestion_realtime' retrieved from /opt/airflow/dags/music_ingestion_dag.py
[2026-01-26T19:01:16.613+0000] {logging_mixin.py:190} INFO - [2026-01-26T19:01:16.613+0000] {dag.py:3239} INFO - Sync 1 DAGs
[2026-01-26T19:01:16.641+0000] {logging_mixin.py:190} INFO - [2026-01-26T19:01:16.641+0000] {dag.py:4180} INFO - Setting next_dagrun for 01_music_ingestion_realtime to 2026-01-26 18:00:00+00:00, run_after=2026-01-26 19:00:00+00:00
[2026-01-26T19:01:16.666+0000] {processor.py:208} INFO - Processing /opt/airflow/dags/music_ingestion_dag.py took 0.126 seconds
[2026-01-26T19:01:47.022+0000] {processor.py:186} INFO - Started process (PID=712) to work on /opt/airflow/dags/music_ingestion_dag.py
[2026-01-26T19:01:47.023+0000] {processor.py:914} INFO - Processing file /opt/airflow/dags/music_ingestion_dag.py for tasks to queue
[2026-01-26T19:01:47.026+0000] {logging_mixin.py:190} INFO - [2026-01-26T19:01:47.026+0000] {dagbag.py:588} INFO - Filling up the DagBag from /opt/airflow/dags/music_ingestion_dag.py
[2026-01-26T19:01:47.045+0000] {processor.py:925} INFO - DAG(s) '01_music_ingestion_realtime' retrieved from /opt/airflow/dags/music_ingestion_dag.py
[2026-01-26T19:01:47.071+0000] {logging_mixin.py:190} INFO - [2026-01-26T19:01:47.071+0000] {dag.py:3239} INFO - Sync 1 DAGs
[2026-01-26T19:01:47.098+0000] {logging_mixin.py:190} INFO - [2026-01-26T19:01:47.098+0000] {dag.py:4180} INFO - Setting next_dagrun for 01_music_ingestion_realtime to 2026-01-26 18:00:00+00:00, run_after=2026-01-26 19:00:00+00:00
[2026-01-26T19:01:47.124+0000] {processor.py:208} INFO - Processing /opt/airflow/dags/music_ingestion_dag.py took 0.107 seconds
[2026-01-26T19:02:17.400+0000] {processor.py:186} INFO - Started process (PID=717) to work on /opt/airflow/dags/music_ingestion_dag.py
[2026-01-26T19:02:17.401+0000] {processor.py:914} INFO - Processing file /opt/airflow/dags/music_ingestion_dag.py for tasks to queue
[2026-01-26T19:02:17.404+0000] {logging_mixin.py:190} INFO - [2026-01-26T19:02:17.403+0000] {dagbag.py:588} INFO - Filling up the DagBag from /opt/airflow/dags/music_ingestion_dag.py
[2026-01-26T19:02:17.423+0000] {processor.py:925} INFO - DAG(s) '01_music_ingestion_realtime' retrieved from /opt/airflow/dags/music_ingestion_dag.py
[2026-01-26T19:02:17.456+0000] {logging_mixin.py:190} INFO - [2026-01-26T19:02:17.456+0000] {dag.py:3239} INFO - Sync 1 DAGs
[2026-01-26T19:02:17.482+0000] {logging_mixin.py:190} INFO - [2026-01-26T19:02:17.482+0000] {dag.py:4180} INFO - Setting next_dagrun for 01_music_ingestion_realtime to 2026-01-26 18:00:00+00:00, run_after=2026-01-26 19:00:00+00:00
[2026-01-26T19:02:17.508+0000] {processor.py:208} INFO - Processing /opt/airflow/dags/music_ingestion_dag.py took 0.114 seconds
[2026-01-26T19:02:47.798+0000] {processor.py:186} INFO - Started process (PID=722) to work on /opt/airflow/dags/music_ingestion_dag.py
[2026-01-26T19:02:47.800+0000] {processor.py:914} INFO - Processing file /opt/airflow/dags/music_ingestion_dag.py for tasks to queue
[2026-01-26T19:02:47.802+0000] {logging_mixin.py:190} INFO - [2026-01-26T19:02:47.802+0000] {dagbag.py:588} INFO - Filling up the DagBag from /opt/airflow/dags/music_ingestion_dag.py
[2026-01-26T19:02:47.822+0000] {processor.py:925} INFO - DAG(s) '01_music_ingestion_realtime' retrieved from /opt/airflow/dags/music_ingestion_dag.py
[2026-01-26T19:02:47.853+0000] {logging_mixin.py:190} INFO - [2026-01-26T19:02:47.853+0000] {dag.py:3239} INFO - Sync 1 DAGs
[2026-01-26T19:02:47.878+0000] {logging_mixin.py:190} INFO - [2026-01-26T19:02:47.878+0000] {dag.py:4180} INFO - Setting next_dagrun for 01_music_ingestion_realtime to 2026-01-26 18:00:00+00:00, run_after=2026-01-26 19:00:00+00:00
[2026-01-26T19:02:47.910+0000] {processor.py:208} INFO - Processing /opt/airflow/dags/music_ingestion_dag.py took 0.117 seconds
[2026-01-26T19:03:18.229+0000] {processor.py:186} INFO - Started process (PID=727) to work on /opt/airflow/dags/music_ingestion_dag.py
[2026-01-26T19:03:18.230+0000] {processor.py:914} INFO - Processing file /opt/airflow/dags/music_ingestion_dag.py for tasks to queue
[2026-01-26T19:03:18.233+0000] {logging_mixin.py:190} INFO - [2026-01-26T19:03:18.233+0000] {dagbag.py:588} INFO - Filling up the DagBag from /opt/airflow/dags/music_ingestion_dag.py
[2026-01-26T19:03:18.253+0000] {processor.py:925} INFO - DAG(s) '01_music_ingestion_realtime' retrieved from /opt/airflow/dags/music_ingestion_dag.py
[2026-01-26T19:03:18.281+0000] {logging_mixin.py:190} INFO - [2026-01-26T19:03:18.281+0000] {dag.py:3239} INFO - Sync 1 DAGs
[2026-01-26T19:03:18.314+0000] {logging_mixin.py:190} INFO - [2026-01-26T19:03:18.314+0000] {dag.py:4180} INFO - Setting next_dagrun for 01_music_ingestion_realtime to 2026-01-26 18:00:00+00:00, run_after=2026-01-26 19:00:00+00:00
[2026-01-26T19:03:18.344+0000] {processor.py:208} INFO - Processing /opt/airflow/dags/music_ingestion_dag.py took 0.121 seconds
[2026-01-26T19:03:48.588+0000] {processor.py:186} INFO - Started process (PID=732) to work on /opt/airflow/dags/music_ingestion_dag.py
[2026-01-26T19:03:48.589+0000] {processor.py:914} INFO - Processing file /opt/airflow/dags/music_ingestion_dag.py for tasks to queue
[2026-01-26T19:03:48.592+0000] {logging_mixin.py:190} INFO - [2026-01-26T19:03:48.592+0000] {dagbag.py:588} INFO - Filling up the DagBag from /opt/airflow/dags/music_ingestion_dag.py
[2026-01-26T19:03:48.614+0000] {processor.py:925} INFO - DAG(s) '01_music_ingestion_realtime' retrieved from /opt/airflow/dags/music_ingestion_dag.py
[2026-01-26T19:03:48.644+0000] {logging_mixin.py:190} INFO - [2026-01-26T19:03:48.644+0000] {dag.py:3239} INFO - Sync 1 DAGs
[2026-01-26T19:03:48.669+0000] {logging_mixin.py:190} INFO - [2026-01-26T19:03:48.669+0000] {dag.py:4180} INFO - Setting next_dagrun for 01_music_ingestion_realtime to 2026-01-26 18:00:00+00:00, run_after=2026-01-26 19:00:00+00:00
[2026-01-26T19:03:48.696+0000] {processor.py:208} INFO - Processing /opt/airflow/dags/music_ingestion_dag.py took 0.114 seconds
[2026-01-26T19:04:19.020+0000] {processor.py:186} INFO - Started process (PID=737) to work on /opt/airflow/dags/music_ingestion_dag.py
[2026-01-26T19:04:19.021+0000] {processor.py:914} INFO - Processing file /opt/airflow/dags/music_ingestion_dag.py for tasks to queue
[2026-01-26T19:04:19.023+0000] {logging_mixin.py:190} INFO - [2026-01-26T19:04:19.023+0000] {dagbag.py:588} INFO - Filling up the DagBag from /opt/airflow/dags/music_ingestion_dag.py
[2026-01-26T19:04:19.040+0000] {processor.py:925} INFO - DAG(s) '01_music_ingestion_realtime' retrieved from /opt/airflow/dags/music_ingestion_dag.py
[2026-01-26T19:04:19.069+0000] {logging_mixin.py:190} INFO - [2026-01-26T19:04:19.069+0000] {dag.py:3239} INFO - Sync 1 DAGs
[2026-01-26T19:04:19.093+0000] {logging_mixin.py:190} INFO - [2026-01-26T19:04:19.093+0000] {dag.py:4180} INFO - Setting next_dagrun for 01_music_ingestion_realtime to 2026-01-26 18:00:00+00:00, run_after=2026-01-26 19:00:00+00:00
[2026-01-26T19:04:19.117+0000] {processor.py:208} INFO - Processing /opt/airflow/dags/music_ingestion_dag.py took 0.103 seconds
[2026-01-26T19:04:49.341+0000] {processor.py:186} INFO - Started process (PID=742) to work on /opt/airflow/dags/music_ingestion_dag.py
[2026-01-26T19:04:49.343+0000] {processor.py:914} INFO - Processing file /opt/airflow/dags/music_ingestion_dag.py for tasks to queue
[2026-01-26T19:04:49.346+0000] {logging_mixin.py:190} INFO - [2026-01-26T19:04:49.346+0000] {dagbag.py:588} INFO - Filling up the DagBag from /opt/airflow/dags/music_ingestion_dag.py
[2026-01-26T19:04:49.375+0000] {processor.py:925} INFO - DAG(s) '01_music_ingestion_realtime' retrieved from /opt/airflow/dags/music_ingestion_dag.py
[2026-01-26T19:04:49.407+0000] {logging_mixin.py:190} INFO - [2026-01-26T19:04:49.407+0000] {dag.py:3239} INFO - Sync 1 DAGs
[2026-01-26T19:04:49.434+0000] {logging_mixin.py:190} INFO - [2026-01-26T19:04:49.434+0000] {dag.py:4180} INFO - Setting next_dagrun for 01_music_ingestion_realtime to 2026-01-26 18:00:00+00:00, run_after=2026-01-26 19:00:00+00:00
[2026-01-26T19:04:49.461+0000] {processor.py:208} INFO - Processing /opt/airflow/dags/music_ingestion_dag.py took 0.126 seconds
[2026-01-26T19:05:19.746+0000] {processor.py:186} INFO - Started process (PID=747) to work on /opt/airflow/dags/music_ingestion_dag.py
[2026-01-26T19:05:19.748+0000] {processor.py:914} INFO - Processing file /opt/airflow/dags/music_ingestion_dag.py for tasks to queue
[2026-01-26T19:05:19.751+0000] {logging_mixin.py:190} INFO - [2026-01-26T19:05:19.750+0000] {dagbag.py:588} INFO - Filling up the DagBag from /opt/airflow/dags/music_ingestion_dag.py
[2026-01-26T19:05:19.785+0000] {processor.py:925} INFO - DAG(s) '01_music_ingestion_realtime' retrieved from /opt/airflow/dags/music_ingestion_dag.py
[2026-01-26T19:05:19.817+0000] {logging_mixin.py:190} INFO - [2026-01-26T19:05:19.817+0000] {dag.py:3239} INFO - Sync 1 DAGs
[2026-01-26T19:05:19.857+0000] {logging_mixin.py:190} INFO - [2026-01-26T19:05:19.857+0000] {dag.py:4180} INFO - Setting next_dagrun for 01_music_ingestion_realtime to 2026-01-26 18:00:00+00:00, run_after=2026-01-26 19:00:00+00:00
[2026-01-26T19:05:19.890+0000] {processor.py:208} INFO - Processing /opt/airflow/dags/music_ingestion_dag.py took 0.151 seconds
[2026-01-26T19:05:50.116+0000] {processor.py:186} INFO - Started process (PID=752) to work on /opt/airflow/dags/music_ingestion_dag.py
[2026-01-26T19:05:50.118+0000] {processor.py:914} INFO - Processing file /opt/airflow/dags/music_ingestion_dag.py for tasks to queue
[2026-01-26T19:05:50.120+0000] {logging_mixin.py:190} INFO - [2026-01-26T19:05:50.120+0000] {dagbag.py:588} INFO - Filling up the DagBag from /opt/airflow/dags/music_ingestion_dag.py
[2026-01-26T19:05:50.146+0000] {processor.py:925} INFO - DAG(s) '01_music_ingestion_realtime' retrieved from /opt/airflow/dags/music_ingestion_dag.py
[2026-01-26T19:05:50.178+0000] {logging_mixin.py:190} INFO - [2026-01-26T19:05:50.178+0000] {dag.py:3239} INFO - Sync 1 DAGs
[2026-01-26T19:05:50.205+0000] {logging_mixin.py:190} INFO - [2026-01-26T19:05:50.204+0000] {dag.py:4180} INFO - Setting next_dagrun for 01_music_ingestion_realtime to 2026-01-26 18:00:00+00:00, run_after=2026-01-26 19:00:00+00:00
[2026-01-26T19:05:50.232+0000] {processor.py:208} INFO - Processing /opt/airflow/dags/music_ingestion_dag.py took 0.121 seconds
[2026-01-26T19:06:20.593+0000] {processor.py:186} INFO - Started process (PID=757) to work on /opt/airflow/dags/music_ingestion_dag.py
[2026-01-26T19:06:20.594+0000] {processor.py:914} INFO - Processing file /opt/airflow/dags/music_ingestion_dag.py for tasks to queue
[2026-01-26T19:06:20.596+0000] {logging_mixin.py:190} INFO - [2026-01-26T19:06:20.596+0000] {dagbag.py:588} INFO - Filling up the DagBag from /opt/airflow/dags/music_ingestion_dag.py
[2026-01-26T19:06:20.612+0000] {processor.py:925} INFO - DAG(s) '01_music_ingestion_realtime' retrieved from /opt/airflow/dags/music_ingestion_dag.py
[2026-01-26T19:06:20.640+0000] {logging_mixin.py:190} INFO - [2026-01-26T19:06:20.640+0000] {dag.py:3239} INFO - Sync 1 DAGs
[2026-01-26T19:06:20.664+0000] {logging_mixin.py:190} INFO - [2026-01-26T19:06:20.664+0000] {dag.py:4180} INFO - Setting next_dagrun for 01_music_ingestion_realtime to 2026-01-26 18:00:00+00:00, run_after=2026-01-26 19:00:00+00:00
[2026-01-26T19:06:20.691+0000] {processor.py:208} INFO - Processing /opt/airflow/dags/music_ingestion_dag.py took 0.103 seconds
[2026-01-26T19:06:51.036+0000] {processor.py:186} INFO - Started process (PID=762) to work on /opt/airflow/dags/music_ingestion_dag.py
[2026-01-26T19:06:51.038+0000] {processor.py:914} INFO - Processing file /opt/airflow/dags/music_ingestion_dag.py for tasks to queue
[2026-01-26T19:06:51.041+0000] {logging_mixin.py:190} INFO - [2026-01-26T19:06:51.041+0000] {dagbag.py:588} INFO - Filling up the DagBag from /opt/airflow/dags/music_ingestion_dag.py
[2026-01-26T19:06:51.067+0000] {processor.py:925} INFO - DAG(s) '01_music_ingestion_realtime' retrieved from /opt/airflow/dags/music_ingestion_dag.py
[2026-01-26T19:06:51.106+0000] {logging_mixin.py:190} INFO - [2026-01-26T19:06:51.105+0000] {dag.py:3239} INFO - Sync 1 DAGs
[2026-01-26T19:06:51.131+0000] {logging_mixin.py:190} INFO - [2026-01-26T19:06:51.131+0000] {dag.py:4180} INFO - Setting next_dagrun for 01_music_ingestion_realtime to 2026-01-26 18:00:00+00:00, run_after=2026-01-26 19:00:00+00:00
[2026-01-26T19:06:51.155+0000] {processor.py:208} INFO - Processing /opt/airflow/dags/music_ingestion_dag.py took 0.124 seconds
[2026-01-26T19:07:21.512+0000] {processor.py:186} INFO - Started process (PID=767) to work on /opt/airflow/dags/music_ingestion_dag.py
[2026-01-26T19:07:21.514+0000] {processor.py:914} INFO - Processing file /opt/airflow/dags/music_ingestion_dag.py for tasks to queue
[2026-01-26T19:07:21.516+0000] {logging_mixin.py:190} INFO - [2026-01-26T19:07:21.516+0000] {dagbag.py:588} INFO - Filling up the DagBag from /opt/airflow/dags/music_ingestion_dag.py
[2026-01-26T19:07:21.532+0000] {processor.py:925} INFO - DAG(s) '01_music_ingestion_realtime' retrieved from /opt/airflow/dags/music_ingestion_dag.py
[2026-01-26T19:07:21.554+0000] {logging_mixin.py:190} INFO - [2026-01-26T19:07:21.553+0000] {dag.py:3239} INFO - Sync 1 DAGs
[2026-01-26T19:07:21.577+0000] {logging_mixin.py:190} INFO - [2026-01-26T19:07:21.577+0000] {dag.py:4180} INFO - Setting next_dagrun for 01_music_ingestion_realtime to 2026-01-26 18:00:00+00:00, run_after=2026-01-26 19:00:00+00:00
[2026-01-26T19:07:21.599+0000] {processor.py:208} INFO - Processing /opt/airflow/dags/music_ingestion_dag.py took 0.092 seconds
[2026-01-26T19:07:51.967+0000] {processor.py:186} INFO - Started process (PID=772) to work on /opt/airflow/dags/music_ingestion_dag.py
[2026-01-26T19:07:51.968+0000] {processor.py:914} INFO - Processing file /opt/airflow/dags/music_ingestion_dag.py for tasks to queue
[2026-01-26T19:07:51.971+0000] {logging_mixin.py:190} INFO - [2026-01-26T19:07:51.971+0000] {dagbag.py:588} INFO - Filling up the DagBag from /opt/airflow/dags/music_ingestion_dag.py
[2026-01-26T19:07:51.991+0000] {processor.py:925} INFO - DAG(s) '01_music_ingestion_realtime' retrieved from /opt/airflow/dags/music_ingestion_dag.py
[2026-01-26T19:07:52.019+0000] {logging_mixin.py:190} INFO - [2026-01-26T19:07:52.019+0000] {dag.py:3239} INFO - Sync 1 DAGs
[2026-01-26T19:07:52.045+0000] {logging_mixin.py:190} INFO - [2026-01-26T19:07:52.044+0000] {dag.py:4180} INFO - Setting next_dagrun for 01_music_ingestion_realtime to 2026-01-26 18:00:00+00:00, run_after=2026-01-26 19:00:00+00:00
[2026-01-26T19:07:52.069+0000] {processor.py:208} INFO - Processing /opt/airflow/dags/music_ingestion_dag.py took 0.108 seconds
[2026-01-26T19:08:22.325+0000] {processor.py:186} INFO - Started process (PID=777) to work on /opt/airflow/dags/music_ingestion_dag.py
[2026-01-26T19:08:22.329+0000] {processor.py:914} INFO - Processing file /opt/airflow/dags/music_ingestion_dag.py for tasks to queue
[2026-01-26T19:08:22.333+0000] {logging_mixin.py:190} INFO - [2026-01-26T19:08:22.333+0000] {dagbag.py:588} INFO - Filling up the DagBag from /opt/airflow/dags/music_ingestion_dag.py
[2026-01-26T19:08:22.377+0000] {processor.py:925} INFO - DAG(s) '01_music_ingestion_realtime' retrieved from /opt/airflow/dags/music_ingestion_dag.py
[2026-01-26T19:08:22.418+0000] {logging_mixin.py:190} INFO - [2026-01-26T19:08:22.417+0000] {dag.py:3239} INFO - Sync 1 DAGs
[2026-01-26T19:08:22.456+0000] {logging_mixin.py:190} INFO - [2026-01-26T19:08:22.456+0000] {dag.py:4180} INFO - Setting next_dagrun for 01_music_ingestion_realtime to 2026-01-26 18:00:00+00:00, run_after=2026-01-26 19:00:00+00:00
[2026-01-26T19:08:22.479+0000] {processor.py:208} INFO - Processing /opt/airflow/dags/music_ingestion_dag.py took 0.166 seconds
[2026-01-26T19:08:52.773+0000] {processor.py:186} INFO - Started process (PID=782) to work on /opt/airflow/dags/music_ingestion_dag.py
[2026-01-26T19:08:52.774+0000] {processor.py:914} INFO - Processing file /opt/airflow/dags/music_ingestion_dag.py for tasks to queue
[2026-01-26T19:08:52.778+0000] {logging_mixin.py:190} INFO - [2026-01-26T19:08:52.778+0000] {dagbag.py:588} INFO - Filling up the DagBag from /opt/airflow/dags/music_ingestion_dag.py
[2026-01-26T19:08:52.798+0000] {processor.py:925} INFO - DAG(s) '01_music_ingestion_realtime' retrieved from /opt/airflow/dags/music_ingestion_dag.py
[2026-01-26T19:08:52.831+0000] {logging_mixin.py:190} INFO - [2026-01-26T19:08:52.831+0000] {dag.py:3239} INFO - Sync 1 DAGs
[2026-01-26T19:08:52.862+0000] {logging_mixin.py:190} INFO - [2026-01-26T19:08:52.862+0000] {dag.py:4180} INFO - Setting next_dagrun for 01_music_ingestion_realtime to 2026-01-26 18:00:00+00:00, run_after=2026-01-26 19:00:00+00:00
[2026-01-26T19:08:52.888+0000] {processor.py:208} INFO - Processing /opt/airflow/dags/music_ingestion_dag.py took 0.124 seconds
[2026-01-26T19:09:23.159+0000] {processor.py:186} INFO - Started process (PID=787) to work on /opt/airflow/dags/music_ingestion_dag.py
[2026-01-26T19:09:23.160+0000] {processor.py:914} INFO - Processing file /opt/airflow/dags/music_ingestion_dag.py for tasks to queue
[2026-01-26T19:09:23.162+0000] {logging_mixin.py:190} INFO - [2026-01-26T19:09:23.162+0000] {dagbag.py:588} INFO - Filling up the DagBag from /opt/airflow/dags/music_ingestion_dag.py
[2026-01-26T19:09:23.181+0000] {processor.py:925} INFO - DAG(s) '01_music_ingestion_realtime' retrieved from /opt/airflow/dags/music_ingestion_dag.py
[2026-01-26T19:09:23.211+0000] {logging_mixin.py:190} INFO - [2026-01-26T19:09:23.211+0000] {dag.py:3239} INFO - Sync 1 DAGs
[2026-01-26T19:09:23.235+0000] {logging_mixin.py:190} INFO - [2026-01-26T19:09:23.235+0000] {dag.py:4180} INFO - Setting next_dagrun for 01_music_ingestion_realtime to 2026-01-26 18:00:00+00:00, run_after=2026-01-26 19:00:00+00:00
[2026-01-26T19:09:23.264+0000] {processor.py:208} INFO - Processing /opt/airflow/dags/music_ingestion_dag.py took 0.111 seconds
[2026-01-26T19:09:53.602+0000] {processor.py:186} INFO - Started process (PID=792) to work on /opt/airflow/dags/music_ingestion_dag.py
[2026-01-26T19:09:53.603+0000] {processor.py:914} INFO - Processing file /opt/airflow/dags/music_ingestion_dag.py for tasks to queue
[2026-01-26T19:09:53.606+0000] {logging_mixin.py:190} INFO - [2026-01-26T19:09:53.605+0000] {dagbag.py:588} INFO - Filling up the DagBag from /opt/airflow/dags/music_ingestion_dag.py
[2026-01-26T19:09:53.665+0000] {processor.py:925} INFO - DAG(s) '01_music_ingestion_realtime' retrieved from /opt/airflow/dags/music_ingestion_dag.py
[2026-01-26T19:09:53.742+0000] {logging_mixin.py:190} INFO - [2026-01-26T19:09:53.742+0000] {dag.py:3239} INFO - Sync 1 DAGs
[2026-01-26T19:09:53.767+0000] {logging_mixin.py:190} INFO - [2026-01-26T19:09:53.767+0000] {dag.py:4180} INFO - Setting next_dagrun for 01_music_ingestion_realtime to 2026-01-26 18:00:00+00:00, run_after=2026-01-26 19:00:00+00:00
[2026-01-26T19:09:53.792+0000] {processor.py:208} INFO - Processing /opt/airflow/dags/music_ingestion_dag.py took 0.204 seconds
[2026-01-26T19:10:23.953+0000] {processor.py:186} INFO - Started process (PID=797) to work on /opt/airflow/dags/music_ingestion_dag.py
[2026-01-26T19:10:23.955+0000] {processor.py:914} INFO - Processing file /opt/airflow/dags/music_ingestion_dag.py for tasks to queue
[2026-01-26T19:10:23.957+0000] {logging_mixin.py:190} INFO - [2026-01-26T19:10:23.957+0000] {dagbag.py:588} INFO - Filling up the DagBag from /opt/airflow/dags/music_ingestion_dag.py
[2026-01-26T19:10:23.978+0000] {processor.py:925} INFO - DAG(s) '01_music_ingestion_realtime' retrieved from /opt/airflow/dags/music_ingestion_dag.py
[2026-01-26T19:10:24.010+0000] {logging_mixin.py:190} INFO - [2026-01-26T19:10:24.010+0000] {dag.py:3239} INFO - Sync 1 DAGs
[2026-01-26T19:10:24.040+0000] {logging_mixin.py:190} INFO - [2026-01-26T19:10:24.040+0000] {dag.py:4180} INFO - Setting next_dagrun for 01_music_ingestion_realtime to 2026-01-26 18:00:00+00:00, run_after=2026-01-26 19:00:00+00:00
[2026-01-26T19:10:24.068+0000] {processor.py:208} INFO - Processing /opt/airflow/dags/music_ingestion_dag.py took 0.122 seconds
[2026-01-26T19:10:54.270+0000] {processor.py:186} INFO - Started process (PID=802) to work on /opt/airflow/dags/music_ingestion_dag.py
[2026-01-26T19:10:54.271+0000] {processor.py:914} INFO - Processing file /opt/airflow/dags/music_ingestion_dag.py for tasks to queue
[2026-01-26T19:10:54.273+0000] {logging_mixin.py:190} INFO - [2026-01-26T19:10:54.273+0000] {dagbag.py:588} INFO - Filling up the DagBag from /opt/airflow/dags/music_ingestion_dag.py
[2026-01-26T19:10:54.294+0000] {processor.py:925} INFO - DAG(s) '01_music_ingestion_realtime' retrieved from /opt/airflow/dags/music_ingestion_dag.py
[2026-01-26T19:10:54.321+0000] {logging_mixin.py:190} INFO - [2026-01-26T19:10:54.320+0000] {dag.py:3239} INFO - Sync 1 DAGs
[2026-01-26T19:10:54.345+0000] {logging_mixin.py:190} INFO - [2026-01-26T19:10:54.345+0000] {dag.py:4180} INFO - Setting next_dagrun for 01_music_ingestion_realtime to 2026-01-26 18:00:00+00:00, run_after=2026-01-26 19:00:00+00:00
[2026-01-26T19:10:54.373+0000] {processor.py:208} INFO - Processing /opt/airflow/dags/music_ingestion_dag.py took 0.109 seconds
[2026-01-26T19:11:24.759+0000] {processor.py:186} INFO - Started process (PID=807) to work on /opt/airflow/dags/music_ingestion_dag.py
[2026-01-26T19:11:24.760+0000] {processor.py:914} INFO - Processing file /opt/airflow/dags/music_ingestion_dag.py for tasks to queue
[2026-01-26T19:11:24.763+0000] {logging_mixin.py:190} INFO - [2026-01-26T19:11:24.762+0000] {dagbag.py:588} INFO - Filling up the DagBag from /opt/airflow/dags/music_ingestion_dag.py
[2026-01-26T19:11:24.806+0000] {processor.py:925} INFO - DAG(s) '01_music_ingestion_realtime' retrieved from /opt/airflow/dags/music_ingestion_dag.py
[2026-01-26T19:11:24.906+0000] {logging_mixin.py:190} INFO - [2026-01-26T19:11:24.906+0000] {dag.py:3239} INFO - Sync 1 DAGs
[2026-01-26T19:11:24.955+0000] {logging_mixin.py:190} INFO - [2026-01-26T19:11:24.955+0000] {dag.py:4180} INFO - Setting next_dagrun for 01_music_ingestion_realtime to 2026-01-26 18:00:00+00:00, run_after=2026-01-26 19:00:00+00:00
[2026-01-26T19:11:24.989+0000] {processor.py:208} INFO - Processing /opt/airflow/dags/music_ingestion_dag.py took 0.237 seconds
[2026-01-26T19:11:55.047+0000] {processor.py:186} INFO - Started process (PID=812) to work on /opt/airflow/dags/music_ingestion_dag.py
[2026-01-26T19:11:55.049+0000] {processor.py:914} INFO - Processing file /opt/airflow/dags/music_ingestion_dag.py for tasks to queue
[2026-01-26T19:11:55.051+0000] {logging_mixin.py:190} INFO - [2026-01-26T19:11:55.051+0000] {dagbag.py:588} INFO - Filling up the DagBag from /opt/airflow/dags/music_ingestion_dag.py
[2026-01-26T19:11:55.072+0000] {processor.py:925} INFO - DAG(s) '01_music_ingestion_realtime' retrieved from /opt/airflow/dags/music_ingestion_dag.py
[2026-01-26T19:11:55.102+0000] {logging_mixin.py:190} INFO - [2026-01-26T19:11:55.102+0000] {dag.py:3239} INFO - Sync 1 DAGs
[2026-01-26T19:11:55.136+0000] {logging_mixin.py:190} INFO - [2026-01-26T19:11:55.136+0000] {dag.py:4180} INFO - Setting next_dagrun for 01_music_ingestion_realtime to 2026-01-26 18:00:00+00:00, run_after=2026-01-26 19:00:00+00:00
[2026-01-26T19:11:55.165+0000] {processor.py:208} INFO - Processing /opt/airflow/dags/music_ingestion_dag.py took 0.124 seconds
[2026-01-26T19:12:25.370+0000] {processor.py:186} INFO - Started process (PID=817) to work on /opt/airflow/dags/music_ingestion_dag.py
[2026-01-26T19:12:25.372+0000] {processor.py:914} INFO - Processing file /opt/airflow/dags/music_ingestion_dag.py for tasks to queue
[2026-01-26T19:12:25.377+0000] {logging_mixin.py:190} INFO - [2026-01-26T19:12:25.376+0000] {dagbag.py:588} INFO - Filling up the DagBag from /opt/airflow/dags/music_ingestion_dag.py
[2026-01-26T19:12:25.404+0000] {processor.py:925} INFO - DAG(s) '01_music_ingestion_realtime' retrieved from /opt/airflow/dags/music_ingestion_dag.py
[2026-01-26T19:12:25.438+0000] {logging_mixin.py:190} INFO - [2026-01-26T19:12:25.438+0000] {dag.py:3239} INFO - Sync 1 DAGs
[2026-01-26T19:12:25.465+0000] {logging_mixin.py:190} INFO - [2026-01-26T19:12:25.464+0000] {dag.py:4180} INFO - Setting next_dagrun for 01_music_ingestion_realtime to 2026-01-26 18:00:00+00:00, run_after=2026-01-26 19:00:00+00:00
[2026-01-26T19:12:25.493+0000] {processor.py:208} INFO - Processing /opt/airflow/dags/music_ingestion_dag.py took 0.129 seconds
[2026-01-26T19:12:55.750+0000] {processor.py:186} INFO - Started process (PID=822) to work on /opt/airflow/dags/music_ingestion_dag.py
[2026-01-26T19:12:55.751+0000] {processor.py:914} INFO - Processing file /opt/airflow/dags/music_ingestion_dag.py for tasks to queue
[2026-01-26T19:12:55.755+0000] {logging_mixin.py:190} INFO - [2026-01-26T19:12:55.754+0000] {dagbag.py:588} INFO - Filling up the DagBag from /opt/airflow/dags/music_ingestion_dag.py
[2026-01-26T19:12:55.773+0000] {processor.py:925} INFO - DAG(s) '01_music_ingestion_realtime' retrieved from /opt/airflow/dags/music_ingestion_dag.py
[2026-01-26T19:12:55.807+0000] {logging_mixin.py:190} INFO - [2026-01-26T19:12:55.807+0000] {dag.py:3239} INFO - Sync 1 DAGs
[2026-01-26T19:12:55.837+0000] {logging_mixin.py:190} INFO - [2026-01-26T19:12:55.837+0000] {dag.py:4180} INFO - Setting next_dagrun for 01_music_ingestion_realtime to 2026-01-26 18:00:00+00:00, run_after=2026-01-26 19:00:00+00:00
[2026-01-26T19:12:55.868+0000] {processor.py:208} INFO - Processing /opt/airflow/dags/music_ingestion_dag.py took 0.125 seconds
[2026-01-26T19:13:26.088+0000] {processor.py:186} INFO - Started process (PID=827) to work on /opt/airflow/dags/music_ingestion_dag.py
[2026-01-26T19:13:26.089+0000] {processor.py:914} INFO - Processing file /opt/airflow/dags/music_ingestion_dag.py for tasks to queue
[2026-01-26T19:13:26.091+0000] {logging_mixin.py:190} INFO - [2026-01-26T19:13:26.091+0000] {dagbag.py:588} INFO - Filling up the DagBag from /opt/airflow/dags/music_ingestion_dag.py
[2026-01-26T19:13:26.113+0000] {processor.py:925} INFO - DAG(s) '01_music_ingestion_realtime' retrieved from /opt/airflow/dags/music_ingestion_dag.py
[2026-01-26T19:13:26.145+0000] {logging_mixin.py:190} INFO - [2026-01-26T19:13:26.145+0000] {dag.py:3239} INFO - Sync 1 DAGs
[2026-01-26T19:13:26.174+0000] {logging_mixin.py:190} INFO - [2026-01-26T19:13:26.173+0000] {dag.py:4180} INFO - Setting next_dagrun for 01_music_ingestion_realtime to 2026-01-26 18:00:00+00:00, run_after=2026-01-26 19:00:00+00:00
[2026-01-26T19:13:26.203+0000] {processor.py:208} INFO - Processing /opt/airflow/dags/music_ingestion_dag.py took 0.122 seconds
[2026-01-26T19:13:56.466+0000] {processor.py:186} INFO - Started process (PID=832) to work on /opt/airflow/dags/music_ingestion_dag.py
[2026-01-26T19:13:56.467+0000] {processor.py:914} INFO - Processing file /opt/airflow/dags/music_ingestion_dag.py for tasks to queue
[2026-01-26T19:13:56.470+0000] {logging_mixin.py:190} INFO - [2026-01-26T19:13:56.469+0000] {dagbag.py:588} INFO - Filling up the DagBag from /opt/airflow/dags/music_ingestion_dag.py
[2026-01-26T19:13:56.490+0000] {processor.py:925} INFO - DAG(s) '01_music_ingestion_realtime' retrieved from /opt/airflow/dags/music_ingestion_dag.py
[2026-01-26T19:13:56.523+0000] {logging_mixin.py:190} INFO - [2026-01-26T19:13:56.523+0000] {dag.py:3239} INFO - Sync 1 DAGs
[2026-01-26T19:13:56.549+0000] {logging_mixin.py:190} INFO - [2026-01-26T19:13:56.549+0000] {dag.py:4180} INFO - Setting next_dagrun for 01_music_ingestion_realtime to 2026-01-26 18:00:00+00:00, run_after=2026-01-26 19:00:00+00:00
[2026-01-26T19:13:56.580+0000] {processor.py:208} INFO - Processing /opt/airflow/dags/music_ingestion_dag.py took 0.119 seconds
[2026-01-26T19:14:26.791+0000] {processor.py:186} INFO - Started process (PID=837) to work on /opt/airflow/dags/music_ingestion_dag.py
[2026-01-26T19:14:26.793+0000] {processor.py:914} INFO - Processing file /opt/airflow/dags/music_ingestion_dag.py for tasks to queue
[2026-01-26T19:14:26.795+0000] {logging_mixin.py:190} INFO - [2026-01-26T19:14:26.795+0000] {dagbag.py:588} INFO - Filling up the DagBag from /opt/airflow/dags/music_ingestion_dag.py
[2026-01-26T19:14:26.814+0000] {processor.py:925} INFO - DAG(s) '01_music_ingestion_realtime' retrieved from /opt/airflow/dags/music_ingestion_dag.py
[2026-01-26T19:14:26.846+0000] {logging_mixin.py:190} INFO - [2026-01-26T19:14:26.846+0000] {dag.py:3239} INFO - Sync 1 DAGs
[2026-01-26T19:14:26.874+0000] {logging_mixin.py:190} INFO - [2026-01-26T19:14:26.874+0000] {dag.py:4180} INFO - Setting next_dagrun for 01_music_ingestion_realtime to 2026-01-26 18:00:00+00:00, run_after=2026-01-26 19:00:00+00:00
[2026-01-26T19:14:26.902+0000] {processor.py:208} INFO - Processing /opt/airflow/dags/music_ingestion_dag.py took 0.116 seconds
[2026-01-26T19:14:57.185+0000] {processor.py:186} INFO - Started process (PID=842) to work on /opt/airflow/dags/music_ingestion_dag.py
[2026-01-26T19:14:57.187+0000] {processor.py:914} INFO - Processing file /opt/airflow/dags/music_ingestion_dag.py for tasks to queue
[2026-01-26T19:14:57.189+0000] {logging_mixin.py:190} INFO - [2026-01-26T19:14:57.189+0000] {dagbag.py:588} INFO - Filling up the DagBag from /opt/airflow/dags/music_ingestion_dag.py
[2026-01-26T19:14:57.218+0000] {processor.py:925} INFO - DAG(s) '01_music_ingestion_realtime' retrieved from /opt/airflow/dags/music_ingestion_dag.py
[2026-01-26T19:14:57.255+0000] {logging_mixin.py:190} INFO - [2026-01-26T19:14:57.254+0000] {dag.py:3239} INFO - Sync 1 DAGs
[2026-01-26T19:14:57.288+0000] {logging_mixin.py:190} INFO - [2026-01-26T19:14:57.288+0000] {dag.py:4180} INFO - Setting next_dagrun for 01_music_ingestion_realtime to 2026-01-26 18:00:00+00:00, run_after=2026-01-26 19:00:00+00:00
[2026-01-26T19:14:57.322+0000] {processor.py:208} INFO - Processing /opt/airflow/dags/music_ingestion_dag.py took 0.143 seconds
[2026-01-26T19:15:27.525+0000] {processor.py:186} INFO - Started process (PID=847) to work on /opt/airflow/dags/music_ingestion_dag.py
[2026-01-26T19:15:27.527+0000] {processor.py:914} INFO - Processing file /opt/airflow/dags/music_ingestion_dag.py for tasks to queue
[2026-01-26T19:15:27.532+0000] {logging_mixin.py:190} INFO - [2026-01-26T19:15:27.532+0000] {dagbag.py:588} INFO - Filling up the DagBag from /opt/airflow/dags/music_ingestion_dag.py
[2026-01-26T19:15:27.563+0000] {processor.py:925} INFO - DAG(s) '01_music_ingestion_realtime' retrieved from /opt/airflow/dags/music_ingestion_dag.py
[2026-01-26T19:15:27.603+0000] {logging_mixin.py:190} INFO - [2026-01-26T19:15:27.603+0000] {dag.py:3239} INFO - Sync 1 DAGs
[2026-01-26T19:15:27.638+0000] {logging_mixin.py:190} INFO - [2026-01-26T19:15:27.637+0000] {dag.py:4180} INFO - Setting next_dagrun for 01_music_ingestion_realtime to 2026-01-26 18:00:00+00:00, run_after=2026-01-26 19:00:00+00:00
[2026-01-26T19:15:27.668+0000] {processor.py:208} INFO - Processing /opt/airflow/dags/music_ingestion_dag.py took 0.151 seconds
[2026-01-26T19:15:57.958+0000] {processor.py:186} INFO - Started process (PID=852) to work on /opt/airflow/dags/music_ingestion_dag.py
[2026-01-26T19:15:57.960+0000] {processor.py:914} INFO - Processing file /opt/airflow/dags/music_ingestion_dag.py for tasks to queue
[2026-01-26T19:15:57.966+0000] {logging_mixin.py:190} INFO - [2026-01-26T19:15:57.966+0000] {dagbag.py:588} INFO - Filling up the DagBag from /opt/airflow/dags/music_ingestion_dag.py
[2026-01-26T19:15:58.001+0000] {processor.py:925} INFO - DAG(s) '01_music_ingestion_realtime' retrieved from /opt/airflow/dags/music_ingestion_dag.py
[2026-01-26T19:15:58.037+0000] {logging_mixin.py:190} INFO - [2026-01-26T19:15:58.037+0000] {dag.py:3239} INFO - Sync 1 DAGs
[2026-01-26T19:15:58.066+0000] {logging_mixin.py:190} INFO - [2026-01-26T19:15:58.066+0000] {dag.py:4180} INFO - Setting next_dagrun for 01_music_ingestion_realtime to 2026-01-26 18:00:00+00:00, run_after=2026-01-26 19:00:00+00:00
[2026-01-26T19:15:58.096+0000] {processor.py:208} INFO - Processing /opt/airflow/dags/music_ingestion_dag.py took 0.146 seconds
[2026-01-26T19:16:28.399+0000] {processor.py:186} INFO - Started process (PID=857) to work on /opt/airflow/dags/music_ingestion_dag.py
[2026-01-26T19:16:28.400+0000] {processor.py:914} INFO - Processing file /opt/airflow/dags/music_ingestion_dag.py for tasks to queue
[2026-01-26T19:16:28.403+0000] {logging_mixin.py:190} INFO - [2026-01-26T19:16:28.402+0000] {dagbag.py:588} INFO - Filling up the DagBag from /opt/airflow/dags/music_ingestion_dag.py
[2026-01-26T19:16:28.422+0000] {processor.py:925} INFO - DAG(s) '01_music_ingestion_realtime' retrieved from /opt/airflow/dags/music_ingestion_dag.py
[2026-01-26T19:16:28.452+0000] {logging_mixin.py:190} INFO - [2026-01-26T19:16:28.451+0000] {dag.py:3239} INFO - Sync 1 DAGs
[2026-01-26T19:16:28.478+0000] {logging_mixin.py:190} INFO - [2026-01-26T19:16:28.478+0000] {dag.py:4180} INFO - Setting next_dagrun for 01_music_ingestion_realtime to 2026-01-26 18:00:00+00:00, run_after=2026-01-26 19:00:00+00:00
[2026-01-26T19:16:28.508+0000] {processor.py:208} INFO - Processing /opt/airflow/dags/music_ingestion_dag.py took 0.115 seconds
[2026-01-26T19:16:58.792+0000] {processor.py:186} INFO - Started process (PID=862) to work on /opt/airflow/dags/music_ingestion_dag.py
[2026-01-26T19:16:58.793+0000] {processor.py:914} INFO - Processing file /opt/airflow/dags/music_ingestion_dag.py for tasks to queue
[2026-01-26T19:16:58.796+0000] {logging_mixin.py:190} INFO - [2026-01-26T19:16:58.795+0000] {dagbag.py:588} INFO - Filling up the DagBag from /opt/airflow/dags/music_ingestion_dag.py
[2026-01-26T19:16:58.876+0000] {processor.py:925} INFO - DAG(s) '01_music_ingestion_realtime' retrieved from /opt/airflow/dags/music_ingestion_dag.py
[2026-01-26T19:16:58.951+0000] {logging_mixin.py:190} INFO - [2026-01-26T19:16:58.950+0000] {dag.py:3239} INFO - Sync 1 DAGs
[2026-01-26T19:16:58.998+0000] {logging_mixin.py:190} INFO - [2026-01-26T19:16:58.998+0000] {dag.py:4180} INFO - Setting next_dagrun for 01_music_ingestion_realtime to 2026-01-26 18:00:00+00:00, run_after=2026-01-26 19:00:00+00:00
[2026-01-26T19:16:59.038+0000] {processor.py:208} INFO - Processing /opt/airflow/dags/music_ingestion_dag.py took 0.260 seconds
[2026-01-26T19:17:29.135+0000] {processor.py:186} INFO - Started process (PID=867) to work on /opt/airflow/dags/music_ingestion_dag.py
[2026-01-26T19:17:29.137+0000] {processor.py:914} INFO - Processing file /opt/airflow/dags/music_ingestion_dag.py for tasks to queue
[2026-01-26T19:17:29.139+0000] {logging_mixin.py:190} INFO - [2026-01-26T19:17:29.139+0000] {dagbag.py:588} INFO - Filling up the DagBag from /opt/airflow/dags/music_ingestion_dag.py
[2026-01-26T19:17:29.161+0000] {processor.py:925} INFO - DAG(s) '01_music_ingestion_realtime' retrieved from /opt/airflow/dags/music_ingestion_dag.py
[2026-01-26T19:17:29.195+0000] {logging_mixin.py:190} INFO - [2026-01-26T19:17:29.195+0000] {dag.py:3239} INFO - Sync 1 DAGs
[2026-01-26T19:17:29.225+0000] {logging_mixin.py:190} INFO - [2026-01-26T19:17:29.225+0000] {dag.py:4180} INFO - Setting next_dagrun for 01_music_ingestion_realtime to 2026-01-26 18:00:00+00:00, run_after=2026-01-26 19:00:00+00:00
[2026-01-26T19:17:29.253+0000] {processor.py:208} INFO - Processing /opt/airflow/dags/music_ingestion_dag.py took 0.125 seconds
[2026-01-26T19:17:59.443+0000] {processor.py:186} INFO - Started process (PID=872) to work on /opt/airflow/dags/music_ingestion_dag.py
[2026-01-26T19:17:59.445+0000] {processor.py:914} INFO - Processing file /opt/airflow/dags/music_ingestion_dag.py for tasks to queue
[2026-01-26T19:17:59.448+0000] {logging_mixin.py:190} INFO - [2026-01-26T19:17:59.447+0000] {dagbag.py:588} INFO - Filling up the DagBag from /opt/airflow/dags/music_ingestion_dag.py
[2026-01-26T19:17:59.476+0000] {processor.py:925} INFO - DAG(s) '01_music_ingestion_realtime' retrieved from /opt/airflow/dags/music_ingestion_dag.py
[2026-01-26T19:17:59.538+0000] {logging_mixin.py:190} INFO - [2026-01-26T19:17:59.538+0000] {dag.py:3239} INFO - Sync 1 DAGs
[2026-01-26T19:17:59.565+0000] {logging_mixin.py:190} INFO - [2026-01-26T19:17:59.565+0000] {dag.py:4180} INFO - Setting next_dagrun for 01_music_ingestion_realtime to 2026-01-26 18:00:00+00:00, run_after=2026-01-26 19:00:00+00:00
[2026-01-26T19:17:59.594+0000] {processor.py:208} INFO - Processing /opt/airflow/dags/music_ingestion_dag.py took 0.172 seconds
[2026-01-26T19:18:29.870+0000] {processor.py:186} INFO - Started process (PID=877) to work on /opt/airflow/dags/music_ingestion_dag.py
[2026-01-26T19:18:29.872+0000] {processor.py:914} INFO - Processing file /opt/airflow/dags/music_ingestion_dag.py for tasks to queue
[2026-01-26T19:18:29.875+0000] {logging_mixin.py:190} INFO - [2026-01-26T19:18:29.874+0000] {dagbag.py:588} INFO - Filling up the DagBag from /opt/airflow/dags/music_ingestion_dag.py
[2026-01-26T19:18:29.904+0000] {processor.py:925} INFO - DAG(s) '01_music_ingestion_realtime' retrieved from /opt/airflow/dags/music_ingestion_dag.py
[2026-01-26T19:18:29.934+0000] {logging_mixin.py:190} INFO - [2026-01-26T19:18:29.934+0000] {dag.py:3239} INFO - Sync 1 DAGs
[2026-01-26T19:18:29.960+0000] {logging_mixin.py:190} INFO - [2026-01-26T19:18:29.960+0000] {dag.py:4180} INFO - Setting next_dagrun for 01_music_ingestion_realtime to 2026-01-26 18:00:00+00:00, run_after=2026-01-26 19:00:00+00:00
[2026-01-26T19:18:29.986+0000] {processor.py:208} INFO - Processing /opt/airflow/dags/music_ingestion_dag.py took 0.121 seconds
[2026-01-26T19:19:00.202+0000] {processor.py:186} INFO - Started process (PID=882) to work on /opt/airflow/dags/music_ingestion_dag.py
[2026-01-26T19:19:00.204+0000] {processor.py:914} INFO - Processing file /opt/airflow/dags/music_ingestion_dag.py for tasks to queue
[2026-01-26T19:19:00.207+0000] {logging_mixin.py:190} INFO - [2026-01-26T19:19:00.207+0000] {dagbag.py:588} INFO - Filling up the DagBag from /opt/airflow/dags/music_ingestion_dag.py
[2026-01-26T19:19:00.229+0000] {processor.py:925} INFO - DAG(s) '01_music_ingestion_realtime' retrieved from /opt/airflow/dags/music_ingestion_dag.py
[2026-01-26T19:19:00.257+0000] {logging_mixin.py:190} INFO - [2026-01-26T19:19:00.257+0000] {dag.py:3239} INFO - Sync 1 DAGs
[2026-01-26T19:19:00.279+0000] {logging_mixin.py:190} INFO - [2026-01-26T19:19:00.279+0000] {dag.py:4180} INFO - Setting next_dagrun for 01_music_ingestion_realtime to 2026-01-26 18:00:00+00:00, run_after=2026-01-26 19:00:00+00:00
[2026-01-26T19:19:00.304+0000] {processor.py:208} INFO - Processing /opt/airflow/dags/music_ingestion_dag.py took 0.107 seconds
[2026-01-26T19:19:30.640+0000] {processor.py:186} INFO - Started process (PID=887) to work on /opt/airflow/dags/music_ingestion_dag.py
[2026-01-26T19:19:30.642+0000] {processor.py:914} INFO - Processing file /opt/airflow/dags/music_ingestion_dag.py for tasks to queue
[2026-01-26T19:19:30.645+0000] {logging_mixin.py:190} INFO - [2026-01-26T19:19:30.644+0000] {dagbag.py:588} INFO - Filling up the DagBag from /opt/airflow/dags/music_ingestion_dag.py
[2026-01-26T19:19:30.667+0000] {processor.py:925} INFO - DAG(s) '01_music_ingestion_realtime' retrieved from /opt/airflow/dags/music_ingestion_dag.py
[2026-01-26T19:19:30.695+0000] {logging_mixin.py:190} INFO - [2026-01-26T19:19:30.695+0000] {dag.py:3239} INFO - Sync 1 DAGs
[2026-01-26T19:19:30.725+0000] {logging_mixin.py:190} INFO - [2026-01-26T19:19:30.725+0000] {dag.py:4180} INFO - Setting next_dagrun for 01_music_ingestion_realtime to 2026-01-26 18:00:00+00:00, run_after=2026-01-26 19:00:00+00:00
[2026-01-26T19:19:30.759+0000] {processor.py:208} INFO - Processing /opt/airflow/dags/music_ingestion_dag.py took 0.124 seconds
[2026-01-26T19:20:00.958+0000] {processor.py:186} INFO - Started process (PID=892) to work on /opt/airflow/dags/music_ingestion_dag.py
[2026-01-26T19:20:00.960+0000] {processor.py:914} INFO - Processing file /opt/airflow/dags/music_ingestion_dag.py for tasks to queue
[2026-01-26T19:20:00.965+0000] {logging_mixin.py:190} INFO - [2026-01-26T19:20:00.964+0000] {dagbag.py:588} INFO - Filling up the DagBag from /opt/airflow/dags/music_ingestion_dag.py
[2026-01-26T19:20:01.002+0000] {processor.py:925} INFO - DAG(s) '01_music_ingestion_realtime' retrieved from /opt/airflow/dags/music_ingestion_dag.py
[2026-01-26T19:20:01.033+0000] {logging_mixin.py:190} INFO - [2026-01-26T19:20:01.032+0000] {dag.py:3239} INFO - Sync 1 DAGs
[2026-01-26T19:20:01.065+0000] {logging_mixin.py:190} INFO - [2026-01-26T19:20:01.065+0000] {dag.py:4180} INFO - Setting next_dagrun for 01_music_ingestion_realtime to 2026-01-26 18:00:00+00:00, run_after=2026-01-26 19:00:00+00:00
[2026-01-26T19:20:01.102+0000] {processor.py:208} INFO - Processing /opt/airflow/dags/music_ingestion_dag.py took 0.151 seconds
[2026-01-26T19:20:31.409+0000] {processor.py:186} INFO - Started process (PID=897) to work on /opt/airflow/dags/music_ingestion_dag.py
[2026-01-26T19:20:31.411+0000] {processor.py:914} INFO - Processing file /opt/airflow/dags/music_ingestion_dag.py for tasks to queue
[2026-01-26T19:20:31.414+0000] {logging_mixin.py:190} INFO - [2026-01-26T19:20:31.414+0000] {dagbag.py:588} INFO - Filling up the DagBag from /opt/airflow/dags/music_ingestion_dag.py
[2026-01-26T19:20:31.435+0000] {processor.py:925} INFO - DAG(s) '01_music_ingestion_realtime' retrieved from /opt/airflow/dags/music_ingestion_dag.py
[2026-01-26T19:20:31.472+0000] {logging_mixin.py:190} INFO - [2026-01-26T19:20:31.472+0000] {dag.py:3239} INFO - Sync 1 DAGs
[2026-01-26T19:20:31.504+0000] {logging_mixin.py:190} INFO - [2026-01-26T19:20:31.504+0000] {dag.py:4180} INFO - Setting next_dagrun for 01_music_ingestion_realtime to 2026-01-26 18:00:00+00:00, run_after=2026-01-26 19:00:00+00:00
[2026-01-26T19:20:31.534+0000] {processor.py:208} INFO - Processing /opt/airflow/dags/music_ingestion_dag.py took 0.130 seconds
[2026-01-26T19:21:01.777+0000] {processor.py:186} INFO - Started process (PID=902) to work on /opt/airflow/dags/music_ingestion_dag.py
[2026-01-26T19:21:01.779+0000] {processor.py:914} INFO - Processing file /opt/airflow/dags/music_ingestion_dag.py for tasks to queue
[2026-01-26T19:21:01.785+0000] {logging_mixin.py:190} INFO - [2026-01-26T19:21:01.785+0000] {dagbag.py:588} INFO - Filling up the DagBag from /opt/airflow/dags/music_ingestion_dag.py
[2026-01-26T19:21:01.808+0000] {processor.py:925} INFO - DAG(s) '01_music_ingestion_realtime' retrieved from /opt/airflow/dags/music_ingestion_dag.py
[2026-01-26T19:21:01.841+0000] {logging_mixin.py:190} INFO - [2026-01-26T19:21:01.841+0000] {dag.py:3239} INFO - Sync 1 DAGs
[2026-01-26T19:21:01.867+0000] {logging_mixin.py:190} INFO - [2026-01-26T19:21:01.867+0000] {dag.py:4180} INFO - Setting next_dagrun for 01_music_ingestion_realtime to 2026-01-26 18:00:00+00:00, run_after=2026-01-26 19:00:00+00:00
[2026-01-26T19:21:01.897+0000] {processor.py:208} INFO - Processing /opt/airflow/dags/music_ingestion_dag.py took 0.131 seconds
[2026-01-26T19:21:32.364+0000] {processor.py:186} INFO - Started process (PID=907) to work on /opt/airflow/dags/music_ingestion_dag.py
[2026-01-26T19:21:32.369+0000] {processor.py:914} INFO - Processing file /opt/airflow/dags/music_ingestion_dag.py for tasks to queue
[2026-01-26T19:21:32.373+0000] {logging_mixin.py:190} INFO - [2026-01-26T19:21:32.373+0000] {dagbag.py:588} INFO - Filling up the DagBag from /opt/airflow/dags/music_ingestion_dag.py
[2026-01-26T19:21:32.412+0000] {processor.py:925} INFO - DAG(s) '01_music_ingestion_realtime' retrieved from /opt/airflow/dags/music_ingestion_dag.py
[2026-01-26T19:21:32.471+0000] {logging_mixin.py:190} INFO - [2026-01-26T19:21:32.470+0000] {dag.py:3239} INFO - Sync 1 DAGs
[2026-01-26T19:21:32.527+0000] {logging_mixin.py:190} INFO - [2026-01-26T19:21:32.527+0000] {dag.py:4180} INFO - Setting next_dagrun for 01_music_ingestion_realtime to 2026-01-26 18:00:00+00:00, run_after=2026-01-26 19:00:00+00:00
[2026-01-26T19:21:32.590+0000] {processor.py:208} INFO - Processing /opt/airflow/dags/music_ingestion_dag.py took 0.234 seconds
[2026-01-26T19:22:02.764+0000] {processor.py:186} INFO - Started process (PID=912) to work on /opt/airflow/dags/music_ingestion_dag.py
[2026-01-26T19:22:02.766+0000] {processor.py:914} INFO - Processing file /opt/airflow/dags/music_ingestion_dag.py for tasks to queue
[2026-01-26T19:22:02.776+0000] {logging_mixin.py:190} INFO - [2026-01-26T19:22:02.776+0000] {dagbag.py:588} INFO - Filling up the DagBag from /opt/airflow/dags/music_ingestion_dag.py
[2026-01-26T19:22:02.813+0000] {processor.py:925} INFO - DAG(s) '01_music_ingestion_realtime' retrieved from /opt/airflow/dags/music_ingestion_dag.py
[2026-01-26T19:22:02.851+0000] {logging_mixin.py:190} INFO - [2026-01-26T19:22:02.850+0000] {dag.py:3239} INFO - Sync 1 DAGs
[2026-01-26T19:22:02.885+0000] {logging_mixin.py:190} INFO - [2026-01-26T19:22:02.885+0000] {dag.py:4180} INFO - Setting next_dagrun for 01_music_ingestion_realtime to 2026-01-26 18:00:00+00:00, run_after=2026-01-26 19:00:00+00:00
[2026-01-26T19:22:02.920+0000] {processor.py:208} INFO - Processing /opt/airflow/dags/music_ingestion_dag.py took 0.188 seconds
[2026-01-26T19:22:33.045+0000] {processor.py:186} INFO - Started process (PID=917) to work on /opt/airflow/dags/music_ingestion_dag.py
[2026-01-26T19:22:33.047+0000] {processor.py:914} INFO - Processing file /opt/airflow/dags/music_ingestion_dag.py for tasks to queue
[2026-01-26T19:22:33.051+0000] {logging_mixin.py:190} INFO - [2026-01-26T19:22:33.051+0000] {dagbag.py:588} INFO - Filling up the DagBag from /opt/airflow/dags/music_ingestion_dag.py
[2026-01-26T19:22:33.077+0000] {processor.py:925} INFO - DAG(s) '01_music_ingestion_realtime' retrieved from /opt/airflow/dags/music_ingestion_dag.py
[2026-01-26T19:22:33.114+0000] {logging_mixin.py:190} INFO - [2026-01-26T19:22:33.114+0000] {dag.py:3239} INFO - Sync 1 DAGs
[2026-01-26T19:22:33.142+0000] {logging_mixin.py:190} INFO - [2026-01-26T19:22:33.142+0000] {dag.py:4180} INFO - Setting next_dagrun for 01_music_ingestion_realtime to 2026-01-26 18:00:00+00:00, run_after=2026-01-26 19:00:00+00:00
[2026-01-26T19:22:33.167+0000] {processor.py:208} INFO - Processing /opt/airflow/dags/music_ingestion_dag.py took 0.130 seconds
[2026-01-26T19:23:03.347+0000] {processor.py:186} INFO - Started process (PID=922) to work on /opt/airflow/dags/music_ingestion_dag.py
[2026-01-26T19:23:03.349+0000] {processor.py:914} INFO - Processing file /opt/airflow/dags/music_ingestion_dag.py for tasks to queue
[2026-01-26T19:23:03.351+0000] {logging_mixin.py:190} INFO - [2026-01-26T19:23:03.351+0000] {dagbag.py:588} INFO - Filling up the DagBag from /opt/airflow/dags/music_ingestion_dag.py
[2026-01-26T19:23:03.376+0000] {processor.py:925} INFO - DAG(s) '01_music_ingestion_realtime' retrieved from /opt/airflow/dags/music_ingestion_dag.py
[2026-01-26T19:23:03.413+0000] {logging_mixin.py:190} INFO - [2026-01-26T19:23:03.412+0000] {dag.py:3239} INFO - Sync 1 DAGs
[2026-01-26T19:23:03.451+0000] {logging_mixin.py:190} INFO - [2026-01-26T19:23:03.451+0000] {dag.py:4180} INFO - Setting next_dagrun for 01_music_ingestion_realtime to 2026-01-26 18:00:00+00:00, run_after=2026-01-26 19:00:00+00:00
[2026-01-26T19:23:03.483+0000] {processor.py:208} INFO - Processing /opt/airflow/dags/music_ingestion_dag.py took 0.142 seconds
[2026-01-26T19:23:33.800+0000] {processor.py:186} INFO - Started process (PID=927) to work on /opt/airflow/dags/music_ingestion_dag.py
[2026-01-26T19:23:33.801+0000] {processor.py:914} INFO - Processing file /opt/airflow/dags/music_ingestion_dag.py for tasks to queue
[2026-01-26T19:23:33.803+0000] {logging_mixin.py:190} INFO - [2026-01-26T19:23:33.803+0000] {dagbag.py:588} INFO - Filling up the DagBag from /opt/airflow/dags/music_ingestion_dag.py
[2026-01-26T19:23:33.827+0000] {processor.py:925} INFO - DAG(s) '01_music_ingestion_realtime' retrieved from /opt/airflow/dags/music_ingestion_dag.py
[2026-01-26T19:23:33.859+0000] {logging_mixin.py:190} INFO - [2026-01-26T19:23:33.858+0000] {dag.py:3239} INFO - Sync 1 DAGs
[2026-01-26T19:23:33.883+0000] {logging_mixin.py:190} INFO - [2026-01-26T19:23:33.883+0000] {dag.py:4180} INFO - Setting next_dagrun for 01_music_ingestion_realtime to 2026-01-26 18:00:00+00:00, run_after=2026-01-26 19:00:00+00:00
[2026-01-26T19:23:33.910+0000] {processor.py:208} INFO - Processing /opt/airflow/dags/music_ingestion_dag.py took 0.116 seconds
[2026-01-26T19:24:04.150+0000] {processor.py:186} INFO - Started process (PID=932) to work on /opt/airflow/dags/music_ingestion_dag.py
[2026-01-26T19:24:04.162+0000] {processor.py:914} INFO - Processing file /opt/airflow/dags/music_ingestion_dag.py for tasks to queue
[2026-01-26T19:24:04.166+0000] {logging_mixin.py:190} INFO - [2026-01-26T19:24:04.165+0000] {dagbag.py:588} INFO - Filling up the DagBag from /opt/airflow/dags/music_ingestion_dag.py
[2026-01-26T19:24:04.204+0000] {processor.py:925} INFO - DAG(s) '01_music_ingestion_realtime' retrieved from /opt/airflow/dags/music_ingestion_dag.py
[2026-01-26T19:24:04.250+0000] {logging_mixin.py:190} INFO - [2026-01-26T19:24:04.250+0000] {dag.py:3239} INFO - Sync 1 DAGs
[2026-01-26T19:24:04.286+0000] {logging_mixin.py:190} INFO - [2026-01-26T19:24:04.286+0000] {dag.py:4180} INFO - Setting next_dagrun for 01_music_ingestion_realtime to 2026-01-26 18:00:00+00:00, run_after=2026-01-26 19:00:00+00:00
[2026-01-26T19:24:04.310+0000] {processor.py:208} INFO - Processing /opt/airflow/dags/music_ingestion_dag.py took 0.168 seconds
[2026-01-26T19:24:34.602+0000] {processor.py:186} INFO - Started process (PID=937) to work on /opt/airflow/dags/music_ingestion_dag.py
[2026-01-26T19:24:34.604+0000] {processor.py:914} INFO - Processing file /opt/airflow/dags/music_ingestion_dag.py for tasks to queue
[2026-01-26T19:24:34.607+0000] {logging_mixin.py:190} INFO - [2026-01-26T19:24:34.607+0000] {dagbag.py:588} INFO - Filling up the DagBag from /opt/airflow/dags/music_ingestion_dag.py
[2026-01-26T19:24:34.629+0000] {processor.py:925} INFO - DAG(s) '01_music_ingestion_realtime' retrieved from /opt/airflow/dags/music_ingestion_dag.py
[2026-01-26T19:24:34.657+0000] {logging_mixin.py:190} INFO - [2026-01-26T19:24:34.657+0000] {dag.py:3239} INFO - Sync 1 DAGs
[2026-01-26T19:24:34.682+0000] {logging_mixin.py:190} INFO - [2026-01-26T19:24:34.682+0000] {dag.py:4180} INFO - Setting next_dagrun for 01_music_ingestion_realtime to 2026-01-26 18:00:00+00:00, run_after=2026-01-26 19:00:00+00:00
[2026-01-26T19:24:34.705+0000] {processor.py:208} INFO - Processing /opt/airflow/dags/music_ingestion_dag.py took 0.111 seconds
[2026-01-26T19:25:05.001+0000] {processor.py:186} INFO - Started process (PID=942) to work on /opt/airflow/dags/music_ingestion_dag.py
[2026-01-26T19:25:05.002+0000] {processor.py:914} INFO - Processing file /opt/airflow/dags/music_ingestion_dag.py for tasks to queue
[2026-01-26T19:25:05.005+0000] {logging_mixin.py:190} INFO - [2026-01-26T19:25:05.004+0000] {dagbag.py:588} INFO - Filling up the DagBag from /opt/airflow/dags/music_ingestion_dag.py
[2026-01-26T19:25:05.028+0000] {processor.py:925} INFO - DAG(s) '01_music_ingestion_realtime' retrieved from /opt/airflow/dags/music_ingestion_dag.py
[2026-01-26T19:25:05.085+0000] {logging_mixin.py:190} INFO - [2026-01-26T19:25:05.085+0000] {dag.py:3239} INFO - Sync 1 DAGs
[2026-01-26T19:25:05.108+0000] {logging_mixin.py:190} INFO - [2026-01-26T19:25:05.108+0000] {dag.py:4180} INFO - Setting next_dagrun for 01_music_ingestion_realtime to 2026-01-26 18:00:00+00:00, run_after=2026-01-26 19:00:00+00:00
[2026-01-26T19:25:05.142+0000] {processor.py:208} INFO - Processing /opt/airflow/dags/music_ingestion_dag.py took 0.149 seconds
[2026-01-26T19:25:35.401+0000] {processor.py:186} INFO - Started process (PID=947) to work on /opt/airflow/dags/music_ingestion_dag.py
[2026-01-26T19:25:35.403+0000] {processor.py:914} INFO - Processing file /opt/airflow/dags/music_ingestion_dag.py for tasks to queue
[2026-01-26T19:25:35.405+0000] {logging_mixin.py:190} INFO - [2026-01-26T19:25:35.405+0000] {dagbag.py:588} INFO - Filling up the DagBag from /opt/airflow/dags/music_ingestion_dag.py
[2026-01-26T19:25:35.427+0000] {processor.py:925} INFO - DAG(s) '01_music_ingestion_realtime' retrieved from /opt/airflow/dags/music_ingestion_dag.py
[2026-01-26T19:25:35.456+0000] {logging_mixin.py:190} INFO - [2026-01-26T19:25:35.455+0000] {dag.py:3239} INFO - Sync 1 DAGs
[2026-01-26T19:25:35.480+0000] {logging_mixin.py:190} INFO - [2026-01-26T19:25:35.480+0000] {dag.py:4180} INFO - Setting next_dagrun for 01_music_ingestion_realtime to 2026-01-26 18:00:00+00:00, run_after=2026-01-26 19:00:00+00:00
[2026-01-26T19:25:35.505+0000] {processor.py:208} INFO - Processing /opt/airflow/dags/music_ingestion_dag.py took 0.111 seconds
[2026-01-26T19:26:05.839+0000] {processor.py:186} INFO - Started process (PID=952) to work on /opt/airflow/dags/music_ingestion_dag.py
[2026-01-26T19:26:05.843+0000] {processor.py:914} INFO - Processing file /opt/airflow/dags/music_ingestion_dag.py for tasks to queue
[2026-01-26T19:26:05.847+0000] {logging_mixin.py:190} INFO - [2026-01-26T19:26:05.847+0000] {dagbag.py:588} INFO - Filling up the DagBag from /opt/airflow/dags/music_ingestion_dag.py
[2026-01-26T19:26:05.878+0000] {processor.py:925} INFO - DAG(s) '01_music_ingestion_realtime' retrieved from /opt/airflow/dags/music_ingestion_dag.py
[2026-01-26T19:26:05.911+0000] {logging_mixin.py:190} INFO - [2026-01-26T19:26:05.910+0000] {dag.py:3239} INFO - Sync 1 DAGs
[2026-01-26T19:26:05.940+0000] {logging_mixin.py:190} INFO - [2026-01-26T19:26:05.940+0000] {dag.py:4180} INFO - Setting next_dagrun for 01_music_ingestion_realtime to 2026-01-26 18:00:00+00:00, run_after=2026-01-26 19:00:00+00:00
[2026-01-26T19:26:05.968+0000] {processor.py:208} INFO - Processing /opt/airflow/dags/music_ingestion_dag.py took 0.139 seconds
[2026-01-26T19:26:36.224+0000] {processor.py:186} INFO - Started process (PID=957) to work on /opt/airflow/dags/music_ingestion_dag.py
[2026-01-26T19:26:36.225+0000] {processor.py:914} INFO - Processing file /opt/airflow/dags/music_ingestion_dag.py for tasks to queue
[2026-01-26T19:26:36.227+0000] {logging_mixin.py:190} INFO - [2026-01-26T19:26:36.227+0000] {dagbag.py:588} INFO - Filling up the DagBag from /opt/airflow/dags/music_ingestion_dag.py
[2026-01-26T19:26:36.245+0000] {processor.py:925} INFO - DAG(s) '01_music_ingestion_realtime' retrieved from /opt/airflow/dags/music_ingestion_dag.py
[2026-01-26T19:26:36.276+0000] {logging_mixin.py:190} INFO - [2026-01-26T19:26:36.276+0000] {dag.py:3239} INFO - Sync 1 DAGs
[2026-01-26T19:26:36.300+0000] {logging_mixin.py:190} INFO - [2026-01-26T19:26:36.300+0000] {dag.py:4180} INFO - Setting next_dagrun for 01_music_ingestion_realtime to 2026-01-26 18:00:00+00:00, run_after=2026-01-26 19:00:00+00:00
[2026-01-26T19:26:36.327+0000] {processor.py:208} INFO - Processing /opt/airflow/dags/music_ingestion_dag.py took 0.109 seconds
[2026-01-26T19:27:06.620+0000] {processor.py:186} INFO - Started process (PID=962) to work on /opt/airflow/dags/music_ingestion_dag.py
[2026-01-26T19:27:06.621+0000] {processor.py:914} INFO - Processing file /opt/airflow/dags/music_ingestion_dag.py for tasks to queue
[2026-01-26T19:27:06.623+0000] {logging_mixin.py:190} INFO - [2026-01-26T19:27:06.623+0000] {dagbag.py:588} INFO - Filling up the DagBag from /opt/airflow/dags/music_ingestion_dag.py
[2026-01-26T19:27:06.646+0000] {processor.py:925} INFO - DAG(s) '01_music_ingestion_realtime' retrieved from /opt/airflow/dags/music_ingestion_dag.py
[2026-01-26T19:27:06.674+0000] {logging_mixin.py:190} INFO - [2026-01-26T19:27:06.674+0000] {dag.py:3239} INFO - Sync 1 DAGs
[2026-01-26T19:27:06.700+0000] {logging_mixin.py:190} INFO - [2026-01-26T19:27:06.700+0000] {dag.py:4180} INFO - Setting next_dagrun for 01_music_ingestion_realtime to 2026-01-26 18:00:00+00:00, run_after=2026-01-26 19:00:00+00:00
[2026-01-26T19:27:06.725+0000] {processor.py:208} INFO - Processing /opt/airflow/dags/music_ingestion_dag.py took 0.111 seconds
[2026-01-26T19:27:36.956+0000] {processor.py:186} INFO - Started process (PID=967) to work on /opt/airflow/dags/music_ingestion_dag.py
[2026-01-26T19:27:36.958+0000] {processor.py:914} INFO - Processing file /opt/airflow/dags/music_ingestion_dag.py for tasks to queue
[2026-01-26T19:27:36.961+0000] {logging_mixin.py:190} INFO - [2026-01-26T19:27:36.961+0000] {dagbag.py:588} INFO - Filling up the DagBag from /opt/airflow/dags/music_ingestion_dag.py
[2026-01-26T19:27:36.987+0000] {processor.py:925} INFO - DAG(s) '01_music_ingestion_realtime' retrieved from /opt/airflow/dags/music_ingestion_dag.py
[2026-01-26T19:27:37.022+0000] {logging_mixin.py:190} INFO - [2026-01-26T19:27:37.021+0000] {dag.py:3239} INFO - Sync 1 DAGs
[2026-01-26T19:27:37.048+0000] {logging_mixin.py:190} INFO - [2026-01-26T19:27:37.048+0000] {dag.py:4180} INFO - Setting next_dagrun for 01_music_ingestion_realtime to 2026-01-26 18:00:00+00:00, run_after=2026-01-26 19:00:00+00:00
[2026-01-26T19:27:37.074+0000] {processor.py:208} INFO - Processing /opt/airflow/dags/music_ingestion_dag.py took 0.123 seconds
[2026-01-26T19:28:07.419+0000] {processor.py:186} INFO - Started process (PID=972) to work on /opt/airflow/dags/music_ingestion_dag.py
[2026-01-26T19:28:07.421+0000] {processor.py:914} INFO - Processing file /opt/airflow/dags/music_ingestion_dag.py for tasks to queue
[2026-01-26T19:28:07.424+0000] {logging_mixin.py:190} INFO - [2026-01-26T19:28:07.424+0000] {dagbag.py:588} INFO - Filling up the DagBag from /opt/airflow/dags/music_ingestion_dag.py
[2026-01-26T19:28:07.455+0000] {processor.py:925} INFO - DAG(s) '01_music_ingestion_realtime' retrieved from /opt/airflow/dags/music_ingestion_dag.py
[2026-01-26T19:28:07.486+0000] {logging_mixin.py:190} INFO - [2026-01-26T19:28:07.486+0000] {dag.py:3239} INFO - Sync 1 DAGs
[2026-01-26T19:28:07.512+0000] {logging_mixin.py:190} INFO - [2026-01-26T19:28:07.512+0000] {dag.py:4180} INFO - Setting next_dagrun for 01_music_ingestion_realtime to 2026-01-26 18:00:00+00:00, run_after=2026-01-26 19:00:00+00:00
[2026-01-26T19:28:07.544+0000] {processor.py:208} INFO - Processing /opt/airflow/dags/music_ingestion_dag.py took 0.131 seconds
[2026-01-26T19:28:37.731+0000] {processor.py:186} INFO - Started process (PID=977) to work on /opt/airflow/dags/music_ingestion_dag.py
[2026-01-26T19:28:37.732+0000] {processor.py:914} INFO - Processing file /opt/airflow/dags/music_ingestion_dag.py for tasks to queue
[2026-01-26T19:28:37.735+0000] {logging_mixin.py:190} INFO - [2026-01-26T19:28:37.735+0000] {dagbag.py:588} INFO - Filling up the DagBag from /opt/airflow/dags/music_ingestion_dag.py
[2026-01-26T19:28:37.756+0000] {processor.py:925} INFO - DAG(s) '01_music_ingestion_realtime' retrieved from /opt/airflow/dags/music_ingestion_dag.py
[2026-01-26T19:28:37.787+0000] {logging_mixin.py:190} INFO - [2026-01-26T19:28:37.786+0000] {dag.py:3239} INFO - Sync 1 DAGs
[2026-01-26T19:28:37.811+0000] {logging_mixin.py:190} INFO - [2026-01-26T19:28:37.810+0000] {dag.py:4180} INFO - Setting next_dagrun for 01_music_ingestion_realtime to 2026-01-26 18:00:00+00:00, run_after=2026-01-26 19:00:00+00:00
[2026-01-26T19:28:37.835+0000] {processor.py:208} INFO - Processing /opt/airflow/dags/music_ingestion_dag.py took 0.109 seconds
[2026-01-26T19:29:08.195+0000] {processor.py:186} INFO - Started process (PID=982) to work on /opt/airflow/dags/music_ingestion_dag.py
[2026-01-26T19:29:08.197+0000] {processor.py:914} INFO - Processing file /opt/airflow/dags/music_ingestion_dag.py for tasks to queue
[2026-01-26T19:29:08.200+0000] {logging_mixin.py:190} INFO - [2026-01-26T19:29:08.200+0000] {dagbag.py:588} INFO - Filling up the DagBag from /opt/airflow/dags/music_ingestion_dag.py
[2026-01-26T19:29:08.220+0000] {processor.py:925} INFO - DAG(s) '01_music_ingestion_realtime' retrieved from /opt/airflow/dags/music_ingestion_dag.py
[2026-01-26T19:29:08.249+0000] {logging_mixin.py:190} INFO - [2026-01-26T19:29:08.249+0000] {dag.py:3239} INFO - Sync 1 DAGs
[2026-01-26T19:29:08.274+0000] {logging_mixin.py:190} INFO - [2026-01-26T19:29:08.274+0000] {dag.py:4180} INFO - Setting next_dagrun for 01_music_ingestion_realtime to 2026-01-26 18:00:00+00:00, run_after=2026-01-26 19:00:00+00:00
[2026-01-26T19:29:08.297+0000] {processor.py:208} INFO - Processing /opt/airflow/dags/music_ingestion_dag.py took 0.108 seconds
[2026-01-26T19:29:38.536+0000] {processor.py:186} INFO - Started process (PID=987) to work on /opt/airflow/dags/music_ingestion_dag.py
[2026-01-26T19:29:38.537+0000] {processor.py:914} INFO - Processing file /opt/airflow/dags/music_ingestion_dag.py for tasks to queue
[2026-01-26T19:29:38.540+0000] {logging_mixin.py:190} INFO - [2026-01-26T19:29:38.540+0000] {dagbag.py:588} INFO - Filling up the DagBag from /opt/airflow/dags/music_ingestion_dag.py
[2026-01-26T19:29:38.559+0000] {processor.py:925} INFO - DAG(s) '01_music_ingestion_realtime' retrieved from /opt/airflow/dags/music_ingestion_dag.py
[2026-01-26T19:29:38.587+0000] {logging_mixin.py:190} INFO - [2026-01-26T19:29:38.587+0000] {dag.py:3239} INFO - Sync 1 DAGs
[2026-01-26T19:29:38.614+0000] {logging_mixin.py:190} INFO - [2026-01-26T19:29:38.613+0000] {dag.py:4180} INFO - Setting next_dagrun for 01_music_ingestion_realtime to 2026-01-26 18:00:00+00:00, run_after=2026-01-26 19:00:00+00:00
[2026-01-26T19:29:38.641+0000] {processor.py:208} INFO - Processing /opt/airflow/dags/music_ingestion_dag.py took 0.110 seconds
[2026-01-26T19:30:08.921+0000] {processor.py:186} INFO - Started process (PID=992) to work on /opt/airflow/dags/music_ingestion_dag.py
[2026-01-26T19:30:08.923+0000] {processor.py:914} INFO - Processing file /opt/airflow/dags/music_ingestion_dag.py for tasks to queue
[2026-01-26T19:30:08.927+0000] {logging_mixin.py:190} INFO - [2026-01-26T19:30:08.926+0000] {dagbag.py:588} INFO - Filling up the DagBag from /opt/airflow/dags/music_ingestion_dag.py
[2026-01-26T19:30:08.951+0000] {processor.py:925} INFO - DAG(s) '01_music_ingestion_realtime' retrieved from /opt/airflow/dags/music_ingestion_dag.py
[2026-01-26T19:30:08.985+0000] {logging_mixin.py:190} INFO - [2026-01-26T19:30:08.984+0000] {dag.py:3239} INFO - Sync 1 DAGs
[2026-01-26T19:30:09.013+0000] {logging_mixin.py:190} INFO - [2026-01-26T19:30:09.013+0000] {dag.py:4180} INFO - Setting next_dagrun for 01_music_ingestion_realtime to 2026-01-26 18:00:00+00:00, run_after=2026-01-26 19:00:00+00:00
[2026-01-26T19:30:09.041+0000] {processor.py:208} INFO - Processing /opt/airflow/dags/music_ingestion_dag.py took 0.128 seconds
[2026-01-26T19:30:39.285+0000] {processor.py:186} INFO - Started process (PID=997) to work on /opt/airflow/dags/music_ingestion_dag.py
[2026-01-26T19:30:39.287+0000] {processor.py:914} INFO - Processing file /opt/airflow/dags/music_ingestion_dag.py for tasks to queue
[2026-01-26T19:30:39.290+0000] {logging_mixin.py:190} INFO - [2026-01-26T19:30:39.289+0000] {dagbag.py:588} INFO - Filling up the DagBag from /opt/airflow/dags/music_ingestion_dag.py
[2026-01-26T19:30:39.311+0000] {processor.py:925} INFO - DAG(s) '01_music_ingestion_realtime' retrieved from /opt/airflow/dags/music_ingestion_dag.py
[2026-01-26T19:30:39.359+0000] {logging_mixin.py:190} INFO - [2026-01-26T19:30:39.359+0000] {dag.py:3239} INFO - Sync 1 DAGs
[2026-01-26T19:30:39.388+0000] {logging_mixin.py:190} INFO - [2026-01-26T19:30:39.388+0000] {dag.py:4180} INFO - Setting next_dagrun for 01_music_ingestion_realtime to 2026-01-26 18:00:00+00:00, run_after=2026-01-26 19:00:00+00:00
[2026-01-26T19:30:39.430+0000] {processor.py:208} INFO - Processing /opt/airflow/dags/music_ingestion_dag.py took 0.152 seconds
[2026-01-26T19:31:09.670+0000] {processor.py:186} INFO - Started process (PID=1002) to work on /opt/airflow/dags/music_ingestion_dag.py
[2026-01-26T19:31:09.671+0000] {processor.py:914} INFO - Processing file /opt/airflow/dags/music_ingestion_dag.py for tasks to queue
[2026-01-26T19:31:09.674+0000] {logging_mixin.py:190} INFO - [2026-01-26T19:31:09.674+0000] {dagbag.py:588} INFO - Filling up the DagBag from /opt/airflow/dags/music_ingestion_dag.py
[2026-01-26T19:31:09.719+0000] {processor.py:925} INFO - DAG(s) '01_music_ingestion_realtime' retrieved from /opt/airflow/dags/music_ingestion_dag.py
[2026-01-26T19:31:09.751+0000] {logging_mixin.py:190} INFO - [2026-01-26T19:31:09.751+0000] {dag.py:3239} INFO - Sync 1 DAGs
[2026-01-26T19:31:09.787+0000] {logging_mixin.py:190} INFO - [2026-01-26T19:31:09.786+0000] {dag.py:4180} INFO - Setting next_dagrun for 01_music_ingestion_realtime to 2026-01-26 18:00:00+00:00, run_after=2026-01-26 19:00:00+00:00
[2026-01-26T19:31:09.811+0000] {processor.py:208} INFO - Processing /opt/airflow/dags/music_ingestion_dag.py took 0.147 seconds
[2026-01-26T19:31:40.202+0000] {processor.py:186} INFO - Started process (PID=1007) to work on /opt/airflow/dags/music_ingestion_dag.py
[2026-01-26T19:31:40.203+0000] {processor.py:914} INFO - Processing file /opt/airflow/dags/music_ingestion_dag.py for tasks to queue
[2026-01-26T19:31:40.207+0000] {logging_mixin.py:190} INFO - [2026-01-26T19:31:40.206+0000] {dagbag.py:588} INFO - Filling up the DagBag from /opt/airflow/dags/music_ingestion_dag.py
[2026-01-26T19:31:40.225+0000] {processor.py:925} INFO - DAG(s) '01_music_ingestion_realtime' retrieved from /opt/airflow/dags/music_ingestion_dag.py
[2026-01-26T19:31:40.254+0000] {logging_mixin.py:190} INFO - [2026-01-26T19:31:40.253+0000] {dag.py:3239} INFO - Sync 1 DAGs
[2026-01-26T19:31:40.279+0000] {logging_mixin.py:190} INFO - [2026-01-26T19:31:40.279+0000] {dag.py:4180} INFO - Setting next_dagrun for 01_music_ingestion_realtime to 2026-01-26 18:00:00+00:00, run_after=2026-01-26 19:00:00+00:00
[2026-01-26T19:31:40.301+0000] {processor.py:208} INFO - Processing /opt/airflow/dags/music_ingestion_dag.py took 0.104 seconds
[2026-01-26T19:32:10.541+0000] {processor.py:186} INFO - Started process (PID=1012) to work on /opt/airflow/dags/music_ingestion_dag.py
[2026-01-26T19:32:10.542+0000] {processor.py:914} INFO - Processing file /opt/airflow/dags/music_ingestion_dag.py for tasks to queue
[2026-01-26T19:32:10.547+0000] {logging_mixin.py:190} INFO - [2026-01-26T19:32:10.547+0000] {dagbag.py:588} INFO - Filling up the DagBag from /opt/airflow/dags/music_ingestion_dag.py
[2026-01-26T19:32:10.584+0000] {processor.py:925} INFO - DAG(s) '01_music_ingestion_realtime' retrieved from /opt/airflow/dags/music_ingestion_dag.py
[2026-01-26T19:32:10.621+0000] {logging_mixin.py:190} INFO - [2026-01-26T19:32:10.620+0000] {dag.py:3239} INFO - Sync 1 DAGs
[2026-01-26T19:32:10.650+0000] {logging_mixin.py:190} INFO - [2026-01-26T19:32:10.650+0000] {dag.py:4180} INFO - Setting next_dagrun for 01_music_ingestion_realtime to 2026-01-26 18:00:00+00:00, run_after=2026-01-26 19:00:00+00:00
[2026-01-26T19:32:10.682+0000] {processor.py:208} INFO - Processing /opt/airflow/dags/music_ingestion_dag.py took 0.150 seconds
[2026-01-26T19:32:40.898+0000] {processor.py:186} INFO - Started process (PID=1017) to work on /opt/airflow/dags/music_ingestion_dag.py
[2026-01-26T19:32:40.899+0000] {processor.py:914} INFO - Processing file /opt/airflow/dags/music_ingestion_dag.py for tasks to queue
[2026-01-26T19:32:40.902+0000] {logging_mixin.py:190} INFO - [2026-01-26T19:32:40.902+0000] {dagbag.py:588} INFO - Filling up the DagBag from /opt/airflow/dags/music_ingestion_dag.py
[2026-01-26T19:32:40.922+0000] {processor.py:925} INFO - DAG(s) '01_music_ingestion_realtime' retrieved from /opt/airflow/dags/music_ingestion_dag.py
[2026-01-26T19:32:40.955+0000] {logging_mixin.py:190} INFO - [2026-01-26T19:32:40.954+0000] {dag.py:3239} INFO - Sync 1 DAGs
[2026-01-26T19:32:40.980+0000] {logging_mixin.py:190} INFO - [2026-01-26T19:32:40.979+0000] {dag.py:4180} INFO - Setting next_dagrun for 01_music_ingestion_realtime to 2026-01-26 18:00:00+00:00, run_after=2026-01-26 19:00:00+00:00
[2026-01-26T19:32:41.005+0000] {processor.py:208} INFO - Processing /opt/airflow/dags/music_ingestion_dag.py took 0.113 seconds
[2026-01-26T19:33:11.305+0000] {processor.py:186} INFO - Started process (PID=1022) to work on /opt/airflow/dags/music_ingestion_dag.py
[2026-01-26T19:33:11.307+0000] {processor.py:914} INFO - Processing file /opt/airflow/dags/music_ingestion_dag.py for tasks to queue
[2026-01-26T19:33:11.310+0000] {logging_mixin.py:190} INFO - [2026-01-26T19:33:11.309+0000] {dagbag.py:588} INFO - Filling up the DagBag from /opt/airflow/dags/music_ingestion_dag.py
[2026-01-26T19:33:11.330+0000] {processor.py:925} INFO - DAG(s) '01_music_ingestion_realtime' retrieved from /opt/airflow/dags/music_ingestion_dag.py
[2026-01-26T19:33:11.359+0000] {logging_mixin.py:190} INFO - [2026-01-26T19:33:11.358+0000] {dag.py:3239} INFO - Sync 1 DAGs
[2026-01-26T19:33:11.384+0000] {logging_mixin.py:190} INFO - [2026-01-26T19:33:11.384+0000] {dag.py:4180} INFO - Setting next_dagrun for 01_music_ingestion_realtime to 2026-01-26 18:00:00+00:00, run_after=2026-01-26 19:00:00+00:00
[2026-01-26T19:33:11.409+0000] {processor.py:208} INFO - Processing /opt/airflow/dags/music_ingestion_dag.py took 0.109 seconds
[2026-01-26T19:33:41.689+0000] {processor.py:186} INFO - Started process (PID=1027) to work on /opt/airflow/dags/music_ingestion_dag.py
[2026-01-26T19:33:41.690+0000] {processor.py:914} INFO - Processing file /opt/airflow/dags/music_ingestion_dag.py for tasks to queue
[2026-01-26T19:33:41.693+0000] {logging_mixin.py:190} INFO - [2026-01-26T19:33:41.692+0000] {dagbag.py:588} INFO - Filling up the DagBag from /opt/airflow/dags/music_ingestion_dag.py
[2026-01-26T19:33:41.716+0000] {processor.py:925} INFO - DAG(s) '01_music_ingestion_realtime' retrieved from /opt/airflow/dags/music_ingestion_dag.py
[2026-01-26T19:33:41.745+0000] {logging_mixin.py:190} INFO - [2026-01-26T19:33:41.745+0000] {dag.py:3239} INFO - Sync 1 DAGs
[2026-01-26T19:33:41.776+0000] {logging_mixin.py:190} INFO - [2026-01-26T19:33:41.776+0000] {dag.py:4180} INFO - Setting next_dagrun for 01_music_ingestion_realtime to 2026-01-26 18:00:00+00:00, run_after=2026-01-26 19:00:00+00:00
[2026-01-26T19:33:41.801+0000] {processor.py:208} INFO - Processing /opt/airflow/dags/music_ingestion_dag.py took 0.118 seconds
[2026-01-26T19:34:12.049+0000] {processor.py:186} INFO - Started process (PID=1032) to work on /opt/airflow/dags/music_ingestion_dag.py
[2026-01-26T19:34:12.051+0000] {processor.py:914} INFO - Processing file /opt/airflow/dags/music_ingestion_dag.py for tasks to queue
[2026-01-26T19:34:12.053+0000] {logging_mixin.py:190} INFO - [2026-01-26T19:34:12.053+0000] {dagbag.py:588} INFO - Filling up the DagBag from /opt/airflow/dags/music_ingestion_dag.py
[2026-01-26T19:34:12.071+0000] {processor.py:925} INFO - DAG(s) '01_music_ingestion_realtime' retrieved from /opt/airflow/dags/music_ingestion_dag.py
[2026-01-26T19:34:12.100+0000] {logging_mixin.py:190} INFO - [2026-01-26T19:34:12.100+0000] {dag.py:3239} INFO - Sync 1 DAGs
[2026-01-26T19:34:12.126+0000] {logging_mixin.py:190} INFO - [2026-01-26T19:34:12.126+0000] {dag.py:4180} INFO - Setting next_dagrun for 01_music_ingestion_realtime to 2026-01-26 18:00:00+00:00, run_after=2026-01-26 19:00:00+00:00
[2026-01-26T19:34:12.152+0000] {processor.py:208} INFO - Processing /opt/airflow/dags/music_ingestion_dag.py took 0.108 seconds
[2026-01-26T19:34:42.479+0000] {processor.py:186} INFO - Started process (PID=1037) to work on /opt/airflow/dags/music_ingestion_dag.py
[2026-01-26T19:34:42.480+0000] {processor.py:914} INFO - Processing file /opt/airflow/dags/music_ingestion_dag.py for tasks to queue
[2026-01-26T19:34:42.483+0000] {logging_mixin.py:190} INFO - [2026-01-26T19:34:42.483+0000] {dagbag.py:588} INFO - Filling up the DagBag from /opt/airflow/dags/music_ingestion_dag.py
[2026-01-26T19:34:42.503+0000] {processor.py:925} INFO - DAG(s) '01_music_ingestion_realtime' retrieved from /opt/airflow/dags/music_ingestion_dag.py
[2026-01-26T19:34:42.533+0000] {logging_mixin.py:190} INFO - [2026-01-26T19:34:42.533+0000] {dag.py:3239} INFO - Sync 1 DAGs
[2026-01-26T19:34:42.562+0000] {logging_mixin.py:190} INFO - [2026-01-26T19:34:42.562+0000] {dag.py:4180} INFO - Setting next_dagrun for 01_music_ingestion_realtime to 2026-01-26 18:00:00+00:00, run_after=2026-01-26 19:00:00+00:00
[2026-01-26T19:34:42.593+0000] {processor.py:208} INFO - Processing /opt/airflow/dags/music_ingestion_dag.py took 0.119 seconds
[2026-01-26T19:35:12.830+0000] {processor.py:186} INFO - Started process (PID=1042) to work on /opt/airflow/dags/music_ingestion_dag.py
[2026-01-26T19:35:12.831+0000] {processor.py:914} INFO - Processing file /opt/airflow/dags/music_ingestion_dag.py for tasks to queue
[2026-01-26T19:35:12.834+0000] {logging_mixin.py:190} INFO - [2026-01-26T19:35:12.833+0000] {dagbag.py:588} INFO - Filling up the DagBag from /opt/airflow/dags/music_ingestion_dag.py
[2026-01-26T19:35:12.850+0000] {processor.py:925} INFO - DAG(s) '01_music_ingestion_realtime' retrieved from /opt/airflow/dags/music_ingestion_dag.py
[2026-01-26T19:35:12.882+0000] {logging_mixin.py:190} INFO - [2026-01-26T19:35:12.882+0000] {dag.py:3239} INFO - Sync 1 DAGs
[2026-01-26T19:35:12.907+0000] {logging_mixin.py:190} INFO - [2026-01-26T19:35:12.906+0000] {dag.py:4180} INFO - Setting next_dagrun for 01_music_ingestion_realtime to 2026-01-26 18:00:00+00:00, run_after=2026-01-26 19:00:00+00:00
[2026-01-26T19:35:12.931+0000] {processor.py:208} INFO - Processing /opt/airflow/dags/music_ingestion_dag.py took 0.107 seconds
[2026-01-26T19:35:43.250+0000] {processor.py:186} INFO - Started process (PID=1047) to work on /opt/airflow/dags/music_ingestion_dag.py
[2026-01-26T19:35:43.251+0000] {processor.py:914} INFO - Processing file /opt/airflow/dags/music_ingestion_dag.py for tasks to queue
[2026-01-26T19:35:43.253+0000] {logging_mixin.py:190} INFO - [2026-01-26T19:35:43.253+0000] {dagbag.py:588} INFO - Filling up the DagBag from /opt/airflow/dags/music_ingestion_dag.py
[2026-01-26T19:35:43.284+0000] {processor.py:925} INFO - DAG(s) '01_music_ingestion_realtime' retrieved from /opt/airflow/dags/music_ingestion_dag.py
[2026-01-26T19:35:43.319+0000] {logging_mixin.py:190} INFO - [2026-01-26T19:35:43.319+0000] {dag.py:3239} INFO - Sync 1 DAGs
[2026-01-26T19:35:43.347+0000] {logging_mixin.py:190} INFO - [2026-01-26T19:35:43.346+0000] {dag.py:4180} INFO - Setting next_dagrun for 01_music_ingestion_realtime to 2026-01-26 18:00:00+00:00, run_after=2026-01-26 19:00:00+00:00
[2026-01-26T19:35:43.371+0000] {processor.py:208} INFO - Processing /opt/airflow/dags/music_ingestion_dag.py took 0.132 seconds
[2026-01-26T19:36:13.599+0000] {processor.py:186} INFO - Started process (PID=1052) to work on /opt/airflow/dags/music_ingestion_dag.py
[2026-01-26T19:36:13.600+0000] {processor.py:914} INFO - Processing file /opt/airflow/dags/music_ingestion_dag.py for tasks to queue
[2026-01-26T19:36:13.603+0000] {logging_mixin.py:190} INFO - [2026-01-26T19:36:13.603+0000] {dagbag.py:588} INFO - Filling up the DagBag from /opt/airflow/dags/music_ingestion_dag.py
[2026-01-26T19:36:13.621+0000] {processor.py:925} INFO - DAG(s) '01_music_ingestion_realtime' retrieved from /opt/airflow/dags/music_ingestion_dag.py
[2026-01-26T19:36:13.651+0000] {logging_mixin.py:190} INFO - [2026-01-26T19:36:13.650+0000] {dag.py:3239} INFO - Sync 1 DAGs
[2026-01-26T19:36:13.680+0000] {logging_mixin.py:190} INFO - [2026-01-26T19:36:13.679+0000] {dag.py:4180} INFO - Setting next_dagrun for 01_music_ingestion_realtime to 2026-01-26 18:00:00+00:00, run_after=2026-01-26 19:00:00+00:00
[2026-01-26T19:36:13.714+0000] {processor.py:208} INFO - Processing /opt/airflow/dags/music_ingestion_dag.py took 0.121 seconds
[2026-01-26T19:36:44.154+0000] {processor.py:186} INFO - Started process (PID=1057) to work on /opt/airflow/dags/music_ingestion_dag.py
[2026-01-26T19:36:44.155+0000] {processor.py:914} INFO - Processing file /opt/airflow/dags/music_ingestion_dag.py for tasks to queue
[2026-01-26T19:36:44.158+0000] {logging_mixin.py:190} INFO - [2026-01-26T19:36:44.158+0000] {dagbag.py:588} INFO - Filling up the DagBag from /opt/airflow/dags/music_ingestion_dag.py
[2026-01-26T19:36:44.182+0000] {processor.py:925} INFO - DAG(s) '01_music_ingestion_realtime' retrieved from /opt/airflow/dags/music_ingestion_dag.py
[2026-01-26T19:36:44.220+0000] {logging_mixin.py:190} INFO - [2026-01-26T19:36:44.220+0000] {dag.py:3239} INFO - Sync 1 DAGs
[2026-01-26T19:36:44.241+0000] {logging_mixin.py:190} INFO - [2026-01-26T19:36:44.241+0000] {dag.py:4180} INFO - Setting next_dagrun for 01_music_ingestion_realtime to 2026-01-26 18:00:00+00:00, run_after=2026-01-26 19:00:00+00:00
[2026-01-26T19:36:44.266+0000] {processor.py:208} INFO - Processing /opt/airflow/dags/music_ingestion_dag.py took 0.118 seconds
[2026-01-26T19:37:14.498+0000] {processor.py:186} INFO - Started process (PID=1062) to work on /opt/airflow/dags/music_ingestion_dag.py
[2026-01-26T19:37:14.499+0000] {processor.py:914} INFO - Processing file /opt/airflow/dags/music_ingestion_dag.py for tasks to queue
[2026-01-26T19:37:14.501+0000] {logging_mixin.py:190} INFO - [2026-01-26T19:37:14.501+0000] {dagbag.py:588} INFO - Filling up the DagBag from /opt/airflow/dags/music_ingestion_dag.py
[2026-01-26T19:37:14.518+0000] {processor.py:925} INFO - DAG(s) '01_music_ingestion_realtime' retrieved from /opt/airflow/dags/music_ingestion_dag.py
[2026-01-26T19:37:14.546+0000] {logging_mixin.py:190} INFO - [2026-01-26T19:37:14.546+0000] {dag.py:3239} INFO - Sync 1 DAGs
[2026-01-26T19:37:14.571+0000] {logging_mixin.py:190} INFO - [2026-01-26T19:37:14.571+0000] {dag.py:4180} INFO - Setting next_dagrun for 01_music_ingestion_realtime to 2026-01-26 18:00:00+00:00, run_after=2026-01-26 19:00:00+00:00
[2026-01-26T19:37:14.596+0000] {processor.py:208} INFO - Processing /opt/airflow/dags/music_ingestion_dag.py took 0.104 seconds
[2026-01-26T19:37:45.012+0000] {processor.py:186} INFO - Started process (PID=1067) to work on /opt/airflow/dags/music_ingestion_dag.py
[2026-01-26T19:37:45.014+0000] {processor.py:914} INFO - Processing file /opt/airflow/dags/music_ingestion_dag.py for tasks to queue
[2026-01-26T19:37:45.027+0000] {logging_mixin.py:190} INFO - [2026-01-26T19:37:45.026+0000] {dagbag.py:588} INFO - Filling up the DagBag from /opt/airflow/dags/music_ingestion_dag.py
[2026-01-26T19:37:45.089+0000] {processor.py:925} INFO - DAG(s) '01_music_ingestion_realtime' retrieved from /opt/airflow/dags/music_ingestion_dag.py
[2026-01-26T19:37:45.164+0000] {logging_mixin.py:190} INFO - [2026-01-26T19:37:45.164+0000] {dag.py:3239} INFO - Sync 1 DAGs
[2026-01-26T19:37:45.332+0000] {logging_mixin.py:190} INFO - [2026-01-26T19:37:45.331+0000] {dag.py:4180} INFO - Setting next_dagrun for 01_music_ingestion_realtime to 2026-01-26 18:00:00+00:00, run_after=2026-01-26 19:00:00+00:00
[2026-01-26T19:37:45.401+0000] {processor.py:208} INFO - Processing /opt/airflow/dags/music_ingestion_dag.py took 0.416 seconds
[2026-01-26T19:38:15.761+0000] {processor.py:186} INFO - Started process (PID=1072) to work on /opt/airflow/dags/music_ingestion_dag.py
[2026-01-26T19:38:15.763+0000] {processor.py:914} INFO - Processing file /opt/airflow/dags/music_ingestion_dag.py for tasks to queue
[2026-01-26T19:38:15.766+0000] {logging_mixin.py:190} INFO - [2026-01-26T19:38:15.766+0000] {dagbag.py:588} INFO - Filling up the DagBag from /opt/airflow/dags/music_ingestion_dag.py
[2026-01-26T19:38:15.809+0000] {processor.py:925} INFO - DAG(s) '01_music_ingestion_realtime' retrieved from /opt/airflow/dags/music_ingestion_dag.py
[2026-01-26T19:38:15.843+0000] {logging_mixin.py:190} INFO - [2026-01-26T19:38:15.843+0000] {dag.py:3239} INFO - Sync 1 DAGs
[2026-01-26T19:38:15.868+0000] {logging_mixin.py:190} INFO - [2026-01-26T19:38:15.868+0000] {dag.py:4180} INFO - Setting next_dagrun for 01_music_ingestion_realtime to 2026-01-26 18:00:00+00:00, run_after=2026-01-26 19:00:00+00:00
[2026-01-26T19:38:15.894+0000] {processor.py:208} INFO - Processing /opt/airflow/dags/music_ingestion_dag.py took 0.140 seconds
[2026-01-26T19:38:46.132+0000] {processor.py:186} INFO - Started process (PID=1077) to work on /opt/airflow/dags/music_ingestion_dag.py
[2026-01-26T19:38:46.133+0000] {processor.py:914} INFO - Processing file /opt/airflow/dags/music_ingestion_dag.py for tasks to queue
[2026-01-26T19:38:46.135+0000] {logging_mixin.py:190} INFO - [2026-01-26T19:38:46.135+0000] {dagbag.py:588} INFO - Filling up the DagBag from /opt/airflow/dags/music_ingestion_dag.py
[2026-01-26T19:38:46.158+0000] {processor.py:925} INFO - DAG(s) '01_music_ingestion_realtime' retrieved from /opt/airflow/dags/music_ingestion_dag.py
[2026-01-26T19:38:46.188+0000] {logging_mixin.py:190} INFO - [2026-01-26T19:38:46.187+0000] {dag.py:3239} INFO - Sync 1 DAGs
[2026-01-26T19:38:46.215+0000] {logging_mixin.py:190} INFO - [2026-01-26T19:38:46.215+0000] {dag.py:4180} INFO - Setting next_dagrun for 01_music_ingestion_realtime to 2026-01-26 18:00:00+00:00, run_after=2026-01-26 19:00:00+00:00
[2026-01-26T19:38:46.241+0000] {processor.py:208} INFO - Processing /opt/airflow/dags/music_ingestion_dag.py took 0.115 seconds
[2026-01-26T19:39:16.561+0000] {processor.py:186} INFO - Started process (PID=1082) to work on /opt/airflow/dags/music_ingestion_dag.py
[2026-01-26T19:39:16.562+0000] {processor.py:914} INFO - Processing file /opt/airflow/dags/music_ingestion_dag.py for tasks to queue
[2026-01-26T19:39:16.564+0000] {logging_mixin.py:190} INFO - [2026-01-26T19:39:16.564+0000] {dagbag.py:588} INFO - Filling up the DagBag from /opt/airflow/dags/music_ingestion_dag.py
[2026-01-26T19:39:16.588+0000] {processor.py:925} INFO - DAG(s) '01_music_ingestion_realtime' retrieved from /opt/airflow/dags/music_ingestion_dag.py
[2026-01-26T19:39:16.625+0000] {logging_mixin.py:190} INFO - [2026-01-26T19:39:16.624+0000] {dag.py:3239} INFO - Sync 1 DAGs
[2026-01-26T19:39:16.655+0000] {logging_mixin.py:190} INFO - [2026-01-26T19:39:16.655+0000] {dag.py:4180} INFO - Setting next_dagrun for 01_music_ingestion_realtime to 2026-01-26 18:00:00+00:00, run_after=2026-01-26 19:00:00+00:00
[2026-01-26T19:39:16.688+0000] {processor.py:208} INFO - Processing /opt/airflow/dags/music_ingestion_dag.py took 0.133 seconds
[2026-01-26T19:39:46.970+0000] {processor.py:186} INFO - Started process (PID=1087) to work on /opt/airflow/dags/music_ingestion_dag.py
[2026-01-26T19:39:46.971+0000] {processor.py:914} INFO - Processing file /opt/airflow/dags/music_ingestion_dag.py for tasks to queue
[2026-01-26T19:39:46.975+0000] {logging_mixin.py:190} INFO - [2026-01-26T19:39:46.974+0000] {dagbag.py:588} INFO - Filling up the DagBag from /opt/airflow/dags/music_ingestion_dag.py
[2026-01-26T19:39:47.008+0000] {processor.py:925} INFO - DAG(s) '01_music_ingestion_realtime' retrieved from /opt/airflow/dags/music_ingestion_dag.py
[2026-01-26T19:39:47.041+0000] {logging_mixin.py:190} INFO - [2026-01-26T19:39:47.040+0000] {dag.py:3239} INFO - Sync 1 DAGs
[2026-01-26T19:39:47.068+0000] {logging_mixin.py:190} INFO - [2026-01-26T19:39:47.068+0000] {dag.py:4180} INFO - Setting next_dagrun for 01_music_ingestion_realtime to 2026-01-26 18:00:00+00:00, run_after=2026-01-26 19:00:00+00:00
[2026-01-26T19:39:47.097+0000] {processor.py:208} INFO - Processing /opt/airflow/dags/music_ingestion_dag.py took 0.133 seconds
[2026-01-26T19:40:17.385+0000] {processor.py:186} INFO - Started process (PID=1092) to work on /opt/airflow/dags/music_ingestion_dag.py
[2026-01-26T19:40:17.387+0000] {processor.py:914} INFO - Processing file /opt/airflow/dags/music_ingestion_dag.py for tasks to queue
[2026-01-26T19:40:17.391+0000] {logging_mixin.py:190} INFO - [2026-01-26T19:40:17.390+0000] {dagbag.py:588} INFO - Filling up the DagBag from /opt/airflow/dags/music_ingestion_dag.py
[2026-01-26T19:40:17.417+0000] {processor.py:925} INFO - DAG(s) '01_music_ingestion_realtime' retrieved from /opt/airflow/dags/music_ingestion_dag.py
[2026-01-26T19:40:17.444+0000] {logging_mixin.py:190} INFO - [2026-01-26T19:40:17.444+0000] {dag.py:3239} INFO - Sync 1 DAGs
[2026-01-26T19:40:17.472+0000] {logging_mixin.py:190} INFO - [2026-01-26T19:40:17.472+0000] {dag.py:4180} INFO - Setting next_dagrun for 01_music_ingestion_realtime to 2026-01-26 18:00:00+00:00, run_after=2026-01-26 19:00:00+00:00
[2026-01-26T19:40:17.502+0000] {processor.py:208} INFO - Processing /opt/airflow/dags/music_ingestion_dag.py took 0.124 seconds
[2026-01-26T19:40:47.764+0000] {processor.py:186} INFO - Started process (PID=1097) to work on /opt/airflow/dags/music_ingestion_dag.py
[2026-01-26T19:40:47.765+0000] {processor.py:914} INFO - Processing file /opt/airflow/dags/music_ingestion_dag.py for tasks to queue
[2026-01-26T19:40:47.769+0000] {logging_mixin.py:190} INFO - [2026-01-26T19:40:47.769+0000] {dagbag.py:588} INFO - Filling up the DagBag from /opt/airflow/dags/music_ingestion_dag.py
[2026-01-26T19:40:47.804+0000] {processor.py:925} INFO - DAG(s) '01_music_ingestion_realtime' retrieved from /opt/airflow/dags/music_ingestion_dag.py
[2026-01-26T19:40:47.848+0000] {logging_mixin.py:190} INFO - [2026-01-26T19:40:47.847+0000] {dag.py:3239} INFO - Sync 1 DAGs
[2026-01-26T19:40:47.893+0000] {logging_mixin.py:190} INFO - [2026-01-26T19:40:47.892+0000] {dag.py:4180} INFO - Setting next_dagrun for 01_music_ingestion_realtime to 2026-01-26 18:00:00+00:00, run_after=2026-01-26 19:00:00+00:00
[2026-01-26T19:40:47.931+0000] {processor.py:208} INFO - Processing /opt/airflow/dags/music_ingestion_dag.py took 0.173 seconds
[2026-01-26T19:41:18.177+0000] {processor.py:186} INFO - Started process (PID=1102) to work on /opt/airflow/dags/music_ingestion_dag.py
[2026-01-26T19:41:18.179+0000] {processor.py:914} INFO - Processing file /opt/airflow/dags/music_ingestion_dag.py for tasks to queue
[2026-01-26T19:41:18.182+0000] {logging_mixin.py:190} INFO - [2026-01-26T19:41:18.182+0000] {dagbag.py:588} INFO - Filling up the DagBag from /opt/airflow/dags/music_ingestion_dag.py
[2026-01-26T19:41:18.212+0000] {processor.py:925} INFO - DAG(s) '01_music_ingestion_realtime' retrieved from /opt/airflow/dags/music_ingestion_dag.py
[2026-01-26T19:41:18.249+0000] {logging_mixin.py:190} INFO - [2026-01-26T19:41:18.249+0000] {dag.py:3239} INFO - Sync 1 DAGs
[2026-01-26T19:41:18.278+0000] {logging_mixin.py:190} INFO - [2026-01-26T19:41:18.278+0000] {dag.py:4180} INFO - Setting next_dagrun for 01_music_ingestion_realtime to 2026-01-26 18:00:00+00:00, run_after=2026-01-26 19:00:00+00:00
[2026-01-26T19:41:18.298+0000] {processor.py:208} INFO - Processing /opt/airflow/dags/music_ingestion_dag.py took 0.128 seconds
[2026-01-26T19:41:48.685+0000] {processor.py:186} INFO - Started process (PID=1107) to work on /opt/airflow/dags/music_ingestion_dag.py
[2026-01-26T19:41:48.687+0000] {processor.py:914} INFO - Processing file /opt/airflow/dags/music_ingestion_dag.py for tasks to queue
[2026-01-26T19:41:48.691+0000] {logging_mixin.py:190} INFO - [2026-01-26T19:41:48.691+0000] {dagbag.py:588} INFO - Filling up the DagBag from /opt/airflow/dags/music_ingestion_dag.py
[2026-01-26T19:41:48.717+0000] {processor.py:925} INFO - DAG(s) '01_music_ingestion_realtime' retrieved from /opt/airflow/dags/music_ingestion_dag.py
[2026-01-26T19:41:48.748+0000] {logging_mixin.py:190} INFO - [2026-01-26T19:41:48.747+0000] {dag.py:3239} INFO - Sync 1 DAGs
[2026-01-26T19:41:48.772+0000] {logging_mixin.py:190} INFO - [2026-01-26T19:41:48.772+0000] {dag.py:4180} INFO - Setting next_dagrun for 01_music_ingestion_realtime to 2026-01-26 18:00:00+00:00, run_after=2026-01-26 19:00:00+00:00
[2026-01-26T19:41:48.799+0000] {processor.py:208} INFO - Processing /opt/airflow/dags/music_ingestion_dag.py took 0.120 seconds
[2026-01-26T19:42:19.040+0000] {processor.py:186} INFO - Started process (PID=1112) to work on /opt/airflow/dags/music_ingestion_dag.py
[2026-01-26T19:42:19.042+0000] {processor.py:914} INFO - Processing file /opt/airflow/dags/music_ingestion_dag.py for tasks to queue
[2026-01-26T19:42:19.044+0000] {logging_mixin.py:190} INFO - [2026-01-26T19:42:19.043+0000] {dagbag.py:588} INFO - Filling up the DagBag from /opt/airflow/dags/music_ingestion_dag.py
[2026-01-26T19:42:19.064+0000] {processor.py:925} INFO - DAG(s) '01_music_ingestion_realtime' retrieved from /opt/airflow/dags/music_ingestion_dag.py
[2026-01-26T19:42:19.094+0000] {logging_mixin.py:190} INFO - [2026-01-26T19:42:19.093+0000] {dag.py:3239} INFO - Sync 1 DAGs
[2026-01-26T19:42:19.121+0000] {logging_mixin.py:190} INFO - [2026-01-26T19:42:19.121+0000] {dag.py:4180} INFO - Setting next_dagrun for 01_music_ingestion_realtime to 2026-01-26 18:00:00+00:00, run_after=2026-01-26 19:00:00+00:00
[2026-01-26T19:42:19.144+0000] {processor.py:208} INFO - Processing /opt/airflow/dags/music_ingestion_dag.py took 0.110 seconds
[2026-01-26T19:42:49.511+0000] {processor.py:186} INFO - Started process (PID=1117) to work on /opt/airflow/dags/music_ingestion_dag.py
[2026-01-26T19:42:49.512+0000] {processor.py:914} INFO - Processing file /opt/airflow/dags/music_ingestion_dag.py for tasks to queue
[2026-01-26T19:42:49.515+0000] {logging_mixin.py:190} INFO - [2026-01-26T19:42:49.514+0000] {dagbag.py:588} INFO - Filling up the DagBag from /opt/airflow/dags/music_ingestion_dag.py
[2026-01-26T19:42:49.537+0000] {processor.py:925} INFO - DAG(s) '01_music_ingestion_realtime' retrieved from /opt/airflow/dags/music_ingestion_dag.py
[2026-01-26T19:42:49.576+0000] {logging_mixin.py:190} INFO - [2026-01-26T19:42:49.575+0000] {dag.py:3239} INFO - Sync 1 DAGs
[2026-01-26T19:42:49.611+0000] {logging_mixin.py:190} INFO - [2026-01-26T19:42:49.610+0000] {dag.py:4180} INFO - Setting next_dagrun for 01_music_ingestion_realtime to 2026-01-26 18:00:00+00:00, run_after=2026-01-26 19:00:00+00:00
[2026-01-26T19:42:49.638+0000] {processor.py:208} INFO - Processing /opt/airflow/dags/music_ingestion_dag.py took 0.133 seconds
[2026-01-26T19:43:19.865+0000] {processor.py:186} INFO - Started process (PID=1122) to work on /opt/airflow/dags/music_ingestion_dag.py
[2026-01-26T19:43:19.866+0000] {processor.py:914} INFO - Processing file /opt/airflow/dags/music_ingestion_dag.py for tasks to queue
[2026-01-26T19:43:19.870+0000] {logging_mixin.py:190} INFO - [2026-01-26T19:43:19.869+0000] {dagbag.py:588} INFO - Filling up the DagBag from /opt/airflow/dags/music_ingestion_dag.py
[2026-01-26T19:43:19.901+0000] {processor.py:925} INFO - DAG(s) '01_music_ingestion_realtime' retrieved from /opt/airflow/dags/music_ingestion_dag.py
[2026-01-26T19:43:19.937+0000] {logging_mixin.py:190} INFO - [2026-01-26T19:43:19.937+0000] {dag.py:3239} INFO - Sync 1 DAGs
[2026-01-26T19:43:19.963+0000] {logging_mixin.py:190} INFO - [2026-01-26T19:43:19.963+0000] {dag.py:4180} INFO - Setting next_dagrun for 01_music_ingestion_realtime to 2026-01-26 18:00:00+00:00, run_after=2026-01-26 19:00:00+00:00
[2026-01-26T19:43:19.994+0000] {processor.py:208} INFO - Processing /opt/airflow/dags/music_ingestion_dag.py took 0.135 seconds
[2026-01-26T19:43:50.410+0000] {processor.py:186} INFO - Started process (PID=1127) to work on /opt/airflow/dags/music_ingestion_dag.py
[2026-01-26T19:43:50.413+0000] {processor.py:914} INFO - Processing file /opt/airflow/dags/music_ingestion_dag.py for tasks to queue
[2026-01-26T19:43:50.418+0000] {logging_mixin.py:190} INFO - [2026-01-26T19:43:50.418+0000] {dagbag.py:588} INFO - Filling up the DagBag from /opt/airflow/dags/music_ingestion_dag.py
[2026-01-26T19:43:50.444+0000] {processor.py:925} INFO - DAG(s) '01_music_ingestion_realtime' retrieved from /opt/airflow/dags/music_ingestion_dag.py
[2026-01-26T19:43:50.478+0000] {logging_mixin.py:190} INFO - [2026-01-26T19:43:50.477+0000] {dag.py:3239} INFO - Sync 1 DAGs
[2026-01-26T19:43:50.545+0000] {logging_mixin.py:190} INFO - [2026-01-26T19:43:50.545+0000] {dag.py:4180} INFO - Setting next_dagrun for 01_music_ingestion_realtime to 2026-01-26 18:00:00+00:00, run_after=2026-01-26 19:00:00+00:00
[2026-01-26T19:43:50.589+0000] {processor.py:208} INFO - Processing /opt/airflow/dags/music_ingestion_dag.py took 0.189 seconds
[2026-01-26T19:44:20.729+0000] {processor.py:186} INFO - Started process (PID=1132) to work on /opt/airflow/dags/music_ingestion_dag.py
[2026-01-26T19:44:20.731+0000] {processor.py:914} INFO - Processing file /opt/airflow/dags/music_ingestion_dag.py for tasks to queue
[2026-01-26T19:44:20.734+0000] {logging_mixin.py:190} INFO - [2026-01-26T19:44:20.734+0000] {dagbag.py:588} INFO - Filling up the DagBag from /opt/airflow/dags/music_ingestion_dag.py
[2026-01-26T19:44:20.755+0000] {processor.py:925} INFO - DAG(s) '01_music_ingestion_realtime' retrieved from /opt/airflow/dags/music_ingestion_dag.py
[2026-01-26T19:44:20.789+0000] {logging_mixin.py:190} INFO - [2026-01-26T19:44:20.788+0000] {dag.py:3239} INFO - Sync 1 DAGs
[2026-01-26T19:44:20.817+0000] {logging_mixin.py:190} INFO - [2026-01-26T19:44:20.817+0000] {dag.py:4180} INFO - Setting next_dagrun for 01_music_ingestion_realtime to 2026-01-26 18:00:00+00:00, run_after=2026-01-26 19:00:00+00:00
[2026-01-26T19:44:20.860+0000] {processor.py:208} INFO - Processing /opt/airflow/dags/music_ingestion_dag.py took 0.137 seconds
[2026-01-26T19:44:51.068+0000] {processor.py:186} INFO - Started process (PID=1137) to work on /opt/airflow/dags/music_ingestion_dag.py
[2026-01-26T19:44:51.070+0000] {processor.py:914} INFO - Processing file /opt/airflow/dags/music_ingestion_dag.py for tasks to queue
[2026-01-26T19:44:51.075+0000] {logging_mixin.py:190} INFO - [2026-01-26T19:44:51.075+0000] {dagbag.py:588} INFO - Filling up the DagBag from /opt/airflow/dags/music_ingestion_dag.py
[2026-01-26T19:44:51.105+0000] {processor.py:925} INFO - DAG(s) '01_music_ingestion_realtime' retrieved from /opt/airflow/dags/music_ingestion_dag.py
[2026-01-26T19:44:51.145+0000] {logging_mixin.py:190} INFO - [2026-01-26T19:44:51.145+0000] {dag.py:3239} INFO - Sync 1 DAGs
[2026-01-26T19:44:51.179+0000] {logging_mixin.py:190} INFO - [2026-01-26T19:44:51.179+0000] {dag.py:4180} INFO - Setting next_dagrun for 01_music_ingestion_realtime to 2026-01-26 18:00:00+00:00, run_after=2026-01-26 19:00:00+00:00
[2026-01-26T19:44:51.206+0000] {processor.py:208} INFO - Processing /opt/airflow/dags/music_ingestion_dag.py took 0.150 seconds
[2026-01-26T19:45:21.484+0000] {processor.py:186} INFO - Started process (PID=1142) to work on /opt/airflow/dags/music_ingestion_dag.py
[2026-01-26T19:45:21.485+0000] {processor.py:914} INFO - Processing file /opt/airflow/dags/music_ingestion_dag.py for tasks to queue
[2026-01-26T19:45:21.490+0000] {logging_mixin.py:190} INFO - [2026-01-26T19:45:21.490+0000] {dagbag.py:588} INFO - Filling up the DagBag from /opt/airflow/dags/music_ingestion_dag.py
[2026-01-26T19:45:21.518+0000] {processor.py:925} INFO - DAG(s) '01_music_ingestion_realtime' retrieved from /opt/airflow/dags/music_ingestion_dag.py
[2026-01-26T19:45:21.560+0000] {logging_mixin.py:190} INFO - [2026-01-26T19:45:21.559+0000] {dag.py:3239} INFO - Sync 1 DAGs
[2026-01-26T19:45:21.600+0000] {logging_mixin.py:190} INFO - [2026-01-26T19:45:21.599+0000] {dag.py:4180} INFO - Setting next_dagrun for 01_music_ingestion_realtime to 2026-01-26 18:00:00+00:00, run_after=2026-01-26 19:00:00+00:00
[2026-01-26T19:45:21.622+0000] {processor.py:208} INFO - Processing /opt/airflow/dags/music_ingestion_dag.py took 0.146 seconds
[2026-01-26T19:45:51.815+0000] {processor.py:186} INFO - Started process (PID=1147) to work on /opt/airflow/dags/music_ingestion_dag.py
[2026-01-26T19:45:51.816+0000] {processor.py:914} INFO - Processing file /opt/airflow/dags/music_ingestion_dag.py for tasks to queue
[2026-01-26T19:45:51.819+0000] {logging_mixin.py:190} INFO - [2026-01-26T19:45:51.819+0000] {dagbag.py:588} INFO - Filling up the DagBag from /opt/airflow/dags/music_ingestion_dag.py
[2026-01-26T19:45:51.846+0000] {processor.py:925} INFO - DAG(s) '01_music_ingestion_realtime' retrieved from /opt/airflow/dags/music_ingestion_dag.py
[2026-01-26T19:45:51.883+0000] {logging_mixin.py:190} INFO - [2026-01-26T19:45:51.883+0000] {dag.py:3239} INFO - Sync 1 DAGs
[2026-01-26T19:45:51.917+0000] {logging_mixin.py:190} INFO - [2026-01-26T19:45:51.917+0000] {dag.py:4180} INFO - Setting next_dagrun for 01_music_ingestion_realtime to 2026-01-26 18:00:00+00:00, run_after=2026-01-26 19:00:00+00:00
[2026-01-26T19:45:51.943+0000] {processor.py:208} INFO - Processing /opt/airflow/dags/music_ingestion_dag.py took 0.138 seconds
[2026-01-26T19:46:22.244+0000] {processor.py:186} INFO - Started process (PID=1152) to work on /opt/airflow/dags/music_ingestion_dag.py
[2026-01-26T19:46:22.247+0000] {processor.py:914} INFO - Processing file /opt/airflow/dags/music_ingestion_dag.py for tasks to queue
[2026-01-26T19:46:22.255+0000] {logging_mixin.py:190} INFO - [2026-01-26T19:46:22.254+0000] {dagbag.py:588} INFO - Filling up the DagBag from /opt/airflow/dags/music_ingestion_dag.py
[2026-01-26T19:46:22.294+0000] {processor.py:925} INFO - DAG(s) '01_music_ingestion_realtime' retrieved from /opt/airflow/dags/music_ingestion_dag.py
[2026-01-26T19:46:22.345+0000] {logging_mixin.py:190} INFO - [2026-01-26T19:46:22.345+0000] {dag.py:3239} INFO - Sync 1 DAGs
[2026-01-26T19:46:22.378+0000] {logging_mixin.py:190} INFO - [2026-01-26T19:46:22.378+0000] {dag.py:4180} INFO - Setting next_dagrun for 01_music_ingestion_realtime to 2026-01-26 18:00:00+00:00, run_after=2026-01-26 19:00:00+00:00
[2026-01-26T19:46:22.401+0000] {processor.py:208} INFO - Processing /opt/airflow/dags/music_ingestion_dag.py took 0.165 seconds
[2026-01-26T19:46:52.617+0000] {processor.py:186} INFO - Started process (PID=1157) to work on /opt/airflow/dags/music_ingestion_dag.py
[2026-01-26T19:46:52.631+0000] {processor.py:914} INFO - Processing file /opt/airflow/dags/music_ingestion_dag.py for tasks to queue
[2026-01-26T19:46:52.667+0000] {logging_mixin.py:190} INFO - [2026-01-26T19:46:52.667+0000] {dagbag.py:588} INFO - Filling up the DagBag from /opt/airflow/dags/music_ingestion_dag.py
[2026-01-26T19:46:52.883+0000] {processor.py:925} INFO - DAG(s) '01_music_ingestion_realtime' retrieved from /opt/airflow/dags/music_ingestion_dag.py
[2026-01-26T19:46:53.056+0000] {logging_mixin.py:190} INFO - [2026-01-26T19:46:53.056+0000] {dag.py:3239} INFO - Sync 1 DAGs
[2026-01-26T19:46:53.261+0000] {logging_mixin.py:190} INFO - [2026-01-26T19:46:53.261+0000] {dag.py:4180} INFO - Setting next_dagrun for 01_music_ingestion_realtime to 2026-01-26 18:00:00+00:00, run_after=2026-01-26 19:00:00+00:00
[2026-01-26T19:46:53.318+0000] {processor.py:208} INFO - Processing /opt/airflow/dags/music_ingestion_dag.py took 0.782 seconds
[2026-01-26T19:47:23.732+0000] {processor.py:186} INFO - Started process (PID=1162) to work on /opt/airflow/dags/music_ingestion_dag.py
[2026-01-26T19:47:23.733+0000] {processor.py:914} INFO - Processing file /opt/airflow/dags/music_ingestion_dag.py for tasks to queue
[2026-01-26T19:47:23.736+0000] {logging_mixin.py:190} INFO - [2026-01-26T19:47:23.736+0000] {dagbag.py:588} INFO - Filling up the DagBag from /opt/airflow/dags/music_ingestion_dag.py
[2026-01-26T19:47:23.762+0000] {processor.py:925} INFO - DAG(s) '01_music_ingestion_realtime' retrieved from /opt/airflow/dags/music_ingestion_dag.py
[2026-01-26T19:47:23.787+0000] {logging_mixin.py:190} INFO - [2026-01-26T19:47:23.787+0000] {dag.py:3239} INFO - Sync 1 DAGs
[2026-01-26T19:47:23.812+0000] {logging_mixin.py:190} INFO - [2026-01-26T19:47:23.811+0000] {dag.py:4180} INFO - Setting next_dagrun for 01_music_ingestion_realtime to 2026-01-26 18:00:00+00:00, run_after=2026-01-26 19:00:00+00:00
[2026-01-26T19:47:23.832+0000] {processor.py:208} INFO - Processing /opt/airflow/dags/music_ingestion_dag.py took 0.108 seconds
[2026-01-26T19:47:54.104+0000] {processor.py:186} INFO - Started process (PID=1167) to work on /opt/airflow/dags/music_ingestion_dag.py
[2026-01-26T19:47:54.105+0000] {processor.py:914} INFO - Processing file /opt/airflow/dags/music_ingestion_dag.py for tasks to queue
[2026-01-26T19:47:54.108+0000] {logging_mixin.py:190} INFO - [2026-01-26T19:47:54.107+0000] {dagbag.py:588} INFO - Filling up the DagBag from /opt/airflow/dags/music_ingestion_dag.py
[2026-01-26T19:47:54.125+0000] {processor.py:925} INFO - DAG(s) '01_music_ingestion_realtime' retrieved from /opt/airflow/dags/music_ingestion_dag.py
[2026-01-26T19:47:54.151+0000] {logging_mixin.py:190} INFO - [2026-01-26T19:47:54.150+0000] {dag.py:3239} INFO - Sync 1 DAGs
[2026-01-26T19:47:54.173+0000] {logging_mixin.py:190} INFO - [2026-01-26T19:47:54.173+0000] {dag.py:4180} INFO - Setting next_dagrun for 01_music_ingestion_realtime to 2026-01-26 18:00:00+00:00, run_after=2026-01-26 19:00:00+00:00
[2026-01-26T19:47:54.197+0000] {processor.py:208} INFO - Processing /opt/airflow/dags/music_ingestion_dag.py took 0.100 seconds
[2026-01-26T19:48:24.486+0000] {processor.py:186} INFO - Started process (PID=1172) to work on /opt/airflow/dags/music_ingestion_dag.py
[2026-01-26T19:48:24.487+0000] {processor.py:914} INFO - Processing file /opt/airflow/dags/music_ingestion_dag.py for tasks to queue
[2026-01-26T19:48:24.492+0000] {logging_mixin.py:190} INFO - [2026-01-26T19:48:24.491+0000] {dagbag.py:588} INFO - Filling up the DagBag from /opt/airflow/dags/music_ingestion_dag.py
[2026-01-26T19:48:24.513+0000] {processor.py:925} INFO - DAG(s) '01_music_ingestion_realtime' retrieved from /opt/airflow/dags/music_ingestion_dag.py
[2026-01-26T19:48:24.545+0000] {logging_mixin.py:190} INFO - [2026-01-26T19:48:24.545+0000] {dag.py:3239} INFO - Sync 1 DAGs
[2026-01-26T19:48:24.573+0000] {logging_mixin.py:190} INFO - [2026-01-26T19:48:24.573+0000] {dag.py:4180} INFO - Setting next_dagrun for 01_music_ingestion_realtime to 2026-01-26 18:00:00+00:00, run_after=2026-01-26 19:00:00+00:00
[2026-01-26T19:48:24.596+0000] {processor.py:208} INFO - Processing /opt/airflow/dags/music_ingestion_dag.py took 0.119 seconds
[2026-01-26T19:48:54.922+0000] {processor.py:186} INFO - Started process (PID=1177) to work on /opt/airflow/dags/music_ingestion_dag.py
[2026-01-26T19:48:54.923+0000] {processor.py:914} INFO - Processing file /opt/airflow/dags/music_ingestion_dag.py for tasks to queue
[2026-01-26T19:48:54.926+0000] {logging_mixin.py:190} INFO - [2026-01-26T19:48:54.925+0000] {dagbag.py:588} INFO - Filling up the DagBag from /opt/airflow/dags/music_ingestion_dag.py
[2026-01-26T19:48:54.953+0000] {processor.py:925} INFO - DAG(s) '01_music_ingestion_realtime' retrieved from /opt/airflow/dags/music_ingestion_dag.py
[2026-01-26T19:48:54.978+0000] {logging_mixin.py:190} INFO - [2026-01-26T19:48:54.978+0000] {dag.py:3239} INFO - Sync 1 DAGs
[2026-01-26T19:48:54.999+0000] {logging_mixin.py:190} INFO - [2026-01-26T19:48:54.999+0000] {dag.py:4180} INFO - Setting next_dagrun for 01_music_ingestion_realtime to 2026-01-26 18:00:00+00:00, run_after=2026-01-26 19:00:00+00:00
[2026-01-26T19:48:55.023+0000] {processor.py:208} INFO - Processing /opt/airflow/dags/music_ingestion_dag.py took 0.107 seconds
[2026-01-26T19:49:25.379+0000] {processor.py:186} INFO - Started process (PID=1182) to work on /opt/airflow/dags/music_ingestion_dag.py
[2026-01-26T19:49:25.380+0000] {processor.py:914} INFO - Processing file /opt/airflow/dags/music_ingestion_dag.py for tasks to queue
[2026-01-26T19:49:25.383+0000] {logging_mixin.py:190} INFO - [2026-01-26T19:49:25.383+0000] {dagbag.py:588} INFO - Filling up the DagBag from /opt/airflow/dags/music_ingestion_dag.py
[2026-01-26T19:49:25.407+0000] {processor.py:925} INFO - DAG(s) '01_music_ingestion_realtime' retrieved from /opt/airflow/dags/music_ingestion_dag.py
[2026-01-26T19:49:25.486+0000] {logging_mixin.py:190} INFO - [2026-01-26T19:49:25.486+0000] {dag.py:3239} INFO - Sync 1 DAGs
[2026-01-26T19:49:25.511+0000] {logging_mixin.py:190} INFO - [2026-01-26T19:49:25.511+0000] {dag.py:4180} INFO - Setting next_dagrun for 01_music_ingestion_realtime to 2026-01-26 18:00:00+00:00, run_after=2026-01-26 19:00:00+00:00
[2026-01-26T19:49:25.540+0000] {processor.py:208} INFO - Processing /opt/airflow/dags/music_ingestion_dag.py took 0.173 seconds
[2026-01-26T19:49:55.817+0000] {processor.py:186} INFO - Started process (PID=1187) to work on /opt/airflow/dags/music_ingestion_dag.py
[2026-01-26T19:49:55.819+0000] {processor.py:914} INFO - Processing file /opt/airflow/dags/music_ingestion_dag.py for tasks to queue
[2026-01-26T19:49:55.822+0000] {logging_mixin.py:190} INFO - [2026-01-26T19:49:55.822+0000] {dagbag.py:588} INFO - Filling up the DagBag from /opt/airflow/dags/music_ingestion_dag.py
[2026-01-26T19:49:55.854+0000] {processor.py:925} INFO - DAG(s) '01_music_ingestion_realtime' retrieved from /opt/airflow/dags/music_ingestion_dag.py
[2026-01-26T19:49:55.882+0000] {logging_mixin.py:190} INFO - [2026-01-26T19:49:55.882+0000] {dag.py:3239} INFO - Sync 1 DAGs
[2026-01-26T19:49:55.915+0000] {logging_mixin.py:190} INFO - [2026-01-26T19:49:55.915+0000] {dag.py:4180} INFO - Setting next_dagrun for 01_music_ingestion_realtime to 2026-01-26 18:00:00+00:00, run_after=2026-01-26 19:00:00+00:00
[2026-01-26T19:49:55.937+0000] {processor.py:208} INFO - Processing /opt/airflow/dags/music_ingestion_dag.py took 0.126 seconds
[2026-01-26T19:50:26.328+0000] {processor.py:186} INFO - Started process (PID=1192) to work on /opt/airflow/dags/music_ingestion_dag.py
[2026-01-26T19:50:26.330+0000] {processor.py:914} INFO - Processing file /opt/airflow/dags/music_ingestion_dag.py for tasks to queue
[2026-01-26T19:50:26.332+0000] {logging_mixin.py:190} INFO - [2026-01-26T19:50:26.332+0000] {dagbag.py:588} INFO - Filling up the DagBag from /opt/airflow/dags/music_ingestion_dag.py
[2026-01-26T19:50:26.353+0000] {processor.py:925} INFO - DAG(s) '01_music_ingestion_realtime' retrieved from /opt/airflow/dags/music_ingestion_dag.py
[2026-01-26T19:50:26.378+0000] {logging_mixin.py:190} INFO - [2026-01-26T19:50:26.378+0000] {dag.py:3239} INFO - Sync 1 DAGs
[2026-01-26T19:50:26.400+0000] {logging_mixin.py:190} INFO - [2026-01-26T19:50:26.400+0000] {dag.py:4180} INFO - Setting next_dagrun for 01_music_ingestion_realtime to 2026-01-26 18:00:00+00:00, run_after=2026-01-26 19:00:00+00:00
[2026-01-26T19:50:26.426+0000] {processor.py:208} INFO - Processing /opt/airflow/dags/music_ingestion_dag.py took 0.103 seconds
[2026-01-26T19:50:56.747+0000] {processor.py:186} INFO - Started process (PID=1197) to work on /opt/airflow/dags/music_ingestion_dag.py
[2026-01-26T19:50:56.748+0000] {processor.py:914} INFO - Processing file /opt/airflow/dags/music_ingestion_dag.py for tasks to queue
[2026-01-26T19:50:56.751+0000] {logging_mixin.py:190} INFO - [2026-01-26T19:50:56.750+0000] {dagbag.py:588} INFO - Filling up the DagBag from /opt/airflow/dags/music_ingestion_dag.py
[2026-01-26T19:50:56.768+0000] {processor.py:925} INFO - DAG(s) '01_music_ingestion_realtime' retrieved from /opt/airflow/dags/music_ingestion_dag.py
[2026-01-26T19:50:56.792+0000] {logging_mixin.py:190} INFO - [2026-01-26T19:50:56.792+0000] {dag.py:3239} INFO - Sync 1 DAGs
[2026-01-26T19:50:56.813+0000] {logging_mixin.py:190} INFO - [2026-01-26T19:50:56.813+0000] {dag.py:4180} INFO - Setting next_dagrun for 01_music_ingestion_realtime to 2026-01-26 18:00:00+00:00, run_after=2026-01-26 19:00:00+00:00
[2026-01-26T19:50:56.840+0000] {processor.py:208} INFO - Processing /opt/airflow/dags/music_ingestion_dag.py took 0.098 seconds
[2026-01-26T19:51:27.171+0000] {processor.py:186} INFO - Started process (PID=1202) to work on /opt/airflow/dags/music_ingestion_dag.py
[2026-01-26T19:51:27.172+0000] {processor.py:914} INFO - Processing file /opt/airflow/dags/music_ingestion_dag.py for tasks to queue
[2026-01-26T19:51:27.175+0000] {logging_mixin.py:190} INFO - [2026-01-26T19:51:27.175+0000] {dagbag.py:588} INFO - Filling up the DagBag from /opt/airflow/dags/music_ingestion_dag.py
[2026-01-26T19:51:27.198+0000] {processor.py:925} INFO - DAG(s) '01_music_ingestion_realtime' retrieved from /opt/airflow/dags/music_ingestion_dag.py
[2026-01-26T19:51:27.226+0000] {logging_mixin.py:190} INFO - [2026-01-26T19:51:27.225+0000] {dag.py:3239} INFO - Sync 1 DAGs
[2026-01-26T19:51:27.250+0000] {logging_mixin.py:190} INFO - [2026-01-26T19:51:27.250+0000] {dag.py:4180} INFO - Setting next_dagrun for 01_music_ingestion_realtime to 2026-01-26 18:00:00+00:00, run_after=2026-01-26 19:00:00+00:00
[2026-01-26T19:51:27.274+0000] {processor.py:208} INFO - Processing /opt/airflow/dags/music_ingestion_dag.py took 0.109 seconds
[2026-01-26T19:51:57.614+0000] {processor.py:186} INFO - Started process (PID=1207) to work on /opt/airflow/dags/music_ingestion_dag.py
[2026-01-26T19:51:57.615+0000] {processor.py:914} INFO - Processing file /opt/airflow/dags/music_ingestion_dag.py for tasks to queue
[2026-01-26T19:51:57.618+0000] {logging_mixin.py:190} INFO - [2026-01-26T19:51:57.618+0000] {dagbag.py:588} INFO - Filling up the DagBag from /opt/airflow/dags/music_ingestion_dag.py
[2026-01-26T19:51:57.639+0000] {processor.py:925} INFO - DAG(s) '01_music_ingestion_realtime' retrieved from /opt/airflow/dags/music_ingestion_dag.py
[2026-01-26T19:51:57.668+0000] {logging_mixin.py:190} INFO - [2026-01-26T19:51:57.668+0000] {dag.py:3239} INFO - Sync 1 DAGs
[2026-01-26T19:51:57.692+0000] {logging_mixin.py:190} INFO - [2026-01-26T19:51:57.692+0000] {dag.py:4180} INFO - Setting next_dagrun for 01_music_ingestion_realtime to 2026-01-26 18:00:00+00:00, run_after=2026-01-26 19:00:00+00:00
[2026-01-26T19:51:57.719+0000] {processor.py:208} INFO - Processing /opt/airflow/dags/music_ingestion_dag.py took 0.112 seconds
[2026-01-26T19:52:28.007+0000] {processor.py:186} INFO - Started process (PID=1212) to work on /opt/airflow/dags/music_ingestion_dag.py
[2026-01-26T19:52:28.008+0000] {processor.py:914} INFO - Processing file /opt/airflow/dags/music_ingestion_dag.py for tasks to queue
[2026-01-26T19:52:28.013+0000] {logging_mixin.py:190} INFO - [2026-01-26T19:52:28.012+0000] {dagbag.py:588} INFO - Filling up the DagBag from /opt/airflow/dags/music_ingestion_dag.py
[2026-01-26T19:52:28.038+0000] {processor.py:925} INFO - DAG(s) '01_music_ingestion_realtime' retrieved from /opt/airflow/dags/music_ingestion_dag.py
[2026-01-26T19:52:28.077+0000] {logging_mixin.py:190} INFO - [2026-01-26T19:52:28.077+0000] {dag.py:3239} INFO - Sync 1 DAGs
[2026-01-26T19:52:28.116+0000] {logging_mixin.py:190} INFO - [2026-01-26T19:52:28.116+0000] {dag.py:4180} INFO - Setting next_dagrun for 01_music_ingestion_realtime to 2026-01-26 18:00:00+00:00, run_after=2026-01-26 19:00:00+00:00
[2026-01-26T19:52:28.150+0000] {processor.py:208} INFO - Processing /opt/airflow/dags/music_ingestion_dag.py took 0.153 seconds
[2026-01-26T20:08:40.394+0000] {processor.py:186} INFO - Started process (PID=1217) to work on /opt/airflow/dags/music_ingestion_dag.py
[2026-01-26T20:08:40.395+0000] {processor.py:914} INFO - Processing file /opt/airflow/dags/music_ingestion_dag.py for tasks to queue
[2026-01-26T20:08:40.400+0000] {logging_mixin.py:190} INFO - [2026-01-26T20:08:40.400+0000] {dagbag.py:588} INFO - Filling up the DagBag from /opt/airflow/dags/music_ingestion_dag.py
[2026-01-26T20:08:40.436+0000] {processor.py:925} INFO - DAG(s) '01_music_ingestion_realtime' retrieved from /opt/airflow/dags/music_ingestion_dag.py
[2026-01-26T20:08:40.502+0000] {logging_mixin.py:190} INFO - [2026-01-26T20:08:40.502+0000] {dag.py:3239} INFO - Sync 1 DAGs
[2026-01-26T20:08:40.568+0000] {logging_mixin.py:190} INFO - [2026-01-26T20:08:40.568+0000] {dag.py:4180} INFO - Setting next_dagrun for 01_music_ingestion_realtime to 2026-01-26 19:00:00+00:00, run_after=2026-01-26 20:00:00+00:00
[2026-01-26T20:08:40.650+0000] {processor.py:208} INFO - Processing /opt/airflow/dags/music_ingestion_dag.py took 0.263 seconds
[2026-01-26T20:09:10.742+0000] {processor.py:186} INFO - Started process (PID=1222) to work on /opt/airflow/dags/music_ingestion_dag.py
[2026-01-26T20:09:10.744+0000] {processor.py:914} INFO - Processing file /opt/airflow/dags/music_ingestion_dag.py for tasks to queue
[2026-01-26T20:09:10.746+0000] {logging_mixin.py:190} INFO - [2026-01-26T20:09:10.746+0000] {dagbag.py:588} INFO - Filling up the DagBag from /opt/airflow/dags/music_ingestion_dag.py
[2026-01-26T20:09:10.773+0000] {processor.py:925} INFO - DAG(s) '01_music_ingestion_realtime' retrieved from /opt/airflow/dags/music_ingestion_dag.py
[2026-01-26T20:09:10.807+0000] {logging_mixin.py:190} INFO - [2026-01-26T20:09:10.806+0000] {dag.py:3239} INFO - Sync 1 DAGs
[2026-01-26T20:09:10.832+0000] {logging_mixin.py:190} INFO - [2026-01-26T20:09:10.832+0000] {dag.py:4180} INFO - Setting next_dagrun for 01_music_ingestion_realtime to 2026-01-26 19:00:00+00:00, run_after=2026-01-26 20:00:00+00:00
[2026-01-26T20:09:10.855+0000] {processor.py:208} INFO - Processing /opt/airflow/dags/music_ingestion_dag.py took 0.119 seconds
[2026-01-26T20:09:41.134+0000] {processor.py:186} INFO - Started process (PID=1227) to work on /opt/airflow/dags/music_ingestion_dag.py
[2026-01-26T20:09:41.136+0000] {processor.py:914} INFO - Processing file /opt/airflow/dags/music_ingestion_dag.py for tasks to queue
[2026-01-26T20:09:41.140+0000] {logging_mixin.py:190} INFO - [2026-01-26T20:09:41.139+0000] {dagbag.py:588} INFO - Filling up the DagBag from /opt/airflow/dags/music_ingestion_dag.py
[2026-01-26T20:09:41.167+0000] {processor.py:925} INFO - DAG(s) '01_music_ingestion_realtime' retrieved from /opt/airflow/dags/music_ingestion_dag.py
[2026-01-26T20:09:41.206+0000] {logging_mixin.py:190} INFO - [2026-01-26T20:09:41.206+0000] {dag.py:3239} INFO - Sync 1 DAGs
[2026-01-26T20:09:41.238+0000] {logging_mixin.py:190} INFO - [2026-01-26T20:09:41.238+0000] {dag.py:4180} INFO - Setting next_dagrun for 01_music_ingestion_realtime to 2026-01-26 19:00:00+00:00, run_after=2026-01-26 20:00:00+00:00
[2026-01-26T20:09:41.264+0000] {processor.py:208} INFO - Processing /opt/airflow/dags/music_ingestion_dag.py took 0.136 seconds
[2026-01-26T20:10:11.559+0000] {processor.py:186} INFO - Started process (PID=1232) to work on /opt/airflow/dags/music_ingestion_dag.py
[2026-01-26T20:10:11.560+0000] {processor.py:914} INFO - Processing file /opt/airflow/dags/music_ingestion_dag.py for tasks to queue
[2026-01-26T20:10:11.564+0000] {logging_mixin.py:190} INFO - [2026-01-26T20:10:11.563+0000] {dagbag.py:588} INFO - Filling up the DagBag from /opt/airflow/dags/music_ingestion_dag.py
[2026-01-26T20:10:11.593+0000] {processor.py:925} INFO - DAG(s) '01_music_ingestion_realtime' retrieved from /opt/airflow/dags/music_ingestion_dag.py
[2026-01-26T20:10:11.630+0000] {logging_mixin.py:190} INFO - [2026-01-26T20:10:11.629+0000] {dag.py:3239} INFO - Sync 1 DAGs
[2026-01-26T20:10:11.659+0000] {logging_mixin.py:190} INFO - [2026-01-26T20:10:11.659+0000] {dag.py:4180} INFO - Setting next_dagrun for 01_music_ingestion_realtime to 2026-01-26 19:00:00+00:00, run_after=2026-01-26 20:00:00+00:00
[2026-01-26T20:10:11.686+0000] {processor.py:208} INFO - Processing /opt/airflow/dags/music_ingestion_dag.py took 0.135 seconds
[2026-01-26T20:10:41.998+0000] {processor.py:186} INFO - Started process (PID=1237) to work on /opt/airflow/dags/music_ingestion_dag.py
[2026-01-26T20:10:41.999+0000] {processor.py:914} INFO - Processing file /opt/airflow/dags/music_ingestion_dag.py for tasks to queue
[2026-01-26T20:10:42.003+0000] {logging_mixin.py:190} INFO - [2026-01-26T20:10:42.002+0000] {dagbag.py:588} INFO - Filling up the DagBag from /opt/airflow/dags/music_ingestion_dag.py
[2026-01-26T20:10:42.028+0000] {processor.py:925} INFO - DAG(s) '01_music_ingestion_realtime' retrieved from /opt/airflow/dags/music_ingestion_dag.py
[2026-01-26T20:10:42.069+0000] {logging_mixin.py:190} INFO - [2026-01-26T20:10:42.069+0000] {dag.py:3239} INFO - Sync 1 DAGs
[2026-01-26T20:10:42.125+0000] {logging_mixin.py:190} INFO - [2026-01-26T20:10:42.125+0000] {dag.py:4180} INFO - Setting next_dagrun for 01_music_ingestion_realtime to 2026-01-26 19:00:00+00:00, run_after=2026-01-26 20:00:00+00:00
[2026-01-26T20:10:42.154+0000] {processor.py:208} INFO - Processing /opt/airflow/dags/music_ingestion_dag.py took 0.163 seconds
[2026-01-26T20:11:12.376+0000] {processor.py:186} INFO - Started process (PID=1242) to work on /opt/airflow/dags/music_ingestion_dag.py
[2026-01-26T20:11:12.378+0000] {processor.py:914} INFO - Processing file /opt/airflow/dags/music_ingestion_dag.py for tasks to queue
[2026-01-26T20:11:12.380+0000] {logging_mixin.py:190} INFO - [2026-01-26T20:11:12.380+0000] {dagbag.py:588} INFO - Filling up the DagBag from /opt/airflow/dags/music_ingestion_dag.py
[2026-01-26T20:11:12.406+0000] {processor.py:925} INFO - DAG(s) '01_music_ingestion_realtime' retrieved from /opt/airflow/dags/music_ingestion_dag.py
[2026-01-26T20:11:12.438+0000] {logging_mixin.py:190} INFO - [2026-01-26T20:11:12.438+0000] {dag.py:3239} INFO - Sync 1 DAGs
[2026-01-26T20:11:12.483+0000] {logging_mixin.py:190} INFO - [2026-01-26T20:11:12.483+0000] {dag.py:4180} INFO - Setting next_dagrun for 01_music_ingestion_realtime to 2026-01-26 19:00:00+00:00, run_after=2026-01-26 20:00:00+00:00
[2026-01-26T20:11:12.522+0000] {processor.py:208} INFO - Processing /opt/airflow/dags/music_ingestion_dag.py took 0.152 seconds
[2026-01-26T20:11:42.812+0000] {processor.py:186} INFO - Started process (PID=1247) to work on /opt/airflow/dags/music_ingestion_dag.py
[2026-01-26T20:11:42.814+0000] {processor.py:914} INFO - Processing file /opt/airflow/dags/music_ingestion_dag.py for tasks to queue
[2026-01-26T20:11:42.819+0000] {logging_mixin.py:190} INFO - [2026-01-26T20:11:42.819+0000] {dagbag.py:588} INFO - Filling up the DagBag from /opt/airflow/dags/music_ingestion_dag.py
[2026-01-26T20:11:42.850+0000] {processor.py:925} INFO - DAG(s) '01_music_ingestion_realtime' retrieved from /opt/airflow/dags/music_ingestion_dag.py
[2026-01-26T20:11:42.888+0000] {logging_mixin.py:190} INFO - [2026-01-26T20:11:42.887+0000] {dag.py:3239} INFO - Sync 1 DAGs
[2026-01-26T20:11:42.912+0000] {logging_mixin.py:190} INFO - [2026-01-26T20:11:42.911+0000] {dag.py:4180} INFO - Setting next_dagrun for 01_music_ingestion_realtime to 2026-01-26 19:00:00+00:00, run_after=2026-01-26 20:00:00+00:00
[2026-01-26T20:11:42.929+0000] {processor.py:208} INFO - Processing /opt/airflow/dags/music_ingestion_dag.py took 0.124 seconds
[2026-01-26T20:12:13.201+0000] {processor.py:186} INFO - Started process (PID=1252) to work on /opt/airflow/dags/music_ingestion_dag.py
[2026-01-26T20:12:13.203+0000] {processor.py:914} INFO - Processing file /opt/airflow/dags/music_ingestion_dag.py for tasks to queue
[2026-01-26T20:12:13.206+0000] {logging_mixin.py:190} INFO - [2026-01-26T20:12:13.205+0000] {dagbag.py:588} INFO - Filling up the DagBag from /opt/airflow/dags/music_ingestion_dag.py
[2026-01-26T20:12:13.232+0000] {processor.py:925} INFO - DAG(s) '01_music_ingestion_realtime' retrieved from /opt/airflow/dags/music_ingestion_dag.py
[2026-01-26T20:12:13.262+0000] {logging_mixin.py:190} INFO - [2026-01-26T20:12:13.261+0000] {dag.py:3239} INFO - Sync 1 DAGs
[2026-01-26T20:12:13.288+0000] {logging_mixin.py:190} INFO - [2026-01-26T20:12:13.287+0000] {dag.py:4180} INFO - Setting next_dagrun for 01_music_ingestion_realtime to 2026-01-26 19:00:00+00:00, run_after=2026-01-26 20:00:00+00:00
[2026-01-26T20:12:13.312+0000] {processor.py:208} INFO - Processing /opt/airflow/dags/music_ingestion_dag.py took 0.117 seconds
[2026-01-26T20:12:43.666+0000] {processor.py:186} INFO - Started process (PID=1257) to work on /opt/airflow/dags/music_ingestion_dag.py
[2026-01-26T20:12:43.667+0000] {processor.py:914} INFO - Processing file /opt/airflow/dags/music_ingestion_dag.py for tasks to queue
[2026-01-26T20:12:43.670+0000] {logging_mixin.py:190} INFO - [2026-01-26T20:12:43.670+0000] {dagbag.py:588} INFO - Filling up the DagBag from /opt/airflow/dags/music_ingestion_dag.py
[2026-01-26T20:12:43.770+0000] {processor.py:925} INFO - DAG(s) '01_music_ingestion_realtime' retrieved from /opt/airflow/dags/music_ingestion_dag.py
[2026-01-26T20:12:43.836+0000] {logging_mixin.py:190} INFO - [2026-01-26T20:12:43.836+0000] {dag.py:3239} INFO - Sync 1 DAGs
[2026-01-26T20:12:43.888+0000] {logging_mixin.py:190} INFO - [2026-01-26T20:12:43.888+0000] {dag.py:4180} INFO - Setting next_dagrun for 01_music_ingestion_realtime to 2026-01-26 19:00:00+00:00, run_after=2026-01-26 20:00:00+00:00
[2026-01-26T20:12:43.914+0000] {processor.py:208} INFO - Processing /opt/airflow/dags/music_ingestion_dag.py took 0.253 seconds
[2026-01-26T20:13:14.042+0000] {processor.py:186} INFO - Started process (PID=1262) to work on /opt/airflow/dags/music_ingestion_dag.py
[2026-01-26T20:13:14.044+0000] {processor.py:914} INFO - Processing file /opt/airflow/dags/music_ingestion_dag.py for tasks to queue
[2026-01-26T20:13:14.046+0000] {logging_mixin.py:190} INFO - [2026-01-26T20:13:14.046+0000] {dagbag.py:588} INFO - Filling up the DagBag from /opt/airflow/dags/music_ingestion_dag.py
[2026-01-26T20:13:14.067+0000] {processor.py:925} INFO - DAG(s) '01_music_ingestion_realtime' retrieved from /opt/airflow/dags/music_ingestion_dag.py
[2026-01-26T20:13:14.095+0000] {logging_mixin.py:190} INFO - [2026-01-26T20:13:14.095+0000] {dag.py:3239} INFO - Sync 1 DAGs
[2026-01-26T20:13:14.124+0000] {logging_mixin.py:190} INFO - [2026-01-26T20:13:14.124+0000] {dag.py:4180} INFO - Setting next_dagrun for 01_music_ingestion_realtime to 2026-01-26 19:00:00+00:00, run_after=2026-01-26 20:00:00+00:00
[2026-01-26T20:13:14.151+0000] {processor.py:208} INFO - Processing /opt/airflow/dags/music_ingestion_dag.py took 0.114 seconds
[2026-01-26T20:13:44.365+0000] {processor.py:186} INFO - Started process (PID=1267) to work on /opt/airflow/dags/music_ingestion_dag.py
[2026-01-26T20:13:44.366+0000] {processor.py:914} INFO - Processing file /opt/airflow/dags/music_ingestion_dag.py for tasks to queue
[2026-01-26T20:13:44.372+0000] {logging_mixin.py:190} INFO - [2026-01-26T20:13:44.371+0000] {dagbag.py:588} INFO - Filling up the DagBag from /opt/airflow/dags/music_ingestion_dag.py
[2026-01-26T20:13:44.409+0000] {processor.py:925} INFO - DAG(s) '01_music_ingestion_realtime' retrieved from /opt/airflow/dags/music_ingestion_dag.py
[2026-01-26T20:13:44.455+0000] {logging_mixin.py:190} INFO - [2026-01-26T20:13:44.454+0000] {dag.py:3239} INFO - Sync 1 DAGs
[2026-01-26T20:13:44.490+0000] {logging_mixin.py:190} INFO - [2026-01-26T20:13:44.490+0000] {dag.py:4180} INFO - Setting next_dagrun for 01_music_ingestion_realtime to 2026-01-26 19:00:00+00:00, run_after=2026-01-26 20:00:00+00:00
[2026-01-26T20:13:44.520+0000] {processor.py:208} INFO - Processing /opt/airflow/dags/music_ingestion_dag.py took 0.167 seconds
[2026-01-26T20:14:14.797+0000] {processor.py:186} INFO - Started process (PID=1272) to work on /opt/airflow/dags/music_ingestion_dag.py
[2026-01-26T20:14:14.798+0000] {processor.py:914} INFO - Processing file /opt/airflow/dags/music_ingestion_dag.py for tasks to queue
[2026-01-26T20:14:14.800+0000] {logging_mixin.py:190} INFO - [2026-01-26T20:14:14.800+0000] {dagbag.py:588} INFO - Filling up the DagBag from /opt/airflow/dags/music_ingestion_dag.py
[2026-01-26T20:14:14.817+0000] {processor.py:925} INFO - DAG(s) '01_music_ingestion_realtime' retrieved from /opt/airflow/dags/music_ingestion_dag.py
[2026-01-26T20:14:14.846+0000] {logging_mixin.py:190} INFO - [2026-01-26T20:14:14.846+0000] {dag.py:3239} INFO - Sync 1 DAGs
[2026-01-26T20:14:14.906+0000] {logging_mixin.py:190} INFO - [2026-01-26T20:14:14.906+0000] {dag.py:4180} INFO - Setting next_dagrun for 01_music_ingestion_realtime to 2026-01-26 19:00:00+00:00, run_after=2026-01-26 20:00:00+00:00
[2026-01-26T20:14:14.930+0000] {processor.py:208} INFO - Processing /opt/airflow/dags/music_ingestion_dag.py took 0.140 seconds
[2026-01-26T20:14:45.172+0000] {processor.py:186} INFO - Started process (PID=1277) to work on /opt/airflow/dags/music_ingestion_dag.py
[2026-01-26T20:14:45.173+0000] {processor.py:914} INFO - Processing file /opt/airflow/dags/music_ingestion_dag.py for tasks to queue
[2026-01-26T20:14:45.176+0000] {logging_mixin.py:190} INFO - [2026-01-26T20:14:45.175+0000] {dagbag.py:588} INFO - Filling up the DagBag from /opt/airflow/dags/music_ingestion_dag.py
[2026-01-26T20:14:45.191+0000] {processor.py:925} INFO - DAG(s) '01_music_ingestion_realtime' retrieved from /opt/airflow/dags/music_ingestion_dag.py
[2026-01-26T20:14:45.225+0000] {logging_mixin.py:190} INFO - [2026-01-26T20:14:45.224+0000] {dag.py:3239} INFO - Sync 1 DAGs
[2026-01-26T20:14:45.251+0000] {logging_mixin.py:190} INFO - [2026-01-26T20:14:45.251+0000] {dag.py:4180} INFO - Setting next_dagrun for 01_music_ingestion_realtime to 2026-01-26 19:00:00+00:00, run_after=2026-01-26 20:00:00+00:00
[2026-01-26T20:14:45.277+0000] {processor.py:208} INFO - Processing /opt/airflow/dags/music_ingestion_dag.py took 0.110 seconds
[2026-01-26T20:15:15.615+0000] {processor.py:186} INFO - Started process (PID=1282) to work on /opt/airflow/dags/music_ingestion_dag.py
[2026-01-26T20:15:15.616+0000] {processor.py:914} INFO - Processing file /opt/airflow/dags/music_ingestion_dag.py for tasks to queue
[2026-01-26T20:15:15.619+0000] {logging_mixin.py:190} INFO - [2026-01-26T20:15:15.619+0000] {dagbag.py:588} INFO - Filling up the DagBag from /opt/airflow/dags/music_ingestion_dag.py
[2026-01-26T20:15:15.640+0000] {processor.py:925} INFO - DAG(s) '01_music_ingestion_realtime' retrieved from /opt/airflow/dags/music_ingestion_dag.py
[2026-01-26T20:15:15.670+0000] {logging_mixin.py:190} INFO - [2026-01-26T20:15:15.669+0000] {dag.py:3239} INFO - Sync 1 DAGs
[2026-01-26T20:15:15.701+0000] {logging_mixin.py:190} INFO - [2026-01-26T20:15:15.701+0000] {dag.py:4180} INFO - Setting next_dagrun for 01_music_ingestion_realtime to 2026-01-26 19:00:00+00:00, run_after=2026-01-26 20:00:00+00:00
[2026-01-26T20:15:15.735+0000] {processor.py:208} INFO - Processing /opt/airflow/dags/music_ingestion_dag.py took 0.125 seconds
[2026-01-26T20:15:45.974+0000] {processor.py:186} INFO - Started process (PID=1287) to work on /opt/airflow/dags/music_ingestion_dag.py
[2026-01-26T20:15:45.975+0000] {processor.py:914} INFO - Processing file /opt/airflow/dags/music_ingestion_dag.py for tasks to queue
[2026-01-26T20:15:45.979+0000] {logging_mixin.py:190} INFO - [2026-01-26T20:15:45.978+0000] {dagbag.py:588} INFO - Filling up the DagBag from /opt/airflow/dags/music_ingestion_dag.py
[2026-01-26T20:15:46.010+0000] {processor.py:925} INFO - DAG(s) '01_music_ingestion_realtime' retrieved from /opt/airflow/dags/music_ingestion_dag.py
[2026-01-26T20:15:46.047+0000] {logging_mixin.py:190} INFO - [2026-01-26T20:15:46.046+0000] {dag.py:3239} INFO - Sync 1 DAGs
[2026-01-26T20:15:46.094+0000] {logging_mixin.py:190} INFO - [2026-01-26T20:15:46.094+0000] {dag.py:4180} INFO - Setting next_dagrun for 01_music_ingestion_realtime to 2026-01-26 19:00:00+00:00, run_after=2026-01-26 20:00:00+00:00
[2026-01-26T20:15:46.121+0000] {processor.py:208} INFO - Processing /opt/airflow/dags/music_ingestion_dag.py took 0.158 seconds
[2026-01-26T20:16:16.400+0000] {processor.py:186} INFO - Started process (PID=1292) to work on /opt/airflow/dags/music_ingestion_dag.py
[2026-01-26T20:16:16.402+0000] {processor.py:914} INFO - Processing file /opt/airflow/dags/music_ingestion_dag.py for tasks to queue
[2026-01-26T20:16:16.406+0000] {logging_mixin.py:190} INFO - [2026-01-26T20:16:16.406+0000] {dagbag.py:588} INFO - Filling up the DagBag from /opt/airflow/dags/music_ingestion_dag.py
[2026-01-26T20:16:16.434+0000] {processor.py:925} INFO - DAG(s) '01_music_ingestion_realtime' retrieved from /opt/airflow/dags/music_ingestion_dag.py
[2026-01-26T20:16:16.463+0000] {logging_mixin.py:190} INFO - [2026-01-26T20:16:16.463+0000] {dag.py:3239} INFO - Sync 1 DAGs
[2026-01-26T20:16:16.489+0000] {logging_mixin.py:190} INFO - [2026-01-26T20:16:16.489+0000] {dag.py:4180} INFO - Setting next_dagrun for 01_music_ingestion_realtime to 2026-01-26 19:00:00+00:00, run_after=2026-01-26 20:00:00+00:00
[2026-01-26T20:16:16.514+0000] {processor.py:208} INFO - Processing /opt/airflow/dags/music_ingestion_dag.py took 0.121 seconds
[2026-01-26T20:16:46.743+0000] {processor.py:186} INFO - Started process (PID=1297) to work on /opt/airflow/dags/music_ingestion_dag.py
[2026-01-26T20:16:46.746+0000] {processor.py:914} INFO - Processing file /opt/airflow/dags/music_ingestion_dag.py for tasks to queue
[2026-01-26T20:16:46.750+0000] {logging_mixin.py:190} INFO - [2026-01-26T20:16:46.750+0000] {dagbag.py:588} INFO - Filling up the DagBag from /opt/airflow/dags/music_ingestion_dag.py
[2026-01-26T20:16:46.785+0000] {processor.py:925} INFO - DAG(s) '01_music_ingestion_realtime' retrieved from /opt/airflow/dags/music_ingestion_dag.py
[2026-01-26T20:16:46.816+0000] {logging_mixin.py:190} INFO - [2026-01-26T20:16:46.816+0000] {dag.py:3239} INFO - Sync 1 DAGs
[2026-01-26T20:16:46.839+0000] {logging_mixin.py:190} INFO - [2026-01-26T20:16:46.839+0000] {dag.py:4180} INFO - Setting next_dagrun for 01_music_ingestion_realtime to 2026-01-26 19:00:00+00:00, run_after=2026-01-26 20:00:00+00:00
[2026-01-26T20:16:46.867+0000] {processor.py:208} INFO - Processing /opt/airflow/dags/music_ingestion_dag.py took 0.130 seconds
[2026-01-26T20:17:17.129+0000] {processor.py:186} INFO - Started process (PID=1302) to work on /opt/airflow/dags/music_ingestion_dag.py
[2026-01-26T20:17:17.130+0000] {processor.py:914} INFO - Processing file /opt/airflow/dags/music_ingestion_dag.py for tasks to queue
[2026-01-26T20:17:17.134+0000] {logging_mixin.py:190} INFO - [2026-01-26T20:17:17.133+0000] {dagbag.py:588} INFO - Filling up the DagBag from /opt/airflow/dags/music_ingestion_dag.py
[2026-01-26T20:17:17.156+0000] {processor.py:925} INFO - DAG(s) '01_music_ingestion_realtime' retrieved from /opt/airflow/dags/music_ingestion_dag.py
[2026-01-26T20:17:17.185+0000] {logging_mixin.py:190} INFO - [2026-01-26T20:17:17.185+0000] {dag.py:3239} INFO - Sync 1 DAGs
[2026-01-26T20:17:17.212+0000] {logging_mixin.py:190} INFO - [2026-01-26T20:17:17.212+0000] {dag.py:4180} INFO - Setting next_dagrun for 01_music_ingestion_realtime to 2026-01-26 19:00:00+00:00, run_after=2026-01-26 20:00:00+00:00
[2026-01-26T20:17:17.242+0000] {processor.py:208} INFO - Processing /opt/airflow/dags/music_ingestion_dag.py took 0.123 seconds
[2026-01-26T20:17:47.532+0000] {processor.py:186} INFO - Started process (PID=1307) to work on /opt/airflow/dags/music_ingestion_dag.py
[2026-01-26T20:17:47.533+0000] {processor.py:914} INFO - Processing file /opt/airflow/dags/music_ingestion_dag.py for tasks to queue
[2026-01-26T20:17:47.536+0000] {logging_mixin.py:190} INFO - [2026-01-26T20:17:47.536+0000] {dagbag.py:588} INFO - Filling up the DagBag from /opt/airflow/dags/music_ingestion_dag.py
[2026-01-26T20:17:47.565+0000] {processor.py:925} INFO - DAG(s) '01_music_ingestion_realtime' retrieved from /opt/airflow/dags/music_ingestion_dag.py
[2026-01-26T20:17:47.598+0000] {logging_mixin.py:190} INFO - [2026-01-26T20:17:47.598+0000] {dag.py:3239} INFO - Sync 1 DAGs
[2026-01-26T20:17:47.634+0000] {logging_mixin.py:190} INFO - [2026-01-26T20:17:47.634+0000] {dag.py:4180} INFO - Setting next_dagrun for 01_music_ingestion_realtime to 2026-01-26 19:00:00+00:00, run_after=2026-01-26 20:00:00+00:00
[2026-01-26T20:17:47.655+0000] {processor.py:208} INFO - Processing /opt/airflow/dags/music_ingestion_dag.py took 0.131 seconds
[2026-01-26T20:18:18.014+0000] {processor.py:186} INFO - Started process (PID=1312) to work on /opt/airflow/dags/music_ingestion_dag.py
[2026-01-26T20:18:18.015+0000] {processor.py:914} INFO - Processing file /opt/airflow/dags/music_ingestion_dag.py for tasks to queue
[2026-01-26T20:18:18.018+0000] {logging_mixin.py:190} INFO - [2026-01-26T20:18:18.018+0000] {dagbag.py:588} INFO - Filling up the DagBag from /opt/airflow/dags/music_ingestion_dag.py
[2026-01-26T20:18:18.038+0000] {processor.py:925} INFO - DAG(s) '01_music_ingestion_realtime' retrieved from /opt/airflow/dags/music_ingestion_dag.py
[2026-01-26T20:18:18.066+0000] {logging_mixin.py:190} INFO - [2026-01-26T20:18:18.066+0000] {dag.py:3239} INFO - Sync 1 DAGs
[2026-01-26T20:18:18.091+0000] {logging_mixin.py:190} INFO - [2026-01-26T20:18:18.091+0000] {dag.py:4180} INFO - Setting next_dagrun for 01_music_ingestion_realtime to 2026-01-26 19:00:00+00:00, run_after=2026-01-26 20:00:00+00:00
[2026-01-26T20:18:18.117+0000] {processor.py:208} INFO - Processing /opt/airflow/dags/music_ingestion_dag.py took 0.109 seconds
[2026-01-26T20:18:48.457+0000] {processor.py:186} INFO - Started process (PID=1317) to work on /opt/airflow/dags/music_ingestion_dag.py
[2026-01-26T20:18:48.460+0000] {processor.py:914} INFO - Processing file /opt/airflow/dags/music_ingestion_dag.py for tasks to queue
[2026-01-26T20:18:48.463+0000] {logging_mixin.py:190} INFO - [2026-01-26T20:18:48.462+0000] {dagbag.py:588} INFO - Filling up the DagBag from /opt/airflow/dags/music_ingestion_dag.py
[2026-01-26T20:18:48.488+0000] {processor.py:925} INFO - DAG(s) '01_music_ingestion_realtime' retrieved from /opt/airflow/dags/music_ingestion_dag.py
[2026-01-26T20:18:48.514+0000] {logging_mixin.py:190} INFO - [2026-01-26T20:18:48.514+0000] {dag.py:3239} INFO - Sync 1 DAGs
[2026-01-26T20:18:48.535+0000] {logging_mixin.py:190} INFO - [2026-01-26T20:18:48.535+0000] {dag.py:4180} INFO - Setting next_dagrun for 01_music_ingestion_realtime to 2026-01-26 19:00:00+00:00, run_after=2026-01-26 20:00:00+00:00
[2026-01-26T20:18:48.559+0000] {processor.py:208} INFO - Processing /opt/airflow/dags/music_ingestion_dag.py took 0.112 seconds
[2026-01-26T20:19:18.888+0000] {processor.py:186} INFO - Started process (PID=1322) to work on /opt/airflow/dags/music_ingestion_dag.py
[2026-01-26T20:19:18.889+0000] {processor.py:914} INFO - Processing file /opt/airflow/dags/music_ingestion_dag.py for tasks to queue
[2026-01-26T20:19:18.893+0000] {logging_mixin.py:190} INFO - [2026-01-26T20:19:18.892+0000] {dagbag.py:588} INFO - Filling up the DagBag from /opt/airflow/dags/music_ingestion_dag.py
[2026-01-26T20:19:18.927+0000] {processor.py:925} INFO - DAG(s) '01_music_ingestion_realtime' retrieved from /opt/airflow/dags/music_ingestion_dag.py
[2026-01-26T20:19:18.956+0000] {logging_mixin.py:190} INFO - [2026-01-26T20:19:18.955+0000] {dag.py:3239} INFO - Sync 1 DAGs
[2026-01-26T20:19:18.984+0000] {logging_mixin.py:190} INFO - [2026-01-26T20:19:18.984+0000] {dag.py:4180} INFO - Setting next_dagrun for 01_music_ingestion_realtime to 2026-01-26 19:00:00+00:00, run_after=2026-01-26 20:00:00+00:00
[2026-01-26T20:19:19.009+0000] {processor.py:208} INFO - Processing /opt/airflow/dags/music_ingestion_dag.py took 0.128 seconds
[2026-01-26T20:19:49.305+0000] {processor.py:186} INFO - Started process (PID=1327) to work on /opt/airflow/dags/music_ingestion_dag.py
[2026-01-26T20:19:49.307+0000] {processor.py:914} INFO - Processing file /opt/airflow/dags/music_ingestion_dag.py for tasks to queue
[2026-01-26T20:19:49.312+0000] {logging_mixin.py:190} INFO - [2026-01-26T20:19:49.311+0000] {dagbag.py:588} INFO - Filling up the DagBag from /opt/airflow/dags/music_ingestion_dag.py
[2026-01-26T20:19:49.341+0000] {processor.py:925} INFO - DAG(s) '01_music_ingestion_realtime' retrieved from /opt/airflow/dags/music_ingestion_dag.py
[2026-01-26T20:19:49.379+0000] {logging_mixin.py:190} INFO - [2026-01-26T20:19:49.379+0000] {dag.py:3239} INFO - Sync 1 DAGs
[2026-01-26T20:19:49.410+0000] {logging_mixin.py:190} INFO - [2026-01-26T20:19:49.410+0000] {dag.py:4180} INFO - Setting next_dagrun for 01_music_ingestion_realtime to 2026-01-26 19:00:00+00:00, run_after=2026-01-26 20:00:00+00:00
[2026-01-26T20:19:49.434+0000] {processor.py:208} INFO - Processing /opt/airflow/dags/music_ingestion_dag.py took 0.146 seconds
[2026-01-26T20:20:19.737+0000] {processor.py:186} INFO - Started process (PID=1332) to work on /opt/airflow/dags/music_ingestion_dag.py
[2026-01-26T20:20:19.739+0000] {processor.py:914} INFO - Processing file /opt/airflow/dags/music_ingestion_dag.py for tasks to queue
[2026-01-26T20:20:19.742+0000] {logging_mixin.py:190} INFO - [2026-01-26T20:20:19.742+0000] {dagbag.py:588} INFO - Filling up the DagBag from /opt/airflow/dags/music_ingestion_dag.py
[2026-01-26T20:20:19.772+0000] {processor.py:925} INFO - DAG(s) '01_music_ingestion_realtime' retrieved from /opt/airflow/dags/music_ingestion_dag.py
[2026-01-26T20:20:19.803+0000] {logging_mixin.py:190} INFO - [2026-01-26T20:20:19.803+0000] {dag.py:3239} INFO - Sync 1 DAGs
[2026-01-26T20:20:19.829+0000] {logging_mixin.py:190} INFO - [2026-01-26T20:20:19.829+0000] {dag.py:4180} INFO - Setting next_dagrun for 01_music_ingestion_realtime to 2026-01-26 19:00:00+00:00, run_after=2026-01-26 20:00:00+00:00
[2026-01-26T20:20:19.853+0000] {processor.py:208} INFO - Processing /opt/airflow/dags/music_ingestion_dag.py took 0.122 seconds
[2026-01-26T20:20:50.098+0000] {processor.py:186} INFO - Started process (PID=1337) to work on /opt/airflow/dags/music_ingestion_dag.py
[2026-01-26T20:20:50.100+0000] {processor.py:914} INFO - Processing file /opt/airflow/dags/music_ingestion_dag.py for tasks to queue
[2026-01-26T20:20:50.105+0000] {logging_mixin.py:190} INFO - [2026-01-26T20:20:50.104+0000] {dagbag.py:588} INFO - Filling up the DagBag from /opt/airflow/dags/music_ingestion_dag.py
[2026-01-26T20:20:50.134+0000] {processor.py:925} INFO - DAG(s) '01_music_ingestion_realtime' retrieved from /opt/airflow/dags/music_ingestion_dag.py
[2026-01-26T20:20:50.173+0000] {logging_mixin.py:190} INFO - [2026-01-26T20:20:50.173+0000] {dag.py:3239} INFO - Sync 1 DAGs
[2026-01-26T20:20:50.206+0000] {logging_mixin.py:190} INFO - [2026-01-26T20:20:50.205+0000] {dag.py:4180} INFO - Setting next_dagrun for 01_music_ingestion_realtime to 2026-01-26 19:00:00+00:00, run_after=2026-01-26 20:00:00+00:00
[2026-01-26T20:20:50.235+0000] {processor.py:208} INFO - Processing /opt/airflow/dags/music_ingestion_dag.py took 0.148 seconds
[2026-01-26T20:21:20.566+0000] {processor.py:186} INFO - Started process (PID=1342) to work on /opt/airflow/dags/music_ingestion_dag.py
[2026-01-26T20:21:20.568+0000] {processor.py:914} INFO - Processing file /opt/airflow/dags/music_ingestion_dag.py for tasks to queue
[2026-01-26T20:21:20.572+0000] {logging_mixin.py:190} INFO - [2026-01-26T20:21:20.571+0000] {dagbag.py:588} INFO - Filling up the DagBag from /opt/airflow/dags/music_ingestion_dag.py
[2026-01-26T20:21:20.601+0000] {processor.py:925} INFO - DAG(s) '01_music_ingestion_realtime' retrieved from /opt/airflow/dags/music_ingestion_dag.py
[2026-01-26T20:21:20.647+0000] {logging_mixin.py:190} INFO - [2026-01-26T20:21:20.647+0000] {dag.py:3239} INFO - Sync 1 DAGs
[2026-01-26T20:21:20.682+0000] {logging_mixin.py:190} INFO - [2026-01-26T20:21:20.681+0000] {dag.py:4180} INFO - Setting next_dagrun for 01_music_ingestion_realtime to 2026-01-26 19:00:00+00:00, run_after=2026-01-26 20:00:00+00:00
[2026-01-26T20:21:20.708+0000] {processor.py:208} INFO - Processing /opt/airflow/dags/music_ingestion_dag.py took 0.150 seconds
[2026-01-26T20:21:50.888+0000] {processor.py:186} INFO - Started process (PID=1347) to work on /opt/airflow/dags/music_ingestion_dag.py
[2026-01-26T20:21:50.890+0000] {processor.py:914} INFO - Processing file /opt/airflow/dags/music_ingestion_dag.py for tasks to queue
[2026-01-26T20:21:50.892+0000] {logging_mixin.py:190} INFO - [2026-01-26T20:21:50.892+0000] {dagbag.py:588} INFO - Filling up the DagBag from /opt/airflow/dags/music_ingestion_dag.py
[2026-01-26T20:21:50.913+0000] {processor.py:925} INFO - DAG(s) '01_music_ingestion_realtime' retrieved from /opt/airflow/dags/music_ingestion_dag.py
[2026-01-26T20:21:50.948+0000] {logging_mixin.py:190} INFO - [2026-01-26T20:21:50.947+0000] {dag.py:3239} INFO - Sync 1 DAGs
[2026-01-26T20:21:50.973+0000] {logging_mixin.py:190} INFO - [2026-01-26T20:21:50.973+0000] {dag.py:4180} INFO - Setting next_dagrun for 01_music_ingestion_realtime to 2026-01-26 19:00:00+00:00, run_after=2026-01-26 20:00:00+00:00
[2026-01-26T20:21:50.999+0000] {processor.py:208} INFO - Processing /opt/airflow/dags/music_ingestion_dag.py took 0.116 seconds
[2026-01-26T20:22:21.366+0000] {processor.py:186} INFO - Started process (PID=1352) to work on /opt/airflow/dags/music_ingestion_dag.py
[2026-01-26T20:22:21.367+0000] {processor.py:914} INFO - Processing file /opt/airflow/dags/music_ingestion_dag.py for tasks to queue
[2026-01-26T20:22:21.369+0000] {logging_mixin.py:190} INFO - [2026-01-26T20:22:21.369+0000] {dagbag.py:588} INFO - Filling up the DagBag from /opt/airflow/dags/music_ingestion_dag.py
[2026-01-26T20:22:21.404+0000] {processor.py:925} INFO - DAG(s) '01_music_ingestion_realtime' retrieved from /opt/airflow/dags/music_ingestion_dag.py
[2026-01-26T20:22:21.435+0000] {logging_mixin.py:190} INFO - [2026-01-26T20:22:21.434+0000] {dag.py:3239} INFO - Sync 1 DAGs
[2026-01-26T20:22:21.459+0000] {logging_mixin.py:190} INFO - [2026-01-26T20:22:21.459+0000] {dag.py:4180} INFO - Setting next_dagrun for 01_music_ingestion_realtime to 2026-01-26 19:00:00+00:00, run_after=2026-01-26 20:00:00+00:00
[2026-01-26T20:22:21.484+0000] {processor.py:208} INFO - Processing /opt/airflow/dags/music_ingestion_dag.py took 0.124 seconds
[2026-01-26T20:22:51.702+0000] {processor.py:186} INFO - Started process (PID=1357) to work on /opt/airflow/dags/music_ingestion_dag.py
[2026-01-26T20:22:51.704+0000] {processor.py:914} INFO - Processing file /opt/airflow/dags/music_ingestion_dag.py for tasks to queue
[2026-01-26T20:22:51.708+0000] {logging_mixin.py:190} INFO - [2026-01-26T20:22:51.707+0000] {dagbag.py:588} INFO - Filling up the DagBag from /opt/airflow/dags/music_ingestion_dag.py
[2026-01-26T20:22:51.755+0000] {processor.py:925} INFO - DAG(s) '01_music_ingestion_realtime' retrieved from /opt/airflow/dags/music_ingestion_dag.py
[2026-01-26T20:22:51.800+0000] {logging_mixin.py:190} INFO - [2026-01-26T20:22:51.800+0000] {dag.py:3239} INFO - Sync 1 DAGs
[2026-01-26T20:22:51.832+0000] {logging_mixin.py:190} INFO - [2026-01-26T20:22:51.831+0000] {dag.py:4180} INFO - Setting next_dagrun for 01_music_ingestion_realtime to 2026-01-26 19:00:00+00:00, run_after=2026-01-26 20:00:00+00:00
[2026-01-26T20:22:51.860+0000] {processor.py:208} INFO - Processing /opt/airflow/dags/music_ingestion_dag.py took 0.166 seconds
[2026-01-26T20:23:22.121+0000] {processor.py:186} INFO - Started process (PID=1362) to work on /opt/airflow/dags/music_ingestion_dag.py
[2026-01-26T20:23:22.124+0000] {processor.py:914} INFO - Processing file /opt/airflow/dags/music_ingestion_dag.py for tasks to queue
[2026-01-26T20:23:22.127+0000] {logging_mixin.py:190} INFO - [2026-01-26T20:23:22.127+0000] {dagbag.py:588} INFO - Filling up the DagBag from /opt/airflow/dags/music_ingestion_dag.py
[2026-01-26T20:23:22.150+0000] {processor.py:925} INFO - DAG(s) '01_music_ingestion_realtime' retrieved from /opt/airflow/dags/music_ingestion_dag.py
[2026-01-26T20:23:22.183+0000] {logging_mixin.py:190} INFO - [2026-01-26T20:23:22.183+0000] {dag.py:3239} INFO - Sync 1 DAGs
[2026-01-26T20:23:22.210+0000] {logging_mixin.py:190} INFO - [2026-01-26T20:23:22.210+0000] {dag.py:4180} INFO - Setting next_dagrun for 01_music_ingestion_realtime to 2026-01-26 19:00:00+00:00, run_after=2026-01-26 20:00:00+00:00
[2026-01-26T20:23:22.238+0000] {processor.py:208} INFO - Processing /opt/airflow/dags/music_ingestion_dag.py took 0.122 seconds
[2026-01-26T20:23:52.608+0000] {processor.py:186} INFO - Started process (PID=1367) to work on /opt/airflow/dags/music_ingestion_dag.py
[2026-01-26T20:23:52.611+0000] {processor.py:914} INFO - Processing file /opt/airflow/dags/music_ingestion_dag.py for tasks to queue
[2026-01-26T20:23:52.616+0000] {logging_mixin.py:190} INFO - [2026-01-26T20:23:52.615+0000] {dagbag.py:588} INFO - Filling up the DagBag from /opt/airflow/dags/music_ingestion_dag.py
[2026-01-26T20:23:52.664+0000] {processor.py:925} INFO - DAG(s) '01_music_ingestion_realtime' retrieved from /opt/airflow/dags/music_ingestion_dag.py
[2026-01-26T20:23:52.704+0000] {logging_mixin.py:190} INFO - [2026-01-26T20:23:52.704+0000] {dag.py:3239} INFO - Sync 1 DAGs
[2026-01-26T20:23:52.741+0000] {logging_mixin.py:190} INFO - [2026-01-26T20:23:52.741+0000] {dag.py:4180} INFO - Setting next_dagrun for 01_music_ingestion_realtime to 2026-01-26 19:00:00+00:00, run_after=2026-01-26 20:00:00+00:00
[2026-01-26T20:23:52.779+0000] {processor.py:208} INFO - Processing /opt/airflow/dags/music_ingestion_dag.py took 0.179 seconds
[2026-01-26T20:24:22.941+0000] {processor.py:186} INFO - Started process (PID=1372) to work on /opt/airflow/dags/music_ingestion_dag.py
[2026-01-26T20:24:22.942+0000] {processor.py:914} INFO - Processing file /opt/airflow/dags/music_ingestion_dag.py for tasks to queue
[2026-01-26T20:24:22.945+0000] {logging_mixin.py:190} INFO - [2026-01-26T20:24:22.945+0000] {dagbag.py:588} INFO - Filling up the DagBag from /opt/airflow/dags/music_ingestion_dag.py
[2026-01-26T20:24:22.973+0000] {processor.py:925} INFO - DAG(s) '01_music_ingestion_realtime' retrieved from /opt/airflow/dags/music_ingestion_dag.py
[2026-01-26T20:24:23.024+0000] {logging_mixin.py:190} INFO - [2026-01-26T20:24:23.024+0000] {dag.py:3239} INFO - Sync 1 DAGs
[2026-01-26T20:24:23.049+0000] {logging_mixin.py:190} INFO - [2026-01-26T20:24:23.048+0000] {dag.py:4180} INFO - Setting next_dagrun for 01_music_ingestion_realtime to 2026-01-26 19:00:00+00:00, run_after=2026-01-26 20:00:00+00:00
[2026-01-26T20:24:23.086+0000] {processor.py:208} INFO - Processing /opt/airflow/dags/music_ingestion_dag.py took 0.152 seconds
[2026-01-26T20:24:53.441+0000] {processor.py:186} INFO - Started process (PID=1377) to work on /opt/airflow/dags/music_ingestion_dag.py
[2026-01-26T20:24:53.442+0000] {processor.py:914} INFO - Processing file /opt/airflow/dags/music_ingestion_dag.py for tasks to queue
[2026-01-26T20:24:53.445+0000] {logging_mixin.py:190} INFO - [2026-01-26T20:24:53.445+0000] {dagbag.py:588} INFO - Filling up the DagBag from /opt/airflow/dags/music_ingestion_dag.py
[2026-01-26T20:24:53.481+0000] {processor.py:925} INFO - DAG(s) '01_music_ingestion_realtime' retrieved from /opt/airflow/dags/music_ingestion_dag.py
[2026-01-26T20:24:53.526+0000] {logging_mixin.py:190} INFO - [2026-01-26T20:24:53.526+0000] {dag.py:3239} INFO - Sync 1 DAGs
[2026-01-26T20:24:53.558+0000] {logging_mixin.py:190} INFO - [2026-01-26T20:24:53.558+0000] {dag.py:4180} INFO - Setting next_dagrun for 01_music_ingestion_realtime to 2026-01-26 19:00:00+00:00, run_after=2026-01-26 20:00:00+00:00
[2026-01-26T20:24:53.585+0000] {processor.py:208} INFO - Processing /opt/airflow/dags/music_ingestion_dag.py took 0.151 seconds
[2026-01-26T20:25:23.805+0000] {processor.py:186} INFO - Started process (PID=1382) to work on /opt/airflow/dags/music_ingestion_dag.py
[2026-01-26T20:25:23.810+0000] {processor.py:914} INFO - Processing file /opt/airflow/dags/music_ingestion_dag.py for tasks to queue
[2026-01-26T20:25:23.826+0000] {logging_mixin.py:190} INFO - [2026-01-26T20:25:23.822+0000] {dagbag.py:588} INFO - Filling up the DagBag from /opt/airflow/dags/music_ingestion_dag.py
[2026-01-26T20:25:23.871+0000] {processor.py:925} INFO - DAG(s) '01_music_ingestion_realtime' retrieved from /opt/airflow/dags/music_ingestion_dag.py
[2026-01-26T20:25:23.903+0000] {logging_mixin.py:190} INFO - [2026-01-26T20:25:23.903+0000] {dag.py:3239} INFO - Sync 1 DAGs
[2026-01-26T20:25:23.930+0000] {logging_mixin.py:190} INFO - [2026-01-26T20:25:23.929+0000] {dag.py:4180} INFO - Setting next_dagrun for 01_music_ingestion_realtime to 2026-01-26 19:00:00+00:00, run_after=2026-01-26 20:00:00+00:00
[2026-01-26T20:25:23.957+0000] {processor.py:208} INFO - Processing /opt/airflow/dags/music_ingestion_dag.py took 0.158 seconds
[2026-01-26T20:25:54.327+0000] {processor.py:186} INFO - Started process (PID=1387) to work on /opt/airflow/dags/music_ingestion_dag.py
[2026-01-26T20:25:54.329+0000] {processor.py:914} INFO - Processing file /opt/airflow/dags/music_ingestion_dag.py for tasks to queue
[2026-01-26T20:25:54.331+0000] {logging_mixin.py:190} INFO - [2026-01-26T20:25:54.331+0000] {dagbag.py:588} INFO - Filling up the DagBag from /opt/airflow/dags/music_ingestion_dag.py
[2026-01-26T20:25:54.369+0000] {processor.py:925} INFO - DAG(s) '01_music_ingestion_realtime' retrieved from /opt/airflow/dags/music_ingestion_dag.py
[2026-01-26T20:25:54.398+0000] {logging_mixin.py:190} INFO - [2026-01-26T20:25:54.398+0000] {dag.py:3239} INFO - Sync 1 DAGs
[2026-01-26T20:25:54.422+0000] {logging_mixin.py:190} INFO - [2026-01-26T20:25:54.422+0000] {dag.py:4180} INFO - Setting next_dagrun for 01_music_ingestion_realtime to 2026-01-26 19:00:00+00:00, run_after=2026-01-26 20:00:00+00:00
[2026-01-26T20:25:54.448+0000] {processor.py:208} INFO - Processing /opt/airflow/dags/music_ingestion_dag.py took 0.126 seconds
[2026-01-26T20:26:24.775+0000] {processor.py:186} INFO - Started process (PID=1392) to work on /opt/airflow/dags/music_ingestion_dag.py
[2026-01-26T20:26:24.776+0000] {processor.py:914} INFO - Processing file /opt/airflow/dags/music_ingestion_dag.py for tasks to queue
[2026-01-26T20:26:24.797+0000] {logging_mixin.py:190} INFO - [2026-01-26T20:26:24.795+0000] {dagbag.py:588} INFO - Filling up the DagBag from /opt/airflow/dags/music_ingestion_dag.py
[2026-01-26T20:26:24.852+0000] {processor.py:925} INFO - DAG(s) '01_music_ingestion_realtime' retrieved from /opt/airflow/dags/music_ingestion_dag.py
[2026-01-26T20:26:24.907+0000] {logging_mixin.py:190} INFO - [2026-01-26T20:26:24.906+0000] {dag.py:3239} INFO - Sync 1 DAGs
[2026-01-26T20:26:24.949+0000] {logging_mixin.py:190} INFO - [2026-01-26T20:26:24.949+0000] {dag.py:4180} INFO - Setting next_dagrun for 01_music_ingestion_realtime to 2026-01-26 19:00:00+00:00, run_after=2026-01-26 20:00:00+00:00
[2026-01-26T20:26:24.979+0000] {processor.py:208} INFO - Processing /opt/airflow/dags/music_ingestion_dag.py took 0.221 seconds
[2026-01-26T20:26:55.214+0000] {processor.py:186} INFO - Started process (PID=1397) to work on /opt/airflow/dags/music_ingestion_dag.py
[2026-01-26T20:26:55.217+0000] {processor.py:914} INFO - Processing file /opt/airflow/dags/music_ingestion_dag.py for tasks to queue
[2026-01-26T20:26:55.222+0000] {logging_mixin.py:190} INFO - [2026-01-26T20:26:55.221+0000] {dagbag.py:588} INFO - Filling up the DagBag from /opt/airflow/dags/music_ingestion_dag.py
[2026-01-26T20:26:55.256+0000] {processor.py:925} INFO - DAG(s) '01_music_ingestion_realtime' retrieved from /opt/airflow/dags/music_ingestion_dag.py
[2026-01-26T20:26:55.306+0000] {logging_mixin.py:190} INFO - [2026-01-26T20:26:55.306+0000] {dag.py:3239} INFO - Sync 1 DAGs
[2026-01-26T20:26:55.350+0000] {logging_mixin.py:190} INFO - [2026-01-26T20:26:55.350+0000] {dag.py:4180} INFO - Setting next_dagrun for 01_music_ingestion_realtime to 2026-01-26 19:00:00+00:00, run_after=2026-01-26 20:00:00+00:00
[2026-01-26T20:26:55.383+0000] {processor.py:208} INFO - Processing /opt/airflow/dags/music_ingestion_dag.py took 0.179 seconds
[2026-01-26T20:27:25.612+0000] {processor.py:186} INFO - Started process (PID=1402) to work on /opt/airflow/dags/music_ingestion_dag.py
[2026-01-26T20:27:25.614+0000] {processor.py:914} INFO - Processing file /opt/airflow/dags/music_ingestion_dag.py for tasks to queue
[2026-01-26T20:27:25.625+0000] {logging_mixin.py:190} INFO - [2026-01-26T20:27:25.625+0000] {dagbag.py:588} INFO - Filling up the DagBag from /opt/airflow/dags/music_ingestion_dag.py
[2026-01-26T20:27:25.654+0000] {processor.py:925} INFO - DAG(s) '01_music_ingestion_realtime' retrieved from /opt/airflow/dags/music_ingestion_dag.py
[2026-01-26T20:27:25.699+0000] {logging_mixin.py:190} INFO - [2026-01-26T20:27:25.699+0000] {dag.py:3239} INFO - Sync 1 DAGs
[2026-01-26T20:27:25.729+0000] {logging_mixin.py:190} INFO - [2026-01-26T20:27:25.729+0000] {dag.py:4180} INFO - Setting next_dagrun for 01_music_ingestion_realtime to 2026-01-26 19:00:00+00:00, run_after=2026-01-26 20:00:00+00:00
[2026-01-26T20:27:25.758+0000] {processor.py:208} INFO - Processing /opt/airflow/dags/music_ingestion_dag.py took 0.153 seconds
[2026-01-26T20:27:56.043+0000] {processor.py:186} INFO - Started process (PID=1407) to work on /opt/airflow/dags/music_ingestion_dag.py
[2026-01-26T20:27:56.044+0000] {processor.py:914} INFO - Processing file /opt/airflow/dags/music_ingestion_dag.py for tasks to queue
[2026-01-26T20:27:56.047+0000] {logging_mixin.py:190} INFO - [2026-01-26T20:27:56.047+0000] {dagbag.py:588} INFO - Filling up the DagBag from /opt/airflow/dags/music_ingestion_dag.py
[2026-01-26T20:27:56.069+0000] {processor.py:925} INFO - DAG(s) '01_music_ingestion_realtime' retrieved from /opt/airflow/dags/music_ingestion_dag.py
[2026-01-26T20:27:56.109+0000] {logging_mixin.py:190} INFO - [2026-01-26T20:27:56.108+0000] {dag.py:3239} INFO - Sync 1 DAGs
[2026-01-26T20:27:56.146+0000] {logging_mixin.py:190} INFO - [2026-01-26T20:27:56.146+0000] {dag.py:4180} INFO - Setting next_dagrun for 01_music_ingestion_realtime to 2026-01-26 19:00:00+00:00, run_after=2026-01-26 20:00:00+00:00
[2026-01-26T20:27:56.183+0000] {processor.py:208} INFO - Processing /opt/airflow/dags/music_ingestion_dag.py took 0.147 seconds
[2026-01-26T20:28:26.433+0000] {processor.py:186} INFO - Started process (PID=1412) to work on /opt/airflow/dags/music_ingestion_dag.py
[2026-01-26T20:28:26.435+0000] {processor.py:914} INFO - Processing file /opt/airflow/dags/music_ingestion_dag.py for tasks to queue
[2026-01-26T20:28:26.439+0000] {logging_mixin.py:190} INFO - [2026-01-26T20:28:26.439+0000] {dagbag.py:588} INFO - Filling up the DagBag from /opt/airflow/dags/music_ingestion_dag.py
[2026-01-26T20:28:26.475+0000] {processor.py:925} INFO - DAG(s) '01_music_ingestion_realtime' retrieved from /opt/airflow/dags/music_ingestion_dag.py
[2026-01-26T20:28:26.509+0000] {logging_mixin.py:190} INFO - [2026-01-26T20:28:26.509+0000] {dag.py:3239} INFO - Sync 1 DAGs
[2026-01-26T20:28:26.542+0000] {logging_mixin.py:190} INFO - [2026-01-26T20:28:26.542+0000] {dag.py:4180} INFO - Setting next_dagrun for 01_music_ingestion_realtime to 2026-01-26 19:00:00+00:00, run_after=2026-01-26 20:00:00+00:00
[2026-01-26T20:28:26.568+0000] {processor.py:208} INFO - Processing /opt/airflow/dags/music_ingestion_dag.py took 0.144 seconds
[2026-01-26T20:28:56.877+0000] {processor.py:186} INFO - Started process (PID=1417) to work on /opt/airflow/dags/music_ingestion_dag.py
[2026-01-26T20:28:56.878+0000] {processor.py:914} INFO - Processing file /opt/airflow/dags/music_ingestion_dag.py for tasks to queue
[2026-01-26T20:28:56.881+0000] {logging_mixin.py:190} INFO - [2026-01-26T20:28:56.881+0000] {dagbag.py:588} INFO - Filling up the DagBag from /opt/airflow/dags/music_ingestion_dag.py
[2026-01-26T20:28:56.900+0000] {processor.py:925} INFO - DAG(s) '01_music_ingestion_realtime' retrieved from /opt/airflow/dags/music_ingestion_dag.py
[2026-01-26T20:28:56.928+0000] {logging_mixin.py:190} INFO - [2026-01-26T20:28:56.928+0000] {dag.py:3239} INFO - Sync 1 DAGs
[2026-01-26T20:28:56.952+0000] {logging_mixin.py:190} INFO - [2026-01-26T20:28:56.952+0000] {dag.py:4180} INFO - Setting next_dagrun for 01_music_ingestion_realtime to 2026-01-26 19:00:00+00:00, run_after=2026-01-26 20:00:00+00:00
[2026-01-26T20:28:56.977+0000] {processor.py:208} INFO - Processing /opt/airflow/dags/music_ingestion_dag.py took 0.106 seconds
[2026-01-26T20:29:27.203+0000] {processor.py:186} INFO - Started process (PID=1422) to work on /opt/airflow/dags/music_ingestion_dag.py
[2026-01-26T20:29:27.204+0000] {processor.py:914} INFO - Processing file /opt/airflow/dags/music_ingestion_dag.py for tasks to queue
[2026-01-26T20:29:27.207+0000] {logging_mixin.py:190} INFO - [2026-01-26T20:29:27.206+0000] {dagbag.py:588} INFO - Filling up the DagBag from /opt/airflow/dags/music_ingestion_dag.py
[2026-01-26T20:29:27.227+0000] {processor.py:925} INFO - DAG(s) '01_music_ingestion_realtime' retrieved from /opt/airflow/dags/music_ingestion_dag.py
[2026-01-26T20:29:27.261+0000] {logging_mixin.py:190} INFO - [2026-01-26T20:29:27.261+0000] {dag.py:3239} INFO - Sync 1 DAGs
[2026-01-26T20:29:27.291+0000] {logging_mixin.py:190} INFO - [2026-01-26T20:29:27.290+0000] {dag.py:4180} INFO - Setting next_dagrun for 01_music_ingestion_realtime to 2026-01-26 19:00:00+00:00, run_after=2026-01-26 20:00:00+00:00
[2026-01-26T20:29:27.319+0000] {processor.py:208} INFO - Processing /opt/airflow/dags/music_ingestion_dag.py took 0.122 seconds
[2026-01-26T20:29:57.647+0000] {processor.py:186} INFO - Started process (PID=1427) to work on /opt/airflow/dags/music_ingestion_dag.py
[2026-01-26T20:29:57.648+0000] {processor.py:914} INFO - Processing file /opt/airflow/dags/music_ingestion_dag.py for tasks to queue
[2026-01-26T20:29:57.651+0000] {logging_mixin.py:190} INFO - [2026-01-26T20:29:57.650+0000] {dagbag.py:588} INFO - Filling up the DagBag from /opt/airflow/dags/music_ingestion_dag.py
[2026-01-26T20:29:57.675+0000] {processor.py:925} INFO - DAG(s) '01_music_ingestion_realtime' retrieved from /opt/airflow/dags/music_ingestion_dag.py
[2026-01-26T20:29:57.706+0000] {logging_mixin.py:190} INFO - [2026-01-26T20:29:57.705+0000] {dag.py:3239} INFO - Sync 1 DAGs
[2026-01-26T20:29:57.731+0000] {logging_mixin.py:190} INFO - [2026-01-26T20:29:57.730+0000] {dag.py:4180} INFO - Setting next_dagrun for 01_music_ingestion_realtime to 2026-01-26 19:00:00+00:00, run_after=2026-01-26 20:00:00+00:00
[2026-01-26T20:29:57.767+0000] {processor.py:208} INFO - Processing /opt/airflow/dags/music_ingestion_dag.py took 0.126 seconds
[2026-01-26T20:30:28.008+0000] {processor.py:186} INFO - Started process (PID=1432) to work on /opt/airflow/dags/music_ingestion_dag.py
[2026-01-26T20:30:28.009+0000] {processor.py:914} INFO - Processing file /opt/airflow/dags/music_ingestion_dag.py for tasks to queue
[2026-01-26T20:30:28.014+0000] {logging_mixin.py:190} INFO - [2026-01-26T20:30:28.011+0000] {dagbag.py:588} INFO - Filling up the DagBag from /opt/airflow/dags/music_ingestion_dag.py
[2026-01-26T20:30:28.041+0000] {processor.py:925} INFO - DAG(s) '01_music_ingestion_realtime' retrieved from /opt/airflow/dags/music_ingestion_dag.py
[2026-01-26T20:30:28.073+0000] {logging_mixin.py:190} INFO - [2026-01-26T20:30:28.073+0000] {dag.py:3239} INFO - Sync 1 DAGs
[2026-01-26T20:30:28.107+0000] {logging_mixin.py:190} INFO - [2026-01-26T20:30:28.107+0000] {dag.py:4180} INFO - Setting next_dagrun for 01_music_ingestion_realtime to 2026-01-26 19:00:00+00:00, run_after=2026-01-26 20:00:00+00:00
[2026-01-26T20:30:28.136+0000] {processor.py:208} INFO - Processing /opt/airflow/dags/music_ingestion_dag.py took 0.134 seconds
[2026-01-26T20:30:58.409+0000] {processor.py:186} INFO - Started process (PID=1437) to work on /opt/airflow/dags/music_ingestion_dag.py
[2026-01-26T20:30:58.410+0000] {processor.py:914} INFO - Processing file /opt/airflow/dags/music_ingestion_dag.py for tasks to queue
[2026-01-26T20:30:58.415+0000] {logging_mixin.py:190} INFO - [2026-01-26T20:30:58.415+0000] {dagbag.py:588} INFO - Filling up the DagBag from /opt/airflow/dags/music_ingestion_dag.py
[2026-01-26T20:30:58.438+0000] {processor.py:925} INFO - DAG(s) '01_music_ingestion_realtime' retrieved from /opt/airflow/dags/music_ingestion_dag.py
[2026-01-26T20:30:58.469+0000] {logging_mixin.py:190} INFO - [2026-01-26T20:30:58.469+0000] {dag.py:3239} INFO - Sync 1 DAGs
[2026-01-26T20:30:58.497+0000] {logging_mixin.py:190} INFO - [2026-01-26T20:30:58.497+0000] {dag.py:4180} INFO - Setting next_dagrun for 01_music_ingestion_realtime to 2026-01-26 19:00:00+00:00, run_after=2026-01-26 20:00:00+00:00
[2026-01-26T20:30:58.524+0000] {processor.py:208} INFO - Processing /opt/airflow/dags/music_ingestion_dag.py took 0.130 seconds
[2026-01-26T20:31:28.824+0000] {processor.py:186} INFO - Started process (PID=1442) to work on /opt/airflow/dags/music_ingestion_dag.py
[2026-01-26T20:31:28.826+0000] {processor.py:914} INFO - Processing file /opt/airflow/dags/music_ingestion_dag.py for tasks to queue
[2026-01-26T20:31:28.829+0000] {logging_mixin.py:190} INFO - [2026-01-26T20:31:28.829+0000] {dagbag.py:588} INFO - Filling up the DagBag from /opt/airflow/dags/music_ingestion_dag.py
[2026-01-26T20:31:28.857+0000] {processor.py:925} INFO - DAG(s) '01_music_ingestion_realtime' retrieved from /opt/airflow/dags/music_ingestion_dag.py
[2026-01-26T20:31:28.903+0000] {logging_mixin.py:190} INFO - [2026-01-26T20:31:28.903+0000] {dag.py:3239} INFO - Sync 1 DAGs
[2026-01-26T20:31:28.934+0000] {logging_mixin.py:190} INFO - [2026-01-26T20:31:28.934+0000] {dag.py:4180} INFO - Setting next_dagrun for 01_music_ingestion_realtime to 2026-01-26 19:00:00+00:00, run_after=2026-01-26 20:00:00+00:00
[2026-01-26T20:31:28.958+0000] {processor.py:208} INFO - Processing /opt/airflow/dags/music_ingestion_dag.py took 0.141 seconds
[2026-01-26T20:31:59.275+0000] {processor.py:186} INFO - Started process (PID=1447) to work on /opt/airflow/dags/music_ingestion_dag.py
[2026-01-26T20:31:59.277+0000] {processor.py:914} INFO - Processing file /opt/airflow/dags/music_ingestion_dag.py for tasks to queue
[2026-01-26T20:31:59.280+0000] {logging_mixin.py:190} INFO - [2026-01-26T20:31:59.280+0000] {dagbag.py:588} INFO - Filling up the DagBag from /opt/airflow/dags/music_ingestion_dag.py
[2026-01-26T20:31:59.310+0000] {processor.py:925} INFO - DAG(s) '01_music_ingestion_realtime' retrieved from /opt/airflow/dags/music_ingestion_dag.py
[2026-01-26T20:31:59.338+0000] {logging_mixin.py:190} INFO - [2026-01-26T20:31:59.338+0000] {dag.py:3239} INFO - Sync 1 DAGs
[2026-01-26T20:31:59.364+0000] {logging_mixin.py:190} INFO - [2026-01-26T20:31:59.364+0000] {dag.py:4180} INFO - Setting next_dagrun for 01_music_ingestion_realtime to 2026-01-26 19:00:00+00:00, run_after=2026-01-26 20:00:00+00:00
[2026-01-26T20:31:59.392+0000] {processor.py:208} INFO - Processing /opt/airflow/dags/music_ingestion_dag.py took 0.123 seconds
[2026-01-26T20:32:29.652+0000] {processor.py:186} INFO - Started process (PID=1452) to work on /opt/airflow/dags/music_ingestion_dag.py
[2026-01-26T20:32:29.653+0000] {processor.py:914} INFO - Processing file /opt/airflow/dags/music_ingestion_dag.py for tasks to queue
[2026-01-26T20:32:29.656+0000] {logging_mixin.py:190} INFO - [2026-01-26T20:32:29.656+0000] {dagbag.py:588} INFO - Filling up the DagBag from /opt/airflow/dags/music_ingestion_dag.py
[2026-01-26T20:32:29.674+0000] {processor.py:925} INFO - DAG(s) '01_music_ingestion_realtime' retrieved from /opt/airflow/dags/music_ingestion_dag.py
[2026-01-26T20:32:29.704+0000] {logging_mixin.py:190} INFO - [2026-01-26T20:32:29.704+0000] {dag.py:3239} INFO - Sync 1 DAGs
[2026-01-26T20:32:29.732+0000] {logging_mixin.py:190} INFO - [2026-01-26T20:32:29.731+0000] {dag.py:4180} INFO - Setting next_dagrun for 01_music_ingestion_realtime to 2026-01-26 19:00:00+00:00, run_after=2026-01-26 20:00:00+00:00
[2026-01-26T20:32:29.758+0000] {processor.py:208} INFO - Processing /opt/airflow/dags/music_ingestion_dag.py took 0.111 seconds
[2026-01-26T20:33:00.054+0000] {processor.py:186} INFO - Started process (PID=1457) to work on /opt/airflow/dags/music_ingestion_dag.py
[2026-01-26T20:33:00.055+0000] {processor.py:914} INFO - Processing file /opt/airflow/dags/music_ingestion_dag.py for tasks to queue
[2026-01-26T20:33:00.059+0000] {logging_mixin.py:190} INFO - [2026-01-26T20:33:00.059+0000] {dagbag.py:588} INFO - Filling up the DagBag from /opt/airflow/dags/music_ingestion_dag.py
[2026-01-26T20:33:00.078+0000] {processor.py:925} INFO - DAG(s) '01_music_ingestion_realtime' retrieved from /opt/airflow/dags/music_ingestion_dag.py
[2026-01-26T20:33:00.106+0000] {logging_mixin.py:190} INFO - [2026-01-26T20:33:00.106+0000] {dag.py:3239} INFO - Sync 1 DAGs
[2026-01-26T20:33:00.130+0000] {logging_mixin.py:190} INFO - [2026-01-26T20:33:00.129+0000] {dag.py:4180} INFO - Setting next_dagrun for 01_music_ingestion_realtime to 2026-01-26 19:00:00+00:00, run_after=2026-01-26 20:00:00+00:00
[2026-01-26T20:33:00.156+0000] {processor.py:208} INFO - Processing /opt/airflow/dags/music_ingestion_dag.py took 0.107 seconds
[2026-01-26T20:33:30.472+0000] {processor.py:186} INFO - Started process (PID=1462) to work on /opt/airflow/dags/music_ingestion_dag.py
[2026-01-26T20:33:30.473+0000] {processor.py:914} INFO - Processing file /opt/airflow/dags/music_ingestion_dag.py for tasks to queue
[2026-01-26T20:33:30.475+0000] {logging_mixin.py:190} INFO - [2026-01-26T20:33:30.475+0000] {dagbag.py:588} INFO - Filling up the DagBag from /opt/airflow/dags/music_ingestion_dag.py
[2026-01-26T20:33:30.495+0000] {processor.py:925} INFO - DAG(s) '01_music_ingestion_realtime' retrieved from /opt/airflow/dags/music_ingestion_dag.py
[2026-01-26T20:33:30.523+0000] {logging_mixin.py:190} INFO - [2026-01-26T20:33:30.523+0000] {dag.py:3239} INFO - Sync 1 DAGs
[2026-01-26T20:33:30.549+0000] {logging_mixin.py:190} INFO - [2026-01-26T20:33:30.549+0000] {dag.py:4180} INFO - Setting next_dagrun for 01_music_ingestion_realtime to 2026-01-26 19:00:00+00:00, run_after=2026-01-26 20:00:00+00:00
[2026-01-26T20:33:30.577+0000] {processor.py:208} INFO - Processing /opt/airflow/dags/music_ingestion_dag.py took 0.113 seconds
[2026-01-26T20:34:00.839+0000] {processor.py:186} INFO - Started process (PID=1467) to work on /opt/airflow/dags/music_ingestion_dag.py
[2026-01-26T20:34:00.840+0000] {processor.py:914} INFO - Processing file /opt/airflow/dags/music_ingestion_dag.py for tasks to queue
[2026-01-26T20:34:00.842+0000] {logging_mixin.py:190} INFO - [2026-01-26T20:34:00.842+0000] {dagbag.py:588} INFO - Filling up the DagBag from /opt/airflow/dags/music_ingestion_dag.py
[2026-01-26T20:34:00.862+0000] {processor.py:925} INFO - DAG(s) '01_music_ingestion_realtime' retrieved from /opt/airflow/dags/music_ingestion_dag.py
[2026-01-26T20:34:00.901+0000] {logging_mixin.py:190} INFO - [2026-01-26T20:34:00.901+0000] {dag.py:3239} INFO - Sync 1 DAGs
[2026-01-26T20:34:00.925+0000] {logging_mixin.py:190} INFO - [2026-01-26T20:34:00.925+0000] {dag.py:4180} INFO - Setting next_dagrun for 01_music_ingestion_realtime to 2026-01-26 19:00:00+00:00, run_after=2026-01-26 20:00:00+00:00
[2026-01-26T20:34:00.958+0000] {processor.py:208} INFO - Processing /opt/airflow/dags/music_ingestion_dag.py took 0.125 seconds
[2026-01-26T20:34:31.385+0000] {processor.py:186} INFO - Started process (PID=1472) to work on /opt/airflow/dags/music_ingestion_dag.py
[2026-01-26T20:34:31.386+0000] {processor.py:914} INFO - Processing file /opt/airflow/dags/music_ingestion_dag.py for tasks to queue
[2026-01-26T20:34:31.388+0000] {logging_mixin.py:190} INFO - [2026-01-26T20:34:31.388+0000] {dagbag.py:588} INFO - Filling up the DagBag from /opt/airflow/dags/music_ingestion_dag.py
[2026-01-26T20:34:31.411+0000] {processor.py:925} INFO - DAG(s) '01_music_ingestion_realtime' retrieved from /opt/airflow/dags/music_ingestion_dag.py
[2026-01-26T20:34:31.454+0000] {logging_mixin.py:190} INFO - [2026-01-26T20:34:31.453+0000] {dag.py:3239} INFO - Sync 1 DAGs
[2026-01-26T20:34:31.480+0000] {logging_mixin.py:190} INFO - [2026-01-26T20:34:31.480+0000] {dag.py:4180} INFO - Setting next_dagrun for 01_music_ingestion_realtime to 2026-01-26 19:00:00+00:00, run_after=2026-01-26 20:00:00+00:00
[2026-01-26T20:34:31.581+0000] {processor.py:208} INFO - Processing /opt/airflow/dags/music_ingestion_dag.py took 0.203 seconds
[2026-01-26T20:35:01.725+0000] {processor.py:186} INFO - Started process (PID=1477) to work on /opt/airflow/dags/music_ingestion_dag.py
[2026-01-26T20:35:01.726+0000] {processor.py:914} INFO - Processing file /opt/airflow/dags/music_ingestion_dag.py for tasks to queue
[2026-01-26T20:35:01.729+0000] {logging_mixin.py:190} INFO - [2026-01-26T20:35:01.728+0000] {dagbag.py:588} INFO - Filling up the DagBag from /opt/airflow/dags/music_ingestion_dag.py
[2026-01-26T20:35:01.747+0000] {processor.py:925} INFO - DAG(s) '01_music_ingestion_realtime' retrieved from /opt/airflow/dags/music_ingestion_dag.py
[2026-01-26T20:35:01.778+0000] {logging_mixin.py:190} INFO - [2026-01-26T20:35:01.778+0000] {dag.py:3239} INFO - Sync 1 DAGs
[2026-01-26T20:35:01.802+0000] {logging_mixin.py:190} INFO - [2026-01-26T20:35:01.802+0000] {dag.py:4180} INFO - Setting next_dagrun for 01_music_ingestion_realtime to 2026-01-26 19:00:00+00:00, run_after=2026-01-26 20:00:00+00:00
[2026-01-26T20:35:01.829+0000] {processor.py:208} INFO - Processing /opt/airflow/dags/music_ingestion_dag.py took 0.111 seconds
[2026-01-26T20:35:32.045+0000] {processor.py:186} INFO - Started process (PID=1482) to work on /opt/airflow/dags/music_ingestion_dag.py
[2026-01-26T20:35:32.047+0000] {processor.py:914} INFO - Processing file /opt/airflow/dags/music_ingestion_dag.py for tasks to queue
[2026-01-26T20:35:32.053+0000] {logging_mixin.py:190} INFO - [2026-01-26T20:35:32.053+0000] {dagbag.py:588} INFO - Filling up the DagBag from /opt/airflow/dags/music_ingestion_dag.py
[2026-01-26T20:35:32.101+0000] {processor.py:925} INFO - DAG(s) '01_music_ingestion_realtime' retrieved from /opt/airflow/dags/music_ingestion_dag.py
[2026-01-26T20:35:32.132+0000] {logging_mixin.py:190} INFO - [2026-01-26T20:35:32.132+0000] {dag.py:3239} INFO - Sync 1 DAGs
[2026-01-26T20:35:32.162+0000] {logging_mixin.py:190} INFO - [2026-01-26T20:35:32.162+0000] {dag.py:4180} INFO - Setting next_dagrun for 01_music_ingestion_realtime to 2026-01-26 19:00:00+00:00, run_after=2026-01-26 20:00:00+00:00
[2026-01-26T20:35:32.181+0000] {processor.py:208} INFO - Processing /opt/airflow/dags/music_ingestion_dag.py took 0.146 seconds
[2026-01-26T20:36:02.474+0000] {processor.py:186} INFO - Started process (PID=1487) to work on /opt/airflow/dags/music_ingestion_dag.py
[2026-01-26T20:36:02.475+0000] {processor.py:914} INFO - Processing file /opt/airflow/dags/music_ingestion_dag.py for tasks to queue
[2026-01-26T20:36:02.479+0000] {logging_mixin.py:190} INFO - [2026-01-26T20:36:02.478+0000] {dagbag.py:588} INFO - Filling up the DagBag from /opt/airflow/dags/music_ingestion_dag.py
[2026-01-26T20:36:02.499+0000] {processor.py:925} INFO - DAG(s) '01_music_ingestion_realtime' retrieved from /opt/airflow/dags/music_ingestion_dag.py
[2026-01-26T20:36:02.531+0000] {logging_mixin.py:190} INFO - [2026-01-26T20:36:02.530+0000] {dag.py:3239} INFO - Sync 1 DAGs
[2026-01-26T20:36:02.564+0000] {logging_mixin.py:190} INFO - [2026-01-26T20:36:02.564+0000] {dag.py:4180} INFO - Setting next_dagrun for 01_music_ingestion_realtime to 2026-01-26 19:00:00+00:00, run_after=2026-01-26 20:00:00+00:00
[2026-01-26T20:36:02.591+0000] {processor.py:208} INFO - Processing /opt/airflow/dags/music_ingestion_dag.py took 0.123 seconds
[2026-01-26T20:36:32.894+0000] {processor.py:186} INFO - Started process (PID=1492) to work on /opt/airflow/dags/music_ingestion_dag.py
[2026-01-26T20:36:32.896+0000] {processor.py:914} INFO - Processing file /opt/airflow/dags/music_ingestion_dag.py for tasks to queue
[2026-01-26T20:36:32.901+0000] {logging_mixin.py:190} INFO - [2026-01-26T20:36:32.901+0000] {dagbag.py:588} INFO - Filling up the DagBag from /opt/airflow/dags/music_ingestion_dag.py
[2026-01-26T20:36:32.939+0000] {processor.py:925} INFO - DAG(s) '01_music_ingestion_realtime' retrieved from /opt/airflow/dags/music_ingestion_dag.py
[2026-01-26T20:36:32.990+0000] {logging_mixin.py:190} INFO - [2026-01-26T20:36:32.989+0000] {dag.py:3239} INFO - Sync 1 DAGs
[2026-01-26T20:36:33.030+0000] {logging_mixin.py:190} INFO - [2026-01-26T20:36:33.029+0000] {dag.py:4180} INFO - Setting next_dagrun for 01_music_ingestion_realtime to 2026-01-26 19:00:00+00:00, run_after=2026-01-26 20:00:00+00:00
[2026-01-26T20:36:33.061+0000] {processor.py:208} INFO - Processing /opt/airflow/dags/music_ingestion_dag.py took 0.179 seconds
[2026-01-26T20:37:03.291+0000] {processor.py:186} INFO - Started process (PID=1497) to work on /opt/airflow/dags/music_ingestion_dag.py
[2026-01-26T20:37:03.293+0000] {processor.py:914} INFO - Processing file /opt/airflow/dags/music_ingestion_dag.py for tasks to queue
[2026-01-26T20:37:03.295+0000] {logging_mixin.py:190} INFO - [2026-01-26T20:37:03.295+0000] {dagbag.py:588} INFO - Filling up the DagBag from /opt/airflow/dags/music_ingestion_dag.py
[2026-01-26T20:37:03.330+0000] {processor.py:925} INFO - DAG(s) '01_music_ingestion_realtime' retrieved from /opt/airflow/dags/music_ingestion_dag.py
[2026-01-26T20:37:03.363+0000] {logging_mixin.py:190} INFO - [2026-01-26T20:37:03.362+0000] {dag.py:3239} INFO - Sync 1 DAGs
[2026-01-26T20:37:03.387+0000] {logging_mixin.py:190} INFO - [2026-01-26T20:37:03.387+0000] {dag.py:4180} INFO - Setting next_dagrun for 01_music_ingestion_realtime to 2026-01-26 19:00:00+00:00, run_after=2026-01-26 20:00:00+00:00
[2026-01-26T20:37:03.416+0000] {processor.py:208} INFO - Processing /opt/airflow/dags/music_ingestion_dag.py took 0.131 seconds
[2026-01-26T20:37:33.730+0000] {processor.py:186} INFO - Started process (PID=1502) to work on /opt/airflow/dags/music_ingestion_dag.py
[2026-01-26T20:37:33.733+0000] {processor.py:914} INFO - Processing file /opt/airflow/dags/music_ingestion_dag.py for tasks to queue
[2026-01-26T20:37:33.737+0000] {logging_mixin.py:190} INFO - [2026-01-26T20:37:33.736+0000] {dagbag.py:588} INFO - Filling up the DagBag from /opt/airflow/dags/music_ingestion_dag.py
[2026-01-26T20:37:33.774+0000] {processor.py:925} INFO - DAG(s) '01_music_ingestion_realtime' retrieved from /opt/airflow/dags/music_ingestion_dag.py
[2026-01-26T20:37:33.805+0000] {logging_mixin.py:190} INFO - [2026-01-26T20:37:33.805+0000] {dag.py:3239} INFO - Sync 1 DAGs
[2026-01-26T20:37:33.830+0000] {logging_mixin.py:190} INFO - [2026-01-26T20:37:33.829+0000] {dag.py:4180} INFO - Setting next_dagrun for 01_music_ingestion_realtime to 2026-01-26 19:00:00+00:00, run_after=2026-01-26 20:00:00+00:00
[2026-01-26T20:37:33.858+0000] {processor.py:208} INFO - Processing /opt/airflow/dags/music_ingestion_dag.py took 0.135 seconds
[2026-01-26T20:38:04.081+0000] {processor.py:186} INFO - Started process (PID=1507) to work on /opt/airflow/dags/music_ingestion_dag.py
[2026-01-26T20:38:04.082+0000] {processor.py:914} INFO - Processing file /opt/airflow/dags/music_ingestion_dag.py for tasks to queue
[2026-01-26T20:38:04.085+0000] {logging_mixin.py:190} INFO - [2026-01-26T20:38:04.084+0000] {dagbag.py:588} INFO - Filling up the DagBag from /opt/airflow/dags/music_ingestion_dag.py
[2026-01-26T20:38:04.105+0000] {processor.py:925} INFO - DAG(s) '01_music_ingestion_realtime' retrieved from /opt/airflow/dags/music_ingestion_dag.py
[2026-01-26T20:38:04.136+0000] {logging_mixin.py:190} INFO - [2026-01-26T20:38:04.136+0000] {dag.py:3239} INFO - Sync 1 DAGs
[2026-01-26T20:38:04.165+0000] {logging_mixin.py:190} INFO - [2026-01-26T20:38:04.164+0000] {dag.py:4180} INFO - Setting next_dagrun for 01_music_ingestion_realtime to 2026-01-26 19:00:00+00:00, run_after=2026-01-26 20:00:00+00:00
[2026-01-26T20:38:04.194+0000] {processor.py:208} INFO - Processing /opt/airflow/dags/music_ingestion_dag.py took 0.119 seconds
[2026-01-26T20:38:34.529+0000] {processor.py:186} INFO - Started process (PID=1512) to work on /opt/airflow/dags/music_ingestion_dag.py
[2026-01-26T20:38:34.530+0000] {processor.py:914} INFO - Processing file /opt/airflow/dags/music_ingestion_dag.py for tasks to queue
[2026-01-26T20:38:34.532+0000] {logging_mixin.py:190} INFO - [2026-01-26T20:38:34.532+0000] {dagbag.py:588} INFO - Filling up the DagBag from /opt/airflow/dags/music_ingestion_dag.py
[2026-01-26T20:38:34.559+0000] {processor.py:925} INFO - DAG(s) '01_music_ingestion_realtime' retrieved from /opt/airflow/dags/music_ingestion_dag.py
[2026-01-26T20:38:34.595+0000] {logging_mixin.py:190} INFO - [2026-01-26T20:38:34.595+0000] {dag.py:3239} INFO - Sync 1 DAGs
[2026-01-26T20:38:34.626+0000] {logging_mixin.py:190} INFO - [2026-01-26T20:38:34.626+0000] {dag.py:4180} INFO - Setting next_dagrun for 01_music_ingestion_realtime to 2026-01-26 19:00:00+00:00, run_after=2026-01-26 20:00:00+00:00
[2026-01-26T20:38:34.658+0000] {processor.py:208} INFO - Processing /opt/airflow/dags/music_ingestion_dag.py took 0.135 seconds
[2026-01-26T20:39:04.858+0000] {processor.py:186} INFO - Started process (PID=1517) to work on /opt/airflow/dags/music_ingestion_dag.py
[2026-01-26T20:39:04.866+0000] {processor.py:914} INFO - Processing file /opt/airflow/dags/music_ingestion_dag.py for tasks to queue
[2026-01-26T20:39:04.882+0000] {logging_mixin.py:190} INFO - [2026-01-26T20:39:04.882+0000] {dagbag.py:588} INFO - Filling up the DagBag from /opt/airflow/dags/music_ingestion_dag.py
[2026-01-26T20:39:04.940+0000] {processor.py:925} INFO - DAG(s) '01_music_ingestion_realtime' retrieved from /opt/airflow/dags/music_ingestion_dag.py
[2026-01-26T20:39:04.990+0000] {logging_mixin.py:190} INFO - [2026-01-26T20:39:04.990+0000] {dag.py:3239} INFO - Sync 1 DAGs
[2026-01-26T20:39:05.029+0000] {logging_mixin.py:190} INFO - [2026-01-26T20:39:05.028+0000] {dag.py:4180} INFO - Setting next_dagrun for 01_music_ingestion_realtime to 2026-01-26 19:00:00+00:00, run_after=2026-01-26 20:00:00+00:00
[2026-01-26T20:39:05.061+0000] {processor.py:208} INFO - Processing /opt/airflow/dags/music_ingestion_dag.py took 0.225 seconds
[2026-01-26T20:39:35.425+0000] {processor.py:186} INFO - Started process (PID=1522) to work on /opt/airflow/dags/music_ingestion_dag.py
[2026-01-26T20:39:35.427+0000] {processor.py:914} INFO - Processing file /opt/airflow/dags/music_ingestion_dag.py for tasks to queue
[2026-01-26T20:39:35.430+0000] {logging_mixin.py:190} INFO - [2026-01-26T20:39:35.429+0000] {dagbag.py:588} INFO - Filling up the DagBag from /opt/airflow/dags/music_ingestion_dag.py
[2026-01-26T20:39:35.455+0000] {processor.py:925} INFO - DAG(s) '01_music_ingestion_realtime' retrieved from /opt/airflow/dags/music_ingestion_dag.py
[2026-01-26T20:39:35.484+0000] {logging_mixin.py:190} INFO - [2026-01-26T20:39:35.483+0000] {dag.py:3239} INFO - Sync 1 DAGs
[2026-01-26T20:39:35.507+0000] {logging_mixin.py:190} INFO - [2026-01-26T20:39:35.507+0000] {dag.py:4180} INFO - Setting next_dagrun for 01_music_ingestion_realtime to 2026-01-26 19:00:00+00:00, run_after=2026-01-26 20:00:00+00:00
[2026-01-26T20:39:35.533+0000] {processor.py:208} INFO - Processing /opt/airflow/dags/music_ingestion_dag.py took 0.114 seconds
[2026-01-26T20:40:05.826+0000] {processor.py:186} INFO - Started process (PID=1527) to work on /opt/airflow/dags/music_ingestion_dag.py
[2026-01-26T20:40:05.829+0000] {processor.py:914} INFO - Processing file /opt/airflow/dags/music_ingestion_dag.py for tasks to queue
[2026-01-26T20:40:05.832+0000] {logging_mixin.py:190} INFO - [2026-01-26T20:40:05.832+0000] {dagbag.py:588} INFO - Filling up the DagBag from /opt/airflow/dags/music_ingestion_dag.py
[2026-01-26T20:40:05.868+0000] {processor.py:925} INFO - DAG(s) '01_music_ingestion_realtime' retrieved from /opt/airflow/dags/music_ingestion_dag.py
[2026-01-26T20:40:05.900+0000] {logging_mixin.py:190} INFO - [2026-01-26T20:40:05.899+0000] {dag.py:3239} INFO - Sync 1 DAGs
[2026-01-26T20:40:05.929+0000] {logging_mixin.py:190} INFO - [2026-01-26T20:40:05.929+0000] {dag.py:4180} INFO - Setting next_dagrun for 01_music_ingestion_realtime to 2026-01-26 19:00:00+00:00, run_after=2026-01-26 20:00:00+00:00
[2026-01-26T20:40:05.957+0000] {processor.py:208} INFO - Processing /opt/airflow/dags/music_ingestion_dag.py took 0.137 seconds
[2026-01-26T20:40:36.305+0000] {processor.py:186} INFO - Started process (PID=1532) to work on /opt/airflow/dags/music_ingestion_dag.py
[2026-01-26T20:40:36.307+0000] {processor.py:914} INFO - Processing file /opt/airflow/dags/music_ingestion_dag.py for tasks to queue
[2026-01-26T20:40:36.310+0000] {logging_mixin.py:190} INFO - [2026-01-26T20:40:36.309+0000] {dagbag.py:588} INFO - Filling up the DagBag from /opt/airflow/dags/music_ingestion_dag.py
[2026-01-26T20:40:36.328+0000] {processor.py:925} INFO - DAG(s) '01_music_ingestion_realtime' retrieved from /opt/airflow/dags/music_ingestion_dag.py
[2026-01-26T20:40:36.356+0000] {logging_mixin.py:190} INFO - [2026-01-26T20:40:36.356+0000] {dag.py:3239} INFO - Sync 1 DAGs
[2026-01-26T20:40:36.379+0000] {logging_mixin.py:190} INFO - [2026-01-26T20:40:36.379+0000] {dag.py:4180} INFO - Setting next_dagrun for 01_music_ingestion_realtime to 2026-01-26 19:00:00+00:00, run_after=2026-01-26 20:00:00+00:00
[2026-01-26T20:40:36.403+0000] {processor.py:208} INFO - Processing /opt/airflow/dags/music_ingestion_dag.py took 0.104 seconds
[2026-01-26T20:41:06.722+0000] {processor.py:186} INFO - Started process (PID=1537) to work on /opt/airflow/dags/music_ingestion_dag.py
[2026-01-26T20:41:06.723+0000] {processor.py:914} INFO - Processing file /opt/airflow/dags/music_ingestion_dag.py for tasks to queue
[2026-01-26T20:41:06.726+0000] {logging_mixin.py:190} INFO - [2026-01-26T20:41:06.726+0000] {dagbag.py:588} INFO - Filling up the DagBag from /opt/airflow/dags/music_ingestion_dag.py
[2026-01-26T20:41:06.753+0000] {processor.py:925} INFO - DAG(s) '01_music_ingestion_realtime' retrieved from /opt/airflow/dags/music_ingestion_dag.py
[2026-01-26T20:41:06.786+0000] {logging_mixin.py:190} INFO - [2026-01-26T20:41:06.786+0000] {dag.py:3239} INFO - Sync 1 DAGs
[2026-01-26T20:41:06.815+0000] {logging_mixin.py:190} INFO - [2026-01-26T20:41:06.815+0000] {dag.py:4180} INFO - Setting next_dagrun for 01_music_ingestion_realtime to 2026-01-26 19:00:00+00:00, run_after=2026-01-26 20:00:00+00:00
[2026-01-26T20:41:06.847+0000] {processor.py:208} INFO - Processing /opt/airflow/dags/music_ingestion_dag.py took 0.131 seconds
[2026-01-26T20:41:37.079+0000] {processor.py:186} INFO - Started process (PID=1542) to work on /opt/airflow/dags/music_ingestion_dag.py
[2026-01-26T20:41:37.080+0000] {processor.py:914} INFO - Processing file /opt/airflow/dags/music_ingestion_dag.py for tasks to queue
[2026-01-26T20:41:37.083+0000] {logging_mixin.py:190} INFO - [2026-01-26T20:41:37.082+0000] {dagbag.py:588} INFO - Filling up the DagBag from /opt/airflow/dags/music_ingestion_dag.py
[2026-01-26T20:41:37.104+0000] {processor.py:925} INFO - DAG(s) '01_music_ingestion_realtime' retrieved from /opt/airflow/dags/music_ingestion_dag.py
[2026-01-26T20:41:37.134+0000] {logging_mixin.py:190} INFO - [2026-01-26T20:41:37.134+0000] {dag.py:3239} INFO - Sync 1 DAGs
[2026-01-26T20:41:37.160+0000] {logging_mixin.py:190} INFO - [2026-01-26T20:41:37.160+0000] {dag.py:4180} INFO - Setting next_dagrun for 01_music_ingestion_realtime to 2026-01-26 19:00:00+00:00, run_after=2026-01-26 20:00:00+00:00
[2026-01-26T20:41:37.189+0000] {processor.py:208} INFO - Processing /opt/airflow/dags/music_ingestion_dag.py took 0.115 seconds
[2026-01-26T20:42:07.551+0000] {processor.py:186} INFO - Started process (PID=1547) to work on /opt/airflow/dags/music_ingestion_dag.py
[2026-01-26T20:42:07.552+0000] {processor.py:914} INFO - Processing file /opt/airflow/dags/music_ingestion_dag.py for tasks to queue
[2026-01-26T20:42:07.556+0000] {logging_mixin.py:190} INFO - [2026-01-26T20:42:07.556+0000] {dagbag.py:588} INFO - Filling up the DagBag from /opt/airflow/dags/music_ingestion_dag.py
[2026-01-26T20:42:07.609+0000] {processor.py:925} INFO - DAG(s) '01_music_ingestion_realtime' retrieved from /opt/airflow/dags/music_ingestion_dag.py
[2026-01-26T20:42:07.690+0000] {logging_mixin.py:190} INFO - [2026-01-26T20:42:07.690+0000] {dag.py:3239} INFO - Sync 1 DAGs
[2026-01-26T20:42:07.779+0000] {logging_mixin.py:190} INFO - [2026-01-26T20:42:07.778+0000] {dag.py:4180} INFO - Setting next_dagrun for 01_music_ingestion_realtime to 2026-01-26 19:00:00+00:00, run_after=2026-01-26 20:00:00+00:00
[2026-01-26T20:42:07.820+0000] {processor.py:208} INFO - Processing /opt/airflow/dags/music_ingestion_dag.py took 0.278 seconds
[2026-01-26T20:42:38.615+0000] {processor.py:186} INFO - Started process (PID=1552) to work on /opt/airflow/dags/music_ingestion_dag.py
[2026-01-26T20:42:38.618+0000] {processor.py:914} INFO - Processing file /opt/airflow/dags/music_ingestion_dag.py for tasks to queue
[2026-01-26T20:42:38.653+0000] {logging_mixin.py:190} INFO - [2026-01-26T20:42:38.651+0000] {dagbag.py:588} INFO - Filling up the DagBag from /opt/airflow/dags/music_ingestion_dag.py
[2026-01-26T20:42:38.707+0000] {processor.py:925} INFO - DAG(s) '01_music_ingestion_realtime' retrieved from /opt/airflow/dags/music_ingestion_dag.py
[2026-01-26T20:42:38.784+0000] {logging_mixin.py:190} INFO - [2026-01-26T20:42:38.784+0000] {dag.py:3239} INFO - Sync 1 DAGs
[2026-01-26T20:42:38.821+0000] {logging_mixin.py:190} INFO - [2026-01-26T20:42:38.821+0000] {dag.py:4180} INFO - Setting next_dagrun for 01_music_ingestion_realtime to 2026-01-26 19:00:00+00:00, run_after=2026-01-26 20:00:00+00:00
[2026-01-26T20:42:38.859+0000] {processor.py:208} INFO - Processing /opt/airflow/dags/music_ingestion_dag.py took 0.266 seconds
[2026-01-26T20:43:09.430+0000] {processor.py:186} INFO - Started process (PID=1557) to work on /opt/airflow/dags/music_ingestion_dag.py
[2026-01-26T20:43:09.432+0000] {processor.py:914} INFO - Processing file /opt/airflow/dags/music_ingestion_dag.py for tasks to queue
[2026-01-26T20:43:09.434+0000] {logging_mixin.py:190} INFO - [2026-01-26T20:43:09.434+0000] {dagbag.py:588} INFO - Filling up the DagBag from /opt/airflow/dags/music_ingestion_dag.py
[2026-01-26T20:43:09.459+0000] {processor.py:925} INFO - DAG(s) '01_music_ingestion_realtime' retrieved from /opt/airflow/dags/music_ingestion_dag.py
[2026-01-26T20:43:09.488+0000] {logging_mixin.py:190} INFO - [2026-01-26T20:43:09.488+0000] {dag.py:3239} INFO - Sync 1 DAGs
[2026-01-26T20:43:09.512+0000] {logging_mixin.py:190} INFO - [2026-01-26T20:43:09.512+0000] {dag.py:4180} INFO - Setting next_dagrun for 01_music_ingestion_realtime to 2026-01-26 19:00:00+00:00, run_after=2026-01-26 20:00:00+00:00
[2026-01-26T20:43:09.537+0000] {processor.py:208} INFO - Processing /opt/airflow/dags/music_ingestion_dag.py took 0.113 seconds
[2026-01-26T20:43:39.811+0000] {processor.py:186} INFO - Started process (PID=1562) to work on /opt/airflow/dags/music_ingestion_dag.py
[2026-01-26T20:43:39.813+0000] {processor.py:914} INFO - Processing file /opt/airflow/dags/music_ingestion_dag.py for tasks to queue
[2026-01-26T20:43:39.816+0000] {logging_mixin.py:190} INFO - [2026-01-26T20:43:39.816+0000] {dagbag.py:588} INFO - Filling up the DagBag from /opt/airflow/dags/music_ingestion_dag.py
[2026-01-26T20:43:39.852+0000] {processor.py:925} INFO - DAG(s) '01_music_ingestion_realtime' retrieved from /opt/airflow/dags/music_ingestion_dag.py
[2026-01-26T20:43:39.887+0000] {logging_mixin.py:190} INFO - [2026-01-26T20:43:39.887+0000] {dag.py:3239} INFO - Sync 1 DAGs
[2026-01-26T20:43:39.917+0000] {logging_mixin.py:190} INFO - [2026-01-26T20:43:39.917+0000] {dag.py:4180} INFO - Setting next_dagrun for 01_music_ingestion_realtime to 2026-01-26 19:00:00+00:00, run_after=2026-01-26 20:00:00+00:00
[2026-01-26T20:43:39.944+0000] {processor.py:208} INFO - Processing /opt/airflow/dags/music_ingestion_dag.py took 0.141 seconds
[2026-01-26T20:44:10.369+0000] {processor.py:186} INFO - Started process (PID=1567) to work on /opt/airflow/dags/music_ingestion_dag.py
[2026-01-26T20:44:10.371+0000] {processor.py:914} INFO - Processing file /opt/airflow/dags/music_ingestion_dag.py for tasks to queue
[2026-01-26T20:44:10.373+0000] {logging_mixin.py:190} INFO - [2026-01-26T20:44:10.373+0000] {dagbag.py:588} INFO - Filling up the DagBag from /opt/airflow/dags/music_ingestion_dag.py
[2026-01-26T20:44:10.396+0000] {processor.py:925} INFO - DAG(s) '01_music_ingestion_realtime' retrieved from /opt/airflow/dags/music_ingestion_dag.py
[2026-01-26T20:44:10.421+0000] {logging_mixin.py:190} INFO - [2026-01-26T20:44:10.421+0000] {dag.py:3239} INFO - Sync 1 DAGs
[2026-01-26T20:44:10.444+0000] {logging_mixin.py:190} INFO - [2026-01-26T20:44:10.443+0000] {dag.py:4180} INFO - Setting next_dagrun for 01_music_ingestion_realtime to 2026-01-26 19:00:00+00:00, run_after=2026-01-26 20:00:00+00:00
[2026-01-26T20:44:10.471+0000] {processor.py:208} INFO - Processing /opt/airflow/dags/music_ingestion_dag.py took 0.106 seconds
[2026-01-26T20:44:40.801+0000] {processor.py:186} INFO - Started process (PID=1572) to work on /opt/airflow/dags/music_ingestion_dag.py
[2026-01-26T20:44:40.802+0000] {processor.py:914} INFO - Processing file /opt/airflow/dags/music_ingestion_dag.py for tasks to queue
[2026-01-26T20:44:40.805+0000] {logging_mixin.py:190} INFO - [2026-01-26T20:44:40.804+0000] {dagbag.py:588} INFO - Filling up the DagBag from /opt/airflow/dags/music_ingestion_dag.py
[2026-01-26T20:44:40.843+0000] {processor.py:925} INFO - DAG(s) '01_music_ingestion_realtime' retrieved from /opt/airflow/dags/music_ingestion_dag.py
[2026-01-26T20:44:40.872+0000] {logging_mixin.py:190} INFO - [2026-01-26T20:44:40.872+0000] {dag.py:3239} INFO - Sync 1 DAGs
[2026-01-26T20:44:40.895+0000] {logging_mixin.py:190} INFO - [2026-01-26T20:44:40.895+0000] {dag.py:4180} INFO - Setting next_dagrun for 01_music_ingestion_realtime to 2026-01-26 19:00:00+00:00, run_after=2026-01-26 20:00:00+00:00
[2026-01-26T20:44:40.919+0000] {processor.py:208} INFO - Processing /opt/airflow/dags/music_ingestion_dag.py took 0.124 seconds
[2026-01-26T20:45:11.251+0000] {processor.py:186} INFO - Started process (PID=1577) to work on /opt/airflow/dags/music_ingestion_dag.py
[2026-01-26T20:45:11.252+0000] {processor.py:914} INFO - Processing file /opt/airflow/dags/music_ingestion_dag.py for tasks to queue
[2026-01-26T20:45:11.255+0000] {logging_mixin.py:190} INFO - [2026-01-26T20:45:11.254+0000] {dagbag.py:588} INFO - Filling up the DagBag from /opt/airflow/dags/music_ingestion_dag.py
[2026-01-26T20:45:11.275+0000] {processor.py:925} INFO - DAG(s) '01_music_ingestion_realtime' retrieved from /opt/airflow/dags/music_ingestion_dag.py
[2026-01-26T20:45:11.301+0000] {logging_mixin.py:190} INFO - [2026-01-26T20:45:11.300+0000] {dag.py:3239} INFO - Sync 1 DAGs
[2026-01-26T20:45:11.324+0000] {logging_mixin.py:190} INFO - [2026-01-26T20:45:11.323+0000] {dag.py:4180} INFO - Setting next_dagrun for 01_music_ingestion_realtime to 2026-01-26 19:00:00+00:00, run_after=2026-01-26 20:00:00+00:00
[2026-01-26T20:45:11.350+0000] {processor.py:208} INFO - Processing /opt/airflow/dags/music_ingestion_dag.py took 0.104 seconds
[2026-01-26T20:45:41.743+0000] {processor.py:186} INFO - Started process (PID=1582) to work on /opt/airflow/dags/music_ingestion_dag.py
[2026-01-26T20:45:41.744+0000] {processor.py:914} INFO - Processing file /opt/airflow/dags/music_ingestion_dag.py for tasks to queue
[2026-01-26T20:45:41.746+0000] {logging_mixin.py:190} INFO - [2026-01-26T20:45:41.746+0000] {dagbag.py:588} INFO - Filling up the DagBag from /opt/airflow/dags/music_ingestion_dag.py
[2026-01-26T20:45:41.768+0000] {processor.py:925} INFO - DAG(s) '01_music_ingestion_realtime' retrieved from /opt/airflow/dags/music_ingestion_dag.py
[2026-01-26T20:45:41.843+0000] {logging_mixin.py:190} INFO - [2026-01-26T20:45:41.843+0000] {dag.py:3239} INFO - Sync 1 DAGs
[2026-01-26T20:45:41.906+0000] {logging_mixin.py:190} INFO - [2026-01-26T20:45:41.905+0000] {dag.py:4180} INFO - Setting next_dagrun for 01_music_ingestion_realtime to 2026-01-26 19:00:00+00:00, run_after=2026-01-26 20:00:00+00:00
[2026-01-26T20:45:41.933+0000] {processor.py:208} INFO - Processing /opt/airflow/dags/music_ingestion_dag.py took 0.196 seconds
[2026-01-26T20:46:12.141+0000] {processor.py:186} INFO - Started process (PID=1587) to work on /opt/airflow/dags/music_ingestion_dag.py
[2026-01-26T20:46:12.142+0000] {processor.py:914} INFO - Processing file /opt/airflow/dags/music_ingestion_dag.py for tasks to queue
[2026-01-26T20:46:12.144+0000] {logging_mixin.py:190} INFO - [2026-01-26T20:46:12.144+0000] {dagbag.py:588} INFO - Filling up the DagBag from /opt/airflow/dags/music_ingestion_dag.py
[2026-01-26T20:46:12.165+0000] {processor.py:925} INFO - DAG(s) '01_music_ingestion_realtime' retrieved from /opt/airflow/dags/music_ingestion_dag.py
[2026-01-26T20:46:12.197+0000] {logging_mixin.py:190} INFO - [2026-01-26T20:46:12.197+0000] {dag.py:3239} INFO - Sync 1 DAGs
[2026-01-26T20:46:12.223+0000] {logging_mixin.py:190} INFO - [2026-01-26T20:46:12.223+0000] {dag.py:4180} INFO - Setting next_dagrun for 01_music_ingestion_realtime to 2026-01-26 19:00:00+00:00, run_after=2026-01-26 20:00:00+00:00
[2026-01-26T20:46:12.254+0000] {processor.py:208} INFO - Processing /opt/airflow/dags/music_ingestion_dag.py took 0.119 seconds
[2026-01-26T20:46:42.515+0000] {processor.py:186} INFO - Started process (PID=1592) to work on /opt/airflow/dags/music_ingestion_dag.py
[2026-01-26T20:46:42.517+0000] {processor.py:914} INFO - Processing file /opt/airflow/dags/music_ingestion_dag.py for tasks to queue
[2026-01-26T20:46:42.519+0000] {logging_mixin.py:190} INFO - [2026-01-26T20:46:42.519+0000] {dagbag.py:588} INFO - Filling up the DagBag from /opt/airflow/dags/music_ingestion_dag.py
[2026-01-26T20:46:42.541+0000] {processor.py:925} INFO - DAG(s) '01_music_ingestion_realtime' retrieved from /opt/airflow/dags/music_ingestion_dag.py
[2026-01-26T20:46:42.571+0000] {logging_mixin.py:190} INFO - [2026-01-26T20:46:42.570+0000] {dag.py:3239} INFO - Sync 1 DAGs
[2026-01-26T20:46:42.597+0000] {logging_mixin.py:190} INFO - [2026-01-26T20:46:42.596+0000] {dag.py:4180} INFO - Setting next_dagrun for 01_music_ingestion_realtime to 2026-01-26 19:00:00+00:00, run_after=2026-01-26 20:00:00+00:00
[2026-01-26T20:46:42.624+0000] {processor.py:208} INFO - Processing /opt/airflow/dags/music_ingestion_dag.py took 0.114 seconds
[2026-01-26T20:47:12.958+0000] {processor.py:186} INFO - Started process (PID=1597) to work on /opt/airflow/dags/music_ingestion_dag.py
[2026-01-26T20:47:12.960+0000] {processor.py:914} INFO - Processing file /opt/airflow/dags/music_ingestion_dag.py for tasks to queue
[2026-01-26T20:47:12.963+0000] {logging_mixin.py:190} INFO - [2026-01-26T20:47:12.963+0000] {dagbag.py:588} INFO - Filling up the DagBag from /opt/airflow/dags/music_ingestion_dag.py
[2026-01-26T20:47:13.001+0000] {processor.py:925} INFO - DAG(s) '01_music_ingestion_realtime' retrieved from /opt/airflow/dags/music_ingestion_dag.py
[2026-01-26T20:47:13.030+0000] {logging_mixin.py:190} INFO - [2026-01-26T20:47:13.030+0000] {dag.py:3239} INFO - Sync 1 DAGs
[2026-01-26T20:47:13.059+0000] {logging_mixin.py:190} INFO - [2026-01-26T20:47:13.059+0000] {dag.py:4180} INFO - Setting next_dagrun for 01_music_ingestion_realtime to 2026-01-26 19:00:00+00:00, run_after=2026-01-26 20:00:00+00:00
[2026-01-26T20:47:13.089+0000] {processor.py:208} INFO - Processing /opt/airflow/dags/music_ingestion_dag.py took 0.136 seconds
[2026-01-26T20:47:43.368+0000] {processor.py:186} INFO - Started process (PID=1602) to work on /opt/airflow/dags/music_ingestion_dag.py
[2026-01-26T20:47:43.370+0000] {processor.py:914} INFO - Processing file /opt/airflow/dags/music_ingestion_dag.py for tasks to queue
[2026-01-26T20:47:43.373+0000] {logging_mixin.py:190} INFO - [2026-01-26T20:47:43.372+0000] {dagbag.py:588} INFO - Filling up the DagBag from /opt/airflow/dags/music_ingestion_dag.py
[2026-01-26T20:47:43.397+0000] {processor.py:925} INFO - DAG(s) '01_music_ingestion_realtime' retrieved from /opt/airflow/dags/music_ingestion_dag.py
[2026-01-26T20:47:43.423+0000] {logging_mixin.py:190} INFO - [2026-01-26T20:47:43.423+0000] {dag.py:3239} INFO - Sync 1 DAGs
[2026-01-26T20:47:43.450+0000] {logging_mixin.py:190} INFO - [2026-01-26T20:47:43.450+0000] {dag.py:4180} INFO - Setting next_dagrun for 01_music_ingestion_realtime to 2026-01-26 19:00:00+00:00, run_after=2026-01-26 20:00:00+00:00
[2026-01-26T20:47:43.474+0000] {processor.py:208} INFO - Processing /opt/airflow/dags/music_ingestion_dag.py took 0.111 seconds
[2026-01-26T20:48:13.883+0000] {processor.py:186} INFO - Started process (PID=1607) to work on /opt/airflow/dags/music_ingestion_dag.py
[2026-01-26T20:48:13.884+0000] {processor.py:914} INFO - Processing file /opt/airflow/dags/music_ingestion_dag.py for tasks to queue
[2026-01-26T20:48:13.887+0000] {logging_mixin.py:190} INFO - [2026-01-26T20:48:13.887+0000] {dagbag.py:588} INFO - Filling up the DagBag from /opt/airflow/dags/music_ingestion_dag.py
[2026-01-26T20:48:13.918+0000] {processor.py:925} INFO - DAG(s) '01_music_ingestion_realtime' retrieved from /opt/airflow/dags/music_ingestion_dag.py
[2026-01-26T20:48:13.955+0000] {logging_mixin.py:190} INFO - [2026-01-26T20:48:13.955+0000] {dag.py:3239} INFO - Sync 1 DAGs
[2026-01-26T20:48:13.987+0000] {logging_mixin.py:190} INFO - [2026-01-26T20:48:13.987+0000] {dag.py:4180} INFO - Setting next_dagrun for 01_music_ingestion_realtime to 2026-01-26 19:00:00+00:00, run_after=2026-01-26 20:00:00+00:00
[2026-01-26T20:48:14.031+0000] {processor.py:208} INFO - Processing /opt/airflow/dags/music_ingestion_dag.py took 0.153 seconds
[2026-01-26T20:48:44.299+0000] {processor.py:186} INFO - Started process (PID=1612) to work on /opt/airflow/dags/music_ingestion_dag.py
[2026-01-26T20:48:44.301+0000] {processor.py:914} INFO - Processing file /opt/airflow/dags/music_ingestion_dag.py for tasks to queue
[2026-01-26T20:48:44.306+0000] {logging_mixin.py:190} INFO - [2026-01-26T20:48:44.306+0000] {dagbag.py:588} INFO - Filling up the DagBag from /opt/airflow/dags/music_ingestion_dag.py
[2026-01-26T20:48:44.372+0000] {processor.py:925} INFO - DAG(s) '01_music_ingestion_realtime' retrieved from /opt/airflow/dags/music_ingestion_dag.py
[2026-01-26T20:48:44.415+0000] {logging_mixin.py:190} INFO - [2026-01-26T20:48:44.415+0000] {dag.py:3239} INFO - Sync 1 DAGs
[2026-01-26T20:48:44.457+0000] {logging_mixin.py:190} INFO - [2026-01-26T20:48:44.457+0000] {dag.py:4180} INFO - Setting next_dagrun for 01_music_ingestion_realtime to 2026-01-26 19:00:00+00:00, run_after=2026-01-26 20:00:00+00:00
[2026-01-26T20:48:44.491+0000] {processor.py:208} INFO - Processing /opt/airflow/dags/music_ingestion_dag.py took 0.199 seconds
[2026-01-26T20:49:14.702+0000] {processor.py:186} INFO - Started process (PID=1617) to work on /opt/airflow/dags/music_ingestion_dag.py
[2026-01-26T20:49:14.703+0000] {processor.py:914} INFO - Processing file /opt/airflow/dags/music_ingestion_dag.py for tasks to queue
[2026-01-26T20:49:14.706+0000] {logging_mixin.py:190} INFO - [2026-01-26T20:49:14.705+0000] {dagbag.py:588} INFO - Filling up the DagBag from /opt/airflow/dags/music_ingestion_dag.py
[2026-01-26T20:49:14.734+0000] {processor.py:925} INFO - DAG(s) '01_music_ingestion_realtime' retrieved from /opt/airflow/dags/music_ingestion_dag.py
[2026-01-26T20:49:14.764+0000] {logging_mixin.py:190} INFO - [2026-01-26T20:49:14.764+0000] {dag.py:3239} INFO - Sync 1 DAGs
[2026-01-26T20:49:14.791+0000] {logging_mixin.py:190} INFO - [2026-01-26T20:49:14.791+0000] {dag.py:4180} INFO - Setting next_dagrun for 01_music_ingestion_realtime to 2026-01-26 19:00:00+00:00, run_after=2026-01-26 20:00:00+00:00
[2026-01-26T20:49:14.819+0000] {processor.py:208} INFO - Processing /opt/airflow/dags/music_ingestion_dag.py took 0.123 seconds
[2026-01-26T20:49:45.166+0000] {processor.py:186} INFO - Started process (PID=1622) to work on /opt/airflow/dags/music_ingestion_dag.py
[2026-01-26T20:49:45.169+0000] {processor.py:914} INFO - Processing file /opt/airflow/dags/music_ingestion_dag.py for tasks to queue
[2026-01-26T20:49:45.176+0000] {logging_mixin.py:190} INFO - [2026-01-26T20:49:45.176+0000] {dagbag.py:588} INFO - Filling up the DagBag from /opt/airflow/dags/music_ingestion_dag.py
[2026-01-26T20:49:45.248+0000] {processor.py:925} INFO - DAG(s) '01_music_ingestion_realtime' retrieved from /opt/airflow/dags/music_ingestion_dag.py
[2026-01-26T20:49:45.351+0000] {logging_mixin.py:190} INFO - [2026-01-26T20:49:45.351+0000] {dag.py:3239} INFO - Sync 1 DAGs
[2026-01-26T20:49:45.447+0000] {logging_mixin.py:190} INFO - [2026-01-26T20:49:45.446+0000] {dag.py:4180} INFO - Setting next_dagrun for 01_music_ingestion_realtime to 2026-01-26 19:00:00+00:00, run_after=2026-01-26 20:00:00+00:00
[2026-01-26T20:49:45.505+0000] {processor.py:208} INFO - Processing /opt/airflow/dags/music_ingestion_dag.py took 0.352 seconds
[2026-01-26T20:50:15.661+0000] {processor.py:186} INFO - Started process (PID=1627) to work on /opt/airflow/dags/music_ingestion_dag.py
[2026-01-26T20:50:15.664+0000] {processor.py:914} INFO - Processing file /opt/airflow/dags/music_ingestion_dag.py for tasks to queue
[2026-01-26T20:50:15.677+0000] {logging_mixin.py:190} INFO - [2026-01-26T20:50:15.675+0000] {dagbag.py:588} INFO - Filling up the DagBag from /opt/airflow/dags/music_ingestion_dag.py
[2026-01-26T20:50:15.863+0000] {processor.py:925} INFO - DAG(s) '01_music_ingestion_realtime' retrieved from /opt/airflow/dags/music_ingestion_dag.py
[2026-01-26T20:50:15.977+0000] {logging_mixin.py:190} INFO - [2026-01-26T20:50:15.976+0000] {dag.py:3239} INFO - Sync 1 DAGs
[2026-01-26T20:50:16.040+0000] {logging_mixin.py:190} INFO - [2026-01-26T20:50:16.040+0000] {dag.py:4180} INFO - Setting next_dagrun for 01_music_ingestion_realtime to 2026-01-26 19:00:00+00:00, run_after=2026-01-26 20:00:00+00:00
[2026-01-26T20:50:16.084+0000] {processor.py:208} INFO - Processing /opt/airflow/dags/music_ingestion_dag.py took 0.454 seconds
[2026-01-26T20:50:46.274+0000] {processor.py:186} INFO - Started process (PID=1632) to work on /opt/airflow/dags/music_ingestion_dag.py
[2026-01-26T20:50:46.276+0000] {processor.py:914} INFO - Processing file /opt/airflow/dags/music_ingestion_dag.py for tasks to queue
[2026-01-26T20:50:46.279+0000] {logging_mixin.py:190} INFO - [2026-01-26T20:50:46.278+0000] {dagbag.py:588} INFO - Filling up the DagBag from /opt/airflow/dags/music_ingestion_dag.py
[2026-01-26T20:50:46.303+0000] {processor.py:925} INFO - DAG(s) '01_music_ingestion_realtime' retrieved from /opt/airflow/dags/music_ingestion_dag.py
[2026-01-26T20:50:46.334+0000] {logging_mixin.py:190} INFO - [2026-01-26T20:50:46.334+0000] {dag.py:3239} INFO - Sync 1 DAGs
[2026-01-26T20:50:46.363+0000] {logging_mixin.py:190} INFO - [2026-01-26T20:50:46.363+0000] {dag.py:4180} INFO - Setting next_dagrun for 01_music_ingestion_realtime to 2026-01-26 19:00:00+00:00, run_after=2026-01-26 20:00:00+00:00
[2026-01-26T20:50:46.416+0000] {processor.py:208} INFO - Processing /opt/airflow/dags/music_ingestion_dag.py took 0.149 seconds
[2026-01-26T20:51:16.831+0000] {processor.py:186} INFO - Started process (PID=1637) to work on /opt/airflow/dags/music_ingestion_dag.py
[2026-01-26T20:51:16.832+0000] {processor.py:914} INFO - Processing file /opt/airflow/dags/music_ingestion_dag.py for tasks to queue
[2026-01-26T20:51:16.834+0000] {logging_mixin.py:190} INFO - [2026-01-26T20:51:16.834+0000] {dagbag.py:588} INFO - Filling up the DagBag from /opt/airflow/dags/music_ingestion_dag.py
[2026-01-26T20:51:16.851+0000] {processor.py:925} INFO - DAG(s) '01_music_ingestion_realtime' retrieved from /opt/airflow/dags/music_ingestion_dag.py
[2026-01-26T20:51:16.876+0000] {logging_mixin.py:190} INFO - [2026-01-26T20:51:16.875+0000] {dag.py:3239} INFO - Sync 1 DAGs
[2026-01-26T20:51:16.902+0000] {logging_mixin.py:190} INFO - [2026-01-26T20:51:16.902+0000] {dag.py:4180} INFO - Setting next_dagrun for 01_music_ingestion_realtime to 2026-01-26 19:00:00+00:00, run_after=2026-01-26 20:00:00+00:00
[2026-01-26T20:51:16.928+0000] {processor.py:208} INFO - Processing /opt/airflow/dags/music_ingestion_dag.py took 0.103 seconds
[2026-01-26T20:51:47.173+0000] {processor.py:186} INFO - Started process (PID=1642) to work on /opt/airflow/dags/music_ingestion_dag.py
[2026-01-26T20:51:47.175+0000] {processor.py:914} INFO - Processing file /opt/airflow/dags/music_ingestion_dag.py for tasks to queue
[2026-01-26T20:51:47.178+0000] {logging_mixin.py:190} INFO - [2026-01-26T20:51:47.178+0000] {dagbag.py:588} INFO - Filling up the DagBag from /opt/airflow/dags/music_ingestion_dag.py
[2026-01-26T20:51:47.203+0000] {processor.py:925} INFO - DAG(s) '01_music_ingestion_realtime' retrieved from /opt/airflow/dags/music_ingestion_dag.py
[2026-01-26T20:51:47.236+0000] {logging_mixin.py:190} INFO - [2026-01-26T20:51:47.236+0000] {dag.py:3239} INFO - Sync 1 DAGs
[2026-01-26T20:51:47.264+0000] {logging_mixin.py:190} INFO - [2026-01-26T20:51:47.264+0000] {dag.py:4180} INFO - Setting next_dagrun for 01_music_ingestion_realtime to 2026-01-26 19:00:00+00:00, run_after=2026-01-26 20:00:00+00:00
[2026-01-26T20:51:47.289+0000] {processor.py:208} INFO - Processing /opt/airflow/dags/music_ingestion_dag.py took 0.123 seconds
[2026-01-26T20:52:17.613+0000] {processor.py:186} INFO - Started process (PID=1647) to work on /opt/airflow/dags/music_ingestion_dag.py
[2026-01-26T20:52:17.614+0000] {processor.py:914} INFO - Processing file /opt/airflow/dags/music_ingestion_dag.py for tasks to queue
[2026-01-26T20:52:17.617+0000] {logging_mixin.py:190} INFO - [2026-01-26T20:52:17.617+0000] {dagbag.py:588} INFO - Filling up the DagBag from /opt/airflow/dags/music_ingestion_dag.py
[2026-01-26T20:52:17.636+0000] {processor.py:925} INFO - DAG(s) '01_music_ingestion_realtime' retrieved from /opt/airflow/dags/music_ingestion_dag.py
[2026-01-26T20:52:17.661+0000] {logging_mixin.py:190} INFO - [2026-01-26T20:52:17.660+0000] {dag.py:3239} INFO - Sync 1 DAGs
[2026-01-26T20:52:17.682+0000] {logging_mixin.py:190} INFO - [2026-01-26T20:52:17.682+0000] {dag.py:4180} INFO - Setting next_dagrun for 01_music_ingestion_realtime to 2026-01-26 19:00:00+00:00, run_after=2026-01-26 20:00:00+00:00
[2026-01-26T20:52:17.709+0000] {processor.py:208} INFO - Processing /opt/airflow/dags/music_ingestion_dag.py took 0.101 seconds
[2026-01-26T20:52:47.988+0000] {processor.py:186} INFO - Started process (PID=1652) to work on /opt/airflow/dags/music_ingestion_dag.py
[2026-01-26T20:52:47.989+0000] {processor.py:914} INFO - Processing file /opt/airflow/dags/music_ingestion_dag.py for tasks to queue
[2026-01-26T20:52:47.992+0000] {logging_mixin.py:190} INFO - [2026-01-26T20:52:47.992+0000] {dagbag.py:588} INFO - Filling up the DagBag from /opt/airflow/dags/music_ingestion_dag.py
[2026-01-26T20:52:48.027+0000] {processor.py:925} INFO - DAG(s) '01_music_ingestion_realtime' retrieved from /opt/airflow/dags/music_ingestion_dag.py
[2026-01-26T20:52:48.059+0000] {logging_mixin.py:190} INFO - [2026-01-26T20:52:48.059+0000] {dag.py:3239} INFO - Sync 1 DAGs
[2026-01-26T20:52:48.084+0000] {logging_mixin.py:190} INFO - [2026-01-26T20:52:48.084+0000] {dag.py:4180} INFO - Setting next_dagrun for 01_music_ingestion_realtime to 2026-01-26 19:00:00+00:00, run_after=2026-01-26 20:00:00+00:00
[2026-01-26T20:52:48.111+0000] {processor.py:208} INFO - Processing /opt/airflow/dags/music_ingestion_dag.py took 0.130 seconds
[2026-01-26T20:53:18.364+0000] {processor.py:186} INFO - Started process (PID=1657) to work on /opt/airflow/dags/music_ingestion_dag.py
[2026-01-26T20:53:18.366+0000] {processor.py:914} INFO - Processing file /opt/airflow/dags/music_ingestion_dag.py for tasks to queue
[2026-01-26T20:53:18.372+0000] {logging_mixin.py:190} INFO - [2026-01-26T20:53:18.371+0000] {dagbag.py:588} INFO - Filling up the DagBag from /opt/airflow/dags/music_ingestion_dag.py
[2026-01-26T20:53:18.403+0000] {processor.py:925} INFO - DAG(s) '01_music_ingestion_realtime' retrieved from /opt/airflow/dags/music_ingestion_dag.py
[2026-01-26T20:53:18.441+0000] {logging_mixin.py:190} INFO - [2026-01-26T20:53:18.441+0000] {dag.py:3239} INFO - Sync 1 DAGs
[2026-01-26T20:53:18.472+0000] {logging_mixin.py:190} INFO - [2026-01-26T20:53:18.472+0000] {dag.py:4180} INFO - Setting next_dagrun for 01_music_ingestion_realtime to 2026-01-26 19:00:00+00:00, run_after=2026-01-26 20:00:00+00:00
[2026-01-26T20:53:18.507+0000] {processor.py:208} INFO - Processing /opt/airflow/dags/music_ingestion_dag.py took 0.156 seconds
[2026-01-26T20:53:48.933+0000] {processor.py:186} INFO - Started process (PID=1662) to work on /opt/airflow/dags/music_ingestion_dag.py
[2026-01-26T20:53:48.934+0000] {processor.py:914} INFO - Processing file /opt/airflow/dags/music_ingestion_dag.py for tasks to queue
[2026-01-26T20:53:48.938+0000] {logging_mixin.py:190} INFO - [2026-01-26T20:53:48.937+0000] {dagbag.py:588} INFO - Filling up the DagBag from /opt/airflow/dags/music_ingestion_dag.py
[2026-01-26T20:53:48.964+0000] {processor.py:925} INFO - DAG(s) '01_music_ingestion_realtime' retrieved from /opt/airflow/dags/music_ingestion_dag.py
[2026-01-26T20:53:48.999+0000] {logging_mixin.py:190} INFO - [2026-01-26T20:53:48.999+0000] {dag.py:3239} INFO - Sync 1 DAGs
[2026-01-26T20:53:49.032+0000] {logging_mixin.py:190} INFO - [2026-01-26T20:53:49.032+0000] {dag.py:4180} INFO - Setting next_dagrun for 01_music_ingestion_realtime to 2026-01-26 19:00:00+00:00, run_after=2026-01-26 20:00:00+00:00
[2026-01-26T20:53:49.061+0000] {processor.py:208} INFO - Processing /opt/airflow/dags/music_ingestion_dag.py took 0.135 seconds
[2026-01-26T20:54:19.266+0000] {processor.py:186} INFO - Started process (PID=1667) to work on /opt/airflow/dags/music_ingestion_dag.py
[2026-01-26T20:54:19.267+0000] {processor.py:914} INFO - Processing file /opt/airflow/dags/music_ingestion_dag.py for tasks to queue
[2026-01-26T20:54:19.269+0000] {logging_mixin.py:190} INFO - [2026-01-26T20:54:19.269+0000] {dagbag.py:588} INFO - Filling up the DagBag from /opt/airflow/dags/music_ingestion_dag.py
[2026-01-26T20:54:19.287+0000] {processor.py:925} INFO - DAG(s) '01_music_ingestion_realtime' retrieved from /opt/airflow/dags/music_ingestion_dag.py
[2026-01-26T20:54:19.319+0000] {logging_mixin.py:190} INFO - [2026-01-26T20:54:19.318+0000] {dag.py:3239} INFO - Sync 1 DAGs
[2026-01-26T20:54:19.343+0000] {logging_mixin.py:190} INFO - [2026-01-26T20:54:19.342+0000] {dag.py:4180} INFO - Setting next_dagrun for 01_music_ingestion_realtime to 2026-01-26 19:00:00+00:00, run_after=2026-01-26 20:00:00+00:00
[2026-01-26T20:54:19.370+0000] {processor.py:208} INFO - Processing /opt/airflow/dags/music_ingestion_dag.py took 0.110 seconds
[2026-01-26T20:54:49.756+0000] {processor.py:186} INFO - Started process (PID=1672) to work on /opt/airflow/dags/music_ingestion_dag.py
[2026-01-26T20:54:49.758+0000] {processor.py:914} INFO - Processing file /opt/airflow/dags/music_ingestion_dag.py for tasks to queue
[2026-01-26T20:54:49.760+0000] {logging_mixin.py:190} INFO - [2026-01-26T20:54:49.760+0000] {dagbag.py:588} INFO - Filling up the DagBag from /opt/airflow/dags/music_ingestion_dag.py
[2026-01-26T20:54:49.789+0000] {processor.py:925} INFO - DAG(s) '01_music_ingestion_realtime' retrieved from /opt/airflow/dags/music_ingestion_dag.py
[2026-01-26T20:54:49.820+0000] {logging_mixin.py:190} INFO - [2026-01-26T20:54:49.820+0000] {dag.py:3239} INFO - Sync 1 DAGs
[2026-01-26T20:54:49.846+0000] {logging_mixin.py:190} INFO - [2026-01-26T20:54:49.846+0000] {dag.py:4180} INFO - Setting next_dagrun for 01_music_ingestion_realtime to 2026-01-26 19:00:00+00:00, run_after=2026-01-26 20:00:00+00:00
[2026-01-26T20:54:49.870+0000] {processor.py:208} INFO - Processing /opt/airflow/dags/music_ingestion_dag.py took 0.121 seconds
[2026-01-26T20:55:20.180+0000] {processor.py:186} INFO - Started process (PID=1677) to work on /opt/airflow/dags/music_ingestion_dag.py
[2026-01-26T20:55:20.182+0000] {processor.py:914} INFO - Processing file /opt/airflow/dags/music_ingestion_dag.py for tasks to queue
[2026-01-26T20:55:20.185+0000] {logging_mixin.py:190} INFO - [2026-01-26T20:55:20.185+0000] {dagbag.py:588} INFO - Filling up the DagBag from /opt/airflow/dags/music_ingestion_dag.py
[2026-01-26T20:55:20.212+0000] {processor.py:925} INFO - DAG(s) '01_music_ingestion_realtime' retrieved from /opt/airflow/dags/music_ingestion_dag.py
[2026-01-26T20:55:20.246+0000] {logging_mixin.py:190} INFO - [2026-01-26T20:55:20.246+0000] {dag.py:3239} INFO - Sync 1 DAGs
[2026-01-26T20:55:20.270+0000] {logging_mixin.py:190} INFO - [2026-01-26T20:55:20.270+0000] {dag.py:4180} INFO - Setting next_dagrun for 01_music_ingestion_realtime to 2026-01-26 19:00:00+00:00, run_after=2026-01-26 20:00:00+00:00
[2026-01-26T20:55:20.293+0000] {processor.py:208} INFO - Processing /opt/airflow/dags/music_ingestion_dag.py took 0.118 seconds
[2026-01-26T20:55:50.661+0000] {processor.py:186} INFO - Started process (PID=1682) to work on /opt/airflow/dags/music_ingestion_dag.py
[2026-01-26T20:55:50.662+0000] {processor.py:914} INFO - Processing file /opt/airflow/dags/music_ingestion_dag.py for tasks to queue
[2026-01-26T20:55:50.664+0000] {logging_mixin.py:190} INFO - [2026-01-26T20:55:50.664+0000] {dagbag.py:588} INFO - Filling up the DagBag from /opt/airflow/dags/music_ingestion_dag.py
[2026-01-26T20:55:50.683+0000] {processor.py:925} INFO - DAG(s) '01_music_ingestion_realtime' retrieved from /opt/airflow/dags/music_ingestion_dag.py
[2026-01-26T20:55:50.711+0000] {logging_mixin.py:190} INFO - [2026-01-26T20:55:50.710+0000] {dag.py:3239} INFO - Sync 1 DAGs
[2026-01-26T20:55:50.735+0000] {logging_mixin.py:190} INFO - [2026-01-26T20:55:50.734+0000] {dag.py:4180} INFO - Setting next_dagrun for 01_music_ingestion_realtime to 2026-01-26 19:00:00+00:00, run_after=2026-01-26 20:00:00+00:00
[2026-01-26T20:55:50.760+0000] {processor.py:208} INFO - Processing /opt/airflow/dags/music_ingestion_dag.py took 0.105 seconds
[2026-01-26T20:56:21.062+0000] {processor.py:186} INFO - Started process (PID=1687) to work on /opt/airflow/dags/music_ingestion_dag.py
[2026-01-26T20:56:21.063+0000] {processor.py:914} INFO - Processing file /opt/airflow/dags/music_ingestion_dag.py for tasks to queue
[2026-01-26T20:56:21.066+0000] {logging_mixin.py:190} INFO - [2026-01-26T20:56:21.066+0000] {dagbag.py:588} INFO - Filling up the DagBag from /opt/airflow/dags/music_ingestion_dag.py
[2026-01-26T20:56:21.084+0000] {processor.py:925} INFO - DAG(s) '01_music_ingestion_realtime' retrieved from /opt/airflow/dags/music_ingestion_dag.py
[2026-01-26T20:56:21.114+0000] {logging_mixin.py:190} INFO - [2026-01-26T20:56:21.114+0000] {dag.py:3239} INFO - Sync 1 DAGs
[2026-01-26T20:56:21.139+0000] {logging_mixin.py:190} INFO - [2026-01-26T20:56:21.138+0000] {dag.py:4180} INFO - Setting next_dagrun for 01_music_ingestion_realtime to 2026-01-26 19:00:00+00:00, run_after=2026-01-26 20:00:00+00:00
[2026-01-26T20:56:21.163+0000] {processor.py:208} INFO - Processing /opt/airflow/dags/music_ingestion_dag.py took 0.106 seconds
[2026-01-26T20:56:51.539+0000] {processor.py:186} INFO - Started process (PID=1692) to work on /opt/airflow/dags/music_ingestion_dag.py
[2026-01-26T20:56:51.541+0000] {processor.py:914} INFO - Processing file /opt/airflow/dags/music_ingestion_dag.py for tasks to queue
[2026-01-26T20:56:51.543+0000] {logging_mixin.py:190} INFO - [2026-01-26T20:56:51.543+0000] {dagbag.py:588} INFO - Filling up the DagBag from /opt/airflow/dags/music_ingestion_dag.py
[2026-01-26T20:56:51.567+0000] {processor.py:925} INFO - DAG(s) '01_music_ingestion_realtime' retrieved from /opt/airflow/dags/music_ingestion_dag.py
[2026-01-26T20:56:51.597+0000] {logging_mixin.py:190} INFO - [2026-01-26T20:56:51.596+0000] {dag.py:3239} INFO - Sync 1 DAGs
[2026-01-26T20:56:51.625+0000] {logging_mixin.py:190} INFO - [2026-01-26T20:56:51.625+0000] {dag.py:4180} INFO - Setting next_dagrun for 01_music_ingestion_realtime to 2026-01-26 19:00:00+00:00, run_after=2026-01-26 20:00:00+00:00
[2026-01-26T20:56:51.649+0000] {processor.py:208} INFO - Processing /opt/airflow/dags/music_ingestion_dag.py took 0.115 seconds
[2026-01-26T20:57:21.897+0000] {processor.py:186} INFO - Started process (PID=1697) to work on /opt/airflow/dags/music_ingestion_dag.py
[2026-01-26T20:57:21.898+0000] {processor.py:914} INFO - Processing file /opt/airflow/dags/music_ingestion_dag.py for tasks to queue
[2026-01-26T20:57:21.901+0000] {logging_mixin.py:190} INFO - [2026-01-26T20:57:21.900+0000] {dagbag.py:588} INFO - Filling up the DagBag from /opt/airflow/dags/music_ingestion_dag.py
[2026-01-26T20:57:21.923+0000] {processor.py:925} INFO - DAG(s) '01_music_ingestion_realtime' retrieved from /opt/airflow/dags/music_ingestion_dag.py
[2026-01-26T20:57:21.954+0000] {logging_mixin.py:190} INFO - [2026-01-26T20:57:21.954+0000] {dag.py:3239} INFO - Sync 1 DAGs
[2026-01-26T20:57:21.978+0000] {logging_mixin.py:190} INFO - [2026-01-26T20:57:21.978+0000] {dag.py:4180} INFO - Setting next_dagrun for 01_music_ingestion_realtime to 2026-01-26 19:00:00+00:00, run_after=2026-01-26 20:00:00+00:00
[2026-01-26T20:57:22.001+0000] {processor.py:208} INFO - Processing /opt/airflow/dags/music_ingestion_dag.py took 0.110 seconds
[2026-01-26T20:57:52.485+0000] {processor.py:186} INFO - Started process (PID=1702) to work on /opt/airflow/dags/music_ingestion_dag.py
[2026-01-26T20:57:52.487+0000] {processor.py:914} INFO - Processing file /opt/airflow/dags/music_ingestion_dag.py for tasks to queue
[2026-01-26T20:57:52.493+0000] {logging_mixin.py:190} INFO - [2026-01-26T20:57:52.492+0000] {dagbag.py:588} INFO - Filling up the DagBag from /opt/airflow/dags/music_ingestion_dag.py
[2026-01-26T20:57:52.531+0000] {processor.py:925} INFO - DAG(s) '01_music_ingestion_realtime' retrieved from /opt/airflow/dags/music_ingestion_dag.py
[2026-01-26T20:57:52.590+0000] {logging_mixin.py:190} INFO - [2026-01-26T20:57:52.589+0000] {dag.py:3239} INFO - Sync 1 DAGs
[2026-01-26T20:57:52.626+0000] {logging_mixin.py:190} INFO - [2026-01-26T20:57:52.626+0000] {dag.py:4180} INFO - Setting next_dagrun for 01_music_ingestion_realtime to 2026-01-26 19:00:00+00:00, run_after=2026-01-26 20:00:00+00:00
[2026-01-26T20:57:52.668+0000] {processor.py:208} INFO - Processing /opt/airflow/dags/music_ingestion_dag.py took 0.195 seconds
[2026-01-26T20:58:22.793+0000] {processor.py:186} INFO - Started process (PID=1707) to work on /opt/airflow/dags/music_ingestion_dag.py
[2026-01-26T20:58:22.794+0000] {processor.py:914} INFO - Processing file /opt/airflow/dags/music_ingestion_dag.py for tasks to queue
[2026-01-26T20:58:22.797+0000] {logging_mixin.py:190} INFO - [2026-01-26T20:58:22.796+0000] {dagbag.py:588} INFO - Filling up the DagBag from /opt/airflow/dags/music_ingestion_dag.py
[2026-01-26T20:58:22.816+0000] {processor.py:925} INFO - DAG(s) '01_music_ingestion_realtime' retrieved from /opt/airflow/dags/music_ingestion_dag.py
[2026-01-26T20:58:22.846+0000] {logging_mixin.py:190} INFO - [2026-01-26T20:58:22.846+0000] {dag.py:3239} INFO - Sync 1 DAGs
[2026-01-26T20:58:22.871+0000] {logging_mixin.py:190} INFO - [2026-01-26T20:58:22.871+0000] {dag.py:4180} INFO - Setting next_dagrun for 01_music_ingestion_realtime to 2026-01-26 19:00:00+00:00, run_after=2026-01-26 20:00:00+00:00
[2026-01-26T20:58:22.896+0000] {processor.py:208} INFO - Processing /opt/airflow/dags/music_ingestion_dag.py took 0.109 seconds
[2026-01-26T20:58:53.179+0000] {processor.py:186} INFO - Started process (PID=1712) to work on /opt/airflow/dags/music_ingestion_dag.py
[2026-01-26T20:58:53.181+0000] {processor.py:914} INFO - Processing file /opt/airflow/dags/music_ingestion_dag.py for tasks to queue
[2026-01-26T20:58:53.185+0000] {logging_mixin.py:190} INFO - [2026-01-26T20:58:53.185+0000] {dagbag.py:588} INFO - Filling up the DagBag from /opt/airflow/dags/music_ingestion_dag.py
[2026-01-26T20:58:53.211+0000] {processor.py:925} INFO - DAG(s) '01_music_ingestion_realtime' retrieved from /opt/airflow/dags/music_ingestion_dag.py
[2026-01-26T20:58:53.247+0000] {logging_mixin.py:190} INFO - [2026-01-26T20:58:53.246+0000] {dag.py:3239} INFO - Sync 1 DAGs
[2026-01-26T20:58:53.277+0000] {logging_mixin.py:190} INFO - [2026-01-26T20:58:53.276+0000] {dag.py:4180} INFO - Setting next_dagrun for 01_music_ingestion_realtime to 2026-01-26 19:00:00+00:00, run_after=2026-01-26 20:00:00+00:00
[2026-01-26T20:58:53.311+0000] {processor.py:208} INFO - Processing /opt/airflow/dags/music_ingestion_dag.py took 0.141 seconds
[2026-01-26T20:59:23.569+0000] {processor.py:186} INFO - Started process (PID=1717) to work on /opt/airflow/dags/music_ingestion_dag.py
[2026-01-26T20:59:23.571+0000] {processor.py:914} INFO - Processing file /opt/airflow/dags/music_ingestion_dag.py for tasks to queue
[2026-01-26T20:59:23.575+0000] {logging_mixin.py:190} INFO - [2026-01-26T20:59:23.575+0000] {dagbag.py:588} INFO - Filling up the DagBag from /opt/airflow/dags/music_ingestion_dag.py
[2026-01-26T20:59:23.602+0000] {processor.py:925} INFO - DAG(s) '01_music_ingestion_realtime' retrieved from /opt/airflow/dags/music_ingestion_dag.py
[2026-01-26T20:59:23.642+0000] {logging_mixin.py:190} INFO - [2026-01-26T20:59:23.641+0000] {dag.py:3239} INFO - Sync 1 DAGs
[2026-01-26T20:59:23.679+0000] {logging_mixin.py:190} INFO - [2026-01-26T20:59:23.679+0000] {dag.py:4180} INFO - Setting next_dagrun for 01_music_ingestion_realtime to 2026-01-26 19:00:00+00:00, run_after=2026-01-26 20:00:00+00:00
[2026-01-26T20:59:23.719+0000] {processor.py:208} INFO - Processing /opt/airflow/dags/music_ingestion_dag.py took 0.157 seconds
[2026-01-26T20:59:53.927+0000] {processor.py:186} INFO - Started process (PID=1722) to work on /opt/airflow/dags/music_ingestion_dag.py
[2026-01-26T20:59:53.929+0000] {processor.py:914} INFO - Processing file /opt/airflow/dags/music_ingestion_dag.py for tasks to queue
[2026-01-26T20:59:53.931+0000] {logging_mixin.py:190} INFO - [2026-01-26T20:59:53.931+0000] {dagbag.py:588} INFO - Filling up the DagBag from /opt/airflow/dags/music_ingestion_dag.py
[2026-01-26T20:59:53.964+0000] {processor.py:925} INFO - DAG(s) '01_music_ingestion_realtime' retrieved from /opt/airflow/dags/music_ingestion_dag.py
[2026-01-26T20:59:54.002+0000] {logging_mixin.py:190} INFO - [2026-01-26T20:59:54.001+0000] {dag.py:3239} INFO - Sync 1 DAGs
[2026-01-26T20:59:54.029+0000] {logging_mixin.py:190} INFO - [2026-01-26T20:59:54.028+0000] {dag.py:4180} INFO - Setting next_dagrun for 01_music_ingestion_realtime to 2026-01-26 19:00:00+00:00, run_after=2026-01-26 20:00:00+00:00
[2026-01-26T20:59:54.052+0000] {processor.py:208} INFO - Processing /opt/airflow/dags/music_ingestion_dag.py took 0.130 seconds
[2026-01-26T21:00:24.465+0000] {processor.py:186} INFO - Started process (PID=1727) to work on /opt/airflow/dags/music_ingestion_dag.py
[2026-01-26T21:00:24.466+0000] {processor.py:914} INFO - Processing file /opt/airflow/dags/music_ingestion_dag.py for tasks to queue
[2026-01-26T21:00:24.471+0000] {logging_mixin.py:190} INFO - [2026-01-26T21:00:24.470+0000] {dagbag.py:588} INFO - Filling up the DagBag from /opt/airflow/dags/music_ingestion_dag.py
[2026-01-26T21:00:24.514+0000] {processor.py:925} INFO - DAG(s) '01_music_ingestion_realtime' retrieved from /opt/airflow/dags/music_ingestion_dag.py
[2026-01-26T21:00:24.549+0000] {logging_mixin.py:190} INFO - [2026-01-26T21:00:24.548+0000] {dag.py:3239} INFO - Sync 1 DAGs
[2026-01-26T21:00:24.581+0000] {logging_mixin.py:190} INFO - [2026-01-26T21:00:24.581+0000] {dag.py:4180} INFO - Setting next_dagrun for 01_music_ingestion_realtime to 2026-01-26 20:00:00+00:00, run_after=2026-01-26 21:00:00+00:00
[2026-01-26T21:00:24.605+0000] {processor.py:208} INFO - Processing /opt/airflow/dags/music_ingestion_dag.py took 0.245 seconds
[2026-01-26T21:00:54.761+0000] {processor.py:186} INFO - Started process (PID=1732) to work on /opt/airflow/dags/music_ingestion_dag.py
[2026-01-26T21:00:54.762+0000] {processor.py:914} INFO - Processing file /opt/airflow/dags/music_ingestion_dag.py for tasks to queue
[2026-01-26T21:00:54.765+0000] {logging_mixin.py:190} INFO - [2026-01-26T21:00:54.765+0000] {dagbag.py:588} INFO - Filling up the DagBag from /opt/airflow/dags/music_ingestion_dag.py
[2026-01-26T21:00:54.788+0000] {processor.py:925} INFO - DAG(s) '01_music_ingestion_realtime' retrieved from /opt/airflow/dags/music_ingestion_dag.py
[2026-01-26T21:00:54.821+0000] {logging_mixin.py:190} INFO - [2026-01-26T21:00:54.821+0000] {dag.py:3239} INFO - Sync 1 DAGs
[2026-01-26T21:00:54.849+0000] {logging_mixin.py:190} INFO - [2026-01-26T21:00:54.848+0000] {dag.py:4180} INFO - Setting next_dagrun for 01_music_ingestion_realtime to 2026-01-26 20:00:00+00:00, run_after=2026-01-26 21:00:00+00:00
[2026-01-26T21:00:54.869+0000] {processor.py:208} INFO - Processing /opt/airflow/dags/music_ingestion_dag.py took 0.118 seconds
[2026-01-26T21:01:25.494+0000] {processor.py:186} INFO - Started process (PID=1737) to work on /opt/airflow/dags/music_ingestion_dag.py
[2026-01-26T21:01:25.496+0000] {processor.py:914} INFO - Processing file /opt/airflow/dags/music_ingestion_dag.py for tasks to queue
[2026-01-26T21:01:25.500+0000] {logging_mixin.py:190} INFO - [2026-01-26T21:01:25.499+0000] {dagbag.py:588} INFO - Filling up the DagBag from /opt/airflow/dags/music_ingestion_dag.py
[2026-01-26T21:01:25.527+0000] {processor.py:925} INFO - DAG(s) '01_music_ingestion_realtime' retrieved from /opt/airflow/dags/music_ingestion_dag.py
[2026-01-26T21:01:25.561+0000] {logging_mixin.py:190} INFO - [2026-01-26T21:01:25.561+0000] {dag.py:3239} INFO - Sync 1 DAGs
[2026-01-26T21:01:25.593+0000] {logging_mixin.py:190} INFO - [2026-01-26T21:01:25.592+0000] {dag.py:4180} INFO - Setting next_dagrun for 01_music_ingestion_realtime to 2026-01-26 20:00:00+00:00, run_after=2026-01-26 21:00:00+00:00
[2026-01-26T21:01:25.620+0000] {processor.py:208} INFO - Processing /opt/airflow/dags/music_ingestion_dag.py took 0.133 seconds
[2026-01-26T21:01:55.870+0000] {processor.py:186} INFO - Started process (PID=1742) to work on /opt/airflow/dags/music_ingestion_dag.py
[2026-01-26T21:01:55.873+0000] {processor.py:914} INFO - Processing file /opt/airflow/dags/music_ingestion_dag.py for tasks to queue
[2026-01-26T21:01:55.876+0000] {logging_mixin.py:190} INFO - [2026-01-26T21:01:55.875+0000] {dagbag.py:588} INFO - Filling up the DagBag from /opt/airflow/dags/music_ingestion_dag.py
[2026-01-26T21:01:55.918+0000] {processor.py:925} INFO - DAG(s) '01_music_ingestion_realtime' retrieved from /opt/airflow/dags/music_ingestion_dag.py
[2026-01-26T21:01:55.955+0000] {logging_mixin.py:190} INFO - [2026-01-26T21:01:55.955+0000] {dag.py:3239} INFO - Sync 1 DAGs
[2026-01-26T21:01:55.982+0000] {logging_mixin.py:190} INFO - [2026-01-26T21:01:55.982+0000] {dag.py:4180} INFO - Setting next_dagrun for 01_music_ingestion_realtime to 2026-01-26 20:00:00+00:00, run_after=2026-01-26 21:00:00+00:00
[2026-01-26T21:01:56.009+0000] {processor.py:208} INFO - Processing /opt/airflow/dags/music_ingestion_dag.py took 0.144 seconds
[2026-01-26T21:02:26.350+0000] {processor.py:186} INFO - Started process (PID=1747) to work on /opt/airflow/dags/music_ingestion_dag.py
[2026-01-26T21:02:26.351+0000] {processor.py:914} INFO - Processing file /opt/airflow/dags/music_ingestion_dag.py for tasks to queue
[2026-01-26T21:02:26.354+0000] {logging_mixin.py:190} INFO - [2026-01-26T21:02:26.353+0000] {dagbag.py:588} INFO - Filling up the DagBag from /opt/airflow/dags/music_ingestion_dag.py
[2026-01-26T21:02:26.370+0000] {processor.py:925} INFO - DAG(s) '01_music_ingestion_realtime' retrieved from /opt/airflow/dags/music_ingestion_dag.py
[2026-01-26T21:02:26.397+0000] {logging_mixin.py:190} INFO - [2026-01-26T21:02:26.397+0000] {dag.py:3239} INFO - Sync 1 DAGs
[2026-01-26T21:02:26.422+0000] {logging_mixin.py:190} INFO - [2026-01-26T21:02:26.422+0000] {dag.py:4180} INFO - Setting next_dagrun for 01_music_ingestion_realtime to 2026-01-26 20:00:00+00:00, run_after=2026-01-26 21:00:00+00:00
[2026-01-26T21:02:26.449+0000] {processor.py:208} INFO - Processing /opt/airflow/dags/music_ingestion_dag.py took 0.104 seconds
[2026-01-26T21:02:56.697+0000] {processor.py:186} INFO - Started process (PID=1752) to work on /opt/airflow/dags/music_ingestion_dag.py
[2026-01-26T21:02:56.698+0000] {processor.py:914} INFO - Processing file /opt/airflow/dags/music_ingestion_dag.py for tasks to queue
[2026-01-26T21:02:56.701+0000] {logging_mixin.py:190} INFO - [2026-01-26T21:02:56.700+0000] {dagbag.py:588} INFO - Filling up the DagBag from /opt/airflow/dags/music_ingestion_dag.py
[2026-01-26T21:02:56.722+0000] {processor.py:925} INFO - DAG(s) '01_music_ingestion_realtime' retrieved from /opt/airflow/dags/music_ingestion_dag.py
[2026-01-26T21:02:56.763+0000] {logging_mixin.py:190} INFO - [2026-01-26T21:02:56.763+0000] {dag.py:3239} INFO - Sync 1 DAGs
[2026-01-26T21:02:56.793+0000] {logging_mixin.py:190} INFO - [2026-01-26T21:02:56.792+0000] {dag.py:4180} INFO - Setting next_dagrun for 01_music_ingestion_realtime to 2026-01-26 20:00:00+00:00, run_after=2026-01-26 21:00:00+00:00
[2026-01-26T21:02:56.822+0000] {processor.py:208} INFO - Processing /opt/airflow/dags/music_ingestion_dag.py took 0.131 seconds
[2026-01-26T21:03:27.165+0000] {processor.py:186} INFO - Started process (PID=1757) to work on /opt/airflow/dags/music_ingestion_dag.py
[2026-01-26T21:03:27.167+0000] {processor.py:914} INFO - Processing file /opt/airflow/dags/music_ingestion_dag.py for tasks to queue
[2026-01-26T21:03:27.169+0000] {logging_mixin.py:190} INFO - [2026-01-26T21:03:27.169+0000] {dagbag.py:588} INFO - Filling up the DagBag from /opt/airflow/dags/music_ingestion_dag.py
[2026-01-26T21:03:27.192+0000] {processor.py:925} INFO - DAG(s) '01_music_ingestion_realtime' retrieved from /opt/airflow/dags/music_ingestion_dag.py
[2026-01-26T21:03:27.219+0000] {logging_mixin.py:190} INFO - [2026-01-26T21:03:27.219+0000] {dag.py:3239} INFO - Sync 1 DAGs
[2026-01-26T21:03:27.243+0000] {logging_mixin.py:190} INFO - [2026-01-26T21:03:27.243+0000] {dag.py:4180} INFO - Setting next_dagrun for 01_music_ingestion_realtime to 2026-01-26 20:00:00+00:00, run_after=2026-01-26 21:00:00+00:00
[2026-01-26T21:03:27.268+0000] {processor.py:208} INFO - Processing /opt/airflow/dags/music_ingestion_dag.py took 0.108 seconds
[2026-01-26T21:03:57.589+0000] {processor.py:186} INFO - Started process (PID=1762) to work on /opt/airflow/dags/music_ingestion_dag.py
[2026-01-26T21:03:57.591+0000] {processor.py:914} INFO - Processing file /opt/airflow/dags/music_ingestion_dag.py for tasks to queue
[2026-01-26T21:03:57.594+0000] {logging_mixin.py:190} INFO - [2026-01-26T21:03:57.594+0000] {dagbag.py:588} INFO - Filling up the DagBag from /opt/airflow/dags/music_ingestion_dag.py
[2026-01-26T21:03:57.614+0000] {processor.py:925} INFO - DAG(s) '01_music_ingestion_realtime' retrieved from /opt/airflow/dags/music_ingestion_dag.py
[2026-01-26T21:03:57.643+0000] {logging_mixin.py:190} INFO - [2026-01-26T21:03:57.643+0000] {dag.py:3239} INFO - Sync 1 DAGs
[2026-01-26T21:03:57.669+0000] {logging_mixin.py:190} INFO - [2026-01-26T21:03:57.669+0000] {dag.py:4180} INFO - Setting next_dagrun for 01_music_ingestion_realtime to 2026-01-26 20:00:00+00:00, run_after=2026-01-26 21:00:00+00:00
[2026-01-26T21:03:57.695+0000] {processor.py:208} INFO - Processing /opt/airflow/dags/music_ingestion_dag.py took 0.112 seconds
[2026-01-26T21:04:28.022+0000] {processor.py:186} INFO - Started process (PID=1767) to work on /opt/airflow/dags/music_ingestion_dag.py
[2026-01-26T21:04:28.023+0000] {processor.py:914} INFO - Processing file /opt/airflow/dags/music_ingestion_dag.py for tasks to queue
[2026-01-26T21:04:28.027+0000] {logging_mixin.py:190} INFO - [2026-01-26T21:04:28.026+0000] {dagbag.py:588} INFO - Filling up the DagBag from /opt/airflow/dags/music_ingestion_dag.py
[2026-01-26T21:04:28.043+0000] {processor.py:925} INFO - DAG(s) '01_music_ingestion_realtime' retrieved from /opt/airflow/dags/music_ingestion_dag.py
[2026-01-26T21:04:28.070+0000] {logging_mixin.py:190} INFO - [2026-01-26T21:04:28.070+0000] {dag.py:3239} INFO - Sync 1 DAGs
[2026-01-26T21:04:28.094+0000] {logging_mixin.py:190} INFO - [2026-01-26T21:04:28.093+0000] {dag.py:4180} INFO - Setting next_dagrun for 01_music_ingestion_realtime to 2026-01-26 20:00:00+00:00, run_after=2026-01-26 21:00:00+00:00
[2026-01-26T21:04:28.118+0000] {processor.py:208} INFO - Processing /opt/airflow/dags/music_ingestion_dag.py took 0.103 seconds
[2026-01-26T21:04:58.452+0000] {processor.py:186} INFO - Started process (PID=1772) to work on /opt/airflow/dags/music_ingestion_dag.py
[2026-01-26T21:04:58.453+0000] {processor.py:914} INFO - Processing file /opt/airflow/dags/music_ingestion_dag.py for tasks to queue
[2026-01-26T21:04:58.456+0000] {logging_mixin.py:190} INFO - [2026-01-26T21:04:58.456+0000] {dagbag.py:588} INFO - Filling up the DagBag from /opt/airflow/dags/music_ingestion_dag.py
[2026-01-26T21:04:58.479+0000] {processor.py:925} INFO - DAG(s) '01_music_ingestion_realtime' retrieved from /opt/airflow/dags/music_ingestion_dag.py
[2026-01-26T21:04:58.519+0000] {logging_mixin.py:190} INFO - [2026-01-26T21:04:58.519+0000] {dag.py:3239} INFO - Sync 1 DAGs
[2026-01-26T21:04:58.551+0000] {logging_mixin.py:190} INFO - [2026-01-26T21:04:58.550+0000] {dag.py:4180} INFO - Setting next_dagrun for 01_music_ingestion_realtime to 2026-01-26 20:00:00+00:00, run_after=2026-01-26 21:00:00+00:00
[2026-01-26T21:04:58.577+0000] {processor.py:208} INFO - Processing /opt/airflow/dags/music_ingestion_dag.py took 0.131 seconds
[2026-01-26T21:05:28.881+0000] {processor.py:186} INFO - Started process (PID=1777) to work on /opt/airflow/dags/music_ingestion_dag.py
[2026-01-26T21:05:28.883+0000] {processor.py:914} INFO - Processing file /opt/airflow/dags/music_ingestion_dag.py for tasks to queue
[2026-01-26T21:05:28.886+0000] {logging_mixin.py:190} INFO - [2026-01-26T21:05:28.885+0000] {dagbag.py:588} INFO - Filling up the DagBag from /opt/airflow/dags/music_ingestion_dag.py
[2026-01-26T21:05:28.913+0000] {processor.py:925} INFO - DAG(s) '01_music_ingestion_realtime' retrieved from /opt/airflow/dags/music_ingestion_dag.py
[2026-01-26T21:05:28.943+0000] {logging_mixin.py:190} INFO - [2026-01-26T21:05:28.942+0000] {dag.py:3239} INFO - Sync 1 DAGs
[2026-01-26T21:05:28.967+0000] {logging_mixin.py:190} INFO - [2026-01-26T21:05:28.967+0000] {dag.py:4180} INFO - Setting next_dagrun for 01_music_ingestion_realtime to 2026-01-26 20:00:00+00:00, run_after=2026-01-26 21:00:00+00:00
[2026-01-26T21:05:28.992+0000] {processor.py:208} INFO - Processing /opt/airflow/dags/music_ingestion_dag.py took 0.117 seconds
[2026-01-26T21:05:59.317+0000] {processor.py:186} INFO - Started process (PID=1782) to work on /opt/airflow/dags/music_ingestion_dag.py
[2026-01-26T21:05:59.318+0000] {processor.py:914} INFO - Processing file /opt/airflow/dags/music_ingestion_dag.py for tasks to queue
[2026-01-26T21:05:59.320+0000] {logging_mixin.py:190} INFO - [2026-01-26T21:05:59.320+0000] {dagbag.py:588} INFO - Filling up the DagBag from /opt/airflow/dags/music_ingestion_dag.py
[2026-01-26T21:05:59.338+0000] {processor.py:925} INFO - DAG(s) '01_music_ingestion_realtime' retrieved from /opt/airflow/dags/music_ingestion_dag.py
[2026-01-26T21:05:59.373+0000] {logging_mixin.py:190} INFO - [2026-01-26T21:05:59.373+0000] {dag.py:3239} INFO - Sync 1 DAGs
[2026-01-26T21:05:59.402+0000] {logging_mixin.py:190} INFO - [2026-01-26T21:05:59.401+0000] {dag.py:4180} INFO - Setting next_dagrun for 01_music_ingestion_realtime to 2026-01-26 20:00:00+00:00, run_after=2026-01-26 21:00:00+00:00
[2026-01-26T21:05:59.432+0000] {processor.py:208} INFO - Processing /opt/airflow/dags/music_ingestion_dag.py took 0.121 seconds
[2026-01-26T21:06:29.707+0000] {processor.py:186} INFO - Started process (PID=1787) to work on /opt/airflow/dags/music_ingestion_dag.py
[2026-01-26T21:06:29.713+0000] {processor.py:914} INFO - Processing file /opt/airflow/dags/music_ingestion_dag.py for tasks to queue
[2026-01-26T21:06:29.718+0000] {logging_mixin.py:190} INFO - [2026-01-26T21:06:29.717+0000] {dagbag.py:588} INFO - Filling up the DagBag from /opt/airflow/dags/music_ingestion_dag.py
[2026-01-26T21:06:29.794+0000] {processor.py:925} INFO - DAG(s) '01_music_ingestion_realtime' retrieved from /opt/airflow/dags/music_ingestion_dag.py
[2026-01-26T21:06:29.836+0000] {logging_mixin.py:190} INFO - [2026-01-26T21:06:29.835+0000] {dag.py:3239} INFO - Sync 1 DAGs
[2026-01-26T21:06:29.866+0000] {logging_mixin.py:190} INFO - [2026-01-26T21:06:29.866+0000] {dag.py:4180} INFO - Setting next_dagrun for 01_music_ingestion_realtime to 2026-01-26 20:00:00+00:00, run_after=2026-01-26 21:00:00+00:00
[2026-01-26T21:06:29.885+0000] {processor.py:208} INFO - Processing /opt/airflow/dags/music_ingestion_dag.py took 0.192 seconds
[2026-01-26T21:07:00.121+0000] {processor.py:186} INFO - Started process (PID=1792) to work on /opt/airflow/dags/music_ingestion_dag.py
[2026-01-26T21:07:00.122+0000] {processor.py:914} INFO - Processing file /opt/airflow/dags/music_ingestion_dag.py for tasks to queue
[2026-01-26T21:07:00.124+0000] {logging_mixin.py:190} INFO - [2026-01-26T21:07:00.124+0000] {dagbag.py:588} INFO - Filling up the DagBag from /opt/airflow/dags/music_ingestion_dag.py
[2026-01-26T21:07:00.143+0000] {processor.py:925} INFO - DAG(s) '01_music_ingestion_realtime' retrieved from /opt/airflow/dags/music_ingestion_dag.py
[2026-01-26T21:07:00.177+0000] {logging_mixin.py:190} INFO - [2026-01-26T21:07:00.176+0000] {dag.py:3239} INFO - Sync 1 DAGs
[2026-01-26T21:07:00.208+0000] {logging_mixin.py:190} INFO - [2026-01-26T21:07:00.208+0000] {dag.py:4180} INFO - Setting next_dagrun for 01_music_ingestion_realtime to 2026-01-26 20:00:00+00:00, run_after=2026-01-26 21:00:00+00:00
[2026-01-26T21:07:00.235+0000] {processor.py:208} INFO - Processing /opt/airflow/dags/music_ingestion_dag.py took 0.120 seconds
[2026-01-26T21:07:30.549+0000] {processor.py:186} INFO - Started process (PID=1797) to work on /opt/airflow/dags/music_ingestion_dag.py
[2026-01-26T21:07:30.551+0000] {processor.py:914} INFO - Processing file /opt/airflow/dags/music_ingestion_dag.py for tasks to queue
[2026-01-26T21:07:30.553+0000] {logging_mixin.py:190} INFO - [2026-01-26T21:07:30.553+0000] {dagbag.py:588} INFO - Filling up the DagBag from /opt/airflow/dags/music_ingestion_dag.py
[2026-01-26T21:07:30.573+0000] {processor.py:925} INFO - DAG(s) '01_music_ingestion_realtime' retrieved from /opt/airflow/dags/music_ingestion_dag.py
[2026-01-26T21:07:30.602+0000] {logging_mixin.py:190} INFO - [2026-01-26T21:07:30.602+0000] {dag.py:3239} INFO - Sync 1 DAGs
[2026-01-26T21:07:30.627+0000] {logging_mixin.py:190} INFO - [2026-01-26T21:07:30.627+0000] {dag.py:4180} INFO - Setting next_dagrun for 01_music_ingestion_realtime to 2026-01-26 20:00:00+00:00, run_after=2026-01-26 21:00:00+00:00
[2026-01-26T21:07:30.653+0000] {processor.py:208} INFO - Processing /opt/airflow/dags/music_ingestion_dag.py took 0.110 seconds
[2026-01-26T21:08:01.000+0000] {processor.py:186} INFO - Started process (PID=1802) to work on /opt/airflow/dags/music_ingestion_dag.py
[2026-01-26T21:08:01.001+0000] {processor.py:914} INFO - Processing file /opt/airflow/dags/music_ingestion_dag.py for tasks to queue
[2026-01-26T21:08:01.005+0000] {logging_mixin.py:190} INFO - [2026-01-26T21:08:01.004+0000] {dagbag.py:588} INFO - Filling up the DagBag from /opt/airflow/dags/music_ingestion_dag.py
[2026-01-26T21:08:01.040+0000] {processor.py:925} INFO - DAG(s) '01_music_ingestion_realtime' retrieved from /opt/airflow/dags/music_ingestion_dag.py
[2026-01-26T21:08:01.075+0000] {logging_mixin.py:190} INFO - [2026-01-26T21:08:01.075+0000] {dag.py:3239} INFO - Sync 1 DAGs
[2026-01-26T21:08:01.102+0000] {logging_mixin.py:190} INFO - [2026-01-26T21:08:01.102+0000] {dag.py:4180} INFO - Setting next_dagrun for 01_music_ingestion_realtime to 2026-01-26 20:00:00+00:00, run_after=2026-01-26 21:00:00+00:00
[2026-01-26T21:08:01.131+0000] {processor.py:208} INFO - Processing /opt/airflow/dags/music_ingestion_dag.py took 0.138 seconds
[2026-01-26T21:08:31.342+0000] {processor.py:186} INFO - Started process (PID=1807) to work on /opt/airflow/dags/music_ingestion_dag.py
[2026-01-26T21:08:31.343+0000] {processor.py:914} INFO - Processing file /opt/airflow/dags/music_ingestion_dag.py for tasks to queue
[2026-01-26T21:08:31.346+0000] {logging_mixin.py:190} INFO - [2026-01-26T21:08:31.346+0000] {dagbag.py:588} INFO - Filling up the DagBag from /opt/airflow/dags/music_ingestion_dag.py
[2026-01-26T21:08:31.365+0000] {processor.py:925} INFO - DAG(s) '01_music_ingestion_realtime' retrieved from /opt/airflow/dags/music_ingestion_dag.py
[2026-01-26T21:08:31.394+0000] {logging_mixin.py:190} INFO - [2026-01-26T21:08:31.394+0000] {dag.py:3239} INFO - Sync 1 DAGs
[2026-01-26T21:08:31.418+0000] {logging_mixin.py:190} INFO - [2026-01-26T21:08:31.418+0000] {dag.py:4180} INFO - Setting next_dagrun for 01_music_ingestion_realtime to 2026-01-26 20:00:00+00:00, run_after=2026-01-26 21:00:00+00:00
[2026-01-26T21:08:31.446+0000] {processor.py:208} INFO - Processing /opt/airflow/dags/music_ingestion_dag.py took 0.110 seconds
