[2026-03-09T06:23:01.897+0000] {processor.py:186} INFO - Started process (PID=844) to work on /opt/airflow/dags/02_travel_gmaps_ingestion.py
[2026-03-09T06:23:01.927+0000] {processor.py:914} INFO - Processing file /opt/airflow/dags/02_travel_gmaps_ingestion.py for tasks to queue
[2026-03-09T06:23:02.042+0000] {logging_mixin.py:190} INFO - [2026-03-09T06:23:02.039+0000] {dagbag.py:588} INFO - Filling up the DagBag from /opt/airflow/dags/02_travel_gmaps_ingestion.py
[2026-03-09T06:23:02.477+0000] {processor.py:925} INFO - DAG(s) '02_travel_gmaps_ingestion' retrieved from /opt/airflow/dags/02_travel_gmaps_ingestion.py
[2026-03-09T06:23:18.775+0000] {logging_mixin.py:190} INFO - [2026-03-09T06:23:18.771+0000] {override.py:1912} INFO - Created Permission View: can edit on DAG:02_travel_gmaps_ingestion
[2026-03-09T06:23:18.868+0000] {logging_mixin.py:190} INFO - [2026-03-09T06:23:18.867+0000] {override.py:1912} INFO - Created Permission View: can delete on DAG:02_travel_gmaps_ingestion
[2026-03-09T06:23:18.918+0000] {logging_mixin.py:190} INFO - [2026-03-09T06:23:18.913+0000] {override.py:1912} INFO - Created Permission View: can read on DAG:02_travel_gmaps_ingestion
[2026-03-09T06:23:18.981+0000] {logging_mixin.py:190} INFO - [2026-03-09T06:23:18.980+0000] {override.py:1912} INFO - Created Permission View: can delete on DAG Run:02_travel_gmaps_ingestion
[2026-03-09T06:23:19.038+0000] {logging_mixin.py:190} INFO - [2026-03-09T06:23:19.037+0000] {override.py:1912} INFO - Created Permission View: can create on DAG Run:02_travel_gmaps_ingestion
[2026-03-09T06:23:19.077+0000] {logging_mixin.py:190} INFO - [2026-03-09T06:23:19.076+0000] {override.py:1912} INFO - Created Permission View: can read on DAG Run:02_travel_gmaps_ingestion
[2026-03-09T06:23:19.139+0000] {logging_mixin.py:190} INFO - [2026-03-09T06:23:19.138+0000] {override.py:1912} INFO - Created Permission View: menu access on DAG Run:02_travel_gmaps_ingestion
[2026-03-09T06:23:19.154+0000] {logging_mixin.py:190} INFO - [2026-03-09T06:23:19.154+0000] {dag.py:3239} INFO - Sync 1 DAGs
[2026-03-09T06:23:19.224+0000] {logging_mixin.py:190} INFO - [2026-03-09T06:23:19.223+0000] {dag.py:3262} INFO - Creating ORM DAG for 02_travel_gmaps_ingestion
[2026-03-09T06:23:19.279+0000] {logging_mixin.py:190} INFO - [2026-03-09T06:23:19.278+0000] {dag.py:4180} INFO - Setting next_dagrun for 02_travel_gmaps_ingestion to 2026-03-08 08:00:00+00:00, run_after=2026-03-08 14:00:00+00:00
[2026-03-09T06:23:19.362+0000] {processor.py:208} INFO - Processing /opt/airflow/dags/02_travel_gmaps_ingestion.py took 17.679 seconds
[2026-03-09T06:23:49.812+0000] {processor.py:186} INFO - Started process (PID=1105) to work on /opt/airflow/dags/02_travel_gmaps_ingestion.py
[2026-03-09T06:23:50.148+0000] {processor.py:914} INFO - Processing file /opt/airflow/dags/02_travel_gmaps_ingestion.py for tasks to queue
[2026-03-09T06:23:50.175+0000] {logging_mixin.py:190} INFO - [2026-03-09T06:23:50.172+0000] {dagbag.py:588} INFO - Filling up the DagBag from /opt/airflow/dags/02_travel_gmaps_ingestion.py
[2026-03-09T06:23:50.351+0000] {processor.py:925} INFO - DAG(s) '02_travel_gmaps_ingestion' retrieved from /opt/airflow/dags/02_travel_gmaps_ingestion.py
[2026-03-09T06:23:50.615+0000] {logging_mixin.py:190} INFO - [2026-03-09T06:23:50.614+0000] {dag.py:3239} INFO - Sync 1 DAGs
[2026-03-09T06:23:50.898+0000] {logging_mixin.py:190} INFO - [2026-03-09T06:23:50.897+0000] {dag.py:4180} INFO - Setting next_dagrun for 02_travel_gmaps_ingestion to 2026-03-08 08:00:00+00:00, run_after=2026-03-08 14:00:00+00:00
[2026-03-09T06:23:50.967+0000] {processor.py:208} INFO - Processing /opt/airflow/dags/02_travel_gmaps_ingestion.py took 1.222 seconds
[2026-03-09T06:24:21.764+0000] {processor.py:186} INFO - Started process (PID=1178) to work on /opt/airflow/dags/02_travel_gmaps_ingestion.py
[2026-03-09T06:24:21.769+0000] {processor.py:914} INFO - Processing file /opt/airflow/dags/02_travel_gmaps_ingestion.py for tasks to queue
[2026-03-09T06:24:21.783+0000] {logging_mixin.py:190} INFO - [2026-03-09T06:24:21.782+0000] {dagbag.py:588} INFO - Filling up the DagBag from /opt/airflow/dags/02_travel_gmaps_ingestion.py
[2026-03-09T06:24:21.841+0000] {processor.py:925} INFO - DAG(s) '02_travel_gmaps_ingestion' retrieved from /opt/airflow/dags/02_travel_gmaps_ingestion.py
[2026-03-09T06:24:21.909+0000] {logging_mixin.py:190} INFO - [2026-03-09T06:24:21.909+0000] {dag.py:3239} INFO - Sync 1 DAGs
[2026-03-09T06:24:21.963+0000] {logging_mixin.py:190} INFO - [2026-03-09T06:24:21.962+0000] {dag.py:4180} INFO - Setting next_dagrun for 02_travel_gmaps_ingestion to 2026-03-08 08:00:00+00:00, run_after=2026-03-08 14:00:00+00:00
[2026-03-09T06:24:22.010+0000] {processor.py:208} INFO - Processing /opt/airflow/dags/02_travel_gmaps_ingestion.py took 0.273 seconds
[2026-03-09T06:24:52.819+0000] {processor.py:186} INFO - Started process (PID=1403) to work on /opt/airflow/dags/02_travel_gmaps_ingestion.py
[2026-03-09T06:24:52.821+0000] {processor.py:914} INFO - Processing file /opt/airflow/dags/02_travel_gmaps_ingestion.py for tasks to queue
[2026-03-09T06:24:52.826+0000] {logging_mixin.py:190} INFO - [2026-03-09T06:24:52.825+0000] {dagbag.py:588} INFO - Filling up the DagBag from /opt/airflow/dags/02_travel_gmaps_ingestion.py
[2026-03-09T06:24:52.866+0000] {processor.py:925} INFO - DAG(s) '02_travel_gmaps_ingestion' retrieved from /opt/airflow/dags/02_travel_gmaps_ingestion.py
[2026-03-09T06:24:52.914+0000] {logging_mixin.py:190} INFO - [2026-03-09T06:24:52.913+0000] {dag.py:3239} INFO - Sync 1 DAGs
[2026-03-09T06:24:52.957+0000] {logging_mixin.py:190} INFO - [2026-03-09T06:24:52.956+0000] {dag.py:4180} INFO - Setting next_dagrun for 02_travel_gmaps_ingestion to 2026-03-08 08:00:00+00:00, run_after=2026-03-08 14:00:00+00:00
[2026-03-09T06:24:52.988+0000] {processor.py:208} INFO - Processing /opt/airflow/dags/02_travel_gmaps_ingestion.py took 0.180 seconds
[2026-03-09T06:25:23.082+0000] {processor.py:186} INFO - Started process (PID=1629) to work on /opt/airflow/dags/02_travel_gmaps_ingestion.py
[2026-03-09T06:25:23.084+0000] {processor.py:914} INFO - Processing file /opt/airflow/dags/02_travel_gmaps_ingestion.py for tasks to queue
[2026-03-09T06:25:23.088+0000] {logging_mixin.py:190} INFO - [2026-03-09T06:25:23.087+0000] {dagbag.py:588} INFO - Filling up the DagBag from /opt/airflow/dags/02_travel_gmaps_ingestion.py
[2026-03-09T06:25:23.120+0000] {processor.py:925} INFO - DAG(s) '02_travel_gmaps_ingestion' retrieved from /opt/airflow/dags/02_travel_gmaps_ingestion.py
[2026-03-09T06:25:23.179+0000] {logging_mixin.py:190} INFO - [2026-03-09T06:25:23.178+0000] {dag.py:3239} INFO - Sync 1 DAGs
[2026-03-09T06:25:23.220+0000] {logging_mixin.py:190} INFO - [2026-03-09T06:25:23.220+0000] {dag.py:4180} INFO - Setting next_dagrun for 02_travel_gmaps_ingestion to 2026-03-08 14:00:00+00:00, run_after=2026-03-09 08:00:00+00:00
[2026-03-09T06:25:23.254+0000] {processor.py:208} INFO - Processing /opt/airflow/dags/02_travel_gmaps_ingestion.py took 0.182 seconds
[2026-03-09T06:25:54.106+0000] {processor.py:186} INFO - Started process (PID=1814) to work on /opt/airflow/dags/02_travel_gmaps_ingestion.py
[2026-03-09T06:25:54.108+0000] {processor.py:914} INFO - Processing file /opt/airflow/dags/02_travel_gmaps_ingestion.py for tasks to queue
[2026-03-09T06:25:54.230+0000] {logging_mixin.py:190} INFO - [2026-03-09T06:25:54.110+0000] {dagbag.py:588} INFO - Filling up the DagBag from /opt/airflow/dags/02_travel_gmaps_ingestion.py
[2026-03-09T06:25:54.492+0000] {processor.py:925} INFO - DAG(s) '02_travel_gmaps_ingestion' retrieved from /opt/airflow/dags/02_travel_gmaps_ingestion.py
[2026-03-09T06:25:55.797+0000] {logging_mixin.py:190} INFO - [2026-03-09T06:25:55.796+0000] {dag.py:3239} INFO - Sync 1 DAGs
[2026-03-09T06:25:55.972+0000] {logging_mixin.py:190} INFO - [2026-03-09T06:25:55.971+0000] {dag.py:4180} INFO - Setting next_dagrun for 02_travel_gmaps_ingestion to 2026-03-08 14:00:00+00:00, run_after=2026-03-09 08:00:00+00:00
[2026-03-09T06:25:56.029+0000] {processor.py:208} INFO - Processing /opt/airflow/dags/02_travel_gmaps_ingestion.py took 2.141 seconds
[2026-03-09T06:26:35.457+0000] {processor.py:186} INFO - Started process (PID=1932) to work on /opt/airflow/dags/02_travel_gmaps_ingestion.py
[2026-03-09T06:26:35.668+0000] {processor.py:914} INFO - Processing file /opt/airflow/dags/02_travel_gmaps_ingestion.py for tasks to queue
[2026-03-09T06:26:36.083+0000] {logging_mixin.py:190} INFO - [2026-03-09T06:26:35.976+0000] {dagbag.py:588} INFO - Filling up the DagBag from /opt/airflow/dags/02_travel_gmaps_ingestion.py
[2026-03-09T06:26:40.250+0000] {processor.py:925} INFO - DAG(s) '02_travel_gmaps_ingestion' retrieved from /opt/airflow/dags/02_travel_gmaps_ingestion.py
[2026-03-09T06:27:11.409+0000] {processor.py:211} ERROR - Got an exception! Propagating...
Traceback (most recent call last):
  File "/home/airflow/.local/lib/python3.12/site-packages/sqlalchemy/engine/base.py", line 3371, in _wrap_pool_connect
    return fn()
           ^^^^
  File "/home/airflow/.local/lib/python3.12/site-packages/sqlalchemy/pool/base.py", line 327, in connect
    return _ConnectionFairy._checkout(self)
           ^^^^^^^^^^^^^^^^^^^^^^^^^^^^^^^^
  File "/home/airflow/.local/lib/python3.12/site-packages/sqlalchemy/pool/base.py", line 894, in _checkout
    fairy = _ConnectionRecord.checkout(pool)
            ^^^^^^^^^^^^^^^^^^^^^^^^^^^^^^^^
  File "/home/airflow/.local/lib/python3.12/site-packages/sqlalchemy/pool/base.py", line 493, in checkout
    rec = pool._do_get()
          ^^^^^^^^^^^^^^
  File "/home/airflow/.local/lib/python3.12/site-packages/sqlalchemy/pool/impl.py", line 145, in _do_get
    with util.safe_reraise():
         ^^^^^^^^^^^^^^^^^^^
  File "/home/airflow/.local/lib/python3.12/site-packages/sqlalchemy/util/langhelpers.py", line 70, in __exit__
    compat.raise_(
  File "/home/airflow/.local/lib/python3.12/site-packages/sqlalchemy/util/compat.py", line 211, in raise_
    raise exception
  File "/home/airflow/.local/lib/python3.12/site-packages/sqlalchemy/pool/impl.py", line 143, in _do_get
    return self._create_connection()
           ^^^^^^^^^^^^^^^^^^^^^^^^^
  File "/home/airflow/.local/lib/python3.12/site-packages/sqlalchemy/pool/base.py", line 273, in _create_connection
    return _ConnectionRecord(self)
           ^^^^^^^^^^^^^^^^^^^^^^^
  File "/home/airflow/.local/lib/python3.12/site-packages/sqlalchemy/pool/base.py", line 388, in __init__
    self.__connect()
  File "/home/airflow/.local/lib/python3.12/site-packages/sqlalchemy/pool/base.py", line 690, in __connect
    with util.safe_reraise():
         ^^^^^^^^^^^^^^^^^^^
  File "/home/airflow/.local/lib/python3.12/site-packages/sqlalchemy/util/langhelpers.py", line 70, in __exit__
    compat.raise_(
  File "/home/airflow/.local/lib/python3.12/site-packages/sqlalchemy/util/compat.py", line 211, in raise_
    raise exception
  File "/home/airflow/.local/lib/python3.12/site-packages/sqlalchemy/pool/base.py", line 686, in __connect
    self.dbapi_connection = connection = pool._invoke_creator(self)
                                         ^^^^^^^^^^^^^^^^^^^^^^^^^^
  File "/home/airflow/.local/lib/python3.12/site-packages/sqlalchemy/engine/create.py", line 574, in connect
    return dialect.connect(*cargs, **cparams)
           ^^^^^^^^^^^^^^^^^^^^^^^^^^^^^^^^^^
  File "/home/airflow/.local/lib/python3.12/site-packages/sqlalchemy/engine/default.py", line 598, in connect
    return self.dbapi.connect(*cargs, **cparams)
           ^^^^^^^^^^^^^^^^^^^^^^^^^^^^^^^^^^^^^
  File "/home/airflow/.local/lib/python3.12/site-packages/psycopg2/__init__.py", line 122, in connect
    conn = _connect(dsn, connection_factory=connection_factory, **kwasync)
           ^^^^^^^^^^^^^^^^^^^^^^^^^^^^^^^^^^^^^^^^^^^^^^^^^^^^^^^^^^^^^^^
psycopg2.OperationalError: could not translate host name "postgres" to address: Temporary failure in name resolution


The above exception was the direct cause of the following exception:

Traceback (most recent call last):
  File "/home/airflow/.local/lib/python3.12/site-packages/airflow/dag_processing/processor.py", line 207, in _run_file_processor
    _handle_dag_file_processing()
  File "/home/airflow/.local/lib/python3.12/site-packages/airflow/dag_processing/processor.py", line 188, in _handle_dag_file_processing
    result: tuple[int, int, int] = dag_file_processor.process_file(
                                   ^^^^^^^^^^^^^^^^^^^^^^^^^^^^^^^^
  File "/home/airflow/.local/lib/python3.12/site-packages/airflow/utils/session.py", line 97, in wrapper
    return func(*args, session=session, **kwargs)
           ^^^^^^^^^^^^^^^^^^^^^^^^^^^^^^^^^^^^^^
  File "/home/airflow/.local/lib/python3.12/site-packages/airflow/dag_processing/processor.py", line 942, in process_file
    serialize_errors = DagFileProcessor.save_dag_to_db(
                       ^^^^^^^^^^^^^^^^^^^^^^^^^^^^^^^^
  File "/home/airflow/.local/lib/python3.12/site-packages/airflow/api_internal/internal_api_call.py", line 166, in wrapper
    return func(*args, **kwargs)
           ^^^^^^^^^^^^^^^^^^^^^
  File "/home/airflow/.local/lib/python3.12/site-packages/airflow/utils/session.py", line 97, in wrapper
    return func(*args, session=session, **kwargs)
           ^^^^^^^^^^^^^^^^^^^^^^^^^^^^^^^^^^^^^^
  File "/home/airflow/.local/lib/python3.12/site-packages/airflow/dag_processing/processor.py", line 982, in save_dag_to_db
    import_errors = DagBag._sync_to_db(dags=dags, processor_subdir=dag_directory, session=session)
                    ^^^^^^^^^^^^^^^^^^^^^^^^^^^^^^^^^^^^^^^^^^^^^^^^^^^^^^^^^^^^^^^^^^^^^^^^^^^^^^
  File "/home/airflow/.local/lib/python3.12/site-packages/airflow/utils/session.py", line 94, in wrapper
    return func(*args, **kwargs)
           ^^^^^^^^^^^^^^^^^^^^^
  File "/home/airflow/.local/lib/python3.12/site-packages/airflow/models/dagbag.py", line 708, in _sync_to_db
    for attempt in run_with_db_retries(logger=log):
                   ^^^^^^^^^^^^^^^^^^^^^^^^^^^^^^^
  File "/home/airflow/.local/lib/python3.12/site-packages/tenacity/__init__.py", line 443, in __iter__
    do = self.iter(retry_state=retry_state)
         ^^^^^^^^^^^^^^^^^^^^^^^^^^^^^^^^^^
  File "/home/airflow/.local/lib/python3.12/site-packages/tenacity/__init__.py", line 376, in iter
    result = action(retry_state)
             ^^^^^^^^^^^^^^^^^^^
  File "/home/airflow/.local/lib/python3.12/site-packages/tenacity/__init__.py", line 418, in exc_check
    raise retry_exc.reraise()
          ^^^^^^^^^^^^^^^^^^^
  File "/home/airflow/.local/lib/python3.12/site-packages/tenacity/__init__.py", line 185, in reraise
    raise self.last_attempt.result()
          ^^^^^^^^^^^^^^^^^^^^^^^^^^
  File "/usr/local/lib/python3.12/concurrent/futures/_base.py", line 449, in result
    return self.__get_result()
           ^^^^^^^^^^^^^^^^^^^
  File "/usr/local/lib/python3.12/concurrent/futures/_base.py", line 401, in __get_result
    raise self._exception
  File "/home/airflow/.local/lib/python3.12/site-packages/airflow/models/dagbag.py", line 721, in _sync_to_db
    _serialize_dag_capturing_errors(dag, session, processor_subdir)
  File "/home/airflow/.local/lib/python3.12/site-packages/airflow/models/dagbag.py", line 686, in _serialize_dag_capturing_errors
    dag_was_updated = SerializedDagModel.write_dag(
                      ^^^^^^^^^^^^^^^^^^^^^^^^^^^^^
  File "/home/airflow/.local/lib/python3.12/site-packages/airflow/utils/session.py", line 94, in wrapper
    return func(*args, **kwargs)
           ^^^^^^^^^^^^^^^^^^^^^
  File "/home/airflow/.local/lib/python3.12/site-packages/airflow/models/serialized_dag.py", line 160, in write_dag
    if session.scalar(
       ^^^^^^^^^^^^^^^
  File "/home/airflow/.local/lib/python3.12/site-packages/sqlalchemy/orm/session.py", line 1747, in scalar
    return self.execute(
           ^^^^^^^^^^^^^
  File "/home/airflow/.local/lib/python3.12/site-packages/sqlalchemy/orm/session.py", line 1716, in execute
    conn = self._connection_for_bind(bind)
           ^^^^^^^^^^^^^^^^^^^^^^^^^^^^^^^
  File "/home/airflow/.local/lib/python3.12/site-packages/sqlalchemy/orm/session.py", line 1555, in _connection_for_bind
    return self._transaction._connection_for_bind(
           ^^^^^^^^^^^^^^^^^^^^^^^^^^^^^^^^^^^^^^^
  File "/home/airflow/.local/lib/python3.12/site-packages/sqlalchemy/orm/session.py", line 750, in _connection_for_bind
    conn = bind.connect()
           ^^^^^^^^^^^^^^
  File "/home/airflow/.local/lib/python3.12/site-packages/sqlalchemy/future/engine.py", line 412, in connect
    return super(Engine, self).connect()
           ^^^^^^^^^^^^^^^^^^^^^^^^^^^^^
  File "/home/airflow/.local/lib/python3.12/site-packages/sqlalchemy/engine/base.py", line 3325, in connect
    return self._connection_cls(self, close_with_result=close_with_result)
           ^^^^^^^^^^^^^^^^^^^^^^^^^^^^^^^^^^^^^^^^^^^^^^^^^^^^^^^^^^^^^^^
  File "/home/airflow/.local/lib/python3.12/site-packages/sqlalchemy/engine/base.py", line 96, in __init__
    else engine.raw_connection()
         ^^^^^^^^^^^^^^^^^^^^^^^
  File "/home/airflow/.local/lib/python3.12/site-packages/sqlalchemy/engine/base.py", line 3404, in raw_connection
    return self._wrap_pool_connect(self.pool.connect, _connection)
           ^^^^^^^^^^^^^^^^^^^^^^^^^^^^^^^^^^^^^^^^^^^^^^^^^^^^^^^
  File "/home/airflow/.local/lib/python3.12/site-packages/sqlalchemy/engine/base.py", line 3374, in _wrap_pool_connect
    Connection._handle_dbapi_exception_noconnection(
  File "/home/airflow/.local/lib/python3.12/site-packages/sqlalchemy/engine/base.py", line 2208, in _handle_dbapi_exception_noconnection
    util.raise_(
  File "/home/airflow/.local/lib/python3.12/site-packages/sqlalchemy/util/compat.py", line 211, in raise_
    raise exception
  File "/home/airflow/.local/lib/python3.12/site-packages/sqlalchemy/engine/base.py", line 3371, in _wrap_pool_connect
    return fn()
           ^^^^
  File "/home/airflow/.local/lib/python3.12/site-packages/sqlalchemy/pool/base.py", line 327, in connect
    return _ConnectionFairy._checkout(self)
           ^^^^^^^^^^^^^^^^^^^^^^^^^^^^^^^^
  File "/home/airflow/.local/lib/python3.12/site-packages/sqlalchemy/pool/base.py", line 894, in _checkout
    fairy = _ConnectionRecord.checkout(pool)
            ^^^^^^^^^^^^^^^^^^^^^^^^^^^^^^^^
  File "/home/airflow/.local/lib/python3.12/site-packages/sqlalchemy/pool/base.py", line 493, in checkout
    rec = pool._do_get()
          ^^^^^^^^^^^^^^
  File "/home/airflow/.local/lib/python3.12/site-packages/sqlalchemy/pool/impl.py", line 145, in _do_get
    with util.safe_reraise():
         ^^^^^^^^^^^^^^^^^^^
  File "/home/airflow/.local/lib/python3.12/site-packages/sqlalchemy/util/langhelpers.py", line 70, in __exit__
    compat.raise_(
  File "/home/airflow/.local/lib/python3.12/site-packages/sqlalchemy/util/compat.py", line 211, in raise_
    raise exception
  File "/home/airflow/.local/lib/python3.12/site-packages/sqlalchemy/pool/impl.py", line 143, in _do_get
    return self._create_connection()
           ^^^^^^^^^^^^^^^^^^^^^^^^^
  File "/home/airflow/.local/lib/python3.12/site-packages/sqlalchemy/pool/base.py", line 273, in _create_connection
    return _ConnectionRecord(self)
           ^^^^^^^^^^^^^^^^^^^^^^^
  File "/home/airflow/.local/lib/python3.12/site-packages/sqlalchemy/pool/base.py", line 388, in __init__
    self.__connect()
  File "/home/airflow/.local/lib/python3.12/site-packages/sqlalchemy/pool/base.py", line 690, in __connect
    with util.safe_reraise():
         ^^^^^^^^^^^^^^^^^^^
  File "/home/airflow/.local/lib/python3.12/site-packages/sqlalchemy/util/langhelpers.py", line 70, in __exit__
    compat.raise_(
  File "/home/airflow/.local/lib/python3.12/site-packages/sqlalchemy/util/compat.py", line 211, in raise_
    raise exception
  File "/home/airflow/.local/lib/python3.12/site-packages/sqlalchemy/pool/base.py", line 686, in __connect
    self.dbapi_connection = connection = pool._invoke_creator(self)
                                         ^^^^^^^^^^^^^^^^^^^^^^^^^^
  File "/home/airflow/.local/lib/python3.12/site-packages/sqlalchemy/engine/create.py", line 574, in connect
    return dialect.connect(*cargs, **cparams)
           ^^^^^^^^^^^^^^^^^^^^^^^^^^^^^^^^^^
  File "/home/airflow/.local/lib/python3.12/site-packages/sqlalchemy/engine/default.py", line 598, in connect
    return self.dbapi.connect(*cargs, **cparams)
           ^^^^^^^^^^^^^^^^^^^^^^^^^^^^^^^^^^^^^
  File "/home/airflow/.local/lib/python3.12/site-packages/psycopg2/__init__.py", line 122, in connect
    conn = _connect(dsn, connection_factory=connection_factory, **kwasync)
           ^^^^^^^^^^^^^^^^^^^^^^^^^^^^^^^^^^^^^^^^^^^^^^^^^^^^^^^^^^^^^^^
sqlalchemy.exc.OperationalError: (psycopg2.OperationalError) could not translate host name "postgres" to address: Temporary failure in name resolution

(Background on this error at: https://sqlalche.me/e/14/e3q8)
[2026-03-09T06:27:46.494+0000] {processor.py:186} INFO - Started process (PID=1979) to work on /opt/airflow/dags/02_travel_gmaps_ingestion.py
[2026-03-09T06:27:46.502+0000] {processor.py:914} INFO - Processing file /opt/airflow/dags/02_travel_gmaps_ingestion.py for tasks to queue
[2026-03-09T06:27:46.524+0000] {logging_mixin.py:190} INFO - [2026-03-09T06:27:46.516+0000] {dagbag.py:588} INFO - Filling up the DagBag from /opt/airflow/dags/02_travel_gmaps_ingestion.py
[2026-03-09T06:27:47.252+0000] {processor.py:925} INFO - DAG(s) '02_travel_gmaps_ingestion' retrieved from /opt/airflow/dags/02_travel_gmaps_ingestion.py
[2026-03-09T06:27:47.344+0000] {logging_mixin.py:190} INFO - [2026-03-09T06:27:47.343+0000] {dag.py:3239} INFO - Sync 1 DAGs
[2026-03-09T06:27:47.462+0000] {logging_mixin.py:190} INFO - [2026-03-09T06:27:47.462+0000] {dag.py:4180} INFO - Setting next_dagrun for 02_travel_gmaps_ingestion to 2026-03-08 14:00:00+00:00, run_after=2026-03-09 08:00:00+00:00
[2026-03-09T06:27:47.557+0000] {processor.py:208} INFO - Processing /opt/airflow/dags/02_travel_gmaps_ingestion.py took 2.564 seconds
[2026-03-09T06:28:17.769+0000] {processor.py:186} INFO - Started process (PID=2035) to work on /opt/airflow/dags/02_travel_gmaps_ingestion.py
[2026-03-09T06:28:17.771+0000] {processor.py:914} INFO - Processing file /opt/airflow/dags/02_travel_gmaps_ingestion.py for tasks to queue
[2026-03-09T06:28:17.781+0000] {logging_mixin.py:190} INFO - [2026-03-09T06:28:17.780+0000] {dagbag.py:588} INFO - Filling up the DagBag from /opt/airflow/dags/02_travel_gmaps_ingestion.py
[2026-03-09T06:28:17.819+0000] {processor.py:925} INFO - DAG(s) '02_travel_gmaps_ingestion' retrieved from /opt/airflow/dags/02_travel_gmaps_ingestion.py
[2026-03-09T06:28:17.882+0000] {logging_mixin.py:190} INFO - [2026-03-09T06:28:17.881+0000] {dag.py:3239} INFO - Sync 1 DAGs
[2026-03-09T06:28:17.960+0000] {logging_mixin.py:190} INFO - [2026-03-09T06:28:17.960+0000] {dag.py:4180} INFO - Setting next_dagrun for 02_travel_gmaps_ingestion to 2026-03-08 14:00:00+00:00, run_after=2026-03-09 08:00:00+00:00
[2026-03-09T06:28:17.992+0000] {processor.py:208} INFO - Processing /opt/airflow/dags/02_travel_gmaps_ingestion.py took 0.238 seconds
[2026-03-09T06:28:48.824+0000] {processor.py:186} INFO - Started process (PID=2050) to work on /opt/airflow/dags/02_travel_gmaps_ingestion.py
[2026-03-09T06:28:48.827+0000] {processor.py:914} INFO - Processing file /opt/airflow/dags/02_travel_gmaps_ingestion.py for tasks to queue
[2026-03-09T06:28:48.835+0000] {logging_mixin.py:190} INFO - [2026-03-09T06:28:48.834+0000] {dagbag.py:588} INFO - Filling up the DagBag from /opt/airflow/dags/02_travel_gmaps_ingestion.py
[2026-03-09T06:28:48.871+0000] {processor.py:925} INFO - DAG(s) '02_travel_gmaps_ingestion' retrieved from /opt/airflow/dags/02_travel_gmaps_ingestion.py
[2026-03-09T06:28:48.923+0000] {logging_mixin.py:190} INFO - [2026-03-09T06:28:48.923+0000] {dag.py:3239} INFO - Sync 1 DAGs
[2026-03-09T06:28:48.959+0000] {logging_mixin.py:190} INFO - [2026-03-09T06:28:48.958+0000] {dag.py:4180} INFO - Setting next_dagrun for 02_travel_gmaps_ingestion to 2026-03-08 14:00:00+00:00, run_after=2026-03-09 08:00:00+00:00
[2026-03-09T06:28:48.986+0000] {processor.py:208} INFO - Processing /opt/airflow/dags/02_travel_gmaps_ingestion.py took 0.180 seconds
[2026-03-09T06:29:19.509+0000] {processor.py:186} INFO - Started process (PID=2065) to work on /opt/airflow/dags/02_travel_gmaps_ingestion.py
[2026-03-09T06:29:19.511+0000] {processor.py:914} INFO - Processing file /opt/airflow/dags/02_travel_gmaps_ingestion.py for tasks to queue
[2026-03-09T06:29:19.515+0000] {logging_mixin.py:190} INFO - [2026-03-09T06:29:19.515+0000] {dagbag.py:588} INFO - Filling up the DagBag from /opt/airflow/dags/02_travel_gmaps_ingestion.py
[2026-03-09T06:29:19.540+0000] {processor.py:925} INFO - DAG(s) '02_travel_gmaps_ingestion' retrieved from /opt/airflow/dags/02_travel_gmaps_ingestion.py
[2026-03-09T06:29:19.575+0000] {logging_mixin.py:190} INFO - [2026-03-09T06:29:19.575+0000] {dag.py:3239} INFO - Sync 1 DAGs
[2026-03-09T06:29:19.607+0000] {logging_mixin.py:190} INFO - [2026-03-09T06:29:19.606+0000] {dag.py:4180} INFO - Setting next_dagrun for 02_travel_gmaps_ingestion to 2026-03-08 14:00:00+00:00, run_after=2026-03-09 08:00:00+00:00
[2026-03-09T06:29:19.634+0000] {processor.py:208} INFO - Processing /opt/airflow/dags/02_travel_gmaps_ingestion.py took 0.133 seconds
[2026-03-09T06:29:50.128+0000] {processor.py:186} INFO - Started process (PID=2080) to work on /opt/airflow/dags/02_travel_gmaps_ingestion.py
[2026-03-09T06:29:50.133+0000] {processor.py:914} INFO - Processing file /opt/airflow/dags/02_travel_gmaps_ingestion.py for tasks to queue
[2026-03-09T06:29:50.137+0000] {logging_mixin.py:190} INFO - [2026-03-09T06:29:50.136+0000] {dagbag.py:588} INFO - Filling up the DagBag from /opt/airflow/dags/02_travel_gmaps_ingestion.py
[2026-03-09T06:29:50.160+0000] {processor.py:925} INFO - DAG(s) '02_travel_gmaps_ingestion' retrieved from /opt/airflow/dags/02_travel_gmaps_ingestion.py
[2026-03-09T06:29:50.195+0000] {logging_mixin.py:190} INFO - [2026-03-09T06:29:50.195+0000] {dag.py:3239} INFO - Sync 1 DAGs
[2026-03-09T06:29:50.223+0000] {logging_mixin.py:190} INFO - [2026-03-09T06:29:50.222+0000] {dag.py:4180} INFO - Setting next_dagrun for 02_travel_gmaps_ingestion to 2026-03-08 14:00:00+00:00, run_after=2026-03-09 08:00:00+00:00
[2026-03-09T06:29:50.260+0000] {processor.py:208} INFO - Processing /opt/airflow/dags/02_travel_gmaps_ingestion.py took 0.139 seconds
[2026-03-09T06:30:20.770+0000] {processor.py:186} INFO - Started process (PID=2095) to work on /opt/airflow/dags/02_travel_gmaps_ingestion.py
[2026-03-09T06:30:20.773+0000] {processor.py:914} INFO - Processing file /opt/airflow/dags/02_travel_gmaps_ingestion.py for tasks to queue
[2026-03-09T06:30:20.776+0000] {logging_mixin.py:190} INFO - [2026-03-09T06:30:20.776+0000] {dagbag.py:588} INFO - Filling up the DagBag from /opt/airflow/dags/02_travel_gmaps_ingestion.py
[2026-03-09T06:30:20.799+0000] {processor.py:925} INFO - DAG(s) '02_travel_gmaps_ingestion' retrieved from /opt/airflow/dags/02_travel_gmaps_ingestion.py
[2026-03-09T06:30:20.832+0000] {logging_mixin.py:190} INFO - [2026-03-09T06:30:20.832+0000] {dag.py:3239} INFO - Sync 1 DAGs
[2026-03-09T06:30:20.865+0000] {logging_mixin.py:190} INFO - [2026-03-09T06:30:20.864+0000] {dag.py:4180} INFO - Setting next_dagrun for 02_travel_gmaps_ingestion to 2026-03-08 14:00:00+00:00, run_after=2026-03-09 08:00:00+00:00
[2026-03-09T06:30:20.892+0000] {processor.py:208} INFO - Processing /opt/airflow/dags/02_travel_gmaps_ingestion.py took 0.131 seconds
[2026-03-09T06:30:51.393+0000] {processor.py:186} INFO - Started process (PID=2110) to work on /opt/airflow/dags/02_travel_gmaps_ingestion.py
[2026-03-09T06:30:51.394+0000] {processor.py:914} INFO - Processing file /opt/airflow/dags/02_travel_gmaps_ingestion.py for tasks to queue
[2026-03-09T06:30:51.396+0000] {logging_mixin.py:190} INFO - [2026-03-09T06:30:51.396+0000] {dagbag.py:588} INFO - Filling up the DagBag from /opt/airflow/dags/02_travel_gmaps_ingestion.py
[2026-03-09T06:30:51.419+0000] {processor.py:925} INFO - DAG(s) '02_travel_gmaps_ingestion' retrieved from /opt/airflow/dags/02_travel_gmaps_ingestion.py
[2026-03-09T06:30:51.452+0000] {logging_mixin.py:190} INFO - [2026-03-09T06:30:51.451+0000] {dag.py:3239} INFO - Sync 1 DAGs
[2026-03-09T06:30:51.484+0000] {logging_mixin.py:190} INFO - [2026-03-09T06:30:51.483+0000] {dag.py:4180} INFO - Setting next_dagrun for 02_travel_gmaps_ingestion to 2026-03-08 14:00:00+00:00, run_after=2026-03-09 08:00:00+00:00
[2026-03-09T06:30:51.514+0000] {processor.py:208} INFO - Processing /opt/airflow/dags/02_travel_gmaps_ingestion.py took 0.128 seconds
[2026-03-09T06:31:22.049+0000] {processor.py:186} INFO - Started process (PID=2125) to work on /opt/airflow/dags/02_travel_gmaps_ingestion.py
[2026-03-09T06:31:22.050+0000] {processor.py:914} INFO - Processing file /opt/airflow/dags/02_travel_gmaps_ingestion.py for tasks to queue
[2026-03-09T06:31:22.052+0000] {logging_mixin.py:190} INFO - [2026-03-09T06:31:22.052+0000] {dagbag.py:588} INFO - Filling up the DagBag from /opt/airflow/dags/02_travel_gmaps_ingestion.py
[2026-03-09T06:31:22.070+0000] {processor.py:925} INFO - DAG(s) '02_travel_gmaps_ingestion' retrieved from /opt/airflow/dags/02_travel_gmaps_ingestion.py
[2026-03-09T06:31:22.100+0000] {logging_mixin.py:190} INFO - [2026-03-09T06:31:22.100+0000] {dag.py:3239} INFO - Sync 1 DAGs
[2026-03-09T06:31:22.134+0000] {logging_mixin.py:190} INFO - [2026-03-09T06:31:22.133+0000] {dag.py:4180} INFO - Setting next_dagrun for 02_travel_gmaps_ingestion to 2026-03-08 14:00:00+00:00, run_after=2026-03-09 08:00:00+00:00
[2026-03-09T06:31:22.162+0000] {processor.py:208} INFO - Processing /opt/airflow/dags/02_travel_gmaps_ingestion.py took 0.119 seconds
[2026-03-09T06:31:52.754+0000] {processor.py:186} INFO - Started process (PID=2140) to work on /opt/airflow/dags/02_travel_gmaps_ingestion.py
[2026-03-09T06:31:52.755+0000] {processor.py:914} INFO - Processing file /opt/airflow/dags/02_travel_gmaps_ingestion.py for tasks to queue
[2026-03-09T06:31:52.758+0000] {logging_mixin.py:190} INFO - [2026-03-09T06:31:52.758+0000] {dagbag.py:588} INFO - Filling up the DagBag from /opt/airflow/dags/02_travel_gmaps_ingestion.py
[2026-03-09T06:31:52.781+0000] {processor.py:925} INFO - DAG(s) '02_travel_gmaps_ingestion' retrieved from /opt/airflow/dags/02_travel_gmaps_ingestion.py
[2026-03-09T06:31:52.813+0000] {logging_mixin.py:190} INFO - [2026-03-09T06:31:52.813+0000] {dag.py:3239} INFO - Sync 1 DAGs
[2026-03-09T06:31:52.841+0000] {logging_mixin.py:190} INFO - [2026-03-09T06:31:52.841+0000] {dag.py:4180} INFO - Setting next_dagrun for 02_travel_gmaps_ingestion to 2026-03-08 14:00:00+00:00, run_after=2026-03-09 08:00:00+00:00
[2026-03-09T06:31:52.873+0000] {processor.py:208} INFO - Processing /opt/airflow/dags/02_travel_gmaps_ingestion.py took 0.126 seconds
[2026-03-09T06:32:23.440+0000] {processor.py:186} INFO - Started process (PID=2155) to work on /opt/airflow/dags/02_travel_gmaps_ingestion.py
[2026-03-09T06:32:23.441+0000] {processor.py:914} INFO - Processing file /opt/airflow/dags/02_travel_gmaps_ingestion.py for tasks to queue
[2026-03-09T06:32:23.446+0000] {logging_mixin.py:190} INFO - [2026-03-09T06:32:23.445+0000] {dagbag.py:588} INFO - Filling up the DagBag from /opt/airflow/dags/02_travel_gmaps_ingestion.py
[2026-03-09T06:32:23.474+0000] {processor.py:925} INFO - DAG(s) '02_travel_gmaps_ingestion' retrieved from /opt/airflow/dags/02_travel_gmaps_ingestion.py
[2026-03-09T06:32:23.514+0000] {logging_mixin.py:190} INFO - [2026-03-09T06:32:23.513+0000] {dag.py:3239} INFO - Sync 1 DAGs
[2026-03-09T06:32:23.556+0000] {logging_mixin.py:190} INFO - [2026-03-09T06:32:23.556+0000] {dag.py:4180} INFO - Setting next_dagrun for 02_travel_gmaps_ingestion to 2026-03-08 14:00:00+00:00, run_after=2026-03-09 08:00:00+00:00
[2026-03-09T06:32:23.594+0000] {processor.py:208} INFO - Processing /opt/airflow/dags/02_travel_gmaps_ingestion.py took 0.162 seconds
[2026-03-09T06:32:54.147+0000] {processor.py:186} INFO - Started process (PID=2170) to work on /opt/airflow/dags/02_travel_gmaps_ingestion.py
[2026-03-09T06:32:54.148+0000] {processor.py:914} INFO - Processing file /opt/airflow/dags/02_travel_gmaps_ingestion.py for tasks to queue
[2026-03-09T06:32:54.151+0000] {logging_mixin.py:190} INFO - [2026-03-09T06:32:54.151+0000] {dagbag.py:588} INFO - Filling up the DagBag from /opt/airflow/dags/02_travel_gmaps_ingestion.py
[2026-03-09T06:32:54.174+0000] {processor.py:925} INFO - DAG(s) '02_travel_gmaps_ingestion' retrieved from /opt/airflow/dags/02_travel_gmaps_ingestion.py
[2026-03-09T06:32:54.211+0000] {logging_mixin.py:190} INFO - [2026-03-09T06:32:54.210+0000] {dag.py:3239} INFO - Sync 1 DAGs
[2026-03-09T06:32:54.246+0000] {logging_mixin.py:190} INFO - [2026-03-09T06:32:54.245+0000] {dag.py:4180} INFO - Setting next_dagrun for 02_travel_gmaps_ingestion to 2026-03-08 14:00:00+00:00, run_after=2026-03-09 08:00:00+00:00
[2026-03-09T06:32:54.274+0000] {processor.py:208} INFO - Processing /opt/airflow/dags/02_travel_gmaps_ingestion.py took 0.134 seconds
[2026-03-09T06:33:24.784+0000] {processor.py:186} INFO - Started process (PID=2185) to work on /opt/airflow/dags/02_travel_gmaps_ingestion.py
[2026-03-09T06:33:24.785+0000] {processor.py:914} INFO - Processing file /opt/airflow/dags/02_travel_gmaps_ingestion.py for tasks to queue
[2026-03-09T06:33:24.788+0000] {logging_mixin.py:190} INFO - [2026-03-09T06:33:24.788+0000] {dagbag.py:588} INFO - Filling up the DagBag from /opt/airflow/dags/02_travel_gmaps_ingestion.py
[2026-03-09T06:33:24.807+0000] {processor.py:925} INFO - DAG(s) '02_travel_gmaps_ingestion' retrieved from /opt/airflow/dags/02_travel_gmaps_ingestion.py
[2026-03-09T06:33:24.837+0000] {logging_mixin.py:190} INFO - [2026-03-09T06:33:24.836+0000] {dag.py:3239} INFO - Sync 1 DAGs
[2026-03-09T06:33:24.865+0000] {logging_mixin.py:190} INFO - [2026-03-09T06:33:24.865+0000] {dag.py:4180} INFO - Setting next_dagrun for 02_travel_gmaps_ingestion to 2026-03-08 14:00:00+00:00, run_after=2026-03-09 08:00:00+00:00
[2026-03-09T06:33:24.897+0000] {processor.py:208} INFO - Processing /opt/airflow/dags/02_travel_gmaps_ingestion.py took 0.119 seconds
[2026-03-09T06:33:55.459+0000] {processor.py:186} INFO - Started process (PID=2200) to work on /opt/airflow/dags/02_travel_gmaps_ingestion.py
[2026-03-09T06:33:55.460+0000] {processor.py:914} INFO - Processing file /opt/airflow/dags/02_travel_gmaps_ingestion.py for tasks to queue
[2026-03-09T06:33:55.463+0000] {logging_mixin.py:190} INFO - [2026-03-09T06:33:55.462+0000] {dagbag.py:588} INFO - Filling up the DagBag from /opt/airflow/dags/02_travel_gmaps_ingestion.py
[2026-03-09T06:33:55.497+0000] {processor.py:925} INFO - DAG(s) '02_travel_gmaps_ingestion' retrieved from /opt/airflow/dags/02_travel_gmaps_ingestion.py
[2026-03-09T06:33:55.532+0000] {logging_mixin.py:190} INFO - [2026-03-09T06:33:55.532+0000] {dag.py:3239} INFO - Sync 1 DAGs
[2026-03-09T06:33:55.560+0000] {logging_mixin.py:190} INFO - [2026-03-09T06:33:55.560+0000] {dag.py:4180} INFO - Setting next_dagrun for 02_travel_gmaps_ingestion to 2026-03-08 14:00:00+00:00, run_after=2026-03-09 08:00:00+00:00
[2026-03-09T06:33:55.587+0000] {processor.py:208} INFO - Processing /opt/airflow/dags/02_travel_gmaps_ingestion.py took 0.134 seconds
[2026-03-09T06:34:26.046+0000] {processor.py:186} INFO - Started process (PID=2215) to work on /opt/airflow/dags/02_travel_gmaps_ingestion.py
[2026-03-09T06:34:26.048+0000] {processor.py:914} INFO - Processing file /opt/airflow/dags/02_travel_gmaps_ingestion.py for tasks to queue
[2026-03-09T06:34:26.050+0000] {logging_mixin.py:190} INFO - [2026-03-09T06:34:26.050+0000] {dagbag.py:588} INFO - Filling up the DagBag from /opt/airflow/dags/02_travel_gmaps_ingestion.py
[2026-03-09T06:34:26.074+0000] {processor.py:925} INFO - DAG(s) '02_travel_gmaps_ingestion' retrieved from /opt/airflow/dags/02_travel_gmaps_ingestion.py
[2026-03-09T06:34:26.113+0000] {logging_mixin.py:190} INFO - [2026-03-09T06:34:26.112+0000] {dag.py:3239} INFO - Sync 1 DAGs
[2026-03-09T06:34:26.142+0000] {logging_mixin.py:190} INFO - [2026-03-09T06:34:26.142+0000] {dag.py:4180} INFO - Setting next_dagrun for 02_travel_gmaps_ingestion to 2026-03-08 14:00:00+00:00, run_after=2026-03-09 08:00:00+00:00
[2026-03-09T06:34:26.174+0000] {processor.py:208} INFO - Processing /opt/airflow/dags/02_travel_gmaps_ingestion.py took 0.137 seconds
[2026-03-09T06:34:56.711+0000] {processor.py:186} INFO - Started process (PID=2230) to work on /opt/airflow/dags/02_travel_gmaps_ingestion.py
[2026-03-09T06:34:56.713+0000] {processor.py:914} INFO - Processing file /opt/airflow/dags/02_travel_gmaps_ingestion.py for tasks to queue
[2026-03-09T06:34:56.717+0000] {logging_mixin.py:190} INFO - [2026-03-09T06:34:56.717+0000] {dagbag.py:588} INFO - Filling up the DagBag from /opt/airflow/dags/02_travel_gmaps_ingestion.py
[2026-03-09T06:34:56.761+0000] {processor.py:925} INFO - DAG(s) '02_travel_gmaps_ingestion' retrieved from /opt/airflow/dags/02_travel_gmaps_ingestion.py
[2026-03-09T06:34:56.810+0000] {logging_mixin.py:190} INFO - [2026-03-09T06:34:56.810+0000] {dag.py:3239} INFO - Sync 1 DAGs
[2026-03-09T06:34:56.845+0000] {logging_mixin.py:190} INFO - [2026-03-09T06:34:56.845+0000] {dag.py:4180} INFO - Setting next_dagrun for 02_travel_gmaps_ingestion to 2026-03-08 14:00:00+00:00, run_after=2026-03-09 08:00:00+00:00
[2026-03-09T06:34:56.868+0000] {processor.py:208} INFO - Processing /opt/airflow/dags/02_travel_gmaps_ingestion.py took 0.167 seconds
[2026-03-09T06:35:27.367+0000] {processor.py:186} INFO - Started process (PID=2245) to work on /opt/airflow/dags/02_travel_gmaps_ingestion.py
[2026-03-09T06:35:27.368+0000] {processor.py:914} INFO - Processing file /opt/airflow/dags/02_travel_gmaps_ingestion.py for tasks to queue
[2026-03-09T06:35:27.371+0000] {logging_mixin.py:190} INFO - [2026-03-09T06:35:27.370+0000] {dagbag.py:588} INFO - Filling up the DagBag from /opt/airflow/dags/02_travel_gmaps_ingestion.py
[2026-03-09T06:35:27.391+0000] {processor.py:925} INFO - DAG(s) '02_travel_gmaps_ingestion' retrieved from /opt/airflow/dags/02_travel_gmaps_ingestion.py
[2026-03-09T06:35:27.420+0000] {logging_mixin.py:190} INFO - [2026-03-09T06:35:27.419+0000] {dag.py:3239} INFO - Sync 1 DAGs
[2026-03-09T06:35:27.446+0000] {logging_mixin.py:190} INFO - [2026-03-09T06:35:27.446+0000] {dag.py:4180} INFO - Setting next_dagrun for 02_travel_gmaps_ingestion to 2026-03-08 14:00:00+00:00, run_after=2026-03-09 08:00:00+00:00
[2026-03-09T06:35:27.477+0000] {processor.py:208} INFO - Processing /opt/airflow/dags/02_travel_gmaps_ingestion.py took 0.116 seconds
[2026-03-09T06:35:57.992+0000] {processor.py:186} INFO - Started process (PID=2260) to work on /opt/airflow/dags/02_travel_gmaps_ingestion.py
[2026-03-09T06:35:57.994+0000] {processor.py:914} INFO - Processing file /opt/airflow/dags/02_travel_gmaps_ingestion.py for tasks to queue
[2026-03-09T06:35:58.002+0000] {logging_mixin.py:190} INFO - [2026-03-09T06:35:58.001+0000] {dagbag.py:588} INFO - Filling up the DagBag from /opt/airflow/dags/02_travel_gmaps_ingestion.py
[2026-03-09T06:35:58.040+0000] {processor.py:925} INFO - DAG(s) '02_travel_gmaps_ingestion' retrieved from /opt/airflow/dags/02_travel_gmaps_ingestion.py
[2026-03-09T06:35:58.080+0000] {logging_mixin.py:190} INFO - [2026-03-09T06:35:58.080+0000] {dag.py:3239} INFO - Sync 1 DAGs
[2026-03-09T06:35:58.112+0000] {logging_mixin.py:190} INFO - [2026-03-09T06:35:58.112+0000] {dag.py:4180} INFO - Setting next_dagrun for 02_travel_gmaps_ingestion to 2026-03-08 14:00:00+00:00, run_after=2026-03-09 08:00:00+00:00
[2026-03-09T06:35:58.133+0000] {processor.py:208} INFO - Processing /opt/airflow/dags/02_travel_gmaps_ingestion.py took 0.148 seconds
[2026-03-09T06:36:28.682+0000] {processor.py:186} INFO - Started process (PID=2275) to work on /opt/airflow/dags/02_travel_gmaps_ingestion.py
[2026-03-09T06:36:28.683+0000] {processor.py:914} INFO - Processing file /opt/airflow/dags/02_travel_gmaps_ingestion.py for tasks to queue
[2026-03-09T06:36:28.686+0000] {logging_mixin.py:190} INFO - [2026-03-09T06:36:28.686+0000] {dagbag.py:588} INFO - Filling up the DagBag from /opt/airflow/dags/02_travel_gmaps_ingestion.py
[2026-03-09T06:36:28.704+0000] {processor.py:925} INFO - DAG(s) '02_travel_gmaps_ingestion' retrieved from /opt/airflow/dags/02_travel_gmaps_ingestion.py
[2026-03-09T06:36:28.733+0000] {logging_mixin.py:190} INFO - [2026-03-09T06:36:28.733+0000] {dag.py:3239} INFO - Sync 1 DAGs
[2026-03-09T06:36:28.762+0000] {logging_mixin.py:190} INFO - [2026-03-09T06:36:28.761+0000] {dag.py:4180} INFO - Setting next_dagrun for 02_travel_gmaps_ingestion to 2026-03-08 14:00:00+00:00, run_after=2026-03-09 08:00:00+00:00
[2026-03-09T06:36:28.793+0000] {processor.py:208} INFO - Processing /opt/airflow/dags/02_travel_gmaps_ingestion.py took 0.117 seconds
[2026-03-09T06:36:59.342+0000] {processor.py:186} INFO - Started process (PID=2290) to work on /opt/airflow/dags/02_travel_gmaps_ingestion.py
[2026-03-09T06:36:59.344+0000] {processor.py:914} INFO - Processing file /opt/airflow/dags/02_travel_gmaps_ingestion.py for tasks to queue
[2026-03-09T06:36:59.346+0000] {logging_mixin.py:190} INFO - [2026-03-09T06:36:59.346+0000] {dagbag.py:588} INFO - Filling up the DagBag from /opt/airflow/dags/02_travel_gmaps_ingestion.py
[2026-03-09T06:36:59.366+0000] {processor.py:925} INFO - DAG(s) '02_travel_gmaps_ingestion' retrieved from /opt/airflow/dags/02_travel_gmaps_ingestion.py
[2026-03-09T06:36:59.398+0000] {logging_mixin.py:190} INFO - [2026-03-09T06:36:59.398+0000] {dag.py:3239} INFO - Sync 1 DAGs
[2026-03-09T06:36:59.429+0000] {logging_mixin.py:190} INFO - [2026-03-09T06:36:59.429+0000] {dag.py:4180} INFO - Setting next_dagrun for 02_travel_gmaps_ingestion to 2026-03-08 14:00:00+00:00, run_after=2026-03-09 08:00:00+00:00
[2026-03-09T06:36:59.458+0000] {processor.py:208} INFO - Processing /opt/airflow/dags/02_travel_gmaps_ingestion.py took 0.123 seconds
[2026-03-09T06:37:30.014+0000] {processor.py:186} INFO - Started process (PID=2305) to work on /opt/airflow/dags/02_travel_gmaps_ingestion.py
[2026-03-09T06:37:30.015+0000] {processor.py:914} INFO - Processing file /opt/airflow/dags/02_travel_gmaps_ingestion.py for tasks to queue
[2026-03-09T06:37:30.018+0000] {logging_mixin.py:190} INFO - [2026-03-09T06:37:30.017+0000] {dagbag.py:588} INFO - Filling up the DagBag from /opt/airflow/dags/02_travel_gmaps_ingestion.py
[2026-03-09T06:37:30.037+0000] {processor.py:925} INFO - DAG(s) '02_travel_gmaps_ingestion' retrieved from /opt/airflow/dags/02_travel_gmaps_ingestion.py
[2026-03-09T06:37:30.066+0000] {logging_mixin.py:190} INFO - [2026-03-09T06:37:30.066+0000] {dag.py:3239} INFO - Sync 1 DAGs
[2026-03-09T06:37:30.095+0000] {logging_mixin.py:190} INFO - [2026-03-09T06:37:30.095+0000] {dag.py:4180} INFO - Setting next_dagrun for 02_travel_gmaps_ingestion to 2026-03-08 14:00:00+00:00, run_after=2026-03-09 08:00:00+00:00
[2026-03-09T06:37:30.128+0000] {processor.py:208} INFO - Processing /opt/airflow/dags/02_travel_gmaps_ingestion.py took 0.120 seconds
[2026-03-09T06:38:00.723+0000] {processor.py:186} INFO - Started process (PID=2320) to work on /opt/airflow/dags/02_travel_gmaps_ingestion.py
[2026-03-09T06:38:00.724+0000] {processor.py:914} INFO - Processing file /opt/airflow/dags/02_travel_gmaps_ingestion.py for tasks to queue
[2026-03-09T06:38:00.727+0000] {logging_mixin.py:190} INFO - [2026-03-09T06:38:00.727+0000] {dagbag.py:588} INFO - Filling up the DagBag from /opt/airflow/dags/02_travel_gmaps_ingestion.py
[2026-03-09T06:38:00.747+0000] {processor.py:925} INFO - DAG(s) '02_travel_gmaps_ingestion' retrieved from /opt/airflow/dags/02_travel_gmaps_ingestion.py
[2026-03-09T06:38:00.780+0000] {logging_mixin.py:190} INFO - [2026-03-09T06:38:00.780+0000] {dag.py:3239} INFO - Sync 1 DAGs
[2026-03-09T06:38:00.811+0000] {logging_mixin.py:190} INFO - [2026-03-09T06:38:00.810+0000] {dag.py:4180} INFO - Setting next_dagrun for 02_travel_gmaps_ingestion to 2026-03-08 14:00:00+00:00, run_after=2026-03-09 08:00:00+00:00
[2026-03-09T06:38:00.843+0000] {processor.py:208} INFO - Processing /opt/airflow/dags/02_travel_gmaps_ingestion.py took 0.128 seconds
[2026-03-09T06:38:31.340+0000] {processor.py:186} INFO - Started process (PID=2335) to work on /opt/airflow/dags/02_travel_gmaps_ingestion.py
[2026-03-09T06:38:31.341+0000] {processor.py:914} INFO - Processing file /opt/airflow/dags/02_travel_gmaps_ingestion.py for tasks to queue
[2026-03-09T06:38:31.344+0000] {logging_mixin.py:190} INFO - [2026-03-09T06:38:31.344+0000] {dagbag.py:588} INFO - Filling up the DagBag from /opt/airflow/dags/02_travel_gmaps_ingestion.py
[2026-03-09T06:38:31.363+0000] {processor.py:925} INFO - DAG(s) '02_travel_gmaps_ingestion' retrieved from /opt/airflow/dags/02_travel_gmaps_ingestion.py
[2026-03-09T06:38:31.397+0000] {logging_mixin.py:190} INFO - [2026-03-09T06:38:31.397+0000] {dag.py:3239} INFO - Sync 1 DAGs
[2026-03-09T06:38:31.429+0000] {logging_mixin.py:190} INFO - [2026-03-09T06:38:31.428+0000] {dag.py:4180} INFO - Setting next_dagrun for 02_travel_gmaps_ingestion to 2026-03-08 14:00:00+00:00, run_after=2026-03-09 08:00:00+00:00
[2026-03-09T06:38:31.457+0000] {processor.py:208} INFO - Processing /opt/airflow/dags/02_travel_gmaps_ingestion.py took 0.124 seconds
[2026-03-09T06:39:02.002+0000] {processor.py:186} INFO - Started process (PID=2350) to work on /opt/airflow/dags/02_travel_gmaps_ingestion.py
[2026-03-09T06:39:02.003+0000] {processor.py:914} INFO - Processing file /opt/airflow/dags/02_travel_gmaps_ingestion.py for tasks to queue
[2026-03-09T06:39:02.007+0000] {logging_mixin.py:190} INFO - [2026-03-09T06:39:02.007+0000] {dagbag.py:588} INFO - Filling up the DagBag from /opt/airflow/dags/02_travel_gmaps_ingestion.py
[2026-03-09T06:39:02.028+0000] {processor.py:925} INFO - DAG(s) '02_travel_gmaps_ingestion' retrieved from /opt/airflow/dags/02_travel_gmaps_ingestion.py
[2026-03-09T06:39:02.062+0000] {logging_mixin.py:190} INFO - [2026-03-09T06:39:02.062+0000] {dag.py:3239} INFO - Sync 1 DAGs
[2026-03-09T06:39:02.094+0000] {logging_mixin.py:190} INFO - [2026-03-09T06:39:02.094+0000] {dag.py:4180} INFO - Setting next_dagrun for 02_travel_gmaps_ingestion to 2026-03-08 14:00:00+00:00, run_after=2026-03-09 08:00:00+00:00
[2026-03-09T06:39:02.127+0000] {processor.py:208} INFO - Processing /opt/airflow/dags/02_travel_gmaps_ingestion.py took 0.132 seconds
[2026-03-09T06:39:32.621+0000] {processor.py:186} INFO - Started process (PID=2365) to work on /opt/airflow/dags/02_travel_gmaps_ingestion.py
[2026-03-09T06:39:32.623+0000] {processor.py:914} INFO - Processing file /opt/airflow/dags/02_travel_gmaps_ingestion.py for tasks to queue
[2026-03-09T06:39:32.626+0000] {logging_mixin.py:190} INFO - [2026-03-09T06:39:32.625+0000] {dagbag.py:588} INFO - Filling up the DagBag from /opt/airflow/dags/02_travel_gmaps_ingestion.py
[2026-03-09T06:39:32.648+0000] {processor.py:925} INFO - DAG(s) '02_travel_gmaps_ingestion' retrieved from /opt/airflow/dags/02_travel_gmaps_ingestion.py
[2026-03-09T06:39:32.682+0000] {logging_mixin.py:190} INFO - [2026-03-09T06:39:32.682+0000] {dag.py:3239} INFO - Sync 1 DAGs
[2026-03-09T06:39:32.711+0000] {logging_mixin.py:190} INFO - [2026-03-09T06:39:32.710+0000] {dag.py:4180} INFO - Setting next_dagrun for 02_travel_gmaps_ingestion to 2026-03-08 14:00:00+00:00, run_after=2026-03-09 08:00:00+00:00
[2026-03-09T06:39:32.738+0000] {processor.py:208} INFO - Processing /opt/airflow/dags/02_travel_gmaps_ingestion.py took 0.125 seconds
[2026-03-09T06:40:03.292+0000] {processor.py:186} INFO - Started process (PID=2380) to work on /opt/airflow/dags/02_travel_gmaps_ingestion.py
[2026-03-09T06:40:03.293+0000] {processor.py:914} INFO - Processing file /opt/airflow/dags/02_travel_gmaps_ingestion.py for tasks to queue
[2026-03-09T06:40:03.295+0000] {logging_mixin.py:190} INFO - [2026-03-09T06:40:03.295+0000] {dagbag.py:588} INFO - Filling up the DagBag from /opt/airflow/dags/02_travel_gmaps_ingestion.py
[2026-03-09T06:40:03.315+0000] {processor.py:925} INFO - DAG(s) '02_travel_gmaps_ingestion' retrieved from /opt/airflow/dags/02_travel_gmaps_ingestion.py
[2026-03-09T06:40:03.345+0000] {logging_mixin.py:190} INFO - [2026-03-09T06:40:03.345+0000] {dag.py:3239} INFO - Sync 1 DAGs
[2026-03-09T06:40:03.373+0000] {logging_mixin.py:190} INFO - [2026-03-09T06:40:03.373+0000] {dag.py:4180} INFO - Setting next_dagrun for 02_travel_gmaps_ingestion to 2026-03-08 14:00:00+00:00, run_after=2026-03-09 08:00:00+00:00
[2026-03-09T06:40:03.403+0000] {processor.py:208} INFO - Processing /opt/airflow/dags/02_travel_gmaps_ingestion.py took 0.118 seconds
[2026-03-09T06:40:33.930+0000] {processor.py:186} INFO - Started process (PID=2395) to work on /opt/airflow/dags/02_travel_gmaps_ingestion.py
[2026-03-09T06:40:33.931+0000] {processor.py:914} INFO - Processing file /opt/airflow/dags/02_travel_gmaps_ingestion.py for tasks to queue
[2026-03-09T06:40:33.934+0000] {logging_mixin.py:190} INFO - [2026-03-09T06:40:33.934+0000] {dagbag.py:588} INFO - Filling up the DagBag from /opt/airflow/dags/02_travel_gmaps_ingestion.py
[2026-03-09T06:40:33.958+0000] {processor.py:925} INFO - DAG(s) '02_travel_gmaps_ingestion' retrieved from /opt/airflow/dags/02_travel_gmaps_ingestion.py
[2026-03-09T06:40:33.993+0000] {logging_mixin.py:190} INFO - [2026-03-09T06:40:33.992+0000] {dag.py:3239} INFO - Sync 1 DAGs
[2026-03-09T06:40:34.023+0000] {logging_mixin.py:190} INFO - [2026-03-09T06:40:34.023+0000] {dag.py:4180} INFO - Setting next_dagrun for 02_travel_gmaps_ingestion to 2026-03-08 14:00:00+00:00, run_after=2026-03-09 08:00:00+00:00
[2026-03-09T06:40:34.052+0000] {processor.py:208} INFO - Processing /opt/airflow/dags/02_travel_gmaps_ingestion.py took 0.129 seconds
[2026-03-09T06:41:04.535+0000] {processor.py:186} INFO - Started process (PID=2410) to work on /opt/airflow/dags/02_travel_gmaps_ingestion.py
[2026-03-09T06:41:04.537+0000] {processor.py:914} INFO - Processing file /opt/airflow/dags/02_travel_gmaps_ingestion.py for tasks to queue
[2026-03-09T06:41:04.539+0000] {logging_mixin.py:190} INFO - [2026-03-09T06:41:04.539+0000] {dagbag.py:588} INFO - Filling up the DagBag from /opt/airflow/dags/02_travel_gmaps_ingestion.py
[2026-03-09T06:41:04.559+0000] {processor.py:925} INFO - DAG(s) '02_travel_gmaps_ingestion' retrieved from /opt/airflow/dags/02_travel_gmaps_ingestion.py
[2026-03-09T06:41:04.592+0000] {logging_mixin.py:190} INFO - [2026-03-09T06:41:04.592+0000] {dag.py:3239} INFO - Sync 1 DAGs
[2026-03-09T06:41:04.626+0000] {logging_mixin.py:190} INFO - [2026-03-09T06:41:04.625+0000] {dag.py:4180} INFO - Setting next_dagrun for 02_travel_gmaps_ingestion to 2026-03-08 14:00:00+00:00, run_after=2026-03-09 08:00:00+00:00
[2026-03-09T06:41:04.656+0000] {processor.py:208} INFO - Processing /opt/airflow/dags/02_travel_gmaps_ingestion.py took 0.130 seconds
[2026-03-09T06:41:35.169+0000] {processor.py:186} INFO - Started process (PID=2425) to work on /opt/airflow/dags/02_travel_gmaps_ingestion.py
[2026-03-09T06:41:35.170+0000] {processor.py:914} INFO - Processing file /opt/airflow/dags/02_travel_gmaps_ingestion.py for tasks to queue
[2026-03-09T06:41:35.173+0000] {logging_mixin.py:190} INFO - [2026-03-09T06:41:35.173+0000] {dagbag.py:588} INFO - Filling up the DagBag from /opt/airflow/dags/02_travel_gmaps_ingestion.py
[2026-03-09T06:41:35.219+0000] {processor.py:925} INFO - DAG(s) '02_travel_gmaps_ingestion' retrieved from /opt/airflow/dags/02_travel_gmaps_ingestion.py
[2026-03-09T06:41:35.259+0000] {logging_mixin.py:190} INFO - [2026-03-09T06:41:35.259+0000] {dag.py:3239} INFO - Sync 1 DAGs
[2026-03-09T06:41:35.288+0000] {logging_mixin.py:190} INFO - [2026-03-09T06:41:35.288+0000] {dag.py:4180} INFO - Setting next_dagrun for 02_travel_gmaps_ingestion to 2026-03-08 14:00:00+00:00, run_after=2026-03-09 08:00:00+00:00
[2026-03-09T06:41:35.325+0000] {processor.py:208} INFO - Processing /opt/airflow/dags/02_travel_gmaps_ingestion.py took 0.164 seconds
[2026-03-09T06:42:05.803+0000] {processor.py:186} INFO - Started process (PID=2440) to work on /opt/airflow/dags/02_travel_gmaps_ingestion.py
[2026-03-09T06:42:05.804+0000] {processor.py:914} INFO - Processing file /opt/airflow/dags/02_travel_gmaps_ingestion.py for tasks to queue
[2026-03-09T06:42:05.809+0000] {logging_mixin.py:190} INFO - [2026-03-09T06:42:05.808+0000] {dagbag.py:588} INFO - Filling up the DagBag from /opt/airflow/dags/02_travel_gmaps_ingestion.py
[2026-03-09T06:42:05.838+0000] {processor.py:925} INFO - DAG(s) '02_travel_gmaps_ingestion' retrieved from /opt/airflow/dags/02_travel_gmaps_ingestion.py
[2026-03-09T06:42:05.871+0000] {logging_mixin.py:190} INFO - [2026-03-09T06:42:05.871+0000] {dag.py:3239} INFO - Sync 1 DAGs
[2026-03-09T06:42:05.901+0000] {logging_mixin.py:190} INFO - [2026-03-09T06:42:05.901+0000] {dag.py:4180} INFO - Setting next_dagrun for 02_travel_gmaps_ingestion to 2026-03-08 14:00:00+00:00, run_after=2026-03-09 08:00:00+00:00
[2026-03-09T06:42:05.929+0000] {processor.py:208} INFO - Processing /opt/airflow/dags/02_travel_gmaps_ingestion.py took 0.133 seconds
[2026-03-09T06:42:36.395+0000] {processor.py:186} INFO - Started process (PID=2455) to work on /opt/airflow/dags/02_travel_gmaps_ingestion.py
[2026-03-09T06:42:36.396+0000] {processor.py:914} INFO - Processing file /opt/airflow/dags/02_travel_gmaps_ingestion.py for tasks to queue
[2026-03-09T06:42:36.400+0000] {logging_mixin.py:190} INFO - [2026-03-09T06:42:36.399+0000] {dagbag.py:588} INFO - Filling up the DagBag from /opt/airflow/dags/02_travel_gmaps_ingestion.py
[2026-03-09T06:42:36.421+0000] {processor.py:925} INFO - DAG(s) '02_travel_gmaps_ingestion' retrieved from /opt/airflow/dags/02_travel_gmaps_ingestion.py
[2026-03-09T06:42:36.453+0000] {logging_mixin.py:190} INFO - [2026-03-09T06:42:36.453+0000] {dag.py:3239} INFO - Sync 1 DAGs
[2026-03-09T06:42:36.485+0000] {logging_mixin.py:190} INFO - [2026-03-09T06:42:36.485+0000] {dag.py:4180} INFO - Setting next_dagrun for 02_travel_gmaps_ingestion to 2026-03-08 14:00:00+00:00, run_after=2026-03-09 08:00:00+00:00
[2026-03-09T06:42:36.517+0000] {processor.py:208} INFO - Processing /opt/airflow/dags/02_travel_gmaps_ingestion.py took 0.129 seconds
[2026-03-09T06:43:07.087+0000] {processor.py:186} INFO - Started process (PID=2470) to work on /opt/airflow/dags/02_travel_gmaps_ingestion.py
[2026-03-09T06:43:07.089+0000] {processor.py:914} INFO - Processing file /opt/airflow/dags/02_travel_gmaps_ingestion.py for tasks to queue
[2026-03-09T06:43:07.093+0000] {logging_mixin.py:190} INFO - [2026-03-09T06:43:07.092+0000] {dagbag.py:588} INFO - Filling up the DagBag from /opt/airflow/dags/02_travel_gmaps_ingestion.py
[2026-03-09T06:43:07.123+0000] {processor.py:925} INFO - DAG(s) '02_travel_gmaps_ingestion' retrieved from /opt/airflow/dags/02_travel_gmaps_ingestion.py
[2026-03-09T06:43:07.164+0000] {logging_mixin.py:190} INFO - [2026-03-09T06:43:07.164+0000] {dag.py:3239} INFO - Sync 1 DAGs
[2026-03-09T06:43:07.201+0000] {logging_mixin.py:190} INFO - [2026-03-09T06:43:07.200+0000] {dag.py:4180} INFO - Setting next_dagrun for 02_travel_gmaps_ingestion to 2026-03-08 14:00:00+00:00, run_after=2026-03-09 08:00:00+00:00
[2026-03-09T06:43:07.230+0000] {processor.py:208} INFO - Processing /opt/airflow/dags/02_travel_gmaps_ingestion.py took 0.151 seconds
[2026-03-09T06:43:37.745+0000] {processor.py:186} INFO - Started process (PID=2485) to work on /opt/airflow/dags/02_travel_gmaps_ingestion.py
[2026-03-09T06:43:37.746+0000] {processor.py:914} INFO - Processing file /opt/airflow/dags/02_travel_gmaps_ingestion.py for tasks to queue
[2026-03-09T06:43:37.749+0000] {logging_mixin.py:190} INFO - [2026-03-09T06:43:37.748+0000] {dagbag.py:588} INFO - Filling up the DagBag from /opt/airflow/dags/02_travel_gmaps_ingestion.py
[2026-03-09T06:43:37.776+0000] {processor.py:925} INFO - DAG(s) '02_travel_gmaps_ingestion' retrieved from /opt/airflow/dags/02_travel_gmaps_ingestion.py
[2026-03-09T06:43:37.812+0000] {logging_mixin.py:190} INFO - [2026-03-09T06:43:37.812+0000] {dag.py:3239} INFO - Sync 1 DAGs
[2026-03-09T06:43:37.851+0000] {logging_mixin.py:190} INFO - [2026-03-09T06:43:37.850+0000] {dag.py:4180} INFO - Setting next_dagrun for 02_travel_gmaps_ingestion to 2026-03-08 14:00:00+00:00, run_after=2026-03-09 08:00:00+00:00
[2026-03-09T06:43:37.883+0000] {processor.py:208} INFO - Processing /opt/airflow/dags/02_travel_gmaps_ingestion.py took 0.145 seconds
[2026-03-09T06:44:08.414+0000] {processor.py:186} INFO - Started process (PID=2500) to work on /opt/airflow/dags/02_travel_gmaps_ingestion.py
[2026-03-09T06:44:08.416+0000] {processor.py:914} INFO - Processing file /opt/airflow/dags/02_travel_gmaps_ingestion.py for tasks to queue
[2026-03-09T06:44:08.418+0000] {logging_mixin.py:190} INFO - [2026-03-09T06:44:08.418+0000] {dagbag.py:588} INFO - Filling up the DagBag from /opt/airflow/dags/02_travel_gmaps_ingestion.py
[2026-03-09T06:44:08.449+0000] {processor.py:925} INFO - DAG(s) '02_travel_gmaps_ingestion' retrieved from /opt/airflow/dags/02_travel_gmaps_ingestion.py
[2026-03-09T06:44:08.491+0000] {logging_mixin.py:190} INFO - [2026-03-09T06:44:08.491+0000] {dag.py:3239} INFO - Sync 1 DAGs
[2026-03-09T06:44:08.526+0000] {logging_mixin.py:190} INFO - [2026-03-09T06:44:08.526+0000] {dag.py:4180} INFO - Setting next_dagrun for 02_travel_gmaps_ingestion to 2026-03-08 14:00:00+00:00, run_after=2026-03-09 08:00:00+00:00
[2026-03-09T06:44:08.557+0000] {processor.py:208} INFO - Processing /opt/airflow/dags/02_travel_gmaps_ingestion.py took 0.153 seconds
[2026-03-09T06:44:39.044+0000] {processor.py:186} INFO - Started process (PID=2515) to work on /opt/airflow/dags/02_travel_gmaps_ingestion.py
[2026-03-09T06:44:39.045+0000] {processor.py:914} INFO - Processing file /opt/airflow/dags/02_travel_gmaps_ingestion.py for tasks to queue
[2026-03-09T06:44:39.048+0000] {logging_mixin.py:190} INFO - [2026-03-09T06:44:39.047+0000] {dagbag.py:588} INFO - Filling up the DagBag from /opt/airflow/dags/02_travel_gmaps_ingestion.py
[2026-03-09T06:44:39.072+0000] {processor.py:925} INFO - DAG(s) '02_travel_gmaps_ingestion' retrieved from /opt/airflow/dags/02_travel_gmaps_ingestion.py
[2026-03-09T06:44:39.105+0000] {logging_mixin.py:190} INFO - [2026-03-09T06:44:39.105+0000] {dag.py:3239} INFO - Sync 1 DAGs
[2026-03-09T06:44:39.136+0000] {logging_mixin.py:190} INFO - [2026-03-09T06:44:39.136+0000] {dag.py:4180} INFO - Setting next_dagrun for 02_travel_gmaps_ingestion to 2026-03-08 14:00:00+00:00, run_after=2026-03-09 08:00:00+00:00
[2026-03-09T06:44:39.166+0000] {processor.py:208} INFO - Processing /opt/airflow/dags/02_travel_gmaps_ingestion.py took 0.130 seconds
[2026-03-09T06:45:09.694+0000] {processor.py:186} INFO - Started process (PID=2530) to work on /opt/airflow/dags/02_travel_gmaps_ingestion.py
[2026-03-09T06:45:09.696+0000] {processor.py:914} INFO - Processing file /opt/airflow/dags/02_travel_gmaps_ingestion.py for tasks to queue
[2026-03-09T06:45:09.703+0000] {logging_mixin.py:190} INFO - [2026-03-09T06:45:09.702+0000] {dagbag.py:588} INFO - Filling up the DagBag from /opt/airflow/dags/02_travel_gmaps_ingestion.py
[2026-03-09T06:45:09.743+0000] {processor.py:925} INFO - DAG(s) '02_travel_gmaps_ingestion' retrieved from /opt/airflow/dags/02_travel_gmaps_ingestion.py
[2026-03-09T06:45:09.789+0000] {logging_mixin.py:190} INFO - [2026-03-09T06:45:09.789+0000] {dag.py:3239} INFO - Sync 1 DAGs
[2026-03-09T06:45:09.832+0000] {logging_mixin.py:190} INFO - [2026-03-09T06:45:09.830+0000] {dag.py:4180} INFO - Setting next_dagrun for 02_travel_gmaps_ingestion to 2026-03-08 14:00:00+00:00, run_after=2026-03-09 08:00:00+00:00
[2026-03-09T06:45:09.857+0000] {processor.py:208} INFO - Processing /opt/airflow/dags/02_travel_gmaps_ingestion.py took 0.170 seconds
[2026-03-09T06:45:40.411+0000] {processor.py:186} INFO - Started process (PID=2545) to work on /opt/airflow/dags/02_travel_gmaps_ingestion.py
[2026-03-09T06:45:40.412+0000] {processor.py:914} INFO - Processing file /opt/airflow/dags/02_travel_gmaps_ingestion.py for tasks to queue
[2026-03-09T06:45:40.416+0000] {logging_mixin.py:190} INFO - [2026-03-09T06:45:40.415+0000] {dagbag.py:588} INFO - Filling up the DagBag from /opt/airflow/dags/02_travel_gmaps_ingestion.py
[2026-03-09T06:45:40.435+0000] {processor.py:925} INFO - DAG(s) '02_travel_gmaps_ingestion' retrieved from /opt/airflow/dags/02_travel_gmaps_ingestion.py
[2026-03-09T06:45:40.469+0000] {logging_mixin.py:190} INFO - [2026-03-09T06:45:40.468+0000] {dag.py:3239} INFO - Sync 1 DAGs
[2026-03-09T06:45:40.495+0000] {logging_mixin.py:190} INFO - [2026-03-09T06:45:40.495+0000] {dag.py:4180} INFO - Setting next_dagrun for 02_travel_gmaps_ingestion to 2026-03-08 14:00:00+00:00, run_after=2026-03-09 08:00:00+00:00
[2026-03-09T06:45:40.524+0000] {processor.py:208} INFO - Processing /opt/airflow/dags/02_travel_gmaps_ingestion.py took 0.120 seconds
[2026-03-09T06:46:11.001+0000] {processor.py:186} INFO - Started process (PID=2560) to work on /opt/airflow/dags/02_travel_gmaps_ingestion.py
[2026-03-09T06:46:11.002+0000] {processor.py:914} INFO - Processing file /opt/airflow/dags/02_travel_gmaps_ingestion.py for tasks to queue
[2026-03-09T06:46:11.006+0000] {logging_mixin.py:190} INFO - [2026-03-09T06:46:11.006+0000] {dagbag.py:588} INFO - Filling up the DagBag from /opt/airflow/dags/02_travel_gmaps_ingestion.py
[2026-03-09T06:46:11.027+0000] {processor.py:925} INFO - DAG(s) '02_travel_gmaps_ingestion' retrieved from /opt/airflow/dags/02_travel_gmaps_ingestion.py
[2026-03-09T06:46:11.060+0000] {logging_mixin.py:190} INFO - [2026-03-09T06:46:11.060+0000] {dag.py:3239} INFO - Sync 1 DAGs
[2026-03-09T06:46:11.088+0000] {logging_mixin.py:190} INFO - [2026-03-09T06:46:11.088+0000] {dag.py:4180} INFO - Setting next_dagrun for 02_travel_gmaps_ingestion to 2026-03-08 14:00:00+00:00, run_after=2026-03-09 08:00:00+00:00
[2026-03-09T06:46:11.117+0000] {processor.py:208} INFO - Processing /opt/airflow/dags/02_travel_gmaps_ingestion.py took 0.126 seconds
[2026-03-09T06:46:41.614+0000] {processor.py:186} INFO - Started process (PID=2575) to work on /opt/airflow/dags/02_travel_gmaps_ingestion.py
[2026-03-09T06:46:41.616+0000] {processor.py:914} INFO - Processing file /opt/airflow/dags/02_travel_gmaps_ingestion.py for tasks to queue
[2026-03-09T06:46:41.619+0000] {logging_mixin.py:190} INFO - [2026-03-09T06:46:41.618+0000] {dagbag.py:588} INFO - Filling up the DagBag from /opt/airflow/dags/02_travel_gmaps_ingestion.py
[2026-03-09T06:46:41.642+0000] {processor.py:925} INFO - DAG(s) '02_travel_gmaps_ingestion' retrieved from /opt/airflow/dags/02_travel_gmaps_ingestion.py
[2026-03-09T06:46:41.678+0000] {logging_mixin.py:190} INFO - [2026-03-09T06:46:41.678+0000] {dag.py:3239} INFO - Sync 1 DAGs
[2026-03-09T06:46:41.708+0000] {logging_mixin.py:190} INFO - [2026-03-09T06:46:41.708+0000] {dag.py:4180} INFO - Setting next_dagrun for 02_travel_gmaps_ingestion to 2026-03-08 14:00:00+00:00, run_after=2026-03-09 08:00:00+00:00
[2026-03-09T06:46:41.739+0000] {processor.py:208} INFO - Processing /opt/airflow/dags/02_travel_gmaps_ingestion.py took 0.134 seconds
[2026-03-09T06:47:12.357+0000] {processor.py:186} INFO - Started process (PID=2590) to work on /opt/airflow/dags/02_travel_gmaps_ingestion.py
[2026-03-09T06:47:12.358+0000] {processor.py:914} INFO - Processing file /opt/airflow/dags/02_travel_gmaps_ingestion.py for tasks to queue
[2026-03-09T06:47:12.361+0000] {logging_mixin.py:190} INFO - [2026-03-09T06:47:12.361+0000] {dagbag.py:588} INFO - Filling up the DagBag from /opt/airflow/dags/02_travel_gmaps_ingestion.py
[2026-03-09T06:47:12.395+0000] {processor.py:925} INFO - DAG(s) '02_travel_gmaps_ingestion' retrieved from /opt/airflow/dags/02_travel_gmaps_ingestion.py
[2026-03-09T06:47:12.447+0000] {logging_mixin.py:190} INFO - [2026-03-09T06:47:12.447+0000] {dag.py:3239} INFO - Sync 1 DAGs
[2026-03-09T06:47:12.484+0000] {logging_mixin.py:190} INFO - [2026-03-09T06:47:12.484+0000] {dag.py:4180} INFO - Setting next_dagrun for 02_travel_gmaps_ingestion to 2026-03-08 14:00:00+00:00, run_after=2026-03-09 08:00:00+00:00
[2026-03-09T06:47:12.524+0000] {processor.py:208} INFO - Processing /opt/airflow/dags/02_travel_gmaps_ingestion.py took 0.177 seconds
[2026-03-09T06:47:43.162+0000] {processor.py:186} INFO - Started process (PID=2605) to work on /opt/airflow/dags/02_travel_gmaps_ingestion.py
[2026-03-09T06:47:43.163+0000] {processor.py:914} INFO - Processing file /opt/airflow/dags/02_travel_gmaps_ingestion.py for tasks to queue
[2026-03-09T06:47:43.166+0000] {logging_mixin.py:190} INFO - [2026-03-09T06:47:43.166+0000] {dagbag.py:588} INFO - Filling up the DagBag from /opt/airflow/dags/02_travel_gmaps_ingestion.py
[2026-03-09T06:47:43.187+0000] {processor.py:925} INFO - DAG(s) '02_travel_gmaps_ingestion' retrieved from /opt/airflow/dags/02_travel_gmaps_ingestion.py
[2026-03-09T06:47:43.220+0000] {logging_mixin.py:190} INFO - [2026-03-09T06:47:43.220+0000] {dag.py:3239} INFO - Sync 1 DAGs
[2026-03-09T06:47:43.248+0000] {logging_mixin.py:190} INFO - [2026-03-09T06:47:43.248+0000] {dag.py:4180} INFO - Setting next_dagrun for 02_travel_gmaps_ingestion to 2026-03-08 14:00:00+00:00, run_after=2026-03-09 08:00:00+00:00
[2026-03-09T06:47:43.277+0000] {processor.py:208} INFO - Processing /opt/airflow/dags/02_travel_gmaps_ingestion.py took 0.121 seconds
[2026-03-09T06:48:13.817+0000] {processor.py:186} INFO - Started process (PID=2620) to work on /opt/airflow/dags/02_travel_gmaps_ingestion.py
[2026-03-09T06:48:13.818+0000] {processor.py:914} INFO - Processing file /opt/airflow/dags/02_travel_gmaps_ingestion.py for tasks to queue
[2026-03-09T06:48:13.821+0000] {logging_mixin.py:190} INFO - [2026-03-09T06:48:13.821+0000] {dagbag.py:588} INFO - Filling up the DagBag from /opt/airflow/dags/02_travel_gmaps_ingestion.py
[2026-03-09T06:48:13.841+0000] {processor.py:925} INFO - DAG(s) '02_travel_gmaps_ingestion' retrieved from /opt/airflow/dags/02_travel_gmaps_ingestion.py
[2026-03-09T06:48:13.875+0000] {logging_mixin.py:190} INFO - [2026-03-09T06:48:13.875+0000] {dag.py:3239} INFO - Sync 1 DAGs
[2026-03-09T06:48:13.901+0000] {logging_mixin.py:190} INFO - [2026-03-09T06:48:13.901+0000] {dag.py:4180} INFO - Setting next_dagrun for 02_travel_gmaps_ingestion to 2026-03-08 14:00:00+00:00, run_after=2026-03-09 08:00:00+00:00
[2026-03-09T06:48:13.928+0000] {processor.py:208} INFO - Processing /opt/airflow/dags/02_travel_gmaps_ingestion.py took 0.118 seconds
[2026-03-09T06:48:44.494+0000] {processor.py:186} INFO - Started process (PID=2635) to work on /opt/airflow/dags/02_travel_gmaps_ingestion.py
[2026-03-09T06:48:44.496+0000] {processor.py:914} INFO - Processing file /opt/airflow/dags/02_travel_gmaps_ingestion.py for tasks to queue
[2026-03-09T06:48:44.501+0000] {logging_mixin.py:190} INFO - [2026-03-09T06:48:44.501+0000] {dagbag.py:588} INFO - Filling up the DagBag from /opt/airflow/dags/02_travel_gmaps_ingestion.py
[2026-03-09T06:48:44.532+0000] {processor.py:925} INFO - DAG(s) '02_travel_gmaps_ingestion' retrieved from /opt/airflow/dags/02_travel_gmaps_ingestion.py
[2026-03-09T06:48:44.578+0000] {logging_mixin.py:190} INFO - [2026-03-09T06:48:44.577+0000] {dag.py:3239} INFO - Sync 1 DAGs
[2026-03-09T06:48:44.620+0000] {logging_mixin.py:190} INFO - [2026-03-09T06:48:44.620+0000] {dag.py:4180} INFO - Setting next_dagrun for 02_travel_gmaps_ingestion to 2026-03-08 14:00:00+00:00, run_after=2026-03-09 08:00:00+00:00
[2026-03-09T06:48:44.650+0000] {processor.py:208} INFO - Processing /opt/airflow/dags/02_travel_gmaps_ingestion.py took 0.168 seconds
[2026-03-09T06:49:15.124+0000] {processor.py:186} INFO - Started process (PID=2650) to work on /opt/airflow/dags/02_travel_gmaps_ingestion.py
[2026-03-09T06:49:15.125+0000] {processor.py:914} INFO - Processing file /opt/airflow/dags/02_travel_gmaps_ingestion.py for tasks to queue
[2026-03-09T06:49:15.130+0000] {logging_mixin.py:190} INFO - [2026-03-09T06:49:15.129+0000] {dagbag.py:588} INFO - Filling up the DagBag from /opt/airflow/dags/02_travel_gmaps_ingestion.py
[2026-03-09T06:49:15.166+0000] {processor.py:925} INFO - DAG(s) '02_travel_gmaps_ingestion' retrieved from /opt/airflow/dags/02_travel_gmaps_ingestion.py
[2026-03-09T06:49:15.212+0000] {logging_mixin.py:190} INFO - [2026-03-09T06:49:15.212+0000] {dag.py:3239} INFO - Sync 1 DAGs
[2026-03-09T06:49:15.283+0000] {logging_mixin.py:190} INFO - [2026-03-09T06:49:15.282+0000] {dag.py:4180} INFO - Setting next_dagrun for 02_travel_gmaps_ingestion to 2026-03-08 14:00:00+00:00, run_after=2026-03-09 08:00:00+00:00
[2026-03-09T06:49:15.378+0000] {processor.py:208} INFO - Processing /opt/airflow/dags/02_travel_gmaps_ingestion.py took 0.263 seconds
[2026-03-09T06:49:45.849+0000] {processor.py:186} INFO - Started process (PID=2665) to work on /opt/airflow/dags/02_travel_gmaps_ingestion.py
[2026-03-09T06:49:45.855+0000] {processor.py:914} INFO - Processing file /opt/airflow/dags/02_travel_gmaps_ingestion.py for tasks to queue
[2026-03-09T06:49:45.862+0000] {logging_mixin.py:190} INFO - [2026-03-09T06:49:45.861+0000] {dagbag.py:588} INFO - Filling up the DagBag from /opt/airflow/dags/02_travel_gmaps_ingestion.py
[2026-03-09T06:49:45.903+0000] {processor.py:925} INFO - DAG(s) '02_travel_gmaps_ingestion' retrieved from /opt/airflow/dags/02_travel_gmaps_ingestion.py
[2026-03-09T06:49:45.983+0000] {logging_mixin.py:190} INFO - [2026-03-09T06:49:45.982+0000] {dag.py:3239} INFO - Sync 1 DAGs
[2026-03-09T06:49:46.053+0000] {logging_mixin.py:190} INFO - [2026-03-09T06:49:46.053+0000] {dag.py:4180} INFO - Setting next_dagrun for 02_travel_gmaps_ingestion to 2026-03-08 14:00:00+00:00, run_after=2026-03-09 08:00:00+00:00
[2026-03-09T06:49:46.111+0000] {processor.py:208} INFO - Processing /opt/airflow/dags/02_travel_gmaps_ingestion.py took 0.277 seconds
[2026-03-09T06:50:16.599+0000] {processor.py:186} INFO - Started process (PID=2680) to work on /opt/airflow/dags/02_travel_gmaps_ingestion.py
[2026-03-09T06:50:16.600+0000] {processor.py:914} INFO - Processing file /opt/airflow/dags/02_travel_gmaps_ingestion.py for tasks to queue
[2026-03-09T06:50:16.603+0000] {logging_mixin.py:190} INFO - [2026-03-09T06:50:16.603+0000] {dagbag.py:588} INFO - Filling up the DagBag from /opt/airflow/dags/02_travel_gmaps_ingestion.py
[2026-03-09T06:50:16.627+0000] {processor.py:925} INFO - DAG(s) '02_travel_gmaps_ingestion' retrieved from /opt/airflow/dags/02_travel_gmaps_ingestion.py
[2026-03-09T06:50:16.673+0000] {logging_mixin.py:190} INFO - [2026-03-09T06:50:16.673+0000] {dag.py:3239} INFO - Sync 1 DAGs
[2026-03-09T06:50:16.711+0000] {logging_mixin.py:190} INFO - [2026-03-09T06:50:16.711+0000] {dag.py:4180} INFO - Setting next_dagrun for 02_travel_gmaps_ingestion to 2026-03-08 14:00:00+00:00, run_after=2026-03-09 08:00:00+00:00
[2026-03-09T06:50:16.742+0000] {processor.py:208} INFO - Processing /opt/airflow/dags/02_travel_gmaps_ingestion.py took 0.155 seconds
[2026-03-09T06:50:47.253+0000] {processor.py:186} INFO - Started process (PID=2695) to work on /opt/airflow/dags/02_travel_gmaps_ingestion.py
[2026-03-09T06:50:47.255+0000] {processor.py:914} INFO - Processing file /opt/airflow/dags/02_travel_gmaps_ingestion.py for tasks to queue
[2026-03-09T06:50:47.258+0000] {logging_mixin.py:190} INFO - [2026-03-09T06:50:47.258+0000] {dagbag.py:588} INFO - Filling up the DagBag from /opt/airflow/dags/02_travel_gmaps_ingestion.py
[2026-03-09T06:50:47.296+0000] {processor.py:925} INFO - DAG(s) '02_travel_gmaps_ingestion' retrieved from /opt/airflow/dags/02_travel_gmaps_ingestion.py
[2026-03-09T06:50:47.346+0000] {logging_mixin.py:190} INFO - [2026-03-09T06:50:47.346+0000] {dag.py:3239} INFO - Sync 1 DAGs
[2026-03-09T06:50:47.383+0000] {logging_mixin.py:190} INFO - [2026-03-09T06:50:47.383+0000] {dag.py:4180} INFO - Setting next_dagrun for 02_travel_gmaps_ingestion to 2026-03-08 14:00:00+00:00, run_after=2026-03-09 08:00:00+00:00
[2026-03-09T06:50:47.414+0000] {processor.py:208} INFO - Processing /opt/airflow/dags/02_travel_gmaps_ingestion.py took 0.172 seconds
[2026-03-09T06:51:17.908+0000] {processor.py:186} INFO - Started process (PID=2710) to work on /opt/airflow/dags/02_travel_gmaps_ingestion.py
[2026-03-09T06:51:17.909+0000] {processor.py:914} INFO - Processing file /opt/airflow/dags/02_travel_gmaps_ingestion.py for tasks to queue
[2026-03-09T06:51:17.915+0000] {logging_mixin.py:190} INFO - [2026-03-09T06:51:17.915+0000] {dagbag.py:588} INFO - Filling up the DagBag from /opt/airflow/dags/02_travel_gmaps_ingestion.py
[2026-03-09T06:51:17.948+0000] {processor.py:925} INFO - DAG(s) '02_travel_gmaps_ingestion' retrieved from /opt/airflow/dags/02_travel_gmaps_ingestion.py
[2026-03-09T06:51:17.988+0000] {logging_mixin.py:190} INFO - [2026-03-09T06:51:17.987+0000] {dag.py:3239} INFO - Sync 1 DAGs
[2026-03-09T06:51:18.026+0000] {logging_mixin.py:190} INFO - [2026-03-09T06:51:18.026+0000] {dag.py:4180} INFO - Setting next_dagrun for 02_travel_gmaps_ingestion to 2026-03-08 14:00:00+00:00, run_after=2026-03-09 08:00:00+00:00
[2026-03-09T06:51:18.064+0000] {processor.py:208} INFO - Processing /opt/airflow/dags/02_travel_gmaps_ingestion.py took 0.165 seconds
[2026-03-09T06:51:48.536+0000] {processor.py:186} INFO - Started process (PID=2725) to work on /opt/airflow/dags/02_travel_gmaps_ingestion.py
[2026-03-09T06:51:48.538+0000] {processor.py:914} INFO - Processing file /opt/airflow/dags/02_travel_gmaps_ingestion.py for tasks to queue
[2026-03-09T06:51:48.542+0000] {logging_mixin.py:190} INFO - [2026-03-09T06:51:48.542+0000] {dagbag.py:588} INFO - Filling up the DagBag from /opt/airflow/dags/02_travel_gmaps_ingestion.py
[2026-03-09T06:51:48.570+0000] {processor.py:925} INFO - DAG(s) '02_travel_gmaps_ingestion' retrieved from /opt/airflow/dags/02_travel_gmaps_ingestion.py
[2026-03-09T06:51:48.612+0000] {logging_mixin.py:190} INFO - [2026-03-09T06:51:48.612+0000] {dag.py:3239} INFO - Sync 1 DAGs
[2026-03-09T06:51:48.653+0000] {logging_mixin.py:190} INFO - [2026-03-09T06:51:48.652+0000] {dag.py:4180} INFO - Setting next_dagrun for 02_travel_gmaps_ingestion to 2026-03-08 14:00:00+00:00, run_after=2026-03-09 08:00:00+00:00
[2026-03-09T06:51:48.691+0000] {processor.py:208} INFO - Processing /opt/airflow/dags/02_travel_gmaps_ingestion.py took 0.163 seconds
[2026-03-09T06:52:19.180+0000] {processor.py:186} INFO - Started process (PID=2740) to work on /opt/airflow/dags/02_travel_gmaps_ingestion.py
[2026-03-09T06:52:19.181+0000] {processor.py:914} INFO - Processing file /opt/airflow/dags/02_travel_gmaps_ingestion.py for tasks to queue
[2026-03-09T06:52:19.184+0000] {logging_mixin.py:190} INFO - [2026-03-09T06:52:19.184+0000] {dagbag.py:588} INFO - Filling up the DagBag from /opt/airflow/dags/02_travel_gmaps_ingestion.py
[2026-03-09T06:52:19.211+0000] {processor.py:925} INFO - DAG(s) '02_travel_gmaps_ingestion' retrieved from /opt/airflow/dags/02_travel_gmaps_ingestion.py
[2026-03-09T06:52:19.251+0000] {logging_mixin.py:190} INFO - [2026-03-09T06:52:19.251+0000] {dag.py:3239} INFO - Sync 1 DAGs
[2026-03-09T06:52:19.286+0000] {logging_mixin.py:190} INFO - [2026-03-09T06:52:19.286+0000] {dag.py:4180} INFO - Setting next_dagrun for 02_travel_gmaps_ingestion to 2026-03-08 14:00:00+00:00, run_after=2026-03-09 08:00:00+00:00
[2026-03-09T06:52:19.325+0000] {processor.py:208} INFO - Processing /opt/airflow/dags/02_travel_gmaps_ingestion.py took 0.152 seconds
[2026-03-09T06:52:49.804+0000] {processor.py:186} INFO - Started process (PID=2755) to work on /opt/airflow/dags/02_travel_gmaps_ingestion.py
[2026-03-09T06:52:49.806+0000] {processor.py:914} INFO - Processing file /opt/airflow/dags/02_travel_gmaps_ingestion.py for tasks to queue
[2026-03-09T06:52:49.811+0000] {logging_mixin.py:190} INFO - [2026-03-09T06:52:49.810+0000] {dagbag.py:588} INFO - Filling up the DagBag from /opt/airflow/dags/02_travel_gmaps_ingestion.py
[2026-03-09T06:52:49.837+0000] {processor.py:925} INFO - DAG(s) '02_travel_gmaps_ingestion' retrieved from /opt/airflow/dags/02_travel_gmaps_ingestion.py
[2026-03-09T06:52:49.880+0000] {logging_mixin.py:190} INFO - [2026-03-09T06:52:49.880+0000] {dag.py:3239} INFO - Sync 1 DAGs
[2026-03-09T06:52:49.924+0000] {logging_mixin.py:190} INFO - [2026-03-09T06:52:49.924+0000] {dag.py:4180} INFO - Setting next_dagrun for 02_travel_gmaps_ingestion to 2026-03-08 14:00:00+00:00, run_after=2026-03-09 08:00:00+00:00
[2026-03-09T06:52:49.956+0000] {processor.py:208} INFO - Processing /opt/airflow/dags/02_travel_gmaps_ingestion.py took 0.162 seconds
[2026-03-09T06:53:20.488+0000] {processor.py:186} INFO - Started process (PID=2770) to work on /opt/airflow/dags/02_travel_gmaps_ingestion.py
[2026-03-09T06:53:20.489+0000] {processor.py:914} INFO - Processing file /opt/airflow/dags/02_travel_gmaps_ingestion.py for tasks to queue
[2026-03-09T06:53:20.493+0000] {logging_mixin.py:190} INFO - [2026-03-09T06:53:20.493+0000] {dagbag.py:588} INFO - Filling up the DagBag from /opt/airflow/dags/02_travel_gmaps_ingestion.py
[2026-03-09T06:53:20.520+0000] {processor.py:925} INFO - DAG(s) '02_travel_gmaps_ingestion' retrieved from /opt/airflow/dags/02_travel_gmaps_ingestion.py
[2026-03-09T06:53:20.558+0000] {logging_mixin.py:190} INFO - [2026-03-09T06:53:20.557+0000] {dag.py:3239} INFO - Sync 1 DAGs
[2026-03-09T06:53:20.594+0000] {logging_mixin.py:190} INFO - [2026-03-09T06:53:20.594+0000] {dag.py:4180} INFO - Setting next_dagrun for 02_travel_gmaps_ingestion to 2026-03-08 14:00:00+00:00, run_after=2026-03-09 08:00:00+00:00
[2026-03-09T06:53:20.629+0000] {processor.py:208} INFO - Processing /opt/airflow/dags/02_travel_gmaps_ingestion.py took 0.148 seconds
[2026-03-09T06:53:51.133+0000] {processor.py:186} INFO - Started process (PID=2785) to work on /opt/airflow/dags/02_travel_gmaps_ingestion.py
[2026-03-09T06:53:51.135+0000] {processor.py:914} INFO - Processing file /opt/airflow/dags/02_travel_gmaps_ingestion.py for tasks to queue
[2026-03-09T06:53:51.138+0000] {logging_mixin.py:190} INFO - [2026-03-09T06:53:51.138+0000] {dagbag.py:588} INFO - Filling up the DagBag from /opt/airflow/dags/02_travel_gmaps_ingestion.py
[2026-03-09T06:53:51.170+0000] {processor.py:925} INFO - DAG(s) '02_travel_gmaps_ingestion' retrieved from /opt/airflow/dags/02_travel_gmaps_ingestion.py
[2026-03-09T06:53:51.207+0000] {logging_mixin.py:190} INFO - [2026-03-09T06:53:51.207+0000] {dag.py:3239} INFO - Sync 1 DAGs
[2026-03-09T06:53:51.247+0000] {logging_mixin.py:190} INFO - [2026-03-09T06:53:51.246+0000] {dag.py:4180} INFO - Setting next_dagrun for 02_travel_gmaps_ingestion to 2026-03-08 14:00:00+00:00, run_after=2026-03-09 08:00:00+00:00
[2026-03-09T06:53:51.282+0000] {processor.py:208} INFO - Processing /opt/airflow/dags/02_travel_gmaps_ingestion.py took 0.155 seconds
[2026-03-09T06:54:21.739+0000] {processor.py:186} INFO - Started process (PID=2800) to work on /opt/airflow/dags/02_travel_gmaps_ingestion.py
[2026-03-09T06:54:21.741+0000] {processor.py:914} INFO - Processing file /opt/airflow/dags/02_travel_gmaps_ingestion.py for tasks to queue
[2026-03-09T06:54:21.746+0000] {logging_mixin.py:190} INFO - [2026-03-09T06:54:21.746+0000] {dagbag.py:588} INFO - Filling up the DagBag from /opt/airflow/dags/02_travel_gmaps_ingestion.py
[2026-03-09T06:54:21.785+0000] {processor.py:925} INFO - DAG(s) '02_travel_gmaps_ingestion' retrieved from /opt/airflow/dags/02_travel_gmaps_ingestion.py
[2026-03-09T06:54:21.826+0000] {logging_mixin.py:190} INFO - [2026-03-09T06:54:21.825+0000] {dag.py:3239} INFO - Sync 1 DAGs
[2026-03-09T06:54:21.866+0000] {logging_mixin.py:190} INFO - [2026-03-09T06:54:21.866+0000] {dag.py:4180} INFO - Setting next_dagrun for 02_travel_gmaps_ingestion to 2026-03-08 14:00:00+00:00, run_after=2026-03-09 08:00:00+00:00
[2026-03-09T06:54:21.895+0000] {processor.py:208} INFO - Processing /opt/airflow/dags/02_travel_gmaps_ingestion.py took 0.168 seconds
[2026-03-09T06:54:52.429+0000] {processor.py:186} INFO - Started process (PID=2815) to work on /opt/airflow/dags/02_travel_gmaps_ingestion.py
[2026-03-09T06:54:52.432+0000] {processor.py:914} INFO - Processing file /opt/airflow/dags/02_travel_gmaps_ingestion.py for tasks to queue
[2026-03-09T06:54:52.437+0000] {logging_mixin.py:190} INFO - [2026-03-09T06:54:52.436+0000] {dagbag.py:588} INFO - Filling up the DagBag from /opt/airflow/dags/02_travel_gmaps_ingestion.py
[2026-03-09T06:54:52.464+0000] {processor.py:925} INFO - DAG(s) '02_travel_gmaps_ingestion' retrieved from /opt/airflow/dags/02_travel_gmaps_ingestion.py
[2026-03-09T06:54:52.506+0000] {logging_mixin.py:190} INFO - [2026-03-09T06:54:52.505+0000] {dag.py:3239} INFO - Sync 1 DAGs
[2026-03-09T06:54:52.541+0000] {logging_mixin.py:190} INFO - [2026-03-09T06:54:52.541+0000] {dag.py:4180} INFO - Setting next_dagrun for 02_travel_gmaps_ingestion to 2026-03-08 14:00:00+00:00, run_after=2026-03-09 08:00:00+00:00
[2026-03-09T06:54:52.564+0000] {processor.py:208} INFO - Processing /opt/airflow/dags/02_travel_gmaps_ingestion.py took 0.149 seconds
[2026-03-09T06:55:23.014+0000] {processor.py:186} INFO - Started process (PID=2830) to work on /opt/airflow/dags/02_travel_gmaps_ingestion.py
[2026-03-09T06:55:23.016+0000] {processor.py:914} INFO - Processing file /opt/airflow/dags/02_travel_gmaps_ingestion.py for tasks to queue
[2026-03-09T06:55:23.021+0000] {logging_mixin.py:190} INFO - [2026-03-09T06:55:23.020+0000] {dagbag.py:588} INFO - Filling up the DagBag from /opt/airflow/dags/02_travel_gmaps_ingestion.py
[2026-03-09T06:55:23.055+0000] {processor.py:925} INFO - DAG(s) '02_travel_gmaps_ingestion' retrieved from /opt/airflow/dags/02_travel_gmaps_ingestion.py
[2026-03-09T06:55:23.100+0000] {logging_mixin.py:190} INFO - [2026-03-09T06:55:23.100+0000] {dag.py:3239} INFO - Sync 1 DAGs
[2026-03-09T06:55:23.133+0000] {logging_mixin.py:190} INFO - [2026-03-09T06:55:23.133+0000] {dag.py:4180} INFO - Setting next_dagrun for 02_travel_gmaps_ingestion to 2026-03-08 14:00:00+00:00, run_after=2026-03-09 08:00:00+00:00
[2026-03-09T06:55:23.170+0000] {processor.py:208} INFO - Processing /opt/airflow/dags/02_travel_gmaps_ingestion.py took 0.164 seconds
[2026-03-09T06:55:53.607+0000] {processor.py:186} INFO - Started process (PID=2845) to work on /opt/airflow/dags/02_travel_gmaps_ingestion.py
[2026-03-09T06:55:53.609+0000] {processor.py:914} INFO - Processing file /opt/airflow/dags/02_travel_gmaps_ingestion.py for tasks to queue
[2026-03-09T06:55:53.614+0000] {logging_mixin.py:190} INFO - [2026-03-09T06:55:53.613+0000] {dagbag.py:588} INFO - Filling up the DagBag from /opt/airflow/dags/02_travel_gmaps_ingestion.py
[2026-03-09T06:55:53.636+0000] {processor.py:925} INFO - DAG(s) '02_travel_gmaps_ingestion' retrieved from /opt/airflow/dags/02_travel_gmaps_ingestion.py
[2026-03-09T06:55:53.673+0000] {logging_mixin.py:190} INFO - [2026-03-09T06:55:53.672+0000] {dag.py:3239} INFO - Sync 1 DAGs
[2026-03-09T06:55:53.707+0000] {logging_mixin.py:190} INFO - [2026-03-09T06:55:53.706+0000] {dag.py:4180} INFO - Setting next_dagrun for 02_travel_gmaps_ingestion to 2026-03-08 14:00:00+00:00, run_after=2026-03-09 08:00:00+00:00
[2026-03-09T06:55:53.743+0000] {processor.py:208} INFO - Processing /opt/airflow/dags/02_travel_gmaps_ingestion.py took 0.144 seconds
[2026-03-09T06:56:24.202+0000] {processor.py:186} INFO - Started process (PID=2860) to work on /opt/airflow/dags/02_travel_gmaps_ingestion.py
[2026-03-09T06:56:24.203+0000] {processor.py:914} INFO - Processing file /opt/airflow/dags/02_travel_gmaps_ingestion.py for tasks to queue
[2026-03-09T06:56:24.206+0000] {logging_mixin.py:190} INFO - [2026-03-09T06:56:24.205+0000] {dagbag.py:588} INFO - Filling up the DagBag from /opt/airflow/dags/02_travel_gmaps_ingestion.py
[2026-03-09T06:56:24.235+0000] {processor.py:925} INFO - DAG(s) '02_travel_gmaps_ingestion' retrieved from /opt/airflow/dags/02_travel_gmaps_ingestion.py
[2026-03-09T06:56:24.283+0000] {logging_mixin.py:190} INFO - [2026-03-09T06:56:24.283+0000] {dag.py:3239} INFO - Sync 1 DAGs
[2026-03-09T06:56:24.318+0000] {logging_mixin.py:190} INFO - [2026-03-09T06:56:24.317+0000] {dag.py:4180} INFO - Setting next_dagrun for 02_travel_gmaps_ingestion to 2026-03-08 14:00:00+00:00, run_after=2026-03-09 08:00:00+00:00
[2026-03-09T06:56:24.348+0000] {processor.py:208} INFO - Processing /opt/airflow/dags/02_travel_gmaps_ingestion.py took 0.155 seconds
[2026-03-09T06:56:54.818+0000] {processor.py:186} INFO - Started process (PID=2875) to work on /opt/airflow/dags/02_travel_gmaps_ingestion.py
[2026-03-09T06:56:54.819+0000] {processor.py:914} INFO - Processing file /opt/airflow/dags/02_travel_gmaps_ingestion.py for tasks to queue
[2026-03-09T06:56:54.822+0000] {logging_mixin.py:190} INFO - [2026-03-09T06:56:54.822+0000] {dagbag.py:588} INFO - Filling up the DagBag from /opt/airflow/dags/02_travel_gmaps_ingestion.py
[2026-03-09T06:56:54.851+0000] {processor.py:925} INFO - DAG(s) '02_travel_gmaps_ingestion' retrieved from /opt/airflow/dags/02_travel_gmaps_ingestion.py
[2026-03-09T06:56:54.888+0000] {logging_mixin.py:190} INFO - [2026-03-09T06:56:54.888+0000] {dag.py:3239} INFO - Sync 1 DAGs
[2026-03-09T06:56:54.929+0000] {logging_mixin.py:190} INFO - [2026-03-09T06:56:54.928+0000] {dag.py:4180} INFO - Setting next_dagrun for 02_travel_gmaps_ingestion to 2026-03-08 14:00:00+00:00, run_after=2026-03-09 08:00:00+00:00
[2026-03-09T06:56:54.964+0000] {processor.py:208} INFO - Processing /opt/airflow/dags/02_travel_gmaps_ingestion.py took 0.158 seconds
[2026-03-09T06:57:25.444+0000] {processor.py:186} INFO - Started process (PID=2890) to work on /opt/airflow/dags/02_travel_gmaps_ingestion.py
[2026-03-09T06:57:25.446+0000] {processor.py:914} INFO - Processing file /opt/airflow/dags/02_travel_gmaps_ingestion.py for tasks to queue
[2026-03-09T06:57:25.453+0000] {logging_mixin.py:190} INFO - [2026-03-09T06:57:25.451+0000] {dagbag.py:588} INFO - Filling up the DagBag from /opt/airflow/dags/02_travel_gmaps_ingestion.py
[2026-03-09T06:57:25.504+0000] {processor.py:925} INFO - DAG(s) '02_travel_gmaps_ingestion' retrieved from /opt/airflow/dags/02_travel_gmaps_ingestion.py
[2026-03-09T06:57:25.554+0000] {logging_mixin.py:190} INFO - [2026-03-09T06:57:25.554+0000] {dag.py:3239} INFO - Sync 1 DAGs
[2026-03-09T06:57:25.593+0000] {logging_mixin.py:190} INFO - [2026-03-09T06:57:25.593+0000] {dag.py:4180} INFO - Setting next_dagrun for 02_travel_gmaps_ingestion to 2026-03-08 14:00:00+00:00, run_after=2026-03-09 08:00:00+00:00
[2026-03-09T06:57:25.622+0000] {processor.py:208} INFO - Processing /opt/airflow/dags/02_travel_gmaps_ingestion.py took 0.193 seconds
[2026-03-09T06:57:56.037+0000] {processor.py:186} INFO - Started process (PID=2905) to work on /opt/airflow/dags/02_travel_gmaps_ingestion.py
[2026-03-09T06:57:56.038+0000] {processor.py:914} INFO - Processing file /opt/airflow/dags/02_travel_gmaps_ingestion.py for tasks to queue
[2026-03-09T06:57:56.044+0000] {logging_mixin.py:190} INFO - [2026-03-09T06:57:56.043+0000] {dagbag.py:588} INFO - Filling up the DagBag from /opt/airflow/dags/02_travel_gmaps_ingestion.py
[2026-03-09T06:57:56.079+0000] {processor.py:925} INFO - DAG(s) '02_travel_gmaps_ingestion' retrieved from /opt/airflow/dags/02_travel_gmaps_ingestion.py
[2026-03-09T06:57:56.124+0000] {logging_mixin.py:190} INFO - [2026-03-09T06:57:56.123+0000] {dag.py:3239} INFO - Sync 1 DAGs
[2026-03-09T06:57:56.165+0000] {logging_mixin.py:190} INFO - [2026-03-09T06:57:56.165+0000] {dag.py:4180} INFO - Setting next_dagrun for 02_travel_gmaps_ingestion to 2026-03-08 14:00:00+00:00, run_after=2026-03-09 08:00:00+00:00
[2026-03-09T06:57:56.202+0000] {processor.py:208} INFO - Processing /opt/airflow/dags/02_travel_gmaps_ingestion.py took 0.172 seconds
[2026-03-09T06:58:26.677+0000] {processor.py:186} INFO - Started process (PID=2920) to work on /opt/airflow/dags/02_travel_gmaps_ingestion.py
[2026-03-09T06:58:26.679+0000] {processor.py:914} INFO - Processing file /opt/airflow/dags/02_travel_gmaps_ingestion.py for tasks to queue
[2026-03-09T06:58:26.684+0000] {logging_mixin.py:190} INFO - [2026-03-09T06:58:26.683+0000] {dagbag.py:588} INFO - Filling up the DagBag from /opt/airflow/dags/02_travel_gmaps_ingestion.py
[2026-03-09T06:58:26.709+0000] {processor.py:925} INFO - DAG(s) '02_travel_gmaps_ingestion' retrieved from /opt/airflow/dags/02_travel_gmaps_ingestion.py
[2026-03-09T06:58:26.755+0000] {logging_mixin.py:190} INFO - [2026-03-09T06:58:26.755+0000] {dag.py:3239} INFO - Sync 1 DAGs
[2026-03-09T06:58:26.785+0000] {logging_mixin.py:190} INFO - [2026-03-09T06:58:26.785+0000] {dag.py:4180} INFO - Setting next_dagrun for 02_travel_gmaps_ingestion to 2026-03-08 14:00:00+00:00, run_after=2026-03-09 08:00:00+00:00
[2026-03-09T06:58:26.819+0000] {processor.py:208} INFO - Processing /opt/airflow/dags/02_travel_gmaps_ingestion.py took 0.149 seconds
[2026-03-09T06:58:57.271+0000] {processor.py:186} INFO - Started process (PID=2935) to work on /opt/airflow/dags/02_travel_gmaps_ingestion.py
[2026-03-09T06:58:57.274+0000] {processor.py:914} INFO - Processing file /opt/airflow/dags/02_travel_gmaps_ingestion.py for tasks to queue
[2026-03-09T06:58:57.279+0000] {logging_mixin.py:190} INFO - [2026-03-09T06:58:57.278+0000] {dagbag.py:588} INFO - Filling up the DagBag from /opt/airflow/dags/02_travel_gmaps_ingestion.py
[2026-03-09T06:58:57.313+0000] {processor.py:925} INFO - DAG(s) '02_travel_gmaps_ingestion' retrieved from /opt/airflow/dags/02_travel_gmaps_ingestion.py
[2026-03-09T06:58:57.358+0000] {logging_mixin.py:190} INFO - [2026-03-09T06:58:57.358+0000] {dag.py:3239} INFO - Sync 1 DAGs
[2026-03-09T06:58:57.395+0000] {logging_mixin.py:190} INFO - [2026-03-09T06:58:57.395+0000] {dag.py:4180} INFO - Setting next_dagrun for 02_travel_gmaps_ingestion to 2026-03-08 14:00:00+00:00, run_after=2026-03-09 08:00:00+00:00
[2026-03-09T06:58:57.426+0000] {processor.py:208} INFO - Processing /opt/airflow/dags/02_travel_gmaps_ingestion.py took 0.162 seconds
[2026-03-09T06:59:27.875+0000] {processor.py:186} INFO - Started process (PID=2950) to work on /opt/airflow/dags/02_travel_gmaps_ingestion.py
[2026-03-09T06:59:27.877+0000] {processor.py:914} INFO - Processing file /opt/airflow/dags/02_travel_gmaps_ingestion.py for tasks to queue
[2026-03-09T06:59:27.880+0000] {logging_mixin.py:190} INFO - [2026-03-09T06:59:27.879+0000] {dagbag.py:588} INFO - Filling up the DagBag from /opt/airflow/dags/02_travel_gmaps_ingestion.py
[2026-03-09T06:59:27.903+0000] {processor.py:925} INFO - DAG(s) '02_travel_gmaps_ingestion' retrieved from /opt/airflow/dags/02_travel_gmaps_ingestion.py
[2026-03-09T06:59:27.944+0000] {logging_mixin.py:190} INFO - [2026-03-09T06:59:27.943+0000] {dag.py:3239} INFO - Sync 1 DAGs
[2026-03-09T06:59:27.984+0000] {logging_mixin.py:190} INFO - [2026-03-09T06:59:27.984+0000] {dag.py:4180} INFO - Setting next_dagrun for 02_travel_gmaps_ingestion to 2026-03-08 14:00:00+00:00, run_after=2026-03-09 08:00:00+00:00
[2026-03-09T06:59:28.016+0000] {processor.py:208} INFO - Processing /opt/airflow/dags/02_travel_gmaps_ingestion.py took 0.147 seconds
[2026-03-09T06:59:58.471+0000] {processor.py:186} INFO - Started process (PID=2965) to work on /opt/airflow/dags/02_travel_gmaps_ingestion.py
[2026-03-09T06:59:58.473+0000] {processor.py:914} INFO - Processing file /opt/airflow/dags/02_travel_gmaps_ingestion.py for tasks to queue
[2026-03-09T06:59:58.481+0000] {logging_mixin.py:190} INFO - [2026-03-09T06:59:58.480+0000] {dagbag.py:588} INFO - Filling up the DagBag from /opt/airflow/dags/02_travel_gmaps_ingestion.py
[2026-03-09T06:59:58.514+0000] {processor.py:925} INFO - DAG(s) '02_travel_gmaps_ingestion' retrieved from /opt/airflow/dags/02_travel_gmaps_ingestion.py
[2026-03-09T06:59:58.559+0000] {logging_mixin.py:190} INFO - [2026-03-09T06:59:58.559+0000] {dag.py:3239} INFO - Sync 1 DAGs
[2026-03-09T06:59:58.595+0000] {logging_mixin.py:190} INFO - [2026-03-09T06:59:58.595+0000] {dag.py:4180} INFO - Setting next_dagrun for 02_travel_gmaps_ingestion to 2026-03-08 14:00:00+00:00, run_after=2026-03-09 08:00:00+00:00
[2026-03-09T06:59:58.625+0000] {processor.py:208} INFO - Processing /opt/airflow/dags/02_travel_gmaps_ingestion.py took 0.162 seconds
[2026-03-09T07:00:29.095+0000] {processor.py:186} INFO - Started process (PID=2980) to work on /opt/airflow/dags/02_travel_gmaps_ingestion.py
[2026-03-09T07:00:29.096+0000] {processor.py:914} INFO - Processing file /opt/airflow/dags/02_travel_gmaps_ingestion.py for tasks to queue
[2026-03-09T07:00:29.102+0000] {logging_mixin.py:190} INFO - [2026-03-09T07:00:29.101+0000] {dagbag.py:588} INFO - Filling up the DagBag from /opt/airflow/dags/02_travel_gmaps_ingestion.py
[2026-03-09T07:00:29.132+0000] {processor.py:925} INFO - DAG(s) '02_travel_gmaps_ingestion' retrieved from /opt/airflow/dags/02_travel_gmaps_ingestion.py
[2026-03-09T07:00:29.172+0000] {logging_mixin.py:190} INFO - [2026-03-09T07:00:29.171+0000] {dag.py:3239} INFO - Sync 1 DAGs
[2026-03-09T07:00:29.206+0000] {logging_mixin.py:190} INFO - [2026-03-09T07:00:29.205+0000] {dag.py:4180} INFO - Setting next_dagrun for 02_travel_gmaps_ingestion to 2026-03-08 14:00:00+00:00, run_after=2026-03-09 08:00:00+00:00
[2026-03-09T07:00:29.240+0000] {processor.py:208} INFO - Processing /opt/airflow/dags/02_travel_gmaps_ingestion.py took 0.155 seconds
[2026-03-09T07:00:59.667+0000] {processor.py:186} INFO - Started process (PID=2995) to work on /opt/airflow/dags/02_travel_gmaps_ingestion.py
[2026-03-09T07:00:59.668+0000] {processor.py:914} INFO - Processing file /opt/airflow/dags/02_travel_gmaps_ingestion.py for tasks to queue
[2026-03-09T07:00:59.675+0000] {logging_mixin.py:190} INFO - [2026-03-09T07:00:59.674+0000] {dagbag.py:588} INFO - Filling up the DagBag from /opt/airflow/dags/02_travel_gmaps_ingestion.py
[2026-03-09T07:00:59.712+0000] {processor.py:925} INFO - DAG(s) '02_travel_gmaps_ingestion' retrieved from /opt/airflow/dags/02_travel_gmaps_ingestion.py
[2026-03-09T07:00:59.752+0000] {logging_mixin.py:190} INFO - [2026-03-09T07:00:59.752+0000] {dag.py:3239} INFO - Sync 1 DAGs
[2026-03-09T07:00:59.793+0000] {logging_mixin.py:190} INFO - [2026-03-09T07:00:59.792+0000] {dag.py:4180} INFO - Setting next_dagrun for 02_travel_gmaps_ingestion to 2026-03-08 14:00:00+00:00, run_after=2026-03-09 08:00:00+00:00
[2026-03-09T07:00:59.829+0000] {processor.py:208} INFO - Processing /opt/airflow/dags/02_travel_gmaps_ingestion.py took 0.170 seconds
[2026-03-09T07:01:30.305+0000] {processor.py:186} INFO - Started process (PID=3010) to work on /opt/airflow/dags/02_travel_gmaps_ingestion.py
[2026-03-09T07:01:30.307+0000] {processor.py:914} INFO - Processing file /opt/airflow/dags/02_travel_gmaps_ingestion.py for tasks to queue
[2026-03-09T07:01:30.311+0000] {logging_mixin.py:190} INFO - [2026-03-09T07:01:30.310+0000] {dagbag.py:588} INFO - Filling up the DagBag from /opt/airflow/dags/02_travel_gmaps_ingestion.py
[2026-03-09T07:01:30.344+0000] {processor.py:925} INFO - DAG(s) '02_travel_gmaps_ingestion' retrieved from /opt/airflow/dags/02_travel_gmaps_ingestion.py
[2026-03-09T07:01:30.381+0000] {logging_mixin.py:190} INFO - [2026-03-09T07:01:30.380+0000] {dag.py:3239} INFO - Sync 1 DAGs
[2026-03-09T07:01:30.421+0000] {logging_mixin.py:190} INFO - [2026-03-09T07:01:30.420+0000] {dag.py:4180} INFO - Setting next_dagrun for 02_travel_gmaps_ingestion to 2026-03-08 14:00:00+00:00, run_after=2026-03-09 08:00:00+00:00
[2026-03-09T07:01:30.453+0000] {processor.py:208} INFO - Processing /opt/airflow/dags/02_travel_gmaps_ingestion.py took 0.154 seconds
[2026-03-09T07:02:00.895+0000] {processor.py:186} INFO - Started process (PID=3025) to work on /opt/airflow/dags/02_travel_gmaps_ingestion.py
[2026-03-09T07:02:00.897+0000] {processor.py:914} INFO - Processing file /opt/airflow/dags/02_travel_gmaps_ingestion.py for tasks to queue
[2026-03-09T07:02:00.901+0000] {logging_mixin.py:190} INFO - [2026-03-09T07:02:00.900+0000] {dagbag.py:588} INFO - Filling up the DagBag from /opt/airflow/dags/02_travel_gmaps_ingestion.py
[2026-03-09T07:02:00.931+0000] {processor.py:925} INFO - DAG(s) '02_travel_gmaps_ingestion' retrieved from /opt/airflow/dags/02_travel_gmaps_ingestion.py
[2026-03-09T07:02:00.964+0000] {logging_mixin.py:190} INFO - [2026-03-09T07:02:00.964+0000] {dag.py:3239} INFO - Sync 1 DAGs
[2026-03-09T07:02:00.999+0000] {logging_mixin.py:190} INFO - [2026-03-09T07:02:00.998+0000] {dag.py:4180} INFO - Setting next_dagrun for 02_travel_gmaps_ingestion to 2026-03-08 14:00:00+00:00, run_after=2026-03-09 08:00:00+00:00
[2026-03-09T07:02:01.033+0000] {processor.py:208} INFO - Processing /opt/airflow/dags/02_travel_gmaps_ingestion.py took 0.145 seconds
[2026-03-09T07:02:31.471+0000] {processor.py:186} INFO - Started process (PID=3040) to work on /opt/airflow/dags/02_travel_gmaps_ingestion.py
[2026-03-09T07:02:31.473+0000] {processor.py:914} INFO - Processing file /opt/airflow/dags/02_travel_gmaps_ingestion.py for tasks to queue
[2026-03-09T07:02:31.475+0000] {logging_mixin.py:190} INFO - [2026-03-09T07:02:31.475+0000] {dagbag.py:588} INFO - Filling up the DagBag from /opt/airflow/dags/02_travel_gmaps_ingestion.py
[2026-03-09T07:02:31.504+0000] {processor.py:925} INFO - DAG(s) '02_travel_gmaps_ingestion' retrieved from /opt/airflow/dags/02_travel_gmaps_ingestion.py
[2026-03-09T07:02:31.547+0000] {logging_mixin.py:190} INFO - [2026-03-09T07:02:31.546+0000] {dag.py:3239} INFO - Sync 1 DAGs
[2026-03-09T07:02:31.590+0000] {logging_mixin.py:190} INFO - [2026-03-09T07:02:31.590+0000] {dag.py:4180} INFO - Setting next_dagrun for 02_travel_gmaps_ingestion to 2026-03-08 14:00:00+00:00, run_after=2026-03-09 08:00:00+00:00
[2026-03-09T07:02:31.659+0000] {processor.py:208} INFO - Processing /opt/airflow/dags/02_travel_gmaps_ingestion.py took 0.195 seconds
[2026-03-09T07:03:02.209+0000] {processor.py:186} INFO - Started process (PID=3055) to work on /opt/airflow/dags/02_travel_gmaps_ingestion.py
[2026-03-09T07:03:02.211+0000] {processor.py:914} INFO - Processing file /opt/airflow/dags/02_travel_gmaps_ingestion.py for tasks to queue
[2026-03-09T07:03:02.216+0000] {logging_mixin.py:190} INFO - [2026-03-09T07:03:02.216+0000] {dagbag.py:588} INFO - Filling up the DagBag from /opt/airflow/dags/02_travel_gmaps_ingestion.py
[2026-03-09T07:03:02.252+0000] {processor.py:925} INFO - DAG(s) '02_travel_gmaps_ingestion' retrieved from /opt/airflow/dags/02_travel_gmaps_ingestion.py
[2026-03-09T07:03:02.295+0000] {logging_mixin.py:190} INFO - [2026-03-09T07:03:02.295+0000] {dag.py:3239} INFO - Sync 1 DAGs
[2026-03-09T07:03:02.336+0000] {logging_mixin.py:190} INFO - [2026-03-09T07:03:02.335+0000] {dag.py:4180} INFO - Setting next_dagrun for 02_travel_gmaps_ingestion to 2026-03-08 14:00:00+00:00, run_after=2026-03-09 08:00:00+00:00
[2026-03-09T07:03:02.372+0000] {processor.py:208} INFO - Processing /opt/airflow/dags/02_travel_gmaps_ingestion.py took 0.176 seconds
[2026-03-09T07:03:32.857+0000] {processor.py:186} INFO - Started process (PID=3070) to work on /opt/airflow/dags/02_travel_gmaps_ingestion.py
[2026-03-09T07:03:32.859+0000] {processor.py:914} INFO - Processing file /opt/airflow/dags/02_travel_gmaps_ingestion.py for tasks to queue
[2026-03-09T07:03:32.866+0000] {logging_mixin.py:190} INFO - [2026-03-09T07:03:32.865+0000] {dagbag.py:588} INFO - Filling up the DagBag from /opt/airflow/dags/02_travel_gmaps_ingestion.py
[2026-03-09T07:03:32.891+0000] {processor.py:925} INFO - DAG(s) '02_travel_gmaps_ingestion' retrieved from /opt/airflow/dags/02_travel_gmaps_ingestion.py
[2026-03-09T07:03:32.928+0000] {logging_mixin.py:190} INFO - [2026-03-09T07:03:32.928+0000] {dag.py:3239} INFO - Sync 1 DAGs
[2026-03-09T07:03:32.967+0000] {logging_mixin.py:190} INFO - [2026-03-09T07:03:32.967+0000] {dag.py:4180} INFO - Setting next_dagrun for 02_travel_gmaps_ingestion to 2026-03-08 14:00:00+00:00, run_after=2026-03-09 08:00:00+00:00
[2026-03-09T07:03:33.001+0000] {processor.py:208} INFO - Processing /opt/airflow/dags/02_travel_gmaps_ingestion.py took 0.151 seconds
[2026-03-09T07:04:03.460+0000] {processor.py:186} INFO - Started process (PID=3085) to work on /opt/airflow/dags/02_travel_gmaps_ingestion.py
[2026-03-09T07:04:03.462+0000] {processor.py:914} INFO - Processing file /opt/airflow/dags/02_travel_gmaps_ingestion.py for tasks to queue
[2026-03-09T07:04:03.467+0000] {logging_mixin.py:190} INFO - [2026-03-09T07:04:03.466+0000] {dagbag.py:588} INFO - Filling up the DagBag from /opt/airflow/dags/02_travel_gmaps_ingestion.py
[2026-03-09T07:04:03.538+0000] {processor.py:925} INFO - DAG(s) '02_travel_gmaps_ingestion' retrieved from /opt/airflow/dags/02_travel_gmaps_ingestion.py
[2026-03-09T07:04:03.597+0000] {logging_mixin.py:190} INFO - [2026-03-09T07:04:03.597+0000] {dag.py:3239} INFO - Sync 1 DAGs
[2026-03-09T07:04:03.642+0000] {logging_mixin.py:190} INFO - [2026-03-09T07:04:03.641+0000] {dag.py:4180} INFO - Setting next_dagrun for 02_travel_gmaps_ingestion to 2026-03-08 14:00:00+00:00, run_after=2026-03-09 08:00:00+00:00
[2026-03-09T07:04:03.683+0000] {processor.py:208} INFO - Processing /opt/airflow/dags/02_travel_gmaps_ingestion.py took 0.231 seconds
[2026-03-09T07:04:34.125+0000] {processor.py:186} INFO - Started process (PID=3100) to work on /opt/airflow/dags/02_travel_gmaps_ingestion.py
[2026-03-09T07:04:34.127+0000] {processor.py:914} INFO - Processing file /opt/airflow/dags/02_travel_gmaps_ingestion.py for tasks to queue
[2026-03-09T07:04:34.130+0000] {logging_mixin.py:190} INFO - [2026-03-09T07:04:34.130+0000] {dagbag.py:588} INFO - Filling up the DagBag from /opt/airflow/dags/02_travel_gmaps_ingestion.py
[2026-03-09T07:04:34.154+0000] {processor.py:925} INFO - DAG(s) '02_travel_gmaps_ingestion' retrieved from /opt/airflow/dags/02_travel_gmaps_ingestion.py
[2026-03-09T07:04:34.196+0000] {logging_mixin.py:190} INFO - [2026-03-09T07:04:34.196+0000] {dag.py:3239} INFO - Sync 1 DAGs
[2026-03-09T07:04:34.242+0000] {logging_mixin.py:190} INFO - [2026-03-09T07:04:34.242+0000] {dag.py:4180} INFO - Setting next_dagrun for 02_travel_gmaps_ingestion to 2026-03-08 14:00:00+00:00, run_after=2026-03-09 08:00:00+00:00
[2026-03-09T07:04:34.280+0000] {processor.py:208} INFO - Processing /opt/airflow/dags/02_travel_gmaps_ingestion.py took 0.162 seconds
[2026-03-09T07:05:04.732+0000] {processor.py:186} INFO - Started process (PID=3115) to work on /opt/airflow/dags/02_travel_gmaps_ingestion.py
[2026-03-09T07:05:04.734+0000] {processor.py:914} INFO - Processing file /opt/airflow/dags/02_travel_gmaps_ingestion.py for tasks to queue
[2026-03-09T07:05:04.738+0000] {logging_mixin.py:190} INFO - [2026-03-09T07:05:04.738+0000] {dagbag.py:588} INFO - Filling up the DagBag from /opt/airflow/dags/02_travel_gmaps_ingestion.py
[2026-03-09T07:05:04.763+0000] {processor.py:925} INFO - DAG(s) '02_travel_gmaps_ingestion' retrieved from /opt/airflow/dags/02_travel_gmaps_ingestion.py
[2026-03-09T07:05:04.803+0000] {logging_mixin.py:190} INFO - [2026-03-09T07:05:04.803+0000] {dag.py:3239} INFO - Sync 1 DAGs
[2026-03-09T07:05:04.841+0000] {logging_mixin.py:190} INFO - [2026-03-09T07:05:04.841+0000] {dag.py:4180} INFO - Setting next_dagrun for 02_travel_gmaps_ingestion to 2026-03-08 14:00:00+00:00, run_after=2026-03-09 08:00:00+00:00
[2026-03-09T07:05:04.876+0000] {processor.py:208} INFO - Processing /opt/airflow/dags/02_travel_gmaps_ingestion.py took 0.156 seconds
[2026-03-09T07:05:35.354+0000] {processor.py:186} INFO - Started process (PID=3130) to work on /opt/airflow/dags/02_travel_gmaps_ingestion.py
[2026-03-09T07:05:35.356+0000] {processor.py:914} INFO - Processing file /opt/airflow/dags/02_travel_gmaps_ingestion.py for tasks to queue
[2026-03-09T07:05:35.358+0000] {logging_mixin.py:190} INFO - [2026-03-09T07:05:35.358+0000] {dagbag.py:588} INFO - Filling up the DagBag from /opt/airflow/dags/02_travel_gmaps_ingestion.py
[2026-03-09T07:05:35.379+0000] {processor.py:925} INFO - DAG(s) '02_travel_gmaps_ingestion' retrieved from /opt/airflow/dags/02_travel_gmaps_ingestion.py
[2026-03-09T07:05:35.415+0000] {logging_mixin.py:190} INFO - [2026-03-09T07:05:35.415+0000] {dag.py:3239} INFO - Sync 1 DAGs
[2026-03-09T07:05:35.451+0000] {logging_mixin.py:190} INFO - [2026-03-09T07:05:35.451+0000] {dag.py:4180} INFO - Setting next_dagrun for 02_travel_gmaps_ingestion to 2026-03-08 14:00:00+00:00, run_after=2026-03-09 08:00:00+00:00
[2026-03-09T07:05:35.484+0000] {processor.py:208} INFO - Processing /opt/airflow/dags/02_travel_gmaps_ingestion.py took 0.137 seconds
[2026-03-09T07:06:06.040+0000] {processor.py:186} INFO - Started process (PID=3145) to work on /opt/airflow/dags/02_travel_gmaps_ingestion.py
[2026-03-09T07:06:06.043+0000] {processor.py:914} INFO - Processing file /opt/airflow/dags/02_travel_gmaps_ingestion.py for tasks to queue
[2026-03-09T07:06:06.048+0000] {logging_mixin.py:190} INFO - [2026-03-09T07:06:06.047+0000] {dagbag.py:588} INFO - Filling up the DagBag from /opt/airflow/dags/02_travel_gmaps_ingestion.py
[2026-03-09T07:06:06.085+0000] {processor.py:925} INFO - DAG(s) '02_travel_gmaps_ingestion' retrieved from /opt/airflow/dags/02_travel_gmaps_ingestion.py
[2026-03-09T07:06:06.149+0000] {logging_mixin.py:190} INFO - [2026-03-09T07:06:06.148+0000] {dag.py:3239} INFO - Sync 1 DAGs
[2026-03-09T07:06:06.197+0000] {logging_mixin.py:190} INFO - [2026-03-09T07:06:06.196+0000] {dag.py:4180} INFO - Setting next_dagrun for 02_travel_gmaps_ingestion to 2026-03-08 14:00:00+00:00, run_after=2026-03-09 08:00:00+00:00
[2026-03-09T07:06:06.242+0000] {processor.py:208} INFO - Processing /opt/airflow/dags/02_travel_gmaps_ingestion.py took 0.221 seconds
[2026-03-09T07:06:36.733+0000] {processor.py:186} INFO - Started process (PID=3160) to work on /opt/airflow/dags/02_travel_gmaps_ingestion.py
[2026-03-09T07:06:36.734+0000] {processor.py:914} INFO - Processing file /opt/airflow/dags/02_travel_gmaps_ingestion.py for tasks to queue
[2026-03-09T07:06:36.737+0000] {logging_mixin.py:190} INFO - [2026-03-09T07:06:36.736+0000] {dagbag.py:588} INFO - Filling up the DagBag from /opt/airflow/dags/02_travel_gmaps_ingestion.py
[2026-03-09T07:06:36.760+0000] {processor.py:925} INFO - DAG(s) '02_travel_gmaps_ingestion' retrieved from /opt/airflow/dags/02_travel_gmaps_ingestion.py
[2026-03-09T07:06:36.799+0000] {logging_mixin.py:190} INFO - [2026-03-09T07:06:36.798+0000] {dag.py:3239} INFO - Sync 1 DAGs
[2026-03-09T07:06:36.836+0000] {logging_mixin.py:190} INFO - [2026-03-09T07:06:36.835+0000] {dag.py:4180} INFO - Setting next_dagrun for 02_travel_gmaps_ingestion to 2026-03-08 14:00:00+00:00, run_after=2026-03-09 08:00:00+00:00
[2026-03-09T07:06:36.875+0000] {processor.py:208} INFO - Processing /opt/airflow/dags/02_travel_gmaps_ingestion.py took 0.149 seconds
[2026-03-09T07:07:07.313+0000] {processor.py:186} INFO - Started process (PID=3175) to work on /opt/airflow/dags/02_travel_gmaps_ingestion.py
[2026-03-09T07:07:07.315+0000] {processor.py:914} INFO - Processing file /opt/airflow/dags/02_travel_gmaps_ingestion.py for tasks to queue
[2026-03-09T07:07:07.318+0000] {logging_mixin.py:190} INFO - [2026-03-09T07:07:07.317+0000] {dagbag.py:588} INFO - Filling up the DagBag from /opt/airflow/dags/02_travel_gmaps_ingestion.py
[2026-03-09T07:07:07.343+0000] {processor.py:925} INFO - DAG(s) '02_travel_gmaps_ingestion' retrieved from /opt/airflow/dags/02_travel_gmaps_ingestion.py
[2026-03-09T07:07:07.384+0000] {logging_mixin.py:190} INFO - [2026-03-09T07:07:07.384+0000] {dag.py:3239} INFO - Sync 1 DAGs
[2026-03-09T07:07:07.422+0000] {logging_mixin.py:190} INFO - [2026-03-09T07:07:07.421+0000] {dag.py:4180} INFO - Setting next_dagrun for 02_travel_gmaps_ingestion to 2026-03-08 14:00:00+00:00, run_after=2026-03-09 08:00:00+00:00
[2026-03-09T07:07:07.459+0000] {processor.py:208} INFO - Processing /opt/airflow/dags/02_travel_gmaps_ingestion.py took 0.152 seconds
[2026-03-09T07:07:37.922+0000] {processor.py:186} INFO - Started process (PID=3190) to work on /opt/airflow/dags/02_travel_gmaps_ingestion.py
[2026-03-09T07:07:37.925+0000] {processor.py:914} INFO - Processing file /opt/airflow/dags/02_travel_gmaps_ingestion.py for tasks to queue
[2026-03-09T07:07:37.929+0000] {logging_mixin.py:190} INFO - [2026-03-09T07:07:37.929+0000] {dagbag.py:588} INFO - Filling up the DagBag from /opt/airflow/dags/02_travel_gmaps_ingestion.py
[2026-03-09T07:07:37.970+0000] {processor.py:925} INFO - DAG(s) '02_travel_gmaps_ingestion' retrieved from /opt/airflow/dags/02_travel_gmaps_ingestion.py
[2026-03-09T07:07:38.013+0000] {logging_mixin.py:190} INFO - [2026-03-09T07:07:38.013+0000] {dag.py:3239} INFO - Sync 1 DAGs
[2026-03-09T07:07:38.056+0000] {logging_mixin.py:190} INFO - [2026-03-09T07:07:38.055+0000] {dag.py:4180} INFO - Setting next_dagrun for 02_travel_gmaps_ingestion to 2026-03-08 14:00:00+00:00, run_after=2026-03-09 08:00:00+00:00
[2026-03-09T07:07:38.091+0000] {processor.py:208} INFO - Processing /opt/airflow/dags/02_travel_gmaps_ingestion.py took 0.179 seconds
[2026-03-09T07:08:08.602+0000] {processor.py:186} INFO - Started process (PID=3205) to work on /opt/airflow/dags/02_travel_gmaps_ingestion.py
[2026-03-09T07:08:08.604+0000] {processor.py:914} INFO - Processing file /opt/airflow/dags/02_travel_gmaps_ingestion.py for tasks to queue
[2026-03-09T07:08:08.606+0000] {logging_mixin.py:190} INFO - [2026-03-09T07:08:08.606+0000] {dagbag.py:588} INFO - Filling up the DagBag from /opt/airflow/dags/02_travel_gmaps_ingestion.py
[2026-03-09T07:08:08.631+0000] {processor.py:925} INFO - DAG(s) '02_travel_gmaps_ingestion' retrieved from /opt/airflow/dags/02_travel_gmaps_ingestion.py
[2026-03-09T07:08:08.680+0000] {logging_mixin.py:190} INFO - [2026-03-09T07:08:08.680+0000] {dag.py:3239} INFO - Sync 1 DAGs
[2026-03-09T07:08:08.714+0000] {logging_mixin.py:190} INFO - [2026-03-09T07:08:08.714+0000] {dag.py:4180} INFO - Setting next_dagrun for 02_travel_gmaps_ingestion to 2026-03-08 14:00:00+00:00, run_after=2026-03-09 08:00:00+00:00
[2026-03-09T07:08:08.746+0000] {processor.py:208} INFO - Processing /opt/airflow/dags/02_travel_gmaps_ingestion.py took 0.150 seconds
[2026-03-09T07:08:39.192+0000] {processor.py:186} INFO - Started process (PID=3220) to work on /opt/airflow/dags/02_travel_gmaps_ingestion.py
[2026-03-09T07:08:39.193+0000] {processor.py:914} INFO - Processing file /opt/airflow/dags/02_travel_gmaps_ingestion.py for tasks to queue
[2026-03-09T07:08:39.196+0000] {logging_mixin.py:190} INFO - [2026-03-09T07:08:39.195+0000] {dagbag.py:588} INFO - Filling up the DagBag from /opt/airflow/dags/02_travel_gmaps_ingestion.py
[2026-03-09T07:08:39.222+0000] {processor.py:925} INFO - DAG(s) '02_travel_gmaps_ingestion' retrieved from /opt/airflow/dags/02_travel_gmaps_ingestion.py
[2026-03-09T07:08:39.260+0000] {logging_mixin.py:190} INFO - [2026-03-09T07:08:39.260+0000] {dag.py:3239} INFO - Sync 1 DAGs
[2026-03-09T07:08:39.298+0000] {logging_mixin.py:190} INFO - [2026-03-09T07:08:39.298+0000] {dag.py:4180} INFO - Setting next_dagrun for 02_travel_gmaps_ingestion to 2026-03-08 14:00:00+00:00, run_after=2026-03-09 08:00:00+00:00
[2026-03-09T07:08:39.335+0000] {processor.py:208} INFO - Processing /opt/airflow/dags/02_travel_gmaps_ingestion.py took 0.151 seconds
[2026-03-09T07:09:09.806+0000] {processor.py:186} INFO - Started process (PID=3235) to work on /opt/airflow/dags/02_travel_gmaps_ingestion.py
[2026-03-09T07:09:09.808+0000] {processor.py:914} INFO - Processing file /opt/airflow/dags/02_travel_gmaps_ingestion.py for tasks to queue
[2026-03-09T07:09:09.811+0000] {logging_mixin.py:190} INFO - [2026-03-09T07:09:09.810+0000] {dagbag.py:588} INFO - Filling up the DagBag from /opt/airflow/dags/02_travel_gmaps_ingestion.py
[2026-03-09T07:09:09.839+0000] {processor.py:925} INFO - DAG(s) '02_travel_gmaps_ingestion' retrieved from /opt/airflow/dags/02_travel_gmaps_ingestion.py
[2026-03-09T07:09:09.886+0000] {logging_mixin.py:190} INFO - [2026-03-09T07:09:09.885+0000] {dag.py:3239} INFO - Sync 1 DAGs
[2026-03-09T07:09:09.923+0000] {logging_mixin.py:190} INFO - [2026-03-09T07:09:09.923+0000] {dag.py:4180} INFO - Setting next_dagrun for 02_travel_gmaps_ingestion to 2026-03-08 14:00:00+00:00, run_after=2026-03-09 08:00:00+00:00
[2026-03-09T07:09:09.972+0000] {processor.py:208} INFO - Processing /opt/airflow/dags/02_travel_gmaps_ingestion.py took 0.173 seconds
[2026-03-09T07:09:40.418+0000] {processor.py:186} INFO - Started process (PID=3250) to work on /opt/airflow/dags/02_travel_gmaps_ingestion.py
[2026-03-09T07:09:40.420+0000] {processor.py:914} INFO - Processing file /opt/airflow/dags/02_travel_gmaps_ingestion.py for tasks to queue
[2026-03-09T07:09:40.424+0000] {logging_mixin.py:190} INFO - [2026-03-09T07:09:40.423+0000] {dagbag.py:588} INFO - Filling up the DagBag from /opt/airflow/dags/02_travel_gmaps_ingestion.py
[2026-03-09T07:09:40.455+0000] {processor.py:925} INFO - DAG(s) '02_travel_gmaps_ingestion' retrieved from /opt/airflow/dags/02_travel_gmaps_ingestion.py
[2026-03-09T07:09:40.500+0000] {logging_mixin.py:190} INFO - [2026-03-09T07:09:40.499+0000] {dag.py:3239} INFO - Sync 1 DAGs
[2026-03-09T07:09:40.574+0000] {logging_mixin.py:190} INFO - [2026-03-09T07:09:40.574+0000] {dag.py:4180} INFO - Setting next_dagrun for 02_travel_gmaps_ingestion to 2026-03-08 14:00:00+00:00, run_after=2026-03-09 08:00:00+00:00
[2026-03-09T07:09:40.643+0000] {processor.py:208} INFO - Processing /opt/airflow/dags/02_travel_gmaps_ingestion.py took 0.237 seconds
[2026-03-09T07:10:11.176+0000] {processor.py:186} INFO - Started process (PID=3265) to work on /opt/airflow/dags/02_travel_gmaps_ingestion.py
[2026-03-09T07:10:11.178+0000] {processor.py:914} INFO - Processing file /opt/airflow/dags/02_travel_gmaps_ingestion.py for tasks to queue
[2026-03-09T07:10:11.183+0000] {logging_mixin.py:190} INFO - [2026-03-09T07:10:11.182+0000] {dagbag.py:588} INFO - Filling up the DagBag from /opt/airflow/dags/02_travel_gmaps_ingestion.py
[2026-03-09T07:10:11.217+0000] {processor.py:925} INFO - DAG(s) '02_travel_gmaps_ingestion' retrieved from /opt/airflow/dags/02_travel_gmaps_ingestion.py
[2026-03-09T07:10:11.259+0000] {logging_mixin.py:190} INFO - [2026-03-09T07:10:11.259+0000] {dag.py:3239} INFO - Sync 1 DAGs
[2026-03-09T07:10:11.294+0000] {logging_mixin.py:190} INFO - [2026-03-09T07:10:11.294+0000] {dag.py:4180} INFO - Setting next_dagrun for 02_travel_gmaps_ingestion to 2026-03-08 14:00:00+00:00, run_after=2026-03-09 08:00:00+00:00
[2026-03-09T07:10:11.331+0000] {processor.py:208} INFO - Processing /opt/airflow/dags/02_travel_gmaps_ingestion.py took 0.166 seconds
[2026-03-09T07:10:41.779+0000] {processor.py:186} INFO - Started process (PID=3280) to work on /opt/airflow/dags/02_travel_gmaps_ingestion.py
[2026-03-09T07:10:41.780+0000] {processor.py:914} INFO - Processing file /opt/airflow/dags/02_travel_gmaps_ingestion.py for tasks to queue
[2026-03-09T07:10:41.784+0000] {logging_mixin.py:190} INFO - [2026-03-09T07:10:41.784+0000] {dagbag.py:588} INFO - Filling up the DagBag from /opt/airflow/dags/02_travel_gmaps_ingestion.py
[2026-03-09T07:10:41.809+0000] {processor.py:925} INFO - DAG(s) '02_travel_gmaps_ingestion' retrieved from /opt/airflow/dags/02_travel_gmaps_ingestion.py
[2026-03-09T07:10:41.850+0000] {logging_mixin.py:190} INFO - [2026-03-09T07:10:41.850+0000] {dag.py:3239} INFO - Sync 1 DAGs
[2026-03-09T07:10:41.888+0000] {logging_mixin.py:190} INFO - [2026-03-09T07:10:41.888+0000] {dag.py:4180} INFO - Setting next_dagrun for 02_travel_gmaps_ingestion to 2026-03-08 14:00:00+00:00, run_after=2026-03-09 08:00:00+00:00
[2026-03-09T07:10:41.923+0000] {processor.py:208} INFO - Processing /opt/airflow/dags/02_travel_gmaps_ingestion.py took 0.151 seconds
[2026-03-09T07:11:12.356+0000] {processor.py:186} INFO - Started process (PID=3295) to work on /opt/airflow/dags/02_travel_gmaps_ingestion.py
[2026-03-09T07:11:12.357+0000] {processor.py:914} INFO - Processing file /opt/airflow/dags/02_travel_gmaps_ingestion.py for tasks to queue
[2026-03-09T07:11:12.362+0000] {logging_mixin.py:190} INFO - [2026-03-09T07:11:12.361+0000] {dagbag.py:588} INFO - Filling up the DagBag from /opt/airflow/dags/02_travel_gmaps_ingestion.py
[2026-03-09T07:11:12.384+0000] {processor.py:925} INFO - DAG(s) '02_travel_gmaps_ingestion' retrieved from /opt/airflow/dags/02_travel_gmaps_ingestion.py
[2026-03-09T07:11:12.419+0000] {logging_mixin.py:190} INFO - [2026-03-09T07:11:12.419+0000] {dag.py:3239} INFO - Sync 1 DAGs
[2026-03-09T07:11:12.457+0000] {logging_mixin.py:190} INFO - [2026-03-09T07:11:12.456+0000] {dag.py:4180} INFO - Setting next_dagrun for 02_travel_gmaps_ingestion to 2026-03-08 14:00:00+00:00, run_after=2026-03-09 08:00:00+00:00
[2026-03-09T07:11:12.494+0000] {processor.py:208} INFO - Processing /opt/airflow/dags/02_travel_gmaps_ingestion.py took 0.145 seconds
[2026-03-09T07:11:43.013+0000] {processor.py:186} INFO - Started process (PID=3310) to work on /opt/airflow/dags/02_travel_gmaps_ingestion.py
[2026-03-09T07:11:43.015+0000] {processor.py:914} INFO - Processing file /opt/airflow/dags/02_travel_gmaps_ingestion.py for tasks to queue
[2026-03-09T07:11:43.020+0000] {logging_mixin.py:190} INFO - [2026-03-09T07:11:43.019+0000] {dagbag.py:588} INFO - Filling up the DagBag from /opt/airflow/dags/02_travel_gmaps_ingestion.py
[2026-03-09T07:11:43.055+0000] {processor.py:925} INFO - DAG(s) '02_travel_gmaps_ingestion' retrieved from /opt/airflow/dags/02_travel_gmaps_ingestion.py
[2026-03-09T07:11:43.095+0000] {logging_mixin.py:190} INFO - [2026-03-09T07:11:43.095+0000] {dag.py:3239} INFO - Sync 1 DAGs
[2026-03-09T07:11:43.131+0000] {logging_mixin.py:190} INFO - [2026-03-09T07:11:43.131+0000] {dag.py:4180} INFO - Setting next_dagrun for 02_travel_gmaps_ingestion to 2026-03-08 14:00:00+00:00, run_after=2026-03-09 08:00:00+00:00
[2026-03-09T07:11:43.169+0000] {processor.py:208} INFO - Processing /opt/airflow/dags/02_travel_gmaps_ingestion.py took 0.169 seconds
[2026-03-09T07:12:13.680+0000] {processor.py:186} INFO - Started process (PID=3325) to work on /opt/airflow/dags/02_travel_gmaps_ingestion.py
[2026-03-09T07:12:13.681+0000] {processor.py:914} INFO - Processing file /opt/airflow/dags/02_travel_gmaps_ingestion.py for tasks to queue
[2026-03-09T07:12:13.685+0000] {logging_mixin.py:190} INFO - [2026-03-09T07:12:13.684+0000] {dagbag.py:588} INFO - Filling up the DagBag from /opt/airflow/dags/02_travel_gmaps_ingestion.py
[2026-03-09T07:12:13.722+0000] {processor.py:925} INFO - DAG(s) '02_travel_gmaps_ingestion' retrieved from /opt/airflow/dags/02_travel_gmaps_ingestion.py
[2026-03-09T07:12:13.767+0000] {logging_mixin.py:190} INFO - [2026-03-09T07:12:13.767+0000] {dag.py:3239} INFO - Sync 1 DAGs
[2026-03-09T07:12:13.803+0000] {logging_mixin.py:190} INFO - [2026-03-09T07:12:13.803+0000] {dag.py:4180} INFO - Setting next_dagrun for 02_travel_gmaps_ingestion to 2026-03-08 14:00:00+00:00, run_after=2026-03-09 08:00:00+00:00
[2026-03-09T07:12:13.838+0000] {processor.py:208} INFO - Processing /opt/airflow/dags/02_travel_gmaps_ingestion.py took 0.168 seconds
[2026-03-09T07:12:44.295+0000] {processor.py:186} INFO - Started process (PID=3340) to work on /opt/airflow/dags/02_travel_gmaps_ingestion.py
[2026-03-09T07:12:44.296+0000] {processor.py:914} INFO - Processing file /opt/airflow/dags/02_travel_gmaps_ingestion.py for tasks to queue
[2026-03-09T07:12:44.299+0000] {logging_mixin.py:190} INFO - [2026-03-09T07:12:44.298+0000] {dagbag.py:588} INFO - Filling up the DagBag from /opt/airflow/dags/02_travel_gmaps_ingestion.py
[2026-03-09T07:12:44.325+0000] {processor.py:925} INFO - DAG(s) '02_travel_gmaps_ingestion' retrieved from /opt/airflow/dags/02_travel_gmaps_ingestion.py
[2026-03-09T07:12:44.364+0000] {logging_mixin.py:190} INFO - [2026-03-09T07:12:44.363+0000] {dag.py:3239} INFO - Sync 1 DAGs
[2026-03-09T07:12:44.399+0000] {logging_mixin.py:190} INFO - [2026-03-09T07:12:44.399+0000] {dag.py:4180} INFO - Setting next_dagrun for 02_travel_gmaps_ingestion to 2026-03-08 14:00:00+00:00, run_after=2026-03-09 08:00:00+00:00
[2026-03-09T07:12:44.432+0000] {processor.py:208} INFO - Processing /opt/airflow/dags/02_travel_gmaps_ingestion.py took 0.143 seconds
[2026-03-09T07:13:14.924+0000] {processor.py:186} INFO - Started process (PID=3355) to work on /opt/airflow/dags/02_travel_gmaps_ingestion.py
[2026-03-09T07:13:14.926+0000] {processor.py:914} INFO - Processing file /opt/airflow/dags/02_travel_gmaps_ingestion.py for tasks to queue
[2026-03-09T07:13:14.929+0000] {logging_mixin.py:190} INFO - [2026-03-09T07:13:14.929+0000] {dagbag.py:588} INFO - Filling up the DagBag from /opt/airflow/dags/02_travel_gmaps_ingestion.py
[2026-03-09T07:13:14.955+0000] {processor.py:925} INFO - DAG(s) '02_travel_gmaps_ingestion' retrieved from /opt/airflow/dags/02_travel_gmaps_ingestion.py
[2026-03-09T07:13:14.998+0000] {logging_mixin.py:190} INFO - [2026-03-09T07:13:14.998+0000] {dag.py:3239} INFO - Sync 1 DAGs
[2026-03-09T07:13:15.031+0000] {logging_mixin.py:190} INFO - [2026-03-09T07:13:15.031+0000] {dag.py:4180} INFO - Setting next_dagrun for 02_travel_gmaps_ingestion to 2026-03-08 14:00:00+00:00, run_after=2026-03-09 08:00:00+00:00
[2026-03-09T07:13:15.063+0000] {processor.py:208} INFO - Processing /opt/airflow/dags/02_travel_gmaps_ingestion.py took 0.148 seconds
[2026-03-09T07:13:45.517+0000] {processor.py:186} INFO - Started process (PID=3370) to work on /opt/airflow/dags/02_travel_gmaps_ingestion.py
[2026-03-09T07:13:45.518+0000] {processor.py:914} INFO - Processing file /opt/airflow/dags/02_travel_gmaps_ingestion.py for tasks to queue
[2026-03-09T07:13:45.522+0000] {logging_mixin.py:190} INFO - [2026-03-09T07:13:45.522+0000] {dagbag.py:588} INFO - Filling up the DagBag from /opt/airflow/dags/02_travel_gmaps_ingestion.py
[2026-03-09T07:13:45.551+0000] {processor.py:925} INFO - DAG(s) '02_travel_gmaps_ingestion' retrieved from /opt/airflow/dags/02_travel_gmaps_ingestion.py
[2026-03-09T07:13:45.596+0000] {logging_mixin.py:190} INFO - [2026-03-09T07:13:45.596+0000] {dag.py:3239} INFO - Sync 1 DAGs
[2026-03-09T07:13:45.633+0000] {logging_mixin.py:190} INFO - [2026-03-09T07:13:45.633+0000] {dag.py:4180} INFO - Setting next_dagrun for 02_travel_gmaps_ingestion to 2026-03-08 14:00:00+00:00, run_after=2026-03-09 08:00:00+00:00
[2026-03-09T07:13:45.667+0000] {processor.py:208} INFO - Processing /opt/airflow/dags/02_travel_gmaps_ingestion.py took 0.157 seconds
[2026-03-09T07:14:16.085+0000] {processor.py:186} INFO - Started process (PID=3385) to work on /opt/airflow/dags/02_travel_gmaps_ingestion.py
[2026-03-09T07:14:16.087+0000] {processor.py:914} INFO - Processing file /opt/airflow/dags/02_travel_gmaps_ingestion.py for tasks to queue
[2026-03-09T07:14:16.093+0000] {logging_mixin.py:190} INFO - [2026-03-09T07:14:16.092+0000] {dagbag.py:588} INFO - Filling up the DagBag from /opt/airflow/dags/02_travel_gmaps_ingestion.py
[2026-03-09T07:14:16.130+0000] {processor.py:925} INFO - DAG(s) '02_travel_gmaps_ingestion' retrieved from /opt/airflow/dags/02_travel_gmaps_ingestion.py
[2026-03-09T07:14:16.184+0000] {logging_mixin.py:190} INFO - [2026-03-09T07:14:16.184+0000] {dag.py:3239} INFO - Sync 1 DAGs
[2026-03-09T07:14:16.234+0000] {logging_mixin.py:190} INFO - [2026-03-09T07:14:16.233+0000] {dag.py:4180} INFO - Setting next_dagrun for 02_travel_gmaps_ingestion to 2026-03-08 14:00:00+00:00, run_after=2026-03-09 08:00:00+00:00
[2026-03-09T07:14:16.265+0000] {processor.py:208} INFO - Processing /opt/airflow/dags/02_travel_gmaps_ingestion.py took 0.190 seconds
[2026-03-09T07:14:46.717+0000] {processor.py:186} INFO - Started process (PID=3400) to work on /opt/airflow/dags/02_travel_gmaps_ingestion.py
[2026-03-09T07:14:46.719+0000] {processor.py:914} INFO - Processing file /opt/airflow/dags/02_travel_gmaps_ingestion.py for tasks to queue
[2026-03-09T07:14:46.722+0000] {logging_mixin.py:190} INFO - [2026-03-09T07:14:46.722+0000] {dagbag.py:588} INFO - Filling up the DagBag from /opt/airflow/dags/02_travel_gmaps_ingestion.py
[2026-03-09T07:14:46.748+0000] {processor.py:925} INFO - DAG(s) '02_travel_gmaps_ingestion' retrieved from /opt/airflow/dags/02_travel_gmaps_ingestion.py
[2026-03-09T07:14:46.787+0000] {logging_mixin.py:190} INFO - [2026-03-09T07:14:46.786+0000] {dag.py:3239} INFO - Sync 1 DAGs
[2026-03-09T07:14:46.821+0000] {logging_mixin.py:190} INFO - [2026-03-09T07:14:46.821+0000] {dag.py:4180} INFO - Setting next_dagrun for 02_travel_gmaps_ingestion to 2026-03-08 14:00:00+00:00, run_after=2026-03-09 08:00:00+00:00
[2026-03-09T07:14:46.853+0000] {processor.py:208} INFO - Processing /opt/airflow/dags/02_travel_gmaps_ingestion.py took 0.143 seconds
[2026-03-09T07:15:17.309+0000] {processor.py:186} INFO - Started process (PID=3415) to work on /opt/airflow/dags/02_travel_gmaps_ingestion.py
[2026-03-09T07:15:17.311+0000] {processor.py:914} INFO - Processing file /opt/airflow/dags/02_travel_gmaps_ingestion.py for tasks to queue
[2026-03-09T07:15:17.315+0000] {logging_mixin.py:190} INFO - [2026-03-09T07:15:17.315+0000] {dagbag.py:588} INFO - Filling up the DagBag from /opt/airflow/dags/02_travel_gmaps_ingestion.py
[2026-03-09T07:15:17.356+0000] {processor.py:925} INFO - DAG(s) '02_travel_gmaps_ingestion' retrieved from /opt/airflow/dags/02_travel_gmaps_ingestion.py
[2026-03-09T07:15:17.440+0000] {logging_mixin.py:190} INFO - [2026-03-09T07:15:17.437+0000] {dag.py:3239} INFO - Sync 1 DAGs
[2026-03-09T07:15:17.572+0000] {logging_mixin.py:190} INFO - [2026-03-09T07:15:17.570+0000] {dag.py:4180} INFO - Setting next_dagrun for 02_travel_gmaps_ingestion to 2026-03-08 14:00:00+00:00, run_after=2026-03-09 08:00:00+00:00
[2026-03-09T07:15:17.630+0000] {processor.py:208} INFO - Processing /opt/airflow/dags/02_travel_gmaps_ingestion.py took 0.331 seconds
[2026-03-09T07:15:48.043+0000] {processor.py:186} INFO - Started process (PID=3430) to work on /opt/airflow/dags/02_travel_gmaps_ingestion.py
[2026-03-09T07:15:48.046+0000] {processor.py:914} INFO - Processing file /opt/airflow/dags/02_travel_gmaps_ingestion.py for tasks to queue
[2026-03-09T07:15:48.052+0000] {logging_mixin.py:190} INFO - [2026-03-09T07:15:48.052+0000] {dagbag.py:588} INFO - Filling up the DagBag from /opt/airflow/dags/02_travel_gmaps_ingestion.py
[2026-03-09T07:15:48.158+0000] {processor.py:925} INFO - DAG(s) '02_travel_gmaps_ingestion' retrieved from /opt/airflow/dags/02_travel_gmaps_ingestion.py
[2026-03-09T07:15:48.333+0000] {logging_mixin.py:190} INFO - [2026-03-09T07:15:48.332+0000] {dag.py:3239} INFO - Sync 1 DAGs
[2026-03-09T07:15:48.462+0000] {logging_mixin.py:190} INFO - [2026-03-09T07:15:48.461+0000] {dag.py:4180} INFO - Setting next_dagrun for 02_travel_gmaps_ingestion to 2026-03-08 14:00:00+00:00, run_after=2026-03-09 08:00:00+00:00
[2026-03-09T07:15:48.533+0000] {processor.py:208} INFO - Processing /opt/airflow/dags/02_travel_gmaps_ingestion.py took 0.512 seconds
[2026-03-09T07:16:19.026+0000] {processor.py:186} INFO - Started process (PID=3445) to work on /opt/airflow/dags/02_travel_gmaps_ingestion.py
[2026-03-09T07:16:19.028+0000] {processor.py:914} INFO - Processing file /opt/airflow/dags/02_travel_gmaps_ingestion.py for tasks to queue
[2026-03-09T07:16:19.033+0000] {logging_mixin.py:190} INFO - [2026-03-09T07:16:19.032+0000] {dagbag.py:588} INFO - Filling up the DagBag from /opt/airflow/dags/02_travel_gmaps_ingestion.py
[2026-03-09T07:16:19.059+0000] {processor.py:925} INFO - DAG(s) '02_travel_gmaps_ingestion' retrieved from /opt/airflow/dags/02_travel_gmaps_ingestion.py
[2026-03-09T07:16:19.102+0000] {logging_mixin.py:190} INFO - [2026-03-09T07:16:19.102+0000] {dag.py:3239} INFO - Sync 1 DAGs
[2026-03-09T07:16:19.142+0000] {logging_mixin.py:190} INFO - [2026-03-09T07:16:19.142+0000] {dag.py:4180} INFO - Setting next_dagrun for 02_travel_gmaps_ingestion to 2026-03-08 14:00:00+00:00, run_after=2026-03-09 08:00:00+00:00
[2026-03-09T07:16:19.175+0000] {processor.py:208} INFO - Processing /opt/airflow/dags/02_travel_gmaps_ingestion.py took 0.161 seconds
[2026-03-09T07:16:49.663+0000] {processor.py:186} INFO - Started process (PID=3460) to work on /opt/airflow/dags/02_travel_gmaps_ingestion.py
[2026-03-09T07:16:49.666+0000] {processor.py:914} INFO - Processing file /opt/airflow/dags/02_travel_gmaps_ingestion.py for tasks to queue
[2026-03-09T07:16:49.672+0000] {logging_mixin.py:190} INFO - [2026-03-09T07:16:49.671+0000] {dagbag.py:588} INFO - Filling up the DagBag from /opt/airflow/dags/02_travel_gmaps_ingestion.py
[2026-03-09T07:16:49.740+0000] {processor.py:925} INFO - DAG(s) '02_travel_gmaps_ingestion' retrieved from /opt/airflow/dags/02_travel_gmaps_ingestion.py
[2026-03-09T07:16:49.799+0000] {logging_mixin.py:190} INFO - [2026-03-09T07:16:49.798+0000] {dag.py:3239} INFO - Sync 1 DAGs
[2026-03-09T07:16:49.857+0000] {logging_mixin.py:190} INFO - [2026-03-09T07:16:49.856+0000] {dag.py:4180} INFO - Setting next_dagrun for 02_travel_gmaps_ingestion to 2026-03-08 14:00:00+00:00, run_after=2026-03-09 08:00:00+00:00
[2026-03-09T07:16:49.902+0000] {processor.py:208} INFO - Processing /opt/airflow/dags/02_travel_gmaps_ingestion.py took 0.251 seconds
[2026-03-09T07:17:20.428+0000] {processor.py:186} INFO - Started process (PID=3475) to work on /opt/airflow/dags/02_travel_gmaps_ingestion.py
[2026-03-09T07:17:20.431+0000] {processor.py:914} INFO - Processing file /opt/airflow/dags/02_travel_gmaps_ingestion.py for tasks to queue
[2026-03-09T07:17:20.436+0000] {logging_mixin.py:190} INFO - [2026-03-09T07:17:20.436+0000] {dagbag.py:588} INFO - Filling up the DagBag from /opt/airflow/dags/02_travel_gmaps_ingestion.py
[2026-03-09T07:17:20.475+0000] {processor.py:925} INFO - DAG(s) '02_travel_gmaps_ingestion' retrieved from /opt/airflow/dags/02_travel_gmaps_ingestion.py
[2026-03-09T07:17:20.528+0000] {logging_mixin.py:190} INFO - [2026-03-09T07:17:20.527+0000] {dag.py:3239} INFO - Sync 1 DAGs
[2026-03-09T07:17:20.573+0000] {logging_mixin.py:190} INFO - [2026-03-09T07:17:20.572+0000] {dag.py:4180} INFO - Setting next_dagrun for 02_travel_gmaps_ingestion to 2026-03-08 14:00:00+00:00, run_after=2026-03-09 08:00:00+00:00
[2026-03-09T07:17:20.607+0000] {processor.py:208} INFO - Processing /opt/airflow/dags/02_travel_gmaps_ingestion.py took 0.189 seconds
[2026-03-09T07:17:51.306+0000] {processor.py:186} INFO - Started process (PID=3490) to work on /opt/airflow/dags/02_travel_gmaps_ingestion.py
[2026-03-09T07:17:51.309+0000] {processor.py:914} INFO - Processing file /opt/airflow/dags/02_travel_gmaps_ingestion.py for tasks to queue
[2026-03-09T07:17:51.315+0000] {logging_mixin.py:190} INFO - [2026-03-09T07:17:51.315+0000] {dagbag.py:588} INFO - Filling up the DagBag from /opt/airflow/dags/02_travel_gmaps_ingestion.py
[2026-03-09T07:17:51.355+0000] {processor.py:925} INFO - DAG(s) '02_travel_gmaps_ingestion' retrieved from /opt/airflow/dags/02_travel_gmaps_ingestion.py
[2026-03-09T07:17:51.411+0000] {logging_mixin.py:190} INFO - [2026-03-09T07:17:51.410+0000] {dag.py:3239} INFO - Sync 1 DAGs
[2026-03-09T07:17:51.456+0000] {logging_mixin.py:190} INFO - [2026-03-09T07:17:51.456+0000] {dag.py:4180} INFO - Setting next_dagrun for 02_travel_gmaps_ingestion to 2026-03-08 14:00:00+00:00, run_after=2026-03-09 08:00:00+00:00
[2026-03-09T07:17:51.504+0000] {processor.py:208} INFO - Processing /opt/airflow/dags/02_travel_gmaps_ingestion.py took 0.210 seconds
[2026-03-09T07:18:22.005+0000] {processor.py:186} INFO - Started process (PID=3505) to work on /opt/airflow/dags/02_travel_gmaps_ingestion.py
[2026-03-09T07:18:22.008+0000] {processor.py:914} INFO - Processing file /opt/airflow/dags/02_travel_gmaps_ingestion.py for tasks to queue
[2026-03-09T07:18:22.011+0000] {logging_mixin.py:190} INFO - [2026-03-09T07:18:22.011+0000] {dagbag.py:588} INFO - Filling up the DagBag from /opt/airflow/dags/02_travel_gmaps_ingestion.py
[2026-03-09T07:18:22.045+0000] {processor.py:925} INFO - DAG(s) '02_travel_gmaps_ingestion' retrieved from /opt/airflow/dags/02_travel_gmaps_ingestion.py
[2026-03-09T07:18:22.098+0000] {logging_mixin.py:190} INFO - [2026-03-09T07:18:22.098+0000] {dag.py:3239} INFO - Sync 1 DAGs
[2026-03-09T07:18:22.144+0000] {logging_mixin.py:190} INFO - [2026-03-09T07:18:22.144+0000] {dag.py:4180} INFO - Setting next_dagrun for 02_travel_gmaps_ingestion to 2026-03-08 14:00:00+00:00, run_after=2026-03-09 08:00:00+00:00
[2026-03-09T07:18:22.181+0000] {processor.py:208} INFO - Processing /opt/airflow/dags/02_travel_gmaps_ingestion.py took 0.186 seconds
[2026-03-09T07:18:52.715+0000] {processor.py:186} INFO - Started process (PID=3520) to work on /opt/airflow/dags/02_travel_gmaps_ingestion.py
[2026-03-09T07:18:52.717+0000] {processor.py:914} INFO - Processing file /opt/airflow/dags/02_travel_gmaps_ingestion.py for tasks to queue
[2026-03-09T07:18:52.720+0000] {logging_mixin.py:190} INFO - [2026-03-09T07:18:52.719+0000] {dagbag.py:588} INFO - Filling up the DagBag from /opt/airflow/dags/02_travel_gmaps_ingestion.py
[2026-03-09T07:18:52.740+0000] {processor.py:925} INFO - DAG(s) '02_travel_gmaps_ingestion' retrieved from /opt/airflow/dags/02_travel_gmaps_ingestion.py
[2026-03-09T07:18:52.769+0000] {logging_mixin.py:190} INFO - [2026-03-09T07:18:52.769+0000] {dag.py:3239} INFO - Sync 1 DAGs
[2026-03-09T07:18:52.798+0000] {logging_mixin.py:190} INFO - [2026-03-09T07:18:52.798+0000] {dag.py:4180} INFO - Setting next_dagrun for 02_travel_gmaps_ingestion to 2026-03-08 14:00:00+00:00, run_after=2026-03-09 08:00:00+00:00
[2026-03-09T07:18:52.827+0000] {processor.py:208} INFO - Processing /opt/airflow/dags/02_travel_gmaps_ingestion.py took 0.119 seconds
[2026-03-09T07:19:23.318+0000] {processor.py:186} INFO - Started process (PID=3535) to work on /opt/airflow/dags/02_travel_gmaps_ingestion.py
[2026-03-09T07:19:23.320+0000] {processor.py:914} INFO - Processing file /opt/airflow/dags/02_travel_gmaps_ingestion.py for tasks to queue
[2026-03-09T07:19:23.324+0000] {logging_mixin.py:190} INFO - [2026-03-09T07:19:23.323+0000] {dagbag.py:588} INFO - Filling up the DagBag from /opt/airflow/dags/02_travel_gmaps_ingestion.py
[2026-03-09T07:19:23.348+0000] {processor.py:925} INFO - DAG(s) '02_travel_gmaps_ingestion' retrieved from /opt/airflow/dags/02_travel_gmaps_ingestion.py
[2026-03-09T07:19:23.383+0000] {logging_mixin.py:190} INFO - [2026-03-09T07:19:23.382+0000] {dag.py:3239} INFO - Sync 1 DAGs
[2026-03-09T07:19:23.414+0000] {logging_mixin.py:190} INFO - [2026-03-09T07:19:23.413+0000] {dag.py:4180} INFO - Setting next_dagrun for 02_travel_gmaps_ingestion to 2026-03-08 14:00:00+00:00, run_after=2026-03-09 08:00:00+00:00
[2026-03-09T07:19:23.440+0000] {processor.py:208} INFO - Processing /opt/airflow/dags/02_travel_gmaps_ingestion.py took 0.130 seconds
[2026-03-09T07:19:53.967+0000] {processor.py:186} INFO - Started process (PID=3550) to work on /opt/airflow/dags/02_travel_gmaps_ingestion.py
[2026-03-09T07:19:53.968+0000] {processor.py:914} INFO - Processing file /opt/airflow/dags/02_travel_gmaps_ingestion.py for tasks to queue
[2026-03-09T07:19:53.971+0000] {logging_mixin.py:190} INFO - [2026-03-09T07:19:53.971+0000] {dagbag.py:588} INFO - Filling up the DagBag from /opt/airflow/dags/02_travel_gmaps_ingestion.py
[2026-03-09T07:19:53.991+0000] {processor.py:925} INFO - DAG(s) '02_travel_gmaps_ingestion' retrieved from /opt/airflow/dags/02_travel_gmaps_ingestion.py
[2026-03-09T07:19:54.022+0000] {logging_mixin.py:190} INFO - [2026-03-09T07:19:54.022+0000] {dag.py:3239} INFO - Sync 1 DAGs
[2026-03-09T07:19:54.051+0000] {logging_mixin.py:190} INFO - [2026-03-09T07:19:54.050+0000] {dag.py:4180} INFO - Setting next_dagrun for 02_travel_gmaps_ingestion to 2026-03-08 14:00:00+00:00, run_after=2026-03-09 08:00:00+00:00
[2026-03-09T07:19:54.079+0000] {processor.py:208} INFO - Processing /opt/airflow/dags/02_travel_gmaps_ingestion.py took 0.119 seconds
[2026-03-09T07:20:24.702+0000] {processor.py:186} INFO - Started process (PID=3565) to work on /opt/airflow/dags/02_travel_gmaps_ingestion.py
[2026-03-09T07:20:24.703+0000] {processor.py:914} INFO - Processing file /opt/airflow/dags/02_travel_gmaps_ingestion.py for tasks to queue
[2026-03-09T07:20:24.705+0000] {logging_mixin.py:190} INFO - [2026-03-09T07:20:24.705+0000] {dagbag.py:588} INFO - Filling up the DagBag from /opt/airflow/dags/02_travel_gmaps_ingestion.py
[2026-03-09T07:20:24.728+0000] {processor.py:925} INFO - DAG(s) '02_travel_gmaps_ingestion' retrieved from /opt/airflow/dags/02_travel_gmaps_ingestion.py
[2026-03-09T07:20:24.758+0000] {logging_mixin.py:190} INFO - [2026-03-09T07:20:24.758+0000] {dag.py:3239} INFO - Sync 1 DAGs
[2026-03-09T07:20:24.787+0000] {logging_mixin.py:190} INFO - [2026-03-09T07:20:24.786+0000] {dag.py:4180} INFO - Setting next_dagrun for 02_travel_gmaps_ingestion to 2026-03-08 14:00:00+00:00, run_after=2026-03-09 08:00:00+00:00
[2026-03-09T07:20:24.814+0000] {processor.py:208} INFO - Processing /opt/airflow/dags/02_travel_gmaps_ingestion.py took 0.119 seconds
[2026-03-09T07:20:55.386+0000] {processor.py:186} INFO - Started process (PID=3580) to work on /opt/airflow/dags/02_travel_gmaps_ingestion.py
[2026-03-09T07:20:55.387+0000] {processor.py:914} INFO - Processing file /opt/airflow/dags/02_travel_gmaps_ingestion.py for tasks to queue
[2026-03-09T07:20:55.391+0000] {logging_mixin.py:190} INFO - [2026-03-09T07:20:55.391+0000] {dagbag.py:588} INFO - Filling up the DagBag from /opt/airflow/dags/02_travel_gmaps_ingestion.py
[2026-03-09T07:20:55.422+0000] {processor.py:925} INFO - DAG(s) '02_travel_gmaps_ingestion' retrieved from /opt/airflow/dags/02_travel_gmaps_ingestion.py
[2026-03-09T07:20:55.468+0000] {logging_mixin.py:190} INFO - [2026-03-09T07:20:55.468+0000] {dag.py:3239} INFO - Sync 1 DAGs
[2026-03-09T07:20:55.500+0000] {logging_mixin.py:190} INFO - [2026-03-09T07:20:55.500+0000] {dag.py:4180} INFO - Setting next_dagrun for 02_travel_gmaps_ingestion to 2026-03-08 14:00:00+00:00, run_after=2026-03-09 08:00:00+00:00
[2026-03-09T07:20:55.532+0000] {processor.py:208} INFO - Processing /opt/airflow/dags/02_travel_gmaps_ingestion.py took 0.155 seconds
[2026-03-09T07:21:26.053+0000] {processor.py:186} INFO - Started process (PID=3595) to work on /opt/airflow/dags/02_travel_gmaps_ingestion.py
[2026-03-09T07:21:26.054+0000] {processor.py:914} INFO - Processing file /opt/airflow/dags/02_travel_gmaps_ingestion.py for tasks to queue
[2026-03-09T07:21:26.058+0000] {logging_mixin.py:190} INFO - [2026-03-09T07:21:26.057+0000] {dagbag.py:588} INFO - Filling up the DagBag from /opt/airflow/dags/02_travel_gmaps_ingestion.py
[2026-03-09T07:21:26.079+0000] {processor.py:925} INFO - DAG(s) '02_travel_gmaps_ingestion' retrieved from /opt/airflow/dags/02_travel_gmaps_ingestion.py
[2026-03-09T07:21:26.114+0000] {logging_mixin.py:190} INFO - [2026-03-09T07:21:26.114+0000] {dag.py:3239} INFO - Sync 1 DAGs
[2026-03-09T07:21:26.148+0000] {logging_mixin.py:190} INFO - [2026-03-09T07:21:26.148+0000] {dag.py:4180} INFO - Setting next_dagrun for 02_travel_gmaps_ingestion to 2026-03-08 14:00:00+00:00, run_after=2026-03-09 08:00:00+00:00
[2026-03-09T07:21:26.176+0000] {processor.py:208} INFO - Processing /opt/airflow/dags/02_travel_gmaps_ingestion.py took 0.130 seconds
[2026-03-09T07:21:56.657+0000] {processor.py:186} INFO - Started process (PID=3610) to work on /opt/airflow/dags/02_travel_gmaps_ingestion.py
[2026-03-09T07:21:56.659+0000] {processor.py:914} INFO - Processing file /opt/airflow/dags/02_travel_gmaps_ingestion.py for tasks to queue
[2026-03-09T07:21:56.662+0000] {logging_mixin.py:190} INFO - [2026-03-09T07:21:56.661+0000] {dagbag.py:588} INFO - Filling up the DagBag from /opt/airflow/dags/02_travel_gmaps_ingestion.py
[2026-03-09T07:21:56.680+0000] {processor.py:925} INFO - DAG(s) '02_travel_gmaps_ingestion' retrieved from /opt/airflow/dags/02_travel_gmaps_ingestion.py
[2026-03-09T07:21:56.710+0000] {logging_mixin.py:190} INFO - [2026-03-09T07:21:56.710+0000] {dag.py:3239} INFO - Sync 1 DAGs
[2026-03-09T07:21:56.738+0000] {logging_mixin.py:190} INFO - [2026-03-09T07:21:56.737+0000] {dag.py:4180} INFO - Setting next_dagrun for 02_travel_gmaps_ingestion to 2026-03-08 14:00:00+00:00, run_after=2026-03-09 08:00:00+00:00
[2026-03-09T07:21:56.771+0000] {processor.py:208} INFO - Processing /opt/airflow/dags/02_travel_gmaps_ingestion.py took 0.120 seconds
[2026-03-09T07:22:27.326+0000] {processor.py:186} INFO - Started process (PID=3625) to work on /opt/airflow/dags/02_travel_gmaps_ingestion.py
[2026-03-09T07:22:27.327+0000] {processor.py:914} INFO - Processing file /opt/airflow/dags/02_travel_gmaps_ingestion.py for tasks to queue
[2026-03-09T07:22:27.329+0000] {logging_mixin.py:190} INFO - [2026-03-09T07:22:27.329+0000] {dagbag.py:588} INFO - Filling up the DagBag from /opt/airflow/dags/02_travel_gmaps_ingestion.py
[2026-03-09T07:22:27.349+0000] {processor.py:925} INFO - DAG(s) '02_travel_gmaps_ingestion' retrieved from /opt/airflow/dags/02_travel_gmaps_ingestion.py
[2026-03-09T07:22:27.377+0000] {logging_mixin.py:190} INFO - [2026-03-09T07:22:27.377+0000] {dag.py:3239} INFO - Sync 1 DAGs
[2026-03-09T07:22:27.404+0000] {logging_mixin.py:190} INFO - [2026-03-09T07:22:27.404+0000] {dag.py:4180} INFO - Setting next_dagrun for 02_travel_gmaps_ingestion to 2026-03-08 14:00:00+00:00, run_after=2026-03-09 08:00:00+00:00
[2026-03-09T07:22:27.434+0000] {processor.py:208} INFO - Processing /opt/airflow/dags/02_travel_gmaps_ingestion.py took 0.114 seconds
[2026-03-09T07:22:58.076+0000] {processor.py:186} INFO - Started process (PID=3640) to work on /opt/airflow/dags/02_travel_gmaps_ingestion.py
[2026-03-09T07:22:58.077+0000] {processor.py:914} INFO - Processing file /opt/airflow/dags/02_travel_gmaps_ingestion.py for tasks to queue
[2026-03-09T07:22:58.080+0000] {logging_mixin.py:190} INFO - [2026-03-09T07:22:58.079+0000] {dagbag.py:588} INFO - Filling up the DagBag from /opt/airflow/dags/02_travel_gmaps_ingestion.py
[2026-03-09T07:22:58.101+0000] {processor.py:925} INFO - DAG(s) '02_travel_gmaps_ingestion' retrieved from /opt/airflow/dags/02_travel_gmaps_ingestion.py
[2026-03-09T07:22:58.129+0000] {logging_mixin.py:190} INFO - [2026-03-09T07:22:58.129+0000] {dag.py:3239} INFO - Sync 1 DAGs
[2026-03-09T07:22:58.155+0000] {logging_mixin.py:190} INFO - [2026-03-09T07:22:58.155+0000] {dag.py:4180} INFO - Setting next_dagrun for 02_travel_gmaps_ingestion to 2026-03-08 14:00:00+00:00, run_after=2026-03-09 08:00:00+00:00
[2026-03-09T07:22:58.185+0000] {processor.py:208} INFO - Processing /opt/airflow/dags/02_travel_gmaps_ingestion.py took 0.115 seconds
[2026-03-09T07:23:28.834+0000] {processor.py:186} INFO - Started process (PID=3655) to work on /opt/airflow/dags/02_travel_gmaps_ingestion.py
[2026-03-09T07:23:28.836+0000] {processor.py:914} INFO - Processing file /opt/airflow/dags/02_travel_gmaps_ingestion.py for tasks to queue
[2026-03-09T07:23:28.839+0000] {logging_mixin.py:190} INFO - [2026-03-09T07:23:28.838+0000] {dagbag.py:588} INFO - Filling up the DagBag from /opt/airflow/dags/02_travel_gmaps_ingestion.py
[2026-03-09T07:23:28.859+0000] {processor.py:925} INFO - DAG(s) '02_travel_gmaps_ingestion' retrieved from /opt/airflow/dags/02_travel_gmaps_ingestion.py
[2026-03-09T07:23:28.889+0000] {logging_mixin.py:190} INFO - [2026-03-09T07:23:28.889+0000] {dag.py:3239} INFO - Sync 1 DAGs
[2026-03-09T07:23:28.916+0000] {logging_mixin.py:190} INFO - [2026-03-09T07:23:28.916+0000] {dag.py:4180} INFO - Setting next_dagrun for 02_travel_gmaps_ingestion to 2026-03-08 14:00:00+00:00, run_after=2026-03-09 08:00:00+00:00
[2026-03-09T07:23:28.946+0000] {processor.py:208} INFO - Processing /opt/airflow/dags/02_travel_gmaps_ingestion.py took 0.118 seconds
[2026-03-09T07:23:59.528+0000] {processor.py:186} INFO - Started process (PID=3670) to work on /opt/airflow/dags/02_travel_gmaps_ingestion.py
[2026-03-09T07:23:59.529+0000] {processor.py:914} INFO - Processing file /opt/airflow/dags/02_travel_gmaps_ingestion.py for tasks to queue
[2026-03-09T07:23:59.532+0000] {logging_mixin.py:190} INFO - [2026-03-09T07:23:59.532+0000] {dagbag.py:588} INFO - Filling up the DagBag from /opt/airflow/dags/02_travel_gmaps_ingestion.py
[2026-03-09T07:23:59.550+0000] {processor.py:925} INFO - DAG(s) '02_travel_gmaps_ingestion' retrieved from /opt/airflow/dags/02_travel_gmaps_ingestion.py
[2026-03-09T07:23:59.579+0000] {logging_mixin.py:190} INFO - [2026-03-09T07:23:59.578+0000] {dag.py:3239} INFO - Sync 1 DAGs
[2026-03-09T07:23:59.606+0000] {logging_mixin.py:190} INFO - [2026-03-09T07:23:59.605+0000] {dag.py:4180} INFO - Setting next_dagrun for 02_travel_gmaps_ingestion to 2026-03-08 14:00:00+00:00, run_after=2026-03-09 08:00:00+00:00
[2026-03-09T07:23:59.632+0000] {processor.py:208} INFO - Processing /opt/airflow/dags/02_travel_gmaps_ingestion.py took 0.111 seconds
[2026-03-09T07:24:30.181+0000] {processor.py:186} INFO - Started process (PID=3685) to work on /opt/airflow/dags/02_travel_gmaps_ingestion.py
[2026-03-09T07:24:30.182+0000] {processor.py:914} INFO - Processing file /opt/airflow/dags/02_travel_gmaps_ingestion.py for tasks to queue
[2026-03-09T07:24:30.186+0000] {logging_mixin.py:190} INFO - [2026-03-09T07:24:30.186+0000] {dagbag.py:588} INFO - Filling up the DagBag from /opt/airflow/dags/02_travel_gmaps_ingestion.py
[2026-03-09T07:24:30.208+0000] {processor.py:925} INFO - DAG(s) '02_travel_gmaps_ingestion' retrieved from /opt/airflow/dags/02_travel_gmaps_ingestion.py
[2026-03-09T07:24:30.241+0000] {logging_mixin.py:190} INFO - [2026-03-09T07:24:30.241+0000] {dag.py:3239} INFO - Sync 1 DAGs
[2026-03-09T07:24:30.269+0000] {logging_mixin.py:190} INFO - [2026-03-09T07:24:30.269+0000] {dag.py:4180} INFO - Setting next_dagrun for 02_travel_gmaps_ingestion to 2026-03-08 14:00:00+00:00, run_after=2026-03-09 08:00:00+00:00
[2026-03-09T07:24:30.298+0000] {processor.py:208} INFO - Processing /opt/airflow/dags/02_travel_gmaps_ingestion.py took 0.125 seconds
[2026-03-09T07:25:00.880+0000] {processor.py:186} INFO - Started process (PID=3700) to work on /opt/airflow/dags/02_travel_gmaps_ingestion.py
[2026-03-09T07:25:00.881+0000] {processor.py:914} INFO - Processing file /opt/airflow/dags/02_travel_gmaps_ingestion.py for tasks to queue
[2026-03-09T07:25:00.884+0000] {logging_mixin.py:190} INFO - [2026-03-09T07:25:00.884+0000] {dagbag.py:588} INFO - Filling up the DagBag from /opt/airflow/dags/02_travel_gmaps_ingestion.py
[2026-03-09T07:25:00.908+0000] {processor.py:925} INFO - DAG(s) '02_travel_gmaps_ingestion' retrieved from /opt/airflow/dags/02_travel_gmaps_ingestion.py
[2026-03-09T07:25:00.940+0000] {logging_mixin.py:190} INFO - [2026-03-09T07:25:00.939+0000] {dag.py:3239} INFO - Sync 1 DAGs
[2026-03-09T07:25:00.966+0000] {logging_mixin.py:190} INFO - [2026-03-09T07:25:00.966+0000] {dag.py:4180} INFO - Setting next_dagrun for 02_travel_gmaps_ingestion to 2026-03-08 14:00:00+00:00, run_after=2026-03-09 08:00:00+00:00
[2026-03-09T07:25:00.997+0000] {processor.py:208} INFO - Processing /opt/airflow/dags/02_travel_gmaps_ingestion.py took 0.125 seconds
[2026-03-09T07:25:31.618+0000] {processor.py:186} INFO - Started process (PID=3715) to work on /opt/airflow/dags/02_travel_gmaps_ingestion.py
[2026-03-09T07:25:31.619+0000] {processor.py:914} INFO - Processing file /opt/airflow/dags/02_travel_gmaps_ingestion.py for tasks to queue
[2026-03-09T07:25:31.622+0000] {logging_mixin.py:190} INFO - [2026-03-09T07:25:31.621+0000] {dagbag.py:588} INFO - Filling up the DagBag from /opt/airflow/dags/02_travel_gmaps_ingestion.py
[2026-03-09T07:25:31.642+0000] {processor.py:925} INFO - DAG(s) '02_travel_gmaps_ingestion' retrieved from /opt/airflow/dags/02_travel_gmaps_ingestion.py
[2026-03-09T07:25:31.674+0000] {logging_mixin.py:190} INFO - [2026-03-09T07:25:31.673+0000] {dag.py:3239} INFO - Sync 1 DAGs
[2026-03-09T07:25:31.701+0000] {logging_mixin.py:190} INFO - [2026-03-09T07:25:31.701+0000] {dag.py:4180} INFO - Setting next_dagrun for 02_travel_gmaps_ingestion to 2026-03-08 14:00:00+00:00, run_after=2026-03-09 08:00:00+00:00
[2026-03-09T07:25:31.731+0000] {processor.py:208} INFO - Processing /opt/airflow/dags/02_travel_gmaps_ingestion.py took 0.119 seconds
[2026-03-09T07:26:02.282+0000] {processor.py:186} INFO - Started process (PID=3730) to work on /opt/airflow/dags/02_travel_gmaps_ingestion.py
[2026-03-09T07:26:02.283+0000] {processor.py:914} INFO - Processing file /opt/airflow/dags/02_travel_gmaps_ingestion.py for tasks to queue
[2026-03-09T07:26:02.286+0000] {logging_mixin.py:190} INFO - [2026-03-09T07:26:02.286+0000] {dagbag.py:588} INFO - Filling up the DagBag from /opt/airflow/dags/02_travel_gmaps_ingestion.py
[2026-03-09T07:26:02.309+0000] {processor.py:925} INFO - DAG(s) '02_travel_gmaps_ingestion' retrieved from /opt/airflow/dags/02_travel_gmaps_ingestion.py
[2026-03-09T07:26:02.340+0000] {logging_mixin.py:190} INFO - [2026-03-09T07:26:02.339+0000] {dag.py:3239} INFO - Sync 1 DAGs
[2026-03-09T07:26:02.369+0000] {logging_mixin.py:190} INFO - [2026-03-09T07:26:02.369+0000] {dag.py:4180} INFO - Setting next_dagrun for 02_travel_gmaps_ingestion to 2026-03-08 14:00:00+00:00, run_after=2026-03-09 08:00:00+00:00
[2026-03-09T07:26:02.397+0000] {processor.py:208} INFO - Processing /opt/airflow/dags/02_travel_gmaps_ingestion.py took 0.123 seconds
[2026-03-09T07:26:32.920+0000] {processor.py:186} INFO - Started process (PID=3745) to work on /opt/airflow/dags/02_travel_gmaps_ingestion.py
[2026-03-09T07:26:32.921+0000] {processor.py:914} INFO - Processing file /opt/airflow/dags/02_travel_gmaps_ingestion.py for tasks to queue
[2026-03-09T07:26:32.924+0000] {logging_mixin.py:190} INFO - [2026-03-09T07:26:32.923+0000] {dagbag.py:588} INFO - Filling up the DagBag from /opt/airflow/dags/02_travel_gmaps_ingestion.py
[2026-03-09T07:26:32.945+0000] {processor.py:925} INFO - DAG(s) '02_travel_gmaps_ingestion' retrieved from /opt/airflow/dags/02_travel_gmaps_ingestion.py
[2026-03-09T07:26:32.978+0000] {logging_mixin.py:190} INFO - [2026-03-09T07:26:32.978+0000] {dag.py:3239} INFO - Sync 1 DAGs
[2026-03-09T07:26:33.011+0000] {logging_mixin.py:190} INFO - [2026-03-09T07:26:33.010+0000] {dag.py:4180} INFO - Setting next_dagrun for 02_travel_gmaps_ingestion to 2026-03-08 14:00:00+00:00, run_after=2026-03-09 08:00:00+00:00
[2026-03-09T07:26:33.045+0000] {processor.py:208} INFO - Processing /opt/airflow/dags/02_travel_gmaps_ingestion.py took 0.132 seconds
[2026-03-09T07:27:03.628+0000] {processor.py:186} INFO - Started process (PID=3760) to work on /opt/airflow/dags/02_travel_gmaps_ingestion.py
[2026-03-09T07:27:03.630+0000] {processor.py:914} INFO - Processing file /opt/airflow/dags/02_travel_gmaps_ingestion.py for tasks to queue
[2026-03-09T07:27:03.633+0000] {logging_mixin.py:190} INFO - [2026-03-09T07:27:03.632+0000] {dagbag.py:588} INFO - Filling up the DagBag from /opt/airflow/dags/02_travel_gmaps_ingestion.py
[2026-03-09T07:27:03.653+0000] {processor.py:925} INFO - DAG(s) '02_travel_gmaps_ingestion' retrieved from /opt/airflow/dags/02_travel_gmaps_ingestion.py
[2026-03-09T07:27:03.685+0000] {logging_mixin.py:190} INFO - [2026-03-09T07:27:03.684+0000] {dag.py:3239} INFO - Sync 1 DAGs
[2026-03-09T07:27:03.712+0000] {logging_mixin.py:190} INFO - [2026-03-09T07:27:03.711+0000] {dag.py:4180} INFO - Setting next_dagrun for 02_travel_gmaps_ingestion to 2026-03-08 14:00:00+00:00, run_after=2026-03-09 08:00:00+00:00
[2026-03-09T07:27:03.742+0000] {processor.py:208} INFO - Processing /opt/airflow/dags/02_travel_gmaps_ingestion.py took 0.120 seconds
[2026-03-09T07:27:34.300+0000] {processor.py:186} INFO - Started process (PID=3775) to work on /opt/airflow/dags/02_travel_gmaps_ingestion.py
[2026-03-09T07:27:34.301+0000] {processor.py:914} INFO - Processing file /opt/airflow/dags/02_travel_gmaps_ingestion.py for tasks to queue
[2026-03-09T07:27:34.304+0000] {logging_mixin.py:190} INFO - [2026-03-09T07:27:34.304+0000] {dagbag.py:588} INFO - Filling up the DagBag from /opt/airflow/dags/02_travel_gmaps_ingestion.py
[2026-03-09T07:27:34.321+0000] {processor.py:925} INFO - DAG(s) '02_travel_gmaps_ingestion' retrieved from /opt/airflow/dags/02_travel_gmaps_ingestion.py
[2026-03-09T07:27:34.353+0000] {logging_mixin.py:190} INFO - [2026-03-09T07:27:34.353+0000] {dag.py:3239} INFO - Sync 1 DAGs
[2026-03-09T07:27:34.381+0000] {logging_mixin.py:190} INFO - [2026-03-09T07:27:34.381+0000] {dag.py:4180} INFO - Setting next_dagrun for 02_travel_gmaps_ingestion to 2026-03-08 14:00:00+00:00, run_after=2026-03-09 08:00:00+00:00
[2026-03-09T07:27:34.410+0000] {processor.py:208} INFO - Processing /opt/airflow/dags/02_travel_gmaps_ingestion.py took 0.116 seconds
[2026-03-09T07:28:05.000+0000] {processor.py:186} INFO - Started process (PID=3790) to work on /opt/airflow/dags/02_travel_gmaps_ingestion.py
[2026-03-09T07:28:05.001+0000] {processor.py:914} INFO - Processing file /opt/airflow/dags/02_travel_gmaps_ingestion.py for tasks to queue
[2026-03-09T07:28:05.004+0000] {logging_mixin.py:190} INFO - [2026-03-09T07:28:05.004+0000] {dagbag.py:588} INFO - Filling up the DagBag from /opt/airflow/dags/02_travel_gmaps_ingestion.py
[2026-03-09T07:28:05.024+0000] {processor.py:925} INFO - DAG(s) '02_travel_gmaps_ingestion' retrieved from /opt/airflow/dags/02_travel_gmaps_ingestion.py
[2026-03-09T07:28:05.055+0000] {logging_mixin.py:190} INFO - [2026-03-09T07:28:05.055+0000] {dag.py:3239} INFO - Sync 1 DAGs
[2026-03-09T07:28:05.083+0000] {logging_mixin.py:190} INFO - [2026-03-09T07:28:05.082+0000] {dag.py:4180} INFO - Setting next_dagrun for 02_travel_gmaps_ingestion to 2026-03-08 14:00:00+00:00, run_after=2026-03-09 08:00:00+00:00
[2026-03-09T07:28:05.110+0000] {processor.py:208} INFO - Processing /opt/airflow/dags/02_travel_gmaps_ingestion.py took 0.116 seconds
[2026-03-09T07:28:35.595+0000] {processor.py:186} INFO - Started process (PID=3805) to work on /opt/airflow/dags/02_travel_gmaps_ingestion.py
[2026-03-09T07:28:35.596+0000] {processor.py:914} INFO - Processing file /opt/airflow/dags/02_travel_gmaps_ingestion.py for tasks to queue
[2026-03-09T07:28:35.598+0000] {logging_mixin.py:190} INFO - [2026-03-09T07:28:35.598+0000] {dagbag.py:588} INFO - Filling up the DagBag from /opt/airflow/dags/02_travel_gmaps_ingestion.py
[2026-03-09T07:28:35.624+0000] {processor.py:925} INFO - DAG(s) '02_travel_gmaps_ingestion' retrieved from /opt/airflow/dags/02_travel_gmaps_ingestion.py
[2026-03-09T07:28:35.658+0000] {logging_mixin.py:190} INFO - [2026-03-09T07:28:35.658+0000] {dag.py:3239} INFO - Sync 1 DAGs
[2026-03-09T07:28:35.688+0000] {logging_mixin.py:190} INFO - [2026-03-09T07:28:35.688+0000] {dag.py:4180} INFO - Setting next_dagrun for 02_travel_gmaps_ingestion to 2026-03-08 14:00:00+00:00, run_after=2026-03-09 08:00:00+00:00
[2026-03-09T07:28:35.721+0000] {processor.py:208} INFO - Processing /opt/airflow/dags/02_travel_gmaps_ingestion.py took 0.133 seconds
[2026-03-09T07:29:06.189+0000] {processor.py:186} INFO - Started process (PID=3820) to work on /opt/airflow/dags/02_travel_gmaps_ingestion.py
[2026-03-09T07:29:06.190+0000] {processor.py:914} INFO - Processing file /opt/airflow/dags/02_travel_gmaps_ingestion.py for tasks to queue
[2026-03-09T07:29:06.194+0000] {logging_mixin.py:190} INFO - [2026-03-09T07:29:06.193+0000] {dagbag.py:588} INFO - Filling up the DagBag from /opt/airflow/dags/02_travel_gmaps_ingestion.py
[2026-03-09T07:29:06.227+0000] {processor.py:925} INFO - DAG(s) '02_travel_gmaps_ingestion' retrieved from /opt/airflow/dags/02_travel_gmaps_ingestion.py
[2026-03-09T07:29:06.263+0000] {logging_mixin.py:190} INFO - [2026-03-09T07:29:06.262+0000] {dag.py:3239} INFO - Sync 1 DAGs
[2026-03-09T07:29:06.293+0000] {logging_mixin.py:190} INFO - [2026-03-09T07:29:06.292+0000] {dag.py:4180} INFO - Setting next_dagrun for 02_travel_gmaps_ingestion to 2026-03-08 14:00:00+00:00, run_after=2026-03-09 08:00:00+00:00
[2026-03-09T07:29:06.322+0000] {processor.py:208} INFO - Processing /opt/airflow/dags/02_travel_gmaps_ingestion.py took 0.144 seconds
[2026-03-09T07:29:36.825+0000] {processor.py:186} INFO - Started process (PID=3835) to work on /opt/airflow/dags/02_travel_gmaps_ingestion.py
[2026-03-09T07:29:36.826+0000] {processor.py:914} INFO - Processing file /opt/airflow/dags/02_travel_gmaps_ingestion.py for tasks to queue
[2026-03-09T07:29:36.829+0000] {logging_mixin.py:190} INFO - [2026-03-09T07:29:36.829+0000] {dagbag.py:588} INFO - Filling up the DagBag from /opt/airflow/dags/02_travel_gmaps_ingestion.py
[2026-03-09T07:29:36.848+0000] {processor.py:925} INFO - DAG(s) '02_travel_gmaps_ingestion' retrieved from /opt/airflow/dags/02_travel_gmaps_ingestion.py
[2026-03-09T07:29:36.879+0000] {logging_mixin.py:190} INFO - [2026-03-09T07:29:36.879+0000] {dag.py:3239} INFO - Sync 1 DAGs
[2026-03-09T07:29:36.906+0000] {logging_mixin.py:190} INFO - [2026-03-09T07:29:36.906+0000] {dag.py:4180} INFO - Setting next_dagrun for 02_travel_gmaps_ingestion to 2026-03-08 14:00:00+00:00, run_after=2026-03-09 08:00:00+00:00
[2026-03-09T07:29:36.936+0000] {processor.py:208} INFO - Processing /opt/airflow/dags/02_travel_gmaps_ingestion.py took 0.117 seconds
[2026-03-09T07:30:07.557+0000] {processor.py:186} INFO - Started process (PID=3850) to work on /opt/airflow/dags/02_travel_gmaps_ingestion.py
[2026-03-09T07:30:07.558+0000] {processor.py:914} INFO - Processing file /opt/airflow/dags/02_travel_gmaps_ingestion.py for tasks to queue
[2026-03-09T07:30:07.561+0000] {logging_mixin.py:190} INFO - [2026-03-09T07:30:07.560+0000] {dagbag.py:588} INFO - Filling up the DagBag from /opt/airflow/dags/02_travel_gmaps_ingestion.py
[2026-03-09T07:30:07.577+0000] {processor.py:925} INFO - DAG(s) '02_travel_gmaps_ingestion' retrieved from /opt/airflow/dags/02_travel_gmaps_ingestion.py
[2026-03-09T07:30:07.608+0000] {logging_mixin.py:190} INFO - [2026-03-09T07:30:07.608+0000] {dag.py:3239} INFO - Sync 1 DAGs
[2026-03-09T07:30:07.635+0000] {logging_mixin.py:190} INFO - [2026-03-09T07:30:07.635+0000] {dag.py:4180} INFO - Setting next_dagrun for 02_travel_gmaps_ingestion to 2026-03-08 14:00:00+00:00, run_after=2026-03-09 08:00:00+00:00
[2026-03-09T07:30:07.665+0000] {processor.py:208} INFO - Processing /opt/airflow/dags/02_travel_gmaps_ingestion.py took 0.114 seconds
[2026-03-09T07:30:38.244+0000] {processor.py:186} INFO - Started process (PID=3865) to work on /opt/airflow/dags/02_travel_gmaps_ingestion.py
[2026-03-09T07:30:38.245+0000] {processor.py:914} INFO - Processing file /opt/airflow/dags/02_travel_gmaps_ingestion.py for tasks to queue
[2026-03-09T07:30:38.248+0000] {logging_mixin.py:190} INFO - [2026-03-09T07:30:38.248+0000] {dagbag.py:588} INFO - Filling up the DagBag from /opt/airflow/dags/02_travel_gmaps_ingestion.py
[2026-03-09T07:30:38.267+0000] {processor.py:925} INFO - DAG(s) '02_travel_gmaps_ingestion' retrieved from /opt/airflow/dags/02_travel_gmaps_ingestion.py
[2026-03-09T07:30:38.297+0000] {logging_mixin.py:190} INFO - [2026-03-09T07:30:38.297+0000] {dag.py:3239} INFO - Sync 1 DAGs
[2026-03-09T07:30:38.324+0000] {logging_mixin.py:190} INFO - [2026-03-09T07:30:38.324+0000] {dag.py:4180} INFO - Setting next_dagrun for 02_travel_gmaps_ingestion to 2026-03-08 14:00:00+00:00, run_after=2026-03-09 08:00:00+00:00
[2026-03-09T07:30:38.351+0000] {processor.py:208} INFO - Processing /opt/airflow/dags/02_travel_gmaps_ingestion.py took 0.113 seconds
[2026-03-09T07:31:08.966+0000] {processor.py:186} INFO - Started process (PID=3880) to work on /opt/airflow/dags/02_travel_gmaps_ingestion.py
[2026-03-09T07:31:08.968+0000] {processor.py:914} INFO - Processing file /opt/airflow/dags/02_travel_gmaps_ingestion.py for tasks to queue
[2026-03-09T07:31:08.971+0000] {logging_mixin.py:190} INFO - [2026-03-09T07:31:08.970+0000] {dagbag.py:588} INFO - Filling up the DagBag from /opt/airflow/dags/02_travel_gmaps_ingestion.py
[2026-03-09T07:31:08.989+0000] {processor.py:925} INFO - DAG(s) '02_travel_gmaps_ingestion' retrieved from /opt/airflow/dags/02_travel_gmaps_ingestion.py
[2026-03-09T07:31:09.020+0000] {logging_mixin.py:190} INFO - [2026-03-09T07:31:09.020+0000] {dag.py:3239} INFO - Sync 1 DAGs
[2026-03-09T07:31:09.047+0000] {logging_mixin.py:190} INFO - [2026-03-09T07:31:09.047+0000] {dag.py:4180} INFO - Setting next_dagrun for 02_travel_gmaps_ingestion to 2026-03-08 14:00:00+00:00, run_after=2026-03-09 08:00:00+00:00
[2026-03-09T07:31:09.078+0000] {processor.py:208} INFO - Processing /opt/airflow/dags/02_travel_gmaps_ingestion.py took 0.118 seconds
[2026-03-09T07:31:39.671+0000] {processor.py:186} INFO - Started process (PID=3895) to work on /opt/airflow/dags/02_travel_gmaps_ingestion.py
[2026-03-09T07:31:39.672+0000] {processor.py:914} INFO - Processing file /opt/airflow/dags/02_travel_gmaps_ingestion.py for tasks to queue
[2026-03-09T07:31:39.675+0000] {logging_mixin.py:190} INFO - [2026-03-09T07:31:39.674+0000] {dagbag.py:588} INFO - Filling up the DagBag from /opt/airflow/dags/02_travel_gmaps_ingestion.py
[2026-03-09T07:31:39.693+0000] {processor.py:925} INFO - DAG(s) '02_travel_gmaps_ingestion' retrieved from /opt/airflow/dags/02_travel_gmaps_ingestion.py
[2026-03-09T07:31:39.724+0000] {logging_mixin.py:190} INFO - [2026-03-09T07:31:39.724+0000] {dag.py:3239} INFO - Sync 1 DAGs
[2026-03-09T07:31:39.752+0000] {logging_mixin.py:190} INFO - [2026-03-09T07:31:39.752+0000] {dag.py:4180} INFO - Setting next_dagrun for 02_travel_gmaps_ingestion to 2026-03-08 14:00:00+00:00, run_after=2026-03-09 08:00:00+00:00
[2026-03-09T07:31:39.784+0000] {processor.py:208} INFO - Processing /opt/airflow/dags/02_travel_gmaps_ingestion.py took 0.120 seconds
[2026-03-09T07:32:10.358+0000] {processor.py:186} INFO - Started process (PID=3910) to work on /opt/airflow/dags/02_travel_gmaps_ingestion.py
[2026-03-09T07:32:10.359+0000] {processor.py:914} INFO - Processing file /opt/airflow/dags/02_travel_gmaps_ingestion.py for tasks to queue
[2026-03-09T07:32:10.363+0000] {logging_mixin.py:190} INFO - [2026-03-09T07:32:10.362+0000] {dagbag.py:588} INFO - Filling up the DagBag from /opt/airflow/dags/02_travel_gmaps_ingestion.py
[2026-03-09T07:32:10.391+0000] {processor.py:925} INFO - DAG(s) '02_travel_gmaps_ingestion' retrieved from /opt/airflow/dags/02_travel_gmaps_ingestion.py
[2026-03-09T07:32:10.432+0000] {logging_mixin.py:190} INFO - [2026-03-09T07:32:10.431+0000] {dag.py:3239} INFO - Sync 1 DAGs
[2026-03-09T07:32:10.465+0000] {logging_mixin.py:190} INFO - [2026-03-09T07:32:10.465+0000] {dag.py:4180} INFO - Setting next_dagrun for 02_travel_gmaps_ingestion to 2026-03-08 14:00:00+00:00, run_after=2026-03-09 08:00:00+00:00
[2026-03-09T07:32:10.500+0000] {processor.py:208} INFO - Processing /opt/airflow/dags/02_travel_gmaps_ingestion.py took 0.150 seconds
[2026-03-09T07:32:41.026+0000] {processor.py:186} INFO - Started process (PID=3925) to work on /opt/airflow/dags/02_travel_gmaps_ingestion.py
[2026-03-09T07:32:41.027+0000] {processor.py:914} INFO - Processing file /opt/airflow/dags/02_travel_gmaps_ingestion.py for tasks to queue
[2026-03-09T07:32:41.030+0000] {logging_mixin.py:190} INFO - [2026-03-09T07:32:41.029+0000] {dagbag.py:588} INFO - Filling up the DagBag from /opt/airflow/dags/02_travel_gmaps_ingestion.py
[2026-03-09T07:32:41.050+0000] {processor.py:925} INFO - DAG(s) '02_travel_gmaps_ingestion' retrieved from /opt/airflow/dags/02_travel_gmaps_ingestion.py
[2026-03-09T07:32:41.081+0000] {logging_mixin.py:190} INFO - [2026-03-09T07:32:41.081+0000] {dag.py:3239} INFO - Sync 1 DAGs
[2026-03-09T07:32:41.109+0000] {logging_mixin.py:190} INFO - [2026-03-09T07:32:41.109+0000] {dag.py:4180} INFO - Setting next_dagrun for 02_travel_gmaps_ingestion to 2026-03-08 14:00:00+00:00, run_after=2026-03-09 08:00:00+00:00
[2026-03-09T07:32:41.139+0000] {processor.py:208} INFO - Processing /opt/airflow/dags/02_travel_gmaps_ingestion.py took 0.119 seconds
[2026-03-09T07:33:11.719+0000] {processor.py:186} INFO - Started process (PID=3940) to work on /opt/airflow/dags/02_travel_gmaps_ingestion.py
[2026-03-09T07:33:11.720+0000] {processor.py:914} INFO - Processing file /opt/airflow/dags/02_travel_gmaps_ingestion.py for tasks to queue
[2026-03-09T07:33:11.724+0000] {logging_mixin.py:190} INFO - [2026-03-09T07:33:11.723+0000] {dagbag.py:588} INFO - Filling up the DagBag from /opt/airflow/dags/02_travel_gmaps_ingestion.py
[2026-03-09T07:33:11.747+0000] {processor.py:925} INFO - DAG(s) '02_travel_gmaps_ingestion' retrieved from /opt/airflow/dags/02_travel_gmaps_ingestion.py
[2026-03-09T07:33:11.781+0000] {logging_mixin.py:190} INFO - [2026-03-09T07:33:11.781+0000] {dag.py:3239} INFO - Sync 1 DAGs
[2026-03-09T07:33:11.812+0000] {logging_mixin.py:190} INFO - [2026-03-09T07:33:11.812+0000] {dag.py:4180} INFO - Setting next_dagrun for 02_travel_gmaps_ingestion to 2026-03-08 14:00:00+00:00, run_after=2026-03-09 08:00:00+00:00
[2026-03-09T07:33:11.841+0000] {processor.py:208} INFO - Processing /opt/airflow/dags/02_travel_gmaps_ingestion.py took 0.130 seconds
[2026-03-09T07:33:42.428+0000] {processor.py:186} INFO - Started process (PID=3955) to work on /opt/airflow/dags/02_travel_gmaps_ingestion.py
[2026-03-09T07:33:42.430+0000] {processor.py:914} INFO - Processing file /opt/airflow/dags/02_travel_gmaps_ingestion.py for tasks to queue
[2026-03-09T07:33:42.433+0000] {logging_mixin.py:190} INFO - [2026-03-09T07:33:42.433+0000] {dagbag.py:588} INFO - Filling up the DagBag from /opt/airflow/dags/02_travel_gmaps_ingestion.py
[2026-03-09T07:33:42.451+0000] {processor.py:925} INFO - DAG(s) '02_travel_gmaps_ingestion' retrieved from /opt/airflow/dags/02_travel_gmaps_ingestion.py
[2026-03-09T07:33:42.482+0000] {logging_mixin.py:190} INFO - [2026-03-09T07:33:42.481+0000] {dag.py:3239} INFO - Sync 1 DAGs
[2026-03-09T07:33:42.510+0000] {logging_mixin.py:190} INFO - [2026-03-09T07:33:42.510+0000] {dag.py:4180} INFO - Setting next_dagrun for 02_travel_gmaps_ingestion to 2026-03-08 14:00:00+00:00, run_after=2026-03-09 08:00:00+00:00
[2026-03-09T07:33:42.540+0000] {processor.py:208} INFO - Processing /opt/airflow/dags/02_travel_gmaps_ingestion.py took 0.118 seconds
[2026-03-09T07:34:13.106+0000] {processor.py:186} INFO - Started process (PID=3970) to work on /opt/airflow/dags/02_travel_gmaps_ingestion.py
[2026-03-09T07:34:13.107+0000] {processor.py:914} INFO - Processing file /opt/airflow/dags/02_travel_gmaps_ingestion.py for tasks to queue
[2026-03-09T07:34:13.110+0000] {logging_mixin.py:190} INFO - [2026-03-09T07:34:13.109+0000] {dagbag.py:588} INFO - Filling up the DagBag from /opt/airflow/dags/02_travel_gmaps_ingestion.py
[2026-03-09T07:34:13.134+0000] {processor.py:925} INFO - DAG(s) '02_travel_gmaps_ingestion' retrieved from /opt/airflow/dags/02_travel_gmaps_ingestion.py
[2026-03-09T07:34:13.165+0000] {logging_mixin.py:190} INFO - [2026-03-09T07:34:13.165+0000] {dag.py:3239} INFO - Sync 1 DAGs
[2026-03-09T07:34:13.192+0000] {logging_mixin.py:190} INFO - [2026-03-09T07:34:13.192+0000] {dag.py:4180} INFO - Setting next_dagrun for 02_travel_gmaps_ingestion to 2026-03-08 14:00:00+00:00, run_after=2026-03-09 08:00:00+00:00
[2026-03-09T07:34:13.218+0000] {processor.py:208} INFO - Processing /opt/airflow/dags/02_travel_gmaps_ingestion.py took 0.119 seconds
[2026-03-09T07:34:43.788+0000] {processor.py:186} INFO - Started process (PID=3985) to work on /opt/airflow/dags/02_travel_gmaps_ingestion.py
[2026-03-09T07:34:43.790+0000] {processor.py:914} INFO - Processing file /opt/airflow/dags/02_travel_gmaps_ingestion.py for tasks to queue
[2026-03-09T07:34:43.793+0000] {logging_mixin.py:190} INFO - [2026-03-09T07:34:43.792+0000] {dagbag.py:588} INFO - Filling up the DagBag from /opt/airflow/dags/02_travel_gmaps_ingestion.py
[2026-03-09T07:34:43.822+0000] {processor.py:925} INFO - DAG(s) '02_travel_gmaps_ingestion' retrieved from /opt/airflow/dags/02_travel_gmaps_ingestion.py
[2026-03-09T07:34:43.857+0000] {logging_mixin.py:190} INFO - [2026-03-09T07:34:43.857+0000] {dag.py:3239} INFO - Sync 1 DAGs
[2026-03-09T07:34:43.887+0000] {logging_mixin.py:190} INFO - [2026-03-09T07:34:43.887+0000] {dag.py:4180} INFO - Setting next_dagrun for 02_travel_gmaps_ingestion to 2026-03-08 14:00:00+00:00, run_after=2026-03-09 08:00:00+00:00
[2026-03-09T07:34:43.915+0000] {processor.py:208} INFO - Processing /opt/airflow/dags/02_travel_gmaps_ingestion.py took 0.133 seconds
[2026-03-09T07:35:14.421+0000] {processor.py:186} INFO - Started process (PID=4000) to work on /opt/airflow/dags/02_travel_gmaps_ingestion.py
[2026-03-09T07:35:14.423+0000] {processor.py:914} INFO - Processing file /opt/airflow/dags/02_travel_gmaps_ingestion.py for tasks to queue
[2026-03-09T07:35:14.426+0000] {logging_mixin.py:190} INFO - [2026-03-09T07:35:14.425+0000] {dagbag.py:588} INFO - Filling up the DagBag from /opt/airflow/dags/02_travel_gmaps_ingestion.py
[2026-03-09T07:35:14.446+0000] {processor.py:925} INFO - DAG(s) '02_travel_gmaps_ingestion' retrieved from /opt/airflow/dags/02_travel_gmaps_ingestion.py
[2026-03-09T07:35:14.480+0000] {logging_mixin.py:190} INFO - [2026-03-09T07:35:14.480+0000] {dag.py:3239} INFO - Sync 1 DAGs
[2026-03-09T07:35:14.510+0000] {logging_mixin.py:190} INFO - [2026-03-09T07:35:14.510+0000] {dag.py:4180} INFO - Setting next_dagrun for 02_travel_gmaps_ingestion to 2026-03-08 14:00:00+00:00, run_after=2026-03-09 08:00:00+00:00
[2026-03-09T07:35:14.539+0000] {processor.py:208} INFO - Processing /opt/airflow/dags/02_travel_gmaps_ingestion.py took 0.125 seconds
[2026-03-09T07:35:45.062+0000] {processor.py:186} INFO - Started process (PID=4015) to work on /opt/airflow/dags/02_travel_gmaps_ingestion.py
[2026-03-09T07:35:45.063+0000] {processor.py:914} INFO - Processing file /opt/airflow/dags/02_travel_gmaps_ingestion.py for tasks to queue
[2026-03-09T07:35:45.066+0000] {logging_mixin.py:190} INFO - [2026-03-09T07:35:45.066+0000] {dagbag.py:588} INFO - Filling up the DagBag from /opt/airflow/dags/02_travel_gmaps_ingestion.py
[2026-03-09T07:35:45.086+0000] {processor.py:925} INFO - DAG(s) '02_travel_gmaps_ingestion' retrieved from /opt/airflow/dags/02_travel_gmaps_ingestion.py
[2026-03-09T07:35:45.121+0000] {logging_mixin.py:190} INFO - [2026-03-09T07:35:45.120+0000] {dag.py:3239} INFO - Sync 1 DAGs
[2026-03-09T07:35:45.152+0000] {logging_mixin.py:190} INFO - [2026-03-09T07:35:45.152+0000] {dag.py:4180} INFO - Setting next_dagrun for 02_travel_gmaps_ingestion to 2026-03-08 14:00:00+00:00, run_after=2026-03-09 08:00:00+00:00
[2026-03-09T07:35:45.181+0000] {processor.py:208} INFO - Processing /opt/airflow/dags/02_travel_gmaps_ingestion.py took 0.126 seconds
[2026-03-09T07:36:15.669+0000] {processor.py:186} INFO - Started process (PID=4030) to work on /opt/airflow/dags/02_travel_gmaps_ingestion.py
[2026-03-09T07:36:15.670+0000] {processor.py:914} INFO - Processing file /opt/airflow/dags/02_travel_gmaps_ingestion.py for tasks to queue
[2026-03-09T07:36:15.673+0000] {logging_mixin.py:190} INFO - [2026-03-09T07:36:15.672+0000] {dagbag.py:588} INFO - Filling up the DagBag from /opt/airflow/dags/02_travel_gmaps_ingestion.py
[2026-03-09T07:36:15.693+0000] {processor.py:925} INFO - DAG(s) '02_travel_gmaps_ingestion' retrieved from /opt/airflow/dags/02_travel_gmaps_ingestion.py
[2026-03-09T07:36:15.725+0000] {logging_mixin.py:190} INFO - [2026-03-09T07:36:15.725+0000] {dag.py:3239} INFO - Sync 1 DAGs
[2026-03-09T07:36:15.753+0000] {logging_mixin.py:190} INFO - [2026-03-09T07:36:15.752+0000] {dag.py:4180} INFO - Setting next_dagrun for 02_travel_gmaps_ingestion to 2026-03-08 14:00:00+00:00, run_after=2026-03-09 08:00:00+00:00
[2026-03-09T07:36:15.783+0000] {processor.py:208} INFO - Processing /opt/airflow/dags/02_travel_gmaps_ingestion.py took 0.120 seconds
[2026-03-09T07:36:46.334+0000] {processor.py:186} INFO - Started process (PID=4045) to work on /opt/airflow/dags/02_travel_gmaps_ingestion.py
[2026-03-09T07:36:46.335+0000] {processor.py:914} INFO - Processing file /opt/airflow/dags/02_travel_gmaps_ingestion.py for tasks to queue
[2026-03-09T07:36:46.339+0000] {logging_mixin.py:190} INFO - [2026-03-09T07:36:46.339+0000] {dagbag.py:588} INFO - Filling up the DagBag from /opt/airflow/dags/02_travel_gmaps_ingestion.py
[2026-03-09T07:36:46.361+0000] {processor.py:925} INFO - DAG(s) '02_travel_gmaps_ingestion' retrieved from /opt/airflow/dags/02_travel_gmaps_ingestion.py
[2026-03-09T07:36:46.395+0000] {logging_mixin.py:190} INFO - [2026-03-09T07:36:46.395+0000] {dag.py:3239} INFO - Sync 1 DAGs
[2026-03-09T07:36:46.427+0000] {logging_mixin.py:190} INFO - [2026-03-09T07:36:46.427+0000] {dag.py:4180} INFO - Setting next_dagrun for 02_travel_gmaps_ingestion to 2026-03-08 14:00:00+00:00, run_after=2026-03-09 08:00:00+00:00
[2026-03-09T07:36:46.457+0000] {processor.py:208} INFO - Processing /opt/airflow/dags/02_travel_gmaps_ingestion.py took 0.131 seconds
[2026-03-09T07:37:16.953+0000] {processor.py:186} INFO - Started process (PID=4060) to work on /opt/airflow/dags/02_travel_gmaps_ingestion.py
[2026-03-09T07:37:16.954+0000] {processor.py:914} INFO - Processing file /opt/airflow/dags/02_travel_gmaps_ingestion.py for tasks to queue
[2026-03-09T07:37:16.957+0000] {logging_mixin.py:190} INFO - [2026-03-09T07:37:16.957+0000] {dagbag.py:588} INFO - Filling up the DagBag from /opt/airflow/dags/02_travel_gmaps_ingestion.py
[2026-03-09T07:37:16.982+0000] {processor.py:925} INFO - DAG(s) '02_travel_gmaps_ingestion' retrieved from /opt/airflow/dags/02_travel_gmaps_ingestion.py
[2026-03-09T07:37:17.015+0000] {logging_mixin.py:190} INFO - [2026-03-09T07:37:17.015+0000] {dag.py:3239} INFO - Sync 1 DAGs
[2026-03-09T07:37:17.047+0000] {logging_mixin.py:190} INFO - [2026-03-09T07:37:17.047+0000] {dag.py:4180} INFO - Setting next_dagrun for 02_travel_gmaps_ingestion to 2026-03-08 14:00:00+00:00, run_after=2026-03-09 08:00:00+00:00
[2026-03-09T07:37:17.077+0000] {processor.py:208} INFO - Processing /opt/airflow/dags/02_travel_gmaps_ingestion.py took 0.131 seconds
[2026-03-09T07:37:47.602+0000] {processor.py:186} INFO - Started process (PID=4075) to work on /opt/airflow/dags/02_travel_gmaps_ingestion.py
[2026-03-09T07:37:47.604+0000] {processor.py:914} INFO - Processing file /opt/airflow/dags/02_travel_gmaps_ingestion.py for tasks to queue
[2026-03-09T07:37:47.607+0000] {logging_mixin.py:190} INFO - [2026-03-09T07:37:47.606+0000] {dagbag.py:588} INFO - Filling up the DagBag from /opt/airflow/dags/02_travel_gmaps_ingestion.py
[2026-03-09T07:37:47.636+0000] {processor.py:925} INFO - DAG(s) '02_travel_gmaps_ingestion' retrieved from /opt/airflow/dags/02_travel_gmaps_ingestion.py
[2026-03-09T07:37:47.757+0000] {logging_mixin.py:190} INFO - [2026-03-09T07:37:47.757+0000] {dag.py:3239} INFO - Sync 1 DAGs
[2026-03-09T07:37:47.791+0000] {logging_mixin.py:190} INFO - [2026-03-09T07:37:47.791+0000] {dag.py:4180} INFO - Setting next_dagrun for 02_travel_gmaps_ingestion to 2026-03-08 14:00:00+00:00, run_after=2026-03-09 08:00:00+00:00
[2026-03-09T07:37:47.814+0000] {processor.py:208} INFO - Processing /opt/airflow/dags/02_travel_gmaps_ingestion.py took 0.219 seconds
[2026-03-09T07:38:18.346+0000] {processor.py:186} INFO - Started process (PID=4090) to work on /opt/airflow/dags/02_travel_gmaps_ingestion.py
[2026-03-09T07:38:18.347+0000] {processor.py:914} INFO - Processing file /opt/airflow/dags/02_travel_gmaps_ingestion.py for tasks to queue
[2026-03-09T07:38:18.355+0000] {logging_mixin.py:190} INFO - [2026-03-09T07:38:18.354+0000] {dagbag.py:588} INFO - Filling up the DagBag from /opt/airflow/dags/02_travel_gmaps_ingestion.py
[2026-03-09T07:38:18.391+0000] {processor.py:925} INFO - DAG(s) '02_travel_gmaps_ingestion' retrieved from /opt/airflow/dags/02_travel_gmaps_ingestion.py
[2026-03-09T07:38:18.445+0000] {logging_mixin.py:190} INFO - [2026-03-09T07:38:18.445+0000] {dag.py:3239} INFO - Sync 1 DAGs
[2026-03-09T07:38:18.497+0000] {logging_mixin.py:190} INFO - [2026-03-09T07:38:18.496+0000] {dag.py:4180} INFO - Setting next_dagrun for 02_travel_gmaps_ingestion to 2026-03-08 14:00:00+00:00, run_after=2026-03-09 08:00:00+00:00
[2026-03-09T07:38:18.532+0000] {processor.py:208} INFO - Processing /opt/airflow/dags/02_travel_gmaps_ingestion.py took 0.195 seconds
[2026-03-09T07:38:49.021+0000] {processor.py:186} INFO - Started process (PID=4105) to work on /opt/airflow/dags/02_travel_gmaps_ingestion.py
[2026-03-09T07:38:49.022+0000] {processor.py:914} INFO - Processing file /opt/airflow/dags/02_travel_gmaps_ingestion.py for tasks to queue
[2026-03-09T07:38:49.025+0000] {logging_mixin.py:190} INFO - [2026-03-09T07:38:49.024+0000] {dagbag.py:588} INFO - Filling up the DagBag from /opt/airflow/dags/02_travel_gmaps_ingestion.py
[2026-03-09T07:38:49.049+0000] {processor.py:925} INFO - DAG(s) '02_travel_gmaps_ingestion' retrieved from /opt/airflow/dags/02_travel_gmaps_ingestion.py
[2026-03-09T07:38:49.088+0000] {logging_mixin.py:190} INFO - [2026-03-09T07:38:49.087+0000] {dag.py:3239} INFO - Sync 1 DAGs
[2026-03-09T07:38:49.121+0000] {logging_mixin.py:190} INFO - [2026-03-09T07:38:49.121+0000] {dag.py:4180} INFO - Setting next_dagrun for 02_travel_gmaps_ingestion to 2026-03-08 14:00:00+00:00, run_after=2026-03-09 08:00:00+00:00
[2026-03-09T07:38:49.150+0000] {processor.py:208} INFO - Processing /opt/airflow/dags/02_travel_gmaps_ingestion.py took 0.138 seconds
[2026-03-09T07:39:19.713+0000] {processor.py:186} INFO - Started process (PID=4120) to work on /opt/airflow/dags/02_travel_gmaps_ingestion.py
[2026-03-09T07:39:19.714+0000] {processor.py:914} INFO - Processing file /opt/airflow/dags/02_travel_gmaps_ingestion.py for tasks to queue
[2026-03-09T07:39:19.717+0000] {logging_mixin.py:190} INFO - [2026-03-09T07:39:19.717+0000] {dagbag.py:588} INFO - Filling up the DagBag from /opt/airflow/dags/02_travel_gmaps_ingestion.py
[2026-03-09T07:39:19.739+0000] {processor.py:925} INFO - DAG(s) '02_travel_gmaps_ingestion' retrieved from /opt/airflow/dags/02_travel_gmaps_ingestion.py
[2026-03-09T07:39:19.770+0000] {logging_mixin.py:190} INFO - [2026-03-09T07:39:19.769+0000] {dag.py:3239} INFO - Sync 1 DAGs
[2026-03-09T07:39:19.798+0000] {logging_mixin.py:190} INFO - [2026-03-09T07:39:19.798+0000] {dag.py:4180} INFO - Setting next_dagrun for 02_travel_gmaps_ingestion to 2026-03-08 14:00:00+00:00, run_after=2026-03-09 08:00:00+00:00
[2026-03-09T07:39:19.828+0000] {processor.py:208} INFO - Processing /opt/airflow/dags/02_travel_gmaps_ingestion.py took 0.123 seconds
[2026-03-09T07:39:50.333+0000] {processor.py:186} INFO - Started process (PID=4135) to work on /opt/airflow/dags/02_travel_gmaps_ingestion.py
[2026-03-09T07:39:50.335+0000] {processor.py:914} INFO - Processing file /opt/airflow/dags/02_travel_gmaps_ingestion.py for tasks to queue
[2026-03-09T07:39:50.338+0000] {logging_mixin.py:190} INFO - [2026-03-09T07:39:50.338+0000] {dagbag.py:588} INFO - Filling up the DagBag from /opt/airflow/dags/02_travel_gmaps_ingestion.py
[2026-03-09T07:39:50.362+0000] {processor.py:925} INFO - DAG(s) '02_travel_gmaps_ingestion' retrieved from /opt/airflow/dags/02_travel_gmaps_ingestion.py
[2026-03-09T07:39:50.395+0000] {logging_mixin.py:190} INFO - [2026-03-09T07:39:50.395+0000] {dag.py:3239} INFO - Sync 1 DAGs
[2026-03-09T07:39:50.422+0000] {logging_mixin.py:190} INFO - [2026-03-09T07:39:50.422+0000] {dag.py:4180} INFO - Setting next_dagrun for 02_travel_gmaps_ingestion to 2026-03-08 14:00:00+00:00, run_after=2026-03-09 08:00:00+00:00
[2026-03-09T07:39:50.449+0000] {processor.py:208} INFO - Processing /opt/airflow/dags/02_travel_gmaps_ingestion.py took 0.125 seconds
[2026-03-09T07:40:20.988+0000] {processor.py:186} INFO - Started process (PID=4150) to work on /opt/airflow/dags/02_travel_gmaps_ingestion.py
[2026-03-09T07:40:20.989+0000] {processor.py:914} INFO - Processing file /opt/airflow/dags/02_travel_gmaps_ingestion.py for tasks to queue
[2026-03-09T07:40:20.992+0000] {logging_mixin.py:190} INFO - [2026-03-09T07:40:20.992+0000] {dagbag.py:588} INFO - Filling up the DagBag from /opt/airflow/dags/02_travel_gmaps_ingestion.py
[2026-03-09T07:40:21.012+0000] {processor.py:925} INFO - DAG(s) '02_travel_gmaps_ingestion' retrieved from /opt/airflow/dags/02_travel_gmaps_ingestion.py
[2026-03-09T07:40:21.043+0000] {logging_mixin.py:190} INFO - [2026-03-09T07:40:21.043+0000] {dag.py:3239} INFO - Sync 1 DAGs
[2026-03-09T07:40:21.070+0000] {logging_mixin.py:190} INFO - [2026-03-09T07:40:21.069+0000] {dag.py:4180} INFO - Setting next_dagrun for 02_travel_gmaps_ingestion to 2026-03-08 14:00:00+00:00, run_after=2026-03-09 08:00:00+00:00
[2026-03-09T07:40:21.099+0000] {processor.py:208} INFO - Processing /opt/airflow/dags/02_travel_gmaps_ingestion.py took 0.117 seconds
[2026-03-09T07:40:51.692+0000] {processor.py:186} INFO - Started process (PID=4165) to work on /opt/airflow/dags/02_travel_gmaps_ingestion.py
[2026-03-09T07:40:51.694+0000] {processor.py:914} INFO - Processing file /opt/airflow/dags/02_travel_gmaps_ingestion.py for tasks to queue
[2026-03-09T07:40:51.696+0000] {logging_mixin.py:190} INFO - [2026-03-09T07:40:51.696+0000] {dagbag.py:588} INFO - Filling up the DagBag from /opt/airflow/dags/02_travel_gmaps_ingestion.py
[2026-03-09T07:40:51.715+0000] {processor.py:925} INFO - DAG(s) '02_travel_gmaps_ingestion' retrieved from /opt/airflow/dags/02_travel_gmaps_ingestion.py
[2026-03-09T07:40:51.750+0000] {logging_mixin.py:190} INFO - [2026-03-09T07:40:51.750+0000] {dag.py:3239} INFO - Sync 1 DAGs
[2026-03-09T07:40:51.777+0000] {logging_mixin.py:190} INFO - [2026-03-09T07:40:51.776+0000] {dag.py:4180} INFO - Setting next_dagrun for 02_travel_gmaps_ingestion to 2026-03-08 14:00:00+00:00, run_after=2026-03-09 08:00:00+00:00
[2026-03-09T07:40:51.808+0000] {processor.py:208} INFO - Processing /opt/airflow/dags/02_travel_gmaps_ingestion.py took 0.122 seconds
[2026-03-09T07:41:22.409+0000] {processor.py:186} INFO - Started process (PID=4180) to work on /opt/airflow/dags/02_travel_gmaps_ingestion.py
[2026-03-09T07:41:22.410+0000] {processor.py:914} INFO - Processing file /opt/airflow/dags/02_travel_gmaps_ingestion.py for tasks to queue
[2026-03-09T07:41:22.412+0000] {logging_mixin.py:190} INFO - [2026-03-09T07:41:22.412+0000] {dagbag.py:588} INFO - Filling up the DagBag from /opt/airflow/dags/02_travel_gmaps_ingestion.py
[2026-03-09T07:41:22.431+0000] {processor.py:925} INFO - DAG(s) '02_travel_gmaps_ingestion' retrieved from /opt/airflow/dags/02_travel_gmaps_ingestion.py
[2026-03-09T07:41:22.463+0000] {logging_mixin.py:190} INFO - [2026-03-09T07:41:22.463+0000] {dag.py:3239} INFO - Sync 1 DAGs
[2026-03-09T07:41:22.494+0000] {logging_mixin.py:190} INFO - [2026-03-09T07:41:22.494+0000] {dag.py:4180} INFO - Setting next_dagrun for 02_travel_gmaps_ingestion to 2026-03-08 14:00:00+00:00, run_after=2026-03-09 08:00:00+00:00
[2026-03-09T07:41:22.523+0000] {processor.py:208} INFO - Processing /opt/airflow/dags/02_travel_gmaps_ingestion.py took 0.121 seconds
[2026-03-09T07:41:53.114+0000] {processor.py:186} INFO - Started process (PID=4195) to work on /opt/airflow/dags/02_travel_gmaps_ingestion.py
[2026-03-09T07:41:53.115+0000] {processor.py:914} INFO - Processing file /opt/airflow/dags/02_travel_gmaps_ingestion.py for tasks to queue
[2026-03-09T07:41:53.118+0000] {logging_mixin.py:190} INFO - [2026-03-09T07:41:53.117+0000] {dagbag.py:588} INFO - Filling up the DagBag from /opt/airflow/dags/02_travel_gmaps_ingestion.py
[2026-03-09T07:41:53.137+0000] {processor.py:925} INFO - DAG(s) '02_travel_gmaps_ingestion' retrieved from /opt/airflow/dags/02_travel_gmaps_ingestion.py
[2026-03-09T07:41:53.173+0000] {logging_mixin.py:190} INFO - [2026-03-09T07:41:53.173+0000] {dag.py:3239} INFO - Sync 1 DAGs
[2026-03-09T07:41:53.201+0000] {logging_mixin.py:190} INFO - [2026-03-09T07:41:53.201+0000] {dag.py:4180} INFO - Setting next_dagrun for 02_travel_gmaps_ingestion to 2026-03-08 14:00:00+00:00, run_after=2026-03-09 08:00:00+00:00
[2026-03-09T07:41:53.227+0000] {processor.py:208} INFO - Processing /opt/airflow/dags/02_travel_gmaps_ingestion.py took 0.119 seconds
[2026-03-09T07:42:23.850+0000] {processor.py:186} INFO - Started process (PID=4210) to work on /opt/airflow/dags/02_travel_gmaps_ingestion.py
[2026-03-09T07:42:23.851+0000] {processor.py:914} INFO - Processing file /opt/airflow/dags/02_travel_gmaps_ingestion.py for tasks to queue
[2026-03-09T07:42:23.853+0000] {logging_mixin.py:190} INFO - [2026-03-09T07:42:23.853+0000] {dagbag.py:588} INFO - Filling up the DagBag from /opt/airflow/dags/02_travel_gmaps_ingestion.py
[2026-03-09T07:42:23.871+0000] {processor.py:925} INFO - DAG(s) '02_travel_gmaps_ingestion' retrieved from /opt/airflow/dags/02_travel_gmaps_ingestion.py
[2026-03-09T07:42:23.900+0000] {logging_mixin.py:190} INFO - [2026-03-09T07:42:23.900+0000] {dag.py:3239} INFO - Sync 1 DAGs
[2026-03-09T07:42:23.927+0000] {logging_mixin.py:190} INFO - [2026-03-09T07:42:23.926+0000] {dag.py:4180} INFO - Setting next_dagrun for 02_travel_gmaps_ingestion to 2026-03-08 14:00:00+00:00, run_after=2026-03-09 08:00:00+00:00
[2026-03-09T07:42:23.954+0000] {processor.py:208} INFO - Processing /opt/airflow/dags/02_travel_gmaps_ingestion.py took 0.110 seconds
[2026-03-09T07:42:54.519+0000] {processor.py:186} INFO - Started process (PID=4225) to work on /opt/airflow/dags/02_travel_gmaps_ingestion.py
[2026-03-09T07:42:54.520+0000] {processor.py:914} INFO - Processing file /opt/airflow/dags/02_travel_gmaps_ingestion.py for tasks to queue
[2026-03-09T07:42:54.523+0000] {logging_mixin.py:190} INFO - [2026-03-09T07:42:54.523+0000] {dagbag.py:588} INFO - Filling up the DagBag from /opt/airflow/dags/02_travel_gmaps_ingestion.py
[2026-03-09T07:42:54.544+0000] {processor.py:925} INFO - DAG(s) '02_travel_gmaps_ingestion' retrieved from /opt/airflow/dags/02_travel_gmaps_ingestion.py
[2026-03-09T07:42:54.575+0000] {logging_mixin.py:190} INFO - [2026-03-09T07:42:54.575+0000] {dag.py:3239} INFO - Sync 1 DAGs
[2026-03-09T07:42:54.604+0000] {logging_mixin.py:190} INFO - [2026-03-09T07:42:54.604+0000] {dag.py:4180} INFO - Setting next_dagrun for 02_travel_gmaps_ingestion to 2026-03-08 14:00:00+00:00, run_after=2026-03-09 08:00:00+00:00
[2026-03-09T07:42:54.632+0000] {processor.py:208} INFO - Processing /opt/airflow/dags/02_travel_gmaps_ingestion.py took 0.120 seconds
[2026-03-09T07:43:25.288+0000] {processor.py:186} INFO - Started process (PID=4240) to work on /opt/airflow/dags/02_travel_gmaps_ingestion.py
[2026-03-09T07:43:25.290+0000] {processor.py:914} INFO - Processing file /opt/airflow/dags/02_travel_gmaps_ingestion.py for tasks to queue
[2026-03-09T07:43:25.293+0000] {logging_mixin.py:190} INFO - [2026-03-09T07:43:25.292+0000] {dagbag.py:588} INFO - Filling up the DagBag from /opt/airflow/dags/02_travel_gmaps_ingestion.py
[2026-03-09T07:43:25.313+0000] {processor.py:925} INFO - DAG(s) '02_travel_gmaps_ingestion' retrieved from /opt/airflow/dags/02_travel_gmaps_ingestion.py
[2026-03-09T07:43:25.345+0000] {logging_mixin.py:190} INFO - [2026-03-09T07:43:25.344+0000] {dag.py:3239} INFO - Sync 1 DAGs
[2026-03-09T07:43:25.371+0000] {logging_mixin.py:190} INFO - [2026-03-09T07:43:25.371+0000] {dag.py:4180} INFO - Setting next_dagrun for 02_travel_gmaps_ingestion to 2026-03-08 14:00:00+00:00, run_after=2026-03-09 08:00:00+00:00
[2026-03-09T07:43:25.399+0000] {processor.py:208} INFO - Processing /opt/airflow/dags/02_travel_gmaps_ingestion.py took 0.118 seconds
[2026-03-09T07:43:55.999+0000] {processor.py:186} INFO - Started process (PID=4255) to work on /opt/airflow/dags/02_travel_gmaps_ingestion.py
[2026-03-09T07:43:56.000+0000] {processor.py:914} INFO - Processing file /opt/airflow/dags/02_travel_gmaps_ingestion.py for tasks to queue
[2026-03-09T07:43:56.003+0000] {logging_mixin.py:190} INFO - [2026-03-09T07:43:56.003+0000] {dagbag.py:588} INFO - Filling up the DagBag from /opt/airflow/dags/02_travel_gmaps_ingestion.py
[2026-03-09T07:43:56.023+0000] {processor.py:925} INFO - DAG(s) '02_travel_gmaps_ingestion' retrieved from /opt/airflow/dags/02_travel_gmaps_ingestion.py
[2026-03-09T07:43:56.054+0000] {logging_mixin.py:190} INFO - [2026-03-09T07:43:56.054+0000] {dag.py:3239} INFO - Sync 1 DAGs
[2026-03-09T07:43:56.081+0000] {logging_mixin.py:190} INFO - [2026-03-09T07:43:56.081+0000] {dag.py:4180} INFO - Setting next_dagrun for 02_travel_gmaps_ingestion to 2026-03-08 14:00:00+00:00, run_after=2026-03-09 08:00:00+00:00
[2026-03-09T07:43:56.111+0000] {processor.py:208} INFO - Processing /opt/airflow/dags/02_travel_gmaps_ingestion.py took 0.118 seconds
[2026-03-09T07:44:26.702+0000] {processor.py:186} INFO - Started process (PID=4270) to work on /opt/airflow/dags/02_travel_gmaps_ingestion.py
[2026-03-09T07:44:26.703+0000] {processor.py:914} INFO - Processing file /opt/airflow/dags/02_travel_gmaps_ingestion.py for tasks to queue
[2026-03-09T07:44:26.705+0000] {logging_mixin.py:190} INFO - [2026-03-09T07:44:26.705+0000] {dagbag.py:588} INFO - Filling up the DagBag from /opt/airflow/dags/02_travel_gmaps_ingestion.py
[2026-03-09T07:44:26.725+0000] {processor.py:925} INFO - DAG(s) '02_travel_gmaps_ingestion' retrieved from /opt/airflow/dags/02_travel_gmaps_ingestion.py
[2026-03-09T07:44:26.756+0000] {logging_mixin.py:190} INFO - [2026-03-09T07:44:26.756+0000] {dag.py:3239} INFO - Sync 1 DAGs
[2026-03-09T07:44:26.782+0000] {logging_mixin.py:190} INFO - [2026-03-09T07:44:26.782+0000] {dag.py:4180} INFO - Setting next_dagrun for 02_travel_gmaps_ingestion to 2026-03-08 14:00:00+00:00, run_after=2026-03-09 08:00:00+00:00
[2026-03-09T07:44:26.810+0000] {processor.py:208} INFO - Processing /opt/airflow/dags/02_travel_gmaps_ingestion.py took 0.115 seconds
[2026-03-09T07:44:57.220+0000] {processor.py:186} INFO - Started process (PID=4285) to work on /opt/airflow/dags/02_travel_gmaps_ingestion.py
[2026-03-09T07:44:57.222+0000] {processor.py:914} INFO - Processing file /opt/airflow/dags/02_travel_gmaps_ingestion.py for tasks to queue
[2026-03-09T07:44:57.226+0000] {logging_mixin.py:190} INFO - [2026-03-09T07:44:57.225+0000] {dagbag.py:588} INFO - Filling up the DagBag from /opt/airflow/dags/02_travel_gmaps_ingestion.py
[2026-03-09T07:44:57.249+0000] {processor.py:925} INFO - DAG(s) '02_travel_gmaps_ingestion' retrieved from /opt/airflow/dags/02_travel_gmaps_ingestion.py
[2026-03-09T07:44:57.293+0000] {logging_mixin.py:190} INFO - [2026-03-09T07:44:57.293+0000] {dag.py:3239} INFO - Sync 1 DAGs
[2026-03-09T07:44:57.330+0000] {logging_mixin.py:190} INFO - [2026-03-09T07:44:57.329+0000] {dag.py:4180} INFO - Setting next_dagrun for 02_travel_gmaps_ingestion to 2026-03-08 14:00:00+00:00, run_after=2026-03-09 08:00:00+00:00
[2026-03-09T07:44:57.359+0000] {processor.py:208} INFO - Processing /opt/airflow/dags/02_travel_gmaps_ingestion.py took 0.146 seconds
[2026-03-09T07:45:27.819+0000] {processor.py:186} INFO - Started process (PID=4300) to work on /opt/airflow/dags/02_travel_gmaps_ingestion.py
[2026-03-09T07:45:27.821+0000] {processor.py:914} INFO - Processing file /opt/airflow/dags/02_travel_gmaps_ingestion.py for tasks to queue
[2026-03-09T07:45:27.825+0000] {logging_mixin.py:190} INFO - [2026-03-09T07:45:27.825+0000] {dagbag.py:588} INFO - Filling up the DagBag from /opt/airflow/dags/02_travel_gmaps_ingestion.py
[2026-03-09T07:45:27.858+0000] {processor.py:925} INFO - DAG(s) '02_travel_gmaps_ingestion' retrieved from /opt/airflow/dags/02_travel_gmaps_ingestion.py
[2026-03-09T07:45:27.901+0000] {logging_mixin.py:190} INFO - [2026-03-09T07:45:27.901+0000] {dag.py:3239} INFO - Sync 1 DAGs
[2026-03-09T07:45:27.941+0000] {logging_mixin.py:190} INFO - [2026-03-09T07:45:27.941+0000] {dag.py:4180} INFO - Setting next_dagrun for 02_travel_gmaps_ingestion to 2026-03-08 14:00:00+00:00, run_after=2026-03-09 08:00:00+00:00
[2026-03-09T07:45:27.966+0000] {processor.py:208} INFO - Processing /opt/airflow/dags/02_travel_gmaps_ingestion.py took 0.160 seconds
[2026-03-09T07:45:58.421+0000] {processor.py:186} INFO - Started process (PID=4315) to work on /opt/airflow/dags/02_travel_gmaps_ingestion.py
[2026-03-09T07:45:58.423+0000] {processor.py:914} INFO - Processing file /opt/airflow/dags/02_travel_gmaps_ingestion.py for tasks to queue
[2026-03-09T07:45:58.427+0000] {logging_mixin.py:190} INFO - [2026-03-09T07:45:58.426+0000] {dagbag.py:588} INFO - Filling up the DagBag from /opt/airflow/dags/02_travel_gmaps_ingestion.py
[2026-03-09T07:45:58.454+0000] {processor.py:925} INFO - DAG(s) '02_travel_gmaps_ingestion' retrieved from /opt/airflow/dags/02_travel_gmaps_ingestion.py
[2026-03-09T07:45:58.503+0000] {logging_mixin.py:190} INFO - [2026-03-09T07:45:58.499+0000] {dag.py:3239} INFO - Sync 1 DAGs
[2026-03-09T07:45:58.560+0000] {logging_mixin.py:190} INFO - [2026-03-09T07:45:58.559+0000] {dag.py:4180} INFO - Setting next_dagrun for 02_travel_gmaps_ingestion to 2026-03-08 14:00:00+00:00, run_after=2026-03-09 08:00:00+00:00
[2026-03-09T07:45:58.596+0000] {processor.py:208} INFO - Processing /opt/airflow/dags/02_travel_gmaps_ingestion.py took 0.184 seconds
[2026-03-09T07:46:29.100+0000] {processor.py:186} INFO - Started process (PID=4330) to work on /opt/airflow/dags/02_travel_gmaps_ingestion.py
[2026-03-09T07:46:29.102+0000] {processor.py:914} INFO - Processing file /opt/airflow/dags/02_travel_gmaps_ingestion.py for tasks to queue
[2026-03-09T07:46:29.106+0000] {logging_mixin.py:190} INFO - [2026-03-09T07:46:29.105+0000] {dagbag.py:588} INFO - Filling up the DagBag from /opt/airflow/dags/02_travel_gmaps_ingestion.py
[2026-03-09T07:46:29.129+0000] {processor.py:925} INFO - DAG(s) '02_travel_gmaps_ingestion' retrieved from /opt/airflow/dags/02_travel_gmaps_ingestion.py
[2026-03-09T07:46:29.165+0000] {logging_mixin.py:190} INFO - [2026-03-09T07:46:29.165+0000] {dag.py:3239} INFO - Sync 1 DAGs
[2026-03-09T07:46:29.201+0000] {logging_mixin.py:190} INFO - [2026-03-09T07:46:29.200+0000] {dag.py:4180} INFO - Setting next_dagrun for 02_travel_gmaps_ingestion to 2026-03-08 14:00:00+00:00, run_after=2026-03-09 08:00:00+00:00
[2026-03-09T07:46:29.235+0000] {processor.py:208} INFO - Processing /opt/airflow/dags/02_travel_gmaps_ingestion.py took 0.143 seconds
[2026-03-09T07:46:59.696+0000] {processor.py:186} INFO - Started process (PID=4345) to work on /opt/airflow/dags/02_travel_gmaps_ingestion.py
[2026-03-09T07:46:59.697+0000] {processor.py:914} INFO - Processing file /opt/airflow/dags/02_travel_gmaps_ingestion.py for tasks to queue
[2026-03-09T07:46:59.700+0000] {logging_mixin.py:190} INFO - [2026-03-09T07:46:59.699+0000] {dagbag.py:588} INFO - Filling up the DagBag from /opt/airflow/dags/02_travel_gmaps_ingestion.py
[2026-03-09T07:46:59.721+0000] {processor.py:925} INFO - DAG(s) '02_travel_gmaps_ingestion' retrieved from /opt/airflow/dags/02_travel_gmaps_ingestion.py
[2026-03-09T07:46:59.758+0000] {logging_mixin.py:190} INFO - [2026-03-09T07:46:59.758+0000] {dag.py:3239} INFO - Sync 1 DAGs
[2026-03-09T07:46:59.789+0000] {logging_mixin.py:190} INFO - [2026-03-09T07:46:59.789+0000] {dag.py:4180} INFO - Setting next_dagrun for 02_travel_gmaps_ingestion to 2026-03-08 14:00:00+00:00, run_after=2026-03-09 08:00:00+00:00
[2026-03-09T07:46:59.821+0000] {processor.py:208} INFO - Processing /opt/airflow/dags/02_travel_gmaps_ingestion.py took 0.134 seconds
[2026-03-09T07:47:30.415+0000] {processor.py:186} INFO - Started process (PID=4360) to work on /opt/airflow/dags/02_travel_gmaps_ingestion.py
[2026-03-09T07:47:30.416+0000] {processor.py:914} INFO - Processing file /opt/airflow/dags/02_travel_gmaps_ingestion.py for tasks to queue
[2026-03-09T07:47:30.420+0000] {logging_mixin.py:190} INFO - [2026-03-09T07:47:30.420+0000] {dagbag.py:588} INFO - Filling up the DagBag from /opt/airflow/dags/02_travel_gmaps_ingestion.py
[2026-03-09T07:47:30.449+0000] {processor.py:925} INFO - DAG(s) '02_travel_gmaps_ingestion' retrieved from /opt/airflow/dags/02_travel_gmaps_ingestion.py
[2026-03-09T07:47:30.492+0000] {logging_mixin.py:190} INFO - [2026-03-09T07:47:30.492+0000] {dag.py:3239} INFO - Sync 1 DAGs
[2026-03-09T07:47:30.527+0000] {logging_mixin.py:190} INFO - [2026-03-09T07:47:30.526+0000] {dag.py:4180} INFO - Setting next_dagrun for 02_travel_gmaps_ingestion to 2026-03-08 14:00:00+00:00, run_after=2026-03-09 08:00:00+00:00
[2026-03-09T07:47:30.559+0000] {processor.py:208} INFO - Processing /opt/airflow/dags/02_travel_gmaps_ingestion.py took 0.153 seconds
[2026-03-09T07:48:01.153+0000] {processor.py:186} INFO - Started process (PID=4375) to work on /opt/airflow/dags/02_travel_gmaps_ingestion.py
[2026-03-09T07:48:01.154+0000] {processor.py:914} INFO - Processing file /opt/airflow/dags/02_travel_gmaps_ingestion.py for tasks to queue
[2026-03-09T07:48:01.157+0000] {logging_mixin.py:190} INFO - [2026-03-09T07:48:01.157+0000] {dagbag.py:588} INFO - Filling up the DagBag from /opt/airflow/dags/02_travel_gmaps_ingestion.py
[2026-03-09T07:48:01.180+0000] {processor.py:925} INFO - DAG(s) '02_travel_gmaps_ingestion' retrieved from /opt/airflow/dags/02_travel_gmaps_ingestion.py
[2026-03-09T07:48:01.241+0000] {logging_mixin.py:190} INFO - [2026-03-09T07:48:01.241+0000] {dag.py:3239} INFO - Sync 1 DAGs
[2026-03-09T07:48:01.276+0000] {logging_mixin.py:190} INFO - [2026-03-09T07:48:01.276+0000] {dag.py:4180} INFO - Setting next_dagrun for 02_travel_gmaps_ingestion to 2026-03-08 14:00:00+00:00, run_after=2026-03-09 08:00:00+00:00
[2026-03-09T07:48:01.304+0000] {processor.py:208} INFO - Processing /opt/airflow/dags/02_travel_gmaps_ingestion.py took 0.159 seconds
[2026-03-09T07:48:31.757+0000] {processor.py:186} INFO - Started process (PID=4390) to work on /opt/airflow/dags/02_travel_gmaps_ingestion.py
[2026-03-09T07:48:31.758+0000] {processor.py:914} INFO - Processing file /opt/airflow/dags/02_travel_gmaps_ingestion.py for tasks to queue
[2026-03-09T07:48:31.762+0000] {logging_mixin.py:190} INFO - [2026-03-09T07:48:31.761+0000] {dagbag.py:588} INFO - Filling up the DagBag from /opt/airflow/dags/02_travel_gmaps_ingestion.py
[2026-03-09T07:48:31.781+0000] {processor.py:925} INFO - DAG(s) '02_travel_gmaps_ingestion' retrieved from /opt/airflow/dags/02_travel_gmaps_ingestion.py
[2026-03-09T07:48:31.816+0000] {logging_mixin.py:190} INFO - [2026-03-09T07:48:31.816+0000] {dag.py:3239} INFO - Sync 1 DAGs
[2026-03-09T07:48:31.843+0000] {logging_mixin.py:190} INFO - [2026-03-09T07:48:31.843+0000] {dag.py:4180} INFO - Setting next_dagrun for 02_travel_gmaps_ingestion to 2026-03-08 14:00:00+00:00, run_after=2026-03-09 08:00:00+00:00
[2026-03-09T07:48:31.873+0000] {processor.py:208} INFO - Processing /opt/airflow/dags/02_travel_gmaps_ingestion.py took 0.123 seconds
[2026-03-09T07:49:02.382+0000] {processor.py:186} INFO - Started process (PID=4405) to work on /opt/airflow/dags/02_travel_gmaps_ingestion.py
[2026-03-09T07:49:02.383+0000] {processor.py:914} INFO - Processing file /opt/airflow/dags/02_travel_gmaps_ingestion.py for tasks to queue
[2026-03-09T07:49:02.387+0000] {logging_mixin.py:190} INFO - [2026-03-09T07:49:02.387+0000] {dagbag.py:588} INFO - Filling up the DagBag from /opt/airflow/dags/02_travel_gmaps_ingestion.py
[2026-03-09T07:49:02.408+0000] {processor.py:925} INFO - DAG(s) '02_travel_gmaps_ingestion' retrieved from /opt/airflow/dags/02_travel_gmaps_ingestion.py
[2026-03-09T07:49:02.443+0000] {logging_mixin.py:190} INFO - [2026-03-09T07:49:02.442+0000] {dag.py:3239} INFO - Sync 1 DAGs
[2026-03-09T07:49:02.471+0000] {logging_mixin.py:190} INFO - [2026-03-09T07:49:02.470+0000] {dag.py:4180} INFO - Setting next_dagrun for 02_travel_gmaps_ingestion to 2026-03-08 14:00:00+00:00, run_after=2026-03-09 08:00:00+00:00
[2026-03-09T07:49:02.499+0000] {processor.py:208} INFO - Processing /opt/airflow/dags/02_travel_gmaps_ingestion.py took 0.124 seconds
[2026-03-09T07:49:32.995+0000] {processor.py:186} INFO - Started process (PID=4420) to work on /opt/airflow/dags/02_travel_gmaps_ingestion.py
[2026-03-09T07:49:32.997+0000] {processor.py:914} INFO - Processing file /opt/airflow/dags/02_travel_gmaps_ingestion.py for tasks to queue
[2026-03-09T07:49:33.000+0000] {logging_mixin.py:190} INFO - [2026-03-09T07:49:32.999+0000] {dagbag.py:588} INFO - Filling up the DagBag from /opt/airflow/dags/02_travel_gmaps_ingestion.py
[2026-03-09T07:49:33.019+0000] {processor.py:925} INFO - DAG(s) '02_travel_gmaps_ingestion' retrieved from /opt/airflow/dags/02_travel_gmaps_ingestion.py
[2026-03-09T07:49:33.050+0000] {logging_mixin.py:190} INFO - [2026-03-09T07:49:33.050+0000] {dag.py:3239} INFO - Sync 1 DAGs
[2026-03-09T07:49:33.081+0000] {logging_mixin.py:190} INFO - [2026-03-09T07:49:33.081+0000] {dag.py:4180} INFO - Setting next_dagrun for 02_travel_gmaps_ingestion to 2026-03-08 14:00:00+00:00, run_after=2026-03-09 08:00:00+00:00
[2026-03-09T07:49:33.111+0000] {processor.py:208} INFO - Processing /opt/airflow/dags/02_travel_gmaps_ingestion.py took 0.123 seconds
[2026-03-09T07:50:03.667+0000] {processor.py:186} INFO - Started process (PID=4435) to work on /opt/airflow/dags/02_travel_gmaps_ingestion.py
[2026-03-09T07:50:03.668+0000] {processor.py:914} INFO - Processing file /opt/airflow/dags/02_travel_gmaps_ingestion.py for tasks to queue
[2026-03-09T07:50:03.671+0000] {logging_mixin.py:190} INFO - [2026-03-09T07:50:03.670+0000] {dagbag.py:588} INFO - Filling up the DagBag from /opt/airflow/dags/02_travel_gmaps_ingestion.py
[2026-03-09T07:50:03.692+0000] {processor.py:925} INFO - DAG(s) '02_travel_gmaps_ingestion' retrieved from /opt/airflow/dags/02_travel_gmaps_ingestion.py
[2026-03-09T07:50:03.728+0000] {logging_mixin.py:190} INFO - [2026-03-09T07:50:03.728+0000] {dag.py:3239} INFO - Sync 1 DAGs
[2026-03-09T07:50:03.758+0000] {logging_mixin.py:190} INFO - [2026-03-09T07:50:03.758+0000] {dag.py:4180} INFO - Setting next_dagrun for 02_travel_gmaps_ingestion to 2026-03-08 14:00:00+00:00, run_after=2026-03-09 08:00:00+00:00
[2026-03-09T07:50:03.784+0000] {processor.py:208} INFO - Processing /opt/airflow/dags/02_travel_gmaps_ingestion.py took 0.124 seconds
[2026-03-09T07:50:34.365+0000] {processor.py:186} INFO - Started process (PID=4450) to work on /opt/airflow/dags/02_travel_gmaps_ingestion.py
[2026-03-09T07:50:34.367+0000] {processor.py:914} INFO - Processing file /opt/airflow/dags/02_travel_gmaps_ingestion.py for tasks to queue
[2026-03-09T07:50:34.371+0000] {logging_mixin.py:190} INFO - [2026-03-09T07:50:34.370+0000] {dagbag.py:588} INFO - Filling up the DagBag from /opt/airflow/dags/02_travel_gmaps_ingestion.py
[2026-03-09T07:50:34.405+0000] {processor.py:925} INFO - DAG(s) '02_travel_gmaps_ingestion' retrieved from /opt/airflow/dags/02_travel_gmaps_ingestion.py
[2026-03-09T07:50:34.460+0000] {logging_mixin.py:190} INFO - [2026-03-09T07:50:34.460+0000] {dag.py:3239} INFO - Sync 1 DAGs
[2026-03-09T07:50:34.499+0000] {logging_mixin.py:190} INFO - [2026-03-09T07:50:34.499+0000] {dag.py:4180} INFO - Setting next_dagrun for 02_travel_gmaps_ingestion to 2026-03-08 14:00:00+00:00, run_after=2026-03-09 08:00:00+00:00
[2026-03-09T07:50:34.523+0000] {processor.py:208} INFO - Processing /opt/airflow/dags/02_travel_gmaps_ingestion.py took 0.167 seconds
[2026-03-09T07:51:05.008+0000] {processor.py:186} INFO - Started process (PID=4465) to work on /opt/airflow/dags/02_travel_gmaps_ingestion.py
[2026-03-09T07:51:05.010+0000] {processor.py:914} INFO - Processing file /opt/airflow/dags/02_travel_gmaps_ingestion.py for tasks to queue
[2026-03-09T07:51:05.013+0000] {logging_mixin.py:190} INFO - [2026-03-09T07:51:05.013+0000] {dagbag.py:588} INFO - Filling up the DagBag from /opt/airflow/dags/02_travel_gmaps_ingestion.py
[2026-03-09T07:51:05.037+0000] {processor.py:925} INFO - DAG(s) '02_travel_gmaps_ingestion' retrieved from /opt/airflow/dags/02_travel_gmaps_ingestion.py
[2026-03-09T07:51:05.086+0000] {logging_mixin.py:190} INFO - [2026-03-09T07:51:05.086+0000] {dag.py:3239} INFO - Sync 1 DAGs
[2026-03-09T07:51:05.133+0000] {logging_mixin.py:190} INFO - [2026-03-09T07:51:05.133+0000] {dag.py:4180} INFO - Setting next_dagrun for 02_travel_gmaps_ingestion to 2026-03-08 14:00:00+00:00, run_after=2026-03-09 08:00:00+00:00
[2026-03-09T07:51:05.163+0000] {processor.py:208} INFO - Processing /opt/airflow/dags/02_travel_gmaps_ingestion.py took 0.163 seconds
[2026-03-09T07:51:35.612+0000] {processor.py:186} INFO - Started process (PID=4480) to work on /opt/airflow/dags/02_travel_gmaps_ingestion.py
[2026-03-09T07:51:35.614+0000] {processor.py:914} INFO - Processing file /opt/airflow/dags/02_travel_gmaps_ingestion.py for tasks to queue
[2026-03-09T07:51:35.617+0000] {logging_mixin.py:190} INFO - [2026-03-09T07:51:35.616+0000] {dagbag.py:588} INFO - Filling up the DagBag from /opt/airflow/dags/02_travel_gmaps_ingestion.py
[2026-03-09T07:51:35.642+0000] {processor.py:925} INFO - DAG(s) '02_travel_gmaps_ingestion' retrieved from /opt/airflow/dags/02_travel_gmaps_ingestion.py
[2026-03-09T07:51:35.677+0000] {logging_mixin.py:190} INFO - [2026-03-09T07:51:35.677+0000] {dag.py:3239} INFO - Sync 1 DAGs
[2026-03-09T07:51:35.710+0000] {logging_mixin.py:190} INFO - [2026-03-09T07:51:35.710+0000] {dag.py:4180} INFO - Setting next_dagrun for 02_travel_gmaps_ingestion to 2026-03-08 14:00:00+00:00, run_after=2026-03-09 08:00:00+00:00
[2026-03-09T07:51:35.741+0000] {processor.py:208} INFO - Processing /opt/airflow/dags/02_travel_gmaps_ingestion.py took 0.137 seconds
[2026-03-09T07:52:06.327+0000] {processor.py:186} INFO - Started process (PID=4495) to work on /opt/airflow/dags/02_travel_gmaps_ingestion.py
[2026-03-09T07:52:06.328+0000] {processor.py:914} INFO - Processing file /opt/airflow/dags/02_travel_gmaps_ingestion.py for tasks to queue
[2026-03-09T07:52:06.331+0000] {logging_mixin.py:190} INFO - [2026-03-09T07:52:06.331+0000] {dagbag.py:588} INFO - Filling up the DagBag from /opt/airflow/dags/02_travel_gmaps_ingestion.py
[2026-03-09T07:52:06.358+0000] {processor.py:925} INFO - DAG(s) '02_travel_gmaps_ingestion' retrieved from /opt/airflow/dags/02_travel_gmaps_ingestion.py
[2026-03-09T07:52:06.392+0000] {logging_mixin.py:190} INFO - [2026-03-09T07:52:06.392+0000] {dag.py:3239} INFO - Sync 1 DAGs
[2026-03-09T07:52:06.420+0000] {logging_mixin.py:190} INFO - [2026-03-09T07:52:06.420+0000] {dag.py:4180} INFO - Setting next_dagrun for 02_travel_gmaps_ingestion to 2026-03-08 14:00:00+00:00, run_after=2026-03-09 08:00:00+00:00
[2026-03-09T07:52:06.452+0000] {processor.py:208} INFO - Processing /opt/airflow/dags/02_travel_gmaps_ingestion.py took 0.131 seconds
[2026-03-09T07:52:37.050+0000] {processor.py:186} INFO - Started process (PID=4510) to work on /opt/airflow/dags/02_travel_gmaps_ingestion.py
[2026-03-09T07:52:37.051+0000] {processor.py:914} INFO - Processing file /opt/airflow/dags/02_travel_gmaps_ingestion.py for tasks to queue
[2026-03-09T07:52:37.054+0000] {logging_mixin.py:190} INFO - [2026-03-09T07:52:37.054+0000] {dagbag.py:588} INFO - Filling up the DagBag from /opt/airflow/dags/02_travel_gmaps_ingestion.py
[2026-03-09T07:52:37.073+0000] {processor.py:925} INFO - DAG(s) '02_travel_gmaps_ingestion' retrieved from /opt/airflow/dags/02_travel_gmaps_ingestion.py
[2026-03-09T07:52:37.107+0000] {logging_mixin.py:190} INFO - [2026-03-09T07:52:37.107+0000] {dag.py:3239} INFO - Sync 1 DAGs
[2026-03-09T07:52:37.135+0000] {logging_mixin.py:190} INFO - [2026-03-09T07:52:37.135+0000] {dag.py:4180} INFO - Setting next_dagrun for 02_travel_gmaps_ingestion to 2026-03-08 14:00:00+00:00, run_after=2026-03-09 08:00:00+00:00
[2026-03-09T07:52:37.163+0000] {processor.py:208} INFO - Processing /opt/airflow/dags/02_travel_gmaps_ingestion.py took 0.119 seconds
[2026-03-09T07:53:07.844+0000] {processor.py:186} INFO - Started process (PID=4525) to work on /opt/airflow/dags/02_travel_gmaps_ingestion.py
[2026-03-09T07:53:07.845+0000] {processor.py:914} INFO - Processing file /opt/airflow/dags/02_travel_gmaps_ingestion.py for tasks to queue
[2026-03-09T07:53:07.848+0000] {logging_mixin.py:190} INFO - [2026-03-09T07:53:07.847+0000] {dagbag.py:588} INFO - Filling up the DagBag from /opt/airflow/dags/02_travel_gmaps_ingestion.py
[2026-03-09T07:53:07.869+0000] {processor.py:925} INFO - DAG(s) '02_travel_gmaps_ingestion' retrieved from /opt/airflow/dags/02_travel_gmaps_ingestion.py
[2026-03-09T07:53:07.899+0000] {logging_mixin.py:190} INFO - [2026-03-09T07:53:07.899+0000] {dag.py:3239} INFO - Sync 1 DAGs
[2026-03-09T07:53:07.927+0000] {logging_mixin.py:190} INFO - [2026-03-09T07:53:07.927+0000] {dag.py:4180} INFO - Setting next_dagrun for 02_travel_gmaps_ingestion to 2026-03-08 14:00:00+00:00, run_after=2026-03-09 08:00:00+00:00
[2026-03-09T07:53:07.959+0000] {processor.py:208} INFO - Processing /opt/airflow/dags/02_travel_gmaps_ingestion.py took 0.123 seconds
[2026-03-09T07:53:38.570+0000] {processor.py:186} INFO - Started process (PID=4540) to work on /opt/airflow/dags/02_travel_gmaps_ingestion.py
[2026-03-09T07:53:38.572+0000] {processor.py:914} INFO - Processing file /opt/airflow/dags/02_travel_gmaps_ingestion.py for tasks to queue
[2026-03-09T07:53:38.576+0000] {logging_mixin.py:190} INFO - [2026-03-09T07:53:38.576+0000] {dagbag.py:588} INFO - Filling up the DagBag from /opt/airflow/dags/02_travel_gmaps_ingestion.py
[2026-03-09T07:53:38.604+0000] {processor.py:925} INFO - DAG(s) '02_travel_gmaps_ingestion' retrieved from /opt/airflow/dags/02_travel_gmaps_ingestion.py
[2026-03-09T07:53:38.643+0000] {logging_mixin.py:190} INFO - [2026-03-09T07:53:38.643+0000] {dag.py:3239} INFO - Sync 1 DAGs
[2026-03-09T07:53:38.670+0000] {logging_mixin.py:190} INFO - [2026-03-09T07:53:38.670+0000] {dag.py:4180} INFO - Setting next_dagrun for 02_travel_gmaps_ingestion to 2026-03-08 14:00:00+00:00, run_after=2026-03-09 08:00:00+00:00
[2026-03-09T07:53:38.697+0000] {processor.py:208} INFO - Processing /opt/airflow/dags/02_travel_gmaps_ingestion.py took 0.137 seconds
[2026-03-09T07:54:09.295+0000] {processor.py:186} INFO - Started process (PID=4555) to work on /opt/airflow/dags/02_travel_gmaps_ingestion.py
[2026-03-09T07:54:09.296+0000] {processor.py:914} INFO - Processing file /opt/airflow/dags/02_travel_gmaps_ingestion.py for tasks to queue
[2026-03-09T07:54:09.299+0000] {logging_mixin.py:190} INFO - [2026-03-09T07:54:09.298+0000] {dagbag.py:588} INFO - Filling up the DagBag from /opt/airflow/dags/02_travel_gmaps_ingestion.py
[2026-03-09T07:54:09.320+0000] {processor.py:925} INFO - DAG(s) '02_travel_gmaps_ingestion' retrieved from /opt/airflow/dags/02_travel_gmaps_ingestion.py
[2026-03-09T07:54:09.357+0000] {logging_mixin.py:190} INFO - [2026-03-09T07:54:09.357+0000] {dag.py:3239} INFO - Sync 1 DAGs
[2026-03-09T07:54:09.387+0000] {logging_mixin.py:190} INFO - [2026-03-09T07:54:09.387+0000] {dag.py:4180} INFO - Setting next_dagrun for 02_travel_gmaps_ingestion to 2026-03-08 14:00:00+00:00, run_after=2026-03-09 08:00:00+00:00
[2026-03-09T07:54:09.421+0000] {processor.py:208} INFO - Processing /opt/airflow/dags/02_travel_gmaps_ingestion.py took 0.132 seconds
[2026-03-09T07:54:39.951+0000] {processor.py:186} INFO - Started process (PID=4570) to work on /opt/airflow/dags/02_travel_gmaps_ingestion.py
[2026-03-09T07:54:39.952+0000] {processor.py:914} INFO - Processing file /opt/airflow/dags/02_travel_gmaps_ingestion.py for tasks to queue
[2026-03-09T07:54:39.956+0000] {logging_mixin.py:190} INFO - [2026-03-09T07:54:39.955+0000] {dagbag.py:588} INFO - Filling up the DagBag from /opt/airflow/dags/02_travel_gmaps_ingestion.py
[2026-03-09T07:54:39.980+0000] {processor.py:925} INFO - DAG(s) '02_travel_gmaps_ingestion' retrieved from /opt/airflow/dags/02_travel_gmaps_ingestion.py
[2026-03-09T07:54:40.016+0000] {logging_mixin.py:190} INFO - [2026-03-09T07:54:40.015+0000] {dag.py:3239} INFO - Sync 1 DAGs
[2026-03-09T07:54:40.049+0000] {logging_mixin.py:190} INFO - [2026-03-09T07:54:40.049+0000] {dag.py:4180} INFO - Setting next_dagrun for 02_travel_gmaps_ingestion to 2026-03-08 14:00:00+00:00, run_after=2026-03-09 08:00:00+00:00
[2026-03-09T07:54:40.078+0000] {processor.py:208} INFO - Processing /opt/airflow/dags/02_travel_gmaps_ingestion.py took 0.135 seconds
[2026-03-09T07:55:10.586+0000] {processor.py:186} INFO - Started process (PID=4585) to work on /opt/airflow/dags/02_travel_gmaps_ingestion.py
[2026-03-09T07:55:10.588+0000] {processor.py:914} INFO - Processing file /opt/airflow/dags/02_travel_gmaps_ingestion.py for tasks to queue
[2026-03-09T07:55:10.597+0000] {logging_mixin.py:190} INFO - [2026-03-09T07:55:10.595+0000] {dagbag.py:588} INFO - Filling up the DagBag from /opt/airflow/dags/02_travel_gmaps_ingestion.py
[2026-03-09T07:55:10.648+0000] {processor.py:925} INFO - DAG(s) '02_travel_gmaps_ingestion' retrieved from /opt/airflow/dags/02_travel_gmaps_ingestion.py
[2026-03-09T07:55:10.733+0000] {logging_mixin.py:190} INFO - [2026-03-09T07:55:10.732+0000] {dag.py:3239} INFO - Sync 1 DAGs
[2026-03-09T07:55:10.779+0000] {logging_mixin.py:190} INFO - [2026-03-09T07:55:10.779+0000] {dag.py:4180} INFO - Setting next_dagrun for 02_travel_gmaps_ingestion to 2026-03-08 14:00:00+00:00, run_after=2026-03-09 08:00:00+00:00
[2026-03-09T07:55:10.810+0000] {processor.py:208} INFO - Processing /opt/airflow/dags/02_travel_gmaps_ingestion.py took 0.242 seconds
[2026-03-09T07:55:41.306+0000] {processor.py:186} INFO - Started process (PID=4600) to work on /opt/airflow/dags/02_travel_gmaps_ingestion.py
[2026-03-09T07:55:41.307+0000] {processor.py:914} INFO - Processing file /opt/airflow/dags/02_travel_gmaps_ingestion.py for tasks to queue
[2026-03-09T07:55:41.310+0000] {logging_mixin.py:190} INFO - [2026-03-09T07:55:41.310+0000] {dagbag.py:588} INFO - Filling up the DagBag from /opt/airflow/dags/02_travel_gmaps_ingestion.py
[2026-03-09T07:55:41.332+0000] {processor.py:925} INFO - DAG(s) '02_travel_gmaps_ingestion' retrieved from /opt/airflow/dags/02_travel_gmaps_ingestion.py
[2026-03-09T07:55:41.367+0000] {logging_mixin.py:190} INFO - [2026-03-09T07:55:41.366+0000] {dag.py:3239} INFO - Sync 1 DAGs
[2026-03-09T07:55:41.396+0000] {logging_mixin.py:190} INFO - [2026-03-09T07:55:41.396+0000] {dag.py:4180} INFO - Setting next_dagrun for 02_travel_gmaps_ingestion to 2026-03-08 14:00:00+00:00, run_after=2026-03-09 08:00:00+00:00
[2026-03-09T07:55:41.424+0000] {processor.py:208} INFO - Processing /opt/airflow/dags/02_travel_gmaps_ingestion.py took 0.124 seconds
[2026-03-09T07:56:11.960+0000] {processor.py:186} INFO - Started process (PID=4615) to work on /opt/airflow/dags/02_travel_gmaps_ingestion.py
[2026-03-09T07:56:11.961+0000] {processor.py:914} INFO - Processing file /opt/airflow/dags/02_travel_gmaps_ingestion.py for tasks to queue
[2026-03-09T07:56:11.966+0000] {logging_mixin.py:190} INFO - [2026-03-09T07:56:11.965+0000] {dagbag.py:588} INFO - Filling up the DagBag from /opt/airflow/dags/02_travel_gmaps_ingestion.py
[2026-03-09T07:56:11.988+0000] {processor.py:925} INFO - DAG(s) '02_travel_gmaps_ingestion' retrieved from /opt/airflow/dags/02_travel_gmaps_ingestion.py
[2026-03-09T07:56:12.022+0000] {logging_mixin.py:190} INFO - [2026-03-09T07:56:12.022+0000] {dag.py:3239} INFO - Sync 1 DAGs
[2026-03-09T07:56:12.049+0000] {logging_mixin.py:190} INFO - [2026-03-09T07:56:12.049+0000] {dag.py:4180} INFO - Setting next_dagrun for 02_travel_gmaps_ingestion to 2026-03-08 14:00:00+00:00, run_after=2026-03-09 08:00:00+00:00
[2026-03-09T07:56:12.077+0000] {processor.py:208} INFO - Processing /opt/airflow/dags/02_travel_gmaps_ingestion.py took 0.124 seconds
[2026-03-09T07:56:42.607+0000] {processor.py:186} INFO - Started process (PID=4630) to work on /opt/airflow/dags/02_travel_gmaps_ingestion.py
[2026-03-09T07:56:42.608+0000] {processor.py:914} INFO - Processing file /opt/airflow/dags/02_travel_gmaps_ingestion.py for tasks to queue
[2026-03-09T07:56:42.611+0000] {logging_mixin.py:190} INFO - [2026-03-09T07:56:42.611+0000] {dagbag.py:588} INFO - Filling up the DagBag from /opt/airflow/dags/02_travel_gmaps_ingestion.py
[2026-03-09T07:56:42.633+0000] {processor.py:925} INFO - DAG(s) '02_travel_gmaps_ingestion' retrieved from /opt/airflow/dags/02_travel_gmaps_ingestion.py
[2026-03-09T07:56:42.679+0000] {logging_mixin.py:190} INFO - [2026-03-09T07:56:42.679+0000] {dag.py:3239} INFO - Sync 1 DAGs
[2026-03-09T07:56:42.718+0000] {logging_mixin.py:190} INFO - [2026-03-09T07:56:42.717+0000] {dag.py:4180} INFO - Setting next_dagrun for 02_travel_gmaps_ingestion to 2026-03-08 14:00:00+00:00, run_after=2026-03-09 08:00:00+00:00
[2026-03-09T07:56:42.741+0000] {processor.py:208} INFO - Processing /opt/airflow/dags/02_travel_gmaps_ingestion.py took 0.142 seconds
[2026-03-09T07:57:13.297+0000] {processor.py:186} INFO - Started process (PID=4645) to work on /opt/airflow/dags/02_travel_gmaps_ingestion.py
[2026-03-09T07:57:13.306+0000] {processor.py:914} INFO - Processing file /opt/airflow/dags/02_travel_gmaps_ingestion.py for tasks to queue
[2026-03-09T07:57:13.327+0000] {logging_mixin.py:190} INFO - [2026-03-09T07:57:13.325+0000] {dagbag.py:588} INFO - Filling up the DagBag from /opt/airflow/dags/02_travel_gmaps_ingestion.py
[2026-03-09T07:57:13.431+0000] {processor.py:925} INFO - DAG(s) '02_travel_gmaps_ingestion' retrieved from /opt/airflow/dags/02_travel_gmaps_ingestion.py
[2026-03-09T07:57:13.519+0000] {logging_mixin.py:190} INFO - [2026-03-09T07:57:13.518+0000] {dag.py:3239} INFO - Sync 1 DAGs
[2026-03-09T07:57:13.574+0000] {logging_mixin.py:190} INFO - [2026-03-09T07:57:13.573+0000] {dag.py:4180} INFO - Setting next_dagrun for 02_travel_gmaps_ingestion to 2026-03-08 14:00:00+00:00, run_after=2026-03-09 08:00:00+00:00
[2026-03-09T07:57:13.625+0000] {processor.py:208} INFO - Processing /opt/airflow/dags/02_travel_gmaps_ingestion.py took 0.364 seconds
[2026-03-09T07:57:44.231+0000] {processor.py:186} INFO - Started process (PID=4660) to work on /opt/airflow/dags/02_travel_gmaps_ingestion.py
[2026-03-09T07:57:44.235+0000] {processor.py:914} INFO - Processing file /opt/airflow/dags/02_travel_gmaps_ingestion.py for tasks to queue
[2026-03-09T07:57:44.239+0000] {logging_mixin.py:190} INFO - [2026-03-09T07:57:44.239+0000] {dagbag.py:588} INFO - Filling up the DagBag from /opt/airflow/dags/02_travel_gmaps_ingestion.py
[2026-03-09T07:57:44.263+0000] {processor.py:925} INFO - DAG(s) '02_travel_gmaps_ingestion' retrieved from /opt/airflow/dags/02_travel_gmaps_ingestion.py
[2026-03-09T07:57:44.296+0000] {logging_mixin.py:190} INFO - [2026-03-09T07:57:44.296+0000] {dag.py:3239} INFO - Sync 1 DAGs
[2026-03-09T07:57:44.323+0000] {logging_mixin.py:190} INFO - [2026-03-09T07:57:44.323+0000] {dag.py:4180} INFO - Setting next_dagrun for 02_travel_gmaps_ingestion to 2026-03-08 14:00:00+00:00, run_after=2026-03-09 08:00:00+00:00
[2026-03-09T07:57:44.353+0000] {processor.py:208} INFO - Processing /opt/airflow/dags/02_travel_gmaps_ingestion.py took 0.136 seconds
[2026-03-09T07:58:14.984+0000] {processor.py:186} INFO - Started process (PID=4680) to work on /opt/airflow/dags/02_travel_gmaps_ingestion.py
[2026-03-09T07:58:14.986+0000] {processor.py:914} INFO - Processing file /opt/airflow/dags/02_travel_gmaps_ingestion.py for tasks to queue
[2026-03-09T07:58:14.989+0000] {logging_mixin.py:190} INFO - [2026-03-09T07:58:14.989+0000] {dagbag.py:588} INFO - Filling up the DagBag from /opt/airflow/dags/02_travel_gmaps_ingestion.py
[2026-03-09T07:58:15.018+0000] {processor.py:925} INFO - DAG(s) '02_travel_gmaps_ingestion' retrieved from /opt/airflow/dags/02_travel_gmaps_ingestion.py
[2026-03-09T07:58:15.053+0000] {logging_mixin.py:190} INFO - [2026-03-09T07:58:15.053+0000] {dag.py:3239} INFO - Sync 1 DAGs
[2026-03-09T07:58:15.093+0000] {logging_mixin.py:190} INFO - [2026-03-09T07:58:15.092+0000] {dag.py:4180} INFO - Setting next_dagrun for 02_travel_gmaps_ingestion to 2026-03-08 14:00:00+00:00, run_after=2026-03-09 08:00:00+00:00
[2026-03-09T07:58:15.127+0000] {processor.py:208} INFO - Processing /opt/airflow/dags/02_travel_gmaps_ingestion.py took 0.150 seconds
[2026-03-09T07:58:45.846+0000] {processor.py:186} INFO - Started process (PID=4700) to work on /opt/airflow/dags/02_travel_gmaps_ingestion.py
[2026-03-09T07:58:45.848+0000] {processor.py:914} INFO - Processing file /opt/airflow/dags/02_travel_gmaps_ingestion.py for tasks to queue
[2026-03-09T07:58:45.851+0000] {logging_mixin.py:190} INFO - [2026-03-09T07:58:45.850+0000] {dagbag.py:588} INFO - Filling up the DagBag from /opt/airflow/dags/02_travel_gmaps_ingestion.py
[2026-03-09T07:58:45.873+0000] {processor.py:925} INFO - DAG(s) '02_travel_gmaps_ingestion' retrieved from /opt/airflow/dags/02_travel_gmaps_ingestion.py
[2026-03-09T07:58:45.904+0000] {logging_mixin.py:190} INFO - [2026-03-09T07:58:45.904+0000] {dag.py:3239} INFO - Sync 1 DAGs
[2026-03-09T07:58:45.932+0000] {logging_mixin.py:190} INFO - [2026-03-09T07:58:45.932+0000] {dag.py:4180} INFO - Setting next_dagrun for 02_travel_gmaps_ingestion to 2026-03-08 14:00:00+00:00, run_after=2026-03-09 08:00:00+00:00
[2026-03-09T07:58:45.958+0000] {processor.py:208} INFO - Processing /opt/airflow/dags/02_travel_gmaps_ingestion.py took 0.118 seconds
[2026-03-09T07:59:16.599+0000] {processor.py:186} INFO - Started process (PID=4736) to work on /opt/airflow/dags/02_travel_gmaps_ingestion.py
[2026-03-09T07:59:16.601+0000] {processor.py:914} INFO - Processing file /opt/airflow/dags/02_travel_gmaps_ingestion.py for tasks to queue
[2026-03-09T07:59:16.604+0000] {logging_mixin.py:190} INFO - [2026-03-09T07:59:16.603+0000] {dagbag.py:588} INFO - Filling up the DagBag from /opt/airflow/dags/02_travel_gmaps_ingestion.py
[2026-03-09T07:59:16.636+0000] {processor.py:925} INFO - DAG(s) '02_travel_gmaps_ingestion' retrieved from /opt/airflow/dags/02_travel_gmaps_ingestion.py
[2026-03-09T07:59:16.673+0000] {logging_mixin.py:190} INFO - [2026-03-09T07:59:16.673+0000] {dag.py:3239} INFO - Sync 1 DAGs
[2026-03-09T07:59:16.701+0000] {logging_mixin.py:190} INFO - [2026-03-09T07:59:16.701+0000] {dag.py:4180} INFO - Setting next_dagrun for 02_travel_gmaps_ingestion to 2026-03-08 14:00:00+00:00, run_after=2026-03-09 08:00:00+00:00
[2026-03-09T07:59:16.724+0000] {processor.py:208} INFO - Processing /opt/airflow/dags/02_travel_gmaps_ingestion.py took 0.135 seconds
[2026-03-09T07:59:47.492+0000] {processor.py:186} INFO - Started process (PID=4756) to work on /opt/airflow/dags/02_travel_gmaps_ingestion.py
[2026-03-09T07:59:47.494+0000] {processor.py:914} INFO - Processing file /opt/airflow/dags/02_travel_gmaps_ingestion.py for tasks to queue
[2026-03-09T07:59:47.497+0000] {logging_mixin.py:190} INFO - [2026-03-09T07:59:47.497+0000] {dagbag.py:588} INFO - Filling up the DagBag from /opt/airflow/dags/02_travel_gmaps_ingestion.py
[2026-03-09T07:59:47.541+0000] {processor.py:925} INFO - DAG(s) '02_travel_gmaps_ingestion' retrieved from /opt/airflow/dags/02_travel_gmaps_ingestion.py
[2026-03-09T07:59:47.578+0000] {logging_mixin.py:190} INFO - [2026-03-09T07:59:47.578+0000] {dag.py:3239} INFO - Sync 1 DAGs
[2026-03-09T07:59:47.612+0000] {logging_mixin.py:190} INFO - [2026-03-09T07:59:47.612+0000] {dag.py:4180} INFO - Setting next_dagrun for 02_travel_gmaps_ingestion to 2026-03-08 14:00:00+00:00, run_after=2026-03-09 08:00:00+00:00
[2026-03-09T07:59:47.644+0000] {processor.py:208} INFO - Processing /opt/airflow/dags/02_travel_gmaps_ingestion.py took 0.162 seconds
[2026-03-09T08:00:18.399+0000] {processor.py:186} INFO - Started process (PID=4792) to work on /opt/airflow/dags/02_travel_gmaps_ingestion.py
[2026-03-09T08:00:18.400+0000] {processor.py:914} INFO - Processing file /opt/airflow/dags/02_travel_gmaps_ingestion.py for tasks to queue
[2026-03-09T08:00:18.403+0000] {logging_mixin.py:190} INFO - [2026-03-09T08:00:18.403+0000] {dagbag.py:588} INFO - Filling up the DagBag from /opt/airflow/dags/02_travel_gmaps_ingestion.py
[2026-03-09T08:00:18.423+0000] {processor.py:925} INFO - DAG(s) '02_travel_gmaps_ingestion' retrieved from /opt/airflow/dags/02_travel_gmaps_ingestion.py
[2026-03-09T08:00:18.454+0000] {logging_mixin.py:190} INFO - [2026-03-09T08:00:18.454+0000] {dag.py:3239} INFO - Sync 1 DAGs
[2026-03-09T08:00:18.479+0000] {logging_mixin.py:190} INFO - [2026-03-09T08:00:18.479+0000] {dag.py:4180} INFO - Setting next_dagrun for 02_travel_gmaps_ingestion to 2026-03-08 14:00:00+00:00, run_after=2026-03-09 08:00:00+00:00
[2026-03-09T08:00:18.511+0000] {processor.py:208} INFO - Processing /opt/airflow/dags/02_travel_gmaps_ingestion.py took 0.121 seconds
[2026-03-09T08:00:49.297+0000] {processor.py:186} INFO - Started process (PID=4812) to work on /opt/airflow/dags/02_travel_gmaps_ingestion.py
[2026-03-09T08:00:49.298+0000] {processor.py:914} INFO - Processing file /opt/airflow/dags/02_travel_gmaps_ingestion.py for tasks to queue
[2026-03-09T08:00:49.300+0000] {logging_mixin.py:190} INFO - [2026-03-09T08:00:49.300+0000] {dagbag.py:588} INFO - Filling up the DagBag from /opt/airflow/dags/02_travel_gmaps_ingestion.py
[2026-03-09T08:00:49.320+0000] {processor.py:925} INFO - DAG(s) '02_travel_gmaps_ingestion' retrieved from /opt/airflow/dags/02_travel_gmaps_ingestion.py
[2026-03-09T08:00:49.349+0000] {logging_mixin.py:190} INFO - [2026-03-09T08:00:49.349+0000] {dag.py:3239} INFO - Sync 1 DAGs
[2026-03-09T08:00:49.375+0000] {logging_mixin.py:190} INFO - [2026-03-09T08:00:49.374+0000] {dag.py:4180} INFO - Setting next_dagrun for 02_travel_gmaps_ingestion to 2026-03-08 14:00:00+00:00, run_after=2026-03-09 08:00:00+00:00
[2026-03-09T08:00:49.405+0000] {processor.py:208} INFO - Processing /opt/airflow/dags/02_travel_gmaps_ingestion.py took 0.117 seconds
[2026-03-09T08:01:20.026+0000] {processor.py:186} INFO - Started process (PID=4832) to work on /opt/airflow/dags/02_travel_gmaps_ingestion.py
[2026-03-09T08:01:20.028+0000] {processor.py:914} INFO - Processing file /opt/airflow/dags/02_travel_gmaps_ingestion.py for tasks to queue
[2026-03-09T08:01:20.031+0000] {logging_mixin.py:190} INFO - [2026-03-09T08:01:20.031+0000] {dagbag.py:588} INFO - Filling up the DagBag from /opt/airflow/dags/02_travel_gmaps_ingestion.py
[2026-03-09T08:01:20.054+0000] {processor.py:925} INFO - DAG(s) '02_travel_gmaps_ingestion' retrieved from /opt/airflow/dags/02_travel_gmaps_ingestion.py
[2026-03-09T08:01:20.094+0000] {logging_mixin.py:190} INFO - [2026-03-09T08:01:20.094+0000] {dag.py:3239} INFO - Sync 1 DAGs
[2026-03-09T08:01:20.147+0000] {logging_mixin.py:190} INFO - [2026-03-09T08:01:20.147+0000] {dag.py:4180} INFO - Setting next_dagrun for 02_travel_gmaps_ingestion to 2026-03-08 14:00:00+00:00, run_after=2026-03-09 08:00:00+00:00
[2026-03-09T08:01:20.181+0000] {processor.py:208} INFO - Processing /opt/airflow/dags/02_travel_gmaps_ingestion.py took 0.161 seconds
[2026-03-09T08:01:50.802+0000] {processor.py:186} INFO - Started process (PID=4852) to work on /opt/airflow/dags/02_travel_gmaps_ingestion.py
[2026-03-09T08:01:50.803+0000] {processor.py:914} INFO - Processing file /opt/airflow/dags/02_travel_gmaps_ingestion.py for tasks to queue
[2026-03-09T08:01:50.806+0000] {logging_mixin.py:190} INFO - [2026-03-09T08:01:50.806+0000] {dagbag.py:588} INFO - Filling up the DagBag from /opt/airflow/dags/02_travel_gmaps_ingestion.py
[2026-03-09T08:01:50.830+0000] {processor.py:925} INFO - DAG(s) '02_travel_gmaps_ingestion' retrieved from /opt/airflow/dags/02_travel_gmaps_ingestion.py
[2026-03-09T08:01:50.876+0000] {logging_mixin.py:190} INFO - [2026-03-09T08:01:50.875+0000] {dag.py:3239} INFO - Sync 1 DAGs
[2026-03-09T08:01:50.909+0000] {logging_mixin.py:190} INFO - [2026-03-09T08:01:50.909+0000] {dag.py:4180} INFO - Setting next_dagrun for 02_travel_gmaps_ingestion to 2026-03-08 14:00:00+00:00, run_after=2026-03-09 08:00:00+00:00
[2026-03-09T08:01:50.938+0000] {processor.py:208} INFO - Processing /opt/airflow/dags/02_travel_gmaps_ingestion.py took 0.143 seconds
[2026-03-09T08:02:21.824+0000] {processor.py:186} INFO - Started process (PID=4884) to work on /opt/airflow/dags/02_travel_gmaps_ingestion.py
[2026-03-09T08:02:21.827+0000] {processor.py:914} INFO - Processing file /opt/airflow/dags/02_travel_gmaps_ingestion.py for tasks to queue
[2026-03-09T08:02:21.832+0000] {logging_mixin.py:190} INFO - [2026-03-09T08:02:21.831+0000] {dagbag.py:588} INFO - Filling up the DagBag from /opt/airflow/dags/02_travel_gmaps_ingestion.py
[2026-03-09T08:02:21.856+0000] {processor.py:925} INFO - DAG(s) '02_travel_gmaps_ingestion' retrieved from /opt/airflow/dags/02_travel_gmaps_ingestion.py
[2026-03-09T08:02:21.917+0000] {logging_mixin.py:190} INFO - [2026-03-09T08:02:21.916+0000] {dag.py:3239} INFO - Sync 1 DAGs
[2026-03-09T08:02:21.949+0000] {logging_mixin.py:190} INFO - [2026-03-09T08:02:21.949+0000] {dag.py:4180} INFO - Setting next_dagrun for 02_travel_gmaps_ingestion to 2026-03-08 14:00:00+00:00, run_after=2026-03-09 08:00:00+00:00
[2026-03-09T08:02:21.976+0000] {processor.py:208} INFO - Processing /opt/airflow/dags/02_travel_gmaps_ingestion.py took 0.160 seconds
[2026-03-09T08:02:52.661+0000] {processor.py:186} INFO - Started process (PID=4904) to work on /opt/airflow/dags/02_travel_gmaps_ingestion.py
[2026-03-09T08:02:52.663+0000] {processor.py:914} INFO - Processing file /opt/airflow/dags/02_travel_gmaps_ingestion.py for tasks to queue
[2026-03-09T08:02:52.666+0000] {logging_mixin.py:190} INFO - [2026-03-09T08:02:52.666+0000] {dagbag.py:588} INFO - Filling up the DagBag from /opt/airflow/dags/02_travel_gmaps_ingestion.py
[2026-03-09T08:02:52.697+0000] {processor.py:925} INFO - DAG(s) '02_travel_gmaps_ingestion' retrieved from /opt/airflow/dags/02_travel_gmaps_ingestion.py
[2026-03-09T08:02:52.752+0000] {logging_mixin.py:190} INFO - [2026-03-09T08:02:52.751+0000] {dag.py:3239} INFO - Sync 1 DAGs
[2026-03-09T08:02:52.790+0000] {logging_mixin.py:190} INFO - [2026-03-09T08:02:52.790+0000] {dag.py:4180} INFO - Setting next_dagrun for 02_travel_gmaps_ingestion to 2026-03-08 14:00:00+00:00, run_after=2026-03-09 08:00:00+00:00
[2026-03-09T08:02:52.826+0000] {processor.py:208} INFO - Processing /opt/airflow/dags/02_travel_gmaps_ingestion.py took 0.175 seconds
[2026-03-09T08:03:23.506+0000] {processor.py:186} INFO - Started process (PID=4936) to work on /opt/airflow/dags/02_travel_gmaps_ingestion.py
[2026-03-09T08:03:23.507+0000] {processor.py:914} INFO - Processing file /opt/airflow/dags/02_travel_gmaps_ingestion.py for tasks to queue
[2026-03-09T08:03:23.510+0000] {logging_mixin.py:190} INFO - [2026-03-09T08:03:23.510+0000] {dagbag.py:588} INFO - Filling up the DagBag from /opt/airflow/dags/02_travel_gmaps_ingestion.py
[2026-03-09T08:03:23.532+0000] {processor.py:925} INFO - DAG(s) '02_travel_gmaps_ingestion' retrieved from /opt/airflow/dags/02_travel_gmaps_ingestion.py
[2026-03-09T08:03:23.575+0000] {logging_mixin.py:190} INFO - [2026-03-09T08:03:23.575+0000] {dag.py:3239} INFO - Sync 1 DAGs
[2026-03-09T08:03:23.611+0000] {logging_mixin.py:190} INFO - [2026-03-09T08:03:23.610+0000] {dag.py:4180} INFO - Setting next_dagrun for 02_travel_gmaps_ingestion to 2026-03-08 14:00:00+00:00, run_after=2026-03-09 08:00:00+00:00
[2026-03-09T08:03:23.645+0000] {processor.py:208} INFO - Processing /opt/airflow/dags/02_travel_gmaps_ingestion.py took 0.146 seconds
[2026-03-09T08:03:54.206+0000] {processor.py:186} INFO - Started process (PID=4956) to work on /opt/airflow/dags/02_travel_gmaps_ingestion.py
[2026-03-09T08:03:54.207+0000] {processor.py:914} INFO - Processing file /opt/airflow/dags/02_travel_gmaps_ingestion.py for tasks to queue
[2026-03-09T08:03:54.212+0000] {logging_mixin.py:190} INFO - [2026-03-09T08:03:54.211+0000] {dagbag.py:588} INFO - Filling up the DagBag from /opt/airflow/dags/02_travel_gmaps_ingestion.py
[2026-03-09T08:03:54.242+0000] {processor.py:925} INFO - DAG(s) '02_travel_gmaps_ingestion' retrieved from /opt/airflow/dags/02_travel_gmaps_ingestion.py
[2026-03-09T08:03:54.292+0000] {logging_mixin.py:190} INFO - [2026-03-09T08:03:54.292+0000] {dag.py:3239} INFO - Sync 1 DAGs
[2026-03-09T08:03:54.327+0000] {logging_mixin.py:190} INFO - [2026-03-09T08:03:54.327+0000] {dag.py:4180} INFO - Setting next_dagrun for 02_travel_gmaps_ingestion to 2026-03-08 14:00:00+00:00, run_after=2026-03-09 08:00:00+00:00
[2026-03-09T08:03:54.358+0000] {processor.py:208} INFO - Processing /opt/airflow/dags/02_travel_gmaps_ingestion.py took 0.162 seconds
[2026-03-09T08:04:25.092+0000] {processor.py:186} INFO - Started process (PID=4976) to work on /opt/airflow/dags/02_travel_gmaps_ingestion.py
[2026-03-09T08:04:25.095+0000] {processor.py:914} INFO - Processing file /opt/airflow/dags/02_travel_gmaps_ingestion.py for tasks to queue
[2026-03-09T08:04:25.098+0000] {logging_mixin.py:190} INFO - [2026-03-09T08:04:25.098+0000] {dagbag.py:588} INFO - Filling up the DagBag from /opt/airflow/dags/02_travel_gmaps_ingestion.py
[2026-03-09T08:04:25.123+0000] {processor.py:925} INFO - DAG(s) '02_travel_gmaps_ingestion' retrieved from /opt/airflow/dags/02_travel_gmaps_ingestion.py
[2026-03-09T08:04:25.167+0000] {logging_mixin.py:190} INFO - [2026-03-09T08:04:25.167+0000] {dag.py:3239} INFO - Sync 1 DAGs
[2026-03-09T08:04:25.200+0000] {logging_mixin.py:190} INFO - [2026-03-09T08:04:25.199+0000] {dag.py:4180} INFO - Setting next_dagrun for 02_travel_gmaps_ingestion to 2026-03-08 14:00:00+00:00, run_after=2026-03-09 08:00:00+00:00
[2026-03-09T08:04:25.229+0000] {processor.py:208} INFO - Processing /opt/airflow/dags/02_travel_gmaps_ingestion.py took 0.147 seconds
[2026-03-09T08:04:55.908+0000] {processor.py:186} INFO - Started process (PID=4996) to work on /opt/airflow/dags/02_travel_gmaps_ingestion.py
[2026-03-09T08:04:55.910+0000] {processor.py:914} INFO - Processing file /opt/airflow/dags/02_travel_gmaps_ingestion.py for tasks to queue
[2026-03-09T08:04:55.913+0000] {logging_mixin.py:190} INFO - [2026-03-09T08:04:55.912+0000] {dagbag.py:588} INFO - Filling up the DagBag from /opt/airflow/dags/02_travel_gmaps_ingestion.py
[2026-03-09T08:04:55.934+0000] {processor.py:925} INFO - DAG(s) '02_travel_gmaps_ingestion' retrieved from /opt/airflow/dags/02_travel_gmaps_ingestion.py
[2026-03-09T08:04:55.979+0000] {logging_mixin.py:190} INFO - [2026-03-09T08:04:55.978+0000] {dag.py:3239} INFO - Sync 1 DAGs
[2026-03-09T08:04:56.005+0000] {logging_mixin.py:190} INFO - [2026-03-09T08:04:56.004+0000] {dag.py:4180} INFO - Setting next_dagrun for 02_travel_gmaps_ingestion to 2026-03-08 14:00:00+00:00, run_after=2026-03-09 08:00:00+00:00
[2026-03-09T08:04:56.036+0000] {processor.py:208} INFO - Processing /opt/airflow/dags/02_travel_gmaps_ingestion.py took 0.135 seconds
[2026-03-09T08:05:26.638+0000] {processor.py:186} INFO - Started process (PID=5016) to work on /opt/airflow/dags/02_travel_gmaps_ingestion.py
[2026-03-09T08:05:26.639+0000] {processor.py:914} INFO - Processing file /opt/airflow/dags/02_travel_gmaps_ingestion.py for tasks to queue
[2026-03-09T08:05:26.644+0000] {logging_mixin.py:190} INFO - [2026-03-09T08:05:26.643+0000] {dagbag.py:588} INFO - Filling up the DagBag from /opt/airflow/dags/02_travel_gmaps_ingestion.py
[2026-03-09T08:05:26.696+0000] {processor.py:925} INFO - DAG(s) '02_travel_gmaps_ingestion' retrieved from /opt/airflow/dags/02_travel_gmaps_ingestion.py
[2026-03-09T08:05:26.748+0000] {logging_mixin.py:190} INFO - [2026-03-09T08:05:26.748+0000] {dag.py:3239} INFO - Sync 1 DAGs
[2026-03-09T08:05:26.802+0000] {logging_mixin.py:190} INFO - [2026-03-09T08:05:26.801+0000] {dag.py:4180} INFO - Setting next_dagrun for 02_travel_gmaps_ingestion to 2026-03-08 14:00:00+00:00, run_after=2026-03-09 08:00:00+00:00
[2026-03-09T08:05:26.836+0000] {processor.py:208} INFO - Processing /opt/airflow/dags/02_travel_gmaps_ingestion.py took 0.205 seconds
[2026-03-09T08:05:57.574+0000] {processor.py:186} INFO - Started process (PID=5036) to work on /opt/airflow/dags/02_travel_gmaps_ingestion.py
[2026-03-09T08:05:57.575+0000] {processor.py:914} INFO - Processing file /opt/airflow/dags/02_travel_gmaps_ingestion.py for tasks to queue
[2026-03-09T08:05:57.579+0000] {logging_mixin.py:190} INFO - [2026-03-09T08:05:57.578+0000] {dagbag.py:588} INFO - Filling up the DagBag from /opt/airflow/dags/02_travel_gmaps_ingestion.py
[2026-03-09T08:05:57.618+0000] {processor.py:925} INFO - DAG(s) '02_travel_gmaps_ingestion' retrieved from /opt/airflow/dags/02_travel_gmaps_ingestion.py
[2026-03-09T08:05:57.659+0000] {logging_mixin.py:190} INFO - [2026-03-09T08:05:57.659+0000] {dag.py:3239} INFO - Sync 1 DAGs
[2026-03-09T08:05:57.698+0000] {logging_mixin.py:190} INFO - [2026-03-09T08:05:57.698+0000] {dag.py:4180} INFO - Setting next_dagrun for 02_travel_gmaps_ingestion to 2026-03-08 14:00:00+00:00, run_after=2026-03-09 08:00:00+00:00
[2026-03-09T08:05:57.730+0000] {processor.py:208} INFO - Processing /opt/airflow/dags/02_travel_gmaps_ingestion.py took 0.164 seconds
[2026-03-09T08:06:28.318+0000] {processor.py:186} INFO - Started process (PID=5056) to work on /opt/airflow/dags/02_travel_gmaps_ingestion.py
[2026-03-09T08:06:28.319+0000] {processor.py:914} INFO - Processing file /opt/airflow/dags/02_travel_gmaps_ingestion.py for tasks to queue
[2026-03-09T08:06:28.322+0000] {logging_mixin.py:190} INFO - [2026-03-09T08:06:28.322+0000] {dagbag.py:588} INFO - Filling up the DagBag from /opt/airflow/dags/02_travel_gmaps_ingestion.py
[2026-03-09T08:06:28.348+0000] {processor.py:925} INFO - DAG(s) '02_travel_gmaps_ingestion' retrieved from /opt/airflow/dags/02_travel_gmaps_ingestion.py
[2026-03-09T08:06:28.379+0000] {logging_mixin.py:190} INFO - [2026-03-09T08:06:28.379+0000] {dag.py:3239} INFO - Sync 1 DAGs
[2026-03-09T08:06:28.410+0000] {logging_mixin.py:190} INFO - [2026-03-09T08:06:28.410+0000] {dag.py:4180} INFO - Setting next_dagrun for 02_travel_gmaps_ingestion to 2026-03-08 14:00:00+00:00, run_after=2026-03-09 08:00:00+00:00
[2026-03-09T08:06:28.437+0000] {processor.py:208} INFO - Processing /opt/airflow/dags/02_travel_gmaps_ingestion.py took 0.127 seconds
[2026-03-09T08:06:59.160+0000] {processor.py:186} INFO - Started process (PID=5076) to work on /opt/airflow/dags/02_travel_gmaps_ingestion.py
[2026-03-09T08:06:59.161+0000] {processor.py:914} INFO - Processing file /opt/airflow/dags/02_travel_gmaps_ingestion.py for tasks to queue
[2026-03-09T08:06:59.167+0000] {logging_mixin.py:190} INFO - [2026-03-09T08:06:59.166+0000] {dagbag.py:588} INFO - Filling up the DagBag from /opt/airflow/dags/02_travel_gmaps_ingestion.py
[2026-03-09T08:06:59.194+0000] {processor.py:925} INFO - DAG(s) '02_travel_gmaps_ingestion' retrieved from /opt/airflow/dags/02_travel_gmaps_ingestion.py
[2026-03-09T08:06:59.227+0000] {logging_mixin.py:190} INFO - [2026-03-09T08:06:59.227+0000] {dag.py:3239} INFO - Sync 1 DAGs
[2026-03-09T08:06:59.261+0000] {logging_mixin.py:190} INFO - [2026-03-09T08:06:59.261+0000] {dag.py:4180} INFO - Setting next_dagrun for 02_travel_gmaps_ingestion to 2026-03-08 14:00:00+00:00, run_after=2026-03-09 08:00:00+00:00
[2026-03-09T08:06:59.292+0000] {processor.py:208} INFO - Processing /opt/airflow/dags/02_travel_gmaps_ingestion.py took 0.142 seconds
[2026-03-09T08:07:29.897+0000] {processor.py:186} INFO - Started process (PID=5096) to work on /opt/airflow/dags/02_travel_gmaps_ingestion.py
[2026-03-09T08:07:29.898+0000] {processor.py:914} INFO - Processing file /opt/airflow/dags/02_travel_gmaps_ingestion.py for tasks to queue
[2026-03-09T08:07:29.902+0000] {logging_mixin.py:190} INFO - [2026-03-09T08:07:29.902+0000] {dagbag.py:588} INFO - Filling up the DagBag from /opt/airflow/dags/02_travel_gmaps_ingestion.py
[2026-03-09T08:07:29.920+0000] {processor.py:925} INFO - DAG(s) '02_travel_gmaps_ingestion' retrieved from /opt/airflow/dags/02_travel_gmaps_ingestion.py
[2026-03-09T08:07:29.951+0000] {logging_mixin.py:190} INFO - [2026-03-09T08:07:29.951+0000] {dag.py:3239} INFO - Sync 1 DAGs
[2026-03-09T08:07:29.980+0000] {logging_mixin.py:190} INFO - [2026-03-09T08:07:29.979+0000] {dag.py:4180} INFO - Setting next_dagrun for 02_travel_gmaps_ingestion to 2026-03-08 14:00:00+00:00, run_after=2026-03-09 08:00:00+00:00
[2026-03-09T08:07:30.008+0000] {processor.py:208} INFO - Processing /opt/airflow/dags/02_travel_gmaps_ingestion.py took 0.118 seconds
[2026-03-09T08:08:00.876+0000] {processor.py:186} INFO - Started process (PID=5116) to work on /opt/airflow/dags/02_travel_gmaps_ingestion.py
[2026-03-09T08:08:00.877+0000] {processor.py:914} INFO - Processing file /opt/airflow/dags/02_travel_gmaps_ingestion.py for tasks to queue
[2026-03-09T08:08:00.880+0000] {logging_mixin.py:190} INFO - [2026-03-09T08:08:00.879+0000] {dagbag.py:588} INFO - Filling up the DagBag from /opt/airflow/dags/02_travel_gmaps_ingestion.py
[2026-03-09T08:08:00.897+0000] {processor.py:925} INFO - DAG(s) '02_travel_gmaps_ingestion' retrieved from /opt/airflow/dags/02_travel_gmaps_ingestion.py
[2026-03-09T08:08:00.927+0000] {logging_mixin.py:190} INFO - [2026-03-09T08:08:00.927+0000] {dag.py:3239} INFO - Sync 1 DAGs
[2026-03-09T08:08:00.954+0000] {logging_mixin.py:190} INFO - [2026-03-09T08:08:00.954+0000] {dag.py:4180} INFO - Setting next_dagrun for 02_travel_gmaps_ingestion to 2026-03-08 14:00:00+00:00, run_after=2026-03-09 08:00:00+00:00
[2026-03-09T08:08:00.983+0000] {processor.py:208} INFO - Processing /opt/airflow/dags/02_travel_gmaps_ingestion.py took 0.114 seconds
[2026-03-09T08:08:31.749+0000] {processor.py:186} INFO - Started process (PID=5136) to work on /opt/airflow/dags/02_travel_gmaps_ingestion.py
[2026-03-09T08:08:31.750+0000] {processor.py:914} INFO - Processing file /opt/airflow/dags/02_travel_gmaps_ingestion.py for tasks to queue
[2026-03-09T08:08:31.752+0000] {logging_mixin.py:190} INFO - [2026-03-09T08:08:31.752+0000] {dagbag.py:588} INFO - Filling up the DagBag from /opt/airflow/dags/02_travel_gmaps_ingestion.py
[2026-03-09T08:08:31.771+0000] {processor.py:925} INFO - DAG(s) '02_travel_gmaps_ingestion' retrieved from /opt/airflow/dags/02_travel_gmaps_ingestion.py
[2026-03-09T08:08:31.803+0000] {logging_mixin.py:190} INFO - [2026-03-09T08:08:31.803+0000] {dag.py:3239} INFO - Sync 1 DAGs
[2026-03-09T08:08:31.831+0000] {logging_mixin.py:190} INFO - [2026-03-09T08:08:31.830+0000] {dag.py:4180} INFO - Setting next_dagrun for 02_travel_gmaps_ingestion to 2026-03-08 14:00:00+00:00, run_after=2026-03-09 08:00:00+00:00
[2026-03-09T08:08:31.859+0000] {processor.py:208} INFO - Processing /opt/airflow/dags/02_travel_gmaps_ingestion.py took 0.117 seconds
[2026-03-09T08:09:02.687+0000] {processor.py:186} INFO - Started process (PID=5156) to work on /opt/airflow/dags/02_travel_gmaps_ingestion.py
[2026-03-09T08:09:02.688+0000] {processor.py:914} INFO - Processing file /opt/airflow/dags/02_travel_gmaps_ingestion.py for tasks to queue
[2026-03-09T08:09:02.691+0000] {logging_mixin.py:190} INFO - [2026-03-09T08:09:02.691+0000] {dagbag.py:588} INFO - Filling up the DagBag from /opt/airflow/dags/02_travel_gmaps_ingestion.py
[2026-03-09T08:09:02.713+0000] {processor.py:925} INFO - DAG(s) '02_travel_gmaps_ingestion' retrieved from /opt/airflow/dags/02_travel_gmaps_ingestion.py
[2026-03-09T08:09:02.744+0000] {logging_mixin.py:190} INFO - [2026-03-09T08:09:02.743+0000] {dag.py:3239} INFO - Sync 1 DAGs
[2026-03-09T08:09:02.774+0000] {logging_mixin.py:190} INFO - [2026-03-09T08:09:02.774+0000] {dag.py:4180} INFO - Setting next_dagrun for 02_travel_gmaps_ingestion to 2026-03-08 14:00:00+00:00, run_after=2026-03-09 08:00:00+00:00
[2026-03-09T08:09:02.803+0000] {processor.py:208} INFO - Processing /opt/airflow/dags/02_travel_gmaps_ingestion.py took 0.123 seconds
[2026-03-09T08:09:33.472+0000] {processor.py:186} INFO - Started process (PID=5176) to work on /opt/airflow/dags/02_travel_gmaps_ingestion.py
[2026-03-09T08:09:33.473+0000] {processor.py:914} INFO - Processing file /opt/airflow/dags/02_travel_gmaps_ingestion.py for tasks to queue
[2026-03-09T08:09:33.476+0000] {logging_mixin.py:190} INFO - [2026-03-09T08:09:33.476+0000] {dagbag.py:588} INFO - Filling up the DagBag from /opt/airflow/dags/02_travel_gmaps_ingestion.py
[2026-03-09T08:09:33.498+0000] {processor.py:925} INFO - DAG(s) '02_travel_gmaps_ingestion' retrieved from /opt/airflow/dags/02_travel_gmaps_ingestion.py
[2026-03-09T08:09:33.533+0000] {logging_mixin.py:190} INFO - [2026-03-09T08:09:33.533+0000] {dag.py:3239} INFO - Sync 1 DAGs
[2026-03-09T08:09:33.569+0000] {logging_mixin.py:190} INFO - [2026-03-09T08:09:33.568+0000] {dag.py:4180} INFO - Setting next_dagrun for 02_travel_gmaps_ingestion to 2026-03-08 14:00:00+00:00, run_after=2026-03-09 08:00:00+00:00
[2026-03-09T08:09:33.603+0000] {processor.py:208} INFO - Processing /opt/airflow/dags/02_travel_gmaps_ingestion.py took 0.138 seconds
[2026-03-09T08:10:04.302+0000] {processor.py:186} INFO - Started process (PID=5196) to work on /opt/airflow/dags/02_travel_gmaps_ingestion.py
[2026-03-09T08:10:04.304+0000] {processor.py:914} INFO - Processing file /opt/airflow/dags/02_travel_gmaps_ingestion.py for tasks to queue
[2026-03-09T08:10:04.307+0000] {logging_mixin.py:190} INFO - [2026-03-09T08:10:04.306+0000] {dagbag.py:588} INFO - Filling up the DagBag from /opt/airflow/dags/02_travel_gmaps_ingestion.py
[2026-03-09T08:10:04.333+0000] {processor.py:925} INFO - DAG(s) '02_travel_gmaps_ingestion' retrieved from /opt/airflow/dags/02_travel_gmaps_ingestion.py
[2026-03-09T08:10:04.370+0000] {logging_mixin.py:190} INFO - [2026-03-09T08:10:04.370+0000] {dag.py:3239} INFO - Sync 1 DAGs
[2026-03-09T08:10:04.404+0000] {logging_mixin.py:190} INFO - [2026-03-09T08:10:04.404+0000] {dag.py:4180} INFO - Setting next_dagrun for 02_travel_gmaps_ingestion to 2026-03-08 14:00:00+00:00, run_after=2026-03-09 08:00:00+00:00
[2026-03-09T08:10:04.437+0000] {processor.py:208} INFO - Processing /opt/airflow/dags/02_travel_gmaps_ingestion.py took 0.141 seconds
[2026-03-09T08:10:35.153+0000] {processor.py:186} INFO - Started process (PID=5216) to work on /opt/airflow/dags/02_travel_gmaps_ingestion.py
[2026-03-09T08:10:35.154+0000] {processor.py:914} INFO - Processing file /opt/airflow/dags/02_travel_gmaps_ingestion.py for tasks to queue
[2026-03-09T08:10:35.156+0000] {logging_mixin.py:190} INFO - [2026-03-09T08:10:35.156+0000] {dagbag.py:588} INFO - Filling up the DagBag from /opt/airflow/dags/02_travel_gmaps_ingestion.py
[2026-03-09T08:10:35.175+0000] {processor.py:925} INFO - DAG(s) '02_travel_gmaps_ingestion' retrieved from /opt/airflow/dags/02_travel_gmaps_ingestion.py
[2026-03-09T08:10:35.209+0000] {logging_mixin.py:190} INFO - [2026-03-09T08:10:35.209+0000] {dag.py:3239} INFO - Sync 1 DAGs
[2026-03-09T08:10:35.237+0000] {logging_mixin.py:190} INFO - [2026-03-09T08:10:35.237+0000] {dag.py:4180} INFO - Setting next_dagrun for 02_travel_gmaps_ingestion to 2026-03-08 14:00:00+00:00, run_after=2026-03-09 08:00:00+00:00
[2026-03-09T08:10:35.266+0000] {processor.py:208} INFO - Processing /opt/airflow/dags/02_travel_gmaps_ingestion.py took 0.120 seconds
[2026-03-09T08:11:06.067+0000] {processor.py:186} INFO - Started process (PID=5236) to work on /opt/airflow/dags/02_travel_gmaps_ingestion.py
[2026-03-09T08:11:06.068+0000] {processor.py:914} INFO - Processing file /opt/airflow/dags/02_travel_gmaps_ingestion.py for tasks to queue
[2026-03-09T08:11:06.073+0000] {logging_mixin.py:190} INFO - [2026-03-09T08:11:06.072+0000] {dagbag.py:588} INFO - Filling up the DagBag from /opt/airflow/dags/02_travel_gmaps_ingestion.py
[2026-03-09T08:11:06.114+0000] {processor.py:925} INFO - DAG(s) '02_travel_gmaps_ingestion' retrieved from /opt/airflow/dags/02_travel_gmaps_ingestion.py
[2026-03-09T08:11:06.158+0000] {logging_mixin.py:190} INFO - [2026-03-09T08:11:06.158+0000] {dag.py:3239} INFO - Sync 1 DAGs
[2026-03-09T08:11:06.197+0000] {logging_mixin.py:190} INFO - [2026-03-09T08:11:06.197+0000] {dag.py:4180} INFO - Setting next_dagrun for 02_travel_gmaps_ingestion to 2026-03-08 14:00:00+00:00, run_after=2026-03-09 08:00:00+00:00
[2026-03-09T08:11:06.218+0000] {processor.py:208} INFO - Processing /opt/airflow/dags/02_travel_gmaps_ingestion.py took 0.162 seconds
[2026-03-09T08:11:37.008+0000] {processor.py:186} INFO - Started process (PID=5256) to work on /opt/airflow/dags/02_travel_gmaps_ingestion.py
[2026-03-09T08:11:37.009+0000] {processor.py:914} INFO - Processing file /opt/airflow/dags/02_travel_gmaps_ingestion.py for tasks to queue
[2026-03-09T08:11:37.012+0000] {logging_mixin.py:190} INFO - [2026-03-09T08:11:37.011+0000] {dagbag.py:588} INFO - Filling up the DagBag from /opt/airflow/dags/02_travel_gmaps_ingestion.py
[2026-03-09T08:11:37.032+0000] {processor.py:925} INFO - DAG(s) '02_travel_gmaps_ingestion' retrieved from /opt/airflow/dags/02_travel_gmaps_ingestion.py
[2026-03-09T08:11:37.062+0000] {logging_mixin.py:190} INFO - [2026-03-09T08:11:37.061+0000] {dag.py:3239} INFO - Sync 1 DAGs
[2026-03-09T08:11:37.090+0000] {logging_mixin.py:190} INFO - [2026-03-09T08:11:37.089+0000] {dag.py:4180} INFO - Setting next_dagrun for 02_travel_gmaps_ingestion to 2026-03-08 14:00:00+00:00, run_after=2026-03-09 08:00:00+00:00
[2026-03-09T08:11:37.121+0000] {processor.py:208} INFO - Processing /opt/airflow/dags/02_travel_gmaps_ingestion.py took 0.119 seconds
[2026-03-09T08:12:07.822+0000] {processor.py:186} INFO - Started process (PID=5276) to work on /opt/airflow/dags/02_travel_gmaps_ingestion.py
[2026-03-09T08:12:07.823+0000] {processor.py:914} INFO - Processing file /opt/airflow/dags/02_travel_gmaps_ingestion.py for tasks to queue
[2026-03-09T08:12:07.828+0000] {logging_mixin.py:190} INFO - [2026-03-09T08:12:07.827+0000] {dagbag.py:588} INFO - Filling up the DagBag from /opt/airflow/dags/02_travel_gmaps_ingestion.py
[2026-03-09T08:12:07.852+0000] {processor.py:925} INFO - DAG(s) '02_travel_gmaps_ingestion' retrieved from /opt/airflow/dags/02_travel_gmaps_ingestion.py
[2026-03-09T08:12:07.890+0000] {logging_mixin.py:190} INFO - [2026-03-09T08:12:07.889+0000] {dag.py:3239} INFO - Sync 1 DAGs
[2026-03-09T08:12:07.918+0000] {logging_mixin.py:190} INFO - [2026-03-09T08:12:07.918+0000] {dag.py:4180} INFO - Setting next_dagrun for 02_travel_gmaps_ingestion to 2026-03-08 14:00:00+00:00, run_after=2026-03-09 08:00:00+00:00
[2026-03-09T08:12:07.948+0000] {processor.py:208} INFO - Processing /opt/airflow/dags/02_travel_gmaps_ingestion.py took 0.135 seconds
[2026-03-09T08:12:38.516+0000] {processor.py:186} INFO - Started process (PID=5296) to work on /opt/airflow/dags/02_travel_gmaps_ingestion.py
[2026-03-09T08:12:38.517+0000] {processor.py:914} INFO - Processing file /opt/airflow/dags/02_travel_gmaps_ingestion.py for tasks to queue
[2026-03-09T08:12:38.520+0000] {logging_mixin.py:190} INFO - [2026-03-09T08:12:38.520+0000] {dagbag.py:588} INFO - Filling up the DagBag from /opt/airflow/dags/02_travel_gmaps_ingestion.py
[2026-03-09T08:12:38.540+0000] {processor.py:925} INFO - DAG(s) '02_travel_gmaps_ingestion' retrieved from /opt/airflow/dags/02_travel_gmaps_ingestion.py
[2026-03-09T08:12:38.571+0000] {logging_mixin.py:190} INFO - [2026-03-09T08:12:38.571+0000] {dag.py:3239} INFO - Sync 1 DAGs
[2026-03-09T08:12:38.600+0000] {logging_mixin.py:190} INFO - [2026-03-09T08:12:38.599+0000] {dag.py:4180} INFO - Setting next_dagrun for 02_travel_gmaps_ingestion to 2026-03-08 14:00:00+00:00, run_after=2026-03-09 08:00:00+00:00
[2026-03-09T08:12:38.628+0000] {processor.py:208} INFO - Processing /opt/airflow/dags/02_travel_gmaps_ingestion.py took 0.118 seconds
[2026-03-09T08:13:09.384+0000] {processor.py:186} INFO - Started process (PID=5316) to work on /opt/airflow/dags/02_travel_gmaps_ingestion.py
[2026-03-09T08:13:09.385+0000] {processor.py:914} INFO - Processing file /opt/airflow/dags/02_travel_gmaps_ingestion.py for tasks to queue
[2026-03-09T08:13:09.390+0000] {logging_mixin.py:190} INFO - [2026-03-09T08:13:09.389+0000] {dagbag.py:588} INFO - Filling up the DagBag from /opt/airflow/dags/02_travel_gmaps_ingestion.py
[2026-03-09T08:13:09.420+0000] {processor.py:925} INFO - DAG(s) '02_travel_gmaps_ingestion' retrieved from /opt/airflow/dags/02_travel_gmaps_ingestion.py
[2026-03-09T08:13:09.461+0000] {logging_mixin.py:190} INFO - [2026-03-09T08:13:09.461+0000] {dag.py:3239} INFO - Sync 1 DAGs
[2026-03-09T08:13:09.489+0000] {logging_mixin.py:190} INFO - [2026-03-09T08:13:09.489+0000] {dag.py:4180} INFO - Setting next_dagrun for 02_travel_gmaps_ingestion to 2026-03-08 14:00:00+00:00, run_after=2026-03-09 08:00:00+00:00
[2026-03-09T08:13:09.522+0000] {processor.py:208} INFO - Processing /opt/airflow/dags/02_travel_gmaps_ingestion.py took 0.146 seconds
[2026-03-09T08:13:40.259+0000] {processor.py:186} INFO - Started process (PID=5352) to work on /opt/airflow/dags/02_travel_gmaps_ingestion.py
[2026-03-09T08:13:40.260+0000] {processor.py:914} INFO - Processing file /opt/airflow/dags/02_travel_gmaps_ingestion.py for tasks to queue
[2026-03-09T08:13:40.263+0000] {logging_mixin.py:190} INFO - [2026-03-09T08:13:40.263+0000] {dagbag.py:588} INFO - Filling up the DagBag from /opt/airflow/dags/02_travel_gmaps_ingestion.py
[2026-03-09T08:13:40.284+0000] {processor.py:925} INFO - DAG(s) '02_travel_gmaps_ingestion' retrieved from /opt/airflow/dags/02_travel_gmaps_ingestion.py
[2026-03-09T08:13:40.320+0000] {logging_mixin.py:190} INFO - [2026-03-09T08:13:40.320+0000] {dag.py:3239} INFO - Sync 1 DAGs
[2026-03-09T08:13:40.351+0000] {logging_mixin.py:190} INFO - [2026-03-09T08:13:40.351+0000] {dag.py:4180} INFO - Setting next_dagrun for 02_travel_gmaps_ingestion to 2026-03-08 14:00:00+00:00, run_after=2026-03-09 08:00:00+00:00
[2026-03-09T08:13:40.389+0000] {processor.py:208} INFO - Processing /opt/airflow/dags/02_travel_gmaps_ingestion.py took 0.137 seconds
[2026-03-09T08:14:11.122+0000] {processor.py:186} INFO - Started process (PID=5372) to work on /opt/airflow/dags/02_travel_gmaps_ingestion.py
[2026-03-09T08:14:11.124+0000] {processor.py:914} INFO - Processing file /opt/airflow/dags/02_travel_gmaps_ingestion.py for tasks to queue
[2026-03-09T08:14:11.127+0000] {logging_mixin.py:190} INFO - [2026-03-09T08:14:11.126+0000] {dagbag.py:588} INFO - Filling up the DagBag from /opt/airflow/dags/02_travel_gmaps_ingestion.py
[2026-03-09T08:14:11.179+0000] {processor.py:925} INFO - DAG(s) '02_travel_gmaps_ingestion' retrieved from /opt/airflow/dags/02_travel_gmaps_ingestion.py
[2026-03-09T08:14:11.213+0000] {logging_mixin.py:190} INFO - [2026-03-09T08:14:11.213+0000] {dag.py:3239} INFO - Sync 1 DAGs
[2026-03-09T08:14:11.243+0000] {logging_mixin.py:190} INFO - [2026-03-09T08:14:11.243+0000] {dag.py:4180} INFO - Setting next_dagrun for 02_travel_gmaps_ingestion to 2026-03-08 14:00:00+00:00, run_after=2026-03-09 08:00:00+00:00
[2026-03-09T08:14:11.272+0000] {processor.py:208} INFO - Processing /opt/airflow/dags/02_travel_gmaps_ingestion.py took 0.158 seconds
[2026-03-09T08:14:41.957+0000] {processor.py:186} INFO - Started process (PID=5392) to work on /opt/airflow/dags/02_travel_gmaps_ingestion.py
[2026-03-09T08:14:41.958+0000] {processor.py:914} INFO - Processing file /opt/airflow/dags/02_travel_gmaps_ingestion.py for tasks to queue
[2026-03-09T08:14:41.963+0000] {logging_mixin.py:190} INFO - [2026-03-09T08:14:41.962+0000] {dagbag.py:588} INFO - Filling up the DagBag from /opt/airflow/dags/02_travel_gmaps_ingestion.py
[2026-03-09T08:14:41.983+0000] {processor.py:925} INFO - DAG(s) '02_travel_gmaps_ingestion' retrieved from /opt/airflow/dags/02_travel_gmaps_ingestion.py
[2026-03-09T08:14:42.013+0000] {logging_mixin.py:190} INFO - [2026-03-09T08:14:42.013+0000] {dag.py:3239} INFO - Sync 1 DAGs
[2026-03-09T08:14:42.044+0000] {logging_mixin.py:190} INFO - [2026-03-09T08:14:42.043+0000] {dag.py:4180} INFO - Setting next_dagrun for 02_travel_gmaps_ingestion to 2026-03-08 14:00:00+00:00, run_after=2026-03-09 08:00:00+00:00
[2026-03-09T08:14:42.076+0000] {processor.py:208} INFO - Processing /opt/airflow/dags/02_travel_gmaps_ingestion.py took 0.126 seconds
[2026-03-09T08:15:12.839+0000] {processor.py:186} INFO - Started process (PID=5412) to work on /opt/airflow/dags/02_travel_gmaps_ingestion.py
[2026-03-09T08:15:12.841+0000] {processor.py:914} INFO - Processing file /opt/airflow/dags/02_travel_gmaps_ingestion.py for tasks to queue
[2026-03-09T08:15:12.846+0000] {logging_mixin.py:190} INFO - [2026-03-09T08:15:12.846+0000] {dagbag.py:588} INFO - Filling up the DagBag from /opt/airflow/dags/02_travel_gmaps_ingestion.py
[2026-03-09T08:15:12.870+0000] {processor.py:925} INFO - DAG(s) '02_travel_gmaps_ingestion' retrieved from /opt/airflow/dags/02_travel_gmaps_ingestion.py
[2026-03-09T08:15:12.909+0000] {logging_mixin.py:190} INFO - [2026-03-09T08:15:12.909+0000] {dag.py:3239} INFO - Sync 1 DAGs
[2026-03-09T08:15:12.941+0000] {logging_mixin.py:190} INFO - [2026-03-09T08:15:12.941+0000] {dag.py:4180} INFO - Setting next_dagrun for 02_travel_gmaps_ingestion to 2026-03-08 14:00:00+00:00, run_after=2026-03-09 08:00:00+00:00
[2026-03-09T08:15:12.970+0000] {processor.py:208} INFO - Processing /opt/airflow/dags/02_travel_gmaps_ingestion.py took 0.138 seconds
[2026-03-09T08:15:43.709+0000] {processor.py:186} INFO - Started process (PID=5432) to work on /opt/airflow/dags/02_travel_gmaps_ingestion.py
[2026-03-09T08:15:43.710+0000] {processor.py:914} INFO - Processing file /opt/airflow/dags/02_travel_gmaps_ingestion.py for tasks to queue
[2026-03-09T08:15:43.714+0000] {logging_mixin.py:190} INFO - [2026-03-09T08:15:43.714+0000] {dagbag.py:588} INFO - Filling up the DagBag from /opt/airflow/dags/02_travel_gmaps_ingestion.py
[2026-03-09T08:15:43.746+0000] {processor.py:925} INFO - DAG(s) '02_travel_gmaps_ingestion' retrieved from /opt/airflow/dags/02_travel_gmaps_ingestion.py
[2026-03-09T08:15:43.811+0000] {logging_mixin.py:190} INFO - [2026-03-09T08:15:43.810+0000] {dag.py:3239} INFO - Sync 1 DAGs
[2026-03-09T08:15:43.879+0000] {logging_mixin.py:190} INFO - [2026-03-09T08:15:43.879+0000] {dag.py:4180} INFO - Setting next_dagrun for 02_travel_gmaps_ingestion to 2026-03-08 14:00:00+00:00, run_after=2026-03-09 08:00:00+00:00
[2026-03-09T08:15:43.918+0000] {processor.py:208} INFO - Processing /opt/airflow/dags/02_travel_gmaps_ingestion.py took 0.221 seconds
[2026-03-09T08:16:14.754+0000] {processor.py:186} INFO - Started process (PID=5452) to work on /opt/airflow/dags/02_travel_gmaps_ingestion.py
[2026-03-09T08:16:14.756+0000] {processor.py:914} INFO - Processing file /opt/airflow/dags/02_travel_gmaps_ingestion.py for tasks to queue
[2026-03-09T08:16:14.758+0000] {logging_mixin.py:190} INFO - [2026-03-09T08:16:14.758+0000] {dagbag.py:588} INFO - Filling up the DagBag from /opt/airflow/dags/02_travel_gmaps_ingestion.py
[2026-03-09T08:16:14.778+0000] {processor.py:925} INFO - DAG(s) '02_travel_gmaps_ingestion' retrieved from /opt/airflow/dags/02_travel_gmaps_ingestion.py
[2026-03-09T08:16:14.811+0000] {logging_mixin.py:190} INFO - [2026-03-09T08:16:14.811+0000] {dag.py:3239} INFO - Sync 1 DAGs
[2026-03-09T08:16:14.837+0000] {logging_mixin.py:190} INFO - [2026-03-09T08:16:14.837+0000] {dag.py:4180} INFO - Setting next_dagrun for 02_travel_gmaps_ingestion to 2026-03-08 14:00:00+00:00, run_after=2026-03-09 08:00:00+00:00
[2026-03-09T08:16:14.868+0000] {processor.py:208} INFO - Processing /opt/airflow/dags/02_travel_gmaps_ingestion.py took 0.119 seconds
[2026-03-09T08:16:45.578+0000] {processor.py:186} INFO - Started process (PID=5484) to work on /opt/airflow/dags/02_travel_gmaps_ingestion.py
[2026-03-09T08:16:45.579+0000] {processor.py:914} INFO - Processing file /opt/airflow/dags/02_travel_gmaps_ingestion.py for tasks to queue
[2026-03-09T08:16:45.582+0000] {logging_mixin.py:190} INFO - [2026-03-09T08:16:45.581+0000] {dagbag.py:588} INFO - Filling up the DagBag from /opt/airflow/dags/02_travel_gmaps_ingestion.py
[2026-03-09T08:16:45.600+0000] {processor.py:925} INFO - DAG(s) '02_travel_gmaps_ingestion' retrieved from /opt/airflow/dags/02_travel_gmaps_ingestion.py
[2026-03-09T08:16:45.644+0000] {logging_mixin.py:190} INFO - [2026-03-09T08:16:45.644+0000] {dag.py:3239} INFO - Sync 1 DAGs
[2026-03-09T08:16:45.669+0000] {logging_mixin.py:190} INFO - [2026-03-09T08:16:45.669+0000] {dag.py:4180} INFO - Setting next_dagrun for 02_travel_gmaps_ingestion to 2026-03-08 14:00:00+00:00, run_after=2026-03-09 08:00:00+00:00
[2026-03-09T08:16:45.696+0000] {processor.py:208} INFO - Processing /opt/airflow/dags/02_travel_gmaps_ingestion.py took 0.124 seconds
[2026-03-09T08:17:16.360+0000] {processor.py:186} INFO - Started process (PID=5504) to work on /opt/airflow/dags/02_travel_gmaps_ingestion.py
[2026-03-09T08:17:16.361+0000] {processor.py:914} INFO - Processing file /opt/airflow/dags/02_travel_gmaps_ingestion.py for tasks to queue
[2026-03-09T08:17:16.364+0000] {logging_mixin.py:190} INFO - [2026-03-09T08:17:16.364+0000] {dagbag.py:588} INFO - Filling up the DagBag from /opt/airflow/dags/02_travel_gmaps_ingestion.py
[2026-03-09T08:17:16.387+0000] {processor.py:925} INFO - DAG(s) '02_travel_gmaps_ingestion' retrieved from /opt/airflow/dags/02_travel_gmaps_ingestion.py
[2026-03-09T08:17:16.416+0000] {logging_mixin.py:190} INFO - [2026-03-09T08:17:16.416+0000] {dag.py:3239} INFO - Sync 1 DAGs
[2026-03-09T08:17:16.445+0000] {logging_mixin.py:190} INFO - [2026-03-09T08:17:16.445+0000] {dag.py:4180} INFO - Setting next_dagrun for 02_travel_gmaps_ingestion to 2026-03-08 14:00:00+00:00, run_after=2026-03-09 08:00:00+00:00
[2026-03-09T08:17:16.478+0000] {processor.py:208} INFO - Processing /opt/airflow/dags/02_travel_gmaps_ingestion.py took 0.126 seconds
[2026-03-09T08:17:47.316+0000] {processor.py:186} INFO - Started process (PID=5524) to work on /opt/airflow/dags/02_travel_gmaps_ingestion.py
[2026-03-09T08:17:47.317+0000] {processor.py:914} INFO - Processing file /opt/airflow/dags/02_travel_gmaps_ingestion.py for tasks to queue
[2026-03-09T08:17:47.320+0000] {logging_mixin.py:190} INFO - [2026-03-09T08:17:47.319+0000] {dagbag.py:588} INFO - Filling up the DagBag from /opt/airflow/dags/02_travel_gmaps_ingestion.py
[2026-03-09T08:17:47.341+0000] {processor.py:925} INFO - DAG(s) '02_travel_gmaps_ingestion' retrieved from /opt/airflow/dags/02_travel_gmaps_ingestion.py
[2026-03-09T08:17:47.371+0000] {logging_mixin.py:190} INFO - [2026-03-09T08:17:47.371+0000] {dag.py:3239} INFO - Sync 1 DAGs
[2026-03-09T08:17:47.401+0000] {logging_mixin.py:190} INFO - [2026-03-09T08:17:47.401+0000] {dag.py:4180} INFO - Setting next_dagrun for 02_travel_gmaps_ingestion to 2026-03-08 14:00:00+00:00, run_after=2026-03-09 08:00:00+00:00
[2026-03-09T08:17:47.431+0000] {processor.py:208} INFO - Processing /opt/airflow/dags/02_travel_gmaps_ingestion.py took 0.124 seconds
[2026-03-09T08:18:18.260+0000] {processor.py:186} INFO - Started process (PID=5544) to work on /opt/airflow/dags/02_travel_gmaps_ingestion.py
[2026-03-09T08:18:18.261+0000] {processor.py:914} INFO - Processing file /opt/airflow/dags/02_travel_gmaps_ingestion.py for tasks to queue
[2026-03-09T08:18:18.264+0000] {logging_mixin.py:190} INFO - [2026-03-09T08:18:18.264+0000] {dagbag.py:588} INFO - Filling up the DagBag from /opt/airflow/dags/02_travel_gmaps_ingestion.py
[2026-03-09T08:18:18.284+0000] {processor.py:925} INFO - DAG(s) '02_travel_gmaps_ingestion' retrieved from /opt/airflow/dags/02_travel_gmaps_ingestion.py
[2026-03-09T08:18:18.316+0000] {logging_mixin.py:190} INFO - [2026-03-09T08:18:18.316+0000] {dag.py:3239} INFO - Sync 1 DAGs
[2026-03-09T08:18:18.347+0000] {logging_mixin.py:190} INFO - [2026-03-09T08:18:18.347+0000] {dag.py:4180} INFO - Setting next_dagrun for 02_travel_gmaps_ingestion to 2026-03-08 14:00:00+00:00, run_after=2026-03-09 08:00:00+00:00
[2026-03-09T08:18:18.377+0000] {processor.py:208} INFO - Processing /opt/airflow/dags/02_travel_gmaps_ingestion.py took 0.123 seconds
[2026-03-09T08:18:49.163+0000] {processor.py:186} INFO - Started process (PID=5564) to work on /opt/airflow/dags/02_travel_gmaps_ingestion.py
[2026-03-09T08:18:49.164+0000] {processor.py:914} INFO - Processing file /opt/airflow/dags/02_travel_gmaps_ingestion.py for tasks to queue
[2026-03-09T08:18:49.166+0000] {logging_mixin.py:190} INFO - [2026-03-09T08:18:49.166+0000] {dagbag.py:588} INFO - Filling up the DagBag from /opt/airflow/dags/02_travel_gmaps_ingestion.py
[2026-03-09T08:18:49.185+0000] {processor.py:925} INFO - DAG(s) '02_travel_gmaps_ingestion' retrieved from /opt/airflow/dags/02_travel_gmaps_ingestion.py
[2026-03-09T08:18:49.219+0000] {logging_mixin.py:190} INFO - [2026-03-09T08:18:49.218+0000] {dag.py:3239} INFO - Sync 1 DAGs
[2026-03-09T08:18:49.248+0000] {logging_mixin.py:190} INFO - [2026-03-09T08:18:49.248+0000] {dag.py:4180} INFO - Setting next_dagrun for 02_travel_gmaps_ingestion to 2026-03-08 14:00:00+00:00, run_after=2026-03-09 08:00:00+00:00
[2026-03-09T08:18:49.278+0000] {processor.py:208} INFO - Processing /opt/airflow/dags/02_travel_gmaps_ingestion.py took 0.122 seconds
[2026-03-09T08:19:19.860+0000] {processor.py:186} INFO - Started process (PID=5584) to work on /opt/airflow/dags/02_travel_gmaps_ingestion.py
[2026-03-09T08:19:19.861+0000] {processor.py:914} INFO - Processing file /opt/airflow/dags/02_travel_gmaps_ingestion.py for tasks to queue
[2026-03-09T08:19:19.864+0000] {logging_mixin.py:190} INFO - [2026-03-09T08:19:19.863+0000] {dagbag.py:588} INFO - Filling up the DagBag from /opt/airflow/dags/02_travel_gmaps_ingestion.py
[2026-03-09T08:19:19.886+0000] {processor.py:925} INFO - DAG(s) '02_travel_gmaps_ingestion' retrieved from /opt/airflow/dags/02_travel_gmaps_ingestion.py
[2026-03-09T08:19:19.920+0000] {logging_mixin.py:190} INFO - [2026-03-09T08:19:19.920+0000] {dag.py:3239} INFO - Sync 1 DAGs
[2026-03-09T08:19:19.950+0000] {logging_mixin.py:190} INFO - [2026-03-09T08:19:19.950+0000] {dag.py:4180} INFO - Setting next_dagrun for 02_travel_gmaps_ingestion to 2026-03-08 14:00:00+00:00, run_after=2026-03-09 08:00:00+00:00
[2026-03-09T08:19:19.982+0000] {processor.py:208} INFO - Processing /opt/airflow/dags/02_travel_gmaps_ingestion.py took 0.128 seconds
[2026-03-09T08:19:50.711+0000] {processor.py:186} INFO - Started process (PID=5604) to work on /opt/airflow/dags/02_travel_gmaps_ingestion.py
[2026-03-09T08:19:50.713+0000] {processor.py:914} INFO - Processing file /opt/airflow/dags/02_travel_gmaps_ingestion.py for tasks to queue
[2026-03-09T08:19:50.717+0000] {logging_mixin.py:190} INFO - [2026-03-09T08:19:50.716+0000] {dagbag.py:588} INFO - Filling up the DagBag from /opt/airflow/dags/02_travel_gmaps_ingestion.py
[2026-03-09T08:19:50.746+0000] {processor.py:925} INFO - DAG(s) '02_travel_gmaps_ingestion' retrieved from /opt/airflow/dags/02_travel_gmaps_ingestion.py
[2026-03-09T08:19:50.791+0000] {logging_mixin.py:190} INFO - [2026-03-09T08:19:50.791+0000] {dag.py:3239} INFO - Sync 1 DAGs
[2026-03-09T08:19:50.825+0000] {logging_mixin.py:190} INFO - [2026-03-09T08:19:50.824+0000] {dag.py:4180} INFO - Setting next_dagrun for 02_travel_gmaps_ingestion to 2026-03-08 14:00:00+00:00, run_after=2026-03-09 08:00:00+00:00
[2026-03-09T08:19:50.856+0000] {processor.py:208} INFO - Processing /opt/airflow/dags/02_travel_gmaps_ingestion.py took 0.156 seconds
[2026-03-09T08:20:21.636+0000] {processor.py:186} INFO - Started process (PID=5624) to work on /opt/airflow/dags/02_travel_gmaps_ingestion.py
[2026-03-09T08:20:21.638+0000] {processor.py:914} INFO - Processing file /opt/airflow/dags/02_travel_gmaps_ingestion.py for tasks to queue
[2026-03-09T08:20:21.641+0000] {logging_mixin.py:190} INFO - [2026-03-09T08:20:21.640+0000] {dagbag.py:588} INFO - Filling up the DagBag from /opt/airflow/dags/02_travel_gmaps_ingestion.py
[2026-03-09T08:20:21.659+0000] {processor.py:925} INFO - DAG(s) '02_travel_gmaps_ingestion' retrieved from /opt/airflow/dags/02_travel_gmaps_ingestion.py
[2026-03-09T08:20:21.691+0000] {logging_mixin.py:190} INFO - [2026-03-09T08:20:21.690+0000] {dag.py:3239} INFO - Sync 1 DAGs
[2026-03-09T08:20:21.717+0000] {logging_mixin.py:190} INFO - [2026-03-09T08:20:21.717+0000] {dag.py:4180} INFO - Setting next_dagrun for 02_travel_gmaps_ingestion to 2026-03-08 14:00:00+00:00, run_after=2026-03-09 08:00:00+00:00
[2026-03-09T08:20:21.746+0000] {processor.py:208} INFO - Processing /opt/airflow/dags/02_travel_gmaps_ingestion.py took 0.116 seconds
[2026-03-09T08:20:52.421+0000] {processor.py:186} INFO - Started process (PID=5644) to work on /opt/airflow/dags/02_travel_gmaps_ingestion.py
[2026-03-09T08:20:52.422+0000] {processor.py:914} INFO - Processing file /opt/airflow/dags/02_travel_gmaps_ingestion.py for tasks to queue
[2026-03-09T08:20:52.424+0000] {logging_mixin.py:190} INFO - [2026-03-09T08:20:52.424+0000] {dagbag.py:588} INFO - Filling up the DagBag from /opt/airflow/dags/02_travel_gmaps_ingestion.py
[2026-03-09T08:20:52.445+0000] {processor.py:925} INFO - DAG(s) '02_travel_gmaps_ingestion' retrieved from /opt/airflow/dags/02_travel_gmaps_ingestion.py
[2026-03-09T08:20:52.478+0000] {logging_mixin.py:190} INFO - [2026-03-09T08:20:52.478+0000] {dag.py:3239} INFO - Sync 1 DAGs
[2026-03-09T08:20:52.510+0000] {logging_mixin.py:190} INFO - [2026-03-09T08:20:52.510+0000] {dag.py:4180} INFO - Setting next_dagrun for 02_travel_gmaps_ingestion to 2026-03-08 14:00:00+00:00, run_after=2026-03-09 08:00:00+00:00
[2026-03-09T08:20:52.537+0000] {processor.py:208} INFO - Processing /opt/airflow/dags/02_travel_gmaps_ingestion.py took 0.123 seconds
[2026-03-09T08:21:23.259+0000] {processor.py:186} INFO - Started process (PID=5664) to work on /opt/airflow/dags/02_travel_gmaps_ingestion.py
[2026-03-09T08:21:23.260+0000] {processor.py:914} INFO - Processing file /opt/airflow/dags/02_travel_gmaps_ingestion.py for tasks to queue
[2026-03-09T08:21:23.263+0000] {logging_mixin.py:190} INFO - [2026-03-09T08:21:23.262+0000] {dagbag.py:588} INFO - Filling up the DagBag from /opt/airflow/dags/02_travel_gmaps_ingestion.py
[2026-03-09T08:21:23.285+0000] {processor.py:925} INFO - DAG(s) '02_travel_gmaps_ingestion' retrieved from /opt/airflow/dags/02_travel_gmaps_ingestion.py
[2026-03-09T08:21:23.321+0000] {logging_mixin.py:190} INFO - [2026-03-09T08:21:23.321+0000] {dag.py:3239} INFO - Sync 1 DAGs
[2026-03-09T08:21:23.350+0000] {logging_mixin.py:190} INFO - [2026-03-09T08:21:23.350+0000] {dag.py:4180} INFO - Setting next_dagrun for 02_travel_gmaps_ingestion to 2026-03-08 14:00:00+00:00, run_after=2026-03-09 08:00:00+00:00
[2026-03-09T08:21:23.380+0000] {processor.py:208} INFO - Processing /opt/airflow/dags/02_travel_gmaps_ingestion.py took 0.128 seconds
[2026-03-09T08:21:54.095+0000] {processor.py:186} INFO - Started process (PID=5684) to work on /opt/airflow/dags/02_travel_gmaps_ingestion.py
[2026-03-09T08:21:54.097+0000] {processor.py:914} INFO - Processing file /opt/airflow/dags/02_travel_gmaps_ingestion.py for tasks to queue
[2026-03-09T08:21:54.101+0000] {logging_mixin.py:190} INFO - [2026-03-09T08:21:54.100+0000] {dagbag.py:588} INFO - Filling up the DagBag from /opt/airflow/dags/02_travel_gmaps_ingestion.py
[2026-03-09T08:21:54.130+0000] {processor.py:925} INFO - DAG(s) '02_travel_gmaps_ingestion' retrieved from /opt/airflow/dags/02_travel_gmaps_ingestion.py
[2026-03-09T08:21:54.164+0000] {logging_mixin.py:190} INFO - [2026-03-09T08:21:54.164+0000] {dag.py:3239} INFO - Sync 1 DAGs
[2026-03-09T08:21:54.193+0000] {logging_mixin.py:190} INFO - [2026-03-09T08:21:54.193+0000] {dag.py:4180} INFO - Setting next_dagrun for 02_travel_gmaps_ingestion to 2026-03-08 14:00:00+00:00, run_after=2026-03-09 08:00:00+00:00
[2026-03-09T08:21:54.224+0000] {processor.py:208} INFO - Processing /opt/airflow/dags/02_travel_gmaps_ingestion.py took 0.137 seconds
[2026-03-09T08:22:24.898+0000] {processor.py:186} INFO - Started process (PID=5704) to work on /opt/airflow/dags/02_travel_gmaps_ingestion.py
[2026-03-09T08:22:24.899+0000] {processor.py:914} INFO - Processing file /opt/airflow/dags/02_travel_gmaps_ingestion.py for tasks to queue
[2026-03-09T08:22:24.901+0000] {logging_mixin.py:190} INFO - [2026-03-09T08:22:24.901+0000] {dagbag.py:588} INFO - Filling up the DagBag from /opt/airflow/dags/02_travel_gmaps_ingestion.py
[2026-03-09T08:22:24.923+0000] {processor.py:925} INFO - DAG(s) '02_travel_gmaps_ingestion' retrieved from /opt/airflow/dags/02_travel_gmaps_ingestion.py
[2026-03-09T08:22:24.954+0000] {logging_mixin.py:190} INFO - [2026-03-09T08:22:24.954+0000] {dag.py:3239} INFO - Sync 1 DAGs
[2026-03-09T08:22:24.982+0000] {logging_mixin.py:190} INFO - [2026-03-09T08:22:24.982+0000] {dag.py:4180} INFO - Setting next_dagrun for 02_travel_gmaps_ingestion to 2026-03-08 14:00:00+00:00, run_after=2026-03-09 08:00:00+00:00
[2026-03-09T08:22:25.017+0000] {processor.py:208} INFO - Processing /opt/airflow/dags/02_travel_gmaps_ingestion.py took 0.126 seconds
[2026-03-09T08:22:55.759+0000] {processor.py:186} INFO - Started process (PID=5724) to work on /opt/airflow/dags/02_travel_gmaps_ingestion.py
[2026-03-09T08:22:55.760+0000] {processor.py:914} INFO - Processing file /opt/airflow/dags/02_travel_gmaps_ingestion.py for tasks to queue
[2026-03-09T08:22:55.763+0000] {logging_mixin.py:190} INFO - [2026-03-09T08:22:55.763+0000] {dagbag.py:588} INFO - Filling up the DagBag from /opt/airflow/dags/02_travel_gmaps_ingestion.py
[2026-03-09T08:22:55.782+0000] {processor.py:925} INFO - DAG(s) '02_travel_gmaps_ingestion' retrieved from /opt/airflow/dags/02_travel_gmaps_ingestion.py
[2026-03-09T08:22:55.814+0000] {logging_mixin.py:190} INFO - [2026-03-09T08:22:55.814+0000] {dag.py:3239} INFO - Sync 1 DAGs
[2026-03-09T08:22:55.842+0000] {logging_mixin.py:190} INFO - [2026-03-09T08:22:55.842+0000] {dag.py:4180} INFO - Setting next_dagrun for 02_travel_gmaps_ingestion to 2026-03-08 14:00:00+00:00, run_after=2026-03-09 08:00:00+00:00
[2026-03-09T08:22:55.873+0000] {processor.py:208} INFO - Processing /opt/airflow/dags/02_travel_gmaps_ingestion.py took 0.122 seconds
[2026-03-09T08:23:26.596+0000] {processor.py:186} INFO - Started process (PID=5744) to work on /opt/airflow/dags/02_travel_gmaps_ingestion.py
[2026-03-09T08:23:26.597+0000] {processor.py:914} INFO - Processing file /opt/airflow/dags/02_travel_gmaps_ingestion.py for tasks to queue
[2026-03-09T08:23:26.600+0000] {logging_mixin.py:190} INFO - [2026-03-09T08:23:26.600+0000] {dagbag.py:588} INFO - Filling up the DagBag from /opt/airflow/dags/02_travel_gmaps_ingestion.py
[2026-03-09T08:23:26.631+0000] {processor.py:925} INFO - DAG(s) '02_travel_gmaps_ingestion' retrieved from /opt/airflow/dags/02_travel_gmaps_ingestion.py
[2026-03-09T08:23:26.677+0000] {logging_mixin.py:190} INFO - [2026-03-09T08:23:26.677+0000] {dag.py:3239} INFO - Sync 1 DAGs
[2026-03-09T08:23:26.708+0000] {logging_mixin.py:190} INFO - [2026-03-09T08:23:26.707+0000] {dag.py:4180} INFO - Setting next_dagrun for 02_travel_gmaps_ingestion to 2026-03-08 14:00:00+00:00, run_after=2026-03-09 08:00:00+00:00
[2026-03-09T08:23:26.733+0000] {processor.py:208} INFO - Processing /opt/airflow/dags/02_travel_gmaps_ingestion.py took 0.147 seconds
[2026-03-09T08:23:57.372+0000] {processor.py:186} INFO - Started process (PID=5764) to work on /opt/airflow/dags/02_travel_gmaps_ingestion.py
[2026-03-09T08:23:57.373+0000] {processor.py:914} INFO - Processing file /opt/airflow/dags/02_travel_gmaps_ingestion.py for tasks to queue
[2026-03-09T08:23:57.376+0000] {logging_mixin.py:190} INFO - [2026-03-09T08:23:57.376+0000] {dagbag.py:588} INFO - Filling up the DagBag from /opt/airflow/dags/02_travel_gmaps_ingestion.py
[2026-03-09T08:23:57.398+0000] {processor.py:925} INFO - DAG(s) '02_travel_gmaps_ingestion' retrieved from /opt/airflow/dags/02_travel_gmaps_ingestion.py
[2026-03-09T08:23:57.429+0000] {logging_mixin.py:190} INFO - [2026-03-09T08:23:57.428+0000] {dag.py:3239} INFO - Sync 1 DAGs
[2026-03-09T08:23:57.458+0000] {logging_mixin.py:190} INFO - [2026-03-09T08:23:57.457+0000] {dag.py:4180} INFO - Setting next_dagrun for 02_travel_gmaps_ingestion to 2026-03-08 14:00:00+00:00, run_after=2026-03-09 08:00:00+00:00
[2026-03-09T08:23:57.488+0000] {processor.py:208} INFO - Processing /opt/airflow/dags/02_travel_gmaps_ingestion.py took 0.123 seconds
[2026-03-09T08:24:28.229+0000] {processor.py:186} INFO - Started process (PID=5784) to work on /opt/airflow/dags/02_travel_gmaps_ingestion.py
[2026-03-09T08:24:28.231+0000] {processor.py:914} INFO - Processing file /opt/airflow/dags/02_travel_gmaps_ingestion.py for tasks to queue
[2026-03-09T08:24:28.234+0000] {logging_mixin.py:190} INFO - [2026-03-09T08:24:28.234+0000] {dagbag.py:588} INFO - Filling up the DagBag from /opt/airflow/dags/02_travel_gmaps_ingestion.py
[2026-03-09T08:24:28.257+0000] {processor.py:925} INFO - DAG(s) '02_travel_gmaps_ingestion' retrieved from /opt/airflow/dags/02_travel_gmaps_ingestion.py
[2026-03-09T08:24:28.292+0000] {logging_mixin.py:190} INFO - [2026-03-09T08:24:28.292+0000] {dag.py:3239} INFO - Sync 1 DAGs
[2026-03-09T08:24:28.321+0000] {logging_mixin.py:190} INFO - [2026-03-09T08:24:28.321+0000] {dag.py:4180} INFO - Setting next_dagrun for 02_travel_gmaps_ingestion to 2026-03-08 14:00:00+00:00, run_after=2026-03-09 08:00:00+00:00
[2026-03-09T08:24:28.352+0000] {processor.py:208} INFO - Processing /opt/airflow/dags/02_travel_gmaps_ingestion.py took 0.132 seconds
[2026-03-09T08:24:59.001+0000] {processor.py:186} INFO - Started process (PID=5804) to work on /opt/airflow/dags/02_travel_gmaps_ingestion.py
[2026-03-09T08:24:59.002+0000] {processor.py:914} INFO - Processing file /opt/airflow/dags/02_travel_gmaps_ingestion.py for tasks to queue
[2026-03-09T08:24:59.005+0000] {logging_mixin.py:190} INFO - [2026-03-09T08:24:59.004+0000] {dagbag.py:588} INFO - Filling up the DagBag from /opt/airflow/dags/02_travel_gmaps_ingestion.py
[2026-03-09T08:24:59.112+0000] {processor.py:925} INFO - DAG(s) '02_travel_gmaps_ingestion' retrieved from /opt/airflow/dags/02_travel_gmaps_ingestion.py
[2026-03-09T08:24:59.166+0000] {logging_mixin.py:190} INFO - [2026-03-09T08:24:59.166+0000] {dag.py:3239} INFO - Sync 1 DAGs
[2026-03-09T08:24:59.199+0000] {logging_mixin.py:190} INFO - [2026-03-09T08:24:59.199+0000] {dag.py:4180} INFO - Setting next_dagrun for 02_travel_gmaps_ingestion to 2026-03-08 14:00:00+00:00, run_after=2026-03-09 08:00:00+00:00
[2026-03-09T08:24:59.229+0000] {processor.py:208} INFO - Processing /opt/airflow/dags/02_travel_gmaps_ingestion.py took 0.235 seconds
[2026-03-09T08:25:30.031+0000] {processor.py:186} INFO - Started process (PID=5824) to work on /opt/airflow/dags/02_travel_gmaps_ingestion.py
[2026-03-09T08:25:30.032+0000] {processor.py:914} INFO - Processing file /opt/airflow/dags/02_travel_gmaps_ingestion.py for tasks to queue
[2026-03-09T08:25:30.035+0000] {logging_mixin.py:190} INFO - [2026-03-09T08:25:30.035+0000] {dagbag.py:588} INFO - Filling up the DagBag from /opt/airflow/dags/02_travel_gmaps_ingestion.py
[2026-03-09T08:25:30.056+0000] {processor.py:925} INFO - DAG(s) '02_travel_gmaps_ingestion' retrieved from /opt/airflow/dags/02_travel_gmaps_ingestion.py
[2026-03-09T08:25:30.088+0000] {logging_mixin.py:190} INFO - [2026-03-09T08:25:30.087+0000] {dag.py:3239} INFO - Sync 1 DAGs
[2026-03-09T08:25:30.115+0000] {logging_mixin.py:190} INFO - [2026-03-09T08:25:30.114+0000] {dag.py:4180} INFO - Setting next_dagrun for 02_travel_gmaps_ingestion to 2026-03-08 14:00:00+00:00, run_after=2026-03-09 08:00:00+00:00
[2026-03-09T08:25:30.144+0000] {processor.py:208} INFO - Processing /opt/airflow/dags/02_travel_gmaps_ingestion.py took 0.119 seconds
[2026-03-09T08:26:00.825+0000] {processor.py:186} INFO - Started process (PID=5844) to work on /opt/airflow/dags/02_travel_gmaps_ingestion.py
[2026-03-09T08:26:00.826+0000] {processor.py:914} INFO - Processing file /opt/airflow/dags/02_travel_gmaps_ingestion.py for tasks to queue
[2026-03-09T08:26:00.829+0000] {logging_mixin.py:190} INFO - [2026-03-09T08:26:00.829+0000] {dagbag.py:588} INFO - Filling up the DagBag from /opt/airflow/dags/02_travel_gmaps_ingestion.py
[2026-03-09T08:26:00.847+0000] {processor.py:925} INFO - DAG(s) '02_travel_gmaps_ingestion' retrieved from /opt/airflow/dags/02_travel_gmaps_ingestion.py
[2026-03-09T08:26:00.876+0000] {logging_mixin.py:190} INFO - [2026-03-09T08:26:00.876+0000] {dag.py:3239} INFO - Sync 1 DAGs
[2026-03-09T08:26:00.904+0000] {logging_mixin.py:190} INFO - [2026-03-09T08:26:00.904+0000] {dag.py:4180} INFO - Setting next_dagrun for 02_travel_gmaps_ingestion to 2026-03-08 14:00:00+00:00, run_after=2026-03-09 08:00:00+00:00
[2026-03-09T08:26:00.935+0000] {processor.py:208} INFO - Processing /opt/airflow/dags/02_travel_gmaps_ingestion.py took 0.117 seconds
[2026-03-09T08:26:31.747+0000] {processor.py:186} INFO - Started process (PID=5864) to work on /opt/airflow/dags/02_travel_gmaps_ingestion.py
[2026-03-09T08:26:31.748+0000] {processor.py:914} INFO - Processing file /opt/airflow/dags/02_travel_gmaps_ingestion.py for tasks to queue
[2026-03-09T08:26:31.751+0000] {logging_mixin.py:190} INFO - [2026-03-09T08:26:31.750+0000] {dagbag.py:588} INFO - Filling up the DagBag from /opt/airflow/dags/02_travel_gmaps_ingestion.py
[2026-03-09T08:26:31.769+0000] {processor.py:925} INFO - DAG(s) '02_travel_gmaps_ingestion' retrieved from /opt/airflow/dags/02_travel_gmaps_ingestion.py
[2026-03-09T08:26:31.799+0000] {logging_mixin.py:190} INFO - [2026-03-09T08:26:31.799+0000] {dag.py:3239} INFO - Sync 1 DAGs
[2026-03-09T08:26:31.826+0000] {logging_mixin.py:190} INFO - [2026-03-09T08:26:31.826+0000] {dag.py:4180} INFO - Setting next_dagrun for 02_travel_gmaps_ingestion to 2026-03-08 14:00:00+00:00, run_after=2026-03-09 08:00:00+00:00
[2026-03-09T08:26:31.856+0000] {processor.py:208} INFO - Processing /opt/airflow/dags/02_travel_gmaps_ingestion.py took 0.116 seconds
[2026-03-09T08:27:02.639+0000] {processor.py:186} INFO - Started process (PID=5884) to work on /opt/airflow/dags/02_travel_gmaps_ingestion.py
[2026-03-09T08:27:02.641+0000] {processor.py:914} INFO - Processing file /opt/airflow/dags/02_travel_gmaps_ingestion.py for tasks to queue
[2026-03-09T08:27:02.643+0000] {logging_mixin.py:190} INFO - [2026-03-09T08:27:02.643+0000] {dagbag.py:588} INFO - Filling up the DagBag from /opt/airflow/dags/02_travel_gmaps_ingestion.py
[2026-03-09T08:27:02.665+0000] {processor.py:925} INFO - DAG(s) '02_travel_gmaps_ingestion' retrieved from /opt/airflow/dags/02_travel_gmaps_ingestion.py
[2026-03-09T08:27:02.697+0000] {logging_mixin.py:190} INFO - [2026-03-09T08:27:02.697+0000] {dag.py:3239} INFO - Sync 1 DAGs
[2026-03-09T08:27:02.726+0000] {logging_mixin.py:190} INFO - [2026-03-09T08:27:02.726+0000] {dag.py:4180} INFO - Setting next_dagrun for 02_travel_gmaps_ingestion to 2026-03-08 14:00:00+00:00, run_after=2026-03-09 08:00:00+00:00
[2026-03-09T08:27:02.755+0000] {processor.py:208} INFO - Processing /opt/airflow/dags/02_travel_gmaps_ingestion.py took 0.124 seconds
[2026-03-09T08:27:33.416+0000] {processor.py:186} INFO - Started process (PID=5904) to work on /opt/airflow/dags/02_travel_gmaps_ingestion.py
[2026-03-09T08:27:33.418+0000] {processor.py:914} INFO - Processing file /opt/airflow/dags/02_travel_gmaps_ingestion.py for tasks to queue
[2026-03-09T08:27:33.420+0000] {logging_mixin.py:190} INFO - [2026-03-09T08:27:33.420+0000] {dagbag.py:588} INFO - Filling up the DagBag from /opt/airflow/dags/02_travel_gmaps_ingestion.py
[2026-03-09T08:27:33.443+0000] {processor.py:925} INFO - DAG(s) '02_travel_gmaps_ingestion' retrieved from /opt/airflow/dags/02_travel_gmaps_ingestion.py
[2026-03-09T08:27:33.480+0000] {logging_mixin.py:190} INFO - [2026-03-09T08:27:33.479+0000] {dag.py:3239} INFO - Sync 1 DAGs
[2026-03-09T08:27:33.510+0000] {logging_mixin.py:190} INFO - [2026-03-09T08:27:33.510+0000] {dag.py:4180} INFO - Setting next_dagrun for 02_travel_gmaps_ingestion to 2026-03-08 14:00:00+00:00, run_after=2026-03-09 08:00:00+00:00
[2026-03-09T08:27:33.538+0000] {processor.py:208} INFO - Processing /opt/airflow/dags/02_travel_gmaps_ingestion.py took 0.130 seconds
[2026-03-09T08:28:04.307+0000] {processor.py:186} INFO - Started process (PID=5924) to work on /opt/airflow/dags/02_travel_gmaps_ingestion.py
[2026-03-09T08:28:04.312+0000] {processor.py:914} INFO - Processing file /opt/airflow/dags/02_travel_gmaps_ingestion.py for tasks to queue
[2026-03-09T08:28:04.317+0000] {logging_mixin.py:190} INFO - [2026-03-09T08:28:04.317+0000] {dagbag.py:588} INFO - Filling up the DagBag from /opt/airflow/dags/02_travel_gmaps_ingestion.py
[2026-03-09T08:28:04.355+0000] {processor.py:925} INFO - DAG(s) '02_travel_gmaps_ingestion' retrieved from /opt/airflow/dags/02_travel_gmaps_ingestion.py
[2026-03-09T08:28:04.399+0000] {logging_mixin.py:190} INFO - [2026-03-09T08:28:04.399+0000] {dag.py:3239} INFO - Sync 1 DAGs
[2026-03-09T08:28:04.439+0000] {logging_mixin.py:190} INFO - [2026-03-09T08:28:04.439+0000] {dag.py:4180} INFO - Setting next_dagrun for 02_travel_gmaps_ingestion to 2026-03-08 14:00:00+00:00, run_after=2026-03-09 08:00:00+00:00
[2026-03-09T08:28:04.478+0000] {processor.py:208} INFO - Processing /opt/airflow/dags/02_travel_gmaps_ingestion.py took 0.180 seconds
[2026-03-09T08:28:35.038+0000] {processor.py:186} INFO - Started process (PID=5944) to work on /opt/airflow/dags/02_travel_gmaps_ingestion.py
[2026-03-09T08:28:35.039+0000] {processor.py:914} INFO - Processing file /opt/airflow/dags/02_travel_gmaps_ingestion.py for tasks to queue
[2026-03-09T08:28:35.042+0000] {logging_mixin.py:190} INFO - [2026-03-09T08:28:35.042+0000] {dagbag.py:588} INFO - Filling up the DagBag from /opt/airflow/dags/02_travel_gmaps_ingestion.py
[2026-03-09T08:28:35.069+0000] {processor.py:925} INFO - DAG(s) '02_travel_gmaps_ingestion' retrieved from /opt/airflow/dags/02_travel_gmaps_ingestion.py
[2026-03-09T08:28:35.106+0000] {logging_mixin.py:190} INFO - [2026-03-09T08:28:35.106+0000] {dag.py:3239} INFO - Sync 1 DAGs
[2026-03-09T08:28:35.137+0000] {logging_mixin.py:190} INFO - [2026-03-09T08:28:35.137+0000] {dag.py:4180} INFO - Setting next_dagrun for 02_travel_gmaps_ingestion to 2026-03-08 14:00:00+00:00, run_after=2026-03-09 08:00:00+00:00
[2026-03-09T08:28:35.168+0000] {processor.py:208} INFO - Processing /opt/airflow/dags/02_travel_gmaps_ingestion.py took 0.139 seconds
[2026-03-09T08:29:05.856+0000] {processor.py:186} INFO - Started process (PID=5964) to work on /opt/airflow/dags/02_travel_gmaps_ingestion.py
[2026-03-09T08:29:05.857+0000] {processor.py:914} INFO - Processing file /opt/airflow/dags/02_travel_gmaps_ingestion.py for tasks to queue
[2026-03-09T08:29:05.860+0000] {logging_mixin.py:190} INFO - [2026-03-09T08:29:05.859+0000] {dagbag.py:588} INFO - Filling up the DagBag from /opt/airflow/dags/02_travel_gmaps_ingestion.py
[2026-03-09T08:29:05.884+0000] {processor.py:925} INFO - DAG(s) '02_travel_gmaps_ingestion' retrieved from /opt/airflow/dags/02_travel_gmaps_ingestion.py
[2026-03-09T08:29:05.920+0000] {logging_mixin.py:190} INFO - [2026-03-09T08:29:05.920+0000] {dag.py:3239} INFO - Sync 1 DAGs
[2026-03-09T08:29:05.958+0000] {logging_mixin.py:190} INFO - [2026-03-09T08:29:05.957+0000] {dag.py:4180} INFO - Setting next_dagrun for 02_travel_gmaps_ingestion to 2026-03-08 14:00:00+00:00, run_after=2026-03-09 08:00:00+00:00
[2026-03-09T08:29:06.003+0000] {processor.py:208} INFO - Processing /opt/airflow/dags/02_travel_gmaps_ingestion.py took 0.155 seconds
[2026-03-09T08:29:36.615+0000] {processor.py:186} INFO - Started process (PID=5984) to work on /opt/airflow/dags/02_travel_gmaps_ingestion.py
[2026-03-09T08:29:36.617+0000] {processor.py:914} INFO - Processing file /opt/airflow/dags/02_travel_gmaps_ingestion.py for tasks to queue
[2026-03-09T08:29:36.622+0000] {logging_mixin.py:190} INFO - [2026-03-09T08:29:36.620+0000] {dagbag.py:588} INFO - Filling up the DagBag from /opt/airflow/dags/02_travel_gmaps_ingestion.py
[2026-03-09T08:29:36.652+0000] {processor.py:925} INFO - DAG(s) '02_travel_gmaps_ingestion' retrieved from /opt/airflow/dags/02_travel_gmaps_ingestion.py
[2026-03-09T08:29:36.698+0000] {logging_mixin.py:190} INFO - [2026-03-09T08:29:36.698+0000] {dag.py:3239} INFO - Sync 1 DAGs
[2026-03-09T08:29:36.740+0000] {logging_mixin.py:190} INFO - [2026-03-09T08:29:36.739+0000] {dag.py:4180} INFO - Setting next_dagrun for 02_travel_gmaps_ingestion to 2026-03-08 14:00:00+00:00, run_after=2026-03-09 08:00:00+00:00
[2026-03-09T08:29:36.767+0000] {processor.py:208} INFO - Processing /opt/airflow/dags/02_travel_gmaps_ingestion.py took 0.164 seconds
[2026-03-09T08:30:07.490+0000] {processor.py:186} INFO - Started process (PID=6020) to work on /opt/airflow/dags/02_travel_gmaps_ingestion.py
[2026-03-09T08:30:07.491+0000] {processor.py:914} INFO - Processing file /opt/airflow/dags/02_travel_gmaps_ingestion.py for tasks to queue
[2026-03-09T08:30:07.494+0000] {logging_mixin.py:190} INFO - [2026-03-09T08:30:07.493+0000] {dagbag.py:588} INFO - Filling up the DagBag from /opt/airflow/dags/02_travel_gmaps_ingestion.py
[2026-03-09T08:30:07.516+0000] {processor.py:925} INFO - DAG(s) '02_travel_gmaps_ingestion' retrieved from /opt/airflow/dags/02_travel_gmaps_ingestion.py
[2026-03-09T08:30:07.544+0000] {logging_mixin.py:190} INFO - [2026-03-09T08:30:07.543+0000] {dag.py:3239} INFO - Sync 1 DAGs
[2026-03-09T08:30:07.572+0000] {logging_mixin.py:190} INFO - [2026-03-09T08:30:07.571+0000] {dag.py:4180} INFO - Setting next_dagrun for 02_travel_gmaps_ingestion to 2026-03-08 14:00:00+00:00, run_after=2026-03-09 08:00:00+00:00
[2026-03-09T08:30:07.613+0000] {processor.py:208} INFO - Processing /opt/airflow/dags/02_travel_gmaps_ingestion.py took 0.130 seconds
[2026-03-09T08:30:38.437+0000] {processor.py:186} INFO - Started process (PID=6040) to work on /opt/airflow/dags/02_travel_gmaps_ingestion.py
[2026-03-09T08:30:38.438+0000] {processor.py:914} INFO - Processing file /opt/airflow/dags/02_travel_gmaps_ingestion.py for tasks to queue
[2026-03-09T08:30:38.440+0000] {logging_mixin.py:190} INFO - [2026-03-09T08:30:38.440+0000] {dagbag.py:588} INFO - Filling up the DagBag from /opt/airflow/dags/02_travel_gmaps_ingestion.py
[2026-03-09T08:30:38.459+0000] {processor.py:925} INFO - DAG(s) '02_travel_gmaps_ingestion' retrieved from /opt/airflow/dags/02_travel_gmaps_ingestion.py
[2026-03-09T08:30:38.487+0000] {logging_mixin.py:190} INFO - [2026-03-09T08:30:38.487+0000] {dag.py:3239} INFO - Sync 1 DAGs
[2026-03-09T08:30:38.514+0000] {logging_mixin.py:190} INFO - [2026-03-09T08:30:38.513+0000] {dag.py:4180} INFO - Setting next_dagrun for 02_travel_gmaps_ingestion to 2026-03-08 14:00:00+00:00, run_after=2026-03-09 08:00:00+00:00
[2026-03-09T08:30:38.541+0000] {processor.py:208} INFO - Processing /opt/airflow/dags/02_travel_gmaps_ingestion.py took 0.111 seconds
[2026-03-09T08:31:09.218+0000] {processor.py:186} INFO - Started process (PID=6060) to work on /opt/airflow/dags/02_travel_gmaps_ingestion.py
[2026-03-09T08:31:09.220+0000] {processor.py:914} INFO - Processing file /opt/airflow/dags/02_travel_gmaps_ingestion.py for tasks to queue
[2026-03-09T08:31:09.223+0000] {logging_mixin.py:190} INFO - [2026-03-09T08:31:09.223+0000] {dagbag.py:588} INFO - Filling up the DagBag from /opt/airflow/dags/02_travel_gmaps_ingestion.py
[2026-03-09T08:31:09.246+0000] {processor.py:925} INFO - DAG(s) '02_travel_gmaps_ingestion' retrieved from /opt/airflow/dags/02_travel_gmaps_ingestion.py
[2026-03-09T08:31:09.284+0000] {logging_mixin.py:190} INFO - [2026-03-09T08:31:09.284+0000] {dag.py:3239} INFO - Sync 1 DAGs
[2026-03-09T08:31:09.315+0000] {logging_mixin.py:190} INFO - [2026-03-09T08:31:09.315+0000] {dag.py:4180} INFO - Setting next_dagrun for 02_travel_gmaps_ingestion to 2026-03-08 14:00:00+00:00, run_after=2026-03-09 08:00:00+00:00
[2026-03-09T08:31:09.343+0000] {processor.py:208} INFO - Processing /opt/airflow/dags/02_travel_gmaps_ingestion.py took 0.133 seconds
[2026-03-09T08:31:39.980+0000] {processor.py:186} INFO - Started process (PID=6080) to work on /opt/airflow/dags/02_travel_gmaps_ingestion.py
[2026-03-09T08:31:39.982+0000] {processor.py:914} INFO - Processing file /opt/airflow/dags/02_travel_gmaps_ingestion.py for tasks to queue
[2026-03-09T08:31:39.985+0000] {logging_mixin.py:190} INFO - [2026-03-09T08:31:39.984+0000] {dagbag.py:588} INFO - Filling up the DagBag from /opt/airflow/dags/02_travel_gmaps_ingestion.py
[2026-03-09T08:31:40.004+0000] {processor.py:925} INFO - DAG(s) '02_travel_gmaps_ingestion' retrieved from /opt/airflow/dags/02_travel_gmaps_ingestion.py
[2026-03-09T08:31:40.038+0000] {logging_mixin.py:190} INFO - [2026-03-09T08:31:40.037+0000] {dag.py:3239} INFO - Sync 1 DAGs
[2026-03-09T08:31:40.067+0000] {logging_mixin.py:190} INFO - [2026-03-09T08:31:40.067+0000] {dag.py:4180} INFO - Setting next_dagrun for 02_travel_gmaps_ingestion to 2026-03-08 14:00:00+00:00, run_after=2026-03-09 08:00:00+00:00
[2026-03-09T08:31:40.100+0000] {processor.py:208} INFO - Processing /opt/airflow/dags/02_travel_gmaps_ingestion.py took 0.128 seconds
[2026-03-09T08:32:10.770+0000] {processor.py:186} INFO - Started process (PID=6100) to work on /opt/airflow/dags/02_travel_gmaps_ingestion.py
[2026-03-09T08:32:10.771+0000] {processor.py:914} INFO - Processing file /opt/airflow/dags/02_travel_gmaps_ingestion.py for tasks to queue
[2026-03-09T08:32:10.775+0000] {logging_mixin.py:190} INFO - [2026-03-09T08:32:10.774+0000] {dagbag.py:588} INFO - Filling up the DagBag from /opt/airflow/dags/02_travel_gmaps_ingestion.py
[2026-03-09T08:32:10.805+0000] {processor.py:925} INFO - DAG(s) '02_travel_gmaps_ingestion' retrieved from /opt/airflow/dags/02_travel_gmaps_ingestion.py
[2026-03-09T08:32:10.850+0000] {logging_mixin.py:190} INFO - [2026-03-09T08:32:10.849+0000] {dag.py:3239} INFO - Sync 1 DAGs
[2026-03-09T08:32:10.886+0000] {logging_mixin.py:190} INFO - [2026-03-09T08:32:10.886+0000] {dag.py:4180} INFO - Setting next_dagrun for 02_travel_gmaps_ingestion to 2026-03-08 14:00:00+00:00, run_after=2026-03-09 08:00:00+00:00
[2026-03-09T08:32:10.922+0000] {processor.py:208} INFO - Processing /opt/airflow/dags/02_travel_gmaps_ingestion.py took 0.159 seconds
[2026-03-09T08:32:41.683+0000] {processor.py:186} INFO - Started process (PID=6120) to work on /opt/airflow/dags/02_travel_gmaps_ingestion.py
[2026-03-09T08:32:41.685+0000] {processor.py:914} INFO - Processing file /opt/airflow/dags/02_travel_gmaps_ingestion.py for tasks to queue
[2026-03-09T08:32:41.687+0000] {logging_mixin.py:190} INFO - [2026-03-09T08:32:41.687+0000] {dagbag.py:588} INFO - Filling up the DagBag from /opt/airflow/dags/02_travel_gmaps_ingestion.py
[2026-03-09T08:32:41.709+0000] {processor.py:925} INFO - DAG(s) '02_travel_gmaps_ingestion' retrieved from /opt/airflow/dags/02_travel_gmaps_ingestion.py
[2026-03-09T08:32:41.746+0000] {logging_mixin.py:190} INFO - [2026-03-09T08:32:41.746+0000] {dag.py:3239} INFO - Sync 1 DAGs
[2026-03-09T08:32:41.775+0000] {logging_mixin.py:190} INFO - [2026-03-09T08:32:41.775+0000] {dag.py:4180} INFO - Setting next_dagrun for 02_travel_gmaps_ingestion to 2026-03-08 14:00:00+00:00, run_after=2026-03-09 08:00:00+00:00
[2026-03-09T08:32:41.806+0000] {processor.py:208} INFO - Processing /opt/airflow/dags/02_travel_gmaps_ingestion.py took 0.131 seconds
[2026-03-09T08:33:12.496+0000] {processor.py:186} INFO - Started process (PID=6140) to work on /opt/airflow/dags/02_travel_gmaps_ingestion.py
[2026-03-09T08:33:12.497+0000] {processor.py:914} INFO - Processing file /opt/airflow/dags/02_travel_gmaps_ingestion.py for tasks to queue
[2026-03-09T08:33:12.500+0000] {logging_mixin.py:190} INFO - [2026-03-09T08:33:12.500+0000] {dagbag.py:588} INFO - Filling up the DagBag from /opt/airflow/dags/02_travel_gmaps_ingestion.py
[2026-03-09T08:33:12.529+0000] {processor.py:925} INFO - DAG(s) '02_travel_gmaps_ingestion' retrieved from /opt/airflow/dags/02_travel_gmaps_ingestion.py
[2026-03-09T08:33:12.566+0000] {logging_mixin.py:190} INFO - [2026-03-09T08:33:12.566+0000] {dag.py:3239} INFO - Sync 1 DAGs
[2026-03-09T08:33:12.599+0000] {logging_mixin.py:190} INFO - [2026-03-09T08:33:12.598+0000] {dag.py:4180} INFO - Setting next_dagrun for 02_travel_gmaps_ingestion to 2026-03-08 14:00:00+00:00, run_after=2026-03-09 08:00:00+00:00
[2026-03-09T08:33:12.636+0000] {processor.py:208} INFO - Processing /opt/airflow/dags/02_travel_gmaps_ingestion.py took 0.148 seconds
[2026-03-09T08:33:43.095+0000] {processor.py:186} INFO - Started process (PID=6160) to work on /opt/airflow/dags/02_travel_gmaps_ingestion.py
[2026-03-09T08:33:43.096+0000] {processor.py:914} INFO - Processing file /opt/airflow/dags/02_travel_gmaps_ingestion.py for tasks to queue
[2026-03-09T08:33:43.099+0000] {logging_mixin.py:190} INFO - [2026-03-09T08:33:43.099+0000] {dagbag.py:588} INFO - Filling up the DagBag from /opt/airflow/dags/02_travel_gmaps_ingestion.py
[2026-03-09T08:33:43.118+0000] {processor.py:925} INFO - DAG(s) '02_travel_gmaps_ingestion' retrieved from /opt/airflow/dags/02_travel_gmaps_ingestion.py
[2026-03-09T08:33:43.153+0000] {logging_mixin.py:190} INFO - [2026-03-09T08:33:43.153+0000] {dag.py:3239} INFO - Sync 1 DAGs
[2026-03-09T08:33:43.184+0000] {logging_mixin.py:190} INFO - [2026-03-09T08:33:43.184+0000] {dag.py:4180} INFO - Setting next_dagrun for 02_travel_gmaps_ingestion to 2026-03-08 14:00:00+00:00, run_after=2026-03-09 08:00:00+00:00
[2026-03-09T08:33:43.213+0000] {processor.py:208} INFO - Processing /opt/airflow/dags/02_travel_gmaps_ingestion.py took 0.124 seconds
[2026-03-09T08:34:13.769+0000] {processor.py:186} INFO - Started process (PID=6180) to work on /opt/airflow/dags/02_travel_gmaps_ingestion.py
[2026-03-09T08:34:13.771+0000] {processor.py:914} INFO - Processing file /opt/airflow/dags/02_travel_gmaps_ingestion.py for tasks to queue
[2026-03-09T08:34:13.778+0000] {logging_mixin.py:190} INFO - [2026-03-09T08:34:13.777+0000] {dagbag.py:588} INFO - Filling up the DagBag from /opt/airflow/dags/02_travel_gmaps_ingestion.py
[2026-03-09T08:34:13.823+0000] {processor.py:925} INFO - DAG(s) '02_travel_gmaps_ingestion' retrieved from /opt/airflow/dags/02_travel_gmaps_ingestion.py
[2026-03-09T08:34:13.874+0000] {logging_mixin.py:190} INFO - [2026-03-09T08:34:13.874+0000] {dag.py:3239} INFO - Sync 1 DAGs
[2026-03-09T08:34:13.923+0000] {logging_mixin.py:190} INFO - [2026-03-09T08:34:13.922+0000] {dag.py:4180} INFO - Setting next_dagrun for 02_travel_gmaps_ingestion to 2026-03-08 14:00:00+00:00, run_after=2026-03-09 08:00:00+00:00
[2026-03-09T08:34:13.948+0000] {processor.py:208} INFO - Processing /opt/airflow/dags/02_travel_gmaps_ingestion.py took 0.193 seconds
[2026-03-09T08:34:44.598+0000] {processor.py:186} INFO - Started process (PID=6200) to work on /opt/airflow/dags/02_travel_gmaps_ingestion.py
[2026-03-09T08:34:44.599+0000] {processor.py:914} INFO - Processing file /opt/airflow/dags/02_travel_gmaps_ingestion.py for tasks to queue
[2026-03-09T08:34:44.602+0000] {logging_mixin.py:190} INFO - [2026-03-09T08:34:44.602+0000] {dagbag.py:588} INFO - Filling up the DagBag from /opt/airflow/dags/02_travel_gmaps_ingestion.py
[2026-03-09T08:34:44.637+0000] {processor.py:925} INFO - DAG(s) '02_travel_gmaps_ingestion' retrieved from /opt/airflow/dags/02_travel_gmaps_ingestion.py
[2026-03-09T08:34:44.686+0000] {logging_mixin.py:190} INFO - [2026-03-09T08:34:44.686+0000] {dag.py:3239} INFO - Sync 1 DAGs
[2026-03-09T08:34:44.724+0000] {logging_mixin.py:190} INFO - [2026-03-09T08:34:44.724+0000] {dag.py:4180} INFO - Setting next_dagrun for 02_travel_gmaps_ingestion to 2026-03-08 14:00:00+00:00, run_after=2026-03-09 08:00:00+00:00
[2026-03-09T08:34:44.756+0000] {processor.py:208} INFO - Processing /opt/airflow/dags/02_travel_gmaps_ingestion.py took 0.166 seconds
[2026-03-09T08:35:15.358+0000] {processor.py:186} INFO - Started process (PID=6220) to work on /opt/airflow/dags/02_travel_gmaps_ingestion.py
[2026-03-09T08:35:15.359+0000] {processor.py:914} INFO - Processing file /opt/airflow/dags/02_travel_gmaps_ingestion.py for tasks to queue
[2026-03-09T08:35:15.362+0000] {logging_mixin.py:190} INFO - [2026-03-09T08:35:15.362+0000] {dagbag.py:588} INFO - Filling up the DagBag from /opt/airflow/dags/02_travel_gmaps_ingestion.py
[2026-03-09T08:35:15.384+0000] {processor.py:925} INFO - DAG(s) '02_travel_gmaps_ingestion' retrieved from /opt/airflow/dags/02_travel_gmaps_ingestion.py
[2026-03-09T08:35:15.417+0000] {logging_mixin.py:190} INFO - [2026-03-09T08:35:15.416+0000] {dag.py:3239} INFO - Sync 1 DAGs
[2026-03-09T08:35:15.449+0000] {logging_mixin.py:190} INFO - [2026-03-09T08:35:15.449+0000] {dag.py:4180} INFO - Setting next_dagrun for 02_travel_gmaps_ingestion to 2026-03-08 14:00:00+00:00, run_after=2026-03-09 08:00:00+00:00
[2026-03-09T08:35:15.481+0000] {processor.py:208} INFO - Processing /opt/airflow/dags/02_travel_gmaps_ingestion.py took 0.130 seconds
[2026-03-09T08:35:46.110+0000] {processor.py:186} INFO - Started process (PID=6240) to work on /opt/airflow/dags/02_travel_gmaps_ingestion.py
[2026-03-09T08:35:46.112+0000] {processor.py:914} INFO - Processing file /opt/airflow/dags/02_travel_gmaps_ingestion.py for tasks to queue
[2026-03-09T08:35:46.115+0000] {logging_mixin.py:190} INFO - [2026-03-09T08:35:46.115+0000] {dagbag.py:588} INFO - Filling up the DagBag from /opt/airflow/dags/02_travel_gmaps_ingestion.py
[2026-03-09T08:35:46.144+0000] {processor.py:925} INFO - DAG(s) '02_travel_gmaps_ingestion' retrieved from /opt/airflow/dags/02_travel_gmaps_ingestion.py
[2026-03-09T08:35:46.178+0000] {logging_mixin.py:190} INFO - [2026-03-09T08:35:46.178+0000] {dag.py:3239} INFO - Sync 1 DAGs
[2026-03-09T08:35:46.207+0000] {logging_mixin.py:190} INFO - [2026-03-09T08:35:46.206+0000] {dag.py:4180} INFO - Setting next_dagrun for 02_travel_gmaps_ingestion to 2026-03-08 14:00:00+00:00, run_after=2026-03-09 08:00:00+00:00
[2026-03-09T08:35:46.232+0000] {processor.py:208} INFO - Processing /opt/airflow/dags/02_travel_gmaps_ingestion.py took 0.128 seconds
[2026-03-09T08:36:16.977+0000] {processor.py:186} INFO - Started process (PID=6260) to work on /opt/airflow/dags/02_travel_gmaps_ingestion.py
[2026-03-09T08:36:16.979+0000] {processor.py:914} INFO - Processing file /opt/airflow/dags/02_travel_gmaps_ingestion.py for tasks to queue
[2026-03-09T08:36:16.983+0000] {logging_mixin.py:190} INFO - [2026-03-09T08:36:16.982+0000] {dagbag.py:588} INFO - Filling up the DagBag from /opt/airflow/dags/02_travel_gmaps_ingestion.py
[2026-03-09T08:36:17.013+0000] {processor.py:925} INFO - DAG(s) '02_travel_gmaps_ingestion' retrieved from /opt/airflow/dags/02_travel_gmaps_ingestion.py
[2026-03-09T08:36:17.052+0000] {logging_mixin.py:190} INFO - [2026-03-09T08:36:17.052+0000] {dag.py:3239} INFO - Sync 1 DAGs
[2026-03-09T08:36:17.085+0000] {logging_mixin.py:190} INFO - [2026-03-09T08:36:17.084+0000] {dag.py:4180} INFO - Setting next_dagrun for 02_travel_gmaps_ingestion to 2026-03-08 14:00:00+00:00, run_after=2026-03-09 08:00:00+00:00
[2026-03-09T08:36:17.126+0000] {processor.py:208} INFO - Processing /opt/airflow/dags/02_travel_gmaps_ingestion.py took 0.156 seconds
[2026-03-09T08:36:47.858+0000] {processor.py:186} INFO - Started process (PID=6280) to work on /opt/airflow/dags/02_travel_gmaps_ingestion.py
[2026-03-09T08:36:47.859+0000] {processor.py:914} INFO - Processing file /opt/airflow/dags/02_travel_gmaps_ingestion.py for tasks to queue
[2026-03-09T08:36:47.863+0000] {logging_mixin.py:190} INFO - [2026-03-09T08:36:47.862+0000] {dagbag.py:588} INFO - Filling up the DagBag from /opt/airflow/dags/02_travel_gmaps_ingestion.py
[2026-03-09T08:36:47.893+0000] {processor.py:925} INFO - DAG(s) '02_travel_gmaps_ingestion' retrieved from /opt/airflow/dags/02_travel_gmaps_ingestion.py
[2026-03-09T08:36:47.924+0000] {logging_mixin.py:190} INFO - [2026-03-09T08:36:47.923+0000] {dag.py:3239} INFO - Sync 1 DAGs
[2026-03-09T08:36:47.955+0000] {logging_mixin.py:190} INFO - [2026-03-09T08:36:47.955+0000] {dag.py:4180} INFO - Setting next_dagrun for 02_travel_gmaps_ingestion to 2026-03-08 14:00:00+00:00, run_after=2026-03-09 08:00:00+00:00
[2026-03-09T08:36:47.979+0000] {processor.py:208} INFO - Processing /opt/airflow/dags/02_travel_gmaps_ingestion.py took 0.128 seconds
[2026-03-09T08:37:18.678+0000] {processor.py:186} INFO - Started process (PID=6300) to work on /opt/airflow/dags/02_travel_gmaps_ingestion.py
[2026-03-09T08:37:18.679+0000] {processor.py:914} INFO - Processing file /opt/airflow/dags/02_travel_gmaps_ingestion.py for tasks to queue
[2026-03-09T08:37:18.683+0000] {logging_mixin.py:190} INFO - [2026-03-09T08:37:18.683+0000] {dagbag.py:588} INFO - Filling up the DagBag from /opt/airflow/dags/02_travel_gmaps_ingestion.py
[2026-03-09T08:37:18.705+0000] {processor.py:925} INFO - DAG(s) '02_travel_gmaps_ingestion' retrieved from /opt/airflow/dags/02_travel_gmaps_ingestion.py
[2026-03-09T08:37:18.738+0000] {logging_mixin.py:190} INFO - [2026-03-09T08:37:18.737+0000] {dag.py:3239} INFO - Sync 1 DAGs
[2026-03-09T08:37:18.765+0000] {logging_mixin.py:190} INFO - [2026-03-09T08:37:18.765+0000] {dag.py:4180} INFO - Setting next_dagrun for 02_travel_gmaps_ingestion to 2026-03-08 14:00:00+00:00, run_after=2026-03-09 08:00:00+00:00
[2026-03-09T08:37:18.797+0000] {processor.py:208} INFO - Processing /opt/airflow/dags/02_travel_gmaps_ingestion.py took 0.126 seconds
[2026-03-09T08:37:49.541+0000] {processor.py:186} INFO - Started process (PID=6320) to work on /opt/airflow/dags/02_travel_gmaps_ingestion.py
[2026-03-09T08:37:49.543+0000] {processor.py:914} INFO - Processing file /opt/airflow/dags/02_travel_gmaps_ingestion.py for tasks to queue
[2026-03-09T08:37:49.546+0000] {logging_mixin.py:190} INFO - [2026-03-09T08:37:49.545+0000] {dagbag.py:588} INFO - Filling up the DagBag from /opt/airflow/dags/02_travel_gmaps_ingestion.py
[2026-03-09T08:37:49.571+0000] {processor.py:925} INFO - DAG(s) '02_travel_gmaps_ingestion' retrieved from /opt/airflow/dags/02_travel_gmaps_ingestion.py
[2026-03-09T08:37:49.602+0000] {logging_mixin.py:190} INFO - [2026-03-09T08:37:49.602+0000] {dag.py:3239} INFO - Sync 1 DAGs
[2026-03-09T08:37:49.632+0000] {logging_mixin.py:190} INFO - [2026-03-09T08:37:49.631+0000] {dag.py:4180} INFO - Setting next_dagrun for 02_travel_gmaps_ingestion to 2026-03-08 14:00:00+00:00, run_after=2026-03-09 08:00:00+00:00
[2026-03-09T08:37:49.658+0000] {processor.py:208} INFO - Processing /opt/airflow/dags/02_travel_gmaps_ingestion.py took 0.124 seconds
[2026-03-09T08:38:20.362+0000] {processor.py:186} INFO - Started process (PID=6340) to work on /opt/airflow/dags/02_travel_gmaps_ingestion.py
[2026-03-09T08:38:20.363+0000] {processor.py:914} INFO - Processing file /opt/airflow/dags/02_travel_gmaps_ingestion.py for tasks to queue
[2026-03-09T08:38:20.366+0000] {logging_mixin.py:190} INFO - [2026-03-09T08:38:20.366+0000] {dagbag.py:588} INFO - Filling up the DagBag from /opt/airflow/dags/02_travel_gmaps_ingestion.py
[2026-03-09T08:38:20.394+0000] {processor.py:925} INFO - DAG(s) '02_travel_gmaps_ingestion' retrieved from /opt/airflow/dags/02_travel_gmaps_ingestion.py
[2026-03-09T08:38:20.430+0000] {logging_mixin.py:190} INFO - [2026-03-09T08:38:20.429+0000] {dag.py:3239} INFO - Sync 1 DAGs
[2026-03-09T08:38:20.461+0000] {logging_mixin.py:190} INFO - [2026-03-09T08:38:20.461+0000] {dag.py:4180} INFO - Setting next_dagrun for 02_travel_gmaps_ingestion to 2026-03-08 14:00:00+00:00, run_after=2026-03-09 08:00:00+00:00
[2026-03-09T08:38:20.490+0000] {processor.py:208} INFO - Processing /opt/airflow/dags/02_travel_gmaps_ingestion.py took 0.137 seconds
[2026-03-09T08:38:51.081+0000] {processor.py:186} INFO - Started process (PID=6360) to work on /opt/airflow/dags/02_travel_gmaps_ingestion.py
[2026-03-09T08:38:51.082+0000] {processor.py:914} INFO - Processing file /opt/airflow/dags/02_travel_gmaps_ingestion.py for tasks to queue
[2026-03-09T08:38:51.085+0000] {logging_mixin.py:190} INFO - [2026-03-09T08:38:51.085+0000] {dagbag.py:588} INFO - Filling up the DagBag from /opt/airflow/dags/02_travel_gmaps_ingestion.py
[2026-03-09T08:38:51.107+0000] {processor.py:925} INFO - DAG(s) '02_travel_gmaps_ingestion' retrieved from /opt/airflow/dags/02_travel_gmaps_ingestion.py
[2026-03-09T08:38:51.138+0000] {logging_mixin.py:190} INFO - [2026-03-09T08:38:51.138+0000] {dag.py:3239} INFO - Sync 1 DAGs
[2026-03-09T08:38:51.169+0000] {logging_mixin.py:190} INFO - [2026-03-09T08:38:51.169+0000] {dag.py:4180} INFO - Setting next_dagrun for 02_travel_gmaps_ingestion to 2026-03-08 14:00:00+00:00, run_after=2026-03-09 08:00:00+00:00
[2026-03-09T08:38:51.198+0000] {processor.py:208} INFO - Processing /opt/airflow/dags/02_travel_gmaps_ingestion.py took 0.124 seconds
[2026-03-09T08:39:21.872+0000] {processor.py:186} INFO - Started process (PID=6380) to work on /opt/airflow/dags/02_travel_gmaps_ingestion.py
[2026-03-09T08:39:21.873+0000] {processor.py:914} INFO - Processing file /opt/airflow/dags/02_travel_gmaps_ingestion.py for tasks to queue
[2026-03-09T08:39:21.877+0000] {logging_mixin.py:190} INFO - [2026-03-09T08:39:21.876+0000] {dagbag.py:588} INFO - Filling up the DagBag from /opt/airflow/dags/02_travel_gmaps_ingestion.py
[2026-03-09T08:39:21.898+0000] {processor.py:925} INFO - DAG(s) '02_travel_gmaps_ingestion' retrieved from /opt/airflow/dags/02_travel_gmaps_ingestion.py
[2026-03-09T08:39:21.929+0000] {logging_mixin.py:190} INFO - [2026-03-09T08:39:21.929+0000] {dag.py:3239} INFO - Sync 1 DAGs
[2026-03-09T08:39:21.956+0000] {logging_mixin.py:190} INFO - [2026-03-09T08:39:21.956+0000] {dag.py:4180} INFO - Setting next_dagrun for 02_travel_gmaps_ingestion to 2026-03-08 14:00:00+00:00, run_after=2026-03-09 08:00:00+00:00
[2026-03-09T08:39:21.982+0000] {processor.py:208} INFO - Processing /opt/airflow/dags/02_travel_gmaps_ingestion.py took 0.117 seconds
[2026-03-09T08:39:52.707+0000] {processor.py:186} INFO - Started process (PID=6400) to work on /opt/airflow/dags/02_travel_gmaps_ingestion.py
[2026-03-09T08:39:52.709+0000] {processor.py:914} INFO - Processing file /opt/airflow/dags/02_travel_gmaps_ingestion.py for tasks to queue
[2026-03-09T08:39:52.714+0000] {logging_mixin.py:190} INFO - [2026-03-09T08:39:52.713+0000] {dagbag.py:588} INFO - Filling up the DagBag from /opt/airflow/dags/02_travel_gmaps_ingestion.py
[2026-03-09T08:39:52.743+0000] {processor.py:925} INFO - DAG(s) '02_travel_gmaps_ingestion' retrieved from /opt/airflow/dags/02_travel_gmaps_ingestion.py
[2026-03-09T08:39:52.776+0000] {logging_mixin.py:190} INFO - [2026-03-09T08:39:52.776+0000] {dag.py:3239} INFO - Sync 1 DAGs
[2026-03-09T08:39:52.803+0000] {logging_mixin.py:190} INFO - [2026-03-09T08:39:52.803+0000] {dag.py:4180} INFO - Setting next_dagrun for 02_travel_gmaps_ingestion to 2026-03-08 14:00:00+00:00, run_after=2026-03-09 08:00:00+00:00
[2026-03-09T08:39:52.834+0000] {processor.py:208} INFO - Processing /opt/airflow/dags/02_travel_gmaps_ingestion.py took 0.138 seconds
[2026-03-09T08:40:23.535+0000] {processor.py:186} INFO - Started process (PID=6420) to work on /opt/airflow/dags/02_travel_gmaps_ingestion.py
[2026-03-09T08:40:23.536+0000] {processor.py:914} INFO - Processing file /opt/airflow/dags/02_travel_gmaps_ingestion.py for tasks to queue
[2026-03-09T08:40:23.539+0000] {logging_mixin.py:190} INFO - [2026-03-09T08:40:23.539+0000] {dagbag.py:588} INFO - Filling up the DagBag from /opt/airflow/dags/02_travel_gmaps_ingestion.py
[2026-03-09T08:40:23.558+0000] {processor.py:925} INFO - DAG(s) '02_travel_gmaps_ingestion' retrieved from /opt/airflow/dags/02_travel_gmaps_ingestion.py
[2026-03-09T08:40:23.597+0000] {logging_mixin.py:190} INFO - [2026-03-09T08:40:23.597+0000] {dag.py:3239} INFO - Sync 1 DAGs
[2026-03-09T08:40:23.627+0000] {logging_mixin.py:190} INFO - [2026-03-09T08:40:23.627+0000] {dag.py:4180} INFO - Setting next_dagrun for 02_travel_gmaps_ingestion to 2026-03-08 14:00:00+00:00, run_after=2026-03-09 08:00:00+00:00
[2026-03-09T08:40:23.658+0000] {processor.py:208} INFO - Processing /opt/airflow/dags/02_travel_gmaps_ingestion.py took 0.129 seconds
[2026-03-09T08:40:54.390+0000] {processor.py:186} INFO - Started process (PID=6440) to work on /opt/airflow/dags/02_travel_gmaps_ingestion.py
[2026-03-09T08:40:54.392+0000] {processor.py:914} INFO - Processing file /opt/airflow/dags/02_travel_gmaps_ingestion.py for tasks to queue
[2026-03-09T08:40:54.394+0000] {logging_mixin.py:190} INFO - [2026-03-09T08:40:54.394+0000] {dagbag.py:588} INFO - Filling up the DagBag from /opt/airflow/dags/02_travel_gmaps_ingestion.py
[2026-03-09T08:40:54.413+0000] {processor.py:925} INFO - DAG(s) '02_travel_gmaps_ingestion' retrieved from /opt/airflow/dags/02_travel_gmaps_ingestion.py
[2026-03-09T08:40:54.448+0000] {logging_mixin.py:190} INFO - [2026-03-09T08:40:54.447+0000] {dag.py:3239} INFO - Sync 1 DAGs
[2026-03-09T08:40:54.476+0000] {logging_mixin.py:190} INFO - [2026-03-09T08:40:54.476+0000] {dag.py:4180} INFO - Setting next_dagrun for 02_travel_gmaps_ingestion to 2026-03-08 14:00:00+00:00, run_after=2026-03-09 08:00:00+00:00
[2026-03-09T08:40:54.506+0000] {processor.py:208} INFO - Processing /opt/airflow/dags/02_travel_gmaps_ingestion.py took 0.122 seconds
[2026-03-09T08:41:25.193+0000] {processor.py:186} INFO - Started process (PID=6460) to work on /opt/airflow/dags/02_travel_gmaps_ingestion.py
[2026-03-09T08:41:25.194+0000] {processor.py:914} INFO - Processing file /opt/airflow/dags/02_travel_gmaps_ingestion.py for tasks to queue
[2026-03-09T08:41:25.198+0000] {logging_mixin.py:190} INFO - [2026-03-09T08:41:25.197+0000] {dagbag.py:588} INFO - Filling up the DagBag from /opt/airflow/dags/02_travel_gmaps_ingestion.py
[2026-03-09T08:41:25.224+0000] {processor.py:925} INFO - DAG(s) '02_travel_gmaps_ingestion' retrieved from /opt/airflow/dags/02_travel_gmaps_ingestion.py
[2026-03-09T08:41:25.261+0000] {logging_mixin.py:190} INFO - [2026-03-09T08:41:25.260+0000] {dag.py:3239} INFO - Sync 1 DAGs
[2026-03-09T08:41:25.290+0000] {logging_mixin.py:190} INFO - [2026-03-09T08:41:25.290+0000] {dag.py:4180} INFO - Setting next_dagrun for 02_travel_gmaps_ingestion to 2026-03-08 14:00:00+00:00, run_after=2026-03-09 08:00:00+00:00
[2026-03-09T08:41:25.324+0000] {processor.py:208} INFO - Processing /opt/airflow/dags/02_travel_gmaps_ingestion.py took 0.139 seconds
[2026-03-09T08:41:56.027+0000] {processor.py:186} INFO - Started process (PID=6480) to work on /opt/airflow/dags/02_travel_gmaps_ingestion.py
[2026-03-09T08:41:56.028+0000] {processor.py:914} INFO - Processing file /opt/airflow/dags/02_travel_gmaps_ingestion.py for tasks to queue
[2026-03-09T08:41:56.032+0000] {logging_mixin.py:190} INFO - [2026-03-09T08:41:56.031+0000] {dagbag.py:588} INFO - Filling up the DagBag from /opt/airflow/dags/02_travel_gmaps_ingestion.py
[2026-03-09T08:41:56.060+0000] {processor.py:925} INFO - DAG(s) '02_travel_gmaps_ingestion' retrieved from /opt/airflow/dags/02_travel_gmaps_ingestion.py
[2026-03-09T08:41:56.097+0000] {logging_mixin.py:190} INFO - [2026-03-09T08:41:56.097+0000] {dag.py:3239} INFO - Sync 1 DAGs
[2026-03-09T08:41:56.127+0000] {logging_mixin.py:190} INFO - [2026-03-09T08:41:56.127+0000] {dag.py:4180} INFO - Setting next_dagrun for 02_travel_gmaps_ingestion to 2026-03-08 14:00:00+00:00, run_after=2026-03-09 08:00:00+00:00
[2026-03-09T08:41:56.156+0000] {processor.py:208} INFO - Processing /opt/airflow/dags/02_travel_gmaps_ingestion.py took 0.137 seconds
[2026-03-09T08:42:26.628+0000] {processor.py:186} INFO - Started process (PID=6500) to work on /opt/airflow/dags/02_travel_gmaps_ingestion.py
[2026-03-09T08:42:26.629+0000] {processor.py:914} INFO - Processing file /opt/airflow/dags/02_travel_gmaps_ingestion.py for tasks to queue
[2026-03-09T08:42:26.633+0000] {logging_mixin.py:190} INFO - [2026-03-09T08:42:26.632+0000] {dagbag.py:588} INFO - Filling up the DagBag from /opt/airflow/dags/02_travel_gmaps_ingestion.py
[2026-03-09T08:42:26.656+0000] {processor.py:925} INFO - DAG(s) '02_travel_gmaps_ingestion' retrieved from /opt/airflow/dags/02_travel_gmaps_ingestion.py
[2026-03-09T08:42:26.711+0000] {logging_mixin.py:190} INFO - [2026-03-09T08:42:26.711+0000] {dag.py:3239} INFO - Sync 1 DAGs
[2026-03-09T08:42:26.742+0000] {logging_mixin.py:190} INFO - [2026-03-09T08:42:26.742+0000] {dag.py:4180} INFO - Setting next_dagrun for 02_travel_gmaps_ingestion to 2026-03-08 14:00:00+00:00, run_after=2026-03-09 08:00:00+00:00
[2026-03-09T08:42:26.772+0000] {processor.py:208} INFO - Processing /opt/airflow/dags/02_travel_gmaps_ingestion.py took 0.151 seconds
[2026-03-09T08:42:57.285+0000] {processor.py:186} INFO - Started process (PID=6520) to work on /opt/airflow/dags/02_travel_gmaps_ingestion.py
[2026-03-09T08:42:57.286+0000] {processor.py:914} INFO - Processing file /opt/airflow/dags/02_travel_gmaps_ingestion.py for tasks to queue
[2026-03-09T08:42:57.290+0000] {logging_mixin.py:190} INFO - [2026-03-09T08:42:57.289+0000] {dagbag.py:588} INFO - Filling up the DagBag from /opt/airflow/dags/02_travel_gmaps_ingestion.py
[2026-03-09T08:42:57.313+0000] {processor.py:925} INFO - DAG(s) '02_travel_gmaps_ingestion' retrieved from /opt/airflow/dags/02_travel_gmaps_ingestion.py
[2026-03-09T08:42:57.348+0000] {logging_mixin.py:190} INFO - [2026-03-09T08:42:57.348+0000] {dag.py:3239} INFO - Sync 1 DAGs
[2026-03-09T08:42:57.378+0000] {logging_mixin.py:190} INFO - [2026-03-09T08:42:57.378+0000] {dag.py:4180} INFO - Setting next_dagrun for 02_travel_gmaps_ingestion to 2026-03-08 14:00:00+00:00, run_after=2026-03-09 08:00:00+00:00
[2026-03-09T08:42:57.413+0000] {processor.py:208} INFO - Processing /opt/airflow/dags/02_travel_gmaps_ingestion.py took 0.135 seconds
[2026-03-09T08:43:28.102+0000] {processor.py:186} INFO - Started process (PID=6540) to work on /opt/airflow/dags/02_travel_gmaps_ingestion.py
[2026-03-09T08:43:28.103+0000] {processor.py:914} INFO - Processing file /opt/airflow/dags/02_travel_gmaps_ingestion.py for tasks to queue
[2026-03-09T08:43:28.107+0000] {logging_mixin.py:190} INFO - [2026-03-09T08:43:28.107+0000] {dagbag.py:588} INFO - Filling up the DagBag from /opt/airflow/dags/02_travel_gmaps_ingestion.py
[2026-03-09T08:43:28.136+0000] {processor.py:925} INFO - DAG(s) '02_travel_gmaps_ingestion' retrieved from /opt/airflow/dags/02_travel_gmaps_ingestion.py
[2026-03-09T08:43:28.179+0000] {logging_mixin.py:190} INFO - [2026-03-09T08:43:28.179+0000] {dag.py:3239} INFO - Sync 1 DAGs
[2026-03-09T08:43:28.214+0000] {logging_mixin.py:190} INFO - [2026-03-09T08:43:28.214+0000] {dag.py:4180} INFO - Setting next_dagrun for 02_travel_gmaps_ingestion to 2026-03-08 14:00:00+00:00, run_after=2026-03-09 08:00:00+00:00
[2026-03-09T08:43:28.238+0000] {processor.py:208} INFO - Processing /opt/airflow/dags/02_travel_gmaps_ingestion.py took 0.145 seconds
[2026-03-09T08:43:58.952+0000] {processor.py:186} INFO - Started process (PID=6560) to work on /opt/airflow/dags/02_travel_gmaps_ingestion.py
[2026-03-09T08:43:58.953+0000] {processor.py:914} INFO - Processing file /opt/airflow/dags/02_travel_gmaps_ingestion.py for tasks to queue
[2026-03-09T08:43:58.960+0000] {logging_mixin.py:190} INFO - [2026-03-09T08:43:58.959+0000] {dagbag.py:588} INFO - Filling up the DagBag from /opt/airflow/dags/02_travel_gmaps_ingestion.py
[2026-03-09T08:43:58.983+0000] {processor.py:925} INFO - DAG(s) '02_travel_gmaps_ingestion' retrieved from /opt/airflow/dags/02_travel_gmaps_ingestion.py
[2026-03-09T08:43:59.018+0000] {logging_mixin.py:190} INFO - [2026-03-09T08:43:59.017+0000] {dag.py:3239} INFO - Sync 1 DAGs
[2026-03-09T08:43:59.046+0000] {logging_mixin.py:190} INFO - [2026-03-09T08:43:59.046+0000] {dag.py:4180} INFO - Setting next_dagrun for 02_travel_gmaps_ingestion to 2026-03-08 14:00:00+00:00, run_after=2026-03-09 08:00:00+00:00
[2026-03-09T08:43:59.082+0000] {processor.py:208} INFO - Processing /opt/airflow/dags/02_travel_gmaps_ingestion.py took 0.137 seconds
[2026-03-09T08:44:29.805+0000] {processor.py:186} INFO - Started process (PID=6580) to work on /opt/airflow/dags/02_travel_gmaps_ingestion.py
[2026-03-09T08:44:29.809+0000] {processor.py:914} INFO - Processing file /opt/airflow/dags/02_travel_gmaps_ingestion.py for tasks to queue
[2026-03-09T08:44:29.812+0000] {logging_mixin.py:190} INFO - [2026-03-09T08:44:29.811+0000] {dagbag.py:588} INFO - Filling up the DagBag from /opt/airflow/dags/02_travel_gmaps_ingestion.py
[2026-03-09T08:44:29.834+0000] {processor.py:925} INFO - DAG(s) '02_travel_gmaps_ingestion' retrieved from /opt/airflow/dags/02_travel_gmaps_ingestion.py
[2026-03-09T08:44:29.872+0000] {logging_mixin.py:190} INFO - [2026-03-09T08:44:29.871+0000] {dag.py:3239} INFO - Sync 1 DAGs
[2026-03-09T08:44:29.901+0000] {logging_mixin.py:190} INFO - [2026-03-09T08:44:29.900+0000] {dag.py:4180} INFO - Setting next_dagrun for 02_travel_gmaps_ingestion to 2026-03-08 14:00:00+00:00, run_after=2026-03-09 08:00:00+00:00
[2026-03-09T08:44:29.928+0000] {processor.py:208} INFO - Processing /opt/airflow/dags/02_travel_gmaps_ingestion.py took 0.130 seconds
[2026-03-09T08:45:00.654+0000] {processor.py:186} INFO - Started process (PID=6600) to work on /opt/airflow/dags/02_travel_gmaps_ingestion.py
[2026-03-09T08:45:00.655+0000] {processor.py:914} INFO - Processing file /opt/airflow/dags/02_travel_gmaps_ingestion.py for tasks to queue
[2026-03-09T08:45:00.660+0000] {logging_mixin.py:190} INFO - [2026-03-09T08:45:00.660+0000] {dagbag.py:588} INFO - Filling up the DagBag from /opt/airflow/dags/02_travel_gmaps_ingestion.py
[2026-03-09T08:45:00.690+0000] {processor.py:925} INFO - DAG(s) '02_travel_gmaps_ingestion' retrieved from /opt/airflow/dags/02_travel_gmaps_ingestion.py
[2026-03-09T08:45:00.734+0000] {logging_mixin.py:190} INFO - [2026-03-09T08:45:00.734+0000] {dag.py:3239} INFO - Sync 1 DAGs
[2026-03-09T08:45:00.775+0000] {logging_mixin.py:190} INFO - [2026-03-09T08:45:00.775+0000] {dag.py:4180} INFO - Setting next_dagrun for 02_travel_gmaps_ingestion to 2026-03-08 14:00:00+00:00, run_after=2026-03-09 08:00:00+00:00
[2026-03-09T08:45:00.813+0000] {processor.py:208} INFO - Processing /opt/airflow/dags/02_travel_gmaps_ingestion.py took 0.169 seconds
[2026-03-09T08:45:31.511+0000] {processor.py:186} INFO - Started process (PID=6620) to work on /opt/airflow/dags/02_travel_gmaps_ingestion.py
[2026-03-09T08:45:31.512+0000] {processor.py:914} INFO - Processing file /opt/airflow/dags/02_travel_gmaps_ingestion.py for tasks to queue
[2026-03-09T08:45:31.516+0000] {logging_mixin.py:190} INFO - [2026-03-09T08:45:31.515+0000] {dagbag.py:588} INFO - Filling up the DagBag from /opt/airflow/dags/02_travel_gmaps_ingestion.py
[2026-03-09T08:45:31.536+0000] {processor.py:925} INFO - DAG(s) '02_travel_gmaps_ingestion' retrieved from /opt/airflow/dags/02_travel_gmaps_ingestion.py
[2026-03-09T08:45:31.568+0000] {logging_mixin.py:190} INFO - [2026-03-09T08:45:31.568+0000] {dag.py:3239} INFO - Sync 1 DAGs
[2026-03-09T08:45:31.597+0000] {logging_mixin.py:190} INFO - [2026-03-09T08:45:31.597+0000] {dag.py:4180} INFO - Setting next_dagrun for 02_travel_gmaps_ingestion to 2026-03-08 14:00:00+00:00, run_after=2026-03-09 08:00:00+00:00
[2026-03-09T08:45:31.627+0000] {processor.py:208} INFO - Processing /opt/airflow/dags/02_travel_gmaps_ingestion.py took 0.124 seconds
[2026-03-09T08:46:02.213+0000] {processor.py:186} INFO - Started process (PID=6640) to work on /opt/airflow/dags/02_travel_gmaps_ingestion.py
[2026-03-09T08:46:02.214+0000] {processor.py:914} INFO - Processing file /opt/airflow/dags/02_travel_gmaps_ingestion.py for tasks to queue
[2026-03-09T08:46:02.217+0000] {logging_mixin.py:190} INFO - [2026-03-09T08:46:02.217+0000] {dagbag.py:588} INFO - Filling up the DagBag from /opt/airflow/dags/02_travel_gmaps_ingestion.py
[2026-03-09T08:46:02.246+0000] {processor.py:925} INFO - DAG(s) '02_travel_gmaps_ingestion' retrieved from /opt/airflow/dags/02_travel_gmaps_ingestion.py
[2026-03-09T08:46:02.287+0000] {logging_mixin.py:190} INFO - [2026-03-09T08:46:02.286+0000] {dag.py:3239} INFO - Sync 1 DAGs
[2026-03-09T08:46:02.325+0000] {logging_mixin.py:190} INFO - [2026-03-09T08:46:02.324+0000] {dag.py:4180} INFO - Setting next_dagrun for 02_travel_gmaps_ingestion to 2026-03-08 14:00:00+00:00, run_after=2026-03-09 08:00:00+00:00
[2026-03-09T08:46:02.357+0000] {processor.py:208} INFO - Processing /opt/airflow/dags/02_travel_gmaps_ingestion.py took 0.153 seconds
[2026-03-09T08:46:33.094+0000] {processor.py:186} INFO - Started process (PID=6660) to work on /opt/airflow/dags/02_travel_gmaps_ingestion.py
[2026-03-09T08:46:33.095+0000] {processor.py:914} INFO - Processing file /opt/airflow/dags/02_travel_gmaps_ingestion.py for tasks to queue
[2026-03-09T08:46:33.098+0000] {logging_mixin.py:190} INFO - [2026-03-09T08:46:33.097+0000] {dagbag.py:588} INFO - Filling up the DagBag from /opt/airflow/dags/02_travel_gmaps_ingestion.py
[2026-03-09T08:46:33.119+0000] {processor.py:925} INFO - DAG(s) '02_travel_gmaps_ingestion' retrieved from /opt/airflow/dags/02_travel_gmaps_ingestion.py
[2026-03-09T08:46:33.150+0000] {logging_mixin.py:190} INFO - [2026-03-09T08:46:33.150+0000] {dag.py:3239} INFO - Sync 1 DAGs
[2026-03-09T08:46:33.177+0000] {logging_mixin.py:190} INFO - [2026-03-09T08:46:33.177+0000] {dag.py:4180} INFO - Setting next_dagrun for 02_travel_gmaps_ingestion to 2026-03-08 14:00:00+00:00, run_after=2026-03-09 08:00:00+00:00
[2026-03-09T08:46:33.206+0000] {processor.py:208} INFO - Processing /opt/airflow/dags/02_travel_gmaps_ingestion.py took 0.119 seconds
[2026-03-09T08:47:03.934+0000] {processor.py:186} INFO - Started process (PID=6680) to work on /opt/airflow/dags/02_travel_gmaps_ingestion.py
[2026-03-09T08:47:03.935+0000] {processor.py:914} INFO - Processing file /opt/airflow/dags/02_travel_gmaps_ingestion.py for tasks to queue
[2026-03-09T08:47:03.938+0000] {logging_mixin.py:190} INFO - [2026-03-09T08:47:03.938+0000] {dagbag.py:588} INFO - Filling up the DagBag from /opt/airflow/dags/02_travel_gmaps_ingestion.py
[2026-03-09T08:47:03.961+0000] {processor.py:925} INFO - DAG(s) '02_travel_gmaps_ingestion' retrieved from /opt/airflow/dags/02_travel_gmaps_ingestion.py
[2026-03-09T08:47:03.996+0000] {logging_mixin.py:190} INFO - [2026-03-09T08:47:03.996+0000] {dag.py:3239} INFO - Sync 1 DAGs
[2026-03-09T08:47:04.026+0000] {logging_mixin.py:190} INFO - [2026-03-09T08:47:04.025+0000] {dag.py:4180} INFO - Setting next_dagrun for 02_travel_gmaps_ingestion to 2026-03-08 14:00:00+00:00, run_after=2026-03-09 08:00:00+00:00
[2026-03-09T08:47:04.058+0000] {processor.py:208} INFO - Processing /opt/airflow/dags/02_travel_gmaps_ingestion.py took 0.131 seconds
[2026-03-09T08:47:34.765+0000] {processor.py:186} INFO - Started process (PID=6700) to work on /opt/airflow/dags/02_travel_gmaps_ingestion.py
[2026-03-09T08:47:34.767+0000] {processor.py:914} INFO - Processing file /opt/airflow/dags/02_travel_gmaps_ingestion.py for tasks to queue
[2026-03-09T08:47:34.770+0000] {logging_mixin.py:190} INFO - [2026-03-09T08:47:34.769+0000] {dagbag.py:588} INFO - Filling up the DagBag from /opt/airflow/dags/02_travel_gmaps_ingestion.py
[2026-03-09T08:47:34.787+0000] {processor.py:925} INFO - DAG(s) '02_travel_gmaps_ingestion' retrieved from /opt/airflow/dags/02_travel_gmaps_ingestion.py
[2026-03-09T08:47:34.819+0000] {logging_mixin.py:190} INFO - [2026-03-09T08:47:34.819+0000] {dag.py:3239} INFO - Sync 1 DAGs
[2026-03-09T08:47:34.845+0000] {logging_mixin.py:190} INFO - [2026-03-09T08:47:34.845+0000] {dag.py:4180} INFO - Setting next_dagrun for 02_travel_gmaps_ingestion to 2026-03-08 14:00:00+00:00, run_after=2026-03-09 08:00:00+00:00
[2026-03-09T08:47:34.871+0000] {processor.py:208} INFO - Processing /opt/airflow/dags/02_travel_gmaps_ingestion.py took 0.112 seconds
[2026-03-09T08:48:05.607+0000] {processor.py:186} INFO - Started process (PID=6720) to work on /opt/airflow/dags/02_travel_gmaps_ingestion.py
[2026-03-09T08:48:05.608+0000] {processor.py:914} INFO - Processing file /opt/airflow/dags/02_travel_gmaps_ingestion.py for tasks to queue
[2026-03-09T08:48:05.612+0000] {logging_mixin.py:190} INFO - [2026-03-09T08:48:05.612+0000] {dagbag.py:588} INFO - Filling up the DagBag from /opt/airflow/dags/02_travel_gmaps_ingestion.py
[2026-03-09T08:48:05.652+0000] {processor.py:925} INFO - DAG(s) '02_travel_gmaps_ingestion' retrieved from /opt/airflow/dags/02_travel_gmaps_ingestion.py
[2026-03-09T08:48:05.699+0000] {logging_mixin.py:190} INFO - [2026-03-09T08:48:05.698+0000] {dag.py:3239} INFO - Sync 1 DAGs
[2026-03-09T08:48:05.743+0000] {logging_mixin.py:190} INFO - [2026-03-09T08:48:05.743+0000] {dag.py:4180} INFO - Setting next_dagrun for 02_travel_gmaps_ingestion to 2026-03-08 14:00:00+00:00, run_after=2026-03-09 08:00:00+00:00
[2026-03-09T08:48:05.794+0000] {processor.py:208} INFO - Processing /opt/airflow/dags/02_travel_gmaps_ingestion.py took 0.196 seconds
[2026-03-09T08:48:36.486+0000] {processor.py:186} INFO - Started process (PID=6740) to work on /opt/airflow/dags/02_travel_gmaps_ingestion.py
[2026-03-09T08:48:36.487+0000] {processor.py:914} INFO - Processing file /opt/airflow/dags/02_travel_gmaps_ingestion.py for tasks to queue
[2026-03-09T08:48:36.490+0000] {logging_mixin.py:190} INFO - [2026-03-09T08:48:36.490+0000] {dagbag.py:588} INFO - Filling up the DagBag from /opt/airflow/dags/02_travel_gmaps_ingestion.py
[2026-03-09T08:48:36.511+0000] {processor.py:925} INFO - DAG(s) '02_travel_gmaps_ingestion' retrieved from /opt/airflow/dags/02_travel_gmaps_ingestion.py
[2026-03-09T08:48:36.561+0000] {logging_mixin.py:190} INFO - [2026-03-09T08:48:36.561+0000] {dag.py:3239} INFO - Sync 1 DAGs
[2026-03-09T08:48:36.606+0000] {logging_mixin.py:190} INFO - [2026-03-09T08:48:36.606+0000] {dag.py:4180} INFO - Setting next_dagrun for 02_travel_gmaps_ingestion to 2026-03-08 14:00:00+00:00, run_after=2026-03-09 08:00:00+00:00
[2026-03-09T08:48:36.634+0000] {processor.py:208} INFO - Processing /opt/airflow/dags/02_travel_gmaps_ingestion.py took 0.157 seconds
[2026-03-09T08:49:07.309+0000] {processor.py:186} INFO - Started process (PID=6760) to work on /opt/airflow/dags/02_travel_gmaps_ingestion.py
[2026-03-09T08:49:07.311+0000] {processor.py:914} INFO - Processing file /opt/airflow/dags/02_travel_gmaps_ingestion.py for tasks to queue
[2026-03-09T08:49:07.314+0000] {logging_mixin.py:190} INFO - [2026-03-09T08:49:07.313+0000] {dagbag.py:588} INFO - Filling up the DagBag from /opt/airflow/dags/02_travel_gmaps_ingestion.py
[2026-03-09T08:49:07.333+0000] {processor.py:925} INFO - DAG(s) '02_travel_gmaps_ingestion' retrieved from /opt/airflow/dags/02_travel_gmaps_ingestion.py
[2026-03-09T08:49:07.365+0000] {logging_mixin.py:190} INFO - [2026-03-09T08:49:07.365+0000] {dag.py:3239} INFO - Sync 1 DAGs
[2026-03-09T08:49:07.396+0000] {logging_mixin.py:190} INFO - [2026-03-09T08:49:07.396+0000] {dag.py:4180} INFO - Setting next_dagrun for 02_travel_gmaps_ingestion to 2026-03-08 14:00:00+00:00, run_after=2026-03-09 08:00:00+00:00
[2026-03-09T08:49:07.424+0000] {processor.py:208} INFO - Processing /opt/airflow/dags/02_travel_gmaps_ingestion.py took 0.123 seconds
[2026-03-09T08:49:38.103+0000] {processor.py:186} INFO - Started process (PID=6780) to work on /opt/airflow/dags/02_travel_gmaps_ingestion.py
[2026-03-09T08:49:38.105+0000] {processor.py:914} INFO - Processing file /opt/airflow/dags/02_travel_gmaps_ingestion.py for tasks to queue
[2026-03-09T08:49:38.109+0000] {logging_mixin.py:190} INFO - [2026-03-09T08:49:38.109+0000] {dagbag.py:588} INFO - Filling up the DagBag from /opt/airflow/dags/02_travel_gmaps_ingestion.py
[2026-03-09T08:49:38.133+0000] {processor.py:925} INFO - DAG(s) '02_travel_gmaps_ingestion' retrieved from /opt/airflow/dags/02_travel_gmaps_ingestion.py
[2026-03-09T08:49:38.172+0000] {logging_mixin.py:190} INFO - [2026-03-09T08:49:38.172+0000] {dag.py:3239} INFO - Sync 1 DAGs
[2026-03-09T08:49:38.202+0000] {logging_mixin.py:190} INFO - [2026-03-09T08:49:38.202+0000] {dag.py:4180} INFO - Setting next_dagrun for 02_travel_gmaps_ingestion to 2026-03-08 14:00:00+00:00, run_after=2026-03-09 08:00:00+00:00
[2026-03-09T08:49:38.232+0000] {processor.py:208} INFO - Processing /opt/airflow/dags/02_travel_gmaps_ingestion.py took 0.137 seconds
[2026-03-09T08:50:08.865+0000] {processor.py:186} INFO - Started process (PID=6800) to work on /opt/airflow/dags/02_travel_gmaps_ingestion.py
[2026-03-09T08:50:08.866+0000] {processor.py:914} INFO - Processing file /opt/airflow/dags/02_travel_gmaps_ingestion.py for tasks to queue
[2026-03-09T08:50:08.870+0000] {logging_mixin.py:190} INFO - [2026-03-09T08:50:08.869+0000] {dagbag.py:588} INFO - Filling up the DagBag from /opt/airflow/dags/02_travel_gmaps_ingestion.py
[2026-03-09T08:50:08.888+0000] {processor.py:925} INFO - DAG(s) '02_travel_gmaps_ingestion' retrieved from /opt/airflow/dags/02_travel_gmaps_ingestion.py
[2026-03-09T08:50:08.921+0000] {logging_mixin.py:190} INFO - [2026-03-09T08:50:08.921+0000] {dag.py:3239} INFO - Sync 1 DAGs
[2026-03-09T08:50:08.949+0000] {logging_mixin.py:190} INFO - [2026-03-09T08:50:08.949+0000] {dag.py:4180} INFO - Setting next_dagrun for 02_travel_gmaps_ingestion to 2026-03-08 14:00:00+00:00, run_after=2026-03-09 08:00:00+00:00
[2026-03-09T08:50:08.977+0000] {processor.py:208} INFO - Processing /opt/airflow/dags/02_travel_gmaps_ingestion.py took 0.119 seconds
[2026-03-09T08:50:39.602+0000] {processor.py:186} INFO - Started process (PID=6820) to work on /opt/airflow/dags/02_travel_gmaps_ingestion.py
[2026-03-09T08:50:39.604+0000] {processor.py:914} INFO - Processing file /opt/airflow/dags/02_travel_gmaps_ingestion.py for tasks to queue
[2026-03-09T08:50:39.608+0000] {logging_mixin.py:190} INFO - [2026-03-09T08:50:39.607+0000] {dagbag.py:588} INFO - Filling up the DagBag from /opt/airflow/dags/02_travel_gmaps_ingestion.py
[2026-03-09T08:50:39.640+0000] {processor.py:925} INFO - DAG(s) '02_travel_gmaps_ingestion' retrieved from /opt/airflow/dags/02_travel_gmaps_ingestion.py
[2026-03-09T08:50:39.688+0000] {logging_mixin.py:190} INFO - [2026-03-09T08:50:39.688+0000] {dag.py:3239} INFO - Sync 1 DAGs
[2026-03-09T08:50:39.724+0000] {logging_mixin.py:190} INFO - [2026-03-09T08:50:39.723+0000] {dag.py:4180} INFO - Setting next_dagrun for 02_travel_gmaps_ingestion to 2026-03-08 14:00:00+00:00, run_after=2026-03-09 08:00:00+00:00
[2026-03-09T08:50:39.751+0000] {processor.py:208} INFO - Processing /opt/airflow/dags/02_travel_gmaps_ingestion.py took 0.160 seconds
[2026-03-09T08:51:10.440+0000] {processor.py:186} INFO - Started process (PID=6840) to work on /opt/airflow/dags/02_travel_gmaps_ingestion.py
[2026-03-09T08:51:10.441+0000] {processor.py:914} INFO - Processing file /opt/airflow/dags/02_travel_gmaps_ingestion.py for tasks to queue
[2026-03-09T08:51:10.444+0000] {logging_mixin.py:190} INFO - [2026-03-09T08:51:10.443+0000] {dagbag.py:588} INFO - Filling up the DagBag from /opt/airflow/dags/02_travel_gmaps_ingestion.py
[2026-03-09T08:51:10.462+0000] {processor.py:925} INFO - DAG(s) '02_travel_gmaps_ingestion' retrieved from /opt/airflow/dags/02_travel_gmaps_ingestion.py
[2026-03-09T08:51:10.500+0000] {logging_mixin.py:190} INFO - [2026-03-09T08:51:10.499+0000] {dag.py:3239} INFO - Sync 1 DAGs
[2026-03-09T08:51:10.538+0000] {logging_mixin.py:190} INFO - [2026-03-09T08:51:10.538+0000] {dag.py:4180} INFO - Setting next_dagrun for 02_travel_gmaps_ingestion to 2026-03-08 14:00:00+00:00, run_after=2026-03-09 08:00:00+00:00
[2026-03-09T08:51:10.568+0000] {processor.py:208} INFO - Processing /opt/airflow/dags/02_travel_gmaps_ingestion.py took 0.136 seconds
[2026-03-09T08:51:41.268+0000] {processor.py:186} INFO - Started process (PID=6860) to work on /opt/airflow/dags/02_travel_gmaps_ingestion.py
[2026-03-09T08:51:41.270+0000] {processor.py:914} INFO - Processing file /opt/airflow/dags/02_travel_gmaps_ingestion.py for tasks to queue
[2026-03-09T08:51:41.274+0000] {logging_mixin.py:190} INFO - [2026-03-09T08:51:41.273+0000] {dagbag.py:588} INFO - Filling up the DagBag from /opt/airflow/dags/02_travel_gmaps_ingestion.py
[2026-03-09T08:51:41.303+0000] {processor.py:925} INFO - DAG(s) '02_travel_gmaps_ingestion' retrieved from /opt/airflow/dags/02_travel_gmaps_ingestion.py
[2026-03-09T08:51:41.353+0000] {logging_mixin.py:190} INFO - [2026-03-09T08:51:41.353+0000] {dag.py:3239} INFO - Sync 1 DAGs
[2026-03-09T08:51:41.390+0000] {logging_mixin.py:190} INFO - [2026-03-09T08:51:41.390+0000] {dag.py:4180} INFO - Setting next_dagrun for 02_travel_gmaps_ingestion to 2026-03-08 14:00:00+00:00, run_after=2026-03-09 08:00:00+00:00
[2026-03-09T08:51:41.433+0000] {processor.py:208} INFO - Processing /opt/airflow/dags/02_travel_gmaps_ingestion.py took 0.172 seconds
[2026-03-09T08:52:11.989+0000] {processor.py:186} INFO - Started process (PID=6880) to work on /opt/airflow/dags/02_travel_gmaps_ingestion.py
[2026-03-09T08:52:11.990+0000] {processor.py:914} INFO - Processing file /opt/airflow/dags/02_travel_gmaps_ingestion.py for tasks to queue
[2026-03-09T08:52:11.993+0000] {logging_mixin.py:190} INFO - [2026-03-09T08:52:11.993+0000] {dagbag.py:588} INFO - Filling up the DagBag from /opt/airflow/dags/02_travel_gmaps_ingestion.py
[2026-03-09T08:52:12.018+0000] {processor.py:925} INFO - DAG(s) '02_travel_gmaps_ingestion' retrieved from /opt/airflow/dags/02_travel_gmaps_ingestion.py
[2026-03-09T08:52:12.056+0000] {logging_mixin.py:190} INFO - [2026-03-09T08:52:12.055+0000] {dag.py:3239} INFO - Sync 1 DAGs
[2026-03-09T08:52:12.086+0000] {logging_mixin.py:190} INFO - [2026-03-09T08:52:12.086+0000] {dag.py:4180} INFO - Setting next_dagrun for 02_travel_gmaps_ingestion to 2026-03-08 14:00:00+00:00, run_after=2026-03-09 08:00:00+00:00
[2026-03-09T08:52:12.122+0000] {processor.py:208} INFO - Processing /opt/airflow/dags/02_travel_gmaps_ingestion.py took 0.141 seconds
[2026-03-09T08:52:42.833+0000] {processor.py:186} INFO - Started process (PID=6900) to work on /opt/airflow/dags/02_travel_gmaps_ingestion.py
[2026-03-09T08:52:42.834+0000] {processor.py:914} INFO - Processing file /opt/airflow/dags/02_travel_gmaps_ingestion.py for tasks to queue
[2026-03-09T08:52:42.840+0000] {logging_mixin.py:190} INFO - [2026-03-09T08:52:42.840+0000] {dagbag.py:588} INFO - Filling up the DagBag from /opt/airflow/dags/02_travel_gmaps_ingestion.py
[2026-03-09T08:52:42.866+0000] {processor.py:925} INFO - DAG(s) '02_travel_gmaps_ingestion' retrieved from /opt/airflow/dags/02_travel_gmaps_ingestion.py
[2026-03-09T08:52:42.904+0000] {logging_mixin.py:190} INFO - [2026-03-09T08:52:42.904+0000] {dag.py:3239} INFO - Sync 1 DAGs
[2026-03-09T08:52:42.934+0000] {logging_mixin.py:190} INFO - [2026-03-09T08:52:42.933+0000] {dag.py:4180} INFO - Setting next_dagrun for 02_travel_gmaps_ingestion to 2026-03-08 14:00:00+00:00, run_after=2026-03-09 08:00:00+00:00
[2026-03-09T08:52:42.963+0000] {processor.py:208} INFO - Processing /opt/airflow/dags/02_travel_gmaps_ingestion.py took 0.138 seconds
[2026-03-09T08:53:13.728+0000] {processor.py:186} INFO - Started process (PID=6920) to work on /opt/airflow/dags/02_travel_gmaps_ingestion.py
[2026-03-09T08:53:13.730+0000] {processor.py:914} INFO - Processing file /opt/airflow/dags/02_travel_gmaps_ingestion.py for tasks to queue
[2026-03-09T08:53:13.734+0000] {logging_mixin.py:190} INFO - [2026-03-09T08:53:13.734+0000] {dagbag.py:588} INFO - Filling up the DagBag from /opt/airflow/dags/02_travel_gmaps_ingestion.py
[2026-03-09T08:53:13.756+0000] {processor.py:925} INFO - DAG(s) '02_travel_gmaps_ingestion' retrieved from /opt/airflow/dags/02_travel_gmaps_ingestion.py
[2026-03-09T08:53:13.795+0000] {logging_mixin.py:190} INFO - [2026-03-09T08:53:13.795+0000] {dag.py:3239} INFO - Sync 1 DAGs
[2026-03-09T08:53:13.828+0000] {logging_mixin.py:190} INFO - [2026-03-09T08:53:13.828+0000] {dag.py:4180} INFO - Setting next_dagrun for 02_travel_gmaps_ingestion to 2026-03-08 14:00:00+00:00, run_after=2026-03-09 08:00:00+00:00
[2026-03-09T08:53:13.859+0000] {processor.py:208} INFO - Processing /opt/airflow/dags/02_travel_gmaps_ingestion.py took 0.138 seconds
[2026-03-09T08:53:44.498+0000] {processor.py:186} INFO - Started process (PID=6940) to work on /opt/airflow/dags/02_travel_gmaps_ingestion.py
[2026-03-09T08:53:44.500+0000] {processor.py:914} INFO - Processing file /opt/airflow/dags/02_travel_gmaps_ingestion.py for tasks to queue
[2026-03-09T08:53:44.505+0000] {logging_mixin.py:190} INFO - [2026-03-09T08:53:44.504+0000] {dagbag.py:588} INFO - Filling up the DagBag from /opt/airflow/dags/02_travel_gmaps_ingestion.py
[2026-03-09T08:53:44.537+0000] {processor.py:925} INFO - DAG(s) '02_travel_gmaps_ingestion' retrieved from /opt/airflow/dags/02_travel_gmaps_ingestion.py
[2026-03-09T08:53:44.581+0000] {logging_mixin.py:190} INFO - [2026-03-09T08:53:44.581+0000] {dag.py:3239} INFO - Sync 1 DAGs
[2026-03-09T08:53:44.615+0000] {logging_mixin.py:190} INFO - [2026-03-09T08:53:44.615+0000] {dag.py:4180} INFO - Setting next_dagrun for 02_travel_gmaps_ingestion to 2026-03-08 14:00:00+00:00, run_after=2026-03-09 08:00:00+00:00
[2026-03-09T08:53:44.644+0000] {processor.py:208} INFO - Processing /opt/airflow/dags/02_travel_gmaps_ingestion.py took 0.153 seconds
[2026-03-09T08:54:15.452+0000] {processor.py:186} INFO - Started process (PID=6960) to work on /opt/airflow/dags/02_travel_gmaps_ingestion.py
[2026-03-09T08:54:15.453+0000] {processor.py:914} INFO - Processing file /opt/airflow/dags/02_travel_gmaps_ingestion.py for tasks to queue
[2026-03-09T08:54:15.456+0000] {logging_mixin.py:190} INFO - [2026-03-09T08:54:15.455+0000] {dagbag.py:588} INFO - Filling up the DagBag from /opt/airflow/dags/02_travel_gmaps_ingestion.py
[2026-03-09T08:54:15.474+0000] {processor.py:925} INFO - DAG(s) '02_travel_gmaps_ingestion' retrieved from /opt/airflow/dags/02_travel_gmaps_ingestion.py
[2026-03-09T08:54:15.507+0000] {logging_mixin.py:190} INFO - [2026-03-09T08:54:15.507+0000] {dag.py:3239} INFO - Sync 1 DAGs
[2026-03-09T08:54:15.536+0000] {logging_mixin.py:190} INFO - [2026-03-09T08:54:15.536+0000] {dag.py:4180} INFO - Setting next_dagrun for 02_travel_gmaps_ingestion to 2026-03-08 14:00:00+00:00, run_after=2026-03-09 08:00:00+00:00
[2026-03-09T08:54:15.566+0000] {processor.py:208} INFO - Processing /opt/airflow/dags/02_travel_gmaps_ingestion.py took 0.121 seconds
[2026-03-09T08:54:46.328+0000] {processor.py:186} INFO - Started process (PID=6980) to work on /opt/airflow/dags/02_travel_gmaps_ingestion.py
[2026-03-09T08:54:46.329+0000] {processor.py:914} INFO - Processing file /opt/airflow/dags/02_travel_gmaps_ingestion.py for tasks to queue
[2026-03-09T08:54:46.332+0000] {logging_mixin.py:190} INFO - [2026-03-09T08:54:46.331+0000] {dagbag.py:588} INFO - Filling up the DagBag from /opt/airflow/dags/02_travel_gmaps_ingestion.py
[2026-03-09T08:54:46.350+0000] {processor.py:925} INFO - DAG(s) '02_travel_gmaps_ingestion' retrieved from /opt/airflow/dags/02_travel_gmaps_ingestion.py
[2026-03-09T08:54:46.380+0000] {logging_mixin.py:190} INFO - [2026-03-09T08:54:46.380+0000] {dag.py:3239} INFO - Sync 1 DAGs
[2026-03-09T08:54:46.408+0000] {logging_mixin.py:190} INFO - [2026-03-09T08:54:46.408+0000] {dag.py:4180} INFO - Setting next_dagrun for 02_travel_gmaps_ingestion to 2026-03-08 14:00:00+00:00, run_after=2026-03-09 08:00:00+00:00
[2026-03-09T08:54:46.433+0000] {processor.py:208} INFO - Processing /opt/airflow/dags/02_travel_gmaps_ingestion.py took 0.112 seconds
[2026-03-09T08:55:17.200+0000] {processor.py:186} INFO - Started process (PID=7000) to work on /opt/airflow/dags/02_travel_gmaps_ingestion.py
[2026-03-09T08:55:17.202+0000] {processor.py:914} INFO - Processing file /opt/airflow/dags/02_travel_gmaps_ingestion.py for tasks to queue
[2026-03-09T08:55:17.205+0000] {logging_mixin.py:190} INFO - [2026-03-09T08:55:17.205+0000] {dagbag.py:588} INFO - Filling up the DagBag from /opt/airflow/dags/02_travel_gmaps_ingestion.py
[2026-03-09T08:55:17.225+0000] {processor.py:925} INFO - DAG(s) '02_travel_gmaps_ingestion' retrieved from /opt/airflow/dags/02_travel_gmaps_ingestion.py
[2026-03-09T08:55:17.257+0000] {logging_mixin.py:190} INFO - [2026-03-09T08:55:17.257+0000] {dag.py:3239} INFO - Sync 1 DAGs
[2026-03-09T08:55:17.283+0000] {logging_mixin.py:190} INFO - [2026-03-09T08:55:17.283+0000] {dag.py:4180} INFO - Setting next_dagrun for 02_travel_gmaps_ingestion to 2026-03-08 14:00:00+00:00, run_after=2026-03-09 08:00:00+00:00
[2026-03-09T08:55:17.316+0000] {processor.py:208} INFO - Processing /opt/airflow/dags/02_travel_gmaps_ingestion.py took 0.122 seconds
[2026-03-09T08:55:48.010+0000] {processor.py:186} INFO - Started process (PID=7020) to work on /opt/airflow/dags/02_travel_gmaps_ingestion.py
[2026-03-09T08:55:48.011+0000] {processor.py:914} INFO - Processing file /opt/airflow/dags/02_travel_gmaps_ingestion.py for tasks to queue
[2026-03-09T08:55:48.015+0000] {logging_mixin.py:190} INFO - [2026-03-09T08:55:48.014+0000] {dagbag.py:588} INFO - Filling up the DagBag from /opt/airflow/dags/02_travel_gmaps_ingestion.py
[2026-03-09T08:55:48.036+0000] {processor.py:925} INFO - DAG(s) '02_travel_gmaps_ingestion' retrieved from /opt/airflow/dags/02_travel_gmaps_ingestion.py
[2026-03-09T08:55:48.071+0000] {logging_mixin.py:190} INFO - [2026-03-09T08:55:48.071+0000] {dag.py:3239} INFO - Sync 1 DAGs
[2026-03-09T08:55:48.102+0000] {logging_mixin.py:190} INFO - [2026-03-09T08:55:48.101+0000] {dag.py:4180} INFO - Setting next_dagrun for 02_travel_gmaps_ingestion to 2026-03-08 14:00:00+00:00, run_after=2026-03-09 08:00:00+00:00
[2026-03-09T08:55:48.130+0000] {processor.py:208} INFO - Processing /opt/airflow/dags/02_travel_gmaps_ingestion.py took 0.127 seconds
[2026-03-09T08:56:18.893+0000] {processor.py:186} INFO - Started process (PID=7040) to work on /opt/airflow/dags/02_travel_gmaps_ingestion.py
[2026-03-09T08:56:18.894+0000] {processor.py:914} INFO - Processing file /opt/airflow/dags/02_travel_gmaps_ingestion.py for tasks to queue
[2026-03-09T08:56:18.897+0000] {logging_mixin.py:190} INFO - [2026-03-09T08:56:18.897+0000] {dagbag.py:588} INFO - Filling up the DagBag from /opt/airflow/dags/02_travel_gmaps_ingestion.py
[2026-03-09T08:56:18.918+0000] {processor.py:925} INFO - DAG(s) '02_travel_gmaps_ingestion' retrieved from /opt/airflow/dags/02_travel_gmaps_ingestion.py
[2026-03-09T08:56:18.949+0000] {logging_mixin.py:190} INFO - [2026-03-09T08:56:18.949+0000] {dag.py:3239} INFO - Sync 1 DAGs
[2026-03-09T08:56:18.976+0000] {logging_mixin.py:190} INFO - [2026-03-09T08:56:18.976+0000] {dag.py:4180} INFO - Setting next_dagrun for 02_travel_gmaps_ingestion to 2026-03-08 14:00:00+00:00, run_after=2026-03-09 08:00:00+00:00
[2026-03-09T08:56:19.005+0000] {processor.py:208} INFO - Processing /opt/airflow/dags/02_travel_gmaps_ingestion.py took 0.118 seconds
[2026-03-09T08:56:49.808+0000] {processor.py:186} INFO - Started process (PID=7060) to work on /opt/airflow/dags/02_travel_gmaps_ingestion.py
[2026-03-09T08:56:49.809+0000] {processor.py:914} INFO - Processing file /opt/airflow/dags/02_travel_gmaps_ingestion.py for tasks to queue
[2026-03-09T08:56:49.812+0000] {logging_mixin.py:190} INFO - [2026-03-09T08:56:49.812+0000] {dagbag.py:588} INFO - Filling up the DagBag from /opt/airflow/dags/02_travel_gmaps_ingestion.py
[2026-03-09T08:56:49.830+0000] {processor.py:925} INFO - DAG(s) '02_travel_gmaps_ingestion' retrieved from /opt/airflow/dags/02_travel_gmaps_ingestion.py
[2026-03-09T08:56:49.862+0000] {logging_mixin.py:190} INFO - [2026-03-09T08:56:49.862+0000] {dag.py:3239} INFO - Sync 1 DAGs
[2026-03-09T08:56:49.888+0000] {logging_mixin.py:190} INFO - [2026-03-09T08:56:49.888+0000] {dag.py:4180} INFO - Setting next_dagrun for 02_travel_gmaps_ingestion to 2026-03-08 14:00:00+00:00, run_after=2026-03-09 08:00:00+00:00
[2026-03-09T08:56:49.917+0000] {processor.py:208} INFO - Processing /opt/airflow/dags/02_travel_gmaps_ingestion.py took 0.115 seconds
[2026-03-09T08:57:20.619+0000] {processor.py:186} INFO - Started process (PID=7080) to work on /opt/airflow/dags/02_travel_gmaps_ingestion.py
[2026-03-09T08:57:20.621+0000] {processor.py:914} INFO - Processing file /opt/airflow/dags/02_travel_gmaps_ingestion.py for tasks to queue
[2026-03-09T08:57:20.625+0000] {logging_mixin.py:190} INFO - [2026-03-09T08:57:20.625+0000] {dagbag.py:588} INFO - Filling up the DagBag from /opt/airflow/dags/02_travel_gmaps_ingestion.py
[2026-03-09T08:57:20.659+0000] {processor.py:925} INFO - DAG(s) '02_travel_gmaps_ingestion' retrieved from /opt/airflow/dags/02_travel_gmaps_ingestion.py
[2026-03-09T08:57:20.711+0000] {logging_mixin.py:190} INFO - [2026-03-09T08:57:20.710+0000] {dag.py:3239} INFO - Sync 1 DAGs
[2026-03-09T08:57:20.765+0000] {logging_mixin.py:190} INFO - [2026-03-09T08:57:20.764+0000] {dag.py:4180} INFO - Setting next_dagrun for 02_travel_gmaps_ingestion to 2026-03-08 14:00:00+00:00, run_after=2026-03-09 08:00:00+00:00
[2026-03-09T08:57:20.804+0000] {processor.py:208} INFO - Processing /opt/airflow/dags/02_travel_gmaps_ingestion.py took 0.195 seconds
[2026-03-09T08:57:51.371+0000] {processor.py:186} INFO - Started process (PID=7100) to work on /opt/airflow/dags/02_travel_gmaps_ingestion.py
[2026-03-09T08:57:51.372+0000] {processor.py:914} INFO - Processing file /opt/airflow/dags/02_travel_gmaps_ingestion.py for tasks to queue
[2026-03-09T08:57:51.374+0000] {logging_mixin.py:190} INFO - [2026-03-09T08:57:51.374+0000] {dagbag.py:588} INFO - Filling up the DagBag from /opt/airflow/dags/02_travel_gmaps_ingestion.py
[2026-03-09T08:57:51.399+0000] {processor.py:925} INFO - DAG(s) '02_travel_gmaps_ingestion' retrieved from /opt/airflow/dags/02_travel_gmaps_ingestion.py
[2026-03-09T08:57:51.440+0000] {logging_mixin.py:190} INFO - [2026-03-09T08:57:51.440+0000] {dag.py:3239} INFO - Sync 1 DAGs
[2026-03-09T08:57:51.472+0000] {logging_mixin.py:190} INFO - [2026-03-09T08:57:51.472+0000] {dag.py:4180} INFO - Setting next_dagrun for 02_travel_gmaps_ingestion to 2026-03-08 14:00:00+00:00, run_after=2026-03-09 08:00:00+00:00
[2026-03-09T08:57:51.503+0000] {processor.py:208} INFO - Processing /opt/airflow/dags/02_travel_gmaps_ingestion.py took 0.141 seconds
[2026-03-09T08:58:21.981+0000] {processor.py:186} INFO - Started process (PID=7120) to work on /opt/airflow/dags/02_travel_gmaps_ingestion.py
[2026-03-09T08:58:21.992+0000] {processor.py:914} INFO - Processing file /opt/airflow/dags/02_travel_gmaps_ingestion.py for tasks to queue
[2026-03-09T08:58:22.007+0000] {logging_mixin.py:190} INFO - [2026-03-09T08:58:22.007+0000] {dagbag.py:588} INFO - Filling up the DagBag from /opt/airflow/dags/02_travel_gmaps_ingestion.py
[2026-03-09T08:58:22.110+0000] {processor.py:925} INFO - DAG(s) '02_travel_gmaps_ingestion' retrieved from /opt/airflow/dags/02_travel_gmaps_ingestion.py
[2026-03-09T08:58:22.290+0000] {logging_mixin.py:190} INFO - [2026-03-09T08:58:22.289+0000] {dag.py:3239} INFO - Sync 1 DAGs
[2026-03-09T08:58:22.495+0000] {logging_mixin.py:190} INFO - [2026-03-09T08:58:22.495+0000] {dag.py:4180} INFO - Setting next_dagrun for 02_travel_gmaps_ingestion to 2026-03-08 14:00:00+00:00, run_after=2026-03-09 08:00:00+00:00
[2026-03-09T08:58:22.689+0000] {processor.py:208} INFO - Processing /opt/airflow/dags/02_travel_gmaps_ingestion.py took 0.736 seconds
[2026-03-09T08:58:53.654+0000] {processor.py:186} INFO - Started process (PID=7140) to work on /opt/airflow/dags/02_travel_gmaps_ingestion.py
[2026-03-09T08:58:53.656+0000] {processor.py:914} INFO - Processing file /opt/airflow/dags/02_travel_gmaps_ingestion.py for tasks to queue
[2026-03-09T08:58:53.660+0000] {logging_mixin.py:190} INFO - [2026-03-09T08:58:53.659+0000] {dagbag.py:588} INFO - Filling up the DagBag from /opt/airflow/dags/02_travel_gmaps_ingestion.py
[2026-03-09T08:58:53.686+0000] {processor.py:925} INFO - DAG(s) '02_travel_gmaps_ingestion' retrieved from /opt/airflow/dags/02_travel_gmaps_ingestion.py
[2026-03-09T08:58:53.720+0000] {logging_mixin.py:190} INFO - [2026-03-09T08:58:53.720+0000] {dag.py:3239} INFO - Sync 1 DAGs
[2026-03-09T08:58:53.749+0000] {logging_mixin.py:190} INFO - [2026-03-09T08:58:53.748+0000] {dag.py:4180} INFO - Setting next_dagrun for 02_travel_gmaps_ingestion to 2026-03-08 14:00:00+00:00, run_after=2026-03-09 08:00:00+00:00
[2026-03-09T08:58:53.776+0000] {processor.py:208} INFO - Processing /opt/airflow/dags/02_travel_gmaps_ingestion.py took 0.134 seconds
[2026-03-09T08:59:24.467+0000] {processor.py:186} INFO - Started process (PID=7160) to work on /opt/airflow/dags/02_travel_gmaps_ingestion.py
[2026-03-09T08:59:24.468+0000] {processor.py:914} INFO - Processing file /opt/airflow/dags/02_travel_gmaps_ingestion.py for tasks to queue
[2026-03-09T08:59:24.471+0000] {logging_mixin.py:190} INFO - [2026-03-09T08:59:24.471+0000] {dagbag.py:588} INFO - Filling up the DagBag from /opt/airflow/dags/02_travel_gmaps_ingestion.py
[2026-03-09T08:59:24.494+0000] {processor.py:925} INFO - DAG(s) '02_travel_gmaps_ingestion' retrieved from /opt/airflow/dags/02_travel_gmaps_ingestion.py
[2026-03-09T08:59:24.531+0000] {logging_mixin.py:190} INFO - [2026-03-09T08:59:24.531+0000] {dag.py:3239} INFO - Sync 1 DAGs
[2026-03-09T08:59:24.567+0000] {logging_mixin.py:190} INFO - [2026-03-09T08:59:24.566+0000] {dag.py:4180} INFO - Setting next_dagrun for 02_travel_gmaps_ingestion to 2026-03-08 14:00:00+00:00, run_after=2026-03-09 08:00:00+00:00
[2026-03-09T08:59:24.600+0000] {processor.py:208} INFO - Processing /opt/airflow/dags/02_travel_gmaps_ingestion.py took 0.140 seconds
[2026-03-09T08:59:55.247+0000] {processor.py:186} INFO - Started process (PID=7180) to work on /opt/airflow/dags/02_travel_gmaps_ingestion.py
[2026-03-09T08:59:55.248+0000] {processor.py:914} INFO - Processing file /opt/airflow/dags/02_travel_gmaps_ingestion.py for tasks to queue
[2026-03-09T08:59:55.250+0000] {logging_mixin.py:190} INFO - [2026-03-09T08:59:55.250+0000] {dagbag.py:588} INFO - Filling up the DagBag from /opt/airflow/dags/02_travel_gmaps_ingestion.py
[2026-03-09T08:59:55.269+0000] {processor.py:925} INFO - DAG(s) '02_travel_gmaps_ingestion' retrieved from /opt/airflow/dags/02_travel_gmaps_ingestion.py
[2026-03-09T08:59:55.307+0000] {logging_mixin.py:190} INFO - [2026-03-09T08:59:55.307+0000] {dag.py:3239} INFO - Sync 1 DAGs
[2026-03-09T08:59:55.337+0000] {logging_mixin.py:190} INFO - [2026-03-09T08:59:55.337+0000] {dag.py:4180} INFO - Setting next_dagrun for 02_travel_gmaps_ingestion to 2026-03-08 14:00:00+00:00, run_after=2026-03-09 08:00:00+00:00
[2026-03-09T08:59:55.366+0000] {processor.py:208} INFO - Processing /opt/airflow/dags/02_travel_gmaps_ingestion.py took 0.126 seconds
[2026-03-09T09:00:25.906+0000] {processor.py:186} INFO - Started process (PID=7216) to work on /opt/airflow/dags/02_travel_gmaps_ingestion.py
[2026-03-09T09:00:25.907+0000] {processor.py:914} INFO - Processing file /opt/airflow/dags/02_travel_gmaps_ingestion.py for tasks to queue
[2026-03-09T09:00:25.910+0000] {logging_mixin.py:190} INFO - [2026-03-09T09:00:25.910+0000] {dagbag.py:588} INFO - Filling up the DagBag from /opt/airflow/dags/02_travel_gmaps_ingestion.py
[2026-03-09T09:00:25.931+0000] {processor.py:925} INFO - DAG(s) '02_travel_gmaps_ingestion' retrieved from /opt/airflow/dags/02_travel_gmaps_ingestion.py
[2026-03-09T09:00:25.966+0000] {logging_mixin.py:190} INFO - [2026-03-09T09:00:25.966+0000] {dag.py:3239} INFO - Sync 1 DAGs
[2026-03-09T09:00:25.996+0000] {logging_mixin.py:190} INFO - [2026-03-09T09:00:25.996+0000] {dag.py:4180} INFO - Setting next_dagrun for 02_travel_gmaps_ingestion to 2026-03-08 14:00:00+00:00, run_after=2026-03-09 08:00:00+00:00
[2026-03-09T09:00:26.025+0000] {processor.py:208} INFO - Processing /opt/airflow/dags/02_travel_gmaps_ingestion.py took 0.126 seconds
[2026-03-09T09:00:56.630+0000] {processor.py:186} INFO - Started process (PID=7236) to work on /opt/airflow/dags/02_travel_gmaps_ingestion.py
[2026-03-09T09:00:56.631+0000] {processor.py:914} INFO - Processing file /opt/airflow/dags/02_travel_gmaps_ingestion.py for tasks to queue
[2026-03-09T09:00:56.636+0000] {logging_mixin.py:190} INFO - [2026-03-09T09:00:56.635+0000] {dagbag.py:588} INFO - Filling up the DagBag from /opt/airflow/dags/02_travel_gmaps_ingestion.py
[2026-03-09T09:00:56.661+0000] {processor.py:925} INFO - DAG(s) '02_travel_gmaps_ingestion' retrieved from /opt/airflow/dags/02_travel_gmaps_ingestion.py
[2026-03-09T09:00:56.698+0000] {logging_mixin.py:190} INFO - [2026-03-09T09:00:56.697+0000] {dag.py:3239} INFO - Sync 1 DAGs
[2026-03-09T09:00:56.733+0000] {logging_mixin.py:190} INFO - [2026-03-09T09:00:56.733+0000] {dag.py:4180} INFO - Setting next_dagrun for 02_travel_gmaps_ingestion to 2026-03-08 14:00:00+00:00, run_after=2026-03-09 08:00:00+00:00
[2026-03-09T09:00:56.761+0000] {processor.py:208} INFO - Processing /opt/airflow/dags/02_travel_gmaps_ingestion.py took 0.140 seconds
[2026-03-09T09:01:27.414+0000] {processor.py:186} INFO - Started process (PID=7256) to work on /opt/airflow/dags/02_travel_gmaps_ingestion.py
[2026-03-09T09:01:27.416+0000] {processor.py:914} INFO - Processing file /opt/airflow/dags/02_travel_gmaps_ingestion.py for tasks to queue
[2026-03-09T09:01:27.419+0000] {logging_mixin.py:190} INFO - [2026-03-09T09:01:27.419+0000] {dagbag.py:588} INFO - Filling up the DagBag from /opt/airflow/dags/02_travel_gmaps_ingestion.py
[2026-03-09T09:01:27.445+0000] {processor.py:925} INFO - DAG(s) '02_travel_gmaps_ingestion' retrieved from /opt/airflow/dags/02_travel_gmaps_ingestion.py
[2026-03-09T09:01:27.484+0000] {logging_mixin.py:190} INFO - [2026-03-09T09:01:27.483+0000] {dag.py:3239} INFO - Sync 1 DAGs
[2026-03-09T09:01:27.516+0000] {logging_mixin.py:190} INFO - [2026-03-09T09:01:27.516+0000] {dag.py:4180} INFO - Setting next_dagrun for 02_travel_gmaps_ingestion to 2026-03-08 14:00:00+00:00, run_after=2026-03-09 08:00:00+00:00
[2026-03-09T09:01:27.543+0000] {processor.py:208} INFO - Processing /opt/airflow/dags/02_travel_gmaps_ingestion.py took 0.137 seconds
[2026-03-09T09:01:58.244+0000] {processor.py:186} INFO - Started process (PID=7276) to work on /opt/airflow/dags/02_travel_gmaps_ingestion.py
[2026-03-09T09:01:58.246+0000] {processor.py:914} INFO - Processing file /opt/airflow/dags/02_travel_gmaps_ingestion.py for tasks to queue
[2026-03-09T09:01:58.249+0000] {logging_mixin.py:190} INFO - [2026-03-09T09:01:58.248+0000] {dagbag.py:588} INFO - Filling up the DagBag from /opt/airflow/dags/02_travel_gmaps_ingestion.py
[2026-03-09T09:01:58.282+0000] {processor.py:925} INFO - DAG(s) '02_travel_gmaps_ingestion' retrieved from /opt/airflow/dags/02_travel_gmaps_ingestion.py
[2026-03-09T09:01:58.322+0000] {logging_mixin.py:190} INFO - [2026-03-09T09:01:58.321+0000] {dag.py:3239} INFO - Sync 1 DAGs
[2026-03-09T09:01:58.352+0000] {logging_mixin.py:190} INFO - [2026-03-09T09:01:58.352+0000] {dag.py:4180} INFO - Setting next_dagrun for 02_travel_gmaps_ingestion to 2026-03-08 14:00:00+00:00, run_after=2026-03-09 08:00:00+00:00
[2026-03-09T09:01:58.375+0000] {processor.py:208} INFO - Processing /opt/airflow/dags/02_travel_gmaps_ingestion.py took 0.142 seconds
[2026-03-09T09:02:29.015+0000] {processor.py:186} INFO - Started process (PID=7296) to work on /opt/airflow/dags/02_travel_gmaps_ingestion.py
[2026-03-09T09:02:29.016+0000] {processor.py:914} INFO - Processing file /opt/airflow/dags/02_travel_gmaps_ingestion.py for tasks to queue
[2026-03-09T09:02:29.022+0000] {logging_mixin.py:190} INFO - [2026-03-09T09:02:29.021+0000] {dagbag.py:588} INFO - Filling up the DagBag from /opt/airflow/dags/02_travel_gmaps_ingestion.py
[2026-03-09T09:02:29.054+0000] {processor.py:925} INFO - DAG(s) '02_travel_gmaps_ingestion' retrieved from /opt/airflow/dags/02_travel_gmaps_ingestion.py
[2026-03-09T09:02:29.096+0000] {logging_mixin.py:190} INFO - [2026-03-09T09:02:29.096+0000] {dag.py:3239} INFO - Sync 1 DAGs
[2026-03-09T09:02:29.128+0000] {logging_mixin.py:190} INFO - [2026-03-09T09:02:29.128+0000] {dag.py:4180} INFO - Setting next_dagrun for 02_travel_gmaps_ingestion to 2026-03-08 14:00:00+00:00, run_after=2026-03-09 08:00:00+00:00
[2026-03-09T09:02:29.156+0000] {processor.py:208} INFO - Processing /opt/airflow/dags/02_travel_gmaps_ingestion.py took 0.150 seconds
[2026-03-09T09:02:59.700+0000] {processor.py:186} INFO - Started process (PID=7316) to work on /opt/airflow/dags/02_travel_gmaps_ingestion.py
[2026-03-09T09:02:59.701+0000] {processor.py:914} INFO - Processing file /opt/airflow/dags/02_travel_gmaps_ingestion.py for tasks to queue
[2026-03-09T09:02:59.705+0000] {logging_mixin.py:190} INFO - [2026-03-09T09:02:59.705+0000] {dagbag.py:588} INFO - Filling up the DagBag from /opt/airflow/dags/02_travel_gmaps_ingestion.py
[2026-03-09T09:02:59.730+0000] {processor.py:925} INFO - DAG(s) '02_travel_gmaps_ingestion' retrieved from /opt/airflow/dags/02_travel_gmaps_ingestion.py
[2026-03-09T09:02:59.768+0000] {logging_mixin.py:190} INFO - [2026-03-09T09:02:59.768+0000] {dag.py:3239} INFO - Sync 1 DAGs
[2026-03-09T09:02:59.805+0000] {logging_mixin.py:190} INFO - [2026-03-09T09:02:59.805+0000] {dag.py:4180} INFO - Setting next_dagrun for 02_travel_gmaps_ingestion to 2026-03-08 14:00:00+00:00, run_after=2026-03-09 08:00:00+00:00
[2026-03-09T09:02:59.833+0000] {processor.py:208} INFO - Processing /opt/airflow/dags/02_travel_gmaps_ingestion.py took 0.141 seconds
[2026-03-09T09:03:30.464+0000] {processor.py:186} INFO - Started process (PID=7336) to work on /opt/airflow/dags/02_travel_gmaps_ingestion.py
[2026-03-09T09:03:30.465+0000] {processor.py:914} INFO - Processing file /opt/airflow/dags/02_travel_gmaps_ingestion.py for tasks to queue
[2026-03-09T09:03:30.470+0000] {logging_mixin.py:190} INFO - [2026-03-09T09:03:30.469+0000] {dagbag.py:588} INFO - Filling up the DagBag from /opt/airflow/dags/02_travel_gmaps_ingestion.py
[2026-03-09T09:03:30.500+0000] {processor.py:925} INFO - DAG(s) '02_travel_gmaps_ingestion' retrieved from /opt/airflow/dags/02_travel_gmaps_ingestion.py
[2026-03-09T09:03:30.539+0000] {logging_mixin.py:190} INFO - [2026-03-09T09:03:30.538+0000] {dag.py:3239} INFO - Sync 1 DAGs
[2026-03-09T09:03:30.578+0000] {logging_mixin.py:190} INFO - [2026-03-09T09:03:30.577+0000] {dag.py:4180} INFO - Setting next_dagrun for 02_travel_gmaps_ingestion to 2026-03-08 14:00:00+00:00, run_after=2026-03-09 08:00:00+00:00
[2026-03-09T09:03:30.608+0000] {processor.py:208} INFO - Processing /opt/airflow/dags/02_travel_gmaps_ingestion.py took 0.154 seconds
[2026-03-09T09:04:01.313+0000] {processor.py:186} INFO - Started process (PID=7356) to work on /opt/airflow/dags/02_travel_gmaps_ingestion.py
[2026-03-09T09:04:01.315+0000] {processor.py:914} INFO - Processing file /opt/airflow/dags/02_travel_gmaps_ingestion.py for tasks to queue
[2026-03-09T09:04:01.318+0000] {logging_mixin.py:190} INFO - [2026-03-09T09:04:01.318+0000] {dagbag.py:588} INFO - Filling up the DagBag from /opt/airflow/dags/02_travel_gmaps_ingestion.py
[2026-03-09T09:04:01.337+0000] {processor.py:925} INFO - DAG(s) '02_travel_gmaps_ingestion' retrieved from /opt/airflow/dags/02_travel_gmaps_ingestion.py
[2026-03-09T09:04:01.371+0000] {logging_mixin.py:190} INFO - [2026-03-09T09:04:01.370+0000] {dag.py:3239} INFO - Sync 1 DAGs
[2026-03-09T09:04:01.401+0000] {logging_mixin.py:190} INFO - [2026-03-09T09:04:01.400+0000] {dag.py:4180} INFO - Setting next_dagrun for 02_travel_gmaps_ingestion to 2026-03-08 14:00:00+00:00, run_after=2026-03-09 08:00:00+00:00
[2026-03-09T09:04:01.432+0000] {processor.py:208} INFO - Processing /opt/airflow/dags/02_travel_gmaps_ingestion.py took 0.126 seconds
[2026-03-09T09:04:32.074+0000] {processor.py:186} INFO - Started process (PID=7376) to work on /opt/airflow/dags/02_travel_gmaps_ingestion.py
[2026-03-09T09:04:32.076+0000] {processor.py:914} INFO - Processing file /opt/airflow/dags/02_travel_gmaps_ingestion.py for tasks to queue
[2026-03-09T09:04:32.080+0000] {logging_mixin.py:190} INFO - [2026-03-09T09:04:32.079+0000] {dagbag.py:588} INFO - Filling up the DagBag from /opt/airflow/dags/02_travel_gmaps_ingestion.py
[2026-03-09T09:04:32.112+0000] {processor.py:925} INFO - DAG(s) '02_travel_gmaps_ingestion' retrieved from /opt/airflow/dags/02_travel_gmaps_ingestion.py
[2026-03-09T09:04:32.156+0000] {logging_mixin.py:190} INFO - [2026-03-09T09:04:32.156+0000] {dag.py:3239} INFO - Sync 1 DAGs
[2026-03-09T09:04:32.190+0000] {logging_mixin.py:190} INFO - [2026-03-09T09:04:32.190+0000] {dag.py:4180} INFO - Setting next_dagrun for 02_travel_gmaps_ingestion to 2026-03-08 14:00:00+00:00, run_after=2026-03-09 08:00:00+00:00
[2026-03-09T09:04:32.222+0000] {processor.py:208} INFO - Processing /opt/airflow/dags/02_travel_gmaps_ingestion.py took 0.157 seconds
[2026-03-09T09:05:02.961+0000] {processor.py:186} INFO - Started process (PID=7396) to work on /opt/airflow/dags/02_travel_gmaps_ingestion.py
[2026-03-09T09:05:02.963+0000] {processor.py:914} INFO - Processing file /opt/airflow/dags/02_travel_gmaps_ingestion.py for tasks to queue
[2026-03-09T09:05:02.965+0000] {logging_mixin.py:190} INFO - [2026-03-09T09:05:02.965+0000] {dagbag.py:588} INFO - Filling up the DagBag from /opt/airflow/dags/02_travel_gmaps_ingestion.py
[2026-03-09T09:05:02.985+0000] {processor.py:925} INFO - DAG(s) '02_travel_gmaps_ingestion' retrieved from /opt/airflow/dags/02_travel_gmaps_ingestion.py
[2026-03-09T09:05:03.024+0000] {logging_mixin.py:190} INFO - [2026-03-09T09:05:03.024+0000] {dag.py:3239} INFO - Sync 1 DAGs
[2026-03-09T09:05:03.055+0000] {logging_mixin.py:190} INFO - [2026-03-09T09:05:03.054+0000] {dag.py:4180} INFO - Setting next_dagrun for 02_travel_gmaps_ingestion to 2026-03-08 14:00:00+00:00, run_after=2026-03-09 08:00:00+00:00
[2026-03-09T09:05:03.083+0000] {processor.py:208} INFO - Processing /opt/airflow/dags/02_travel_gmaps_ingestion.py took 0.129 seconds
[2026-03-09T09:05:33.736+0000] {processor.py:186} INFO - Started process (PID=7416) to work on /opt/airflow/dags/02_travel_gmaps_ingestion.py
[2026-03-09T09:05:33.737+0000] {processor.py:914} INFO - Processing file /opt/airflow/dags/02_travel_gmaps_ingestion.py for tasks to queue
[2026-03-09T09:05:33.741+0000] {logging_mixin.py:190} INFO - [2026-03-09T09:05:33.741+0000] {dagbag.py:588} INFO - Filling up the DagBag from /opt/airflow/dags/02_travel_gmaps_ingestion.py
[2026-03-09T09:05:33.776+0000] {processor.py:925} INFO - DAG(s) '02_travel_gmaps_ingestion' retrieved from /opt/airflow/dags/02_travel_gmaps_ingestion.py
[2026-03-09T09:05:33.830+0000] {logging_mixin.py:190} INFO - [2026-03-09T09:05:33.829+0000] {dag.py:3239} INFO - Sync 1 DAGs
[2026-03-09T09:05:33.871+0000] {logging_mixin.py:190} INFO - [2026-03-09T09:05:33.871+0000] {dag.py:4180} INFO - Setting next_dagrun for 02_travel_gmaps_ingestion to 2026-03-08 14:00:00+00:00, run_after=2026-03-09 08:00:00+00:00
[2026-03-09T09:05:33.905+0000] {processor.py:208} INFO - Processing /opt/airflow/dags/02_travel_gmaps_ingestion.py took 0.178 seconds
[2026-03-09T09:06:04.836+0000] {processor.py:186} INFO - Started process (PID=7436) to work on /opt/airflow/dags/02_travel_gmaps_ingestion.py
[2026-03-09T09:06:04.875+0000] {processor.py:914} INFO - Processing file /opt/airflow/dags/02_travel_gmaps_ingestion.py for tasks to queue
[2026-03-09T09:06:04.895+0000] {logging_mixin.py:190} INFO - [2026-03-09T09:06:04.894+0000] {dagbag.py:588} INFO - Filling up the DagBag from /opt/airflow/dags/02_travel_gmaps_ingestion.py
[2026-03-09T09:06:05.435+0000] {processor.py:925} INFO - DAG(s) '02_travel_gmaps_ingestion' retrieved from /opt/airflow/dags/02_travel_gmaps_ingestion.py
[2026-03-09T09:06:05.757+0000] {logging_mixin.py:190} INFO - [2026-03-09T09:06:05.756+0000] {dag.py:3239} INFO - Sync 1 DAGs
[2026-03-09T09:06:05.982+0000] {logging_mixin.py:190} INFO - [2026-03-09T09:06:05.982+0000] {dag.py:4180} INFO - Setting next_dagrun for 02_travel_gmaps_ingestion to 2026-03-08 14:00:00+00:00, run_after=2026-03-09 08:00:00+00:00
[2026-03-09T09:06:06.120+0000] {processor.py:208} INFO - Processing /opt/airflow/dags/02_travel_gmaps_ingestion.py took 1.394 seconds
[2026-03-09T09:06:36.443+0000] {processor.py:186} INFO - Started process (PID=7456) to work on /opt/airflow/dags/02_travel_gmaps_ingestion.py
[2026-03-09T09:06:36.463+0000] {processor.py:914} INFO - Processing file /opt/airflow/dags/02_travel_gmaps_ingestion.py for tasks to queue
[2026-03-09T09:06:36.502+0000] {logging_mixin.py:190} INFO - [2026-03-09T09:06:36.501+0000] {dagbag.py:588} INFO - Filling up the DagBag from /opt/airflow/dags/02_travel_gmaps_ingestion.py
[2026-03-09T09:06:36.622+0000] {processor.py:925} INFO - DAG(s) '02_travel_gmaps_ingestion' retrieved from /opt/airflow/dags/02_travel_gmaps_ingestion.py
[2026-03-09T09:06:37.003+0000] {logging_mixin.py:190} INFO - [2026-03-09T09:06:37.002+0000] {dag.py:3239} INFO - Sync 1 DAGs
[2026-03-09T09:06:37.167+0000] {logging_mixin.py:190} INFO - [2026-03-09T09:06:37.166+0000] {dag.py:4180} INFO - Setting next_dagrun for 02_travel_gmaps_ingestion to 2026-03-08 14:00:00+00:00, run_after=2026-03-09 08:00:00+00:00
[2026-03-09T09:06:37.233+0000] {processor.py:208} INFO - Processing /opt/airflow/dags/02_travel_gmaps_ingestion.py took 0.840 seconds
[2026-03-09T09:07:08.070+0000] {processor.py:186} INFO - Started process (PID=7476) to work on /opt/airflow/dags/02_travel_gmaps_ingestion.py
[2026-03-09T09:07:08.073+0000] {processor.py:914} INFO - Processing file /opt/airflow/dags/02_travel_gmaps_ingestion.py for tasks to queue
[2026-03-09T09:07:08.101+0000] {logging_mixin.py:190} INFO - [2026-03-09T09:07:08.099+0000] {dagbag.py:588} INFO - Filling up the DagBag from /opt/airflow/dags/02_travel_gmaps_ingestion.py
[2026-03-09T09:07:08.162+0000] {processor.py:925} INFO - DAG(s) '02_travel_gmaps_ingestion' retrieved from /opt/airflow/dags/02_travel_gmaps_ingestion.py
[2026-03-09T09:07:08.236+0000] {logging_mixin.py:190} INFO - [2026-03-09T09:07:08.235+0000] {dag.py:3239} INFO - Sync 1 DAGs
[2026-03-09T09:07:08.291+0000] {logging_mixin.py:190} INFO - [2026-03-09T09:07:08.291+0000] {dag.py:4180} INFO - Setting next_dagrun for 02_travel_gmaps_ingestion to 2026-03-08 14:00:00+00:00, run_after=2026-03-09 08:00:00+00:00
[2026-03-09T09:07:08.342+0000] {processor.py:208} INFO - Processing /opt/airflow/dags/02_travel_gmaps_ingestion.py took 0.301 seconds
[2026-03-09T09:07:38.835+0000] {processor.py:186} INFO - Started process (PID=7496) to work on /opt/airflow/dags/02_travel_gmaps_ingestion.py
[2026-03-09T09:07:38.837+0000] {processor.py:914} INFO - Processing file /opt/airflow/dags/02_travel_gmaps_ingestion.py for tasks to queue
[2026-03-09T09:07:38.844+0000] {logging_mixin.py:190} INFO - [2026-03-09T09:07:38.840+0000] {dagbag.py:588} INFO - Filling up the DagBag from /opt/airflow/dags/02_travel_gmaps_ingestion.py
[2026-03-09T09:07:38.936+0000] {processor.py:925} INFO - DAG(s) '02_travel_gmaps_ingestion' retrieved from /opt/airflow/dags/02_travel_gmaps_ingestion.py
[2026-03-09T09:07:39.172+0000] {logging_mixin.py:190} INFO - [2026-03-09T09:07:39.171+0000] {dag.py:3239} INFO - Sync 1 DAGs
[2026-03-09T09:07:39.218+0000] {logging_mixin.py:190} INFO - [2026-03-09T09:07:39.217+0000] {dag.py:4180} INFO - Setting next_dagrun for 02_travel_gmaps_ingestion to 2026-03-08 14:00:00+00:00, run_after=2026-03-09 08:00:00+00:00
[2026-03-09T09:07:39.291+0000] {processor.py:208} INFO - Processing /opt/airflow/dags/02_travel_gmaps_ingestion.py took 0.490 seconds
[2026-03-09T09:08:09.880+0000] {processor.py:186} INFO - Started process (PID=7516) to work on /opt/airflow/dags/02_travel_gmaps_ingestion.py
[2026-03-09T09:08:09.882+0000] {processor.py:914} INFO - Processing file /opt/airflow/dags/02_travel_gmaps_ingestion.py for tasks to queue
[2026-03-09T09:08:09.887+0000] {logging_mixin.py:190} INFO - [2026-03-09T09:08:09.886+0000] {dagbag.py:588} INFO - Filling up the DagBag from /opt/airflow/dags/02_travel_gmaps_ingestion.py
[2026-03-09T09:08:09.917+0000] {processor.py:925} INFO - DAG(s) '02_travel_gmaps_ingestion' retrieved from /opt/airflow/dags/02_travel_gmaps_ingestion.py
[2026-03-09T09:08:09.961+0000] {logging_mixin.py:190} INFO - [2026-03-09T09:08:09.961+0000] {dag.py:3239} INFO - Sync 1 DAGs
[2026-03-09T09:08:09.993+0000] {logging_mixin.py:190} INFO - [2026-03-09T09:08:09.993+0000] {dag.py:4180} INFO - Setting next_dagrun for 02_travel_gmaps_ingestion to 2026-03-08 14:00:00+00:00, run_after=2026-03-09 08:00:00+00:00
[2026-03-09T09:08:10.041+0000] {processor.py:208} INFO - Processing /opt/airflow/dags/02_travel_gmaps_ingestion.py took 0.174 seconds
[2026-03-09T09:08:40.553+0000] {processor.py:186} INFO - Started process (PID=7536) to work on /opt/airflow/dags/02_travel_gmaps_ingestion.py
[2026-03-09T09:08:40.557+0000] {processor.py:914} INFO - Processing file /opt/airflow/dags/02_travel_gmaps_ingestion.py for tasks to queue
[2026-03-09T09:08:40.566+0000] {logging_mixin.py:190} INFO - [2026-03-09T09:08:40.565+0000] {dagbag.py:588} INFO - Filling up the DagBag from /opt/airflow/dags/02_travel_gmaps_ingestion.py
[2026-03-09T09:08:40.606+0000] {processor.py:925} INFO - DAG(s) '02_travel_gmaps_ingestion' retrieved from /opt/airflow/dags/02_travel_gmaps_ingestion.py
[2026-03-09T09:08:40.654+0000] {logging_mixin.py:190} INFO - [2026-03-09T09:08:40.653+0000] {dag.py:3239} INFO - Sync 1 DAGs
[2026-03-09T09:08:40.686+0000] {logging_mixin.py:190} INFO - [2026-03-09T09:08:40.685+0000] {dag.py:4180} INFO - Setting next_dagrun for 02_travel_gmaps_ingestion to 2026-03-08 14:00:00+00:00, run_after=2026-03-09 08:00:00+00:00
[2026-03-09T09:08:40.727+0000] {processor.py:208} INFO - Processing /opt/airflow/dags/02_travel_gmaps_ingestion.py took 0.188 seconds
[2026-03-09T09:09:11.517+0000] {processor.py:186} INFO - Started process (PID=7556) to work on /opt/airflow/dags/02_travel_gmaps_ingestion.py
[2026-03-09T09:09:11.518+0000] {processor.py:914} INFO - Processing file /opt/airflow/dags/02_travel_gmaps_ingestion.py for tasks to queue
[2026-03-09T09:09:11.521+0000] {logging_mixin.py:190} INFO - [2026-03-09T09:09:11.521+0000] {dagbag.py:588} INFO - Filling up the DagBag from /opt/airflow/dags/02_travel_gmaps_ingestion.py
[2026-03-09T09:09:11.542+0000] {processor.py:925} INFO - DAG(s) '02_travel_gmaps_ingestion' retrieved from /opt/airflow/dags/02_travel_gmaps_ingestion.py
[2026-03-09T09:09:11.574+0000] {logging_mixin.py:190} INFO - [2026-03-09T09:09:11.574+0000] {dag.py:3239} INFO - Sync 1 DAGs
[2026-03-09T09:09:11.602+0000] {logging_mixin.py:190} INFO - [2026-03-09T09:09:11.602+0000] {dag.py:4180} INFO - Setting next_dagrun for 02_travel_gmaps_ingestion to 2026-03-08 14:00:00+00:00, run_after=2026-03-09 08:00:00+00:00
[2026-03-09T09:09:11.638+0000] {processor.py:208} INFO - Processing /opt/airflow/dags/02_travel_gmaps_ingestion.py took 0.132 seconds
[2026-03-09T09:09:42.360+0000] {processor.py:186} INFO - Started process (PID=7576) to work on /opt/airflow/dags/02_travel_gmaps_ingestion.py
[2026-03-09T09:09:42.361+0000] {processor.py:914} INFO - Processing file /opt/airflow/dags/02_travel_gmaps_ingestion.py for tasks to queue
[2026-03-09T09:09:42.365+0000] {logging_mixin.py:190} INFO - [2026-03-09T09:09:42.364+0000] {dagbag.py:588} INFO - Filling up the DagBag from /opt/airflow/dags/02_travel_gmaps_ingestion.py
[2026-03-09T09:09:42.386+0000] {processor.py:925} INFO - DAG(s) '02_travel_gmaps_ingestion' retrieved from /opt/airflow/dags/02_travel_gmaps_ingestion.py
[2026-03-09T09:09:42.418+0000] {logging_mixin.py:190} INFO - [2026-03-09T09:09:42.418+0000] {dag.py:3239} INFO - Sync 1 DAGs
[2026-03-09T09:09:42.446+0000] {logging_mixin.py:190} INFO - [2026-03-09T09:09:42.445+0000] {dag.py:4180} INFO - Setting next_dagrun for 02_travel_gmaps_ingestion to 2026-03-08 14:00:00+00:00, run_after=2026-03-09 08:00:00+00:00
[2026-03-09T09:09:42.475+0000] {processor.py:208} INFO - Processing /opt/airflow/dags/02_travel_gmaps_ingestion.py took 0.123 seconds
[2026-03-09T09:10:13.131+0000] {processor.py:186} INFO - Started process (PID=7596) to work on /opt/airflow/dags/02_travel_gmaps_ingestion.py
[2026-03-09T09:10:13.132+0000] {processor.py:914} INFO - Processing file /opt/airflow/dags/02_travel_gmaps_ingestion.py for tasks to queue
[2026-03-09T09:10:13.134+0000] {logging_mixin.py:190} INFO - [2026-03-09T09:10:13.134+0000] {dagbag.py:588} INFO - Filling up the DagBag from /opt/airflow/dags/02_travel_gmaps_ingestion.py
[2026-03-09T09:10:13.152+0000] {processor.py:925} INFO - DAG(s) '02_travel_gmaps_ingestion' retrieved from /opt/airflow/dags/02_travel_gmaps_ingestion.py
[2026-03-09T09:10:13.185+0000] {logging_mixin.py:190} INFO - [2026-03-09T09:10:13.185+0000] {dag.py:3239} INFO - Sync 1 DAGs
[2026-03-09T09:10:13.215+0000] {logging_mixin.py:190} INFO - [2026-03-09T09:10:13.214+0000] {dag.py:4180} INFO - Setting next_dagrun for 02_travel_gmaps_ingestion to 2026-03-08 14:00:00+00:00, run_after=2026-03-09 08:00:00+00:00
[2026-03-09T09:10:13.244+0000] {processor.py:208} INFO - Processing /opt/airflow/dags/02_travel_gmaps_ingestion.py took 0.120 seconds
[2026-03-09T09:10:44.033+0000] {processor.py:186} INFO - Started process (PID=7616) to work on /opt/airflow/dags/02_travel_gmaps_ingestion.py
[2026-03-09T09:10:44.034+0000] {processor.py:914} INFO - Processing file /opt/airflow/dags/02_travel_gmaps_ingestion.py for tasks to queue
[2026-03-09T09:10:44.037+0000] {logging_mixin.py:190} INFO - [2026-03-09T09:10:44.036+0000] {dagbag.py:588} INFO - Filling up the DagBag from /opt/airflow/dags/02_travel_gmaps_ingestion.py
[2026-03-09T09:10:44.054+0000] {processor.py:925} INFO - DAG(s) '02_travel_gmaps_ingestion' retrieved from /opt/airflow/dags/02_travel_gmaps_ingestion.py
[2026-03-09T09:10:44.088+0000] {logging_mixin.py:190} INFO - [2026-03-09T09:10:44.088+0000] {dag.py:3239} INFO - Sync 1 DAGs
[2026-03-09T09:10:44.115+0000] {logging_mixin.py:190} INFO - [2026-03-09T09:10:44.115+0000] {dag.py:4180} INFO - Setting next_dagrun for 02_travel_gmaps_ingestion to 2026-03-08 14:00:00+00:00, run_after=2026-03-09 08:00:00+00:00
[2026-03-09T09:10:44.145+0000] {processor.py:208} INFO - Processing /opt/airflow/dags/02_travel_gmaps_ingestion.py took 0.120 seconds
[2026-03-09T09:11:14.797+0000] {processor.py:186} INFO - Started process (PID=7636) to work on /opt/airflow/dags/02_travel_gmaps_ingestion.py
[2026-03-09T09:11:14.799+0000] {processor.py:914} INFO - Processing file /opt/airflow/dags/02_travel_gmaps_ingestion.py for tasks to queue
[2026-03-09T09:11:14.801+0000] {logging_mixin.py:190} INFO - [2026-03-09T09:11:14.801+0000] {dagbag.py:588} INFO - Filling up the DagBag from /opt/airflow/dags/02_travel_gmaps_ingestion.py
[2026-03-09T09:11:14.821+0000] {processor.py:925} INFO - DAG(s) '02_travel_gmaps_ingestion' retrieved from /opt/airflow/dags/02_travel_gmaps_ingestion.py
[2026-03-09T09:11:14.852+0000] {logging_mixin.py:190} INFO - [2026-03-09T09:11:14.851+0000] {dag.py:3239} INFO - Sync 1 DAGs
[2026-03-09T09:11:14.880+0000] {logging_mixin.py:190} INFO - [2026-03-09T09:11:14.880+0000] {dag.py:4180} INFO - Setting next_dagrun for 02_travel_gmaps_ingestion to 2026-03-08 14:00:00+00:00, run_after=2026-03-09 08:00:00+00:00
[2026-03-09T09:11:14.910+0000] {processor.py:208} INFO - Processing /opt/airflow/dags/02_travel_gmaps_ingestion.py took 0.119 seconds
[2026-03-09T09:11:45.700+0000] {processor.py:186} INFO - Started process (PID=7656) to work on /opt/airflow/dags/02_travel_gmaps_ingestion.py
[2026-03-09T09:11:45.702+0000] {processor.py:914} INFO - Processing file /opt/airflow/dags/02_travel_gmaps_ingestion.py for tasks to queue
[2026-03-09T09:11:45.705+0000] {logging_mixin.py:190} INFO - [2026-03-09T09:11:45.704+0000] {dagbag.py:588} INFO - Filling up the DagBag from /opt/airflow/dags/02_travel_gmaps_ingestion.py
[2026-03-09T09:11:45.726+0000] {processor.py:925} INFO - DAG(s) '02_travel_gmaps_ingestion' retrieved from /opt/airflow/dags/02_travel_gmaps_ingestion.py
[2026-03-09T09:11:45.759+0000] {logging_mixin.py:190} INFO - [2026-03-09T09:11:45.759+0000] {dag.py:3239} INFO - Sync 1 DAGs
[2026-03-09T09:11:45.788+0000] {logging_mixin.py:190} INFO - [2026-03-09T09:11:45.788+0000] {dag.py:4180} INFO - Setting next_dagrun for 02_travel_gmaps_ingestion to 2026-03-08 14:00:00+00:00, run_after=2026-03-09 08:00:00+00:00
[2026-03-09T09:11:45.817+0000] {processor.py:208} INFO - Processing /opt/airflow/dags/02_travel_gmaps_ingestion.py took 0.124 seconds
[2026-03-09T09:12:16.491+0000] {processor.py:186} INFO - Started process (PID=7676) to work on /opt/airflow/dags/02_travel_gmaps_ingestion.py
[2026-03-09T09:12:16.492+0000] {processor.py:914} INFO - Processing file /opt/airflow/dags/02_travel_gmaps_ingestion.py for tasks to queue
[2026-03-09T09:12:16.495+0000] {logging_mixin.py:190} INFO - [2026-03-09T09:12:16.495+0000] {dagbag.py:588} INFO - Filling up the DagBag from /opt/airflow/dags/02_travel_gmaps_ingestion.py
[2026-03-09T09:12:16.516+0000] {processor.py:925} INFO - DAG(s) '02_travel_gmaps_ingestion' retrieved from /opt/airflow/dags/02_travel_gmaps_ingestion.py
[2026-03-09T09:12:16.557+0000] {logging_mixin.py:190} INFO - [2026-03-09T09:12:16.556+0000] {dag.py:3239} INFO - Sync 1 DAGs
[2026-03-09T09:12:16.589+0000] {logging_mixin.py:190} INFO - [2026-03-09T09:12:16.589+0000] {dag.py:4180} INFO - Setting next_dagrun for 02_travel_gmaps_ingestion to 2026-03-08 14:00:00+00:00, run_after=2026-03-09 08:00:00+00:00
[2026-03-09T09:12:16.616+0000] {processor.py:208} INFO - Processing /opt/airflow/dags/02_travel_gmaps_ingestion.py took 0.131 seconds
[2026-03-09T09:12:47.431+0000] {processor.py:186} INFO - Started process (PID=7696) to work on /opt/airflow/dags/02_travel_gmaps_ingestion.py
[2026-03-09T09:12:47.432+0000] {processor.py:914} INFO - Processing file /opt/airflow/dags/02_travel_gmaps_ingestion.py for tasks to queue
[2026-03-09T09:12:47.435+0000] {logging_mixin.py:190} INFO - [2026-03-09T09:12:47.435+0000] {dagbag.py:588} INFO - Filling up the DagBag from /opt/airflow/dags/02_travel_gmaps_ingestion.py
[2026-03-09T09:12:47.456+0000] {processor.py:925} INFO - DAG(s) '02_travel_gmaps_ingestion' retrieved from /opt/airflow/dags/02_travel_gmaps_ingestion.py
[2026-03-09T09:12:47.490+0000] {logging_mixin.py:190} INFO - [2026-03-09T09:12:47.490+0000] {dag.py:3239} INFO - Sync 1 DAGs
[2026-03-09T09:12:47.520+0000] {logging_mixin.py:190} INFO - [2026-03-09T09:12:47.520+0000] {dag.py:4180} INFO - Setting next_dagrun for 02_travel_gmaps_ingestion to 2026-03-08 14:00:00+00:00, run_after=2026-03-09 08:00:00+00:00
[2026-03-09T09:12:47.548+0000] {processor.py:208} INFO - Processing /opt/airflow/dags/02_travel_gmaps_ingestion.py took 0.124 seconds
[2026-03-09T09:13:18.194+0000] {processor.py:186} INFO - Started process (PID=7716) to work on /opt/airflow/dags/02_travel_gmaps_ingestion.py
[2026-03-09T09:13:18.195+0000] {processor.py:914} INFO - Processing file /opt/airflow/dags/02_travel_gmaps_ingestion.py for tasks to queue
[2026-03-09T09:13:18.199+0000] {logging_mixin.py:190} INFO - [2026-03-09T09:13:18.198+0000] {dagbag.py:588} INFO - Filling up the DagBag from /opt/airflow/dags/02_travel_gmaps_ingestion.py
[2026-03-09T09:13:18.221+0000] {processor.py:925} INFO - DAG(s) '02_travel_gmaps_ingestion' retrieved from /opt/airflow/dags/02_travel_gmaps_ingestion.py
[2026-03-09T09:13:18.253+0000] {logging_mixin.py:190} INFO - [2026-03-09T09:13:18.253+0000] {dag.py:3239} INFO - Sync 1 DAGs
[2026-03-09T09:13:18.284+0000] {logging_mixin.py:190} INFO - [2026-03-09T09:13:18.284+0000] {dag.py:4180} INFO - Setting next_dagrun for 02_travel_gmaps_ingestion to 2026-03-08 14:00:00+00:00, run_after=2026-03-09 08:00:00+00:00
[2026-03-09T09:13:18.316+0000] {processor.py:208} INFO - Processing /opt/airflow/dags/02_travel_gmaps_ingestion.py took 0.130 seconds
[2026-03-09T09:13:49.035+0000] {processor.py:186} INFO - Started process (PID=7736) to work on /opt/airflow/dags/02_travel_gmaps_ingestion.py
[2026-03-09T09:13:49.037+0000] {processor.py:914} INFO - Processing file /opt/airflow/dags/02_travel_gmaps_ingestion.py for tasks to queue
[2026-03-09T09:13:49.040+0000] {logging_mixin.py:190} INFO - [2026-03-09T09:13:49.039+0000] {dagbag.py:588} INFO - Filling up the DagBag from /opt/airflow/dags/02_travel_gmaps_ingestion.py
[2026-03-09T09:13:49.061+0000] {processor.py:925} INFO - DAG(s) '02_travel_gmaps_ingestion' retrieved from /opt/airflow/dags/02_travel_gmaps_ingestion.py
[2026-03-09T09:13:49.092+0000] {logging_mixin.py:190} INFO - [2026-03-09T09:13:49.092+0000] {dag.py:3239} INFO - Sync 1 DAGs
[2026-03-09T09:13:49.119+0000] {logging_mixin.py:190} INFO - [2026-03-09T09:13:49.119+0000] {dag.py:4180} INFO - Setting next_dagrun for 02_travel_gmaps_ingestion to 2026-03-08 14:00:00+00:00, run_after=2026-03-09 08:00:00+00:00
[2026-03-09T09:13:49.150+0000] {processor.py:208} INFO - Processing /opt/airflow/dags/02_travel_gmaps_ingestion.py took 0.122 seconds
[2026-03-09T09:14:19.912+0000] {processor.py:186} INFO - Started process (PID=7756) to work on /opt/airflow/dags/02_travel_gmaps_ingestion.py
[2026-03-09T09:14:19.914+0000] {processor.py:914} INFO - Processing file /opt/airflow/dags/02_travel_gmaps_ingestion.py for tasks to queue
[2026-03-09T09:14:19.917+0000] {logging_mixin.py:190} INFO - [2026-03-09T09:14:19.916+0000] {dagbag.py:588} INFO - Filling up the DagBag from /opt/airflow/dags/02_travel_gmaps_ingestion.py
[2026-03-09T09:14:19.943+0000] {processor.py:925} INFO - DAG(s) '02_travel_gmaps_ingestion' retrieved from /opt/airflow/dags/02_travel_gmaps_ingestion.py
[2026-03-09T09:14:19.974+0000] {logging_mixin.py:190} INFO - [2026-03-09T09:14:19.974+0000] {dag.py:3239} INFO - Sync 1 DAGs
[2026-03-09T09:14:20.005+0000] {logging_mixin.py:190} INFO - [2026-03-09T09:14:20.005+0000] {dag.py:4180} INFO - Setting next_dagrun for 02_travel_gmaps_ingestion to 2026-03-08 14:00:00+00:00, run_after=2026-03-09 08:00:00+00:00
[2026-03-09T09:14:20.033+0000] {processor.py:208} INFO - Processing /opt/airflow/dags/02_travel_gmaps_ingestion.py took 0.129 seconds
[2026-03-09T09:14:50.771+0000] {processor.py:186} INFO - Started process (PID=7776) to work on /opt/airflow/dags/02_travel_gmaps_ingestion.py
[2026-03-09T09:14:50.772+0000] {processor.py:914} INFO - Processing file /opt/airflow/dags/02_travel_gmaps_ingestion.py for tasks to queue
[2026-03-09T09:14:50.776+0000] {logging_mixin.py:190} INFO - [2026-03-09T09:14:50.775+0000] {dagbag.py:588} INFO - Filling up the DagBag from /opt/airflow/dags/02_travel_gmaps_ingestion.py
[2026-03-09T09:14:50.795+0000] {processor.py:925} INFO - DAG(s) '02_travel_gmaps_ingestion' retrieved from /opt/airflow/dags/02_travel_gmaps_ingestion.py
[2026-03-09T09:14:50.828+0000] {logging_mixin.py:190} INFO - [2026-03-09T09:14:50.828+0000] {dag.py:3239} INFO - Sync 1 DAGs
[2026-03-09T09:14:50.857+0000] {logging_mixin.py:190} INFO - [2026-03-09T09:14:50.856+0000] {dag.py:4180} INFO - Setting next_dagrun for 02_travel_gmaps_ingestion to 2026-03-08 14:00:00+00:00, run_after=2026-03-09 08:00:00+00:00
[2026-03-09T09:14:50.885+0000] {processor.py:208} INFO - Processing /opt/airflow/dags/02_travel_gmaps_ingestion.py took 0.120 seconds
[2026-03-09T09:15:21.634+0000] {processor.py:186} INFO - Started process (PID=7796) to work on /opt/airflow/dags/02_travel_gmaps_ingestion.py
[2026-03-09T09:15:21.636+0000] {processor.py:914} INFO - Processing file /opt/airflow/dags/02_travel_gmaps_ingestion.py for tasks to queue
[2026-03-09T09:15:21.640+0000] {logging_mixin.py:190} INFO - [2026-03-09T09:15:21.639+0000] {dagbag.py:588} INFO - Filling up the DagBag from /opt/airflow/dags/02_travel_gmaps_ingestion.py
[2026-03-09T09:15:21.672+0000] {processor.py:925} INFO - DAG(s) '02_travel_gmaps_ingestion' retrieved from /opt/airflow/dags/02_travel_gmaps_ingestion.py
[2026-03-09T09:15:21.712+0000] {logging_mixin.py:190} INFO - [2026-03-09T09:15:21.711+0000] {dag.py:3239} INFO - Sync 1 DAGs
[2026-03-09T09:15:21.742+0000] {logging_mixin.py:190} INFO - [2026-03-09T09:15:21.742+0000] {dag.py:4180} INFO - Setting next_dagrun for 02_travel_gmaps_ingestion to 2026-03-08 14:00:00+00:00, run_after=2026-03-09 08:00:00+00:00
[2026-03-09T09:15:21.769+0000] {processor.py:208} INFO - Processing /opt/airflow/dags/02_travel_gmaps_ingestion.py took 0.144 seconds
[2026-03-09T09:15:52.563+0000] {processor.py:186} INFO - Started process (PID=7816) to work on /opt/airflow/dags/02_travel_gmaps_ingestion.py
[2026-03-09T09:15:52.564+0000] {processor.py:914} INFO - Processing file /opt/airflow/dags/02_travel_gmaps_ingestion.py for tasks to queue
[2026-03-09T09:15:52.568+0000] {logging_mixin.py:190} INFO - [2026-03-09T09:15:52.567+0000] {dagbag.py:588} INFO - Filling up the DagBag from /opt/airflow/dags/02_travel_gmaps_ingestion.py
[2026-03-09T09:15:52.588+0000] {processor.py:925} INFO - DAG(s) '02_travel_gmaps_ingestion' retrieved from /opt/airflow/dags/02_travel_gmaps_ingestion.py
[2026-03-09T09:15:52.618+0000] {logging_mixin.py:190} INFO - [2026-03-09T09:15:52.618+0000] {dag.py:3239} INFO - Sync 1 DAGs
[2026-03-09T09:15:52.649+0000] {logging_mixin.py:190} INFO - [2026-03-09T09:15:52.648+0000] {dag.py:4180} INFO - Setting next_dagrun for 02_travel_gmaps_ingestion to 2026-03-08 14:00:00+00:00, run_after=2026-03-09 08:00:00+00:00
[2026-03-09T09:15:52.679+0000] {processor.py:208} INFO - Processing /opt/airflow/dags/02_travel_gmaps_ingestion.py took 0.123 seconds
[2026-03-09T09:16:23.294+0000] {processor.py:186} INFO - Started process (PID=7836) to work on /opt/airflow/dags/02_travel_gmaps_ingestion.py
[2026-03-09T09:16:23.296+0000] {processor.py:914} INFO - Processing file /opt/airflow/dags/02_travel_gmaps_ingestion.py for tasks to queue
[2026-03-09T09:16:23.299+0000] {logging_mixin.py:190} INFO - [2026-03-09T09:16:23.299+0000] {dagbag.py:588} INFO - Filling up the DagBag from /opt/airflow/dags/02_travel_gmaps_ingestion.py
[2026-03-09T09:16:23.324+0000] {processor.py:925} INFO - DAG(s) '02_travel_gmaps_ingestion' retrieved from /opt/airflow/dags/02_travel_gmaps_ingestion.py
[2026-03-09T09:16:23.357+0000] {logging_mixin.py:190} INFO - [2026-03-09T09:16:23.357+0000] {dag.py:3239} INFO - Sync 1 DAGs
[2026-03-09T09:16:23.386+0000] {logging_mixin.py:190} INFO - [2026-03-09T09:16:23.386+0000] {dag.py:4180} INFO - Setting next_dagrun for 02_travel_gmaps_ingestion to 2026-03-08 14:00:00+00:00, run_after=2026-03-09 08:00:00+00:00
[2026-03-09T09:16:23.416+0000] {processor.py:208} INFO - Processing /opt/airflow/dags/02_travel_gmaps_ingestion.py took 0.132 seconds
[2026-03-09T09:16:54.086+0000] {processor.py:186} INFO - Started process (PID=7856) to work on /opt/airflow/dags/02_travel_gmaps_ingestion.py
[2026-03-09T09:16:54.089+0000] {processor.py:914} INFO - Processing file /opt/airflow/dags/02_travel_gmaps_ingestion.py for tasks to queue
[2026-03-09T09:16:54.092+0000] {logging_mixin.py:190} INFO - [2026-03-09T09:16:54.092+0000] {dagbag.py:588} INFO - Filling up the DagBag from /opt/airflow/dags/02_travel_gmaps_ingestion.py
[2026-03-09T09:16:54.128+0000] {processor.py:925} INFO - DAG(s) '02_travel_gmaps_ingestion' retrieved from /opt/airflow/dags/02_travel_gmaps_ingestion.py
[2026-03-09T09:16:54.170+0000] {logging_mixin.py:190} INFO - [2026-03-09T09:16:54.169+0000] {dag.py:3239} INFO - Sync 1 DAGs
[2026-03-09T09:16:54.207+0000] {logging_mixin.py:190} INFO - [2026-03-09T09:16:54.206+0000] {dag.py:4180} INFO - Setting next_dagrun for 02_travel_gmaps_ingestion to 2026-03-08 14:00:00+00:00, run_after=2026-03-09 08:00:00+00:00
[2026-03-09T09:16:54.238+0000] {processor.py:208} INFO - Processing /opt/airflow/dags/02_travel_gmaps_ingestion.py took 0.160 seconds
[2026-03-09T09:17:24.856+0000] {processor.py:186} INFO - Started process (PID=7876) to work on /opt/airflow/dags/02_travel_gmaps_ingestion.py
[2026-03-09T09:17:24.857+0000] {processor.py:914} INFO - Processing file /opt/airflow/dags/02_travel_gmaps_ingestion.py for tasks to queue
[2026-03-09T09:17:24.860+0000] {logging_mixin.py:190} INFO - [2026-03-09T09:17:24.859+0000] {dagbag.py:588} INFO - Filling up the DagBag from /opt/airflow/dags/02_travel_gmaps_ingestion.py
[2026-03-09T09:17:24.885+0000] {processor.py:925} INFO - DAG(s) '02_travel_gmaps_ingestion' retrieved from /opt/airflow/dags/02_travel_gmaps_ingestion.py
[2026-03-09T09:17:24.921+0000] {logging_mixin.py:190} INFO - [2026-03-09T09:17:24.921+0000] {dag.py:3239} INFO - Sync 1 DAGs
[2026-03-09T09:17:24.952+0000] {logging_mixin.py:190} INFO - [2026-03-09T09:17:24.951+0000] {dag.py:4180} INFO - Setting next_dagrun for 02_travel_gmaps_ingestion to 2026-03-08 14:00:00+00:00, run_after=2026-03-09 08:00:00+00:00
[2026-03-09T09:17:24.982+0000] {processor.py:208} INFO - Processing /opt/airflow/dags/02_travel_gmaps_ingestion.py took 0.132 seconds
[2026-03-09T09:17:55.694+0000] {processor.py:186} INFO - Started process (PID=7896) to work on /opt/airflow/dags/02_travel_gmaps_ingestion.py
[2026-03-09T09:17:55.695+0000] {processor.py:914} INFO - Processing file /opt/airflow/dags/02_travel_gmaps_ingestion.py for tasks to queue
[2026-03-09T09:17:55.698+0000] {logging_mixin.py:190} INFO - [2026-03-09T09:17:55.697+0000] {dagbag.py:588} INFO - Filling up the DagBag from /opt/airflow/dags/02_travel_gmaps_ingestion.py
[2026-03-09T09:17:55.717+0000] {processor.py:925} INFO - DAG(s) '02_travel_gmaps_ingestion' retrieved from /opt/airflow/dags/02_travel_gmaps_ingestion.py
[2026-03-09T09:17:55.756+0000] {logging_mixin.py:190} INFO - [2026-03-09T09:17:55.755+0000] {dag.py:3239} INFO - Sync 1 DAGs
[2026-03-09T09:17:55.785+0000] {logging_mixin.py:190} INFO - [2026-03-09T09:17:55.785+0000] {dag.py:4180} INFO - Setting next_dagrun for 02_travel_gmaps_ingestion to 2026-03-08 14:00:00+00:00, run_after=2026-03-09 08:00:00+00:00
[2026-03-09T09:17:55.817+0000] {processor.py:208} INFO - Processing /opt/airflow/dags/02_travel_gmaps_ingestion.py took 0.131 seconds
[2026-03-09T09:18:26.408+0000] {processor.py:186} INFO - Started process (PID=7916) to work on /opt/airflow/dags/02_travel_gmaps_ingestion.py
[2026-03-09T09:18:26.410+0000] {processor.py:914} INFO - Processing file /opt/airflow/dags/02_travel_gmaps_ingestion.py for tasks to queue
[2026-03-09T09:18:26.413+0000] {logging_mixin.py:190} INFO - [2026-03-09T09:18:26.412+0000] {dagbag.py:588} INFO - Filling up the DagBag from /opt/airflow/dags/02_travel_gmaps_ingestion.py
[2026-03-09T09:18:26.437+0000] {processor.py:925} INFO - DAG(s) '02_travel_gmaps_ingestion' retrieved from /opt/airflow/dags/02_travel_gmaps_ingestion.py
[2026-03-09T09:18:26.470+0000] {logging_mixin.py:190} INFO - [2026-03-09T09:18:26.470+0000] {dag.py:3239} INFO - Sync 1 DAGs
[2026-03-09T09:18:26.498+0000] {logging_mixin.py:190} INFO - [2026-03-09T09:18:26.498+0000] {dag.py:4180} INFO - Setting next_dagrun for 02_travel_gmaps_ingestion to 2026-03-08 14:00:00+00:00, run_after=2026-03-09 08:00:00+00:00
[2026-03-09T09:18:26.523+0000] {processor.py:208} INFO - Processing /opt/airflow/dags/02_travel_gmaps_ingestion.py took 0.122 seconds
[2026-03-09T09:18:57.190+0000] {processor.py:186} INFO - Started process (PID=7936) to work on /opt/airflow/dags/02_travel_gmaps_ingestion.py
[2026-03-09T09:18:57.192+0000] {processor.py:914} INFO - Processing file /opt/airflow/dags/02_travel_gmaps_ingestion.py for tasks to queue
[2026-03-09T09:18:57.195+0000] {logging_mixin.py:190} INFO - [2026-03-09T09:18:57.194+0000] {dagbag.py:588} INFO - Filling up the DagBag from /opt/airflow/dags/02_travel_gmaps_ingestion.py
[2026-03-09T09:18:57.224+0000] {processor.py:925} INFO - DAG(s) '02_travel_gmaps_ingestion' retrieved from /opt/airflow/dags/02_travel_gmaps_ingestion.py
[2026-03-09T09:18:57.261+0000] {logging_mixin.py:190} INFO - [2026-03-09T09:18:57.260+0000] {dag.py:3239} INFO - Sync 1 DAGs
[2026-03-09T09:18:57.290+0000] {logging_mixin.py:190} INFO - [2026-03-09T09:18:57.290+0000] {dag.py:4180} INFO - Setting next_dagrun for 02_travel_gmaps_ingestion to 2026-03-08 14:00:00+00:00, run_after=2026-03-09 08:00:00+00:00
[2026-03-09T09:18:57.319+0000] {processor.py:208} INFO - Processing /opt/airflow/dags/02_travel_gmaps_ingestion.py took 0.138 seconds
[2026-03-09T09:19:28.052+0000] {processor.py:186} INFO - Started process (PID=7956) to work on /opt/airflow/dags/02_travel_gmaps_ingestion.py
[2026-03-09T09:19:28.053+0000] {processor.py:914} INFO - Processing file /opt/airflow/dags/02_travel_gmaps_ingestion.py for tasks to queue
[2026-03-09T09:19:28.056+0000] {logging_mixin.py:190} INFO - [2026-03-09T09:19:28.055+0000] {dagbag.py:588} INFO - Filling up the DagBag from /opt/airflow/dags/02_travel_gmaps_ingestion.py
[2026-03-09T09:19:28.075+0000] {processor.py:925} INFO - DAG(s) '02_travel_gmaps_ingestion' retrieved from /opt/airflow/dags/02_travel_gmaps_ingestion.py
[2026-03-09T09:19:28.110+0000] {logging_mixin.py:190} INFO - [2026-03-09T09:19:28.110+0000] {dag.py:3239} INFO - Sync 1 DAGs
[2026-03-09T09:19:28.144+0000] {logging_mixin.py:190} INFO - [2026-03-09T09:19:28.144+0000] {dag.py:4180} INFO - Setting next_dagrun for 02_travel_gmaps_ingestion to 2026-03-08 14:00:00+00:00, run_after=2026-03-09 08:00:00+00:00
[2026-03-09T09:19:28.175+0000] {processor.py:208} INFO - Processing /opt/airflow/dags/02_travel_gmaps_ingestion.py took 0.130 seconds
[2026-03-09T09:19:58.692+0000] {processor.py:186} INFO - Started process (PID=7976) to work on /opt/airflow/dags/02_travel_gmaps_ingestion.py
[2026-03-09T09:19:58.693+0000] {processor.py:914} INFO - Processing file /opt/airflow/dags/02_travel_gmaps_ingestion.py for tasks to queue
[2026-03-09T09:19:58.697+0000] {logging_mixin.py:190} INFO - [2026-03-09T09:19:58.696+0000] {dagbag.py:588} INFO - Filling up the DagBag from /opt/airflow/dags/02_travel_gmaps_ingestion.py
[2026-03-09T09:19:58.725+0000] {processor.py:925} INFO - DAG(s) '02_travel_gmaps_ingestion' retrieved from /opt/airflow/dags/02_travel_gmaps_ingestion.py
[2026-03-09T09:19:58.764+0000] {logging_mixin.py:190} INFO - [2026-03-09T09:19:58.763+0000] {dag.py:3239} INFO - Sync 1 DAGs
[2026-03-09T09:19:58.801+0000] {logging_mixin.py:190} INFO - [2026-03-09T09:19:58.801+0000] {dag.py:4180} INFO - Setting next_dagrun for 02_travel_gmaps_ingestion to 2026-03-08 14:00:00+00:00, run_after=2026-03-09 08:00:00+00:00
[2026-03-09T09:19:58.832+0000] {processor.py:208} INFO - Processing /opt/airflow/dags/02_travel_gmaps_ingestion.py took 0.148 seconds
[2026-03-09T09:20:29.516+0000] {processor.py:186} INFO - Started process (PID=7996) to work on /opt/airflow/dags/02_travel_gmaps_ingestion.py
[2026-03-09T09:20:29.517+0000] {processor.py:914} INFO - Processing file /opt/airflow/dags/02_travel_gmaps_ingestion.py for tasks to queue
[2026-03-09T09:20:29.521+0000] {logging_mixin.py:190} INFO - [2026-03-09T09:20:29.520+0000] {dagbag.py:588} INFO - Filling up the DagBag from /opt/airflow/dags/02_travel_gmaps_ingestion.py
[2026-03-09T09:20:29.540+0000] {processor.py:925} INFO - DAG(s) '02_travel_gmaps_ingestion' retrieved from /opt/airflow/dags/02_travel_gmaps_ingestion.py
[2026-03-09T09:20:29.571+0000] {logging_mixin.py:190} INFO - [2026-03-09T09:20:29.571+0000] {dag.py:3239} INFO - Sync 1 DAGs
[2026-03-09T09:20:29.598+0000] {logging_mixin.py:190} INFO - [2026-03-09T09:20:29.598+0000] {dag.py:4180} INFO - Setting next_dagrun for 02_travel_gmaps_ingestion to 2026-03-08 14:00:00+00:00, run_after=2026-03-09 08:00:00+00:00
[2026-03-09T09:20:29.625+0000] {processor.py:208} INFO - Processing /opt/airflow/dags/02_travel_gmaps_ingestion.py took 0.117 seconds
[2026-03-09T09:21:00.352+0000] {processor.py:186} INFO - Started process (PID=8016) to work on /opt/airflow/dags/02_travel_gmaps_ingestion.py
[2026-03-09T09:21:00.354+0000] {processor.py:914} INFO - Processing file /opt/airflow/dags/02_travel_gmaps_ingestion.py for tasks to queue
[2026-03-09T09:21:00.357+0000] {logging_mixin.py:190} INFO - [2026-03-09T09:21:00.357+0000] {dagbag.py:588} INFO - Filling up the DagBag from /opt/airflow/dags/02_travel_gmaps_ingestion.py
[2026-03-09T09:21:00.390+0000] {processor.py:925} INFO - DAG(s) '02_travel_gmaps_ingestion' retrieved from /opt/airflow/dags/02_travel_gmaps_ingestion.py
[2026-03-09T09:21:00.433+0000] {logging_mixin.py:190} INFO - [2026-03-09T09:21:00.433+0000] {dag.py:3239} INFO - Sync 1 DAGs
[2026-03-09T09:21:00.465+0000] {logging_mixin.py:190} INFO - [2026-03-09T09:21:00.464+0000] {dag.py:4180} INFO - Setting next_dagrun for 02_travel_gmaps_ingestion to 2026-03-08 14:00:00+00:00, run_after=2026-03-09 08:00:00+00:00
[2026-03-09T09:21:00.496+0000] {processor.py:208} INFO - Processing /opt/airflow/dags/02_travel_gmaps_ingestion.py took 0.153 seconds
[2026-03-09T09:21:31.286+0000] {processor.py:186} INFO - Started process (PID=8036) to work on /opt/airflow/dags/02_travel_gmaps_ingestion.py
[2026-03-09T09:21:31.288+0000] {processor.py:914} INFO - Processing file /opt/airflow/dags/02_travel_gmaps_ingestion.py for tasks to queue
[2026-03-09T09:21:31.291+0000] {logging_mixin.py:190} INFO - [2026-03-09T09:21:31.290+0000] {dagbag.py:588} INFO - Filling up the DagBag from /opt/airflow/dags/02_travel_gmaps_ingestion.py
[2026-03-09T09:21:31.310+0000] {processor.py:925} INFO - DAG(s) '02_travel_gmaps_ingestion' retrieved from /opt/airflow/dags/02_travel_gmaps_ingestion.py
[2026-03-09T09:21:31.343+0000] {logging_mixin.py:190} INFO - [2026-03-09T09:21:31.342+0000] {dag.py:3239} INFO - Sync 1 DAGs
[2026-03-09T09:21:31.369+0000] {logging_mixin.py:190} INFO - [2026-03-09T09:21:31.369+0000] {dag.py:4180} INFO - Setting next_dagrun for 02_travel_gmaps_ingestion to 2026-03-08 14:00:00+00:00, run_after=2026-03-09 08:00:00+00:00
[2026-03-09T09:21:31.403+0000] {processor.py:208} INFO - Processing /opt/airflow/dags/02_travel_gmaps_ingestion.py took 0.123 seconds
[2026-03-09T09:22:02.191+0000] {processor.py:186} INFO - Started process (PID=8056) to work on /opt/airflow/dags/02_travel_gmaps_ingestion.py
[2026-03-09T09:22:02.192+0000] {processor.py:914} INFO - Processing file /opt/airflow/dags/02_travel_gmaps_ingestion.py for tasks to queue
[2026-03-09T09:22:02.195+0000] {logging_mixin.py:190} INFO - [2026-03-09T09:22:02.195+0000] {dagbag.py:588} INFO - Filling up the DagBag from /opt/airflow/dags/02_travel_gmaps_ingestion.py
[2026-03-09T09:22:02.215+0000] {processor.py:925} INFO - DAG(s) '02_travel_gmaps_ingestion' retrieved from /opt/airflow/dags/02_travel_gmaps_ingestion.py
[2026-03-09T09:22:02.247+0000] {logging_mixin.py:190} INFO - [2026-03-09T09:22:02.247+0000] {dag.py:3239} INFO - Sync 1 DAGs
[2026-03-09T09:22:02.275+0000] {logging_mixin.py:190} INFO - [2026-03-09T09:22:02.275+0000] {dag.py:4180} INFO - Setting next_dagrun for 02_travel_gmaps_ingestion to 2026-03-08 14:00:00+00:00, run_after=2026-03-09 08:00:00+00:00
[2026-03-09T09:22:02.305+0000] {processor.py:208} INFO - Processing /opt/airflow/dags/02_travel_gmaps_ingestion.py took 0.121 seconds
[2026-03-09T09:22:32.948+0000] {processor.py:186} INFO - Started process (PID=8076) to work on /opt/airflow/dags/02_travel_gmaps_ingestion.py
[2026-03-09T09:22:32.950+0000] {processor.py:914} INFO - Processing file /opt/airflow/dags/02_travel_gmaps_ingestion.py for tasks to queue
[2026-03-09T09:22:32.952+0000] {logging_mixin.py:190} INFO - [2026-03-09T09:22:32.952+0000] {dagbag.py:588} INFO - Filling up the DagBag from /opt/airflow/dags/02_travel_gmaps_ingestion.py
[2026-03-09T09:22:32.971+0000] {processor.py:925} INFO - DAG(s) '02_travel_gmaps_ingestion' retrieved from /opt/airflow/dags/02_travel_gmaps_ingestion.py
[2026-03-09T09:22:33.005+0000] {logging_mixin.py:190} INFO - [2026-03-09T09:22:33.005+0000] {dag.py:3239} INFO - Sync 1 DAGs
[2026-03-09T09:22:33.033+0000] {logging_mixin.py:190} INFO - [2026-03-09T09:22:33.032+0000] {dag.py:4180} INFO - Setting next_dagrun for 02_travel_gmaps_ingestion to 2026-03-08 14:00:00+00:00, run_after=2026-03-09 08:00:00+00:00
[2026-03-09T09:22:33.063+0000] {processor.py:208} INFO - Processing /opt/airflow/dags/02_travel_gmaps_ingestion.py took 0.120 seconds
[2026-03-09T09:23:03.819+0000] {processor.py:186} INFO - Started process (PID=8096) to work on /opt/airflow/dags/02_travel_gmaps_ingestion.py
[2026-03-09T09:23:03.820+0000] {processor.py:914} INFO - Processing file /opt/airflow/dags/02_travel_gmaps_ingestion.py for tasks to queue
[2026-03-09T09:23:03.824+0000] {logging_mixin.py:190} INFO - [2026-03-09T09:23:03.824+0000] {dagbag.py:588} INFO - Filling up the DagBag from /opt/airflow/dags/02_travel_gmaps_ingestion.py
[2026-03-09T09:23:03.848+0000] {processor.py:925} INFO - DAG(s) '02_travel_gmaps_ingestion' retrieved from /opt/airflow/dags/02_travel_gmaps_ingestion.py
[2026-03-09T09:23:03.880+0000] {logging_mixin.py:190} INFO - [2026-03-09T09:23:03.879+0000] {dag.py:3239} INFO - Sync 1 DAGs
[2026-03-09T09:23:03.908+0000] {logging_mixin.py:190} INFO - [2026-03-09T09:23:03.908+0000] {dag.py:4180} INFO - Setting next_dagrun for 02_travel_gmaps_ingestion to 2026-03-08 14:00:00+00:00, run_after=2026-03-09 08:00:00+00:00
[2026-03-09T09:23:03.936+0000] {processor.py:208} INFO - Processing /opt/airflow/dags/02_travel_gmaps_ingestion.py took 0.125 seconds
[2026-03-09T09:23:34.671+0000] {processor.py:186} INFO - Started process (PID=8116) to work on /opt/airflow/dags/02_travel_gmaps_ingestion.py
[2026-03-09T09:23:34.672+0000] {processor.py:914} INFO - Processing file /opt/airflow/dags/02_travel_gmaps_ingestion.py for tasks to queue
[2026-03-09T09:23:34.675+0000] {logging_mixin.py:190} INFO - [2026-03-09T09:23:34.675+0000] {dagbag.py:588} INFO - Filling up the DagBag from /opt/airflow/dags/02_travel_gmaps_ingestion.py
[2026-03-09T09:23:34.694+0000] {processor.py:925} INFO - DAG(s) '02_travel_gmaps_ingestion' retrieved from /opt/airflow/dags/02_travel_gmaps_ingestion.py
[2026-03-09T09:23:34.726+0000] {logging_mixin.py:190} INFO - [2026-03-09T09:23:34.725+0000] {dag.py:3239} INFO - Sync 1 DAGs
[2026-03-09T09:23:34.755+0000] {logging_mixin.py:190} INFO - [2026-03-09T09:23:34.755+0000] {dag.py:4180} INFO - Setting next_dagrun for 02_travel_gmaps_ingestion to 2026-03-08 14:00:00+00:00, run_after=2026-03-09 08:00:00+00:00
[2026-03-09T09:23:34.780+0000] {processor.py:208} INFO - Processing /opt/airflow/dags/02_travel_gmaps_ingestion.py took 0.116 seconds
[2026-03-09T09:24:05.463+0000] {processor.py:186} INFO - Started process (PID=8136) to work on /opt/airflow/dags/02_travel_gmaps_ingestion.py
[2026-03-09T09:24:05.465+0000] {processor.py:914} INFO - Processing file /opt/airflow/dags/02_travel_gmaps_ingestion.py for tasks to queue
[2026-03-09T09:24:05.469+0000] {logging_mixin.py:190} INFO - [2026-03-09T09:24:05.468+0000] {dagbag.py:588} INFO - Filling up the DagBag from /opt/airflow/dags/02_travel_gmaps_ingestion.py
[2026-03-09T09:24:05.494+0000] {processor.py:925} INFO - DAG(s) '02_travel_gmaps_ingestion' retrieved from /opt/airflow/dags/02_travel_gmaps_ingestion.py
[2026-03-09T09:24:05.534+0000] {logging_mixin.py:190} INFO - [2026-03-09T09:24:05.534+0000] {dag.py:3239} INFO - Sync 1 DAGs
[2026-03-09T09:24:05.573+0000] {logging_mixin.py:190} INFO - [2026-03-09T09:24:05.573+0000] {dag.py:4180} INFO - Setting next_dagrun for 02_travel_gmaps_ingestion to 2026-03-08 14:00:00+00:00, run_after=2026-03-09 08:00:00+00:00
[2026-03-09T09:24:05.603+0000] {processor.py:208} INFO - Processing /opt/airflow/dags/02_travel_gmaps_ingestion.py took 0.148 seconds
[2026-03-09T09:24:36.268+0000] {processor.py:186} INFO - Started process (PID=8156) to work on /opt/airflow/dags/02_travel_gmaps_ingestion.py
[2026-03-09T09:24:36.269+0000] {processor.py:914} INFO - Processing file /opt/airflow/dags/02_travel_gmaps_ingestion.py for tasks to queue
[2026-03-09T09:24:36.273+0000] {logging_mixin.py:190} INFO - [2026-03-09T09:24:36.272+0000] {dagbag.py:588} INFO - Filling up the DagBag from /opt/airflow/dags/02_travel_gmaps_ingestion.py
[2026-03-09T09:24:36.295+0000] {processor.py:925} INFO - DAG(s) '02_travel_gmaps_ingestion' retrieved from /opt/airflow/dags/02_travel_gmaps_ingestion.py
[2026-03-09T09:24:36.327+0000] {logging_mixin.py:190} INFO - [2026-03-09T09:24:36.327+0000] {dag.py:3239} INFO - Sync 1 DAGs
[2026-03-09T09:24:36.356+0000] {logging_mixin.py:190} INFO - [2026-03-09T09:24:36.356+0000] {dag.py:4180} INFO - Setting next_dagrun for 02_travel_gmaps_ingestion to 2026-03-08 14:00:00+00:00, run_after=2026-03-09 08:00:00+00:00
[2026-03-09T09:24:36.390+0000] {processor.py:208} INFO - Processing /opt/airflow/dags/02_travel_gmaps_ingestion.py took 0.130 seconds
[2026-03-09T09:25:07.108+0000] {processor.py:186} INFO - Started process (PID=8176) to work on /opt/airflow/dags/02_travel_gmaps_ingestion.py
[2026-03-09T09:25:07.110+0000] {processor.py:914} INFO - Processing file /opt/airflow/dags/02_travel_gmaps_ingestion.py for tasks to queue
[2026-03-09T09:25:07.112+0000] {logging_mixin.py:190} INFO - [2026-03-09T09:25:07.112+0000] {dagbag.py:588} INFO - Filling up the DagBag from /opt/airflow/dags/02_travel_gmaps_ingestion.py
[2026-03-09T09:25:07.139+0000] {processor.py:925} INFO - DAG(s) '02_travel_gmaps_ingestion' retrieved from /opt/airflow/dags/02_travel_gmaps_ingestion.py
[2026-03-09T09:25:07.175+0000] {logging_mixin.py:190} INFO - [2026-03-09T09:25:07.175+0000] {dag.py:3239} INFO - Sync 1 DAGs
[2026-03-09T09:25:07.208+0000] {logging_mixin.py:190} INFO - [2026-03-09T09:25:07.207+0000] {dag.py:4180} INFO - Setting next_dagrun for 02_travel_gmaps_ingestion to 2026-03-08 14:00:00+00:00, run_after=2026-03-09 08:00:00+00:00
[2026-03-09T09:25:07.243+0000] {processor.py:208} INFO - Processing /opt/airflow/dags/02_travel_gmaps_ingestion.py took 0.144 seconds
[2026-03-09T09:25:38.132+0000] {processor.py:186} INFO - Started process (PID=8196) to work on /opt/airflow/dags/02_travel_gmaps_ingestion.py
[2026-03-09T09:25:38.135+0000] {processor.py:914} INFO - Processing file /opt/airflow/dags/02_travel_gmaps_ingestion.py for tasks to queue
[2026-03-09T09:25:38.143+0000] {logging_mixin.py:190} INFO - [2026-03-09T09:25:38.141+0000] {dagbag.py:588} INFO - Filling up the DagBag from /opt/airflow/dags/02_travel_gmaps_ingestion.py
[2026-03-09T09:25:38.373+0000] {processor.py:925} INFO - DAG(s) '02_travel_gmaps_ingestion' retrieved from /opt/airflow/dags/02_travel_gmaps_ingestion.py
[2026-03-09T09:25:38.791+0000] {logging_mixin.py:190} INFO - [2026-03-09T09:25:38.790+0000] {dag.py:3239} INFO - Sync 1 DAGs
[2026-03-09T09:25:39.109+0000] {logging_mixin.py:190} INFO - [2026-03-09T09:25:39.109+0000] {dag.py:4180} INFO - Setting next_dagrun for 02_travel_gmaps_ingestion to 2026-03-08 14:00:00+00:00, run_after=2026-03-09 08:00:00+00:00
[2026-03-09T09:25:39.316+0000] {processor.py:208} INFO - Processing /opt/airflow/dags/02_travel_gmaps_ingestion.py took 1.335 seconds
[2026-03-09T09:26:09.606+0000] {processor.py:186} INFO - Started process (PID=8216) to work on /opt/airflow/dags/02_travel_gmaps_ingestion.py
[2026-03-09T09:26:09.608+0000] {processor.py:914} INFO - Processing file /opt/airflow/dags/02_travel_gmaps_ingestion.py for tasks to queue
[2026-03-09T09:26:09.616+0000] {logging_mixin.py:190} INFO - [2026-03-09T09:26:09.613+0000] {dagbag.py:588} INFO - Filling up the DagBag from /opt/airflow/dags/02_travel_gmaps_ingestion.py
[2026-03-09T09:26:09.664+0000] {processor.py:925} INFO - DAG(s) '02_travel_gmaps_ingestion' retrieved from /opt/airflow/dags/02_travel_gmaps_ingestion.py
[2026-03-09T09:26:09.748+0000] {logging_mixin.py:190} INFO - [2026-03-09T09:26:09.747+0000] {dag.py:3239} INFO - Sync 1 DAGs
[2026-03-09T09:26:09.800+0000] {logging_mixin.py:190} INFO - [2026-03-09T09:26:09.800+0000] {dag.py:4180} INFO - Setting next_dagrun for 02_travel_gmaps_ingestion to 2026-03-08 14:00:00+00:00, run_after=2026-03-09 08:00:00+00:00
[2026-03-09T09:26:09.835+0000] {processor.py:208} INFO - Processing /opt/airflow/dags/02_travel_gmaps_ingestion.py took 0.248 seconds
[2026-03-09T09:26:40.723+0000] {processor.py:186} INFO - Started process (PID=8236) to work on /opt/airflow/dags/02_travel_gmaps_ingestion.py
[2026-03-09T09:26:40.725+0000] {processor.py:914} INFO - Processing file /opt/airflow/dags/02_travel_gmaps_ingestion.py for tasks to queue
[2026-03-09T09:26:40.729+0000] {logging_mixin.py:190} INFO - [2026-03-09T09:26:40.729+0000] {dagbag.py:588} INFO - Filling up the DagBag from /opt/airflow/dags/02_travel_gmaps_ingestion.py
[2026-03-09T09:26:40.753+0000] {processor.py:925} INFO - DAG(s) '02_travel_gmaps_ingestion' retrieved from /opt/airflow/dags/02_travel_gmaps_ingestion.py
[2026-03-09T09:26:40.791+0000] {logging_mixin.py:190} INFO - [2026-03-09T09:26:40.790+0000] {dag.py:3239} INFO - Sync 1 DAGs
[2026-03-09T09:26:40.819+0000] {logging_mixin.py:190} INFO - [2026-03-09T09:26:40.819+0000] {dag.py:4180} INFO - Setting next_dagrun for 02_travel_gmaps_ingestion to 2026-03-08 14:00:00+00:00, run_after=2026-03-09 08:00:00+00:00
[2026-03-09T09:26:40.847+0000] {processor.py:208} INFO - Processing /opt/airflow/dags/02_travel_gmaps_ingestion.py took 0.132 seconds
[2026-03-09T09:27:11.588+0000] {processor.py:186} INFO - Started process (PID=8256) to work on /opt/airflow/dags/02_travel_gmaps_ingestion.py
[2026-03-09T09:27:11.590+0000] {processor.py:914} INFO - Processing file /opt/airflow/dags/02_travel_gmaps_ingestion.py for tasks to queue
[2026-03-09T09:27:11.594+0000] {logging_mixin.py:190} INFO - [2026-03-09T09:27:11.594+0000] {dagbag.py:588} INFO - Filling up the DagBag from /opt/airflow/dags/02_travel_gmaps_ingestion.py
[2026-03-09T09:27:11.617+0000] {processor.py:925} INFO - DAG(s) '02_travel_gmaps_ingestion' retrieved from /opt/airflow/dags/02_travel_gmaps_ingestion.py
[2026-03-09T09:27:11.651+0000] {logging_mixin.py:190} INFO - [2026-03-09T09:27:11.651+0000] {dag.py:3239} INFO - Sync 1 DAGs
[2026-03-09T09:27:11.682+0000] {logging_mixin.py:190} INFO - [2026-03-09T09:27:11.681+0000] {dag.py:4180} INFO - Setting next_dagrun for 02_travel_gmaps_ingestion to 2026-03-08 14:00:00+00:00, run_after=2026-03-09 08:00:00+00:00
[2026-03-09T09:27:11.719+0000] {processor.py:208} INFO - Processing /opt/airflow/dags/02_travel_gmaps_ingestion.py took 0.141 seconds
[2026-03-09T09:27:42.407+0000] {processor.py:186} INFO - Started process (PID=8276) to work on /opt/airflow/dags/02_travel_gmaps_ingestion.py
[2026-03-09T09:27:42.408+0000] {processor.py:914} INFO - Processing file /opt/airflow/dags/02_travel_gmaps_ingestion.py for tasks to queue
[2026-03-09T09:27:42.411+0000] {logging_mixin.py:190} INFO - [2026-03-09T09:27:42.411+0000] {dagbag.py:588} INFO - Filling up the DagBag from /opt/airflow/dags/02_travel_gmaps_ingestion.py
[2026-03-09T09:27:42.443+0000] {processor.py:925} INFO - DAG(s) '02_travel_gmaps_ingestion' retrieved from /opt/airflow/dags/02_travel_gmaps_ingestion.py
[2026-03-09T09:27:42.476+0000] {logging_mixin.py:190} INFO - [2026-03-09T09:27:42.476+0000] {dag.py:3239} INFO - Sync 1 DAGs
[2026-03-09T09:27:42.503+0000] {logging_mixin.py:190} INFO - [2026-03-09T09:27:42.503+0000] {dag.py:4180} INFO - Setting next_dagrun for 02_travel_gmaps_ingestion to 2026-03-08 14:00:00+00:00, run_after=2026-03-09 08:00:00+00:00
[2026-03-09T09:27:42.535+0000] {processor.py:208} INFO - Processing /opt/airflow/dags/02_travel_gmaps_ingestion.py took 0.134 seconds
[2026-03-09T09:28:13.287+0000] {processor.py:186} INFO - Started process (PID=8296) to work on /opt/airflow/dags/02_travel_gmaps_ingestion.py
[2026-03-09T09:28:13.289+0000] {processor.py:914} INFO - Processing file /opt/airflow/dags/02_travel_gmaps_ingestion.py for tasks to queue
[2026-03-09T09:28:13.294+0000] {logging_mixin.py:190} INFO - [2026-03-09T09:28:13.294+0000] {dagbag.py:588} INFO - Filling up the DagBag from /opt/airflow/dags/02_travel_gmaps_ingestion.py
[2026-03-09T09:28:13.332+0000] {processor.py:925} INFO - DAG(s) '02_travel_gmaps_ingestion' retrieved from /opt/airflow/dags/02_travel_gmaps_ingestion.py
[2026-03-09T09:28:13.367+0000] {logging_mixin.py:190} INFO - [2026-03-09T09:28:13.367+0000] {dag.py:3239} INFO - Sync 1 DAGs
[2026-03-09T09:28:13.405+0000] {logging_mixin.py:190} INFO - [2026-03-09T09:28:13.405+0000] {dag.py:4180} INFO - Setting next_dagrun for 02_travel_gmaps_ingestion to 2026-03-08 14:00:00+00:00, run_after=2026-03-09 08:00:00+00:00
[2026-03-09T09:28:13.438+0000] {processor.py:208} INFO - Processing /opt/airflow/dags/02_travel_gmaps_ingestion.py took 0.162 seconds
[2026-03-09T09:28:44.009+0000] {processor.py:186} INFO - Started process (PID=8316) to work on /opt/airflow/dags/02_travel_gmaps_ingestion.py
[2026-03-09T09:28:44.010+0000] {processor.py:914} INFO - Processing file /opt/airflow/dags/02_travel_gmaps_ingestion.py for tasks to queue
[2026-03-09T09:28:44.015+0000] {logging_mixin.py:190} INFO - [2026-03-09T09:28:44.014+0000] {dagbag.py:588} INFO - Filling up the DagBag from /opt/airflow/dags/02_travel_gmaps_ingestion.py
[2026-03-09T09:28:44.051+0000] {processor.py:925} INFO - DAG(s) '02_travel_gmaps_ingestion' retrieved from /opt/airflow/dags/02_travel_gmaps_ingestion.py
[2026-03-09T09:28:44.101+0000] {logging_mixin.py:190} INFO - [2026-03-09T09:28:44.101+0000] {dag.py:3239} INFO - Sync 1 DAGs
[2026-03-09T09:28:44.139+0000] {logging_mixin.py:190} INFO - [2026-03-09T09:28:44.139+0000] {dag.py:4180} INFO - Setting next_dagrun for 02_travel_gmaps_ingestion to 2026-03-08 14:00:00+00:00, run_after=2026-03-09 08:00:00+00:00
[2026-03-09T09:28:44.176+0000] {processor.py:208} INFO - Processing /opt/airflow/dags/02_travel_gmaps_ingestion.py took 0.177 seconds
[2026-03-09T09:29:14.454+0000] {processor.py:186} INFO - Started process (PID=8336) to work on /opt/airflow/dags/02_travel_gmaps_ingestion.py
[2026-03-09T09:29:14.456+0000] {processor.py:914} INFO - Processing file /opt/airflow/dags/02_travel_gmaps_ingestion.py for tasks to queue
[2026-03-09T09:29:14.460+0000] {logging_mixin.py:190} INFO - [2026-03-09T09:29:14.459+0000] {dagbag.py:588} INFO - Filling up the DagBag from /opt/airflow/dags/02_travel_gmaps_ingestion.py
[2026-03-09T09:29:14.494+0000] {processor.py:925} INFO - DAG(s) '02_travel_gmaps_ingestion' retrieved from /opt/airflow/dags/02_travel_gmaps_ingestion.py
[2026-03-09T09:29:14.538+0000] {logging_mixin.py:190} INFO - [2026-03-09T09:29:14.537+0000] {dag.py:3239} INFO - Sync 1 DAGs
[2026-03-09T09:29:14.573+0000] {logging_mixin.py:190} INFO - [2026-03-09T09:29:14.573+0000] {dag.py:4180} INFO - Setting next_dagrun for 02_travel_gmaps_ingestion to 2026-03-08 14:00:00+00:00, run_after=2026-03-09 08:00:00+00:00
[2026-03-09T09:29:14.598+0000] {processor.py:208} INFO - Processing /opt/airflow/dags/02_travel_gmaps_ingestion.py took 0.154 seconds
[2026-03-09T09:29:45.302+0000] {processor.py:186} INFO - Started process (PID=8356) to work on /opt/airflow/dags/02_travel_gmaps_ingestion.py
[2026-03-09T09:29:45.304+0000] {processor.py:914} INFO - Processing file /opt/airflow/dags/02_travel_gmaps_ingestion.py for tasks to queue
[2026-03-09T09:29:45.308+0000] {logging_mixin.py:190} INFO - [2026-03-09T09:29:45.307+0000] {dagbag.py:588} INFO - Filling up the DagBag from /opt/airflow/dags/02_travel_gmaps_ingestion.py
[2026-03-09T09:29:45.335+0000] {processor.py:925} INFO - DAG(s) '02_travel_gmaps_ingestion' retrieved from /opt/airflow/dags/02_travel_gmaps_ingestion.py
[2026-03-09T09:29:45.373+0000] {logging_mixin.py:190} INFO - [2026-03-09T09:29:45.373+0000] {dag.py:3239} INFO - Sync 1 DAGs
[2026-03-09T09:29:45.407+0000] {logging_mixin.py:190} INFO - [2026-03-09T09:29:45.407+0000] {dag.py:4180} INFO - Setting next_dagrun for 02_travel_gmaps_ingestion to 2026-03-08 14:00:00+00:00, run_after=2026-03-09 08:00:00+00:00
[2026-03-09T09:29:45.437+0000] {processor.py:208} INFO - Processing /opt/airflow/dags/02_travel_gmaps_ingestion.py took 0.145 seconds
[2026-03-09T09:30:16.140+0000] {processor.py:186} INFO - Started process (PID=8376) to work on /opt/airflow/dags/02_travel_gmaps_ingestion.py
[2026-03-09T09:30:16.142+0000] {processor.py:914} INFO - Processing file /opt/airflow/dags/02_travel_gmaps_ingestion.py for tasks to queue
[2026-03-09T09:30:16.145+0000] {logging_mixin.py:190} INFO - [2026-03-09T09:30:16.144+0000] {dagbag.py:588} INFO - Filling up the DagBag from /opt/airflow/dags/02_travel_gmaps_ingestion.py
[2026-03-09T09:30:16.176+0000] {processor.py:925} INFO - DAG(s) '02_travel_gmaps_ingestion' retrieved from /opt/airflow/dags/02_travel_gmaps_ingestion.py
[2026-03-09T09:30:16.217+0000] {logging_mixin.py:190} INFO - [2026-03-09T09:30:16.217+0000] {dag.py:3239} INFO - Sync 1 DAGs
[2026-03-09T09:30:16.251+0000] {logging_mixin.py:190} INFO - [2026-03-09T09:30:16.250+0000] {dag.py:4180} INFO - Setting next_dagrun for 02_travel_gmaps_ingestion to 2026-03-08 14:00:00+00:00, run_after=2026-03-09 08:00:00+00:00
[2026-03-09T09:30:16.275+0000] {processor.py:208} INFO - Processing /opt/airflow/dags/02_travel_gmaps_ingestion.py took 0.144 seconds
[2026-03-09T09:30:46.974+0000] {processor.py:186} INFO - Started process (PID=8396) to work on /opt/airflow/dags/02_travel_gmaps_ingestion.py
[2026-03-09T09:30:46.975+0000] {processor.py:914} INFO - Processing file /opt/airflow/dags/02_travel_gmaps_ingestion.py for tasks to queue
[2026-03-09T09:30:46.980+0000] {logging_mixin.py:190} INFO - [2026-03-09T09:30:46.980+0000] {dagbag.py:588} INFO - Filling up the DagBag from /opt/airflow/dags/02_travel_gmaps_ingestion.py
[2026-03-09T09:30:47.003+0000] {processor.py:925} INFO - DAG(s) '02_travel_gmaps_ingestion' retrieved from /opt/airflow/dags/02_travel_gmaps_ingestion.py
[2026-03-09T09:30:47.042+0000] {logging_mixin.py:190} INFO - [2026-03-09T09:30:47.041+0000] {dag.py:3239} INFO - Sync 1 DAGs
[2026-03-09T09:30:47.073+0000] {logging_mixin.py:190} INFO - [2026-03-09T09:30:47.072+0000] {dag.py:4180} INFO - Setting next_dagrun for 02_travel_gmaps_ingestion to 2026-03-08 14:00:00+00:00, run_after=2026-03-09 08:00:00+00:00
[2026-03-09T09:30:47.104+0000] {processor.py:208} INFO - Processing /opt/airflow/dags/02_travel_gmaps_ingestion.py took 0.138 seconds
[2026-03-09T09:31:17.734+0000] {processor.py:186} INFO - Started process (PID=8416) to work on /opt/airflow/dags/02_travel_gmaps_ingestion.py
[2026-03-09T09:31:17.736+0000] {processor.py:914} INFO - Processing file /opt/airflow/dags/02_travel_gmaps_ingestion.py for tasks to queue
[2026-03-09T09:31:17.747+0000] {logging_mixin.py:190} INFO - [2026-03-09T09:31:17.746+0000] {dagbag.py:588} INFO - Filling up the DagBag from /opt/airflow/dags/02_travel_gmaps_ingestion.py
[2026-03-09T09:31:17.807+0000] {processor.py:925} INFO - DAG(s) '02_travel_gmaps_ingestion' retrieved from /opt/airflow/dags/02_travel_gmaps_ingestion.py
[2026-03-09T09:31:17.890+0000] {logging_mixin.py:190} INFO - [2026-03-09T09:31:17.889+0000] {dag.py:3239} INFO - Sync 1 DAGs
[2026-03-09T09:31:17.937+0000] {logging_mixin.py:190} INFO - [2026-03-09T09:31:17.936+0000] {dag.py:4180} INFO - Setting next_dagrun for 02_travel_gmaps_ingestion to 2026-03-08 14:00:00+00:00, run_after=2026-03-09 08:00:00+00:00
[2026-03-09T09:31:17.971+0000] {processor.py:208} INFO - Processing /opt/airflow/dags/02_travel_gmaps_ingestion.py took 0.253 seconds
[2026-03-09T09:31:48.303+0000] {processor.py:186} INFO - Started process (PID=8436) to work on /opt/airflow/dags/02_travel_gmaps_ingestion.py
[2026-03-09T09:31:48.304+0000] {processor.py:914} INFO - Processing file /opt/airflow/dags/02_travel_gmaps_ingestion.py for tasks to queue
[2026-03-09T09:31:48.307+0000] {logging_mixin.py:190} INFO - [2026-03-09T09:31:48.307+0000] {dagbag.py:588} INFO - Filling up the DagBag from /opt/airflow/dags/02_travel_gmaps_ingestion.py
[2026-03-09T09:31:48.331+0000] {processor.py:925} INFO - DAG(s) '02_travel_gmaps_ingestion' retrieved from /opt/airflow/dags/02_travel_gmaps_ingestion.py
[2026-03-09T09:31:48.368+0000] {logging_mixin.py:190} INFO - [2026-03-09T09:31:48.367+0000] {dag.py:3239} INFO - Sync 1 DAGs
[2026-03-09T09:31:48.399+0000] {logging_mixin.py:190} INFO - [2026-03-09T09:31:48.399+0000] {dag.py:4180} INFO - Setting next_dagrun for 02_travel_gmaps_ingestion to 2026-03-08 14:00:00+00:00, run_after=2026-03-09 08:00:00+00:00
[2026-03-09T09:31:48.427+0000] {processor.py:208} INFO - Processing /opt/airflow/dags/02_travel_gmaps_ingestion.py took 0.130 seconds
[2026-03-09T09:32:19.174+0000] {processor.py:186} INFO - Started process (PID=8456) to work on /opt/airflow/dags/02_travel_gmaps_ingestion.py
[2026-03-09T09:32:19.176+0000] {processor.py:914} INFO - Processing file /opt/airflow/dags/02_travel_gmaps_ingestion.py for tasks to queue
[2026-03-09T09:32:19.178+0000] {logging_mixin.py:190} INFO - [2026-03-09T09:32:19.178+0000] {dagbag.py:588} INFO - Filling up the DagBag from /opt/airflow/dags/02_travel_gmaps_ingestion.py
[2026-03-09T09:32:19.200+0000] {processor.py:925} INFO - DAG(s) '02_travel_gmaps_ingestion' retrieved from /opt/airflow/dags/02_travel_gmaps_ingestion.py
[2026-03-09T09:32:19.237+0000] {logging_mixin.py:190} INFO - [2026-03-09T09:32:19.237+0000] {dag.py:3239} INFO - Sync 1 DAGs
[2026-03-09T09:32:19.269+0000] {logging_mixin.py:190} INFO - [2026-03-09T09:32:19.268+0000] {dag.py:4180} INFO - Setting next_dagrun for 02_travel_gmaps_ingestion to 2026-03-08 14:00:00+00:00, run_after=2026-03-09 08:00:00+00:00
[2026-03-09T09:32:19.299+0000] {processor.py:208} INFO - Processing /opt/airflow/dags/02_travel_gmaps_ingestion.py took 0.132 seconds
[2026-03-09T09:32:49.933+0000] {processor.py:186} INFO - Started process (PID=8476) to work on /opt/airflow/dags/02_travel_gmaps_ingestion.py
[2026-03-09T09:32:49.935+0000] {processor.py:914} INFO - Processing file /opt/airflow/dags/02_travel_gmaps_ingestion.py for tasks to queue
[2026-03-09T09:32:49.940+0000] {logging_mixin.py:190} INFO - [2026-03-09T09:32:49.939+0000] {dagbag.py:588} INFO - Filling up the DagBag from /opt/airflow/dags/02_travel_gmaps_ingestion.py
[2026-03-09T09:32:49.980+0000] {processor.py:925} INFO - DAG(s) '02_travel_gmaps_ingestion' retrieved from /opt/airflow/dags/02_travel_gmaps_ingestion.py
[2026-03-09T09:32:50.030+0000] {logging_mixin.py:190} INFO - [2026-03-09T09:32:50.030+0000] {dag.py:3239} INFO - Sync 1 DAGs
[2026-03-09T09:32:50.065+0000] {logging_mixin.py:190} INFO - [2026-03-09T09:32:50.065+0000] {dag.py:4180} INFO - Setting next_dagrun for 02_travel_gmaps_ingestion to 2026-03-08 14:00:00+00:00, run_after=2026-03-09 08:00:00+00:00
[2026-03-09T09:32:50.096+0000] {processor.py:208} INFO - Processing /opt/airflow/dags/02_travel_gmaps_ingestion.py took 0.185 seconds
[2026-03-09T09:33:20.706+0000] {processor.py:186} INFO - Started process (PID=8496) to work on /opt/airflow/dags/02_travel_gmaps_ingestion.py
[2026-03-09T09:33:20.707+0000] {processor.py:914} INFO - Processing file /opt/airflow/dags/02_travel_gmaps_ingestion.py for tasks to queue
[2026-03-09T09:33:20.710+0000] {logging_mixin.py:190} INFO - [2026-03-09T09:33:20.710+0000] {dagbag.py:588} INFO - Filling up the DagBag from /opt/airflow/dags/02_travel_gmaps_ingestion.py
[2026-03-09T09:33:20.730+0000] {processor.py:925} INFO - DAG(s) '02_travel_gmaps_ingestion' retrieved from /opt/airflow/dags/02_travel_gmaps_ingestion.py
[2026-03-09T09:33:20.765+0000] {logging_mixin.py:190} INFO - [2026-03-09T09:33:20.764+0000] {dag.py:3239} INFO - Sync 1 DAGs
[2026-03-09T09:33:20.796+0000] {logging_mixin.py:190} INFO - [2026-03-09T09:33:20.796+0000] {dag.py:4180} INFO - Setting next_dagrun for 02_travel_gmaps_ingestion to 2026-03-08 14:00:00+00:00, run_after=2026-03-09 08:00:00+00:00
[2026-03-09T09:33:20.827+0000] {processor.py:208} INFO - Processing /opt/airflow/dags/02_travel_gmaps_ingestion.py took 0.128 seconds
[2026-03-09T09:33:51.472+0000] {processor.py:186} INFO - Started process (PID=8516) to work on /opt/airflow/dags/02_travel_gmaps_ingestion.py
[2026-03-09T09:33:51.473+0000] {processor.py:914} INFO - Processing file /opt/airflow/dags/02_travel_gmaps_ingestion.py for tasks to queue
[2026-03-09T09:33:51.477+0000] {logging_mixin.py:190} INFO - [2026-03-09T09:33:51.477+0000] {dagbag.py:588} INFO - Filling up the DagBag from /opt/airflow/dags/02_travel_gmaps_ingestion.py
[2026-03-09T09:33:51.507+0000] {processor.py:925} INFO - DAG(s) '02_travel_gmaps_ingestion' retrieved from /opt/airflow/dags/02_travel_gmaps_ingestion.py
[2026-03-09T09:33:51.580+0000] {logging_mixin.py:190} INFO - [2026-03-09T09:33:51.580+0000] {dag.py:3239} INFO - Sync 1 DAGs
[2026-03-09T09:33:51.632+0000] {logging_mixin.py:190} INFO - [2026-03-09T09:33:51.632+0000] {dag.py:4180} INFO - Setting next_dagrun for 02_travel_gmaps_ingestion to 2026-03-08 14:00:00+00:00, run_after=2026-03-09 08:00:00+00:00
[2026-03-09T09:33:55.713+0000] {processor.py:208} INFO - Processing /opt/airflow/dags/02_travel_gmaps_ingestion.py took 4.250 seconds
[2026-03-09T09:34:26.409+0000] {processor.py:186} INFO - Started process (PID=8536) to work on /opt/airflow/dags/02_travel_gmaps_ingestion.py
[2026-03-09T09:34:26.411+0000] {processor.py:914} INFO - Processing file /opt/airflow/dags/02_travel_gmaps_ingestion.py for tasks to queue
[2026-03-09T09:34:26.416+0000] {logging_mixin.py:190} INFO - [2026-03-09T09:34:26.415+0000] {dagbag.py:588} INFO - Filling up the DagBag from /opt/airflow/dags/02_travel_gmaps_ingestion.py
[2026-03-09T09:34:26.442+0000] {processor.py:925} INFO - DAG(s) '02_travel_gmaps_ingestion' retrieved from /opt/airflow/dags/02_travel_gmaps_ingestion.py
[2026-03-09T09:34:26.478+0000] {logging_mixin.py:190} INFO - [2026-03-09T09:34:26.478+0000] {dag.py:3239} INFO - Sync 1 DAGs
[2026-03-09T09:34:26.507+0000] {logging_mixin.py:190} INFO - [2026-03-09T09:34:26.506+0000] {dag.py:4180} INFO - Setting next_dagrun for 02_travel_gmaps_ingestion to 2026-03-08 14:00:00+00:00, run_after=2026-03-09 08:00:00+00:00
[2026-03-09T09:34:26.531+0000] {processor.py:208} INFO - Processing /opt/airflow/dags/02_travel_gmaps_ingestion.py took 0.133 seconds
[2026-03-09T09:34:57.204+0000] {processor.py:186} INFO - Started process (PID=8556) to work on /opt/airflow/dags/02_travel_gmaps_ingestion.py
[2026-03-09T09:34:57.206+0000] {processor.py:914} INFO - Processing file /opt/airflow/dags/02_travel_gmaps_ingestion.py for tasks to queue
[2026-03-09T09:34:57.209+0000] {logging_mixin.py:190} INFO - [2026-03-09T09:34:57.209+0000] {dagbag.py:588} INFO - Filling up the DagBag from /opt/airflow/dags/02_travel_gmaps_ingestion.py
[2026-03-09T09:34:57.243+0000] {processor.py:925} INFO - DAG(s) '02_travel_gmaps_ingestion' retrieved from /opt/airflow/dags/02_travel_gmaps_ingestion.py
[2026-03-09T09:34:57.289+0000] {logging_mixin.py:190} INFO - [2026-03-09T09:34:57.288+0000] {dag.py:3239} INFO - Sync 1 DAGs
[2026-03-09T09:34:57.325+0000] {logging_mixin.py:190} INFO - [2026-03-09T09:34:57.324+0000] {dag.py:4180} INFO - Setting next_dagrun for 02_travel_gmaps_ingestion to 2026-03-08 14:00:00+00:00, run_after=2026-03-09 08:00:00+00:00
[2026-03-09T09:34:57.357+0000] {processor.py:208} INFO - Processing /opt/airflow/dags/02_travel_gmaps_ingestion.py took 0.164 seconds
[2026-03-09T09:35:28.076+0000] {processor.py:186} INFO - Started process (PID=8576) to work on /opt/airflow/dags/02_travel_gmaps_ingestion.py
[2026-03-09T09:35:28.078+0000] {processor.py:914} INFO - Processing file /opt/airflow/dags/02_travel_gmaps_ingestion.py for tasks to queue
[2026-03-09T09:35:28.084+0000] {logging_mixin.py:190} INFO - [2026-03-09T09:35:28.083+0000] {dagbag.py:588} INFO - Filling up the DagBag from /opt/airflow/dags/02_travel_gmaps_ingestion.py
[2026-03-09T09:35:28.115+0000] {processor.py:925} INFO - DAG(s) '02_travel_gmaps_ingestion' retrieved from /opt/airflow/dags/02_travel_gmaps_ingestion.py
[2026-03-09T09:35:28.165+0000] {logging_mixin.py:190} INFO - [2026-03-09T09:35:28.165+0000] {dag.py:3239} INFO - Sync 1 DAGs
[2026-03-09T09:35:28.208+0000] {logging_mixin.py:190} INFO - [2026-03-09T09:35:28.208+0000] {dag.py:4180} INFO - Setting next_dagrun for 02_travel_gmaps_ingestion to 2026-03-08 14:00:00+00:00, run_after=2026-03-09 08:00:00+00:00
[2026-03-09T09:35:28.238+0000] {processor.py:208} INFO - Processing /opt/airflow/dags/02_travel_gmaps_ingestion.py took 0.170 seconds
[2026-03-09T09:35:58.863+0000] {processor.py:186} INFO - Started process (PID=8596) to work on /opt/airflow/dags/02_travel_gmaps_ingestion.py
[2026-03-09T09:35:58.864+0000] {processor.py:914} INFO - Processing file /opt/airflow/dags/02_travel_gmaps_ingestion.py for tasks to queue
[2026-03-09T09:35:58.872+0000] {logging_mixin.py:190} INFO - [2026-03-09T09:35:58.871+0000] {dagbag.py:588} INFO - Filling up the DagBag from /opt/airflow/dags/02_travel_gmaps_ingestion.py
[2026-03-09T09:35:58.891+0000] {processor.py:925} INFO - DAG(s) '02_travel_gmaps_ingestion' retrieved from /opt/airflow/dags/02_travel_gmaps_ingestion.py
[2026-03-09T09:35:58.919+0000] {logging_mixin.py:190} INFO - [2026-03-09T09:35:58.918+0000] {dag.py:3239} INFO - Sync 1 DAGs
[2026-03-09T09:35:58.948+0000] {logging_mixin.py:190} INFO - [2026-03-09T09:35:58.948+0000] {dag.py:4180} INFO - Setting next_dagrun for 02_travel_gmaps_ingestion to 2026-03-08 14:00:00+00:00, run_after=2026-03-09 08:00:00+00:00
[2026-03-09T09:35:58.979+0000] {processor.py:208} INFO - Processing /opt/airflow/dags/02_travel_gmaps_ingestion.py took 0.122 seconds
[2026-03-09T09:36:29.676+0000] {processor.py:186} INFO - Started process (PID=8616) to work on /opt/airflow/dags/02_travel_gmaps_ingestion.py
[2026-03-09T09:36:29.677+0000] {processor.py:914} INFO - Processing file /opt/airflow/dags/02_travel_gmaps_ingestion.py for tasks to queue
[2026-03-09T09:36:29.683+0000] {logging_mixin.py:190} INFO - [2026-03-09T09:36:29.683+0000] {dagbag.py:588} INFO - Filling up the DagBag from /opt/airflow/dags/02_travel_gmaps_ingestion.py
[2026-03-09T09:36:29.716+0000] {processor.py:925} INFO - DAG(s) '02_travel_gmaps_ingestion' retrieved from /opt/airflow/dags/02_travel_gmaps_ingestion.py
[2026-03-09T09:36:29.765+0000] {logging_mixin.py:190} INFO - [2026-03-09T09:36:29.765+0000] {dag.py:3239} INFO - Sync 1 DAGs
[2026-03-09T09:36:29.802+0000] {logging_mixin.py:190} INFO - [2026-03-09T09:36:29.802+0000] {dag.py:4180} INFO - Setting next_dagrun for 02_travel_gmaps_ingestion to 2026-03-08 14:00:00+00:00, run_after=2026-03-09 08:00:00+00:00
[2026-03-09T09:36:29.844+0000] {processor.py:208} INFO - Processing /opt/airflow/dags/02_travel_gmaps_ingestion.py took 0.178 seconds
[2026-03-09T09:37:00.112+0000] {processor.py:186} INFO - Started process (PID=8636) to work on /opt/airflow/dags/02_travel_gmaps_ingestion.py
[2026-03-09T09:37:00.113+0000] {processor.py:914} INFO - Processing file /opt/airflow/dags/02_travel_gmaps_ingestion.py for tasks to queue
[2026-03-09T09:37:00.116+0000] {logging_mixin.py:190} INFO - [2026-03-09T09:37:00.115+0000] {dagbag.py:588} INFO - Filling up the DagBag from /opt/airflow/dags/02_travel_gmaps_ingestion.py
[2026-03-09T09:37:00.133+0000] {processor.py:925} INFO - DAG(s) '02_travel_gmaps_ingestion' retrieved from /opt/airflow/dags/02_travel_gmaps_ingestion.py
[2026-03-09T09:37:00.160+0000] {logging_mixin.py:190} INFO - [2026-03-09T09:37:00.160+0000] {dag.py:3239} INFO - Sync 1 DAGs
[2026-03-09T09:37:00.188+0000] {logging_mixin.py:190} INFO - [2026-03-09T09:37:00.188+0000] {dag.py:4180} INFO - Setting next_dagrun for 02_travel_gmaps_ingestion to 2026-03-08 14:00:00+00:00, run_after=2026-03-09 08:00:00+00:00
[2026-03-09T09:37:00.217+0000] {processor.py:208} INFO - Processing /opt/airflow/dags/02_travel_gmaps_ingestion.py took 0.112 seconds
[2026-03-09T09:37:30.901+0000] {processor.py:186} INFO - Started process (PID=8656) to work on /opt/airflow/dags/02_travel_gmaps_ingestion.py
[2026-03-09T09:37:30.903+0000] {processor.py:914} INFO - Processing file /opt/airflow/dags/02_travel_gmaps_ingestion.py for tasks to queue
[2026-03-09T09:37:30.909+0000] {logging_mixin.py:190} INFO - [2026-03-09T09:37:30.908+0000] {dagbag.py:588} INFO - Filling up the DagBag from /opt/airflow/dags/02_travel_gmaps_ingestion.py
[2026-03-09T09:37:30.934+0000] {processor.py:925} INFO - DAG(s) '02_travel_gmaps_ingestion' retrieved from /opt/airflow/dags/02_travel_gmaps_ingestion.py
[2026-03-09T09:37:30.969+0000] {logging_mixin.py:190} INFO - [2026-03-09T09:37:30.968+0000] {dag.py:3239} INFO - Sync 1 DAGs
[2026-03-09T09:37:30.998+0000] {logging_mixin.py:190} INFO - [2026-03-09T09:37:30.998+0000] {dag.py:4180} INFO - Setting next_dagrun for 02_travel_gmaps_ingestion to 2026-03-08 14:00:00+00:00, run_after=2026-03-09 08:00:00+00:00
[2026-03-09T09:37:31.028+0000] {processor.py:208} INFO - Processing /opt/airflow/dags/02_travel_gmaps_ingestion.py took 0.142 seconds
[2026-03-09T09:38:01.776+0000] {processor.py:186} INFO - Started process (PID=8676) to work on /opt/airflow/dags/02_travel_gmaps_ingestion.py
[2026-03-09T09:38:01.777+0000] {processor.py:914} INFO - Processing file /opt/airflow/dags/02_travel_gmaps_ingestion.py for tasks to queue
[2026-03-09T09:38:01.784+0000] {logging_mixin.py:190} INFO - [2026-03-09T09:38:01.784+0000] {dagbag.py:588} INFO - Filling up the DagBag from /opt/airflow/dags/02_travel_gmaps_ingestion.py
[2026-03-09T09:38:01.803+0000] {processor.py:925} INFO - DAG(s) '02_travel_gmaps_ingestion' retrieved from /opt/airflow/dags/02_travel_gmaps_ingestion.py
[2026-03-09T09:38:01.834+0000] {logging_mixin.py:190} INFO - [2026-03-09T09:38:01.834+0000] {dag.py:3239} INFO - Sync 1 DAGs
[2026-03-09T09:38:01.862+0000] {logging_mixin.py:190} INFO - [2026-03-09T09:38:01.862+0000] {dag.py:4180} INFO - Setting next_dagrun for 02_travel_gmaps_ingestion to 2026-03-08 14:00:00+00:00, run_after=2026-03-09 08:00:00+00:00
[2026-03-09T09:38:01.893+0000] {processor.py:208} INFO - Processing /opt/airflow/dags/02_travel_gmaps_ingestion.py took 0.124 seconds
[2026-03-09T09:38:32.665+0000] {processor.py:186} INFO - Started process (PID=8696) to work on /opt/airflow/dags/02_travel_gmaps_ingestion.py
[2026-03-09T09:38:32.666+0000] {processor.py:914} INFO - Processing file /opt/airflow/dags/02_travel_gmaps_ingestion.py for tasks to queue
[2026-03-09T09:38:32.669+0000] {logging_mixin.py:190} INFO - [2026-03-09T09:38:32.669+0000] {dagbag.py:588} INFO - Filling up the DagBag from /opt/airflow/dags/02_travel_gmaps_ingestion.py
[2026-03-09T09:38:32.691+0000] {processor.py:925} INFO - DAG(s) '02_travel_gmaps_ingestion' retrieved from /opt/airflow/dags/02_travel_gmaps_ingestion.py
[2026-03-09T09:38:32.722+0000] {logging_mixin.py:190} INFO - [2026-03-09T09:38:32.722+0000] {dag.py:3239} INFO - Sync 1 DAGs
[2026-03-09T09:38:32.753+0000] {logging_mixin.py:190} INFO - [2026-03-09T09:38:32.753+0000] {dag.py:4180} INFO - Setting next_dagrun for 02_travel_gmaps_ingestion to 2026-03-08 14:00:00+00:00, run_after=2026-03-09 08:00:00+00:00
[2026-03-09T09:38:32.779+0000] {processor.py:208} INFO - Processing /opt/airflow/dags/02_travel_gmaps_ingestion.py took 0.121 seconds
[2026-03-09T09:39:03.302+0000] {processor.py:186} INFO - Started process (PID=8716) to work on /opt/airflow/dags/02_travel_gmaps_ingestion.py
[2026-03-09T09:39:03.304+0000] {processor.py:914} INFO - Processing file /opt/airflow/dags/02_travel_gmaps_ingestion.py for tasks to queue
[2026-03-09T09:39:03.307+0000] {logging_mixin.py:190} INFO - [2026-03-09T09:39:03.307+0000] {dagbag.py:588} INFO - Filling up the DagBag from /opt/airflow/dags/02_travel_gmaps_ingestion.py
[2026-03-09T09:39:03.329+0000] {processor.py:925} INFO - DAG(s) '02_travel_gmaps_ingestion' retrieved from /opt/airflow/dags/02_travel_gmaps_ingestion.py
[2026-03-09T09:39:03.369+0000] {logging_mixin.py:190} INFO - [2026-03-09T09:39:03.369+0000] {dag.py:3239} INFO - Sync 1 DAGs
[2026-03-09T09:39:03.406+0000] {logging_mixin.py:190} INFO - [2026-03-09T09:39:03.405+0000] {dag.py:4180} INFO - Setting next_dagrun for 02_travel_gmaps_ingestion to 2026-03-08 14:00:00+00:00, run_after=2026-03-09 08:00:00+00:00
[2026-03-09T09:39:03.432+0000] {processor.py:208} INFO - Processing /opt/airflow/dags/02_travel_gmaps_ingestion.py took 0.136 seconds
[2026-03-09T09:39:34.194+0000] {processor.py:186} INFO - Started process (PID=8736) to work on /opt/airflow/dags/02_travel_gmaps_ingestion.py
[2026-03-09T09:39:34.195+0000] {processor.py:914} INFO - Processing file /opt/airflow/dags/02_travel_gmaps_ingestion.py for tasks to queue
[2026-03-09T09:39:34.198+0000] {logging_mixin.py:190} INFO - [2026-03-09T09:39:34.197+0000] {dagbag.py:588} INFO - Filling up the DagBag from /opt/airflow/dags/02_travel_gmaps_ingestion.py
[2026-03-09T09:39:34.216+0000] {processor.py:925} INFO - DAG(s) '02_travel_gmaps_ingestion' retrieved from /opt/airflow/dags/02_travel_gmaps_ingestion.py
[2026-03-09T09:39:34.247+0000] {logging_mixin.py:190} INFO - [2026-03-09T09:39:34.247+0000] {dag.py:3239} INFO - Sync 1 DAGs
[2026-03-09T09:39:34.276+0000] {logging_mixin.py:190} INFO - [2026-03-09T09:39:34.276+0000] {dag.py:4180} INFO - Setting next_dagrun for 02_travel_gmaps_ingestion to 2026-03-08 14:00:00+00:00, run_after=2026-03-09 08:00:00+00:00
[2026-03-09T09:39:34.507+0000] {processor.py:208} INFO - Processing /opt/airflow/dags/02_travel_gmaps_ingestion.py took 0.319 seconds
[2026-03-09T09:40:05.457+0000] {processor.py:186} INFO - Started process (PID=8756) to work on /opt/airflow/dags/02_travel_gmaps_ingestion.py
[2026-03-09T09:40:05.459+0000] {processor.py:914} INFO - Processing file /opt/airflow/dags/02_travel_gmaps_ingestion.py for tasks to queue
[2026-03-09T09:40:05.463+0000] {logging_mixin.py:190} INFO - [2026-03-09T09:40:05.462+0000] {dagbag.py:588} INFO - Filling up the DagBag from /opt/airflow/dags/02_travel_gmaps_ingestion.py
[2026-03-09T09:40:05.490+0000] {processor.py:925} INFO - DAG(s) '02_travel_gmaps_ingestion' retrieved from /opt/airflow/dags/02_travel_gmaps_ingestion.py
[2026-03-09T09:40:05.528+0000] {logging_mixin.py:190} INFO - [2026-03-09T09:40:05.528+0000] {dag.py:3239} INFO - Sync 1 DAGs
[2026-03-09T09:40:05.562+0000] {logging_mixin.py:190} INFO - [2026-03-09T09:40:05.562+0000] {dag.py:4180} INFO - Setting next_dagrun for 02_travel_gmaps_ingestion to 2026-03-08 14:00:00+00:00, run_after=2026-03-09 08:00:00+00:00
[2026-03-09T09:40:05.588+0000] {processor.py:208} INFO - Processing /opt/airflow/dags/02_travel_gmaps_ingestion.py took 0.139 seconds
[2026-03-09T09:40:36.333+0000] {processor.py:186} INFO - Started process (PID=8776) to work on /opt/airflow/dags/02_travel_gmaps_ingestion.py
[2026-03-09T09:40:36.335+0000] {processor.py:914} INFO - Processing file /opt/airflow/dags/02_travel_gmaps_ingestion.py for tasks to queue
[2026-03-09T09:40:36.337+0000] {logging_mixin.py:190} INFO - [2026-03-09T09:40:36.337+0000] {dagbag.py:588} INFO - Filling up the DagBag from /opt/airflow/dags/02_travel_gmaps_ingestion.py
[2026-03-09T09:40:36.357+0000] {processor.py:925} INFO - DAG(s) '02_travel_gmaps_ingestion' retrieved from /opt/airflow/dags/02_travel_gmaps_ingestion.py
[2026-03-09T09:40:36.390+0000] {logging_mixin.py:190} INFO - [2026-03-09T09:40:36.390+0000] {dag.py:3239} INFO - Sync 1 DAGs
[2026-03-09T09:40:36.422+0000] {logging_mixin.py:190} INFO - [2026-03-09T09:40:36.422+0000] {dag.py:4180} INFO - Setting next_dagrun for 02_travel_gmaps_ingestion to 2026-03-08 14:00:00+00:00, run_after=2026-03-09 08:00:00+00:00
[2026-03-09T09:40:36.454+0000] {processor.py:208} INFO - Processing /opt/airflow/dags/02_travel_gmaps_ingestion.py took 0.127 seconds
[2026-03-09T09:41:07.189+0000] {processor.py:186} INFO - Started process (PID=8796) to work on /opt/airflow/dags/02_travel_gmaps_ingestion.py
[2026-03-09T09:41:07.191+0000] {processor.py:914} INFO - Processing file /opt/airflow/dags/02_travel_gmaps_ingestion.py for tasks to queue
[2026-03-09T09:41:07.194+0000] {logging_mixin.py:190} INFO - [2026-03-09T09:41:07.193+0000] {dagbag.py:588} INFO - Filling up the DagBag from /opt/airflow/dags/02_travel_gmaps_ingestion.py
[2026-03-09T09:41:07.213+0000] {processor.py:925} INFO - DAG(s) '02_travel_gmaps_ingestion' retrieved from /opt/airflow/dags/02_travel_gmaps_ingestion.py
[2026-03-09T09:41:07.245+0000] {logging_mixin.py:190} INFO - [2026-03-09T09:41:07.245+0000] {dag.py:3239} INFO - Sync 1 DAGs
[2026-03-09T09:41:07.272+0000] {logging_mixin.py:190} INFO - [2026-03-09T09:41:07.272+0000] {dag.py:4180} INFO - Setting next_dagrun for 02_travel_gmaps_ingestion to 2026-03-08 14:00:00+00:00, run_after=2026-03-09 08:00:00+00:00
[2026-03-09T09:41:07.302+0000] {processor.py:208} INFO - Processing /opt/airflow/dags/02_travel_gmaps_ingestion.py took 0.119 seconds
[2026-03-09T09:41:38.120+0000] {processor.py:186} INFO - Started process (PID=8816) to work on /opt/airflow/dags/02_travel_gmaps_ingestion.py
[2026-03-09T09:41:38.121+0000] {processor.py:914} INFO - Processing file /opt/airflow/dags/02_travel_gmaps_ingestion.py for tasks to queue
[2026-03-09T09:41:38.125+0000] {logging_mixin.py:190} INFO - [2026-03-09T09:41:38.124+0000] {dagbag.py:588} INFO - Filling up the DagBag from /opt/airflow/dags/02_travel_gmaps_ingestion.py
[2026-03-09T09:41:38.145+0000] {processor.py:925} INFO - DAG(s) '02_travel_gmaps_ingestion' retrieved from /opt/airflow/dags/02_travel_gmaps_ingestion.py
[2026-03-09T09:41:38.173+0000] {logging_mixin.py:190} INFO - [2026-03-09T09:41:38.173+0000] {dag.py:3239} INFO - Sync 1 DAGs
[2026-03-09T09:41:38.200+0000] {logging_mixin.py:190} INFO - [2026-03-09T09:41:38.200+0000] {dag.py:4180} INFO - Setting next_dagrun for 02_travel_gmaps_ingestion to 2026-03-08 14:00:00+00:00, run_after=2026-03-09 08:00:00+00:00
[2026-03-09T09:41:38.231+0000] {processor.py:208} INFO - Processing /opt/airflow/dags/02_travel_gmaps_ingestion.py took 0.118 seconds
[2026-03-09T09:42:09.026+0000] {processor.py:186} INFO - Started process (PID=8836) to work on /opt/airflow/dags/02_travel_gmaps_ingestion.py
[2026-03-09T09:42:09.028+0000] {processor.py:914} INFO - Processing file /opt/airflow/dags/02_travel_gmaps_ingestion.py for tasks to queue
[2026-03-09T09:42:09.033+0000] {logging_mixin.py:190} INFO - [2026-03-09T09:42:09.032+0000] {dagbag.py:588} INFO - Filling up the DagBag from /opt/airflow/dags/02_travel_gmaps_ingestion.py
[2026-03-09T09:42:09.071+0000] {processor.py:925} INFO - DAG(s) '02_travel_gmaps_ingestion' retrieved from /opt/airflow/dags/02_travel_gmaps_ingestion.py
[2026-03-09T09:42:09.124+0000] {logging_mixin.py:190} INFO - [2026-03-09T09:42:09.123+0000] {dag.py:3239} INFO - Sync 1 DAGs
[2026-03-09T09:42:09.168+0000] {logging_mixin.py:190} INFO - [2026-03-09T09:42:09.167+0000] {dag.py:4180} INFO - Setting next_dagrun for 02_travel_gmaps_ingestion to 2026-03-08 14:00:00+00:00, run_after=2026-03-09 08:00:00+00:00
[2026-03-09T09:42:09.222+0000] {processor.py:208} INFO - Processing /opt/airflow/dags/02_travel_gmaps_ingestion.py took 0.207 seconds
[2026-03-09T09:42:39.435+0000] {processor.py:186} INFO - Started process (PID=8856) to work on /opt/airflow/dags/02_travel_gmaps_ingestion.py
[2026-03-09T09:42:39.436+0000] {processor.py:914} INFO - Processing file /opt/airflow/dags/02_travel_gmaps_ingestion.py for tasks to queue
[2026-03-09T09:42:39.439+0000] {logging_mixin.py:190} INFO - [2026-03-09T09:42:39.439+0000] {dagbag.py:588} INFO - Filling up the DagBag from /opt/airflow/dags/02_travel_gmaps_ingestion.py
[2026-03-09T09:42:39.466+0000] {processor.py:925} INFO - DAG(s) '02_travel_gmaps_ingestion' retrieved from /opt/airflow/dags/02_travel_gmaps_ingestion.py
[2026-03-09T09:42:39.509+0000] {logging_mixin.py:190} INFO - [2026-03-09T09:42:39.508+0000] {dag.py:3239} INFO - Sync 1 DAGs
[2026-03-09T09:42:39.547+0000] {logging_mixin.py:190} INFO - [2026-03-09T09:42:39.547+0000] {dag.py:4180} INFO - Setting next_dagrun for 02_travel_gmaps_ingestion to 2026-03-08 14:00:00+00:00, run_after=2026-03-09 08:00:00+00:00
[2026-03-09T09:42:39.579+0000] {processor.py:208} INFO - Processing /opt/airflow/dags/02_travel_gmaps_ingestion.py took 0.153 seconds
[2026-03-09T09:43:10.334+0000] {processor.py:186} INFO - Started process (PID=8876) to work on /opt/airflow/dags/02_travel_gmaps_ingestion.py
[2026-03-09T09:43:10.336+0000] {processor.py:914} INFO - Processing file /opt/airflow/dags/02_travel_gmaps_ingestion.py for tasks to queue
[2026-03-09T09:43:10.340+0000] {logging_mixin.py:190} INFO - [2026-03-09T09:43:10.339+0000] {dagbag.py:588} INFO - Filling up the DagBag from /opt/airflow/dags/02_travel_gmaps_ingestion.py
[2026-03-09T09:43:10.366+0000] {processor.py:925} INFO - DAG(s) '02_travel_gmaps_ingestion' retrieved from /opt/airflow/dags/02_travel_gmaps_ingestion.py
[2026-03-09T09:43:10.400+0000] {logging_mixin.py:190} INFO - [2026-03-09T09:43:10.400+0000] {dag.py:3239} INFO - Sync 1 DAGs
[2026-03-09T09:43:10.432+0000] {logging_mixin.py:190} INFO - [2026-03-09T09:43:10.431+0000] {dag.py:4180} INFO - Setting next_dagrun for 02_travel_gmaps_ingestion to 2026-03-08 14:00:00+00:00, run_after=2026-03-09 08:00:00+00:00
[2026-03-09T09:43:10.466+0000] {processor.py:208} INFO - Processing /opt/airflow/dags/02_travel_gmaps_ingestion.py took 0.140 seconds
[2026-03-09T09:43:41.303+0000] {processor.py:186} INFO - Started process (PID=8896) to work on /opt/airflow/dags/02_travel_gmaps_ingestion.py
[2026-03-09T09:43:41.304+0000] {processor.py:914} INFO - Processing file /opt/airflow/dags/02_travel_gmaps_ingestion.py for tasks to queue
[2026-03-09T09:43:41.308+0000] {logging_mixin.py:190} INFO - [2026-03-09T09:43:41.308+0000] {dagbag.py:588} INFO - Filling up the DagBag from /opt/airflow/dags/02_travel_gmaps_ingestion.py
[2026-03-09T09:43:41.326+0000] {processor.py:925} INFO - DAG(s) '02_travel_gmaps_ingestion' retrieved from /opt/airflow/dags/02_travel_gmaps_ingestion.py
[2026-03-09T09:43:41.355+0000] {logging_mixin.py:190} INFO - [2026-03-09T09:43:41.355+0000] {dag.py:3239} INFO - Sync 1 DAGs
[2026-03-09T09:43:41.382+0000] {logging_mixin.py:190} INFO - [2026-03-09T09:43:41.382+0000] {dag.py:4180} INFO - Setting next_dagrun for 02_travel_gmaps_ingestion to 2026-03-08 14:00:00+00:00, run_after=2026-03-09 08:00:00+00:00
[2026-03-09T09:43:41.411+0000] {processor.py:208} INFO - Processing /opt/airflow/dags/02_travel_gmaps_ingestion.py took 0.115 seconds
[2026-03-09T09:44:12.158+0000] {processor.py:186} INFO - Started process (PID=8916) to work on /opt/airflow/dags/02_travel_gmaps_ingestion.py
[2026-03-09T09:44:12.160+0000] {processor.py:914} INFO - Processing file /opt/airflow/dags/02_travel_gmaps_ingestion.py for tasks to queue
[2026-03-09T09:44:12.164+0000] {logging_mixin.py:190} INFO - [2026-03-09T09:44:12.163+0000] {dagbag.py:588} INFO - Filling up the DagBag from /opt/airflow/dags/02_travel_gmaps_ingestion.py
[2026-03-09T09:44:12.187+0000] {processor.py:925} INFO - DAG(s) '02_travel_gmaps_ingestion' retrieved from /opt/airflow/dags/02_travel_gmaps_ingestion.py
[2026-03-09T09:44:12.216+0000] {logging_mixin.py:190} INFO - [2026-03-09T09:44:12.216+0000] {dag.py:3239} INFO - Sync 1 DAGs
[2026-03-09T09:44:12.243+0000] {logging_mixin.py:190} INFO - [2026-03-09T09:44:12.243+0000] {dag.py:4180} INFO - Setting next_dagrun for 02_travel_gmaps_ingestion to 2026-03-08 14:00:00+00:00, run_after=2026-03-09 08:00:00+00:00
[2026-03-09T09:44:12.270+0000] {processor.py:208} INFO - Processing /opt/airflow/dags/02_travel_gmaps_ingestion.py took 0.118 seconds
[2026-03-09T09:44:42.926+0000] {processor.py:186} INFO - Started process (PID=8936) to work on /opt/airflow/dags/02_travel_gmaps_ingestion.py
[2026-03-09T09:44:42.927+0000] {processor.py:914} INFO - Processing file /opt/airflow/dags/02_travel_gmaps_ingestion.py for tasks to queue
[2026-03-09T09:44:42.930+0000] {logging_mixin.py:190} INFO - [2026-03-09T09:44:42.930+0000] {dagbag.py:588} INFO - Filling up the DagBag from /opt/airflow/dags/02_travel_gmaps_ingestion.py
[2026-03-09T09:44:42.951+0000] {processor.py:925} INFO - DAG(s) '02_travel_gmaps_ingestion' retrieved from /opt/airflow/dags/02_travel_gmaps_ingestion.py
[2026-03-09T09:44:42.979+0000] {logging_mixin.py:190} INFO - [2026-03-09T09:44:42.978+0000] {dag.py:3239} INFO - Sync 1 DAGs
[2026-03-09T09:44:43.007+0000] {logging_mixin.py:190} INFO - [2026-03-09T09:44:43.007+0000] {dag.py:4180} INFO - Setting next_dagrun for 02_travel_gmaps_ingestion to 2026-03-08 14:00:00+00:00, run_after=2026-03-09 08:00:00+00:00
[2026-03-09T09:44:43.035+0000] {processor.py:208} INFO - Processing /opt/airflow/dags/02_travel_gmaps_ingestion.py took 0.117 seconds
[2026-03-09T09:45:13.805+0000] {processor.py:186} INFO - Started process (PID=8956) to work on /opt/airflow/dags/02_travel_gmaps_ingestion.py
[2026-03-09T09:45:13.806+0000] {processor.py:914} INFO - Processing file /opt/airflow/dags/02_travel_gmaps_ingestion.py for tasks to queue
[2026-03-09T09:45:13.809+0000] {logging_mixin.py:190} INFO - [2026-03-09T09:45:13.809+0000] {dagbag.py:588} INFO - Filling up the DagBag from /opt/airflow/dags/02_travel_gmaps_ingestion.py
[2026-03-09T09:45:13.828+0000] {processor.py:925} INFO - DAG(s) '02_travel_gmaps_ingestion' retrieved from /opt/airflow/dags/02_travel_gmaps_ingestion.py
[2026-03-09T09:45:13.862+0000] {logging_mixin.py:190} INFO - [2026-03-09T09:45:13.861+0000] {dag.py:3239} INFO - Sync 1 DAGs
[2026-03-09T09:45:13.889+0000] {logging_mixin.py:190} INFO - [2026-03-09T09:45:13.889+0000] {dag.py:4180} INFO - Setting next_dagrun for 02_travel_gmaps_ingestion to 2026-03-08 14:00:00+00:00, run_after=2026-03-09 08:00:00+00:00
[2026-03-09T09:45:14.150+0000] {processor.py:208} INFO - Processing /opt/airflow/dags/02_travel_gmaps_ingestion.py took 0.351 seconds
[2026-03-09T09:45:44.253+0000] {processor.py:186} INFO - Started process (PID=8976) to work on /opt/airflow/dags/02_travel_gmaps_ingestion.py
[2026-03-09T09:45:44.254+0000] {processor.py:914} INFO - Processing file /opt/airflow/dags/02_travel_gmaps_ingestion.py for tasks to queue
[2026-03-09T09:45:44.261+0000] {logging_mixin.py:190} INFO - [2026-03-09T09:45:44.261+0000] {dagbag.py:588} INFO - Filling up the DagBag from /opt/airflow/dags/02_travel_gmaps_ingestion.py
[2026-03-09T09:45:44.281+0000] {processor.py:925} INFO - DAG(s) '02_travel_gmaps_ingestion' retrieved from /opt/airflow/dags/02_travel_gmaps_ingestion.py
[2026-03-09T09:45:44.311+0000] {logging_mixin.py:190} INFO - [2026-03-09T09:45:44.310+0000] {dag.py:3239} INFO - Sync 1 DAGs
[2026-03-09T09:45:44.340+0000] {logging_mixin.py:190} INFO - [2026-03-09T09:45:44.339+0000] {dag.py:4180} INFO - Setting next_dagrun for 02_travel_gmaps_ingestion to 2026-03-08 14:00:00+00:00, run_after=2026-03-09 08:00:00+00:00
[2026-03-09T09:45:44.372+0000] {processor.py:208} INFO - Processing /opt/airflow/dags/02_travel_gmaps_ingestion.py took 0.125 seconds
[2026-03-09T09:46:15.014+0000] {processor.py:186} INFO - Started process (PID=8996) to work on /opt/airflow/dags/02_travel_gmaps_ingestion.py
[2026-03-09T09:46:15.015+0000] {processor.py:914} INFO - Processing file /opt/airflow/dags/02_travel_gmaps_ingestion.py for tasks to queue
[2026-03-09T09:46:15.018+0000] {logging_mixin.py:190} INFO - [2026-03-09T09:46:15.017+0000] {dagbag.py:588} INFO - Filling up the DagBag from /opt/airflow/dags/02_travel_gmaps_ingestion.py
[2026-03-09T09:46:15.039+0000] {processor.py:925} INFO - DAG(s) '02_travel_gmaps_ingestion' retrieved from /opt/airflow/dags/02_travel_gmaps_ingestion.py
[2026-03-09T09:46:15.071+0000] {logging_mixin.py:190} INFO - [2026-03-09T09:46:15.071+0000] {dag.py:3239} INFO - Sync 1 DAGs
[2026-03-09T09:46:15.102+0000] {logging_mixin.py:190} INFO - [2026-03-09T09:46:15.102+0000] {dag.py:4180} INFO - Setting next_dagrun for 02_travel_gmaps_ingestion to 2026-03-08 14:00:00+00:00, run_after=2026-03-09 08:00:00+00:00
[2026-03-09T09:46:15.130+0000] {processor.py:208} INFO - Processing /opt/airflow/dags/02_travel_gmaps_ingestion.py took 0.122 seconds
[2026-03-09T09:46:45.921+0000] {processor.py:186} INFO - Started process (PID=9016) to work on /opt/airflow/dags/02_travel_gmaps_ingestion.py
[2026-03-09T09:46:45.923+0000] {processor.py:914} INFO - Processing file /opt/airflow/dags/02_travel_gmaps_ingestion.py for tasks to queue
[2026-03-09T09:46:45.925+0000] {logging_mixin.py:190} INFO - [2026-03-09T09:46:45.925+0000] {dagbag.py:588} INFO - Filling up the DagBag from /opt/airflow/dags/02_travel_gmaps_ingestion.py
[2026-03-09T09:46:45.944+0000] {processor.py:925} INFO - DAG(s) '02_travel_gmaps_ingestion' retrieved from /opt/airflow/dags/02_travel_gmaps_ingestion.py
[2026-03-09T09:46:45.975+0000] {logging_mixin.py:190} INFO - [2026-03-09T09:46:45.975+0000] {dag.py:3239} INFO - Sync 1 DAGs
[2026-03-09T09:46:46.005+0000] {logging_mixin.py:190} INFO - [2026-03-09T09:46:46.005+0000] {dag.py:4180} INFO - Setting next_dagrun for 02_travel_gmaps_ingestion to 2026-03-08 14:00:00+00:00, run_after=2026-03-09 08:00:00+00:00
[2026-03-09T09:46:46.034+0000] {processor.py:208} INFO - Processing /opt/airflow/dags/02_travel_gmaps_ingestion.py took 0.119 seconds
[2026-03-09T09:47:16.690+0000] {processor.py:186} INFO - Started process (PID=9036) to work on /opt/airflow/dags/02_travel_gmaps_ingestion.py
[2026-03-09T09:47:16.692+0000] {processor.py:914} INFO - Processing file /opt/airflow/dags/02_travel_gmaps_ingestion.py for tasks to queue
[2026-03-09T09:47:16.695+0000] {logging_mixin.py:190} INFO - [2026-03-09T09:47:16.695+0000] {dagbag.py:588} INFO - Filling up the DagBag from /opt/airflow/dags/02_travel_gmaps_ingestion.py
[2026-03-09T09:47:16.714+0000] {processor.py:925} INFO - DAG(s) '02_travel_gmaps_ingestion' retrieved from /opt/airflow/dags/02_travel_gmaps_ingestion.py
[2026-03-09T09:47:16.745+0000] {logging_mixin.py:190} INFO - [2026-03-09T09:47:16.745+0000] {dag.py:3239} INFO - Sync 1 DAGs
[2026-03-09T09:47:16.777+0000] {logging_mixin.py:190} INFO - [2026-03-09T09:47:16.777+0000] {dag.py:4180} INFO - Setting next_dagrun for 02_travel_gmaps_ingestion to 2026-03-08 14:00:00+00:00, run_after=2026-03-09 08:00:00+00:00
[2026-03-09T09:47:16.810+0000] {processor.py:208} INFO - Processing /opt/airflow/dags/02_travel_gmaps_ingestion.py took 0.127 seconds
[2026-03-09T09:47:47.429+0000] {processor.py:186} INFO - Started process (PID=9056) to work on /opt/airflow/dags/02_travel_gmaps_ingestion.py
[2026-03-09T09:47:47.432+0000] {processor.py:914} INFO - Processing file /opt/airflow/dags/02_travel_gmaps_ingestion.py for tasks to queue
[2026-03-09T09:47:47.437+0000] {logging_mixin.py:190} INFO - [2026-03-09T09:47:47.436+0000] {dagbag.py:588} INFO - Filling up the DagBag from /opt/airflow/dags/02_travel_gmaps_ingestion.py
[2026-03-09T09:47:47.470+0000] {processor.py:925} INFO - DAG(s) '02_travel_gmaps_ingestion' retrieved from /opt/airflow/dags/02_travel_gmaps_ingestion.py
[2026-03-09T09:47:47.511+0000] {logging_mixin.py:190} INFO - [2026-03-09T09:47:47.511+0000] {dag.py:3239} INFO - Sync 1 DAGs
[2026-03-09T09:47:47.552+0000] {logging_mixin.py:190} INFO - [2026-03-09T09:47:47.552+0000] {dag.py:4180} INFO - Setting next_dagrun for 02_travel_gmaps_ingestion to 2026-03-08 14:00:00+00:00, run_after=2026-03-09 08:00:00+00:00
[2026-03-09T09:47:47.582+0000] {processor.py:208} INFO - Processing /opt/airflow/dags/02_travel_gmaps_ingestion.py took 0.163 seconds
[2026-03-09T09:48:18.335+0000] {processor.py:186} INFO - Started process (PID=9076) to work on /opt/airflow/dags/02_travel_gmaps_ingestion.py
[2026-03-09T09:48:18.336+0000] {processor.py:914} INFO - Processing file /opt/airflow/dags/02_travel_gmaps_ingestion.py for tasks to queue
[2026-03-09T09:48:18.340+0000] {logging_mixin.py:190} INFO - [2026-03-09T09:48:18.339+0000] {dagbag.py:588} INFO - Filling up the DagBag from /opt/airflow/dags/02_travel_gmaps_ingestion.py
[2026-03-09T09:48:18.368+0000] {processor.py:925} INFO - DAG(s) '02_travel_gmaps_ingestion' retrieved from /opt/airflow/dags/02_travel_gmaps_ingestion.py
[2026-03-09T09:48:18.405+0000] {logging_mixin.py:190} INFO - [2026-03-09T09:48:18.405+0000] {dag.py:3239} INFO - Sync 1 DAGs
[2026-03-09T09:48:18.444+0000] {logging_mixin.py:190} INFO - [2026-03-09T09:48:18.443+0000] {dag.py:4180} INFO - Setting next_dagrun for 02_travel_gmaps_ingestion to 2026-03-08 14:00:00+00:00, run_after=2026-03-09 08:00:00+00:00
[2026-03-09T09:48:18.471+0000] {processor.py:208} INFO - Processing /opt/airflow/dags/02_travel_gmaps_ingestion.py took 0.144 seconds
[2026-03-09T09:48:49.244+0000] {processor.py:186} INFO - Started process (PID=9096) to work on /opt/airflow/dags/02_travel_gmaps_ingestion.py
[2026-03-09T09:48:49.245+0000] {processor.py:914} INFO - Processing file /opt/airflow/dags/02_travel_gmaps_ingestion.py for tasks to queue
[2026-03-09T09:48:49.248+0000] {logging_mixin.py:190} INFO - [2026-03-09T09:48:49.247+0000] {dagbag.py:588} INFO - Filling up the DagBag from /opt/airflow/dags/02_travel_gmaps_ingestion.py
[2026-03-09T09:48:49.267+0000] {processor.py:925} INFO - DAG(s) '02_travel_gmaps_ingestion' retrieved from /opt/airflow/dags/02_travel_gmaps_ingestion.py
[2026-03-09T09:48:49.298+0000] {logging_mixin.py:190} INFO - [2026-03-09T09:48:49.298+0000] {dag.py:3239} INFO - Sync 1 DAGs
[2026-03-09T09:48:49.326+0000] {logging_mixin.py:190} INFO - [2026-03-09T09:48:49.326+0000] {dag.py:4180} INFO - Setting next_dagrun for 02_travel_gmaps_ingestion to 2026-03-08 14:00:00+00:00, run_after=2026-03-09 08:00:00+00:00
[2026-03-09T09:48:49.353+0000] {processor.py:208} INFO - Processing /opt/airflow/dags/02_travel_gmaps_ingestion.py took 0.117 seconds
[2026-03-09T09:49:19.954+0000] {processor.py:186} INFO - Started process (PID=9116) to work on /opt/airflow/dags/02_travel_gmaps_ingestion.py
[2026-03-09T09:49:19.956+0000] {processor.py:914} INFO - Processing file /opt/airflow/dags/02_travel_gmaps_ingestion.py for tasks to queue
[2026-03-09T09:49:19.958+0000] {logging_mixin.py:190} INFO - [2026-03-09T09:49:19.958+0000] {dagbag.py:588} INFO - Filling up the DagBag from /opt/airflow/dags/02_travel_gmaps_ingestion.py
[2026-03-09T09:49:19.980+0000] {processor.py:925} INFO - DAG(s) '02_travel_gmaps_ingestion' retrieved from /opt/airflow/dags/02_travel_gmaps_ingestion.py
[2026-03-09T09:49:20.012+0000] {logging_mixin.py:190} INFO - [2026-03-09T09:49:20.012+0000] {dag.py:3239} INFO - Sync 1 DAGs
[2026-03-09T09:49:20.042+0000] {logging_mixin.py:190} INFO - [2026-03-09T09:49:20.042+0000] {dag.py:4180} INFO - Setting next_dagrun for 02_travel_gmaps_ingestion to 2026-03-08 14:00:00+00:00, run_after=2026-03-09 08:00:00+00:00
[2026-03-09T09:49:20.070+0000] {processor.py:208} INFO - Processing /opt/airflow/dags/02_travel_gmaps_ingestion.py took 0.122 seconds
[2026-03-09T09:49:50.809+0000] {processor.py:186} INFO - Started process (PID=9136) to work on /opt/airflow/dags/02_travel_gmaps_ingestion.py
[2026-03-09T09:49:50.811+0000] {processor.py:914} INFO - Processing file /opt/airflow/dags/02_travel_gmaps_ingestion.py for tasks to queue
[2026-03-09T09:49:50.814+0000] {logging_mixin.py:190} INFO - [2026-03-09T09:49:50.814+0000] {dagbag.py:588} INFO - Filling up the DagBag from /opt/airflow/dags/02_travel_gmaps_ingestion.py
[2026-03-09T09:49:50.837+0000] {processor.py:925} INFO - DAG(s) '02_travel_gmaps_ingestion' retrieved from /opt/airflow/dags/02_travel_gmaps_ingestion.py
[2026-03-09T09:49:50.882+0000] {logging_mixin.py:190} INFO - [2026-03-09T09:49:50.881+0000] {dag.py:3239} INFO - Sync 1 DAGs
[2026-03-09T09:49:50.914+0000] {logging_mixin.py:190} INFO - [2026-03-09T09:49:50.914+0000] {dag.py:4180} INFO - Setting next_dagrun for 02_travel_gmaps_ingestion to 2026-03-08 14:00:00+00:00, run_after=2026-03-09 08:00:00+00:00
[2026-03-09T09:49:50.940+0000] {processor.py:208} INFO - Processing /opt/airflow/dags/02_travel_gmaps_ingestion.py took 0.138 seconds
[2026-03-09T09:50:21.604+0000] {processor.py:186} INFO - Started process (PID=9156) to work on /opt/airflow/dags/02_travel_gmaps_ingestion.py
[2026-03-09T09:50:21.606+0000] {processor.py:914} INFO - Processing file /opt/airflow/dags/02_travel_gmaps_ingestion.py for tasks to queue
[2026-03-09T09:50:21.608+0000] {logging_mixin.py:190} INFO - [2026-03-09T09:50:21.608+0000] {dagbag.py:588} INFO - Filling up the DagBag from /opt/airflow/dags/02_travel_gmaps_ingestion.py
[2026-03-09T09:50:21.628+0000] {processor.py:925} INFO - DAG(s) '02_travel_gmaps_ingestion' retrieved from /opt/airflow/dags/02_travel_gmaps_ingestion.py
[2026-03-09T09:50:21.672+0000] {logging_mixin.py:190} INFO - [2026-03-09T09:50:21.671+0000] {dag.py:3239} INFO - Sync 1 DAGs
[2026-03-09T09:50:21.707+0000] {logging_mixin.py:190} INFO - [2026-03-09T09:50:21.706+0000] {dag.py:4180} INFO - Setting next_dagrun for 02_travel_gmaps_ingestion to 2026-03-08 14:00:00+00:00, run_after=2026-03-09 08:00:00+00:00
[2026-03-09T09:50:21.736+0000] {processor.py:208} INFO - Processing /opt/airflow/dags/02_travel_gmaps_ingestion.py took 0.138 seconds
[2026-03-09T09:50:52.475+0000] {processor.py:186} INFO - Started process (PID=9176) to work on /opt/airflow/dags/02_travel_gmaps_ingestion.py
[2026-03-09T09:50:52.476+0000] {processor.py:914} INFO - Processing file /opt/airflow/dags/02_travel_gmaps_ingestion.py for tasks to queue
[2026-03-09T09:50:52.478+0000] {logging_mixin.py:190} INFO - [2026-03-09T09:50:52.478+0000] {dagbag.py:588} INFO - Filling up the DagBag from /opt/airflow/dags/02_travel_gmaps_ingestion.py
[2026-03-09T09:50:52.496+0000] {processor.py:925} INFO - DAG(s) '02_travel_gmaps_ingestion' retrieved from /opt/airflow/dags/02_travel_gmaps_ingestion.py
[2026-03-09T09:50:52.527+0000] {logging_mixin.py:190} INFO - [2026-03-09T09:50:52.527+0000] {dag.py:3239} INFO - Sync 1 DAGs
[2026-03-09T09:50:52.555+0000] {logging_mixin.py:190} INFO - [2026-03-09T09:50:52.555+0000] {dag.py:4180} INFO - Setting next_dagrun for 02_travel_gmaps_ingestion to 2026-03-08 14:00:00+00:00, run_after=2026-03-09 08:00:00+00:00
[2026-03-09T09:50:52.756+0000] {processor.py:208} INFO - Processing /opt/airflow/dags/02_travel_gmaps_ingestion.py took 0.289 seconds
[2026-03-09T09:51:23.100+0000] {processor.py:186} INFO - Started process (PID=9196) to work on /opt/airflow/dags/02_travel_gmaps_ingestion.py
[2026-03-09T09:51:23.102+0000] {processor.py:914} INFO - Processing file /opt/airflow/dags/02_travel_gmaps_ingestion.py for tasks to queue
[2026-03-09T09:51:23.105+0000] {logging_mixin.py:190} INFO - [2026-03-09T09:51:23.104+0000] {dagbag.py:588} INFO - Filling up the DagBag from /opt/airflow/dags/02_travel_gmaps_ingestion.py
[2026-03-09T09:51:23.129+0000] {processor.py:925} INFO - DAG(s) '02_travel_gmaps_ingestion' retrieved from /opt/airflow/dags/02_travel_gmaps_ingestion.py
[2026-03-09T09:51:23.161+0000] {logging_mixin.py:190} INFO - [2026-03-09T09:51:23.161+0000] {dag.py:3239} INFO - Sync 1 DAGs
[2026-03-09T09:51:23.193+0000] {logging_mixin.py:190} INFO - [2026-03-09T09:51:23.192+0000] {dag.py:4180} INFO - Setting next_dagrun for 02_travel_gmaps_ingestion to 2026-03-08 14:00:00+00:00, run_after=2026-03-09 08:00:00+00:00
[2026-03-09T09:51:23.219+0000] {processor.py:208} INFO - Processing /opt/airflow/dags/02_travel_gmaps_ingestion.py took 0.125 seconds
[2026-03-09T09:51:53.859+0000] {processor.py:186} INFO - Started process (PID=9216) to work on /opt/airflow/dags/02_travel_gmaps_ingestion.py
[2026-03-09T09:51:53.860+0000] {processor.py:914} INFO - Processing file /opt/airflow/dags/02_travel_gmaps_ingestion.py for tasks to queue
[2026-03-09T09:51:53.863+0000] {logging_mixin.py:190} INFO - [2026-03-09T09:51:53.862+0000] {dagbag.py:588} INFO - Filling up the DagBag from /opt/airflow/dags/02_travel_gmaps_ingestion.py
[2026-03-09T09:51:53.884+0000] {processor.py:925} INFO - DAG(s) '02_travel_gmaps_ingestion' retrieved from /opt/airflow/dags/02_travel_gmaps_ingestion.py
[2026-03-09T09:51:53.917+0000] {logging_mixin.py:190} INFO - [2026-03-09T09:51:53.917+0000] {dag.py:3239} INFO - Sync 1 DAGs
[2026-03-09T09:51:53.949+0000] {logging_mixin.py:190} INFO - [2026-03-09T09:51:53.948+0000] {dag.py:4180} INFO - Setting next_dagrun for 02_travel_gmaps_ingestion to 2026-03-08 14:00:00+00:00, run_after=2026-03-09 08:00:00+00:00
[2026-03-09T09:51:53.972+0000] {processor.py:208} INFO - Processing /opt/airflow/dags/02_travel_gmaps_ingestion.py took 0.120 seconds
[2026-03-09T09:52:24.672+0000] {processor.py:186} INFO - Started process (PID=9236) to work on /opt/airflow/dags/02_travel_gmaps_ingestion.py
[2026-03-09T09:52:24.673+0000] {processor.py:914} INFO - Processing file /opt/airflow/dags/02_travel_gmaps_ingestion.py for tasks to queue
[2026-03-09T09:52:24.677+0000] {logging_mixin.py:190} INFO - [2026-03-09T09:52:24.676+0000] {dagbag.py:588} INFO - Filling up the DagBag from /opt/airflow/dags/02_travel_gmaps_ingestion.py
[2026-03-09T09:52:24.702+0000] {processor.py:925} INFO - DAG(s) '02_travel_gmaps_ingestion' retrieved from /opt/airflow/dags/02_travel_gmaps_ingestion.py
[2026-03-09T09:52:24.745+0000] {logging_mixin.py:190} INFO - [2026-03-09T09:52:24.744+0000] {dag.py:3239} INFO - Sync 1 DAGs
[2026-03-09T09:52:24.774+0000] {logging_mixin.py:190} INFO - [2026-03-09T09:52:24.774+0000] {dag.py:4180} INFO - Setting next_dagrun for 02_travel_gmaps_ingestion to 2026-03-08 14:00:00+00:00, run_after=2026-03-09 08:00:00+00:00
[2026-03-09T09:52:24.806+0000] {processor.py:208} INFO - Processing /opt/airflow/dags/02_travel_gmaps_ingestion.py took 0.142 seconds
[2026-03-09T09:52:55.411+0000] {processor.py:186} INFO - Started process (PID=9256) to work on /opt/airflow/dags/02_travel_gmaps_ingestion.py
[2026-03-09T09:52:55.412+0000] {processor.py:914} INFO - Processing file /opt/airflow/dags/02_travel_gmaps_ingestion.py for tasks to queue
[2026-03-09T09:52:55.415+0000] {logging_mixin.py:190} INFO - [2026-03-09T09:52:55.415+0000] {dagbag.py:588} INFO - Filling up the DagBag from /opt/airflow/dags/02_travel_gmaps_ingestion.py
[2026-03-09T09:52:55.434+0000] {processor.py:925} INFO - DAG(s) '02_travel_gmaps_ingestion' retrieved from /opt/airflow/dags/02_travel_gmaps_ingestion.py
[2026-03-09T09:52:55.464+0000] {logging_mixin.py:190} INFO - [2026-03-09T09:52:55.464+0000] {dag.py:3239} INFO - Sync 1 DAGs
[2026-03-09T09:52:55.494+0000] {logging_mixin.py:190} INFO - [2026-03-09T09:52:55.493+0000] {dag.py:4180} INFO - Setting next_dagrun for 02_travel_gmaps_ingestion to 2026-03-08 14:00:00+00:00, run_after=2026-03-09 08:00:00+00:00
[2026-03-09T09:52:55.522+0000] {processor.py:208} INFO - Processing /opt/airflow/dags/02_travel_gmaps_ingestion.py took 0.119 seconds
[2026-03-09T09:53:26.217+0000] {processor.py:186} INFO - Started process (PID=9276) to work on /opt/airflow/dags/02_travel_gmaps_ingestion.py
[2026-03-09T09:53:26.220+0000] {processor.py:914} INFO - Processing file /opt/airflow/dags/02_travel_gmaps_ingestion.py for tasks to queue
[2026-03-09T09:53:26.223+0000] {logging_mixin.py:190} INFO - [2026-03-09T09:53:26.222+0000] {dagbag.py:588} INFO - Filling up the DagBag from /opt/airflow/dags/02_travel_gmaps_ingestion.py
[2026-03-09T09:53:26.251+0000] {processor.py:925} INFO - DAG(s) '02_travel_gmaps_ingestion' retrieved from /opt/airflow/dags/02_travel_gmaps_ingestion.py
[2026-03-09T09:53:26.290+0000] {logging_mixin.py:190} INFO - [2026-03-09T09:53:26.290+0000] {dag.py:3239} INFO - Sync 1 DAGs
[2026-03-09T09:53:26.327+0000] {logging_mixin.py:190} INFO - [2026-03-09T09:53:26.327+0000] {dag.py:4180} INFO - Setting next_dagrun for 02_travel_gmaps_ingestion to 2026-03-08 14:00:00+00:00, run_after=2026-03-09 08:00:00+00:00
[2026-03-09T09:53:26.563+0000] {processor.py:208} INFO - Processing /opt/airflow/dags/02_travel_gmaps_ingestion.py took 0.354 seconds
[2026-03-09T09:53:57.144+0000] {processor.py:186} INFO - Started process (PID=9296) to work on /opt/airflow/dags/02_travel_gmaps_ingestion.py
[2026-03-09T09:53:57.146+0000] {processor.py:914} INFO - Processing file /opt/airflow/dags/02_travel_gmaps_ingestion.py for tasks to queue
[2026-03-09T09:53:57.150+0000] {logging_mixin.py:190} INFO - [2026-03-09T09:53:57.149+0000] {dagbag.py:588} INFO - Filling up the DagBag from /opt/airflow/dags/02_travel_gmaps_ingestion.py
[2026-03-09T09:53:57.178+0000] {processor.py:925} INFO - DAG(s) '02_travel_gmaps_ingestion' retrieved from /opt/airflow/dags/02_travel_gmaps_ingestion.py
[2026-03-09T09:53:57.212+0000] {logging_mixin.py:190} INFO - [2026-03-09T09:53:57.212+0000] {dag.py:3239} INFO - Sync 1 DAGs
[2026-03-09T09:53:57.248+0000] {logging_mixin.py:190} INFO - [2026-03-09T09:53:57.248+0000] {dag.py:4180} INFO - Setting next_dagrun for 02_travel_gmaps_ingestion to 2026-03-08 14:00:00+00:00, run_after=2026-03-09 08:00:00+00:00
[2026-03-09T09:53:57.276+0000] {processor.py:208} INFO - Processing /opt/airflow/dags/02_travel_gmaps_ingestion.py took 0.141 seconds
[2026-03-09T09:54:27.862+0000] {processor.py:186} INFO - Started process (PID=9316) to work on /opt/airflow/dags/02_travel_gmaps_ingestion.py
[2026-03-09T09:54:27.863+0000] {processor.py:914} INFO - Processing file /opt/airflow/dags/02_travel_gmaps_ingestion.py for tasks to queue
[2026-03-09T09:54:27.866+0000] {logging_mixin.py:190} INFO - [2026-03-09T09:54:27.866+0000] {dagbag.py:588} INFO - Filling up the DagBag from /opt/airflow/dags/02_travel_gmaps_ingestion.py
[2026-03-09T09:54:27.894+0000] {processor.py:925} INFO - DAG(s) '02_travel_gmaps_ingestion' retrieved from /opt/airflow/dags/02_travel_gmaps_ingestion.py
[2026-03-09T09:54:27.931+0000] {logging_mixin.py:190} INFO - [2026-03-09T09:54:27.931+0000] {dag.py:3239} INFO - Sync 1 DAGs
[2026-03-09T09:54:27.961+0000] {logging_mixin.py:190} INFO - [2026-03-09T09:54:27.960+0000] {dag.py:4180} INFO - Setting next_dagrun for 02_travel_gmaps_ingestion to 2026-03-08 14:00:00+00:00, run_after=2026-03-09 08:00:00+00:00
[2026-03-09T09:54:27.988+0000] {processor.py:208} INFO - Processing /opt/airflow/dags/02_travel_gmaps_ingestion.py took 0.132 seconds
[2026-03-09T09:54:58.659+0000] {processor.py:186} INFO - Started process (PID=9336) to work on /opt/airflow/dags/02_travel_gmaps_ingestion.py
[2026-03-09T09:54:58.660+0000] {processor.py:914} INFO - Processing file /opt/airflow/dags/02_travel_gmaps_ingestion.py for tasks to queue
[2026-03-09T09:54:58.663+0000] {logging_mixin.py:190} INFO - [2026-03-09T09:54:58.662+0000] {dagbag.py:588} INFO - Filling up the DagBag from /opt/airflow/dags/02_travel_gmaps_ingestion.py
[2026-03-09T09:54:58.682+0000] {processor.py:925} INFO - DAG(s) '02_travel_gmaps_ingestion' retrieved from /opt/airflow/dags/02_travel_gmaps_ingestion.py
[2026-03-09T09:54:58.712+0000] {logging_mixin.py:190} INFO - [2026-03-09T09:54:58.712+0000] {dag.py:3239} INFO - Sync 1 DAGs
[2026-03-09T09:54:58.739+0000] {logging_mixin.py:190} INFO - [2026-03-09T09:54:58.739+0000] {dag.py:4180} INFO - Setting next_dagrun for 02_travel_gmaps_ingestion to 2026-03-08 14:00:00+00:00, run_after=2026-03-09 08:00:00+00:00
[2026-03-09T09:54:58.768+0000] {processor.py:208} INFO - Processing /opt/airflow/dags/02_travel_gmaps_ingestion.py took 0.116 seconds
[2026-03-09T09:55:29.391+0000] {processor.py:186} INFO - Started process (PID=9356) to work on /opt/airflow/dags/02_travel_gmaps_ingestion.py
[2026-03-09T09:55:29.393+0000] {processor.py:914} INFO - Processing file /opt/airflow/dags/02_travel_gmaps_ingestion.py for tasks to queue
[2026-03-09T09:55:29.396+0000] {logging_mixin.py:190} INFO - [2026-03-09T09:55:29.396+0000] {dagbag.py:588} INFO - Filling up the DagBag from /opt/airflow/dags/02_travel_gmaps_ingestion.py
[2026-03-09T09:55:29.416+0000] {processor.py:925} INFO - DAG(s) '02_travel_gmaps_ingestion' retrieved from /opt/airflow/dags/02_travel_gmaps_ingestion.py
[2026-03-09T09:55:29.449+0000] {logging_mixin.py:190} INFO - [2026-03-09T09:55:29.449+0000] {dag.py:3239} INFO - Sync 1 DAGs
[2026-03-09T09:55:29.479+0000] {logging_mixin.py:190} INFO - [2026-03-09T09:55:29.479+0000] {dag.py:4180} INFO - Setting next_dagrun for 02_travel_gmaps_ingestion to 2026-03-08 14:00:00+00:00, run_after=2026-03-09 08:00:00+00:00
[2026-03-09T09:55:29.511+0000] {processor.py:208} INFO - Processing /opt/airflow/dags/02_travel_gmaps_ingestion.py took 0.128 seconds
[2026-03-09T09:56:00.122+0000] {processor.py:186} INFO - Started process (PID=9376) to work on /opt/airflow/dags/02_travel_gmaps_ingestion.py
[2026-03-09T09:56:00.124+0000] {processor.py:914} INFO - Processing file /opt/airflow/dags/02_travel_gmaps_ingestion.py for tasks to queue
[2026-03-09T09:56:00.126+0000] {logging_mixin.py:190} INFO - [2026-03-09T09:56:00.126+0000] {dagbag.py:588} INFO - Filling up the DagBag from /opt/airflow/dags/02_travel_gmaps_ingestion.py
[2026-03-09T09:56:00.144+0000] {processor.py:925} INFO - DAG(s) '02_travel_gmaps_ingestion' retrieved from /opt/airflow/dags/02_travel_gmaps_ingestion.py
[2026-03-09T09:56:00.179+0000] {logging_mixin.py:190} INFO - [2026-03-09T09:56:00.178+0000] {dag.py:3239} INFO - Sync 1 DAGs
[2026-03-09T09:56:00.208+0000] {logging_mixin.py:190} INFO - [2026-03-09T09:56:00.208+0000] {dag.py:4180} INFO - Setting next_dagrun for 02_travel_gmaps_ingestion to 2026-03-08 14:00:00+00:00, run_after=2026-03-09 08:00:00+00:00
[2026-03-09T09:56:00.241+0000] {processor.py:208} INFO - Processing /opt/airflow/dags/02_travel_gmaps_ingestion.py took 0.125 seconds
[2026-03-09T09:56:30.881+0000] {processor.py:186} INFO - Started process (PID=9396) to work on /opt/airflow/dags/02_travel_gmaps_ingestion.py
[2026-03-09T09:56:30.882+0000] {processor.py:914} INFO - Processing file /opt/airflow/dags/02_travel_gmaps_ingestion.py for tasks to queue
[2026-03-09T09:56:30.885+0000] {logging_mixin.py:190} INFO - [2026-03-09T09:56:30.884+0000] {dagbag.py:588} INFO - Filling up the DagBag from /opt/airflow/dags/02_travel_gmaps_ingestion.py
[2026-03-09T09:56:30.903+0000] {processor.py:925} INFO - DAG(s) '02_travel_gmaps_ingestion' retrieved from /opt/airflow/dags/02_travel_gmaps_ingestion.py
[2026-03-09T09:56:30.935+0000] {logging_mixin.py:190} INFO - [2026-03-09T09:56:30.935+0000] {dag.py:3239} INFO - Sync 1 DAGs
[2026-03-09T09:56:30.966+0000] {logging_mixin.py:190} INFO - [2026-03-09T09:56:30.966+0000] {dag.py:4180} INFO - Setting next_dagrun for 02_travel_gmaps_ingestion to 2026-03-08 14:00:00+00:00, run_after=2026-03-09 08:00:00+00:00
[2026-03-09T09:56:31.210+0000] {processor.py:208} INFO - Processing /opt/airflow/dags/02_travel_gmaps_ingestion.py took 0.336 seconds
[2026-03-09T09:57:01.862+0000] {processor.py:186} INFO - Started process (PID=9416) to work on /opt/airflow/dags/02_travel_gmaps_ingestion.py
[2026-03-09T09:57:01.863+0000] {processor.py:914} INFO - Processing file /opt/airflow/dags/02_travel_gmaps_ingestion.py for tasks to queue
[2026-03-09T09:57:01.866+0000] {logging_mixin.py:190} INFO - [2026-03-09T09:57:01.866+0000] {dagbag.py:588} INFO - Filling up the DagBag from /opt/airflow/dags/02_travel_gmaps_ingestion.py
[2026-03-09T09:57:01.887+0000] {processor.py:925} INFO - DAG(s) '02_travel_gmaps_ingestion' retrieved from /opt/airflow/dags/02_travel_gmaps_ingestion.py
[2026-03-09T09:57:01.918+0000] {logging_mixin.py:190} INFO - [2026-03-09T09:57:01.918+0000] {dag.py:3239} INFO - Sync 1 DAGs
[2026-03-09T09:57:01.948+0000] {logging_mixin.py:190} INFO - [2026-03-09T09:57:01.948+0000] {dag.py:4180} INFO - Setting next_dagrun for 02_travel_gmaps_ingestion to 2026-03-08 14:00:00+00:00, run_after=2026-03-09 08:00:00+00:00
[2026-03-09T09:57:01.977+0000] {processor.py:208} INFO - Processing /opt/airflow/dags/02_travel_gmaps_ingestion.py took 0.122 seconds
[2026-03-09T09:57:32.519+0000] {processor.py:186} INFO - Started process (PID=9436) to work on /opt/airflow/dags/02_travel_gmaps_ingestion.py
[2026-03-09T09:57:32.520+0000] {processor.py:914} INFO - Processing file /opt/airflow/dags/02_travel_gmaps_ingestion.py for tasks to queue
[2026-03-09T09:57:32.523+0000] {logging_mixin.py:190} INFO - [2026-03-09T09:57:32.523+0000] {dagbag.py:588} INFO - Filling up the DagBag from /opt/airflow/dags/02_travel_gmaps_ingestion.py
[2026-03-09T09:57:32.541+0000] {processor.py:925} INFO - DAG(s) '02_travel_gmaps_ingestion' retrieved from /opt/airflow/dags/02_travel_gmaps_ingestion.py
[2026-03-09T09:57:32.581+0000] {logging_mixin.py:190} INFO - [2026-03-09T09:57:32.581+0000] {dag.py:3239} INFO - Sync 1 DAGs
[2026-03-09T09:57:32.609+0000] {logging_mixin.py:190} INFO - [2026-03-09T09:57:32.609+0000] {dag.py:4180} INFO - Setting next_dagrun for 02_travel_gmaps_ingestion to 2026-03-08 14:00:00+00:00, run_after=2026-03-09 08:00:00+00:00
[2026-03-09T09:57:32.646+0000] {processor.py:208} INFO - Processing /opt/airflow/dags/02_travel_gmaps_ingestion.py took 0.134 seconds
[2026-03-09T09:58:03.457+0000] {processor.py:186} INFO - Started process (PID=9456) to work on /opt/airflow/dags/02_travel_gmaps_ingestion.py
[2026-03-09T09:58:03.459+0000] {processor.py:914} INFO - Processing file /opt/airflow/dags/02_travel_gmaps_ingestion.py for tasks to queue
[2026-03-09T09:58:03.463+0000] {logging_mixin.py:190} INFO - [2026-03-09T09:58:03.463+0000] {dagbag.py:588} INFO - Filling up the DagBag from /opt/airflow/dags/02_travel_gmaps_ingestion.py
[2026-03-09T09:58:03.491+0000] {processor.py:925} INFO - DAG(s) '02_travel_gmaps_ingestion' retrieved from /opt/airflow/dags/02_travel_gmaps_ingestion.py
[2026-03-09T09:58:03.522+0000] {logging_mixin.py:190} INFO - [2026-03-09T09:58:03.522+0000] {dag.py:3239} INFO - Sync 1 DAGs
[2026-03-09T09:58:03.550+0000] {logging_mixin.py:190} INFO - [2026-03-09T09:58:03.550+0000] {dag.py:4180} INFO - Setting next_dagrun for 02_travel_gmaps_ingestion to 2026-03-08 14:00:00+00:00, run_after=2026-03-09 08:00:00+00:00
[2026-03-09T09:58:03.650+0000] {processor.py:208} INFO - Processing /opt/airflow/dags/02_travel_gmaps_ingestion.py took 0.198 seconds
[2026-03-09T09:58:34.345+0000] {processor.py:186} INFO - Started process (PID=9476) to work on /opt/airflow/dags/02_travel_gmaps_ingestion.py
[2026-03-09T09:58:34.346+0000] {processor.py:914} INFO - Processing file /opt/airflow/dags/02_travel_gmaps_ingestion.py for tasks to queue
[2026-03-09T09:58:34.350+0000] {logging_mixin.py:190} INFO - [2026-03-09T09:58:34.349+0000] {dagbag.py:588} INFO - Filling up the DagBag from /opt/airflow/dags/02_travel_gmaps_ingestion.py
[2026-03-09T09:58:34.376+0000] {processor.py:925} INFO - DAG(s) '02_travel_gmaps_ingestion' retrieved from /opt/airflow/dags/02_travel_gmaps_ingestion.py
[2026-03-09T09:58:34.407+0000] {logging_mixin.py:190} INFO - [2026-03-09T09:58:34.407+0000] {dag.py:3239} INFO - Sync 1 DAGs
[2026-03-09T09:58:34.436+0000] {logging_mixin.py:190} INFO - [2026-03-09T09:58:34.435+0000] {dag.py:4180} INFO - Setting next_dagrun for 02_travel_gmaps_ingestion to 2026-03-08 14:00:00+00:00, run_after=2026-03-09 08:00:00+00:00
[2026-03-09T09:58:34.470+0000] {processor.py:208} INFO - Processing /opt/airflow/dags/02_travel_gmaps_ingestion.py took 0.133 seconds
[2026-03-09T09:59:05.024+0000] {processor.py:186} INFO - Started process (PID=9496) to work on /opt/airflow/dags/02_travel_gmaps_ingestion.py
[2026-03-09T09:59:05.025+0000] {processor.py:914} INFO - Processing file /opt/airflow/dags/02_travel_gmaps_ingestion.py for tasks to queue
[2026-03-09T09:59:05.028+0000] {logging_mixin.py:190} INFO - [2026-03-09T09:59:05.028+0000] {dagbag.py:588} INFO - Filling up the DagBag from /opt/airflow/dags/02_travel_gmaps_ingestion.py
[2026-03-09T09:59:05.046+0000] {processor.py:925} INFO - DAG(s) '02_travel_gmaps_ingestion' retrieved from /opt/airflow/dags/02_travel_gmaps_ingestion.py
[2026-03-09T09:59:05.078+0000] {logging_mixin.py:190} INFO - [2026-03-09T09:59:05.078+0000] {dag.py:3239} INFO - Sync 1 DAGs
[2026-03-09T09:59:05.105+0000] {logging_mixin.py:190} INFO - [2026-03-09T09:59:05.105+0000] {dag.py:4180} INFO - Setting next_dagrun for 02_travel_gmaps_ingestion to 2026-03-08 14:00:00+00:00, run_after=2026-03-09 08:00:00+00:00
[2026-03-09T09:59:05.330+0000] {processor.py:208} INFO - Processing /opt/airflow/dags/02_travel_gmaps_ingestion.py took 0.313 seconds
[2026-03-09T09:59:36.021+0000] {processor.py:186} INFO - Started process (PID=9516) to work on /opt/airflow/dags/02_travel_gmaps_ingestion.py
[2026-03-09T09:59:36.022+0000] {processor.py:914} INFO - Processing file /opt/airflow/dags/02_travel_gmaps_ingestion.py for tasks to queue
[2026-03-09T09:59:36.025+0000] {logging_mixin.py:190} INFO - [2026-03-09T09:59:36.024+0000] {dagbag.py:588} INFO - Filling up the DagBag from /opt/airflow/dags/02_travel_gmaps_ingestion.py
[2026-03-09T09:59:36.054+0000] {processor.py:925} INFO - DAG(s) '02_travel_gmaps_ingestion' retrieved from /opt/airflow/dags/02_travel_gmaps_ingestion.py
[2026-03-09T09:59:36.103+0000] {logging_mixin.py:190} INFO - [2026-03-09T09:59:36.103+0000] {dag.py:3239} INFO - Sync 1 DAGs
[2026-03-09T09:59:36.355+0000] {logging_mixin.py:190} INFO - [2026-03-09T09:59:36.354+0000] {dag.py:4180} INFO - Setting next_dagrun for 02_travel_gmaps_ingestion to 2026-03-08 14:00:00+00:00, run_after=2026-03-09 08:00:00+00:00
[2026-03-09T09:59:36.384+0000] {processor.py:208} INFO - Processing /opt/airflow/dags/02_travel_gmaps_ingestion.py took 0.370 seconds
[2026-03-09T10:00:06.769+0000] {processor.py:186} INFO - Started process (PID=9552) to work on /opt/airflow/dags/02_travel_gmaps_ingestion.py
[2026-03-09T10:00:06.771+0000] {processor.py:914} INFO - Processing file /opt/airflow/dags/02_travel_gmaps_ingestion.py for tasks to queue
[2026-03-09T10:00:06.777+0000] {logging_mixin.py:190} INFO - [2026-03-09T10:00:06.776+0000] {dagbag.py:588} INFO - Filling up the DagBag from /opt/airflow/dags/02_travel_gmaps_ingestion.py
[2026-03-09T10:00:06.833+0000] {processor.py:925} INFO - DAG(s) '02_travel_gmaps_ingestion' retrieved from /opt/airflow/dags/02_travel_gmaps_ingestion.py
[2026-03-09T10:00:06.890+0000] {logging_mixin.py:190} INFO - [2026-03-09T10:00:06.889+0000] {dag.py:3239} INFO - Sync 1 DAGs
[2026-03-09T10:00:06.937+0000] {logging_mixin.py:190} INFO - [2026-03-09T10:00:06.936+0000] {dag.py:4180} INFO - Setting next_dagrun for 02_travel_gmaps_ingestion to 2026-03-08 14:00:00+00:00, run_after=2026-03-09 08:00:00+00:00
[2026-03-09T10:00:06.967+0000] {processor.py:208} INFO - Processing /opt/airflow/dags/02_travel_gmaps_ingestion.py took 0.208 seconds
[2026-03-09T10:00:37.574+0000] {processor.py:186} INFO - Started process (PID=9572) to work on /opt/airflow/dags/02_travel_gmaps_ingestion.py
[2026-03-09T10:00:37.577+0000] {processor.py:914} INFO - Processing file /opt/airflow/dags/02_travel_gmaps_ingestion.py for tasks to queue
[2026-03-09T10:00:37.582+0000] {logging_mixin.py:190} INFO - [2026-03-09T10:00:37.581+0000] {dagbag.py:588} INFO - Filling up the DagBag from /opt/airflow/dags/02_travel_gmaps_ingestion.py
[2026-03-09T10:00:37.613+0000] {processor.py:925} INFO - DAG(s) '02_travel_gmaps_ingestion' retrieved from /opt/airflow/dags/02_travel_gmaps_ingestion.py
[2026-03-09T10:00:37.645+0000] {logging_mixin.py:190} INFO - [2026-03-09T10:00:37.645+0000] {dag.py:3239} INFO - Sync 1 DAGs
[2026-03-09T10:00:37.681+0000] {logging_mixin.py:190} INFO - [2026-03-09T10:00:37.681+0000] {dag.py:4180} INFO - Setting next_dagrun for 02_travel_gmaps_ingestion to 2026-03-08 14:00:00+00:00, run_after=2026-03-09 08:00:00+00:00
[2026-03-09T10:00:37.710+0000] {processor.py:208} INFO - Processing /opt/airflow/dags/02_travel_gmaps_ingestion.py took 0.144 seconds
[2026-03-09T10:01:08.294+0000] {processor.py:186} INFO - Started process (PID=9592) to work on /opt/airflow/dags/02_travel_gmaps_ingestion.py
[2026-03-09T10:01:08.295+0000] {processor.py:914} INFO - Processing file /opt/airflow/dags/02_travel_gmaps_ingestion.py for tasks to queue
[2026-03-09T10:01:08.299+0000] {logging_mixin.py:190} INFO - [2026-03-09T10:01:08.298+0000] {dagbag.py:588} INFO - Filling up the DagBag from /opt/airflow/dags/02_travel_gmaps_ingestion.py
[2026-03-09T10:01:08.327+0000] {processor.py:925} INFO - DAG(s) '02_travel_gmaps_ingestion' retrieved from /opt/airflow/dags/02_travel_gmaps_ingestion.py
[2026-03-09T10:01:08.358+0000] {logging_mixin.py:190} INFO - [2026-03-09T10:01:08.358+0000] {dag.py:3239} INFO - Sync 1 DAGs
[2026-03-09T10:01:08.395+0000] {logging_mixin.py:190} INFO - [2026-03-09T10:01:08.394+0000] {dag.py:4180} INFO - Setting next_dagrun for 02_travel_gmaps_ingestion to 2026-03-08 14:00:00+00:00, run_after=2026-03-09 08:00:00+00:00
[2026-03-09T10:01:08.427+0000] {processor.py:208} INFO - Processing /opt/airflow/dags/02_travel_gmaps_ingestion.py took 0.140 seconds
[2026-03-09T10:01:39.106+0000] {processor.py:186} INFO - Started process (PID=9612) to work on /opt/airflow/dags/02_travel_gmaps_ingestion.py
[2026-03-09T10:01:39.107+0000] {processor.py:914} INFO - Processing file /opt/airflow/dags/02_travel_gmaps_ingestion.py for tasks to queue
[2026-03-09T10:01:39.114+0000] {logging_mixin.py:190} INFO - [2026-03-09T10:01:39.114+0000] {dagbag.py:588} INFO - Filling up the DagBag from /opt/airflow/dags/02_travel_gmaps_ingestion.py
[2026-03-09T10:01:39.136+0000] {processor.py:925} INFO - DAG(s) '02_travel_gmaps_ingestion' retrieved from /opt/airflow/dags/02_travel_gmaps_ingestion.py
[2026-03-09T10:01:39.170+0000] {logging_mixin.py:190} INFO - [2026-03-09T10:01:39.169+0000] {dag.py:3239} INFO - Sync 1 DAGs
[2026-03-09T10:01:39.202+0000] {logging_mixin.py:190} INFO - [2026-03-09T10:01:39.202+0000] {dag.py:4180} INFO - Setting next_dagrun for 02_travel_gmaps_ingestion to 2026-03-08 14:00:00+00:00, run_after=2026-03-09 08:00:00+00:00
[2026-03-09T10:01:39.234+0000] {processor.py:208} INFO - Processing /opt/airflow/dags/02_travel_gmaps_ingestion.py took 0.136 seconds
[2026-03-09T10:02:09.869+0000] {processor.py:186} INFO - Started process (PID=9632) to work on /opt/airflow/dags/02_travel_gmaps_ingestion.py
[2026-03-09T10:02:09.870+0000] {processor.py:914} INFO - Processing file /opt/airflow/dags/02_travel_gmaps_ingestion.py for tasks to queue
[2026-03-09T10:02:09.874+0000] {logging_mixin.py:190} INFO - [2026-03-09T10:02:09.874+0000] {dagbag.py:588} INFO - Filling up the DagBag from /opt/airflow/dags/02_travel_gmaps_ingestion.py
[2026-03-09T10:02:09.895+0000] {processor.py:925} INFO - DAG(s) '02_travel_gmaps_ingestion' retrieved from /opt/airflow/dags/02_travel_gmaps_ingestion.py
[2026-03-09T10:02:09.935+0000] {logging_mixin.py:190} INFO - [2026-03-09T10:02:09.935+0000] {dag.py:3239} INFO - Sync 1 DAGs
[2026-03-09T10:02:09.968+0000] {logging_mixin.py:190} INFO - [2026-03-09T10:02:09.968+0000] {dag.py:4180} INFO - Setting next_dagrun for 02_travel_gmaps_ingestion to 2026-03-08 14:00:00+00:00, run_after=2026-03-09 08:00:00+00:00
[2026-03-09T10:02:10.216+0000] {processor.py:208} INFO - Processing /opt/airflow/dags/02_travel_gmaps_ingestion.py took 0.357 seconds
[2026-03-09T10:02:40.881+0000] {processor.py:186} INFO - Started process (PID=9652) to work on /opt/airflow/dags/02_travel_gmaps_ingestion.py
[2026-03-09T10:02:40.882+0000] {processor.py:914} INFO - Processing file /opt/airflow/dags/02_travel_gmaps_ingestion.py for tasks to queue
[2026-03-09T10:02:40.884+0000] {logging_mixin.py:190} INFO - [2026-03-09T10:02:40.884+0000] {dagbag.py:588} INFO - Filling up the DagBag from /opt/airflow/dags/02_travel_gmaps_ingestion.py
[2026-03-09T10:02:40.902+0000] {processor.py:925} INFO - DAG(s) '02_travel_gmaps_ingestion' retrieved from /opt/airflow/dags/02_travel_gmaps_ingestion.py
[2026-03-09T10:02:40.931+0000] {logging_mixin.py:190} INFO - [2026-03-09T10:02:40.931+0000] {dag.py:3239} INFO - Sync 1 DAGs
[2026-03-09T10:02:40.959+0000] {logging_mixin.py:190} INFO - [2026-03-09T10:02:40.959+0000] {dag.py:4180} INFO - Setting next_dagrun for 02_travel_gmaps_ingestion to 2026-03-08 14:00:00+00:00, run_after=2026-03-09 08:00:00+00:00
[2026-03-09T10:02:40.989+0000] {processor.py:208} INFO - Processing /opt/airflow/dags/02_travel_gmaps_ingestion.py took 0.115 seconds
[2026-03-09T10:03:11.799+0000] {processor.py:186} INFO - Started process (PID=9672) to work on /opt/airflow/dags/02_travel_gmaps_ingestion.py
[2026-03-09T10:03:11.801+0000] {processor.py:914} INFO - Processing file /opt/airflow/dags/02_travel_gmaps_ingestion.py for tasks to queue
[2026-03-09T10:03:11.805+0000] {logging_mixin.py:190} INFO - [2026-03-09T10:03:11.805+0000] {dagbag.py:588} INFO - Filling up the DagBag from /opt/airflow/dags/02_travel_gmaps_ingestion.py
[2026-03-09T10:03:11.835+0000] {processor.py:925} INFO - DAG(s) '02_travel_gmaps_ingestion' retrieved from /opt/airflow/dags/02_travel_gmaps_ingestion.py
[2026-03-09T10:03:11.867+0000] {logging_mixin.py:190} INFO - [2026-03-09T10:03:11.867+0000] {dag.py:3239} INFO - Sync 1 DAGs
[2026-03-09T10:03:11.895+0000] {logging_mixin.py:190} INFO - [2026-03-09T10:03:11.895+0000] {dag.py:4180} INFO - Setting next_dagrun for 02_travel_gmaps_ingestion to 2026-03-08 14:00:00+00:00, run_after=2026-03-09 08:00:00+00:00
[2026-03-09T10:03:11.923+0000] {processor.py:208} INFO - Processing /opt/airflow/dags/02_travel_gmaps_ingestion.py took 0.133 seconds
[2026-03-09T10:03:42.491+0000] {processor.py:186} INFO - Started process (PID=9692) to work on /opt/airflow/dags/02_travel_gmaps_ingestion.py
[2026-03-09T10:03:42.493+0000] {processor.py:914} INFO - Processing file /opt/airflow/dags/02_travel_gmaps_ingestion.py for tasks to queue
[2026-03-09T10:03:42.496+0000] {logging_mixin.py:190} INFO - [2026-03-09T10:03:42.495+0000] {dagbag.py:588} INFO - Filling up the DagBag from /opt/airflow/dags/02_travel_gmaps_ingestion.py
[2026-03-09T10:03:42.520+0000] {processor.py:925} INFO - DAG(s) '02_travel_gmaps_ingestion' retrieved from /opt/airflow/dags/02_travel_gmaps_ingestion.py
[2026-03-09T10:03:42.549+0000] {logging_mixin.py:190} INFO - [2026-03-09T10:03:42.549+0000] {dag.py:3239} INFO - Sync 1 DAGs
[2026-03-09T10:03:42.578+0000] {logging_mixin.py:190} INFO - [2026-03-09T10:03:42.578+0000] {dag.py:4180} INFO - Setting next_dagrun for 02_travel_gmaps_ingestion to 2026-03-08 14:00:00+00:00, run_after=2026-03-09 08:00:00+00:00
[2026-03-09T10:03:42.609+0000] {processor.py:208} INFO - Processing /opt/airflow/dags/02_travel_gmaps_ingestion.py took 0.125 seconds
[2026-03-09T10:04:13.260+0000] {processor.py:186} INFO - Started process (PID=9712) to work on /opt/airflow/dags/02_travel_gmaps_ingestion.py
[2026-03-09T10:04:13.263+0000] {processor.py:914} INFO - Processing file /opt/airflow/dags/02_travel_gmaps_ingestion.py for tasks to queue
[2026-03-09T10:04:13.268+0000] {logging_mixin.py:190} INFO - [2026-03-09T10:04:13.267+0000] {dagbag.py:588} INFO - Filling up the DagBag from /opt/airflow/dags/02_travel_gmaps_ingestion.py
[2026-03-09T10:04:13.302+0000] {processor.py:925} INFO - DAG(s) '02_travel_gmaps_ingestion' retrieved from /opt/airflow/dags/02_travel_gmaps_ingestion.py
[2026-03-09T10:04:13.353+0000] {logging_mixin.py:190} INFO - [2026-03-09T10:04:13.353+0000] {dag.py:3239} INFO - Sync 1 DAGs
[2026-03-09T10:04:13.394+0000] {logging_mixin.py:190} INFO - [2026-03-09T10:04:13.393+0000] {dag.py:4180} INFO - Setting next_dagrun for 02_travel_gmaps_ingestion to 2026-03-08 14:00:00+00:00, run_after=2026-03-09 08:00:00+00:00
[2026-03-09T10:04:13.428+0000] {processor.py:208} INFO - Processing /opt/airflow/dags/02_travel_gmaps_ingestion.py took 0.179 seconds
[2026-03-09T10:04:44.164+0000] {processor.py:186} INFO - Started process (PID=9732) to work on /opt/airflow/dags/02_travel_gmaps_ingestion.py
[2026-03-09T10:04:44.167+0000] {processor.py:914} INFO - Processing file /opt/airflow/dags/02_travel_gmaps_ingestion.py for tasks to queue
[2026-03-09T10:04:44.171+0000] {logging_mixin.py:190} INFO - [2026-03-09T10:04:44.170+0000] {dagbag.py:588} INFO - Filling up the DagBag from /opt/airflow/dags/02_travel_gmaps_ingestion.py
[2026-03-09T10:04:44.196+0000] {processor.py:925} INFO - DAG(s) '02_travel_gmaps_ingestion' retrieved from /opt/airflow/dags/02_travel_gmaps_ingestion.py
[2026-03-09T10:04:44.241+0000] {logging_mixin.py:190} INFO - [2026-03-09T10:04:44.241+0000] {dag.py:3239} INFO - Sync 1 DAGs
[2026-03-09T10:04:44.287+0000] {logging_mixin.py:190} INFO - [2026-03-09T10:04:44.287+0000] {dag.py:4180} INFO - Setting next_dagrun for 02_travel_gmaps_ingestion to 2026-03-08 14:00:00+00:00, run_after=2026-03-09 08:00:00+00:00
[2026-03-09T10:04:44.708+0000] {processor.py:208} INFO - Processing /opt/airflow/dags/02_travel_gmaps_ingestion.py took 0.556 seconds
[2026-03-09T10:05:15.538+0000] {processor.py:186} INFO - Started process (PID=9752) to work on /opt/airflow/dags/02_travel_gmaps_ingestion.py
[2026-03-09T10:05:15.540+0000] {processor.py:914} INFO - Processing file /opt/airflow/dags/02_travel_gmaps_ingestion.py for tasks to queue
[2026-03-09T10:05:15.545+0000] {logging_mixin.py:190} INFO - [2026-03-09T10:05:15.544+0000] {dagbag.py:588} INFO - Filling up the DagBag from /opt/airflow/dags/02_travel_gmaps_ingestion.py
[2026-03-09T10:05:15.576+0000] {processor.py:925} INFO - DAG(s) '02_travel_gmaps_ingestion' retrieved from /opt/airflow/dags/02_travel_gmaps_ingestion.py
[2026-03-09T10:05:15.614+0000] {logging_mixin.py:190} INFO - [2026-03-09T10:05:15.614+0000] {dag.py:3239} INFO - Sync 1 DAGs
[2026-03-09T10:05:15.870+0000] {logging_mixin.py:190} INFO - [2026-03-09T10:05:15.870+0000] {dag.py:4180} INFO - Setting next_dagrun for 02_travel_gmaps_ingestion to 2026-03-08 14:00:00+00:00, run_after=2026-03-09 08:00:00+00:00
[2026-03-09T10:05:15.903+0000] {processor.py:208} INFO - Processing /opt/airflow/dags/02_travel_gmaps_ingestion.py took 0.374 seconds
[2026-03-09T10:05:46.031+0000] {processor.py:186} INFO - Started process (PID=9772) to work on /opt/airflow/dags/02_travel_gmaps_ingestion.py
[2026-03-09T10:05:46.032+0000] {processor.py:914} INFO - Processing file /opt/airflow/dags/02_travel_gmaps_ingestion.py for tasks to queue
[2026-03-09T10:05:46.037+0000] {logging_mixin.py:190} INFO - [2026-03-09T10:05:46.036+0000] {dagbag.py:588} INFO - Filling up the DagBag from /opt/airflow/dags/02_travel_gmaps_ingestion.py
[2026-03-09T10:05:46.064+0000] {processor.py:925} INFO - DAG(s) '02_travel_gmaps_ingestion' retrieved from /opt/airflow/dags/02_travel_gmaps_ingestion.py
[2026-03-09T10:05:46.101+0000] {logging_mixin.py:190} INFO - [2026-03-09T10:05:46.101+0000] {dag.py:3239} INFO - Sync 1 DAGs
[2026-03-09T10:05:46.133+0000] {logging_mixin.py:190} INFO - [2026-03-09T10:05:46.133+0000] {dag.py:4180} INFO - Setting next_dagrun for 02_travel_gmaps_ingestion to 2026-03-08 14:00:00+00:00, run_after=2026-03-09 08:00:00+00:00
[2026-03-09T10:05:46.161+0000] {processor.py:208} INFO - Processing /opt/airflow/dags/02_travel_gmaps_ingestion.py took 0.137 seconds
[2026-03-09T10:06:16.707+0000] {processor.py:186} INFO - Started process (PID=9792) to work on /opt/airflow/dags/02_travel_gmaps_ingestion.py
[2026-03-09T10:06:16.709+0000] {processor.py:914} INFO - Processing file /opt/airflow/dags/02_travel_gmaps_ingestion.py for tasks to queue
[2026-03-09T10:06:16.713+0000] {logging_mixin.py:190} INFO - [2026-03-09T10:06:16.712+0000] {dagbag.py:588} INFO - Filling up the DagBag from /opt/airflow/dags/02_travel_gmaps_ingestion.py
[2026-03-09T10:06:16.737+0000] {processor.py:925} INFO - DAG(s) '02_travel_gmaps_ingestion' retrieved from /opt/airflow/dags/02_travel_gmaps_ingestion.py
[2026-03-09T10:06:16.772+0000] {logging_mixin.py:190} INFO - [2026-03-09T10:06:16.771+0000] {dag.py:3239} INFO - Sync 1 DAGs
[2026-03-09T10:06:16.809+0000] {logging_mixin.py:190} INFO - [2026-03-09T10:06:16.809+0000] {dag.py:4180} INFO - Setting next_dagrun for 02_travel_gmaps_ingestion to 2026-03-08 14:00:00+00:00, run_after=2026-03-09 08:00:00+00:00
[2026-03-09T10:06:16.840+0000] {processor.py:208} INFO - Processing /opt/airflow/dags/02_travel_gmaps_ingestion.py took 0.142 seconds
[2026-03-09T10:06:47.488+0000] {processor.py:186} INFO - Started process (PID=9812) to work on /opt/airflow/dags/02_travel_gmaps_ingestion.py
[2026-03-09T10:06:47.490+0000] {processor.py:914} INFO - Processing file /opt/airflow/dags/02_travel_gmaps_ingestion.py for tasks to queue
[2026-03-09T10:06:47.493+0000] {logging_mixin.py:190} INFO - [2026-03-09T10:06:47.492+0000] {dagbag.py:588} INFO - Filling up the DagBag from /opt/airflow/dags/02_travel_gmaps_ingestion.py
[2026-03-09T10:06:47.514+0000] {processor.py:925} INFO - DAG(s) '02_travel_gmaps_ingestion' retrieved from /opt/airflow/dags/02_travel_gmaps_ingestion.py
[2026-03-09T10:06:47.550+0000] {logging_mixin.py:190} INFO - [2026-03-09T10:06:47.550+0000] {dag.py:3239} INFO - Sync 1 DAGs
[2026-03-09T10:06:47.580+0000] {logging_mixin.py:190} INFO - [2026-03-09T10:06:47.580+0000] {dag.py:4180} INFO - Setting next_dagrun for 02_travel_gmaps_ingestion to 2026-03-08 14:00:00+00:00, run_after=2026-03-09 08:00:00+00:00
[2026-03-09T10:06:47.606+0000] {processor.py:208} INFO - Processing /opt/airflow/dags/02_travel_gmaps_ingestion.py took 0.124 seconds
[2026-03-09T10:07:18.212+0000] {processor.py:186} INFO - Started process (PID=9832) to work on /opt/airflow/dags/02_travel_gmaps_ingestion.py
[2026-03-09T10:07:18.214+0000] {processor.py:914} INFO - Processing file /opt/airflow/dags/02_travel_gmaps_ingestion.py for tasks to queue
[2026-03-09T10:07:18.219+0000] {logging_mixin.py:190} INFO - [2026-03-09T10:07:18.218+0000] {dagbag.py:588} INFO - Filling up the DagBag from /opt/airflow/dags/02_travel_gmaps_ingestion.py
[2026-03-09T10:07:18.257+0000] {processor.py:925} INFO - DAG(s) '02_travel_gmaps_ingestion' retrieved from /opt/airflow/dags/02_travel_gmaps_ingestion.py
[2026-03-09T10:07:18.307+0000] {logging_mixin.py:190} INFO - [2026-03-09T10:07:18.307+0000] {dag.py:3239} INFO - Sync 1 DAGs
[2026-03-09T10:07:18.359+0000] {logging_mixin.py:190} INFO - [2026-03-09T10:07:18.358+0000] {dag.py:4180} INFO - Setting next_dagrun for 02_travel_gmaps_ingestion to 2026-03-08 14:00:00+00:00, run_after=2026-03-09 08:00:00+00:00
[2026-03-09T10:07:18.388+0000] {processor.py:208} INFO - Processing /opt/airflow/dags/02_travel_gmaps_ingestion.py took 0.185 seconds
[2026-03-09T10:07:48.975+0000] {processor.py:186} INFO - Started process (PID=9852) to work on /opt/airflow/dags/02_travel_gmaps_ingestion.py
[2026-03-09T10:07:48.977+0000] {processor.py:914} INFO - Processing file /opt/airflow/dags/02_travel_gmaps_ingestion.py for tasks to queue
[2026-03-09T10:07:48.983+0000] {logging_mixin.py:190} INFO - [2026-03-09T10:07:48.982+0000] {dagbag.py:588} INFO - Filling up the DagBag from /opt/airflow/dags/02_travel_gmaps_ingestion.py
[2026-03-09T10:07:49.009+0000] {processor.py:925} INFO - DAG(s) '02_travel_gmaps_ingestion' retrieved from /opt/airflow/dags/02_travel_gmaps_ingestion.py
[2026-03-09T10:07:49.049+0000] {logging_mixin.py:190} INFO - [2026-03-09T10:07:49.048+0000] {dag.py:3239} INFO - Sync 1 DAGs
[2026-03-09T10:07:49.090+0000] {logging_mixin.py:190} INFO - [2026-03-09T10:07:49.089+0000] {dag.py:4180} INFO - Setting next_dagrun for 02_travel_gmaps_ingestion to 2026-03-08 14:00:00+00:00, run_after=2026-03-09 08:00:00+00:00
[2026-03-09T10:07:50.087+0000] {processor.py:208} INFO - Processing /opt/airflow/dags/02_travel_gmaps_ingestion.py took 1.120 seconds
[2026-03-09T10:08:21.013+0000] {processor.py:186} INFO - Started process (PID=9872) to work on /opt/airflow/dags/02_travel_gmaps_ingestion.py
[2026-03-09T10:08:21.014+0000] {processor.py:914} INFO - Processing file /opt/airflow/dags/02_travel_gmaps_ingestion.py for tasks to queue
[2026-03-09T10:08:21.017+0000] {logging_mixin.py:190} INFO - [2026-03-09T10:08:21.017+0000] {dagbag.py:588} INFO - Filling up the DagBag from /opt/airflow/dags/02_travel_gmaps_ingestion.py
[2026-03-09T10:08:21.045+0000] {processor.py:925} INFO - DAG(s) '02_travel_gmaps_ingestion' retrieved from /opt/airflow/dags/02_travel_gmaps_ingestion.py
[2026-03-09T10:08:21.095+0000] {logging_mixin.py:190} INFO - [2026-03-09T10:08:21.095+0000] {dag.py:3239} INFO - Sync 1 DAGs
[2026-03-09T10:08:21.138+0000] {logging_mixin.py:190} INFO - [2026-03-09T10:08:21.137+0000] {dag.py:4180} INFO - Setting next_dagrun for 02_travel_gmaps_ingestion to 2026-03-08 14:00:00+00:00, run_after=2026-03-09 08:00:00+00:00
[2026-03-09T10:08:21.184+0000] {processor.py:208} INFO - Processing /opt/airflow/dags/02_travel_gmaps_ingestion.py took 0.179 seconds
[2026-03-09T10:08:51.746+0000] {processor.py:186} INFO - Started process (PID=9892) to work on /opt/airflow/dags/02_travel_gmaps_ingestion.py
[2026-03-09T10:08:51.747+0000] {processor.py:914} INFO - Processing file /opt/airflow/dags/02_travel_gmaps_ingestion.py for tasks to queue
[2026-03-09T10:08:51.753+0000] {logging_mixin.py:190} INFO - [2026-03-09T10:08:51.752+0000] {dagbag.py:588} INFO - Filling up the DagBag from /opt/airflow/dags/02_travel_gmaps_ingestion.py
[2026-03-09T10:08:51.793+0000] {processor.py:925} INFO - DAG(s) '02_travel_gmaps_ingestion' retrieved from /opt/airflow/dags/02_travel_gmaps_ingestion.py
[2026-03-09T10:08:51.845+0000] {logging_mixin.py:190} INFO - [2026-03-09T10:08:51.845+0000] {dag.py:3239} INFO - Sync 1 DAGs
[2026-03-09T10:08:51.906+0000] {logging_mixin.py:190} INFO - [2026-03-09T10:08:51.905+0000] {dag.py:4180} INFO - Setting next_dagrun for 02_travel_gmaps_ingestion to 2026-03-08 14:00:00+00:00, run_after=2026-03-09 08:00:00+00:00
[2026-03-09T10:08:51.942+0000] {processor.py:208} INFO - Processing /opt/airflow/dags/02_travel_gmaps_ingestion.py took 0.206 seconds
[2026-03-09T10:09:22.622+0000] {processor.py:186} INFO - Started process (PID=9912) to work on /opt/airflow/dags/02_travel_gmaps_ingestion.py
[2026-03-09T10:09:22.624+0000] {processor.py:914} INFO - Processing file /opt/airflow/dags/02_travel_gmaps_ingestion.py for tasks to queue
[2026-03-09T10:09:22.627+0000] {logging_mixin.py:190} INFO - [2026-03-09T10:09:22.627+0000] {dagbag.py:588} INFO - Filling up the DagBag from /opt/airflow/dags/02_travel_gmaps_ingestion.py
[2026-03-09T10:09:22.663+0000] {processor.py:925} INFO - DAG(s) '02_travel_gmaps_ingestion' retrieved from /opt/airflow/dags/02_travel_gmaps_ingestion.py
[2026-03-09T10:09:22.721+0000] {logging_mixin.py:190} INFO - [2026-03-09T10:09:22.720+0000] {dag.py:3239} INFO - Sync 1 DAGs
[2026-03-09T10:09:22.767+0000] {logging_mixin.py:190} INFO - [2026-03-09T10:09:22.766+0000] {dag.py:4180} INFO - Setting next_dagrun for 02_travel_gmaps_ingestion to 2026-03-08 14:00:00+00:00, run_after=2026-03-09 08:00:00+00:00
[2026-03-09T10:09:22.796+0000] {processor.py:208} INFO - Processing /opt/airflow/dags/02_travel_gmaps_ingestion.py took 0.186 seconds
[2026-03-09T10:09:53.515+0000] {processor.py:186} INFO - Started process (PID=9932) to work on /opt/airflow/dags/02_travel_gmaps_ingestion.py
[2026-03-09T10:09:53.516+0000] {processor.py:914} INFO - Processing file /opt/airflow/dags/02_travel_gmaps_ingestion.py for tasks to queue
[2026-03-09T10:09:53.519+0000] {logging_mixin.py:190} INFO - [2026-03-09T10:09:53.519+0000] {dagbag.py:588} INFO - Filling up the DagBag from /opt/airflow/dags/02_travel_gmaps_ingestion.py
[2026-03-09T10:09:53.540+0000] {processor.py:925} INFO - DAG(s) '02_travel_gmaps_ingestion' retrieved from /opt/airflow/dags/02_travel_gmaps_ingestion.py
[2026-03-09T10:09:53.572+0000] {logging_mixin.py:190} INFO - [2026-03-09T10:09:53.572+0000] {dag.py:3239} INFO - Sync 1 DAGs
[2026-03-09T10:09:53.600+0000] {logging_mixin.py:190} INFO - [2026-03-09T10:09:53.600+0000] {dag.py:4180} INFO - Setting next_dagrun for 02_travel_gmaps_ingestion to 2026-03-08 14:00:00+00:00, run_after=2026-03-09 08:00:00+00:00
[2026-03-09T10:09:53.630+0000] {processor.py:208} INFO - Processing /opt/airflow/dags/02_travel_gmaps_ingestion.py took 0.124 seconds
[2026-03-09T10:10:24.389+0000] {processor.py:186} INFO - Started process (PID=9952) to work on /opt/airflow/dags/02_travel_gmaps_ingestion.py
[2026-03-09T10:10:24.391+0000] {processor.py:914} INFO - Processing file /opt/airflow/dags/02_travel_gmaps_ingestion.py for tasks to queue
[2026-03-09T10:10:24.393+0000] {logging_mixin.py:190} INFO - [2026-03-09T10:10:24.393+0000] {dagbag.py:588} INFO - Filling up the DagBag from /opt/airflow/dags/02_travel_gmaps_ingestion.py
[2026-03-09T10:10:24.415+0000] {processor.py:925} INFO - DAG(s) '02_travel_gmaps_ingestion' retrieved from /opt/airflow/dags/02_travel_gmaps_ingestion.py
[2026-03-09T10:10:24.451+0000] {logging_mixin.py:190} INFO - [2026-03-09T10:10:24.450+0000] {dag.py:3239} INFO - Sync 1 DAGs
[2026-03-09T10:10:24.479+0000] {logging_mixin.py:190} INFO - [2026-03-09T10:10:24.479+0000] {dag.py:4180} INFO - Setting next_dagrun for 02_travel_gmaps_ingestion to 2026-03-08 14:00:00+00:00, run_after=2026-03-09 08:00:00+00:00
[2026-03-09T10:10:24.980+0000] {processor.py:208} INFO - Processing /opt/airflow/dags/02_travel_gmaps_ingestion.py took 0.597 seconds
[2026-03-09T10:10:55.877+0000] {processor.py:186} INFO - Started process (PID=9972) to work on /opt/airflow/dags/02_travel_gmaps_ingestion.py
[2026-03-09T10:10:55.878+0000] {processor.py:914} INFO - Processing file /opt/airflow/dags/02_travel_gmaps_ingestion.py for tasks to queue
[2026-03-09T10:10:55.882+0000] {logging_mixin.py:190} INFO - [2026-03-09T10:10:55.881+0000] {dagbag.py:588} INFO - Filling up the DagBag from /opt/airflow/dags/02_travel_gmaps_ingestion.py
[2026-03-09T10:10:55.900+0000] {processor.py:925} INFO - DAG(s) '02_travel_gmaps_ingestion' retrieved from /opt/airflow/dags/02_travel_gmaps_ingestion.py
[2026-03-09T10:10:55.932+0000] {logging_mixin.py:190} INFO - [2026-03-09T10:10:55.931+0000] {dag.py:3239} INFO - Sync 1 DAGs
[2026-03-09T10:10:56.161+0000] {logging_mixin.py:190} INFO - [2026-03-09T10:10:56.160+0000] {dag.py:4180} INFO - Setting next_dagrun for 02_travel_gmaps_ingestion to 2026-03-08 14:00:00+00:00, run_after=2026-03-09 08:00:00+00:00
[2026-03-09T10:10:56.186+0000] {processor.py:208} INFO - Processing /opt/airflow/dags/02_travel_gmaps_ingestion.py took 0.316 seconds
[2026-03-09T10:11:26.337+0000] {processor.py:186} INFO - Started process (PID=9992) to work on /opt/airflow/dags/02_travel_gmaps_ingestion.py
[2026-03-09T10:11:26.339+0000] {processor.py:914} INFO - Processing file /opt/airflow/dags/02_travel_gmaps_ingestion.py for tasks to queue
[2026-03-09T10:11:26.343+0000] {logging_mixin.py:190} INFO - [2026-03-09T10:11:26.342+0000] {dagbag.py:588} INFO - Filling up the DagBag from /opt/airflow/dags/02_travel_gmaps_ingestion.py
[2026-03-09T10:11:26.366+0000] {processor.py:925} INFO - DAG(s) '02_travel_gmaps_ingestion' retrieved from /opt/airflow/dags/02_travel_gmaps_ingestion.py
[2026-03-09T10:11:26.403+0000] {logging_mixin.py:190} INFO - [2026-03-09T10:11:26.402+0000] {dag.py:3239} INFO - Sync 1 DAGs
[2026-03-09T10:11:26.437+0000] {logging_mixin.py:190} INFO - [2026-03-09T10:11:26.437+0000] {dag.py:4180} INFO - Setting next_dagrun for 02_travel_gmaps_ingestion to 2026-03-08 14:00:00+00:00, run_after=2026-03-09 08:00:00+00:00
[2026-03-09T10:11:26.468+0000] {processor.py:208} INFO - Processing /opt/airflow/dags/02_travel_gmaps_ingestion.py took 0.139 seconds
[2026-03-09T10:11:56.952+0000] {processor.py:186} INFO - Started process (PID=10012) to work on /opt/airflow/dags/02_travel_gmaps_ingestion.py
[2026-03-09T10:11:56.953+0000] {processor.py:914} INFO - Processing file /opt/airflow/dags/02_travel_gmaps_ingestion.py for tasks to queue
[2026-03-09T10:11:56.956+0000] {logging_mixin.py:190} INFO - [2026-03-09T10:11:56.956+0000] {dagbag.py:588} INFO - Filling up the DagBag from /opt/airflow/dags/02_travel_gmaps_ingestion.py
[2026-03-09T10:11:56.978+0000] {processor.py:925} INFO - DAG(s) '02_travel_gmaps_ingestion' retrieved from /opt/airflow/dags/02_travel_gmaps_ingestion.py
[2026-03-09T10:11:57.014+0000] {logging_mixin.py:190} INFO - [2026-03-09T10:11:57.014+0000] {dag.py:3239} INFO - Sync 1 DAGs
[2026-03-09T10:11:57.050+0000] {logging_mixin.py:190} INFO - [2026-03-09T10:11:57.050+0000] {dag.py:4180} INFO - Setting next_dagrun for 02_travel_gmaps_ingestion to 2026-03-08 14:00:00+00:00, run_after=2026-03-09 08:00:00+00:00
[2026-03-09T10:11:57.078+0000] {processor.py:208} INFO - Processing /opt/airflow/dags/02_travel_gmaps_ingestion.py took 0.134 seconds
[2026-03-09T10:12:27.748+0000] {processor.py:186} INFO - Started process (PID=10032) to work on /opt/airflow/dags/02_travel_gmaps_ingestion.py
[2026-03-09T10:12:27.750+0000] {processor.py:914} INFO - Processing file /opt/airflow/dags/02_travel_gmaps_ingestion.py for tasks to queue
[2026-03-09T10:12:27.753+0000] {logging_mixin.py:190} INFO - [2026-03-09T10:12:27.752+0000] {dagbag.py:588} INFO - Filling up the DagBag from /opt/airflow/dags/02_travel_gmaps_ingestion.py
[2026-03-09T10:12:27.775+0000] {processor.py:925} INFO - DAG(s) '02_travel_gmaps_ingestion' retrieved from /opt/airflow/dags/02_travel_gmaps_ingestion.py
[2026-03-09T10:12:27.810+0000] {logging_mixin.py:190} INFO - [2026-03-09T10:12:27.810+0000] {dag.py:3239} INFO - Sync 1 DAGs
[2026-03-09T10:12:27.840+0000] {logging_mixin.py:190} INFO - [2026-03-09T10:12:27.839+0000] {dag.py:4180} INFO - Setting next_dagrun for 02_travel_gmaps_ingestion to 2026-03-08 14:00:00+00:00, run_after=2026-03-09 08:00:00+00:00
[2026-03-09T10:12:27.869+0000] {processor.py:208} INFO - Processing /opt/airflow/dags/02_travel_gmaps_ingestion.py took 0.127 seconds
[2026-03-09T10:12:58.438+0000] {processor.py:186} INFO - Started process (PID=10052) to work on /opt/airflow/dags/02_travel_gmaps_ingestion.py
[2026-03-09T10:12:58.440+0000] {processor.py:914} INFO - Processing file /opt/airflow/dags/02_travel_gmaps_ingestion.py for tasks to queue
[2026-03-09T10:12:58.444+0000] {logging_mixin.py:190} INFO - [2026-03-09T10:12:58.443+0000] {dagbag.py:588} INFO - Filling up the DagBag from /opt/airflow/dags/02_travel_gmaps_ingestion.py
[2026-03-09T10:12:58.479+0000] {processor.py:925} INFO - DAG(s) '02_travel_gmaps_ingestion' retrieved from /opt/airflow/dags/02_travel_gmaps_ingestion.py
[2026-03-09T10:12:58.529+0000] {logging_mixin.py:190} INFO - [2026-03-09T10:12:58.529+0000] {dag.py:3239} INFO - Sync 1 DAGs
[2026-03-09T10:12:58.564+0000] {logging_mixin.py:190} INFO - [2026-03-09T10:12:58.564+0000] {dag.py:4180} INFO - Setting next_dagrun for 02_travel_gmaps_ingestion to 2026-03-08 14:00:00+00:00, run_after=2026-03-09 08:00:00+00:00
[2026-03-09T10:12:58.593+0000] {processor.py:208} INFO - Processing /opt/airflow/dags/02_travel_gmaps_ingestion.py took 0.167 seconds
[2026-03-09T10:13:28.899+0000] {processor.py:186} INFO - Started process (PID=10072) to work on /opt/airflow/dags/02_travel_gmaps_ingestion.py
[2026-03-09T10:13:28.900+0000] {processor.py:914} INFO - Processing file /opt/airflow/dags/02_travel_gmaps_ingestion.py for tasks to queue
[2026-03-09T10:13:28.903+0000] {logging_mixin.py:190} INFO - [2026-03-09T10:13:28.903+0000] {dagbag.py:588} INFO - Filling up the DagBag from /opt/airflow/dags/02_travel_gmaps_ingestion.py
[2026-03-09T10:13:28.924+0000] {processor.py:925} INFO - DAG(s) '02_travel_gmaps_ingestion' retrieved from /opt/airflow/dags/02_travel_gmaps_ingestion.py
[2026-03-09T10:13:28.956+0000] {logging_mixin.py:190} INFO - [2026-03-09T10:13:28.955+0000] {dag.py:3239} INFO - Sync 1 DAGs
[2026-03-09T10:13:29.183+0000] {logging_mixin.py:190} INFO - [2026-03-09T10:13:29.183+0000] {dag.py:4180} INFO - Setting next_dagrun for 02_travel_gmaps_ingestion to 2026-03-08 14:00:00+00:00, run_after=2026-03-09 08:00:00+00:00
[2026-03-09T10:13:29.207+0000] {processor.py:208} INFO - Processing /opt/airflow/dags/02_travel_gmaps_ingestion.py took 0.315 seconds
[2026-03-09T10:13:59.870+0000] {processor.py:186} INFO - Started process (PID=10092) to work on /opt/airflow/dags/02_travel_gmaps_ingestion.py
[2026-03-09T10:13:59.872+0000] {processor.py:914} INFO - Processing file /opt/airflow/dags/02_travel_gmaps_ingestion.py for tasks to queue
[2026-03-09T10:13:59.877+0000] {logging_mixin.py:190} INFO - [2026-03-09T10:13:59.877+0000] {dagbag.py:588} INFO - Filling up the DagBag from /opt/airflow/dags/02_travel_gmaps_ingestion.py
[2026-03-09T10:13:59.908+0000] {processor.py:925} INFO - DAG(s) '02_travel_gmaps_ingestion' retrieved from /opt/airflow/dags/02_travel_gmaps_ingestion.py
[2026-03-09T10:13:59.944+0000] {logging_mixin.py:190} INFO - [2026-03-09T10:13:59.944+0000] {dag.py:3239} INFO - Sync 1 DAGs
[2026-03-09T10:13:59.975+0000] {logging_mixin.py:190} INFO - [2026-03-09T10:13:59.975+0000] {dag.py:4180} INFO - Setting next_dagrun for 02_travel_gmaps_ingestion to 2026-03-08 14:00:00+00:00, run_after=2026-03-09 08:00:00+00:00
[2026-03-09T10:14:00.002+0000] {processor.py:208} INFO - Processing /opt/airflow/dags/02_travel_gmaps_ingestion.py took 0.144 seconds
[2026-03-09T10:14:30.563+0000] {processor.py:186} INFO - Started process (PID=10112) to work on /opt/airflow/dags/02_travel_gmaps_ingestion.py
[2026-03-09T10:14:30.565+0000] {processor.py:914} INFO - Processing file /opt/airflow/dags/02_travel_gmaps_ingestion.py for tasks to queue
[2026-03-09T10:14:30.568+0000] {logging_mixin.py:190} INFO - [2026-03-09T10:14:30.567+0000] {dagbag.py:588} INFO - Filling up the DagBag from /opt/airflow/dags/02_travel_gmaps_ingestion.py
[2026-03-09T10:14:30.587+0000] {processor.py:925} INFO - DAG(s) '02_travel_gmaps_ingestion' retrieved from /opt/airflow/dags/02_travel_gmaps_ingestion.py
[2026-03-09T10:14:30.622+0000] {logging_mixin.py:190} INFO - [2026-03-09T10:14:30.621+0000] {dag.py:3239} INFO - Sync 1 DAGs
[2026-03-09T10:14:30.655+0000] {logging_mixin.py:190} INFO - [2026-03-09T10:14:30.655+0000] {dag.py:4180} INFO - Setting next_dagrun for 02_travel_gmaps_ingestion to 2026-03-08 14:00:00+00:00, run_after=2026-03-09 08:00:00+00:00
[2026-03-09T10:14:30.684+0000] {processor.py:208} INFO - Processing /opt/airflow/dags/02_travel_gmaps_ingestion.py took 0.128 seconds
[2026-03-09T10:15:01.499+0000] {processor.py:186} INFO - Started process (PID=10132) to work on /opt/airflow/dags/02_travel_gmaps_ingestion.py
[2026-03-09T10:15:01.500+0000] {processor.py:914} INFO - Processing file /opt/airflow/dags/02_travel_gmaps_ingestion.py for tasks to queue
[2026-03-09T10:15:01.503+0000] {logging_mixin.py:190} INFO - [2026-03-09T10:15:01.502+0000] {dagbag.py:588} INFO - Filling up the DagBag from /opt/airflow/dags/02_travel_gmaps_ingestion.py
[2026-03-09T10:15:01.520+0000] {processor.py:925} INFO - DAG(s) '02_travel_gmaps_ingestion' retrieved from /opt/airflow/dags/02_travel_gmaps_ingestion.py
[2026-03-09T10:15:01.550+0000] {logging_mixin.py:190} INFO - [2026-03-09T10:15:01.550+0000] {dag.py:3239} INFO - Sync 1 DAGs
[2026-03-09T10:15:01.578+0000] {logging_mixin.py:190} INFO - [2026-03-09T10:15:01.577+0000] {dag.py:4180} INFO - Setting next_dagrun for 02_travel_gmaps_ingestion to 2026-03-08 14:00:00+00:00, run_after=2026-03-09 08:00:00+00:00
[2026-03-09T10:15:01.605+0000] {processor.py:208} INFO - Processing /opt/airflow/dags/02_travel_gmaps_ingestion.py took 0.114 seconds
[2026-03-09T10:15:32.417+0000] {processor.py:186} INFO - Started process (PID=10152) to work on /opt/airflow/dags/02_travel_gmaps_ingestion.py
[2026-03-09T10:15:32.418+0000] {processor.py:914} INFO - Processing file /opt/airflow/dags/02_travel_gmaps_ingestion.py for tasks to queue
[2026-03-09T10:15:32.421+0000] {logging_mixin.py:190} INFO - [2026-03-09T10:15:32.420+0000] {dagbag.py:588} INFO - Filling up the DagBag from /opt/airflow/dags/02_travel_gmaps_ingestion.py
[2026-03-09T10:15:32.441+0000] {processor.py:925} INFO - DAG(s) '02_travel_gmaps_ingestion' retrieved from /opt/airflow/dags/02_travel_gmaps_ingestion.py
[2026-03-09T10:15:32.474+0000] {logging_mixin.py:190} INFO - [2026-03-09T10:15:32.473+0000] {dag.py:3239} INFO - Sync 1 DAGs
[2026-03-09T10:15:32.506+0000] {logging_mixin.py:190} INFO - [2026-03-09T10:15:32.505+0000] {dag.py:4180} INFO - Setting next_dagrun for 02_travel_gmaps_ingestion to 2026-03-08 14:00:00+00:00, run_after=2026-03-09 08:00:00+00:00
[2026-03-09T10:15:32.535+0000] {processor.py:208} INFO - Processing /opt/airflow/dags/02_travel_gmaps_ingestion.py took 0.125 seconds
[2026-03-09T10:16:03.120+0000] {processor.py:186} INFO - Started process (PID=10172) to work on /opt/airflow/dags/02_travel_gmaps_ingestion.py
[2026-03-09T10:16:03.122+0000] {processor.py:914} INFO - Processing file /opt/airflow/dags/02_travel_gmaps_ingestion.py for tasks to queue
[2026-03-09T10:16:03.126+0000] {logging_mixin.py:190} INFO - [2026-03-09T10:16:03.125+0000] {dagbag.py:588} INFO - Filling up the DagBag from /opt/airflow/dags/02_travel_gmaps_ingestion.py
[2026-03-09T10:16:03.155+0000] {processor.py:925} INFO - DAG(s) '02_travel_gmaps_ingestion' retrieved from /opt/airflow/dags/02_travel_gmaps_ingestion.py
[2026-03-09T10:16:03.190+0000] {logging_mixin.py:190} INFO - [2026-03-09T10:16:03.189+0000] {dag.py:3239} INFO - Sync 1 DAGs
[2026-03-09T10:16:03.227+0000] {logging_mixin.py:190} INFO - [2026-03-09T10:16:03.227+0000] {dag.py:4180} INFO - Setting next_dagrun for 02_travel_gmaps_ingestion to 2026-03-08 14:00:00+00:00, run_after=2026-03-09 08:00:00+00:00
[2026-03-09T10:16:03.897+0000] {processor.py:208} INFO - Processing /opt/airflow/dags/02_travel_gmaps_ingestion.py took 0.786 seconds
[2026-03-09T10:16:34.074+0000] {processor.py:186} INFO - Started process (PID=10192) to work on /opt/airflow/dags/02_travel_gmaps_ingestion.py
[2026-03-09T10:16:34.077+0000] {processor.py:914} INFO - Processing file /opt/airflow/dags/02_travel_gmaps_ingestion.py for tasks to queue
[2026-03-09T10:16:34.082+0000] {logging_mixin.py:190} INFO - [2026-03-09T10:16:34.081+0000] {dagbag.py:588} INFO - Filling up the DagBag from /opt/airflow/dags/02_travel_gmaps_ingestion.py
[2026-03-09T10:16:34.107+0000] {processor.py:925} INFO - DAG(s) '02_travel_gmaps_ingestion' retrieved from /opt/airflow/dags/02_travel_gmaps_ingestion.py
[2026-03-09T10:16:34.142+0000] {logging_mixin.py:190} INFO - [2026-03-09T10:16:34.142+0000] {dag.py:3239} INFO - Sync 1 DAGs
[2026-03-09T10:16:34.487+0000] {logging_mixin.py:190} INFO - [2026-03-09T10:16:34.487+0000] {dag.py:4180} INFO - Setting next_dagrun for 02_travel_gmaps_ingestion to 2026-03-08 14:00:00+00:00, run_after=2026-03-09 08:00:00+00:00
[2026-03-09T10:16:34.519+0000] {processor.py:208} INFO - Processing /opt/airflow/dags/02_travel_gmaps_ingestion.py took 0.453 seconds
[2026-03-09T10:17:04.729+0000] {processor.py:186} INFO - Started process (PID=10212) to work on /opt/airflow/dags/02_travel_gmaps_ingestion.py
[2026-03-09T10:17:04.730+0000] {processor.py:914} INFO - Processing file /opt/airflow/dags/02_travel_gmaps_ingestion.py for tasks to queue
[2026-03-09T10:17:04.734+0000] {logging_mixin.py:190} INFO - [2026-03-09T10:17:04.734+0000] {dagbag.py:588} INFO - Filling up the DagBag from /opt/airflow/dags/02_travel_gmaps_ingestion.py
[2026-03-09T10:17:04.764+0000] {processor.py:925} INFO - DAG(s) '02_travel_gmaps_ingestion' retrieved from /opt/airflow/dags/02_travel_gmaps_ingestion.py
[2026-03-09T10:17:04.807+0000] {logging_mixin.py:190} INFO - [2026-03-09T10:17:04.807+0000] {dag.py:3239} INFO - Sync 1 DAGs
[2026-03-09T10:17:04.840+0000] {logging_mixin.py:190} INFO - [2026-03-09T10:17:04.840+0000] {dag.py:4180} INFO - Setting next_dagrun for 02_travel_gmaps_ingestion to 2026-03-08 14:00:00+00:00, run_after=2026-03-09 08:00:00+00:00
[2026-03-09T10:17:04.907+0000] {processor.py:208} INFO - Processing /opt/airflow/dags/02_travel_gmaps_ingestion.py took 0.186 seconds
[2026-03-09T10:17:35.587+0000] {processor.py:186} INFO - Started process (PID=10232) to work on /opt/airflow/dags/02_travel_gmaps_ingestion.py
[2026-03-09T10:17:35.588+0000] {processor.py:914} INFO - Processing file /opt/airflow/dags/02_travel_gmaps_ingestion.py for tasks to queue
[2026-03-09T10:17:35.591+0000] {logging_mixin.py:190} INFO - [2026-03-09T10:17:35.591+0000] {dagbag.py:588} INFO - Filling up the DagBag from /opt/airflow/dags/02_travel_gmaps_ingestion.py
[2026-03-09T10:17:35.615+0000] {processor.py:925} INFO - DAG(s) '02_travel_gmaps_ingestion' retrieved from /opt/airflow/dags/02_travel_gmaps_ingestion.py
[2026-03-09T10:17:35.647+0000] {logging_mixin.py:190} INFO - [2026-03-09T10:17:35.647+0000] {dag.py:3239} INFO - Sync 1 DAGs
[2026-03-09T10:17:35.682+0000] {logging_mixin.py:190} INFO - [2026-03-09T10:17:35.681+0000] {dag.py:4180} INFO - Setting next_dagrun for 02_travel_gmaps_ingestion to 2026-03-08 14:00:00+00:00, run_after=2026-03-09 08:00:00+00:00
[2026-03-09T10:17:35.720+0000] {processor.py:208} INFO - Processing /opt/airflow/dags/02_travel_gmaps_ingestion.py took 0.140 seconds
[2026-03-09T10:18:06.468+0000] {processor.py:186} INFO - Started process (PID=10252) to work on /opt/airflow/dags/02_travel_gmaps_ingestion.py
[2026-03-09T10:18:06.469+0000] {processor.py:914} INFO - Processing file /opt/airflow/dags/02_travel_gmaps_ingestion.py for tasks to queue
[2026-03-09T10:18:06.472+0000] {logging_mixin.py:190} INFO - [2026-03-09T10:18:06.471+0000] {dagbag.py:588} INFO - Filling up the DagBag from /opt/airflow/dags/02_travel_gmaps_ingestion.py
[2026-03-09T10:18:06.495+0000] {processor.py:925} INFO - DAG(s) '02_travel_gmaps_ingestion' retrieved from /opt/airflow/dags/02_travel_gmaps_ingestion.py
[2026-03-09T10:18:06.531+0000] {logging_mixin.py:190} INFO - [2026-03-09T10:18:06.531+0000] {dag.py:3239} INFO - Sync 1 DAGs
[2026-03-09T10:18:06.560+0000] {logging_mixin.py:190} INFO - [2026-03-09T10:18:06.560+0000] {dag.py:4180} INFO - Setting next_dagrun for 02_travel_gmaps_ingestion to 2026-03-08 14:00:00+00:00, run_after=2026-03-09 08:00:00+00:00
[2026-03-09T10:18:06.591+0000] {processor.py:208} INFO - Processing /opt/airflow/dags/02_travel_gmaps_ingestion.py took 0.131 seconds
[2026-03-09T10:18:37.140+0000] {processor.py:186} INFO - Started process (PID=10272) to work on /opt/airflow/dags/02_travel_gmaps_ingestion.py
[2026-03-09T10:18:37.142+0000] {processor.py:914} INFO - Processing file /opt/airflow/dags/02_travel_gmaps_ingestion.py for tasks to queue
[2026-03-09T10:18:37.146+0000] {logging_mixin.py:190} INFO - [2026-03-09T10:18:37.146+0000] {dagbag.py:588} INFO - Filling up the DagBag from /opt/airflow/dags/02_travel_gmaps_ingestion.py
[2026-03-09T10:18:37.176+0000] {processor.py:925} INFO - DAG(s) '02_travel_gmaps_ingestion' retrieved from /opt/airflow/dags/02_travel_gmaps_ingestion.py
[2026-03-09T10:18:37.219+0000] {logging_mixin.py:190} INFO - [2026-03-09T10:18:37.218+0000] {dag.py:3239} INFO - Sync 1 DAGs
[2026-03-09T10:18:37.251+0000] {logging_mixin.py:190} INFO - [2026-03-09T10:18:37.250+0000] {dag.py:4180} INFO - Setting next_dagrun for 02_travel_gmaps_ingestion to 2026-03-08 14:00:00+00:00, run_after=2026-03-09 08:00:00+00:00
[2026-03-09T10:18:37.281+0000] {processor.py:208} INFO - Processing /opt/airflow/dags/02_travel_gmaps_ingestion.py took 0.154 seconds
[2026-03-09T10:19:08.008+0000] {processor.py:186} INFO - Started process (PID=10292) to work on /opt/airflow/dags/02_travel_gmaps_ingestion.py
[2026-03-09T10:19:08.014+0000] {processor.py:914} INFO - Processing file /opt/airflow/dags/02_travel_gmaps_ingestion.py for tasks to queue
[2026-03-09T10:19:08.021+0000] {logging_mixin.py:190} INFO - [2026-03-09T10:19:08.019+0000] {dagbag.py:588} INFO - Filling up the DagBag from /opt/airflow/dags/02_travel_gmaps_ingestion.py
[2026-03-09T10:19:08.077+0000] {processor.py:925} INFO - DAG(s) '02_travel_gmaps_ingestion' retrieved from /opt/airflow/dags/02_travel_gmaps_ingestion.py
[2026-03-09T10:19:08.189+0000] {logging_mixin.py:190} INFO - [2026-03-09T10:19:08.188+0000] {dag.py:3239} INFO - Sync 1 DAGs
[2026-03-09T10:19:08.533+0000] {logging_mixin.py:190} INFO - [2026-03-09T10:19:08.533+0000] {dag.py:4180} INFO - Setting next_dagrun for 02_travel_gmaps_ingestion to 2026-03-08 14:00:00+00:00, run_after=2026-03-09 08:00:00+00:00
[2026-03-09T10:19:08.574+0000] {processor.py:208} INFO - Processing /opt/airflow/dags/02_travel_gmaps_ingestion.py took 0.587 seconds
[2026-03-09T10:19:39.478+0000] {processor.py:186} INFO - Started process (PID=10312) to work on /opt/airflow/dags/02_travel_gmaps_ingestion.py
[2026-03-09T10:19:39.479+0000] {processor.py:914} INFO - Processing file /opt/airflow/dags/02_travel_gmaps_ingestion.py for tasks to queue
[2026-03-09T10:19:39.485+0000] {logging_mixin.py:190} INFO - [2026-03-09T10:19:39.482+0000] {dagbag.py:588} INFO - Filling up the DagBag from /opt/airflow/dags/02_travel_gmaps_ingestion.py
[2026-03-09T10:19:39.526+0000] {processor.py:925} INFO - DAG(s) '02_travel_gmaps_ingestion' retrieved from /opt/airflow/dags/02_travel_gmaps_ingestion.py
[2026-03-09T10:19:39.618+0000] {logging_mixin.py:190} INFO - [2026-03-09T10:19:39.617+0000] {dag.py:3239} INFO - Sync 1 DAGs
[2026-03-09T10:19:39.878+0000] {logging_mixin.py:190} INFO - [2026-03-09T10:19:39.878+0000] {dag.py:4180} INFO - Setting next_dagrun for 02_travel_gmaps_ingestion to 2026-03-08 14:00:00+00:00, run_after=2026-03-09 08:00:00+00:00
[2026-03-09T10:19:39.898+0000] {processor.py:208} INFO - Processing /opt/airflow/dags/02_travel_gmaps_ingestion.py took 0.438 seconds
[2026-03-09T10:20:10.037+0000] {processor.py:186} INFO - Started process (PID=10332) to work on /opt/airflow/dags/02_travel_gmaps_ingestion.py
[2026-03-09T10:20:10.041+0000] {processor.py:914} INFO - Processing file /opt/airflow/dags/02_travel_gmaps_ingestion.py for tasks to queue
[2026-03-09T10:20:10.050+0000] {logging_mixin.py:190} INFO - [2026-03-09T10:20:10.049+0000] {dagbag.py:588} INFO - Filling up the DagBag from /opt/airflow/dags/02_travel_gmaps_ingestion.py
[2026-03-09T10:20:10.103+0000] {processor.py:925} INFO - DAG(s) '02_travel_gmaps_ingestion' retrieved from /opt/airflow/dags/02_travel_gmaps_ingestion.py
[2026-03-09T10:20:10.161+0000] {logging_mixin.py:190} INFO - [2026-03-09T10:20:10.161+0000] {dag.py:3239} INFO - Sync 1 DAGs
[2026-03-09T10:20:10.223+0000] {logging_mixin.py:190} INFO - [2026-03-09T10:20:10.222+0000] {dag.py:4180} INFO - Setting next_dagrun for 02_travel_gmaps_ingestion to 2026-03-08 14:00:00+00:00, run_after=2026-03-09 08:00:00+00:00
[2026-03-09T10:20:10.263+0000] {processor.py:208} INFO - Processing /opt/airflow/dags/02_travel_gmaps_ingestion.py took 0.243 seconds
[2026-03-09T10:20:40.895+0000] {processor.py:186} INFO - Started process (PID=10352) to work on /opt/airflow/dags/02_travel_gmaps_ingestion.py
[2026-03-09T10:20:40.901+0000] {processor.py:914} INFO - Processing file /opt/airflow/dags/02_travel_gmaps_ingestion.py for tasks to queue
[2026-03-09T10:20:40.904+0000] {logging_mixin.py:190} INFO - [2026-03-09T10:20:40.903+0000] {dagbag.py:588} INFO - Filling up the DagBag from /opt/airflow/dags/02_travel_gmaps_ingestion.py
[2026-03-09T10:20:40.929+0000] {processor.py:925} INFO - DAG(s) '02_travel_gmaps_ingestion' retrieved from /opt/airflow/dags/02_travel_gmaps_ingestion.py
[2026-03-09T10:20:40.968+0000] {logging_mixin.py:190} INFO - [2026-03-09T10:20:40.967+0000] {dag.py:3239} INFO - Sync 1 DAGs
[2026-03-09T10:20:41.002+0000] {logging_mixin.py:190} INFO - [2026-03-09T10:20:41.002+0000] {dag.py:4180} INFO - Setting next_dagrun for 02_travel_gmaps_ingestion to 2026-03-08 14:00:00+00:00, run_after=2026-03-09 08:00:00+00:00
[2026-03-09T10:20:41.029+0000] {processor.py:208} INFO - Processing /opt/airflow/dags/02_travel_gmaps_ingestion.py took 0.142 seconds
[2026-03-09T10:21:14.355+0000] {processor.py:186} INFO - Started process (PID=10372) to work on /opt/airflow/dags/02_travel_gmaps_ingestion.py
[2026-03-09T10:21:14.358+0000] {processor.py:914} INFO - Processing file /opt/airflow/dags/02_travel_gmaps_ingestion.py for tasks to queue
[2026-03-09T10:21:14.363+0000] {logging_mixin.py:190} INFO - [2026-03-09T10:21:14.362+0000] {dagbag.py:588} INFO - Filling up the DagBag from /opt/airflow/dags/02_travel_gmaps_ingestion.py
[2026-03-09T10:21:14.410+0000] {processor.py:925} INFO - DAG(s) '02_travel_gmaps_ingestion' retrieved from /opt/airflow/dags/02_travel_gmaps_ingestion.py
[2026-03-09T10:21:14.490+0000] {logging_mixin.py:190} INFO - [2026-03-09T10:21:14.489+0000] {dag.py:3239} INFO - Sync 1 DAGs
[2026-03-09T10:21:14.539+0000] {logging_mixin.py:190} INFO - [2026-03-09T10:21:14.539+0000] {dag.py:4180} INFO - Setting next_dagrun for 02_travel_gmaps_ingestion to 2026-03-08 14:00:00+00:00, run_after=2026-03-09 08:00:00+00:00
[2026-03-09T10:21:14.568+0000] {processor.py:208} INFO - Processing /opt/airflow/dags/02_travel_gmaps_ingestion.py took 0.237 seconds
[2026-03-09T10:21:44.713+0000] {processor.py:186} INFO - Started process (PID=10392) to work on /opt/airflow/dags/02_travel_gmaps_ingestion.py
[2026-03-09T10:21:44.715+0000] {processor.py:914} INFO - Processing file /opt/airflow/dags/02_travel_gmaps_ingestion.py for tasks to queue
[2026-03-09T10:21:44.719+0000] {logging_mixin.py:190} INFO - [2026-03-09T10:21:44.718+0000] {dagbag.py:588} INFO - Filling up the DagBag from /opt/airflow/dags/02_travel_gmaps_ingestion.py
[2026-03-09T10:21:44.750+0000] {processor.py:925} INFO - DAG(s) '02_travel_gmaps_ingestion' retrieved from /opt/airflow/dags/02_travel_gmaps_ingestion.py
[2026-03-09T10:21:44.800+0000] {logging_mixin.py:190} INFO - [2026-03-09T10:21:44.799+0000] {dag.py:3239} INFO - Sync 1 DAGs
[2026-03-09T10:21:44.837+0000] {logging_mixin.py:190} INFO - [2026-03-09T10:21:44.837+0000] {dag.py:4180} INFO - Setting next_dagrun for 02_travel_gmaps_ingestion to 2026-03-08 14:00:00+00:00, run_after=2026-03-09 08:00:00+00:00
[2026-03-09T10:21:46.454+0000] {processor.py:208} INFO - Processing /opt/airflow/dags/02_travel_gmaps_ingestion.py took 1.750 seconds
[2026-03-09T10:22:17.013+0000] {processor.py:186} INFO - Started process (PID=10412) to work on /opt/airflow/dags/02_travel_gmaps_ingestion.py
[2026-03-09T10:22:17.016+0000] {processor.py:914} INFO - Processing file /opt/airflow/dags/02_travel_gmaps_ingestion.py for tasks to queue
[2026-03-09T10:22:17.023+0000] {logging_mixin.py:190} INFO - [2026-03-09T10:22:17.022+0000] {dagbag.py:588} INFO - Filling up the DagBag from /opt/airflow/dags/02_travel_gmaps_ingestion.py
[2026-03-09T10:22:17.081+0000] {processor.py:925} INFO - DAG(s) '02_travel_gmaps_ingestion' retrieved from /opt/airflow/dags/02_travel_gmaps_ingestion.py
[2026-03-09T10:22:17.177+0000] {logging_mixin.py:190} INFO - [2026-03-09T10:22:17.177+0000] {dag.py:3239} INFO - Sync 1 DAGs
[2026-03-09T10:22:18.636+0000] {logging_mixin.py:190} INFO - [2026-03-09T10:22:18.633+0000] {dag.py:4180} INFO - Setting next_dagrun for 02_travel_gmaps_ingestion to 2026-03-08 14:00:00+00:00, run_after=2026-03-09 08:00:00+00:00
[2026-03-09T10:22:18.869+0000] {processor.py:208} INFO - Processing /opt/airflow/dags/02_travel_gmaps_ingestion.py took 1.872 seconds
[2026-03-09T10:22:50.001+0000] {processor.py:186} INFO - Started process (PID=10437) to work on /opt/airflow/dags/02_travel_gmaps_ingestion.py
[2026-03-09T10:22:50.003+0000] {processor.py:914} INFO - Processing file /opt/airflow/dags/02_travel_gmaps_ingestion.py for tasks to queue
[2026-03-09T10:22:50.006+0000] {logging_mixin.py:190} INFO - [2026-03-09T10:22:50.005+0000] {dagbag.py:588} INFO - Filling up the DagBag from /opt/airflow/dags/02_travel_gmaps_ingestion.py
[2026-03-09T10:22:50.039+0000] {processor.py:925} INFO - DAG(s) '02_travel_gmaps_ingestion' retrieved from /opt/airflow/dags/02_travel_gmaps_ingestion.py
[2026-03-09T10:22:50.070+0000] {logging_mixin.py:190} INFO - [2026-03-09T10:22:50.069+0000] {dag.py:3239} INFO - Sync 1 DAGs
[2026-03-09T10:22:50.093+0000] {logging_mixin.py:190} INFO - [2026-03-09T10:22:50.093+0000] {dag.py:4180} INFO - Setting next_dagrun for 02_travel_gmaps_ingestion to 2026-03-08 14:00:00+00:00, run_after=2026-03-09 08:00:00+00:00
[2026-03-09T10:22:50.123+0000] {processor.py:208} INFO - Processing /opt/airflow/dags/02_travel_gmaps_ingestion.py took 0.129 seconds
[2026-03-09T10:23:20.757+0000] {processor.py:186} INFO - Started process (PID=10457) to work on /opt/airflow/dags/02_travel_gmaps_ingestion.py
[2026-03-09T10:23:20.759+0000] {processor.py:914} INFO - Processing file /opt/airflow/dags/02_travel_gmaps_ingestion.py for tasks to queue
[2026-03-09T10:23:20.765+0000] {logging_mixin.py:190} INFO - [2026-03-09T10:23:20.764+0000] {dagbag.py:588} INFO - Filling up the DagBag from /opt/airflow/dags/02_travel_gmaps_ingestion.py
[2026-03-09T10:23:20.813+0000] {processor.py:925} INFO - DAG(s) '02_travel_gmaps_ingestion' retrieved from /opt/airflow/dags/02_travel_gmaps_ingestion.py
[2026-03-09T10:23:20.855+0000] {logging_mixin.py:190} INFO - [2026-03-09T10:23:20.855+0000] {dag.py:3239} INFO - Sync 1 DAGs
[2026-03-09T10:23:20.884+0000] {logging_mixin.py:190} INFO - [2026-03-09T10:23:20.883+0000] {dag.py:4180} INFO - Setting next_dagrun for 02_travel_gmaps_ingestion to 2026-03-08 14:00:00+00:00, run_after=2026-03-09 08:00:00+00:00
[2026-03-09T10:23:20.912+0000] {processor.py:208} INFO - Processing /opt/airflow/dags/02_travel_gmaps_ingestion.py took 0.162 seconds
[2026-03-09T10:23:51.659+0000] {processor.py:186} INFO - Started process (PID=10477) to work on /opt/airflow/dags/02_travel_gmaps_ingestion.py
[2026-03-09T10:23:51.660+0000] {processor.py:914} INFO - Processing file /opt/airflow/dags/02_travel_gmaps_ingestion.py for tasks to queue
[2026-03-09T10:23:51.663+0000] {logging_mixin.py:190} INFO - [2026-03-09T10:23:51.663+0000] {dagbag.py:588} INFO - Filling up the DagBag from /opt/airflow/dags/02_travel_gmaps_ingestion.py
[2026-03-09T10:23:51.687+0000] {processor.py:925} INFO - DAG(s) '02_travel_gmaps_ingestion' retrieved from /opt/airflow/dags/02_travel_gmaps_ingestion.py
[2026-03-09T10:23:51.720+0000] {logging_mixin.py:190} INFO - [2026-03-09T10:23:51.719+0000] {dag.py:3239} INFO - Sync 1 DAGs
[2026-03-09T10:23:51.748+0000] {logging_mixin.py:190} INFO - [2026-03-09T10:23:51.747+0000] {dag.py:4180} INFO - Setting next_dagrun for 02_travel_gmaps_ingestion to 2026-03-08 14:00:00+00:00, run_after=2026-03-09 08:00:00+00:00
[2026-03-09T10:23:51.779+0000] {processor.py:208} INFO - Processing /opt/airflow/dags/02_travel_gmaps_ingestion.py took 0.126 seconds
[2026-03-09T10:24:22.441+0000] {processor.py:186} INFO - Started process (PID=10497) to work on /opt/airflow/dags/02_travel_gmaps_ingestion.py
[2026-03-09T10:24:22.442+0000] {processor.py:914} INFO - Processing file /opt/airflow/dags/02_travel_gmaps_ingestion.py for tasks to queue
[2026-03-09T10:24:22.445+0000] {logging_mixin.py:190} INFO - [2026-03-09T10:24:22.445+0000] {dagbag.py:588} INFO - Filling up the DagBag from /opt/airflow/dags/02_travel_gmaps_ingestion.py
[2026-03-09T10:24:22.486+0000] {processor.py:925} INFO - DAG(s) '02_travel_gmaps_ingestion' retrieved from /opt/airflow/dags/02_travel_gmaps_ingestion.py
[2026-03-09T10:24:22.516+0000] {logging_mixin.py:190} INFO - [2026-03-09T10:24:22.515+0000] {dag.py:3239} INFO - Sync 1 DAGs
[2026-03-09T10:24:22.539+0000] {logging_mixin.py:190} INFO - [2026-03-09T10:24:22.539+0000] {dag.py:4180} INFO - Setting next_dagrun for 02_travel_gmaps_ingestion to 2026-03-08 14:00:00+00:00, run_after=2026-03-09 08:00:00+00:00
[2026-03-09T10:24:22.570+0000] {processor.py:208} INFO - Processing /opt/airflow/dags/02_travel_gmaps_ingestion.py took 0.136 seconds
[2026-03-09T10:24:52.842+0000] {processor.py:186} INFO - Started process (PID=10517) to work on /opt/airflow/dags/02_travel_gmaps_ingestion.py
[2026-03-09T10:24:52.844+0000] {processor.py:914} INFO - Processing file /opt/airflow/dags/02_travel_gmaps_ingestion.py for tasks to queue
[2026-03-09T10:24:52.846+0000] {logging_mixin.py:190} INFO - [2026-03-09T10:24:52.846+0000] {dagbag.py:588} INFO - Filling up the DagBag from /opt/airflow/dags/02_travel_gmaps_ingestion.py
[2026-03-09T10:24:52.866+0000] {processor.py:925} INFO - DAG(s) '02_travel_gmaps_ingestion' retrieved from /opt/airflow/dags/02_travel_gmaps_ingestion.py
[2026-03-09T10:24:52.897+0000] {logging_mixin.py:190} INFO - [2026-03-09T10:24:52.897+0000] {dag.py:3239} INFO - Sync 1 DAGs
[2026-03-09T10:24:52.921+0000] {logging_mixin.py:190} INFO - [2026-03-09T10:24:52.921+0000] {dag.py:4180} INFO - Setting next_dagrun for 02_travel_gmaps_ingestion to 2026-03-08 14:00:00+00:00, run_after=2026-03-09 08:00:00+00:00
[2026-03-09T10:24:53.089+0000] {processor.py:208} INFO - Processing /opt/airflow/dags/02_travel_gmaps_ingestion.py took 0.254 seconds
[2026-03-09T10:25:23.330+0000] {processor.py:186} INFO - Started process (PID=10537) to work on /opt/airflow/dags/02_travel_gmaps_ingestion.py
[2026-03-09T10:25:23.331+0000] {processor.py:914} INFO - Processing file /opt/airflow/dags/02_travel_gmaps_ingestion.py for tasks to queue
[2026-03-09T10:25:23.339+0000] {logging_mixin.py:190} INFO - [2026-03-09T10:25:23.337+0000] {dagbag.py:588} INFO - Filling up the DagBag from /opt/airflow/dags/02_travel_gmaps_ingestion.py
[2026-03-09T10:25:23.377+0000] {processor.py:925} INFO - DAG(s) '02_travel_gmaps_ingestion' retrieved from /opt/airflow/dags/02_travel_gmaps_ingestion.py
[2026-03-09T10:25:23.418+0000] {logging_mixin.py:190} INFO - [2026-03-09T10:25:23.417+0000] {dag.py:3239} INFO - Sync 1 DAGs
[2026-03-09T10:25:23.635+0000] {logging_mixin.py:190} INFO - [2026-03-09T10:25:23.635+0000] {dag.py:4180} INFO - Setting next_dagrun for 02_travel_gmaps_ingestion to 2026-03-08 14:00:00+00:00, run_after=2026-03-09 08:00:00+00:00
[2026-03-09T10:25:23.664+0000] {processor.py:208} INFO - Processing /opt/airflow/dags/02_travel_gmaps_ingestion.py took 0.344 seconds
[2026-03-09T10:25:54.406+0000] {processor.py:186} INFO - Started process (PID=10557) to work on /opt/airflow/dags/02_travel_gmaps_ingestion.py
[2026-03-09T10:25:54.408+0000] {processor.py:914} INFO - Processing file /opt/airflow/dags/02_travel_gmaps_ingestion.py for tasks to queue
[2026-03-09T10:25:54.411+0000] {logging_mixin.py:190} INFO - [2026-03-09T10:25:54.411+0000] {dagbag.py:588} INFO - Filling up the DagBag from /opt/airflow/dags/02_travel_gmaps_ingestion.py
[2026-03-09T10:25:54.444+0000] {processor.py:925} INFO - DAG(s) '02_travel_gmaps_ingestion' retrieved from /opt/airflow/dags/02_travel_gmaps_ingestion.py
[2026-03-09T10:25:54.478+0000] {logging_mixin.py:190} INFO - [2026-03-09T10:25:54.477+0000] {dag.py:3239} INFO - Sync 1 DAGs
[2026-03-09T10:25:54.503+0000] {logging_mixin.py:190} INFO - [2026-03-09T10:25:54.503+0000] {dag.py:4180} INFO - Setting next_dagrun for 02_travel_gmaps_ingestion to 2026-03-08 14:00:00+00:00, run_after=2026-03-09 08:00:00+00:00
[2026-03-09T10:25:54.531+0000] {processor.py:208} INFO - Processing /opt/airflow/dags/02_travel_gmaps_ingestion.py took 0.131 seconds
[2026-03-09T10:26:25.318+0000] {processor.py:186} INFO - Started process (PID=10577) to work on /opt/airflow/dags/02_travel_gmaps_ingestion.py
[2026-03-09T10:26:25.320+0000] {processor.py:914} INFO - Processing file /opt/airflow/dags/02_travel_gmaps_ingestion.py for tasks to queue
[2026-03-09T10:26:25.323+0000] {logging_mixin.py:190} INFO - [2026-03-09T10:26:25.323+0000] {dagbag.py:588} INFO - Filling up the DagBag from /opt/airflow/dags/02_travel_gmaps_ingestion.py
[2026-03-09T10:26:25.351+0000] {processor.py:925} INFO - DAG(s) '02_travel_gmaps_ingestion' retrieved from /opt/airflow/dags/02_travel_gmaps_ingestion.py
[2026-03-09T10:26:25.385+0000] {logging_mixin.py:190} INFO - [2026-03-09T10:26:25.384+0000] {dag.py:3239} INFO - Sync 1 DAGs
[2026-03-09T10:26:25.421+0000] {logging_mixin.py:190} INFO - [2026-03-09T10:26:25.421+0000] {dag.py:4180} INFO - Setting next_dagrun for 02_travel_gmaps_ingestion to 2026-03-08 14:00:00+00:00, run_after=2026-03-09 08:00:00+00:00
[2026-03-09T10:26:25.501+0000] {processor.py:208} INFO - Processing /opt/airflow/dags/02_travel_gmaps_ingestion.py took 0.194 seconds
[2026-03-09T10:26:55.619+0000] {processor.py:186} INFO - Started process (PID=10597) to work on /opt/airflow/dags/02_travel_gmaps_ingestion.py
[2026-03-09T10:26:55.620+0000] {processor.py:914} INFO - Processing file /opt/airflow/dags/02_travel_gmaps_ingestion.py for tasks to queue
[2026-03-09T10:26:55.623+0000] {logging_mixin.py:190} INFO - [2026-03-09T10:26:55.623+0000] {dagbag.py:588} INFO - Filling up the DagBag from /opt/airflow/dags/02_travel_gmaps_ingestion.py
[2026-03-09T10:26:55.653+0000] {processor.py:925} INFO - DAG(s) '02_travel_gmaps_ingestion' retrieved from /opt/airflow/dags/02_travel_gmaps_ingestion.py
[2026-03-09T10:26:55.685+0000] {logging_mixin.py:190} INFO - [2026-03-09T10:26:55.685+0000] {dag.py:3239} INFO - Sync 1 DAGs
[2026-03-09T10:26:55.707+0000] {logging_mixin.py:190} INFO - [2026-03-09T10:26:55.706+0000] {dag.py:4180} INFO - Setting next_dagrun for 02_travel_gmaps_ingestion to 2026-03-08 14:00:00+00:00, run_after=2026-03-09 08:00:00+00:00
[2026-03-09T10:26:55.733+0000] {processor.py:208} INFO - Processing /opt/airflow/dags/02_travel_gmaps_ingestion.py took 0.121 seconds
[2026-03-09T10:27:26.264+0000] {processor.py:186} INFO - Started process (PID=10617) to work on /opt/airflow/dags/02_travel_gmaps_ingestion.py
[2026-03-09T10:27:26.266+0000] {processor.py:914} INFO - Processing file /opt/airflow/dags/02_travel_gmaps_ingestion.py for tasks to queue
[2026-03-09T10:27:26.269+0000] {logging_mixin.py:190} INFO - [2026-03-09T10:27:26.268+0000] {dagbag.py:588} INFO - Filling up the DagBag from /opt/airflow/dags/02_travel_gmaps_ingestion.py
[2026-03-09T10:27:26.303+0000] {processor.py:925} INFO - DAG(s) '02_travel_gmaps_ingestion' retrieved from /opt/airflow/dags/02_travel_gmaps_ingestion.py
[2026-03-09T10:27:26.337+0000] {logging_mixin.py:190} INFO - [2026-03-09T10:27:26.337+0000] {dag.py:3239} INFO - Sync 1 DAGs
[2026-03-09T10:27:26.367+0000] {logging_mixin.py:190} INFO - [2026-03-09T10:27:26.367+0000] {dag.py:4180} INFO - Setting next_dagrun for 02_travel_gmaps_ingestion to 2026-03-08 14:00:00+00:00, run_after=2026-03-09 08:00:00+00:00
[2026-03-09T10:27:26.552+0000] {processor.py:208} INFO - Processing /opt/airflow/dags/02_travel_gmaps_ingestion.py took 0.295 seconds
[2026-03-09T10:27:56.703+0000] {processor.py:186} INFO - Started process (PID=10637) to work on /opt/airflow/dags/02_travel_gmaps_ingestion.py
[2026-03-09T10:27:56.704+0000] {processor.py:914} INFO - Processing file /opt/airflow/dags/02_travel_gmaps_ingestion.py for tasks to queue
[2026-03-09T10:27:56.707+0000] {logging_mixin.py:190} INFO - [2026-03-09T10:27:56.706+0000] {dagbag.py:588} INFO - Filling up the DagBag from /opt/airflow/dags/02_travel_gmaps_ingestion.py
[2026-03-09T10:27:56.740+0000] {processor.py:925} INFO - DAG(s) '02_travel_gmaps_ingestion' retrieved from /opt/airflow/dags/02_travel_gmaps_ingestion.py
[2026-03-09T10:27:56.768+0000] {logging_mixin.py:190} INFO - [2026-03-09T10:27:56.768+0000] {dag.py:3239} INFO - Sync 1 DAGs
[2026-03-09T10:27:56.929+0000] {logging_mixin.py:190} INFO - [2026-03-09T10:27:56.929+0000] {dag.py:4180} INFO - Setting next_dagrun for 02_travel_gmaps_ingestion to 2026-03-08 14:00:00+00:00, run_after=2026-03-09 08:00:00+00:00
[2026-03-09T10:27:56.955+0000] {processor.py:208} INFO - Processing /opt/airflow/dags/02_travel_gmaps_ingestion.py took 0.258 seconds
[2026-03-09T10:28:27.282+0000] {processor.py:186} INFO - Started process (PID=10657) to work on /opt/airflow/dags/02_travel_gmaps_ingestion.py
[2026-03-09T10:28:27.283+0000] {processor.py:914} INFO - Processing file /opt/airflow/dags/02_travel_gmaps_ingestion.py for tasks to queue
[2026-03-09T10:28:27.287+0000] {logging_mixin.py:190} INFO - [2026-03-09T10:28:27.287+0000] {dagbag.py:588} INFO - Filling up the DagBag from /opt/airflow/dags/02_travel_gmaps_ingestion.py
[2026-03-09T10:28:27.313+0000] {processor.py:925} INFO - DAG(s) '02_travel_gmaps_ingestion' retrieved from /opt/airflow/dags/02_travel_gmaps_ingestion.py
[2026-03-09T10:28:27.343+0000] {logging_mixin.py:190} INFO - [2026-03-09T10:28:27.343+0000] {dag.py:3239} INFO - Sync 1 DAGs
[2026-03-09T10:28:27.501+0000] {logging_mixin.py:190} INFO - [2026-03-09T10:28:27.501+0000] {dag.py:4180} INFO - Setting next_dagrun for 02_travel_gmaps_ingestion to 2026-03-08 14:00:00+00:00, run_after=2026-03-09 08:00:00+00:00
[2026-03-09T10:28:27.527+0000] {processor.py:208} INFO - Processing /opt/airflow/dags/02_travel_gmaps_ingestion.py took 0.252 seconds
[2026-03-09T10:28:58.369+0000] {processor.py:186} INFO - Started process (PID=10677) to work on /opt/airflow/dags/02_travel_gmaps_ingestion.py
[2026-03-09T10:28:58.371+0000] {processor.py:914} INFO - Processing file /opt/airflow/dags/02_travel_gmaps_ingestion.py for tasks to queue
[2026-03-09T10:28:58.374+0000] {logging_mixin.py:190} INFO - [2026-03-09T10:28:58.374+0000] {dagbag.py:588} INFO - Filling up the DagBag from /opt/airflow/dags/02_travel_gmaps_ingestion.py
[2026-03-09T10:28:58.415+0000] {processor.py:925} INFO - DAG(s) '02_travel_gmaps_ingestion' retrieved from /opt/airflow/dags/02_travel_gmaps_ingestion.py
[2026-03-09T10:28:58.450+0000] {logging_mixin.py:190} INFO - [2026-03-09T10:28:58.449+0000] {dag.py:3239} INFO - Sync 1 DAGs
[2026-03-09T10:28:58.484+0000] {logging_mixin.py:190} INFO - [2026-03-09T10:28:58.484+0000] {dag.py:4180} INFO - Setting next_dagrun for 02_travel_gmaps_ingestion to 2026-03-08 14:00:00+00:00, run_after=2026-03-09 08:00:00+00:00
[2026-03-09T10:28:58.511+0000] {processor.py:208} INFO - Processing /opt/airflow/dags/02_travel_gmaps_ingestion.py took 0.148 seconds
[2026-03-09T10:29:29.410+0000] {processor.py:186} INFO - Started process (PID=10697) to work on /opt/airflow/dags/02_travel_gmaps_ingestion.py
[2026-03-09T10:29:29.412+0000] {processor.py:914} INFO - Processing file /opt/airflow/dags/02_travel_gmaps_ingestion.py for tasks to queue
[2026-03-09T10:29:29.415+0000] {logging_mixin.py:190} INFO - [2026-03-09T10:29:29.415+0000] {dagbag.py:588} INFO - Filling up the DagBag from /opt/airflow/dags/02_travel_gmaps_ingestion.py
[2026-03-09T10:29:29.447+0000] {processor.py:925} INFO - DAG(s) '02_travel_gmaps_ingestion' retrieved from /opt/airflow/dags/02_travel_gmaps_ingestion.py
[2026-03-09T10:29:29.489+0000] {logging_mixin.py:190} INFO - [2026-03-09T10:29:29.488+0000] {dag.py:3239} INFO - Sync 1 DAGs
[2026-03-09T10:29:29.518+0000] {logging_mixin.py:190} INFO - [2026-03-09T10:29:29.518+0000] {dag.py:4180} INFO - Setting next_dagrun for 02_travel_gmaps_ingestion to 2026-03-08 14:00:00+00:00, run_after=2026-03-09 08:00:00+00:00
[2026-03-09T10:29:29.547+0000] {processor.py:208} INFO - Processing /opt/airflow/dags/02_travel_gmaps_ingestion.py took 0.148 seconds
[2026-03-09T10:30:00.301+0000] {processor.py:186} INFO - Started process (PID=10717) to work on /opt/airflow/dags/02_travel_gmaps_ingestion.py
[2026-03-09T10:30:00.303+0000] {processor.py:914} INFO - Processing file /opt/airflow/dags/02_travel_gmaps_ingestion.py for tasks to queue
[2026-03-09T10:30:00.306+0000] {logging_mixin.py:190} INFO - [2026-03-09T10:30:00.305+0000] {dagbag.py:588} INFO - Filling up the DagBag from /opt/airflow/dags/02_travel_gmaps_ingestion.py
[2026-03-09T10:30:00.343+0000] {processor.py:925} INFO - DAG(s) '02_travel_gmaps_ingestion' retrieved from /opt/airflow/dags/02_travel_gmaps_ingestion.py
[2026-03-09T10:30:00.385+0000] {logging_mixin.py:190} INFO - [2026-03-09T10:30:00.385+0000] {dag.py:3239} INFO - Sync 1 DAGs
[2026-03-09T10:30:00.426+0000] {logging_mixin.py:190} INFO - [2026-03-09T10:30:00.425+0000] {dag.py:4180} INFO - Setting next_dagrun for 02_travel_gmaps_ingestion to 2026-03-08 14:00:00+00:00, run_after=2026-03-09 08:00:00+00:00
[2026-03-09T10:30:00.458+0000] {processor.py:208} INFO - Processing /opt/airflow/dags/02_travel_gmaps_ingestion.py took 0.165 seconds
[2026-03-09T10:30:30.750+0000] {processor.py:186} INFO - Started process (PID=10737) to work on /opt/airflow/dags/02_travel_gmaps_ingestion.py
[2026-03-09T10:30:30.751+0000] {processor.py:914} INFO - Processing file /opt/airflow/dags/02_travel_gmaps_ingestion.py for tasks to queue
[2026-03-09T10:30:30.758+0000] {logging_mixin.py:190} INFO - [2026-03-09T10:30:30.757+0000] {dagbag.py:588} INFO - Filling up the DagBag from /opt/airflow/dags/02_travel_gmaps_ingestion.py
[2026-03-09T10:30:30.786+0000] {processor.py:925} INFO - DAG(s) '02_travel_gmaps_ingestion' retrieved from /opt/airflow/dags/02_travel_gmaps_ingestion.py
[2026-03-09T10:30:30.817+0000] {logging_mixin.py:190} INFO - [2026-03-09T10:30:30.817+0000] {dag.py:3239} INFO - Sync 1 DAGs
[2026-03-09T10:30:30.841+0000] {logging_mixin.py:190} INFO - [2026-03-09T10:30:30.841+0000] {dag.py:4180} INFO - Setting next_dagrun for 02_travel_gmaps_ingestion to 2026-03-08 14:00:00+00:00, run_after=2026-03-09 08:00:00+00:00
[2026-03-09T10:30:30.999+0000] {processor.py:208} INFO - Processing /opt/airflow/dags/02_travel_gmaps_ingestion.py took 0.257 seconds
[2026-03-09T10:31:01.307+0000] {processor.py:186} INFO - Started process (PID=10757) to work on /opt/airflow/dags/02_travel_gmaps_ingestion.py
[2026-03-09T10:31:01.308+0000] {processor.py:914} INFO - Processing file /opt/airflow/dags/02_travel_gmaps_ingestion.py for tasks to queue
[2026-03-09T10:31:01.311+0000] {logging_mixin.py:190} INFO - [2026-03-09T10:31:01.310+0000] {dagbag.py:588} INFO - Filling up the DagBag from /opt/airflow/dags/02_travel_gmaps_ingestion.py
[2026-03-09T10:31:01.333+0000] {processor.py:925} INFO - DAG(s) '02_travel_gmaps_ingestion' retrieved from /opt/airflow/dags/02_travel_gmaps_ingestion.py
[2026-03-09T10:31:01.362+0000] {logging_mixin.py:190} INFO - [2026-03-09T10:31:01.362+0000] {dag.py:3239} INFO - Sync 1 DAGs
[2026-03-09T10:31:01.517+0000] {logging_mixin.py:190} INFO - [2026-03-09T10:31:01.517+0000] {dag.py:4180} INFO - Setting next_dagrun for 02_travel_gmaps_ingestion to 2026-03-08 14:00:00+00:00, run_after=2026-03-09 08:00:00+00:00
[2026-03-09T10:31:01.542+0000] {processor.py:208} INFO - Processing /opt/airflow/dags/02_travel_gmaps_ingestion.py took 0.241 seconds
[2026-03-09T10:31:31.697+0000] {processor.py:186} INFO - Started process (PID=10777) to work on /opt/airflow/dags/02_travel_gmaps_ingestion.py
[2026-03-09T10:31:31.698+0000] {processor.py:914} INFO - Processing file /opt/airflow/dags/02_travel_gmaps_ingestion.py for tasks to queue
[2026-03-09T10:31:31.700+0000] {logging_mixin.py:190} INFO - [2026-03-09T10:31:31.700+0000] {dagbag.py:588} INFO - Filling up the DagBag from /opt/airflow/dags/02_travel_gmaps_ingestion.py
[2026-03-09T10:31:31.738+0000] {processor.py:925} INFO - DAG(s) '02_travel_gmaps_ingestion' retrieved from /opt/airflow/dags/02_travel_gmaps_ingestion.py
[2026-03-09T10:31:31.768+0000] {logging_mixin.py:190} INFO - [2026-03-09T10:31:31.768+0000] {dag.py:3239} INFO - Sync 1 DAGs
[2026-03-09T10:31:31.793+0000] {logging_mixin.py:190} INFO - [2026-03-09T10:31:31.793+0000] {dag.py:4180} INFO - Setting next_dagrun for 02_travel_gmaps_ingestion to 2026-03-08 14:00:00+00:00, run_after=2026-03-09 08:00:00+00:00
[2026-03-09T10:31:31.820+0000] {processor.py:208} INFO - Processing /opt/airflow/dags/02_travel_gmaps_ingestion.py took 0.129 seconds
[2026-03-09T10:32:02.524+0000] {processor.py:186} INFO - Started process (PID=10792) to work on /opt/airflow/dags/02_travel_gmaps_ingestion.py
[2026-03-09T10:32:02.525+0000] {processor.py:914} INFO - Processing file /opt/airflow/dags/02_travel_gmaps_ingestion.py for tasks to queue
[2026-03-09T10:32:02.528+0000] {logging_mixin.py:190} INFO - [2026-03-09T10:32:02.528+0000] {dagbag.py:588} INFO - Filling up the DagBag from /opt/airflow/dags/02_travel_gmaps_ingestion.py
[2026-03-09T10:32:02.552+0000] {processor.py:925} INFO - DAG(s) '02_travel_gmaps_ingestion' retrieved from /opt/airflow/dags/02_travel_gmaps_ingestion.py
[2026-03-09T10:32:02.583+0000] {logging_mixin.py:190} INFO - [2026-03-09T10:32:02.583+0000] {dag.py:3239} INFO - Sync 1 DAGs
[2026-03-09T10:32:02.612+0000] {logging_mixin.py:190} INFO - [2026-03-09T10:32:02.611+0000] {dag.py:4180} INFO - Setting next_dagrun for 02_travel_gmaps_ingestion to 2026-03-08 14:00:00+00:00, run_after=2026-03-09 08:00:00+00:00
[2026-03-09T10:32:02.639+0000] {processor.py:208} INFO - Processing /opt/airflow/dags/02_travel_gmaps_ingestion.py took 0.122 seconds
[2026-03-09T10:32:33.344+0000] {processor.py:186} INFO - Started process (PID=10812) to work on /opt/airflow/dags/02_travel_gmaps_ingestion.py
[2026-03-09T10:32:33.345+0000] {processor.py:914} INFO - Processing file /opt/airflow/dags/02_travel_gmaps_ingestion.py for tasks to queue
[2026-03-09T10:32:33.348+0000] {logging_mixin.py:190} INFO - [2026-03-09T10:32:33.348+0000] {dagbag.py:588} INFO - Filling up the DagBag from /opt/airflow/dags/02_travel_gmaps_ingestion.py
[2026-03-09T10:32:33.376+0000] {processor.py:925} INFO - DAG(s) '02_travel_gmaps_ingestion' retrieved from /opt/airflow/dags/02_travel_gmaps_ingestion.py
[2026-03-09T10:32:33.439+0000] {logging_mixin.py:190} INFO - [2026-03-09T10:32:33.439+0000] {dag.py:3239} INFO - Sync 1 DAGs
[2026-03-09T10:32:33.473+0000] {logging_mixin.py:190} INFO - [2026-03-09T10:32:33.472+0000] {dag.py:4180} INFO - Setting next_dagrun for 02_travel_gmaps_ingestion to 2026-03-08 14:00:00+00:00, run_after=2026-03-09 08:00:00+00:00
[2026-03-09T10:32:33.515+0000] {processor.py:208} INFO - Processing /opt/airflow/dags/02_travel_gmaps_ingestion.py took 0.178 seconds
[2026-03-09T10:33:04.076+0000] {processor.py:186} INFO - Started process (PID=10832) to work on /opt/airflow/dags/02_travel_gmaps_ingestion.py
[2026-03-09T10:33:04.077+0000] {processor.py:914} INFO - Processing file /opt/airflow/dags/02_travel_gmaps_ingestion.py for tasks to queue
[2026-03-09T10:33:04.081+0000] {logging_mixin.py:190} INFO - [2026-03-09T10:33:04.080+0000] {dagbag.py:588} INFO - Filling up the DagBag from /opt/airflow/dags/02_travel_gmaps_ingestion.py
[2026-03-09T10:33:04.109+0000] {processor.py:925} INFO - DAG(s) '02_travel_gmaps_ingestion' retrieved from /opt/airflow/dags/02_travel_gmaps_ingestion.py
[2026-03-09T10:33:04.148+0000] {logging_mixin.py:190} INFO - [2026-03-09T10:33:04.148+0000] {dag.py:3239} INFO - Sync 1 DAGs
[2026-03-09T10:33:04.179+0000] {logging_mixin.py:190} INFO - [2026-03-09T10:33:04.179+0000] {dag.py:4180} INFO - Setting next_dagrun for 02_travel_gmaps_ingestion to 2026-03-08 14:00:00+00:00, run_after=2026-03-09 08:00:00+00:00
[2026-03-09T10:33:04.209+0000] {processor.py:208} INFO - Processing /opt/airflow/dags/02_travel_gmaps_ingestion.py took 0.141 seconds
[2026-03-09T10:33:34.502+0000] {processor.py:186} INFO - Started process (PID=10852) to work on /opt/airflow/dags/02_travel_gmaps_ingestion.py
[2026-03-09T10:33:34.504+0000] {processor.py:914} INFO - Processing file /opt/airflow/dags/02_travel_gmaps_ingestion.py for tasks to queue
[2026-03-09T10:33:34.507+0000] {logging_mixin.py:190} INFO - [2026-03-09T10:33:34.507+0000] {dagbag.py:588} INFO - Filling up the DagBag from /opt/airflow/dags/02_travel_gmaps_ingestion.py
[2026-03-09T10:33:34.547+0000] {processor.py:925} INFO - DAG(s) '02_travel_gmaps_ingestion' retrieved from /opt/airflow/dags/02_travel_gmaps_ingestion.py
[2026-03-09T10:33:34.578+0000] {logging_mixin.py:190} INFO - [2026-03-09T10:33:34.577+0000] {dag.py:3239} INFO - Sync 1 DAGs
[2026-03-09T10:33:34.766+0000] {logging_mixin.py:190} INFO - [2026-03-09T10:33:34.766+0000] {dag.py:4180} INFO - Setting next_dagrun for 02_travel_gmaps_ingestion to 2026-03-08 14:00:00+00:00, run_after=2026-03-09 08:00:00+00:00
[2026-03-09T10:33:34.806+0000] {processor.py:208} INFO - Processing /opt/airflow/dags/02_travel_gmaps_ingestion.py took 0.311 seconds
[2026-03-09T10:34:05.018+0000] {processor.py:186} INFO - Started process (PID=10872) to work on /opt/airflow/dags/02_travel_gmaps_ingestion.py
[2026-03-09T10:34:05.020+0000] {processor.py:914} INFO - Processing file /opt/airflow/dags/02_travel_gmaps_ingestion.py for tasks to queue
[2026-03-09T10:34:05.023+0000] {logging_mixin.py:190} INFO - [2026-03-09T10:34:05.022+0000] {dagbag.py:588} INFO - Filling up the DagBag from /opt/airflow/dags/02_travel_gmaps_ingestion.py
[2026-03-09T10:34:05.057+0000] {processor.py:925} INFO - DAG(s) '02_travel_gmaps_ingestion' retrieved from /opt/airflow/dags/02_travel_gmaps_ingestion.py
[2026-03-09T10:34:05.086+0000] {logging_mixin.py:190} INFO - [2026-03-09T10:34:05.085+0000] {dag.py:3239} INFO - Sync 1 DAGs
[2026-03-09T10:34:05.276+0000] {logging_mixin.py:190} INFO - [2026-03-09T10:34:05.276+0000] {dag.py:4180} INFO - Setting next_dagrun for 02_travel_gmaps_ingestion to 2026-03-08 14:00:00+00:00, run_after=2026-03-09 08:00:00+00:00
[2026-03-09T10:34:05.302+0000] {processor.py:208} INFO - Processing /opt/airflow/dags/02_travel_gmaps_ingestion.py took 0.289 seconds
[2026-03-09T10:34:35.473+0000] {processor.py:186} INFO - Started process (PID=10892) to work on /opt/airflow/dags/02_travel_gmaps_ingestion.py
[2026-03-09T10:34:35.474+0000] {processor.py:914} INFO - Processing file /opt/airflow/dags/02_travel_gmaps_ingestion.py for tasks to queue
[2026-03-09T10:34:35.478+0000] {logging_mixin.py:190} INFO - [2026-03-09T10:34:35.477+0000] {dagbag.py:588} INFO - Filling up the DagBag from /opt/airflow/dags/02_travel_gmaps_ingestion.py
[2026-03-09T10:34:35.501+0000] {processor.py:925} INFO - DAG(s) '02_travel_gmaps_ingestion' retrieved from /opt/airflow/dags/02_travel_gmaps_ingestion.py
[2026-03-09T10:34:35.532+0000] {logging_mixin.py:190} INFO - [2026-03-09T10:34:35.532+0000] {dag.py:3239} INFO - Sync 1 DAGs
[2026-03-09T10:34:35.555+0000] {logging_mixin.py:190} INFO - [2026-03-09T10:34:35.555+0000] {dag.py:4180} INFO - Setting next_dagrun for 02_travel_gmaps_ingestion to 2026-03-08 14:00:00+00:00, run_after=2026-03-09 08:00:00+00:00
[2026-03-09T10:34:35.579+0000] {processor.py:208} INFO - Processing /opt/airflow/dags/02_travel_gmaps_ingestion.py took 0.113 seconds
[2026-03-09T10:35:06.326+0000] {processor.py:186} INFO - Started process (PID=10912) to work on /opt/airflow/dags/02_travel_gmaps_ingestion.py
[2026-03-09T10:35:06.328+0000] {processor.py:914} INFO - Processing file /opt/airflow/dags/02_travel_gmaps_ingestion.py for tasks to queue
[2026-03-09T10:35:06.331+0000] {logging_mixin.py:190} INFO - [2026-03-09T10:35:06.331+0000] {dagbag.py:588} INFO - Filling up the DagBag from /opt/airflow/dags/02_travel_gmaps_ingestion.py
[2026-03-09T10:35:06.354+0000] {processor.py:925} INFO - DAG(s) '02_travel_gmaps_ingestion' retrieved from /opt/airflow/dags/02_travel_gmaps_ingestion.py
[2026-03-09T10:35:06.380+0000] {logging_mixin.py:190} INFO - [2026-03-09T10:35:06.380+0000] {dag.py:3239} INFO - Sync 1 DAGs
[2026-03-09T10:35:06.402+0000] {logging_mixin.py:190} INFO - [2026-03-09T10:35:06.402+0000] {dag.py:4180} INFO - Setting next_dagrun for 02_travel_gmaps_ingestion to 2026-03-08 14:00:00+00:00, run_after=2026-03-09 08:00:00+00:00
[2026-03-09T10:35:06.428+0000] {processor.py:208} INFO - Processing /opt/airflow/dags/02_travel_gmaps_ingestion.py took 0.109 seconds
[2026-03-09T10:35:37.286+0000] {processor.py:186} INFO - Started process (PID=10932) to work on /opt/airflow/dags/02_travel_gmaps_ingestion.py
[2026-03-09T10:35:37.287+0000] {processor.py:914} INFO - Processing file /opt/airflow/dags/02_travel_gmaps_ingestion.py for tasks to queue
[2026-03-09T10:35:37.290+0000] {logging_mixin.py:190} INFO - [2026-03-09T10:35:37.289+0000] {dagbag.py:588} INFO - Filling up the DagBag from /opt/airflow/dags/02_travel_gmaps_ingestion.py
[2026-03-09T10:35:37.308+0000] {processor.py:925} INFO - DAG(s) '02_travel_gmaps_ingestion' retrieved from /opt/airflow/dags/02_travel_gmaps_ingestion.py
[2026-03-09T10:35:37.337+0000] {logging_mixin.py:190} INFO - [2026-03-09T10:35:37.337+0000] {dag.py:3239} INFO - Sync 1 DAGs
[2026-03-09T10:35:37.359+0000] {logging_mixin.py:190} INFO - [2026-03-09T10:35:37.359+0000] {dag.py:4180} INFO - Setting next_dagrun for 02_travel_gmaps_ingestion to 2026-03-08 14:00:00+00:00, run_after=2026-03-09 08:00:00+00:00
[2026-03-09T10:35:37.384+0000] {processor.py:208} INFO - Processing /opt/airflow/dags/02_travel_gmaps_ingestion.py took 0.104 seconds
[2026-03-09T10:36:08.246+0000] {processor.py:186} INFO - Started process (PID=10952) to work on /opt/airflow/dags/02_travel_gmaps_ingestion.py
[2026-03-09T10:36:08.247+0000] {processor.py:914} INFO - Processing file /opt/airflow/dags/02_travel_gmaps_ingestion.py for tasks to queue
[2026-03-09T10:36:08.249+0000] {logging_mixin.py:190} INFO - [2026-03-09T10:36:08.249+0000] {dagbag.py:588} INFO - Filling up the DagBag from /opt/airflow/dags/02_travel_gmaps_ingestion.py
[2026-03-09T10:36:08.272+0000] {processor.py:925} INFO - DAG(s) '02_travel_gmaps_ingestion' retrieved from /opt/airflow/dags/02_travel_gmaps_ingestion.py
[2026-03-09T10:36:08.298+0000] {logging_mixin.py:190} INFO - [2026-03-09T10:36:08.298+0000] {dag.py:3239} INFO - Sync 1 DAGs
[2026-03-09T10:36:08.320+0000] {logging_mixin.py:190} INFO - [2026-03-09T10:36:08.320+0000] {dag.py:4180} INFO - Setting next_dagrun for 02_travel_gmaps_ingestion to 2026-03-08 14:00:00+00:00, run_after=2026-03-09 08:00:00+00:00
[2026-03-09T10:36:08.506+0000] {processor.py:208} INFO - Processing /opt/airflow/dags/02_travel_gmaps_ingestion.py took 0.266 seconds
[2026-03-09T10:36:38.759+0000] {processor.py:186} INFO - Started process (PID=10972) to work on /opt/airflow/dags/02_travel_gmaps_ingestion.py
[2026-03-09T10:36:38.760+0000] {processor.py:914} INFO - Processing file /opt/airflow/dags/02_travel_gmaps_ingestion.py for tasks to queue
[2026-03-09T10:36:38.763+0000] {logging_mixin.py:190} INFO - [2026-03-09T10:36:38.762+0000] {dagbag.py:588} INFO - Filling up the DagBag from /opt/airflow/dags/02_travel_gmaps_ingestion.py
[2026-03-09T10:36:38.782+0000] {processor.py:925} INFO - DAG(s) '02_travel_gmaps_ingestion' retrieved from /opt/airflow/dags/02_travel_gmaps_ingestion.py
[2026-03-09T10:36:38.809+0000] {logging_mixin.py:190} INFO - [2026-03-09T10:36:38.809+0000] {dag.py:3239} INFO - Sync 1 DAGs
[2026-03-09T10:36:38.977+0000] {logging_mixin.py:190} INFO - [2026-03-09T10:36:38.977+0000] {dag.py:4180} INFO - Setting next_dagrun for 02_travel_gmaps_ingestion to 2026-03-08 14:00:00+00:00, run_after=2026-03-09 08:00:00+00:00
[2026-03-09T10:36:39.000+0000] {processor.py:208} INFO - Processing /opt/airflow/dags/02_travel_gmaps_ingestion.py took 0.247 seconds
[2026-03-09T10:37:09.275+0000] {processor.py:186} INFO - Started process (PID=10992) to work on /opt/airflow/dags/02_travel_gmaps_ingestion.py
[2026-03-09T10:37:09.276+0000] {processor.py:914} INFO - Processing file /opt/airflow/dags/02_travel_gmaps_ingestion.py for tasks to queue
[2026-03-09T10:37:09.280+0000] {logging_mixin.py:190} INFO - [2026-03-09T10:37:09.279+0000] {dagbag.py:588} INFO - Filling up the DagBag from /opt/airflow/dags/02_travel_gmaps_ingestion.py
[2026-03-09T10:37:09.319+0000] {processor.py:925} INFO - DAG(s) '02_travel_gmaps_ingestion' retrieved from /opt/airflow/dags/02_travel_gmaps_ingestion.py
[2026-03-09T10:37:09.346+0000] {logging_mixin.py:190} INFO - [2026-03-09T10:37:09.346+0000] {dag.py:3239} INFO - Sync 1 DAGs
[2026-03-09T10:37:09.370+0000] {logging_mixin.py:190} INFO - [2026-03-09T10:37:09.369+0000] {dag.py:4180} INFO - Setting next_dagrun for 02_travel_gmaps_ingestion to 2026-03-08 14:00:00+00:00, run_after=2026-03-09 08:00:00+00:00
[2026-03-09T10:37:09.398+0000] {processor.py:208} INFO - Processing /opt/airflow/dags/02_travel_gmaps_ingestion.py took 0.128 seconds
[2026-03-09T10:37:40.226+0000] {processor.py:186} INFO - Started process (PID=11012) to work on /opt/airflow/dags/02_travel_gmaps_ingestion.py
[2026-03-09T10:37:40.227+0000] {processor.py:914} INFO - Processing file /opt/airflow/dags/02_travel_gmaps_ingestion.py for tasks to queue
[2026-03-09T10:37:40.232+0000] {logging_mixin.py:190} INFO - [2026-03-09T10:37:40.231+0000] {dagbag.py:588} INFO - Filling up the DagBag from /opt/airflow/dags/02_travel_gmaps_ingestion.py
[2026-03-09T10:37:40.267+0000] {processor.py:925} INFO - DAG(s) '02_travel_gmaps_ingestion' retrieved from /opt/airflow/dags/02_travel_gmaps_ingestion.py
[2026-03-09T10:37:40.312+0000] {logging_mixin.py:190} INFO - [2026-03-09T10:37:40.312+0000] {dag.py:3239} INFO - Sync 1 DAGs
[2026-03-09T10:37:40.344+0000] {logging_mixin.py:190} INFO - [2026-03-09T10:37:40.344+0000] {dag.py:4180} INFO - Setting next_dagrun for 02_travel_gmaps_ingestion to 2026-03-08 14:00:00+00:00, run_after=2026-03-09 08:00:00+00:00
[2026-03-09T10:37:40.377+0000] {processor.py:208} INFO - Processing /opt/airflow/dags/02_travel_gmaps_ingestion.py took 0.161 seconds
[2026-03-09T10:38:11.092+0000] {processor.py:186} INFO - Started process (PID=11032) to work on /opt/airflow/dags/02_travel_gmaps_ingestion.py
[2026-03-09T10:38:11.094+0000] {processor.py:914} INFO - Processing file /opt/airflow/dags/02_travel_gmaps_ingestion.py for tasks to queue
[2026-03-09T10:38:11.096+0000] {logging_mixin.py:190} INFO - [2026-03-09T10:38:11.096+0000] {dagbag.py:588} INFO - Filling up the DagBag from /opt/airflow/dags/02_travel_gmaps_ingestion.py
[2026-03-09T10:38:11.118+0000] {processor.py:925} INFO - DAG(s) '02_travel_gmaps_ingestion' retrieved from /opt/airflow/dags/02_travel_gmaps_ingestion.py
[2026-03-09T10:38:11.152+0000] {logging_mixin.py:190} INFO - [2026-03-09T10:38:11.152+0000] {dag.py:3239} INFO - Sync 1 DAGs
[2026-03-09T10:38:11.184+0000] {logging_mixin.py:190} INFO - [2026-03-09T10:38:11.183+0000] {dag.py:4180} INFO - Setting next_dagrun for 02_travel_gmaps_ingestion to 2026-03-08 14:00:00+00:00, run_after=2026-03-09 08:00:00+00:00
[2026-03-09T10:38:11.214+0000] {processor.py:208} INFO - Processing /opt/airflow/dags/02_travel_gmaps_ingestion.py took 0.128 seconds
[2026-03-09T10:38:41.858+0000] {processor.py:186} INFO - Started process (PID=11052) to work on /opt/airflow/dags/02_travel_gmaps_ingestion.py
[2026-03-09T10:38:41.860+0000] {processor.py:914} INFO - Processing file /opt/airflow/dags/02_travel_gmaps_ingestion.py for tasks to queue
[2026-03-09T10:38:41.862+0000] {logging_mixin.py:190} INFO - [2026-03-09T10:38:41.862+0000] {dagbag.py:588} INFO - Filling up the DagBag from /opt/airflow/dags/02_travel_gmaps_ingestion.py
[2026-03-09T10:38:41.885+0000] {processor.py:925} INFO - DAG(s) '02_travel_gmaps_ingestion' retrieved from /opt/airflow/dags/02_travel_gmaps_ingestion.py
[2026-03-09T10:38:41.926+0000] {logging_mixin.py:190} INFO - [2026-03-09T10:38:41.926+0000] {dag.py:3239} INFO - Sync 1 DAGs
[2026-03-09T10:38:41.955+0000] {logging_mixin.py:190} INFO - [2026-03-09T10:38:41.955+0000] {dag.py:4180} INFO - Setting next_dagrun for 02_travel_gmaps_ingestion to 2026-03-08 14:00:00+00:00, run_after=2026-03-09 08:00:00+00:00
[2026-03-09T10:38:42.205+0000] {processor.py:208} INFO - Processing /opt/airflow/dags/02_travel_gmaps_ingestion.py took 0.353 seconds
[2026-03-09T10:39:12.299+0000] {processor.py:186} INFO - Started process (PID=11072) to work on /opt/airflow/dags/02_travel_gmaps_ingestion.py
[2026-03-09T10:39:12.300+0000] {processor.py:914} INFO - Processing file /opt/airflow/dags/02_travel_gmaps_ingestion.py for tasks to queue
[2026-03-09T10:39:12.303+0000] {logging_mixin.py:190} INFO - [2026-03-09T10:39:12.303+0000] {dagbag.py:588} INFO - Filling up the DagBag from /opt/airflow/dags/02_travel_gmaps_ingestion.py
[2026-03-09T10:39:12.328+0000] {processor.py:925} INFO - DAG(s) '02_travel_gmaps_ingestion' retrieved from /opt/airflow/dags/02_travel_gmaps_ingestion.py
[2026-03-09T10:39:12.362+0000] {logging_mixin.py:190} INFO - [2026-03-09T10:39:12.362+0000] {dag.py:3239} INFO - Sync 1 DAGs
[2026-03-09T10:39:12.583+0000] {logging_mixin.py:190} INFO - [2026-03-09T10:39:12.582+0000] {dag.py:4180} INFO - Setting next_dagrun for 02_travel_gmaps_ingestion to 2026-03-08 14:00:00+00:00, run_after=2026-03-09 08:00:00+00:00
[2026-03-09T10:39:12.607+0000] {processor.py:208} INFO - Processing /opt/airflow/dags/02_travel_gmaps_ingestion.py took 0.316 seconds
[2026-03-09T10:39:42.901+0000] {processor.py:186} INFO - Started process (PID=11092) to work on /opt/airflow/dags/02_travel_gmaps_ingestion.py
[2026-03-09T10:39:42.902+0000] {processor.py:914} INFO - Processing file /opt/airflow/dags/02_travel_gmaps_ingestion.py for tasks to queue
[2026-03-09T10:39:42.905+0000] {logging_mixin.py:190} INFO - [2026-03-09T10:39:42.904+0000] {dagbag.py:588} INFO - Filling up the DagBag from /opt/airflow/dags/02_travel_gmaps_ingestion.py
[2026-03-09T10:39:42.927+0000] {processor.py:925} INFO - DAG(s) '02_travel_gmaps_ingestion' retrieved from /opt/airflow/dags/02_travel_gmaps_ingestion.py
[2026-03-09T10:39:42.959+0000] {logging_mixin.py:190} INFO - [2026-03-09T10:39:42.958+0000] {dag.py:3239} INFO - Sync 1 DAGs
[2026-03-09T10:39:43.195+0000] {logging_mixin.py:190} INFO - [2026-03-09T10:39:43.194+0000] {dag.py:4180} INFO - Setting next_dagrun for 02_travel_gmaps_ingestion to 2026-03-08 14:00:00+00:00, run_after=2026-03-09 08:00:00+00:00
[2026-03-09T10:39:43.224+0000] {processor.py:208} INFO - Processing /opt/airflow/dags/02_travel_gmaps_ingestion.py took 0.330 seconds
[2026-03-09T10:40:13.538+0000] {processor.py:186} INFO - Started process (PID=11112) to work on /opt/airflow/dags/02_travel_gmaps_ingestion.py
[2026-03-09T10:40:13.539+0000] {processor.py:914} INFO - Processing file /opt/airflow/dags/02_travel_gmaps_ingestion.py for tasks to queue
[2026-03-09T10:40:13.543+0000] {logging_mixin.py:190} INFO - [2026-03-09T10:40:13.542+0000] {dagbag.py:588} INFO - Filling up the DagBag from /opt/airflow/dags/02_travel_gmaps_ingestion.py
[2026-03-09T10:40:13.564+0000] {processor.py:925} INFO - DAG(s) '02_travel_gmaps_ingestion' retrieved from /opt/airflow/dags/02_travel_gmaps_ingestion.py
[2026-03-09T10:40:13.595+0000] {logging_mixin.py:190} INFO - [2026-03-09T10:40:13.595+0000] {dag.py:3239} INFO - Sync 1 DAGs
[2026-03-09T10:40:13.622+0000] {logging_mixin.py:190} INFO - [2026-03-09T10:40:13.622+0000] {dag.py:4180} INFO - Setting next_dagrun for 02_travel_gmaps_ingestion to 2026-03-08 14:00:00+00:00, run_after=2026-03-09 08:00:00+00:00
[2026-03-09T10:40:13.652+0000] {processor.py:208} INFO - Processing /opt/airflow/dags/02_travel_gmaps_ingestion.py took 0.121 seconds
[2026-03-09T10:40:44.495+0000] {processor.py:186} INFO - Started process (PID=11132) to work on /opt/airflow/dags/02_travel_gmaps_ingestion.py
[2026-03-09T10:40:44.497+0000] {processor.py:914} INFO - Processing file /opt/airflow/dags/02_travel_gmaps_ingestion.py for tasks to queue
[2026-03-09T10:40:44.501+0000] {logging_mixin.py:190} INFO - [2026-03-09T10:40:44.500+0000] {dagbag.py:588} INFO - Filling up the DagBag from /opt/airflow/dags/02_travel_gmaps_ingestion.py
[2026-03-09T10:40:44.522+0000] {processor.py:925} INFO - DAG(s) '02_travel_gmaps_ingestion' retrieved from /opt/airflow/dags/02_travel_gmaps_ingestion.py
[2026-03-09T10:40:44.553+0000] {logging_mixin.py:190} INFO - [2026-03-09T10:40:44.553+0000] {dag.py:3239} INFO - Sync 1 DAGs
[2026-03-09T10:40:44.581+0000] {logging_mixin.py:190} INFO - [2026-03-09T10:40:44.581+0000] {dag.py:4180} INFO - Setting next_dagrun for 02_travel_gmaps_ingestion to 2026-03-08 14:00:00+00:00, run_after=2026-03-09 08:00:00+00:00
[2026-03-09T10:40:44.612+0000] {processor.py:208} INFO - Processing /opt/airflow/dags/02_travel_gmaps_ingestion.py took 0.125 seconds
[2026-03-09T10:41:15.307+0000] {processor.py:186} INFO - Started process (PID=11152) to work on /opt/airflow/dags/02_travel_gmaps_ingestion.py
[2026-03-09T10:41:15.309+0000] {processor.py:914} INFO - Processing file /opt/airflow/dags/02_travel_gmaps_ingestion.py for tasks to queue
[2026-03-09T10:41:15.312+0000] {logging_mixin.py:190} INFO - [2026-03-09T10:41:15.312+0000] {dagbag.py:588} INFO - Filling up the DagBag from /opt/airflow/dags/02_travel_gmaps_ingestion.py
[2026-03-09T10:41:15.336+0000] {processor.py:925} INFO - DAG(s) '02_travel_gmaps_ingestion' retrieved from /opt/airflow/dags/02_travel_gmaps_ingestion.py
[2026-03-09T10:41:15.376+0000] {logging_mixin.py:190} INFO - [2026-03-09T10:41:15.376+0000] {dag.py:3239} INFO - Sync 1 DAGs
[2026-03-09T10:41:15.407+0000] {logging_mixin.py:190} INFO - [2026-03-09T10:41:15.407+0000] {dag.py:4180} INFO - Setting next_dagrun for 02_travel_gmaps_ingestion to 2026-03-08 14:00:00+00:00, run_after=2026-03-09 08:00:00+00:00
[2026-03-09T10:41:15.437+0000] {processor.py:208} INFO - Processing /opt/airflow/dags/02_travel_gmaps_ingestion.py took 0.136 seconds
[2026-03-09T10:41:46.103+0000] {processor.py:186} INFO - Started process (PID=11172) to work on /opt/airflow/dags/02_travel_gmaps_ingestion.py
[2026-03-09T10:41:46.104+0000] {processor.py:914} INFO - Processing file /opt/airflow/dags/02_travel_gmaps_ingestion.py for tasks to queue
[2026-03-09T10:41:46.107+0000] {logging_mixin.py:190} INFO - [2026-03-09T10:41:46.107+0000] {dagbag.py:588} INFO - Filling up the DagBag from /opt/airflow/dags/02_travel_gmaps_ingestion.py
[2026-03-09T10:41:46.128+0000] {processor.py:925} INFO - DAG(s) '02_travel_gmaps_ingestion' retrieved from /opt/airflow/dags/02_travel_gmaps_ingestion.py
[2026-03-09T10:41:46.161+0000] {logging_mixin.py:190} INFO - [2026-03-09T10:41:46.161+0000] {dag.py:3239} INFO - Sync 1 DAGs
[2026-03-09T10:41:46.192+0000] {logging_mixin.py:190} INFO - [2026-03-09T10:41:46.191+0000] {dag.py:4180} INFO - Setting next_dagrun for 02_travel_gmaps_ingestion to 2026-03-08 14:00:00+00:00, run_after=2026-03-09 08:00:00+00:00
[2026-03-09T10:41:46.416+0000] {processor.py:208} INFO - Processing /opt/airflow/dags/02_travel_gmaps_ingestion.py took 0.320 seconds
[2026-03-09T10:42:17.157+0000] {processor.py:186} INFO - Started process (PID=11192) to work on /opt/airflow/dags/02_travel_gmaps_ingestion.py
[2026-03-09T10:42:17.159+0000] {processor.py:914} INFO - Processing file /opt/airflow/dags/02_travel_gmaps_ingestion.py for tasks to queue
[2026-03-09T10:42:17.162+0000] {logging_mixin.py:190} INFO - [2026-03-09T10:42:17.162+0000] {dagbag.py:588} INFO - Filling up the DagBag from /opt/airflow/dags/02_travel_gmaps_ingestion.py
[2026-03-09T10:42:17.199+0000] {processor.py:925} INFO - DAG(s) '02_travel_gmaps_ingestion' retrieved from /opt/airflow/dags/02_travel_gmaps_ingestion.py
[2026-03-09T10:42:17.245+0000] {logging_mixin.py:190} INFO - [2026-03-09T10:42:17.244+0000] {dag.py:3239} INFO - Sync 1 DAGs
[2026-03-09T10:42:17.599+0000] {logging_mixin.py:190} INFO - [2026-03-09T10:42:17.599+0000] {dag.py:4180} INFO - Setting next_dagrun for 02_travel_gmaps_ingestion to 2026-03-08 14:00:00+00:00, run_after=2026-03-09 08:00:00+00:00
[2026-03-09T10:42:17.642+0000] {processor.py:208} INFO - Processing /opt/airflow/dags/02_travel_gmaps_ingestion.py took 0.494 seconds
[2026-03-09T10:42:47.705+0000] {processor.py:186} INFO - Started process (PID=11212) to work on /opt/airflow/dags/02_travel_gmaps_ingestion.py
[2026-03-09T10:42:47.706+0000] {processor.py:914} INFO - Processing file /opt/airflow/dags/02_travel_gmaps_ingestion.py for tasks to queue
[2026-03-09T10:42:47.709+0000] {logging_mixin.py:190} INFO - [2026-03-09T10:42:47.709+0000] {dagbag.py:588} INFO - Filling up the DagBag from /opt/airflow/dags/02_travel_gmaps_ingestion.py
[2026-03-09T10:42:47.735+0000] {processor.py:925} INFO - DAG(s) '02_travel_gmaps_ingestion' retrieved from /opt/airflow/dags/02_travel_gmaps_ingestion.py
[2026-03-09T10:42:47.913+0000] {logging_mixin.py:190} INFO - [2026-03-09T10:42:47.913+0000] {dag.py:3239} INFO - Sync 1 DAGs
[2026-03-09T10:42:47.933+0000] {logging_mixin.py:190} INFO - [2026-03-09T10:42:47.933+0000] {dag.py:4180} INFO - Setting next_dagrun for 02_travel_gmaps_ingestion to 2026-03-08 14:00:00+00:00, run_after=2026-03-09 08:00:00+00:00
[2026-03-09T10:42:47.960+0000] {processor.py:208} INFO - Processing /opt/airflow/dags/02_travel_gmaps_ingestion.py took 0.262 seconds
[2026-03-09T10:43:18.462+0000] {processor.py:186} INFO - Started process (PID=11232) to work on /opt/airflow/dags/02_travel_gmaps_ingestion.py
[2026-03-09T10:43:18.464+0000] {processor.py:914} INFO - Processing file /opt/airflow/dags/02_travel_gmaps_ingestion.py for tasks to queue
[2026-03-09T10:43:18.468+0000] {logging_mixin.py:190} INFO - [2026-03-09T10:43:18.468+0000] {dagbag.py:588} INFO - Filling up the DagBag from /opt/airflow/dags/02_travel_gmaps_ingestion.py
[2026-03-09T10:43:18.498+0000] {processor.py:925} INFO - DAG(s) '02_travel_gmaps_ingestion' retrieved from /opt/airflow/dags/02_travel_gmaps_ingestion.py
[2026-03-09T10:43:18.535+0000] {logging_mixin.py:190} INFO - [2026-03-09T10:43:18.535+0000] {dag.py:3239} INFO - Sync 1 DAGs
[2026-03-09T10:43:18.576+0000] {logging_mixin.py:190} INFO - [2026-03-09T10:43:18.575+0000] {dag.py:4180} INFO - Setting next_dagrun for 02_travel_gmaps_ingestion to 2026-03-08 14:00:00+00:00, run_after=2026-03-09 08:00:00+00:00
[2026-03-09T10:43:18.605+0000] {processor.py:208} INFO - Processing /opt/airflow/dags/02_travel_gmaps_ingestion.py took 0.153 seconds
[2026-03-09T10:43:49.111+0000] {processor.py:186} INFO - Started process (PID=11252) to work on /opt/airflow/dags/02_travel_gmaps_ingestion.py
[2026-03-09T10:43:49.113+0000] {processor.py:914} INFO - Processing file /opt/airflow/dags/02_travel_gmaps_ingestion.py for tasks to queue
[2026-03-09T10:43:49.117+0000] {logging_mixin.py:190} INFO - [2026-03-09T10:43:49.117+0000] {dagbag.py:588} INFO - Filling up the DagBag from /opt/airflow/dags/02_travel_gmaps_ingestion.py
[2026-03-09T10:43:49.144+0000] {processor.py:925} INFO - DAG(s) '02_travel_gmaps_ingestion' retrieved from /opt/airflow/dags/02_travel_gmaps_ingestion.py
[2026-03-09T10:43:49.183+0000] {logging_mixin.py:190} INFO - [2026-03-09T10:43:49.182+0000] {dag.py:3239} INFO - Sync 1 DAGs
[2026-03-09T10:43:49.212+0000] {logging_mixin.py:190} INFO - [2026-03-09T10:43:49.212+0000] {dag.py:4180} INFO - Setting next_dagrun for 02_travel_gmaps_ingestion to 2026-03-08 14:00:00+00:00, run_after=2026-03-09 08:00:00+00:00
[2026-03-09T10:43:49.241+0000] {processor.py:208} INFO - Processing /opt/airflow/dags/02_travel_gmaps_ingestion.py took 0.136 seconds
[2026-03-09T10:44:19.817+0000] {processor.py:186} INFO - Started process (PID=11272) to work on /opt/airflow/dags/02_travel_gmaps_ingestion.py
[2026-03-09T10:44:19.818+0000] {processor.py:914} INFO - Processing file /opt/airflow/dags/02_travel_gmaps_ingestion.py for tasks to queue
[2026-03-09T10:44:19.821+0000] {logging_mixin.py:190} INFO - [2026-03-09T10:44:19.821+0000] {dagbag.py:588} INFO - Filling up the DagBag from /opt/airflow/dags/02_travel_gmaps_ingestion.py
[2026-03-09T10:44:19.841+0000] {processor.py:925} INFO - DAG(s) '02_travel_gmaps_ingestion' retrieved from /opt/airflow/dags/02_travel_gmaps_ingestion.py
[2026-03-09T10:44:19.877+0000] {logging_mixin.py:190} INFO - [2026-03-09T10:44:19.877+0000] {dag.py:3239} INFO - Sync 1 DAGs
[2026-03-09T10:44:19.910+0000] {logging_mixin.py:190} INFO - [2026-03-09T10:44:19.910+0000] {dag.py:4180} INFO - Setting next_dagrun for 02_travel_gmaps_ingestion to 2026-03-08 14:00:00+00:00, run_after=2026-03-09 08:00:00+00:00
[2026-03-09T10:44:20.128+0000] {processor.py:208} INFO - Processing /opt/airflow/dags/02_travel_gmaps_ingestion.py took 0.317 seconds
[2026-03-09T10:44:50.386+0000] {processor.py:186} INFO - Started process (PID=11292) to work on /opt/airflow/dags/02_travel_gmaps_ingestion.py
[2026-03-09T10:44:50.388+0000] {processor.py:914} INFO - Processing file /opt/airflow/dags/02_travel_gmaps_ingestion.py for tasks to queue
[2026-03-09T10:44:50.391+0000] {logging_mixin.py:190} INFO - [2026-03-09T10:44:50.390+0000] {dagbag.py:588} INFO - Filling up the DagBag from /opt/airflow/dags/02_travel_gmaps_ingestion.py
[2026-03-09T10:44:50.415+0000] {processor.py:925} INFO - DAG(s) '02_travel_gmaps_ingestion' retrieved from /opt/airflow/dags/02_travel_gmaps_ingestion.py
[2026-03-09T10:44:50.455+0000] {logging_mixin.py:190} INFO - [2026-03-09T10:44:50.454+0000] {dag.py:3239} INFO - Sync 1 DAGs
[2026-03-09T10:44:50.676+0000] {logging_mixin.py:190} INFO - [2026-03-09T10:44:50.676+0000] {dag.py:4180} INFO - Setting next_dagrun for 02_travel_gmaps_ingestion to 2026-03-08 14:00:00+00:00, run_after=2026-03-09 08:00:00+00:00
[2026-03-09T10:44:50.700+0000] {processor.py:208} INFO - Processing /opt/airflow/dags/02_travel_gmaps_ingestion.py took 0.322 seconds
[2026-03-09T10:45:21.028+0000] {processor.py:186} INFO - Started process (PID=11312) to work on /opt/airflow/dags/02_travel_gmaps_ingestion.py
[2026-03-09T10:45:21.030+0000] {processor.py:914} INFO - Processing file /opt/airflow/dags/02_travel_gmaps_ingestion.py for tasks to queue
[2026-03-09T10:45:21.032+0000] {logging_mixin.py:190} INFO - [2026-03-09T10:45:21.032+0000] {dagbag.py:588} INFO - Filling up the DagBag from /opt/airflow/dags/02_travel_gmaps_ingestion.py
[2026-03-09T10:45:21.060+0000] {processor.py:925} INFO - DAG(s) '02_travel_gmaps_ingestion' retrieved from /opt/airflow/dags/02_travel_gmaps_ingestion.py
[2026-03-09T10:45:21.106+0000] {logging_mixin.py:190} INFO - [2026-03-09T10:45:21.106+0000] {dag.py:3239} INFO - Sync 1 DAGs
[2026-03-09T10:45:21.341+0000] {logging_mixin.py:190} INFO - [2026-03-09T10:45:21.341+0000] {dag.py:4180} INFO - Setting next_dagrun for 02_travel_gmaps_ingestion to 2026-03-08 14:00:00+00:00, run_after=2026-03-09 08:00:00+00:00
[2026-03-09T10:45:21.370+0000] {processor.py:208} INFO - Processing /opt/airflow/dags/02_travel_gmaps_ingestion.py took 0.349 seconds
[2026-03-09T10:45:51.675+0000] {processor.py:186} INFO - Started process (PID=11332) to work on /opt/airflow/dags/02_travel_gmaps_ingestion.py
[2026-03-09T10:45:51.676+0000] {processor.py:914} INFO - Processing file /opt/airflow/dags/02_travel_gmaps_ingestion.py for tasks to queue
[2026-03-09T10:45:51.679+0000] {logging_mixin.py:190} INFO - [2026-03-09T10:45:51.678+0000] {dagbag.py:588} INFO - Filling up the DagBag from /opt/airflow/dags/02_travel_gmaps_ingestion.py
[2026-03-09T10:45:51.702+0000] {processor.py:925} INFO - DAG(s) '02_travel_gmaps_ingestion' retrieved from /opt/airflow/dags/02_travel_gmaps_ingestion.py
[2026-03-09T10:45:51.736+0000] {logging_mixin.py:190} INFO - [2026-03-09T10:45:51.736+0000] {dag.py:3239} INFO - Sync 1 DAGs
[2026-03-09T10:45:51.765+0000] {logging_mixin.py:190} INFO - [2026-03-09T10:45:51.765+0000] {dag.py:4180} INFO - Setting next_dagrun for 02_travel_gmaps_ingestion to 2026-03-08 14:00:00+00:00, run_after=2026-03-09 08:00:00+00:00
[2026-03-09T10:45:51.796+0000] {processor.py:208} INFO - Processing /opt/airflow/dags/02_travel_gmaps_ingestion.py took 0.128 seconds
[2026-03-09T10:46:22.613+0000] {processor.py:186} INFO - Started process (PID=11352) to work on /opt/airflow/dags/02_travel_gmaps_ingestion.py
[2026-03-09T10:46:22.615+0000] {processor.py:914} INFO - Processing file /opt/airflow/dags/02_travel_gmaps_ingestion.py for tasks to queue
[2026-03-09T10:46:22.617+0000] {logging_mixin.py:190} INFO - [2026-03-09T10:46:22.617+0000] {dagbag.py:588} INFO - Filling up the DagBag from /opt/airflow/dags/02_travel_gmaps_ingestion.py
[2026-03-09T10:46:22.641+0000] {processor.py:925} INFO - DAG(s) '02_travel_gmaps_ingestion' retrieved from /opt/airflow/dags/02_travel_gmaps_ingestion.py
[2026-03-09T10:46:22.673+0000] {logging_mixin.py:190} INFO - [2026-03-09T10:46:22.673+0000] {dag.py:3239} INFO - Sync 1 DAGs
[2026-03-09T10:46:22.703+0000] {logging_mixin.py:190} INFO - [2026-03-09T10:46:22.703+0000] {dag.py:4180} INFO - Setting next_dagrun for 02_travel_gmaps_ingestion to 2026-03-08 14:00:00+00:00, run_after=2026-03-09 08:00:00+00:00
[2026-03-09T10:46:22.734+0000] {processor.py:208} INFO - Processing /opt/airflow/dags/02_travel_gmaps_ingestion.py took 0.129 seconds
[2026-03-09T10:46:53.412+0000] {processor.py:186} INFO - Started process (PID=11372) to work on /opt/airflow/dags/02_travel_gmaps_ingestion.py
[2026-03-09T10:46:53.414+0000] {processor.py:914} INFO - Processing file /opt/airflow/dags/02_travel_gmaps_ingestion.py for tasks to queue
[2026-03-09T10:46:53.417+0000] {logging_mixin.py:190} INFO - [2026-03-09T10:46:53.416+0000] {dagbag.py:588} INFO - Filling up the DagBag from /opt/airflow/dags/02_travel_gmaps_ingestion.py
[2026-03-09T10:46:53.437+0000] {processor.py:925} INFO - DAG(s) '02_travel_gmaps_ingestion' retrieved from /opt/airflow/dags/02_travel_gmaps_ingestion.py
[2026-03-09T10:46:53.481+0000] {logging_mixin.py:190} INFO - [2026-03-09T10:46:53.481+0000] {dag.py:3239} INFO - Sync 1 DAGs
[2026-03-09T10:46:53.517+0000] {logging_mixin.py:190} INFO - [2026-03-09T10:46:53.517+0000] {dag.py:4180} INFO - Setting next_dagrun for 02_travel_gmaps_ingestion to 2026-03-08 14:00:00+00:00, run_after=2026-03-09 08:00:00+00:00
[2026-03-09T10:46:53.542+0000] {processor.py:208} INFO - Processing /opt/airflow/dags/02_travel_gmaps_ingestion.py took 0.137 seconds
[2026-03-09T10:47:24.312+0000] {processor.py:186} INFO - Started process (PID=11392) to work on /opt/airflow/dags/02_travel_gmaps_ingestion.py
[2026-03-09T10:47:24.314+0000] {processor.py:914} INFO - Processing file /opt/airflow/dags/02_travel_gmaps_ingestion.py for tasks to queue
[2026-03-09T10:47:24.319+0000] {logging_mixin.py:190} INFO - [2026-03-09T10:47:24.319+0000] {dagbag.py:588} INFO - Filling up the DagBag from /opt/airflow/dags/02_travel_gmaps_ingestion.py
[2026-03-09T10:47:24.352+0000] {processor.py:925} INFO - DAG(s) '02_travel_gmaps_ingestion' retrieved from /opt/airflow/dags/02_travel_gmaps_ingestion.py
[2026-03-09T10:47:24.389+0000] {logging_mixin.py:190} INFO - [2026-03-09T10:47:24.388+0000] {dag.py:3239} INFO - Sync 1 DAGs
[2026-03-09T10:47:24.417+0000] {logging_mixin.py:190} INFO - [2026-03-09T10:47:24.417+0000] {dag.py:4180} INFO - Setting next_dagrun for 02_travel_gmaps_ingestion to 2026-03-08 14:00:00+00:00, run_after=2026-03-09 08:00:00+00:00
[2026-03-09T10:47:24.670+0000] {processor.py:208} INFO - Processing /opt/airflow/dags/02_travel_gmaps_ingestion.py took 0.366 seconds
[2026-03-09T10:47:55.243+0000] {processor.py:186} INFO - Started process (PID=11412) to work on /opt/airflow/dags/02_travel_gmaps_ingestion.py
[2026-03-09T10:47:55.245+0000] {processor.py:914} INFO - Processing file /opt/airflow/dags/02_travel_gmaps_ingestion.py for tasks to queue
[2026-03-09T10:47:55.248+0000] {logging_mixin.py:190} INFO - [2026-03-09T10:47:55.248+0000] {dagbag.py:588} INFO - Filling up the DagBag from /opt/airflow/dags/02_travel_gmaps_ingestion.py
[2026-03-09T10:47:55.287+0000] {processor.py:925} INFO - DAG(s) '02_travel_gmaps_ingestion' retrieved from /opt/airflow/dags/02_travel_gmaps_ingestion.py
[2026-03-09T10:47:55.347+0000] {logging_mixin.py:190} INFO - [2026-03-09T10:47:55.346+0000] {dag.py:3239} INFO - Sync 1 DAGs
[2026-03-09T10:47:55.632+0000] {logging_mixin.py:190} INFO - [2026-03-09T10:47:55.632+0000] {dag.py:4180} INFO - Setting next_dagrun for 02_travel_gmaps_ingestion to 2026-03-08 14:00:00+00:00, run_after=2026-03-09 08:00:00+00:00
[2026-03-09T10:47:55.658+0000] {processor.py:208} INFO - Processing /opt/airflow/dags/02_travel_gmaps_ingestion.py took 0.425 seconds
[2026-03-09T10:48:26.678+0000] {processor.py:186} INFO - Started process (PID=11432) to work on /opt/airflow/dags/02_travel_gmaps_ingestion.py
[2026-03-09T10:48:26.680+0000] {processor.py:914} INFO - Processing file /opt/airflow/dags/02_travel_gmaps_ingestion.py for tasks to queue
[2026-03-09T10:48:26.684+0000] {logging_mixin.py:190} INFO - [2026-03-09T10:48:26.683+0000] {dagbag.py:588} INFO - Filling up the DagBag from /opt/airflow/dags/02_travel_gmaps_ingestion.py
[2026-03-09T10:48:26.711+0000] {processor.py:925} INFO - DAG(s) '02_travel_gmaps_ingestion' retrieved from /opt/airflow/dags/02_travel_gmaps_ingestion.py
[2026-03-09T10:48:26.965+0000] {logging_mixin.py:190} INFO - [2026-03-09T10:48:26.965+0000] {dag.py:3239} INFO - Sync 1 DAGs
[2026-03-09T10:48:26.990+0000] {logging_mixin.py:190} INFO - [2026-03-09T10:48:26.989+0000] {dag.py:4180} INFO - Setting next_dagrun for 02_travel_gmaps_ingestion to 2026-03-08 14:00:00+00:00, run_after=2026-03-09 08:00:00+00:00
[2026-03-09T10:48:27.013+0000] {processor.py:208} INFO - Processing /opt/airflow/dags/02_travel_gmaps_ingestion.py took 0.345 seconds
[2026-03-09T10:48:57.283+0000] {processor.py:186} INFO - Started process (PID=11452) to work on /opt/airflow/dags/02_travel_gmaps_ingestion.py
[2026-03-09T10:48:57.285+0000] {processor.py:914} INFO - Processing file /opt/airflow/dags/02_travel_gmaps_ingestion.py for tasks to queue
[2026-03-09T10:48:57.288+0000] {logging_mixin.py:190} INFO - [2026-03-09T10:48:57.287+0000] {dagbag.py:588} INFO - Filling up the DagBag from /opt/airflow/dags/02_travel_gmaps_ingestion.py
[2026-03-09T10:48:57.314+0000] {processor.py:925} INFO - DAG(s) '02_travel_gmaps_ingestion' retrieved from /opt/airflow/dags/02_travel_gmaps_ingestion.py
[2026-03-09T10:48:57.349+0000] {logging_mixin.py:190} INFO - [2026-03-09T10:48:57.349+0000] {dag.py:3239} INFO - Sync 1 DAGs
[2026-03-09T10:48:57.378+0000] {logging_mixin.py:190} INFO - [2026-03-09T10:48:57.378+0000] {dag.py:4180} INFO - Setting next_dagrun for 02_travel_gmaps_ingestion to 2026-03-08 14:00:00+00:00, run_after=2026-03-09 08:00:00+00:00
[2026-03-09T10:48:57.405+0000] {processor.py:208} INFO - Processing /opt/airflow/dags/02_travel_gmaps_ingestion.py took 0.128 seconds
[2026-03-09T10:49:28.177+0000] {processor.py:186} INFO - Started process (PID=11472) to work on /opt/airflow/dags/02_travel_gmaps_ingestion.py
[2026-03-09T10:49:28.178+0000] {processor.py:914} INFO - Processing file /opt/airflow/dags/02_travel_gmaps_ingestion.py for tasks to queue
[2026-03-09T10:49:28.182+0000] {logging_mixin.py:190} INFO - [2026-03-09T10:49:28.181+0000] {dagbag.py:588} INFO - Filling up the DagBag from /opt/airflow/dags/02_travel_gmaps_ingestion.py
[2026-03-09T10:49:28.210+0000] {processor.py:925} INFO - DAG(s) '02_travel_gmaps_ingestion' retrieved from /opt/airflow/dags/02_travel_gmaps_ingestion.py
[2026-03-09T10:49:28.240+0000] {logging_mixin.py:190} INFO - [2026-03-09T10:49:28.240+0000] {dag.py:3239} INFO - Sync 1 DAGs
[2026-03-09T10:49:28.270+0000] {logging_mixin.py:190} INFO - [2026-03-09T10:49:28.270+0000] {dag.py:4180} INFO - Setting next_dagrun for 02_travel_gmaps_ingestion to 2026-03-08 14:00:00+00:00, run_after=2026-03-09 08:00:00+00:00
[2026-03-09T10:49:28.298+0000] {processor.py:208} INFO - Processing /opt/airflow/dags/02_travel_gmaps_ingestion.py took 0.129 seconds
[2026-03-09T10:49:58.981+0000] {processor.py:186} INFO - Started process (PID=11492) to work on /opt/airflow/dags/02_travel_gmaps_ingestion.py
[2026-03-09T10:49:58.982+0000] {processor.py:914} INFO - Processing file /opt/airflow/dags/02_travel_gmaps_ingestion.py for tasks to queue
[2026-03-09T10:49:58.985+0000] {logging_mixin.py:190} INFO - [2026-03-09T10:49:58.985+0000] {dagbag.py:588} INFO - Filling up the DagBag from /opt/airflow/dags/02_travel_gmaps_ingestion.py
[2026-03-09T10:49:59.005+0000] {processor.py:925} INFO - DAG(s) '02_travel_gmaps_ingestion' retrieved from /opt/airflow/dags/02_travel_gmaps_ingestion.py
[2026-03-09T10:49:59.039+0000] {logging_mixin.py:190} INFO - [2026-03-09T10:49:59.039+0000] {dag.py:3239} INFO - Sync 1 DAGs
[2026-03-09T10:49:59.068+0000] {logging_mixin.py:190} INFO - [2026-03-09T10:49:59.067+0000] {dag.py:4180} INFO - Setting next_dagrun for 02_travel_gmaps_ingestion to 2026-03-08 14:00:00+00:00, run_after=2026-03-09 08:00:00+00:00
[2026-03-09T10:49:59.099+0000] {processor.py:208} INFO - Processing /opt/airflow/dags/02_travel_gmaps_ingestion.py took 0.125 seconds
[2026-03-09T10:50:29.964+0000] {processor.py:186} INFO - Started process (PID=11512) to work on /opt/airflow/dags/02_travel_gmaps_ingestion.py
[2026-03-09T10:50:29.965+0000] {processor.py:914} INFO - Processing file /opt/airflow/dags/02_travel_gmaps_ingestion.py for tasks to queue
[2026-03-09T10:50:29.968+0000] {logging_mixin.py:190} INFO - [2026-03-09T10:50:29.967+0000] {dagbag.py:588} INFO - Filling up the DagBag from /opt/airflow/dags/02_travel_gmaps_ingestion.py
[2026-03-09T10:50:29.989+0000] {processor.py:925} INFO - DAG(s) '02_travel_gmaps_ingestion' retrieved from /opt/airflow/dags/02_travel_gmaps_ingestion.py
[2026-03-09T10:50:30.022+0000] {logging_mixin.py:190} INFO - [2026-03-09T10:50:30.022+0000] {dag.py:3239} INFO - Sync 1 DAGs
[2026-03-09T10:50:30.224+0000] {logging_mixin.py:190} INFO - [2026-03-09T10:50:30.224+0000] {dag.py:4180} INFO - Setting next_dagrun for 02_travel_gmaps_ingestion to 2026-03-08 14:00:00+00:00, run_after=2026-03-09 08:00:00+00:00
[2026-03-09T10:50:30.253+0000] {processor.py:208} INFO - Processing /opt/airflow/dags/02_travel_gmaps_ingestion.py took 0.297 seconds
[2026-03-09T10:51:00.924+0000] {processor.py:186} INFO - Started process (PID=11532) to work on /opt/airflow/dags/02_travel_gmaps_ingestion.py
[2026-03-09T10:51:00.925+0000] {processor.py:914} INFO - Processing file /opt/airflow/dags/02_travel_gmaps_ingestion.py for tasks to queue
[2026-03-09T10:51:00.928+0000] {logging_mixin.py:190} INFO - [2026-03-09T10:51:00.928+0000] {dagbag.py:588} INFO - Filling up the DagBag from /opt/airflow/dags/02_travel_gmaps_ingestion.py
[2026-03-09T10:51:00.949+0000] {processor.py:925} INFO - DAG(s) '02_travel_gmaps_ingestion' retrieved from /opt/airflow/dags/02_travel_gmaps_ingestion.py
[2026-03-09T10:51:00.979+0000] {logging_mixin.py:190} INFO - [2026-03-09T10:51:00.979+0000] {dag.py:3239} INFO - Sync 1 DAGs
[2026-03-09T10:51:01.226+0000] {logging_mixin.py:190} INFO - [2026-03-09T10:51:01.226+0000] {dag.py:4180} INFO - Setting next_dagrun for 02_travel_gmaps_ingestion to 2026-03-08 14:00:00+00:00, run_after=2026-03-09 08:00:00+00:00
[2026-03-09T10:51:01.251+0000] {processor.py:208} INFO - Processing /opt/airflow/dags/02_travel_gmaps_ingestion.py took 0.334 seconds
[2026-03-09T10:51:31.834+0000] {processor.py:186} INFO - Started process (PID=11552) to work on /opt/airflow/dags/02_travel_gmaps_ingestion.py
[2026-03-09T10:51:31.835+0000] {processor.py:914} INFO - Processing file /opt/airflow/dags/02_travel_gmaps_ingestion.py for tasks to queue
[2026-03-09T10:51:31.838+0000] {logging_mixin.py:190} INFO - [2026-03-09T10:51:31.837+0000] {dagbag.py:588} INFO - Filling up the DagBag from /opt/airflow/dags/02_travel_gmaps_ingestion.py
[2026-03-09T10:51:31.858+0000] {processor.py:925} INFO - DAG(s) '02_travel_gmaps_ingestion' retrieved from /opt/airflow/dags/02_travel_gmaps_ingestion.py
[2026-03-09T10:51:32.077+0000] {logging_mixin.py:190} INFO - [2026-03-09T10:51:32.077+0000] {dag.py:3239} INFO - Sync 1 DAGs
[2026-03-09T10:51:32.099+0000] {logging_mixin.py:190} INFO - [2026-03-09T10:51:32.099+0000] {dag.py:4180} INFO - Setting next_dagrun for 02_travel_gmaps_ingestion to 2026-03-08 14:00:00+00:00, run_after=2026-03-09 08:00:00+00:00
[2026-03-09T10:51:32.125+0000] {processor.py:208} INFO - Processing /opt/airflow/dags/02_travel_gmaps_ingestion.py took 0.298 seconds
[2026-03-09T10:52:02.397+0000] {processor.py:186} INFO - Started process (PID=11572) to work on /opt/airflow/dags/02_travel_gmaps_ingestion.py
[2026-03-09T10:52:02.398+0000] {processor.py:914} INFO - Processing file /opt/airflow/dags/02_travel_gmaps_ingestion.py for tasks to queue
[2026-03-09T10:52:02.402+0000] {logging_mixin.py:190} INFO - [2026-03-09T10:52:02.401+0000] {dagbag.py:588} INFO - Filling up the DagBag from /opt/airflow/dags/02_travel_gmaps_ingestion.py
[2026-03-09T10:52:02.431+0000] {processor.py:925} INFO - DAG(s) '02_travel_gmaps_ingestion' retrieved from /opt/airflow/dags/02_travel_gmaps_ingestion.py
[2026-03-09T10:52:02.467+0000] {logging_mixin.py:190} INFO - [2026-03-09T10:52:02.466+0000] {dag.py:3239} INFO - Sync 1 DAGs
[2026-03-09T10:52:02.506+0000] {logging_mixin.py:190} INFO - [2026-03-09T10:52:02.505+0000] {dag.py:4180} INFO - Setting next_dagrun for 02_travel_gmaps_ingestion to 2026-03-08 14:00:00+00:00, run_after=2026-03-09 08:00:00+00:00
[2026-03-09T10:52:02.535+0000] {processor.py:208} INFO - Processing /opt/airflow/dags/02_travel_gmaps_ingestion.py took 0.146 seconds
[2026-03-09T10:52:33.182+0000] {processor.py:186} INFO - Started process (PID=11592) to work on /opt/airflow/dags/02_travel_gmaps_ingestion.py
[2026-03-09T10:52:33.184+0000] {processor.py:914} INFO - Processing file /opt/airflow/dags/02_travel_gmaps_ingestion.py for tasks to queue
[2026-03-09T10:52:33.189+0000] {logging_mixin.py:190} INFO - [2026-03-09T10:52:33.188+0000] {dagbag.py:588} INFO - Filling up the DagBag from /opt/airflow/dags/02_travel_gmaps_ingestion.py
[2026-03-09T10:52:33.223+0000] {processor.py:925} INFO - DAG(s) '02_travel_gmaps_ingestion' retrieved from /opt/airflow/dags/02_travel_gmaps_ingestion.py
[2026-03-09T10:52:33.280+0000] {logging_mixin.py:190} INFO - [2026-03-09T10:52:33.279+0000] {dag.py:3239} INFO - Sync 1 DAGs
[2026-03-09T10:52:33.324+0000] {logging_mixin.py:190} INFO - [2026-03-09T10:52:33.323+0000] {dag.py:4180} INFO - Setting next_dagrun for 02_travel_gmaps_ingestion to 2026-03-08 14:00:00+00:00, run_after=2026-03-09 08:00:00+00:00
[2026-03-09T10:52:33.366+0000] {processor.py:208} INFO - Processing /opt/airflow/dags/02_travel_gmaps_ingestion.py took 0.196 seconds
[2026-03-09T10:53:03.959+0000] {processor.py:186} INFO - Started process (PID=11612) to work on /opt/airflow/dags/02_travel_gmaps_ingestion.py
[2026-03-09T10:53:03.960+0000] {processor.py:914} INFO - Processing file /opt/airflow/dags/02_travel_gmaps_ingestion.py for tasks to queue
[2026-03-09T10:53:03.964+0000] {logging_mixin.py:190} INFO - [2026-03-09T10:53:03.964+0000] {dagbag.py:588} INFO - Filling up the DagBag from /opt/airflow/dags/02_travel_gmaps_ingestion.py
[2026-03-09T10:53:03.989+0000] {processor.py:925} INFO - DAG(s) '02_travel_gmaps_ingestion' retrieved from /opt/airflow/dags/02_travel_gmaps_ingestion.py
[2026-03-09T10:53:04.022+0000] {logging_mixin.py:190} INFO - [2026-03-09T10:53:04.021+0000] {dag.py:3239} INFO - Sync 1 DAGs
[2026-03-09T10:53:04.054+0000] {logging_mixin.py:190} INFO - [2026-03-09T10:53:04.054+0000] {dag.py:4180} INFO - Setting next_dagrun for 02_travel_gmaps_ingestion to 2026-03-08 14:00:00+00:00, run_after=2026-03-09 08:00:00+00:00
[2026-03-09T10:53:04.264+0000] {processor.py:208} INFO - Processing /opt/airflow/dags/02_travel_gmaps_ingestion.py took 0.314 seconds
[2026-03-09T10:53:34.581+0000] {processor.py:186} INFO - Started process (PID=11632) to work on /opt/airflow/dags/02_travel_gmaps_ingestion.py
[2026-03-09T10:53:34.583+0000] {processor.py:914} INFO - Processing file /opt/airflow/dags/02_travel_gmaps_ingestion.py for tasks to queue
[2026-03-09T10:53:34.585+0000] {logging_mixin.py:190} INFO - [2026-03-09T10:53:34.585+0000] {dagbag.py:588} INFO - Filling up the DagBag from /opt/airflow/dags/02_travel_gmaps_ingestion.py
[2026-03-09T10:53:34.608+0000] {processor.py:925} INFO - DAG(s) '02_travel_gmaps_ingestion' retrieved from /opt/airflow/dags/02_travel_gmaps_ingestion.py
[2026-03-09T10:53:34.637+0000] {logging_mixin.py:190} INFO - [2026-03-09T10:53:34.637+0000] {dag.py:3239} INFO - Sync 1 DAGs
[2026-03-09T10:53:34.877+0000] {logging_mixin.py:190} INFO - [2026-03-09T10:53:34.877+0000] {dag.py:4180} INFO - Setting next_dagrun for 02_travel_gmaps_ingestion to 2026-03-08 14:00:00+00:00, run_after=2026-03-09 08:00:00+00:00
[2026-03-09T10:53:34.908+0000] {processor.py:208} INFO - Processing /opt/airflow/dags/02_travel_gmaps_ingestion.py took 0.334 seconds
[2026-03-09T10:54:05.833+0000] {processor.py:186} INFO - Started process (PID=11652) to work on /opt/airflow/dags/02_travel_gmaps_ingestion.py
[2026-03-09T10:54:05.835+0000] {processor.py:914} INFO - Processing file /opt/airflow/dags/02_travel_gmaps_ingestion.py for tasks to queue
[2026-03-09T10:54:05.838+0000] {logging_mixin.py:190} INFO - [2026-03-09T10:54:05.837+0000] {dagbag.py:588} INFO - Filling up the DagBag from /opt/airflow/dags/02_travel_gmaps_ingestion.py
[2026-03-09T10:54:05.862+0000] {processor.py:925} INFO - DAG(s) '02_travel_gmaps_ingestion' retrieved from /opt/airflow/dags/02_travel_gmaps_ingestion.py
[2026-03-09T10:54:06.094+0000] {logging_mixin.py:190} INFO - [2026-03-09T10:54:06.094+0000] {dag.py:3239} INFO - Sync 1 DAGs
[2026-03-09T10:54:06.116+0000] {logging_mixin.py:190} INFO - [2026-03-09T10:54:06.116+0000] {dag.py:4180} INFO - Setting next_dagrun for 02_travel_gmaps_ingestion to 2026-03-08 14:00:00+00:00, run_after=2026-03-09 08:00:00+00:00
[2026-03-09T10:54:06.150+0000] {processor.py:208} INFO - Processing /opt/airflow/dags/02_travel_gmaps_ingestion.py took 0.325 seconds
[2026-03-09T10:54:36.914+0000] {processor.py:186} INFO - Started process (PID=11672) to work on /opt/airflow/dags/02_travel_gmaps_ingestion.py
[2026-03-09T10:54:36.916+0000] {processor.py:914} INFO - Processing file /opt/airflow/dags/02_travel_gmaps_ingestion.py for tasks to queue
[2026-03-09T10:54:36.921+0000] {logging_mixin.py:190} INFO - [2026-03-09T10:54:36.920+0000] {dagbag.py:588} INFO - Filling up the DagBag from /opt/airflow/dags/02_travel_gmaps_ingestion.py
[2026-03-09T10:54:36.959+0000] {processor.py:925} INFO - DAG(s) '02_travel_gmaps_ingestion' retrieved from /opt/airflow/dags/02_travel_gmaps_ingestion.py
[2026-03-09T10:54:37.001+0000] {logging_mixin.py:190} INFO - [2026-03-09T10:54:37.001+0000] {dag.py:3239} INFO - Sync 1 DAGs
[2026-03-09T10:54:37.033+0000] {logging_mixin.py:190} INFO - [2026-03-09T10:54:37.032+0000] {dag.py:4180} INFO - Setting next_dagrun for 02_travel_gmaps_ingestion to 2026-03-08 14:00:00+00:00, run_after=2026-03-09 08:00:00+00:00
[2026-03-09T10:54:37.078+0000] {processor.py:208} INFO - Processing /opt/airflow/dags/02_travel_gmaps_ingestion.py took 0.177 seconds
[2026-03-09T10:55:07.938+0000] {processor.py:186} INFO - Started process (PID=11692) to work on /opt/airflow/dags/02_travel_gmaps_ingestion.py
[2026-03-09T10:55:07.940+0000] {processor.py:914} INFO - Processing file /opt/airflow/dags/02_travel_gmaps_ingestion.py for tasks to queue
[2026-03-09T10:55:07.944+0000] {logging_mixin.py:190} INFO - [2026-03-09T10:55:07.943+0000] {dagbag.py:588} INFO - Filling up the DagBag from /opt/airflow/dags/02_travel_gmaps_ingestion.py
[2026-03-09T10:55:07.975+0000] {processor.py:925} INFO - DAG(s) '02_travel_gmaps_ingestion' retrieved from /opt/airflow/dags/02_travel_gmaps_ingestion.py
[2026-03-09T10:55:08.039+0000] {logging_mixin.py:190} INFO - [2026-03-09T10:55:08.039+0000] {dag.py:3239} INFO - Sync 1 DAGs
[2026-03-09T10:55:08.071+0000] {logging_mixin.py:190} INFO - [2026-03-09T10:55:08.071+0000] {dag.py:4180} INFO - Setting next_dagrun for 02_travel_gmaps_ingestion to 2026-03-08 14:00:00+00:00, run_after=2026-03-09 08:00:00+00:00
[2026-03-09T10:55:08.134+0000] {processor.py:208} INFO - Processing /opt/airflow/dags/02_travel_gmaps_ingestion.py took 0.205 seconds
[2026-03-09T10:55:38.446+0000] {processor.py:186} INFO - Started process (PID=11712) to work on /opt/airflow/dags/02_travel_gmaps_ingestion.py
[2026-03-09T10:55:38.448+0000] {processor.py:914} INFO - Processing file /opt/airflow/dags/02_travel_gmaps_ingestion.py for tasks to queue
[2026-03-09T10:55:38.456+0000] {logging_mixin.py:190} INFO - [2026-03-09T10:55:38.455+0000] {dagbag.py:588} INFO - Filling up the DagBag from /opt/airflow/dags/02_travel_gmaps_ingestion.py
[2026-03-09T10:55:38.496+0000] {processor.py:925} INFO - DAG(s) '02_travel_gmaps_ingestion' retrieved from /opt/airflow/dags/02_travel_gmaps_ingestion.py
[2026-03-09T10:55:38.561+0000] {logging_mixin.py:190} INFO - [2026-03-09T10:55:38.561+0000] {dag.py:3239} INFO - Sync 1 DAGs
[2026-03-09T10:55:38.608+0000] {logging_mixin.py:190} INFO - [2026-03-09T10:55:38.607+0000] {dag.py:4180} INFO - Setting next_dagrun for 02_travel_gmaps_ingestion to 2026-03-08 14:00:00+00:00, run_after=2026-03-09 08:00:00+00:00
[2026-03-09T10:55:38.645+0000] {processor.py:208} INFO - Processing /opt/airflow/dags/02_travel_gmaps_ingestion.py took 0.217 seconds
[2026-03-09T10:56:09.153+0000] {processor.py:186} INFO - Started process (PID=11732) to work on /opt/airflow/dags/02_travel_gmaps_ingestion.py
[2026-03-09T10:56:09.158+0000] {processor.py:914} INFO - Processing file /opt/airflow/dags/02_travel_gmaps_ingestion.py for tasks to queue
[2026-03-09T10:56:09.162+0000] {logging_mixin.py:190} INFO - [2026-03-09T10:56:09.162+0000] {dagbag.py:588} INFO - Filling up the DagBag from /opt/airflow/dags/02_travel_gmaps_ingestion.py
[2026-03-09T10:56:09.194+0000] {processor.py:925} INFO - DAG(s) '02_travel_gmaps_ingestion' retrieved from /opt/airflow/dags/02_travel_gmaps_ingestion.py
[2026-03-09T10:56:09.238+0000] {logging_mixin.py:190} INFO - [2026-03-09T10:56:09.238+0000] {dag.py:3239} INFO - Sync 1 DAGs
[2026-03-09T10:56:09.513+0000] {logging_mixin.py:190} INFO - [2026-03-09T10:56:09.512+0000] {dag.py:4180} INFO - Setting next_dagrun for 02_travel_gmaps_ingestion to 2026-03-08 14:00:00+00:00, run_after=2026-03-09 08:00:00+00:00
[2026-03-09T10:56:09.537+0000] {processor.py:208} INFO - Processing /opt/airflow/dags/02_travel_gmaps_ingestion.py took 0.394 seconds
[2026-03-09T10:56:40.138+0000] {processor.py:186} INFO - Started process (PID=11752) to work on /opt/airflow/dags/02_travel_gmaps_ingestion.py
[2026-03-09T10:56:40.139+0000] {processor.py:914} INFO - Processing file /opt/airflow/dags/02_travel_gmaps_ingestion.py for tasks to queue
[2026-03-09T10:56:40.142+0000] {logging_mixin.py:190} INFO - [2026-03-09T10:56:40.142+0000] {dagbag.py:588} INFO - Filling up the DagBag from /opt/airflow/dags/02_travel_gmaps_ingestion.py
[2026-03-09T10:56:40.163+0000] {processor.py:925} INFO - DAG(s) '02_travel_gmaps_ingestion' retrieved from /opt/airflow/dags/02_travel_gmaps_ingestion.py
[2026-03-09T10:56:40.196+0000] {logging_mixin.py:190} INFO - [2026-03-09T10:56:40.196+0000] {dag.py:3239} INFO - Sync 1 DAGs
[2026-03-09T10:56:40.420+0000] {logging_mixin.py:190} INFO - [2026-03-09T10:56:40.420+0000] {dag.py:4180} INFO - Setting next_dagrun for 02_travel_gmaps_ingestion to 2026-03-08 14:00:00+00:00, run_after=2026-03-09 08:00:00+00:00
[2026-03-09T10:56:40.444+0000] {processor.py:208} INFO - Processing /opt/airflow/dags/02_travel_gmaps_ingestion.py took 0.314 seconds
[2026-03-09T10:57:11.347+0000] {processor.py:186} INFO - Started process (PID=11772) to work on /opt/airflow/dags/02_travel_gmaps_ingestion.py
[2026-03-09T10:57:11.349+0000] {processor.py:914} INFO - Processing file /opt/airflow/dags/02_travel_gmaps_ingestion.py for tasks to queue
[2026-03-09T10:57:11.352+0000] {logging_mixin.py:190} INFO - [2026-03-09T10:57:11.352+0000] {dagbag.py:588} INFO - Filling up the DagBag from /opt/airflow/dags/02_travel_gmaps_ingestion.py
[2026-03-09T10:57:11.386+0000] {processor.py:925} INFO - DAG(s) '02_travel_gmaps_ingestion' retrieved from /opt/airflow/dags/02_travel_gmaps_ingestion.py
[2026-03-09T10:57:11.638+0000] {logging_mixin.py:190} INFO - [2026-03-09T10:57:11.638+0000] {dag.py:3239} INFO - Sync 1 DAGs
[2026-03-09T10:57:11.667+0000] {logging_mixin.py:190} INFO - [2026-03-09T10:57:11.666+0000] {dag.py:4180} INFO - Setting next_dagrun for 02_travel_gmaps_ingestion to 2026-03-08 14:00:00+00:00, run_after=2026-03-09 08:00:00+00:00
[2026-03-09T10:57:11.698+0000] {processor.py:208} INFO - Processing /opt/airflow/dags/02_travel_gmaps_ingestion.py took 0.362 seconds
[2026-03-09T10:57:42.467+0000] {processor.py:186} INFO - Started process (PID=11792) to work on /opt/airflow/dags/02_travel_gmaps_ingestion.py
[2026-03-09T10:57:42.503+0000] {processor.py:914} INFO - Processing file /opt/airflow/dags/02_travel_gmaps_ingestion.py for tasks to queue
[2026-03-09T10:57:42.547+0000] {logging_mixin.py:190} INFO - [2026-03-09T10:57:42.546+0000] {dagbag.py:588} INFO - Filling up the DagBag from /opt/airflow/dags/02_travel_gmaps_ingestion.py
[2026-03-09T10:57:42.689+0000] {processor.py:925} INFO - DAG(s) '02_travel_gmaps_ingestion' retrieved from /opt/airflow/dags/02_travel_gmaps_ingestion.py
[2026-03-09T10:57:43.067+0000] {logging_mixin.py:190} INFO - [2026-03-09T10:57:43.066+0000] {dag.py:3239} INFO - Sync 1 DAGs
[2026-03-09T10:57:43.301+0000] {logging_mixin.py:190} INFO - [2026-03-09T10:57:43.301+0000] {dag.py:4180} INFO - Setting next_dagrun for 02_travel_gmaps_ingestion to 2026-03-08 14:00:00+00:00, run_after=2026-03-09 08:00:00+00:00
[2026-03-09T10:57:43.385+0000] {processor.py:208} INFO - Processing /opt/airflow/dags/02_travel_gmaps_ingestion.py took 1.019 seconds
[2026-03-09T10:58:14.206+0000] {processor.py:186} INFO - Started process (PID=11812) to work on /opt/airflow/dags/02_travel_gmaps_ingestion.py
[2026-03-09T10:58:14.208+0000] {processor.py:914} INFO - Processing file /opt/airflow/dags/02_travel_gmaps_ingestion.py for tasks to queue
[2026-03-09T10:58:14.219+0000] {logging_mixin.py:190} INFO - [2026-03-09T10:58:14.214+0000] {dagbag.py:588} INFO - Filling up the DagBag from /opt/airflow/dags/02_travel_gmaps_ingestion.py
[2026-03-09T10:58:14.290+0000] {processor.py:925} INFO - DAG(s) '02_travel_gmaps_ingestion' retrieved from /opt/airflow/dags/02_travel_gmaps_ingestion.py
[2026-03-09T10:58:14.411+0000] {logging_mixin.py:190} INFO - [2026-03-09T10:58:14.411+0000] {dag.py:3239} INFO - Sync 1 DAGs
[2026-03-09T10:58:14.477+0000] {logging_mixin.py:190} INFO - [2026-03-09T10:58:14.476+0000] {dag.py:4180} INFO - Setting next_dagrun for 02_travel_gmaps_ingestion to 2026-03-08 14:00:00+00:00, run_after=2026-03-09 08:00:00+00:00
[2026-03-09T10:58:14.534+0000] {processor.py:208} INFO - Processing /opt/airflow/dags/02_travel_gmaps_ingestion.py took 0.360 seconds
[2026-03-09T10:58:45.175+0000] {processor.py:186} INFO - Started process (PID=11832) to work on /opt/airflow/dags/02_travel_gmaps_ingestion.py
[2026-03-09T10:58:45.176+0000] {processor.py:914} INFO - Processing file /opt/airflow/dags/02_travel_gmaps_ingestion.py for tasks to queue
[2026-03-09T10:58:45.180+0000] {logging_mixin.py:190} INFO - [2026-03-09T10:58:45.180+0000] {dagbag.py:588} INFO - Filling up the DagBag from /opt/airflow/dags/02_travel_gmaps_ingestion.py
[2026-03-09T10:58:45.207+0000] {processor.py:925} INFO - DAG(s) '02_travel_gmaps_ingestion' retrieved from /opt/airflow/dags/02_travel_gmaps_ingestion.py
[2026-03-09T10:58:45.240+0000] {logging_mixin.py:190} INFO - [2026-03-09T10:58:45.240+0000] {dag.py:3239} INFO - Sync 1 DAGs
[2026-03-09T10:58:45.266+0000] {logging_mixin.py:190} INFO - [2026-03-09T10:58:45.266+0000] {dag.py:4180} INFO - Setting next_dagrun for 02_travel_gmaps_ingestion to 2026-03-08 14:00:00+00:00, run_after=2026-03-09 08:00:00+00:00
[2026-03-09T10:58:46.183+0000] {processor.py:208} INFO - Processing /opt/airflow/dags/02_travel_gmaps_ingestion.py took 1.017 seconds
[2026-03-09T10:59:16.809+0000] {processor.py:186} INFO - Started process (PID=11852) to work on /opt/airflow/dags/02_travel_gmaps_ingestion.py
[2026-03-09T10:59:16.810+0000] {processor.py:914} INFO - Processing file /opt/airflow/dags/02_travel_gmaps_ingestion.py for tasks to queue
[2026-03-09T10:59:16.814+0000] {logging_mixin.py:190} INFO - [2026-03-09T10:59:16.814+0000] {dagbag.py:588} INFO - Filling up the DagBag from /opt/airflow/dags/02_travel_gmaps_ingestion.py
[2026-03-09T10:59:16.846+0000] {processor.py:925} INFO - DAG(s) '02_travel_gmaps_ingestion' retrieved from /opt/airflow/dags/02_travel_gmaps_ingestion.py
[2026-03-09T10:59:16.879+0000] {logging_mixin.py:190} INFO - [2026-03-09T10:59:16.879+0000] {dag.py:3239} INFO - Sync 1 DAGs
[2026-03-09T10:59:17.323+0000] {logging_mixin.py:190} INFO - [2026-03-09T10:59:17.322+0000] {dag.py:4180} INFO - Setting next_dagrun for 02_travel_gmaps_ingestion to 2026-03-08 14:00:00+00:00, run_after=2026-03-09 08:00:00+00:00
[2026-03-09T10:59:17.352+0000] {processor.py:208} INFO - Processing /opt/airflow/dags/02_travel_gmaps_ingestion.py took 0.551 seconds
[2026-03-09T10:59:47.624+0000] {processor.py:186} INFO - Started process (PID=11872) to work on /opt/airflow/dags/02_travel_gmaps_ingestion.py
[2026-03-09T10:59:47.626+0000] {processor.py:914} INFO - Processing file /opt/airflow/dags/02_travel_gmaps_ingestion.py for tasks to queue
[2026-03-09T10:59:47.629+0000] {logging_mixin.py:190} INFO - [2026-03-09T10:59:47.628+0000] {dagbag.py:588} INFO - Filling up the DagBag from /opt/airflow/dags/02_travel_gmaps_ingestion.py
[2026-03-09T10:59:47.652+0000] {processor.py:925} INFO - DAG(s) '02_travel_gmaps_ingestion' retrieved from /opt/airflow/dags/02_travel_gmaps_ingestion.py
[2026-03-09T10:59:47.682+0000] {logging_mixin.py:190} INFO - [2026-03-09T10:59:47.682+0000] {dag.py:3239} INFO - Sync 1 DAGs
[2026-03-09T10:59:47.860+0000] {logging_mixin.py:190} INFO - [2026-03-09T10:59:47.859+0000] {dag.py:4180} INFO - Setting next_dagrun for 02_travel_gmaps_ingestion to 2026-03-08 14:00:00+00:00, run_after=2026-03-09 08:00:00+00:00
[2026-03-09T10:59:47.885+0000] {processor.py:208} INFO - Processing /opt/airflow/dags/02_travel_gmaps_ingestion.py took 0.269 seconds
[2026-03-09T11:00:18.022+0000] {processor.py:186} INFO - Started process (PID=11908) to work on /opt/airflow/dags/02_travel_gmaps_ingestion.py
[2026-03-09T11:00:18.024+0000] {processor.py:914} INFO - Processing file /opt/airflow/dags/02_travel_gmaps_ingestion.py for tasks to queue
[2026-03-09T11:00:18.026+0000] {logging_mixin.py:190} INFO - [2026-03-09T11:00:18.026+0000] {dagbag.py:588} INFO - Filling up the DagBag from /opt/airflow/dags/02_travel_gmaps_ingestion.py
[2026-03-09T11:00:18.051+0000] {processor.py:925} INFO - DAG(s) '02_travel_gmaps_ingestion' retrieved from /opt/airflow/dags/02_travel_gmaps_ingestion.py
[2026-03-09T11:00:18.085+0000] {logging_mixin.py:190} INFO - [2026-03-09T11:00:18.085+0000] {dag.py:3239} INFO - Sync 1 DAGs
[2026-03-09T11:00:18.111+0000] {logging_mixin.py:190} INFO - [2026-03-09T11:00:18.111+0000] {dag.py:4180} INFO - Setting next_dagrun for 02_travel_gmaps_ingestion to 2026-03-08 14:00:00+00:00, run_after=2026-03-09 08:00:00+00:00
[2026-03-09T11:00:18.144+0000] {processor.py:208} INFO - Processing /opt/airflow/dags/02_travel_gmaps_ingestion.py took 0.129 seconds
[2026-03-09T11:00:48.839+0000] {processor.py:186} INFO - Started process (PID=11928) to work on /opt/airflow/dags/02_travel_gmaps_ingestion.py
[2026-03-09T11:00:48.840+0000] {processor.py:914} INFO - Processing file /opt/airflow/dags/02_travel_gmaps_ingestion.py for tasks to queue
[2026-03-09T11:00:48.843+0000] {logging_mixin.py:190} INFO - [2026-03-09T11:00:48.843+0000] {dagbag.py:588} INFO - Filling up the DagBag from /opt/airflow/dags/02_travel_gmaps_ingestion.py
[2026-03-09T11:00:48.868+0000] {processor.py:925} INFO - DAG(s) '02_travel_gmaps_ingestion' retrieved from /opt/airflow/dags/02_travel_gmaps_ingestion.py
[2026-03-09T11:00:48.910+0000] {logging_mixin.py:190} INFO - [2026-03-09T11:00:48.910+0000] {dag.py:3239} INFO - Sync 1 DAGs
[2026-03-09T11:00:48.957+0000] {logging_mixin.py:190} INFO - [2026-03-09T11:00:48.957+0000] {dag.py:4180} INFO - Setting next_dagrun for 02_travel_gmaps_ingestion to 2026-03-08 14:00:00+00:00, run_after=2026-03-09 08:00:00+00:00
[2026-03-09T11:00:48.996+0000] {processor.py:208} INFO - Processing /opt/airflow/dags/02_travel_gmaps_ingestion.py took 0.165 seconds
[2026-03-09T11:01:19.726+0000] {processor.py:186} INFO - Started process (PID=11948) to work on /opt/airflow/dags/02_travel_gmaps_ingestion.py
[2026-03-09T11:01:19.727+0000] {processor.py:914} INFO - Processing file /opt/airflow/dags/02_travel_gmaps_ingestion.py for tasks to queue
[2026-03-09T11:01:19.730+0000] {logging_mixin.py:190} INFO - [2026-03-09T11:01:19.729+0000] {dagbag.py:588} INFO - Filling up the DagBag from /opt/airflow/dags/02_travel_gmaps_ingestion.py
[2026-03-09T11:01:19.750+0000] {processor.py:925} INFO - DAG(s) '02_travel_gmaps_ingestion' retrieved from /opt/airflow/dags/02_travel_gmaps_ingestion.py
[2026-03-09T11:01:19.781+0000] {logging_mixin.py:190} INFO - [2026-03-09T11:01:19.780+0000] {dag.py:3239} INFO - Sync 1 DAGs
[2026-03-09T11:01:19.809+0000] {logging_mixin.py:190} INFO - [2026-03-09T11:01:19.808+0000] {dag.py:4180} INFO - Setting next_dagrun for 02_travel_gmaps_ingestion to 2026-03-08 14:00:00+00:00, run_after=2026-03-09 08:00:00+00:00
[2026-03-09T11:01:19.839+0000] {processor.py:208} INFO - Processing /opt/airflow/dags/02_travel_gmaps_ingestion.py took 0.120 seconds
[2026-03-09T11:01:50.539+0000] {processor.py:186} INFO - Started process (PID=11968) to work on /opt/airflow/dags/02_travel_gmaps_ingestion.py
[2026-03-09T11:01:50.540+0000] {processor.py:914} INFO - Processing file /opt/airflow/dags/02_travel_gmaps_ingestion.py for tasks to queue
[2026-03-09T11:01:50.543+0000] {logging_mixin.py:190} INFO - [2026-03-09T11:01:50.543+0000] {dagbag.py:588} INFO - Filling up the DagBag from /opt/airflow/dags/02_travel_gmaps_ingestion.py
[2026-03-09T11:01:50.565+0000] {processor.py:925} INFO - DAG(s) '02_travel_gmaps_ingestion' retrieved from /opt/airflow/dags/02_travel_gmaps_ingestion.py
[2026-03-09T11:01:50.601+0000] {logging_mixin.py:190} INFO - [2026-03-09T11:01:50.600+0000] {dag.py:3239} INFO - Sync 1 DAGs
[2026-03-09T11:01:50.632+0000] {logging_mixin.py:190} INFO - [2026-03-09T11:01:50.632+0000] {dag.py:4180} INFO - Setting next_dagrun for 02_travel_gmaps_ingestion to 2026-03-08 14:00:00+00:00, run_after=2026-03-09 08:00:00+00:00
[2026-03-09T11:01:50.848+0000] {processor.py:208} INFO - Processing /opt/airflow/dags/02_travel_gmaps_ingestion.py took 0.315 seconds
[2026-03-09T11:02:21.324+0000] {processor.py:186} INFO - Started process (PID=11988) to work on /opt/airflow/dags/02_travel_gmaps_ingestion.py
[2026-03-09T11:02:21.325+0000] {processor.py:914} INFO - Processing file /opt/airflow/dags/02_travel_gmaps_ingestion.py for tasks to queue
[2026-03-09T11:02:21.330+0000] {logging_mixin.py:190} INFO - [2026-03-09T11:02:21.329+0000] {dagbag.py:588} INFO - Filling up the DagBag from /opt/airflow/dags/02_travel_gmaps_ingestion.py
[2026-03-09T11:02:21.363+0000] {processor.py:925} INFO - DAG(s) '02_travel_gmaps_ingestion' retrieved from /opt/airflow/dags/02_travel_gmaps_ingestion.py
[2026-03-09T11:02:21.403+0000] {logging_mixin.py:190} INFO - [2026-03-09T11:02:21.403+0000] {dag.py:3239} INFO - Sync 1 DAGs
[2026-03-09T11:02:21.654+0000] {logging_mixin.py:190} INFO - [2026-03-09T11:02:21.654+0000] {dag.py:4180} INFO - Setting next_dagrun for 02_travel_gmaps_ingestion to 2026-03-08 14:00:00+00:00, run_after=2026-03-09 08:00:00+00:00
[2026-03-09T11:02:21.679+0000] {processor.py:208} INFO - Processing /opt/airflow/dags/02_travel_gmaps_ingestion.py took 0.363 seconds
[2026-03-09T11:02:52.523+0000] {processor.py:186} INFO - Started process (PID=12008) to work on /opt/airflow/dags/02_travel_gmaps_ingestion.py
[2026-03-09T11:02:52.524+0000] {processor.py:914} INFO - Processing file /opt/airflow/dags/02_travel_gmaps_ingestion.py for tasks to queue
[2026-03-09T11:02:52.528+0000] {logging_mixin.py:190} INFO - [2026-03-09T11:02:52.528+0000] {dagbag.py:588} INFO - Filling up the DagBag from /opt/airflow/dags/02_travel_gmaps_ingestion.py
[2026-03-09T11:02:52.556+0000] {processor.py:925} INFO - DAG(s) '02_travel_gmaps_ingestion' retrieved from /opt/airflow/dags/02_travel_gmaps_ingestion.py
[2026-03-09T11:02:52.805+0000] {logging_mixin.py:190} INFO - [2026-03-09T11:02:52.805+0000] {dag.py:3239} INFO - Sync 1 DAGs
[2026-03-09T11:02:52.846+0000] {logging_mixin.py:190} INFO - [2026-03-09T11:02:52.846+0000] {dag.py:4180} INFO - Setting next_dagrun for 02_travel_gmaps_ingestion to 2026-03-08 14:00:00+00:00, run_after=2026-03-09 08:00:00+00:00
[2026-03-09T11:02:52.874+0000] {processor.py:208} INFO - Processing /opt/airflow/dags/02_travel_gmaps_ingestion.py took 0.359 seconds
[2026-03-09T11:03:23.535+0000] {processor.py:186} INFO - Started process (PID=12028) to work on /opt/airflow/dags/02_travel_gmaps_ingestion.py
[2026-03-09T11:03:23.536+0000] {processor.py:914} INFO - Processing file /opt/airflow/dags/02_travel_gmaps_ingestion.py for tasks to queue
[2026-03-09T11:03:23.540+0000] {logging_mixin.py:190} INFO - [2026-03-09T11:03:23.539+0000] {dagbag.py:588} INFO - Filling up the DagBag from /opt/airflow/dags/02_travel_gmaps_ingestion.py
[2026-03-09T11:03:23.564+0000] {processor.py:925} INFO - DAG(s) '02_travel_gmaps_ingestion' retrieved from /opt/airflow/dags/02_travel_gmaps_ingestion.py
[2026-03-09T11:03:23.598+0000] {logging_mixin.py:190} INFO - [2026-03-09T11:03:23.598+0000] {dag.py:3239} INFO - Sync 1 DAGs
[2026-03-09T11:03:23.629+0000] {logging_mixin.py:190} INFO - [2026-03-09T11:03:23.629+0000] {dag.py:4180} INFO - Setting next_dagrun for 02_travel_gmaps_ingestion to 2026-03-08 14:00:00+00:00, run_after=2026-03-09 08:00:00+00:00
[2026-03-09T11:03:23.660+0000] {processor.py:208} INFO - Processing /opt/airflow/dags/02_travel_gmaps_ingestion.py took 0.133 seconds
[2026-03-09T11:03:54.508+0000] {processor.py:186} INFO - Started process (PID=12048) to work on /opt/airflow/dags/02_travel_gmaps_ingestion.py
[2026-03-09T11:03:54.510+0000] {processor.py:914} INFO - Processing file /opt/airflow/dags/02_travel_gmaps_ingestion.py for tasks to queue
[2026-03-09T11:03:54.513+0000] {logging_mixin.py:190} INFO - [2026-03-09T11:03:54.512+0000] {dagbag.py:588} INFO - Filling up the DagBag from /opt/airflow/dags/02_travel_gmaps_ingestion.py
[2026-03-09T11:03:54.542+0000] {processor.py:925} INFO - DAG(s) '02_travel_gmaps_ingestion' retrieved from /opt/airflow/dags/02_travel_gmaps_ingestion.py
[2026-03-09T11:03:54.577+0000] {logging_mixin.py:190} INFO - [2026-03-09T11:03:54.577+0000] {dag.py:3239} INFO - Sync 1 DAGs
[2026-03-09T11:03:54.605+0000] {logging_mixin.py:190} INFO - [2026-03-09T11:03:54.605+0000] {dag.py:4180} INFO - Setting next_dagrun for 02_travel_gmaps_ingestion to 2026-03-08 14:00:00+00:00, run_after=2026-03-09 08:00:00+00:00
[2026-03-09T11:03:54.633+0000] {processor.py:208} INFO - Processing /opt/airflow/dags/02_travel_gmaps_ingestion.py took 0.134 seconds
[2026-03-09T11:04:25.224+0000] {processor.py:186} INFO - Started process (PID=12068) to work on /opt/airflow/dags/02_travel_gmaps_ingestion.py
[2026-03-09T11:04:25.225+0000] {processor.py:914} INFO - Processing file /opt/airflow/dags/02_travel_gmaps_ingestion.py for tasks to queue
[2026-03-09T11:04:25.230+0000] {logging_mixin.py:190} INFO - [2026-03-09T11:04:25.229+0000] {dagbag.py:588} INFO - Filling up the DagBag from /opt/airflow/dags/02_travel_gmaps_ingestion.py
[2026-03-09T11:04:25.253+0000] {processor.py:925} INFO - DAG(s) '02_travel_gmaps_ingestion' retrieved from /opt/airflow/dags/02_travel_gmaps_ingestion.py
[2026-03-09T11:04:25.292+0000] {logging_mixin.py:190} INFO - [2026-03-09T11:04:25.291+0000] {dag.py:3239} INFO - Sync 1 DAGs
[2026-03-09T11:04:25.327+0000] {logging_mixin.py:190} INFO - [2026-03-09T11:04:25.327+0000] {dag.py:4180} INFO - Setting next_dagrun for 02_travel_gmaps_ingestion to 2026-03-08 14:00:00+00:00, run_after=2026-03-09 08:00:00+00:00
[2026-03-09T11:04:25.355+0000] {processor.py:208} INFO - Processing /opt/airflow/dags/02_travel_gmaps_ingestion.py took 0.139 seconds
[2026-03-09T11:04:56.005+0000] {processor.py:186} INFO - Started process (PID=12088) to work on /opt/airflow/dags/02_travel_gmaps_ingestion.py
[2026-03-09T11:04:56.007+0000] {processor.py:914} INFO - Processing file /opt/airflow/dags/02_travel_gmaps_ingestion.py for tasks to queue
[2026-03-09T11:04:56.011+0000] {logging_mixin.py:190} INFO - [2026-03-09T11:04:56.010+0000] {dagbag.py:588} INFO - Filling up the DagBag from /opt/airflow/dags/02_travel_gmaps_ingestion.py
[2026-03-09T11:04:56.038+0000] {processor.py:925} INFO - DAG(s) '02_travel_gmaps_ingestion' retrieved from /opt/airflow/dags/02_travel_gmaps_ingestion.py
[2026-03-09T11:04:56.071+0000] {logging_mixin.py:190} INFO - [2026-03-09T11:04:56.070+0000] {dag.py:3239} INFO - Sync 1 DAGs
[2026-03-09T11:04:56.103+0000] {logging_mixin.py:190} INFO - [2026-03-09T11:04:56.103+0000] {dag.py:4180} INFO - Setting next_dagrun for 02_travel_gmaps_ingestion to 2026-03-08 14:00:00+00:00, run_after=2026-03-09 08:00:00+00:00
[2026-03-09T11:04:56.135+0000] {processor.py:208} INFO - Processing /opt/airflow/dags/02_travel_gmaps_ingestion.py took 0.138 seconds
[2026-03-09T11:05:26.810+0000] {processor.py:186} INFO - Started process (PID=12108) to work on /opt/airflow/dags/02_travel_gmaps_ingestion.py
[2026-03-09T11:05:26.812+0000] {processor.py:914} INFO - Processing file /opt/airflow/dags/02_travel_gmaps_ingestion.py for tasks to queue
[2026-03-09T11:05:26.817+0000] {logging_mixin.py:190} INFO - [2026-03-09T11:05:26.816+0000] {dagbag.py:588} INFO - Filling up the DagBag from /opt/airflow/dags/02_travel_gmaps_ingestion.py
[2026-03-09T11:05:26.851+0000] {processor.py:925} INFO - DAG(s) '02_travel_gmaps_ingestion' retrieved from /opt/airflow/dags/02_travel_gmaps_ingestion.py
[2026-03-09T11:05:26.895+0000] {logging_mixin.py:190} INFO - [2026-03-09T11:05:26.894+0000] {dag.py:3239} INFO - Sync 1 DAGs
[2026-03-09T11:05:26.921+0000] {logging_mixin.py:190} INFO - [2026-03-09T11:05:26.921+0000] {dag.py:4180} INFO - Setting next_dagrun for 02_travel_gmaps_ingestion to 2026-03-08 14:00:00+00:00, run_after=2026-03-09 08:00:00+00:00
[2026-03-09T11:05:26.944+0000] {processor.py:208} INFO - Processing /opt/airflow/dags/02_travel_gmaps_ingestion.py took 0.145 seconds
[2026-03-09T11:05:57.700+0000] {processor.py:186} INFO - Started process (PID=12128) to work on /opt/airflow/dags/02_travel_gmaps_ingestion.py
[2026-03-09T11:05:57.702+0000] {processor.py:914} INFO - Processing file /opt/airflow/dags/02_travel_gmaps_ingestion.py for tasks to queue
[2026-03-09T11:05:57.705+0000] {logging_mixin.py:190} INFO - [2026-03-09T11:05:57.705+0000] {dagbag.py:588} INFO - Filling up the DagBag from /opt/airflow/dags/02_travel_gmaps_ingestion.py
[2026-03-09T11:05:57.731+0000] {processor.py:925} INFO - DAG(s) '02_travel_gmaps_ingestion' retrieved from /opt/airflow/dags/02_travel_gmaps_ingestion.py
[2026-03-09T11:05:57.765+0000] {logging_mixin.py:190} INFO - [2026-03-09T11:05:57.764+0000] {dag.py:3239} INFO - Sync 1 DAGs
[2026-03-09T11:05:57.792+0000] {logging_mixin.py:190} INFO - [2026-03-09T11:05:57.792+0000] {dag.py:4180} INFO - Setting next_dagrun for 02_travel_gmaps_ingestion to 2026-03-08 14:00:00+00:00, run_after=2026-03-09 08:00:00+00:00
[2026-03-09T11:05:57.822+0000] {processor.py:208} INFO - Processing /opt/airflow/dags/02_travel_gmaps_ingestion.py took 0.132 seconds
[2026-03-09T11:06:28.429+0000] {processor.py:186} INFO - Started process (PID=12148) to work on /opt/airflow/dags/02_travel_gmaps_ingestion.py
[2026-03-09T11:06:28.430+0000] {processor.py:914} INFO - Processing file /opt/airflow/dags/02_travel_gmaps_ingestion.py for tasks to queue
[2026-03-09T11:06:28.434+0000] {logging_mixin.py:190} INFO - [2026-03-09T11:06:28.434+0000] {dagbag.py:588} INFO - Filling up the DagBag from /opt/airflow/dags/02_travel_gmaps_ingestion.py
[2026-03-09T11:06:28.468+0000] {processor.py:925} INFO - DAG(s) '02_travel_gmaps_ingestion' retrieved from /opt/airflow/dags/02_travel_gmaps_ingestion.py
[2026-03-09T11:06:28.506+0000] {logging_mixin.py:190} INFO - [2026-03-09T11:06:28.505+0000] {dag.py:3239} INFO - Sync 1 DAGs
[2026-03-09T11:06:28.542+0000] {logging_mixin.py:190} INFO - [2026-03-09T11:06:28.541+0000] {dag.py:4180} INFO - Setting next_dagrun for 02_travel_gmaps_ingestion to 2026-03-08 14:00:00+00:00, run_after=2026-03-09 08:00:00+00:00
[2026-03-09T11:06:28.578+0000] {processor.py:208} INFO - Processing /opt/airflow/dags/02_travel_gmaps_ingestion.py took 0.158 seconds
[2026-03-09T11:06:59.143+0000] {processor.py:186} INFO - Started process (PID=12168) to work on /opt/airflow/dags/02_travel_gmaps_ingestion.py
[2026-03-09T11:06:59.145+0000] {processor.py:914} INFO - Processing file /opt/airflow/dags/02_travel_gmaps_ingestion.py for tasks to queue
[2026-03-09T11:06:59.148+0000] {logging_mixin.py:190} INFO - [2026-03-09T11:06:59.148+0000] {dagbag.py:588} INFO - Filling up the DagBag from /opt/airflow/dags/02_travel_gmaps_ingestion.py
[2026-03-09T11:06:59.173+0000] {processor.py:925} INFO - DAG(s) '02_travel_gmaps_ingestion' retrieved from /opt/airflow/dags/02_travel_gmaps_ingestion.py
[2026-03-09T11:06:59.206+0000] {logging_mixin.py:190} INFO - [2026-03-09T11:06:59.206+0000] {dag.py:3239} INFO - Sync 1 DAGs
[2026-03-09T11:06:59.235+0000] {logging_mixin.py:190} INFO - [2026-03-09T11:06:59.234+0000] {dag.py:4180} INFO - Setting next_dagrun for 02_travel_gmaps_ingestion to 2026-03-08 14:00:00+00:00, run_after=2026-03-09 08:00:00+00:00
[2026-03-09T11:06:59.267+0000] {processor.py:208} INFO - Processing /opt/airflow/dags/02_travel_gmaps_ingestion.py took 0.132 seconds
[2026-03-09T11:07:30.070+0000] {processor.py:186} INFO - Started process (PID=12188) to work on /opt/airflow/dags/02_travel_gmaps_ingestion.py
[2026-03-09T11:07:30.071+0000] {processor.py:914} INFO - Processing file /opt/airflow/dags/02_travel_gmaps_ingestion.py for tasks to queue
[2026-03-09T11:07:30.075+0000] {logging_mixin.py:190} INFO - [2026-03-09T11:07:30.074+0000] {dagbag.py:588} INFO - Filling up the DagBag from /opt/airflow/dags/02_travel_gmaps_ingestion.py
[2026-03-09T11:07:30.098+0000] {processor.py:925} INFO - DAG(s) '02_travel_gmaps_ingestion' retrieved from /opt/airflow/dags/02_travel_gmaps_ingestion.py
[2026-03-09T11:07:30.138+0000] {logging_mixin.py:190} INFO - [2026-03-09T11:07:30.137+0000] {dag.py:3239} INFO - Sync 1 DAGs
[2026-03-09T11:07:30.169+0000] {logging_mixin.py:190} INFO - [2026-03-09T11:07:30.169+0000] {dag.py:4180} INFO - Setting next_dagrun for 02_travel_gmaps_ingestion to 2026-03-08 14:00:00+00:00, run_after=2026-03-09 08:00:00+00:00
[2026-03-09T11:07:30.194+0000] {processor.py:208} INFO - Processing /opt/airflow/dags/02_travel_gmaps_ingestion.py took 0.132 seconds
[2026-03-09T11:08:00.789+0000] {processor.py:186} INFO - Started process (PID=12208) to work on /opt/airflow/dags/02_travel_gmaps_ingestion.py
[2026-03-09T11:08:00.790+0000] {processor.py:914} INFO - Processing file /opt/airflow/dags/02_travel_gmaps_ingestion.py for tasks to queue
[2026-03-09T11:08:00.794+0000] {logging_mixin.py:190} INFO - [2026-03-09T11:08:00.793+0000] {dagbag.py:588} INFO - Filling up the DagBag from /opt/airflow/dags/02_travel_gmaps_ingestion.py
[2026-03-09T11:08:00.813+0000] {processor.py:925} INFO - DAG(s) '02_travel_gmaps_ingestion' retrieved from /opt/airflow/dags/02_travel_gmaps_ingestion.py
[2026-03-09T11:08:00.846+0000] {logging_mixin.py:190} INFO - [2026-03-09T11:08:00.846+0000] {dag.py:3239} INFO - Sync 1 DAGs
[2026-03-09T11:08:00.874+0000] {logging_mixin.py:190} INFO - [2026-03-09T11:08:00.874+0000] {dag.py:4180} INFO - Setting next_dagrun for 02_travel_gmaps_ingestion to 2026-03-08 14:00:00+00:00, run_after=2026-03-09 08:00:00+00:00
[2026-03-09T11:08:00.904+0000] {processor.py:208} INFO - Processing /opt/airflow/dags/02_travel_gmaps_ingestion.py took 0.122 seconds
[2026-03-09T11:08:31.590+0000] {processor.py:186} INFO - Started process (PID=12228) to work on /opt/airflow/dags/02_travel_gmaps_ingestion.py
[2026-03-09T11:08:31.592+0000] {processor.py:914} INFO - Processing file /opt/airflow/dags/02_travel_gmaps_ingestion.py for tasks to queue
[2026-03-09T11:08:31.595+0000] {logging_mixin.py:190} INFO - [2026-03-09T11:08:31.595+0000] {dagbag.py:588} INFO - Filling up the DagBag from /opt/airflow/dags/02_travel_gmaps_ingestion.py
[2026-03-09T11:08:31.623+0000] {processor.py:925} INFO - DAG(s) '02_travel_gmaps_ingestion' retrieved from /opt/airflow/dags/02_travel_gmaps_ingestion.py
[2026-03-09T11:08:31.662+0000] {logging_mixin.py:190} INFO - [2026-03-09T11:08:31.662+0000] {dag.py:3239} INFO - Sync 1 DAGs
[2026-03-09T11:08:31.693+0000] {logging_mixin.py:190} INFO - [2026-03-09T11:08:31.693+0000] {dag.py:4180} INFO - Setting next_dagrun for 02_travel_gmaps_ingestion to 2026-03-08 14:00:00+00:00, run_after=2026-03-09 08:00:00+00:00
[2026-03-09T11:08:31.724+0000] {processor.py:208} INFO - Processing /opt/airflow/dags/02_travel_gmaps_ingestion.py took 0.143 seconds
[2026-03-09T11:09:02.286+0000] {processor.py:186} INFO - Started process (PID=12248) to work on /opt/airflow/dags/02_travel_gmaps_ingestion.py
[2026-03-09T11:09:02.288+0000] {processor.py:914} INFO - Processing file /opt/airflow/dags/02_travel_gmaps_ingestion.py for tasks to queue
[2026-03-09T11:09:02.292+0000] {logging_mixin.py:190} INFO - [2026-03-09T11:09:02.291+0000] {dagbag.py:588} INFO - Filling up the DagBag from /opt/airflow/dags/02_travel_gmaps_ingestion.py
[2026-03-09T11:09:02.320+0000] {processor.py:925} INFO - DAG(s) '02_travel_gmaps_ingestion' retrieved from /opt/airflow/dags/02_travel_gmaps_ingestion.py
[2026-03-09T11:09:02.378+0000] {logging_mixin.py:190} INFO - [2026-03-09T11:09:02.378+0000] {dag.py:3239} INFO - Sync 1 DAGs
[2026-03-09T11:09:02.488+0000] {logging_mixin.py:190} INFO - [2026-03-09T11:09:02.488+0000] {dag.py:4180} INFO - Setting next_dagrun for 02_travel_gmaps_ingestion to 2026-03-08 14:00:00+00:00, run_after=2026-03-09 08:00:00+00:00
[2026-03-09T11:09:02.533+0000] {processor.py:208} INFO - Processing /opt/airflow/dags/02_travel_gmaps_ingestion.py took 0.255 seconds
[2026-03-09T11:09:33.284+0000] {processor.py:186} INFO - Started process (PID=12268) to work on /opt/airflow/dags/02_travel_gmaps_ingestion.py
[2026-03-09T11:09:33.286+0000] {processor.py:914} INFO - Processing file /opt/airflow/dags/02_travel_gmaps_ingestion.py for tasks to queue
[2026-03-09T11:09:33.289+0000] {logging_mixin.py:190} INFO - [2026-03-09T11:09:33.288+0000] {dagbag.py:588} INFO - Filling up the DagBag from /opt/airflow/dags/02_travel_gmaps_ingestion.py
[2026-03-09T11:09:33.309+0000] {processor.py:925} INFO - DAG(s) '02_travel_gmaps_ingestion' retrieved from /opt/airflow/dags/02_travel_gmaps_ingestion.py
[2026-03-09T11:09:33.343+0000] {logging_mixin.py:190} INFO - [2026-03-09T11:09:33.343+0000] {dag.py:3239} INFO - Sync 1 DAGs
[2026-03-09T11:09:33.375+0000] {logging_mixin.py:190} INFO - [2026-03-09T11:09:33.375+0000] {dag.py:4180} INFO - Setting next_dagrun for 02_travel_gmaps_ingestion to 2026-03-08 14:00:00+00:00, run_after=2026-03-09 08:00:00+00:00
[2026-03-09T11:09:33.411+0000] {processor.py:208} INFO - Processing /opt/airflow/dags/02_travel_gmaps_ingestion.py took 0.133 seconds
[2026-03-09T11:10:04.149+0000] {processor.py:186} INFO - Started process (PID=12288) to work on /opt/airflow/dags/02_travel_gmaps_ingestion.py
[2026-03-09T11:10:04.151+0000] {processor.py:914} INFO - Processing file /opt/airflow/dags/02_travel_gmaps_ingestion.py for tasks to queue
[2026-03-09T11:10:04.154+0000] {logging_mixin.py:190} INFO - [2026-03-09T11:10:04.154+0000] {dagbag.py:588} INFO - Filling up the DagBag from /opt/airflow/dags/02_travel_gmaps_ingestion.py
[2026-03-09T11:10:04.174+0000] {processor.py:925} INFO - DAG(s) '02_travel_gmaps_ingestion' retrieved from /opt/airflow/dags/02_travel_gmaps_ingestion.py
[2026-03-09T11:10:04.212+0000] {logging_mixin.py:190} INFO - [2026-03-09T11:10:04.212+0000] {dag.py:3239} INFO - Sync 1 DAGs
[2026-03-09T11:10:04.241+0000] {logging_mixin.py:190} INFO - [2026-03-09T11:10:04.241+0000] {dag.py:4180} INFO - Setting next_dagrun for 02_travel_gmaps_ingestion to 2026-03-08 14:00:00+00:00, run_after=2026-03-09 08:00:00+00:00
[2026-03-09T11:10:04.272+0000] {processor.py:208} INFO - Processing /opt/airflow/dags/02_travel_gmaps_ingestion.py took 0.128 seconds
[2026-03-09T11:10:35.050+0000] {processor.py:186} INFO - Started process (PID=12308) to work on /opt/airflow/dags/02_travel_gmaps_ingestion.py
[2026-03-09T11:10:35.051+0000] {processor.py:914} INFO - Processing file /opt/airflow/dags/02_travel_gmaps_ingestion.py for tasks to queue
[2026-03-09T11:10:35.054+0000] {logging_mixin.py:190} INFO - [2026-03-09T11:10:35.053+0000] {dagbag.py:588} INFO - Filling up the DagBag from /opt/airflow/dags/02_travel_gmaps_ingestion.py
[2026-03-09T11:10:35.080+0000] {processor.py:925} INFO - DAG(s) '02_travel_gmaps_ingestion' retrieved from /opt/airflow/dags/02_travel_gmaps_ingestion.py
[2026-03-09T11:10:35.115+0000] {logging_mixin.py:190} INFO - [2026-03-09T11:10:35.115+0000] {dag.py:3239} INFO - Sync 1 DAGs
[2026-03-09T11:10:35.144+0000] {logging_mixin.py:190} INFO - [2026-03-09T11:10:35.144+0000] {dag.py:4180} INFO - Setting next_dagrun for 02_travel_gmaps_ingestion to 2026-03-08 14:00:00+00:00, run_after=2026-03-09 08:00:00+00:00
[2026-03-09T11:10:35.174+0000] {processor.py:208} INFO - Processing /opt/airflow/dags/02_travel_gmaps_ingestion.py took 0.134 seconds
[2026-03-09T11:11:05.913+0000] {processor.py:186} INFO - Started process (PID=12328) to work on /opt/airflow/dags/02_travel_gmaps_ingestion.py
[2026-03-09T11:11:05.914+0000] {processor.py:914} INFO - Processing file /opt/airflow/dags/02_travel_gmaps_ingestion.py for tasks to queue
[2026-03-09T11:11:05.916+0000] {logging_mixin.py:190} INFO - [2026-03-09T11:11:05.916+0000] {dagbag.py:588} INFO - Filling up the DagBag from /opt/airflow/dags/02_travel_gmaps_ingestion.py
[2026-03-09T11:11:05.942+0000] {processor.py:925} INFO - DAG(s) '02_travel_gmaps_ingestion' retrieved from /opt/airflow/dags/02_travel_gmaps_ingestion.py
[2026-03-09T11:11:05.977+0000] {logging_mixin.py:190} INFO - [2026-03-09T11:11:05.976+0000] {dag.py:3239} INFO - Sync 1 DAGs
[2026-03-09T11:11:06.004+0000] {logging_mixin.py:190} INFO - [2026-03-09T11:11:06.004+0000] {dag.py:4180} INFO - Setting next_dagrun for 02_travel_gmaps_ingestion to 2026-03-08 14:00:00+00:00, run_after=2026-03-09 08:00:00+00:00
[2026-03-09T11:11:06.033+0000] {processor.py:208} INFO - Processing /opt/airflow/dags/02_travel_gmaps_ingestion.py took 0.127 seconds
[2026-03-09T11:11:36.730+0000] {processor.py:186} INFO - Started process (PID=12348) to work on /opt/airflow/dags/02_travel_gmaps_ingestion.py
[2026-03-09T11:11:36.731+0000] {processor.py:914} INFO - Processing file /opt/airflow/dags/02_travel_gmaps_ingestion.py for tasks to queue
[2026-03-09T11:11:36.734+0000] {logging_mixin.py:190} INFO - [2026-03-09T11:11:36.734+0000] {dagbag.py:588} INFO - Filling up the DagBag from /opt/airflow/dags/02_travel_gmaps_ingestion.py
[2026-03-09T11:11:36.753+0000] {processor.py:925} INFO - DAG(s) '02_travel_gmaps_ingestion' retrieved from /opt/airflow/dags/02_travel_gmaps_ingestion.py
[2026-03-09T11:11:36.787+0000] {logging_mixin.py:190} INFO - [2026-03-09T11:11:36.787+0000] {dag.py:3239} INFO - Sync 1 DAGs
[2026-03-09T11:11:36.817+0000] {logging_mixin.py:190} INFO - [2026-03-09T11:11:36.817+0000] {dag.py:4180} INFO - Setting next_dagrun for 02_travel_gmaps_ingestion to 2026-03-08 14:00:00+00:00, run_after=2026-03-09 08:00:00+00:00
[2026-03-09T11:11:36.848+0000] {processor.py:208} INFO - Processing /opt/airflow/dags/02_travel_gmaps_ingestion.py took 0.125 seconds
[2026-03-09T11:12:07.684+0000] {processor.py:186} INFO - Started process (PID=12368) to work on /opt/airflow/dags/02_travel_gmaps_ingestion.py
[2026-03-09T11:12:07.689+0000] {processor.py:914} INFO - Processing file /opt/airflow/dags/02_travel_gmaps_ingestion.py for tasks to queue
[2026-03-09T11:12:07.692+0000] {logging_mixin.py:190} INFO - [2026-03-09T11:12:07.692+0000] {dagbag.py:588} INFO - Filling up the DagBag from /opt/airflow/dags/02_travel_gmaps_ingestion.py
[2026-03-09T11:12:07.716+0000] {processor.py:925} INFO - DAG(s) '02_travel_gmaps_ingestion' retrieved from /opt/airflow/dags/02_travel_gmaps_ingestion.py
[2026-03-09T11:12:07.750+0000] {logging_mixin.py:190} INFO - [2026-03-09T11:12:07.750+0000] {dag.py:3239} INFO - Sync 1 DAGs
[2026-03-09T11:12:07.790+0000] {logging_mixin.py:190} INFO - [2026-03-09T11:12:07.789+0000] {dag.py:4180} INFO - Setting next_dagrun for 02_travel_gmaps_ingestion to 2026-03-08 14:00:00+00:00, run_after=2026-03-09 08:00:00+00:00
[2026-03-09T11:12:07.830+0000] {processor.py:208} INFO - Processing /opt/airflow/dags/02_travel_gmaps_ingestion.py took 0.154 seconds
[2026-03-09T11:12:38.447+0000] {processor.py:186} INFO - Started process (PID=12388) to work on /opt/airflow/dags/02_travel_gmaps_ingestion.py
[2026-03-09T11:12:38.448+0000] {processor.py:914} INFO - Processing file /opt/airflow/dags/02_travel_gmaps_ingestion.py for tasks to queue
[2026-03-09T11:12:38.452+0000] {logging_mixin.py:190} INFO - [2026-03-09T11:12:38.452+0000] {dagbag.py:588} INFO - Filling up the DagBag from /opt/airflow/dags/02_travel_gmaps_ingestion.py
[2026-03-09T11:12:38.478+0000] {processor.py:925} INFO - DAG(s) '02_travel_gmaps_ingestion' retrieved from /opt/airflow/dags/02_travel_gmaps_ingestion.py
[2026-03-09T11:12:38.511+0000] {logging_mixin.py:190} INFO - [2026-03-09T11:12:38.511+0000] {dag.py:3239} INFO - Sync 1 DAGs
[2026-03-09T11:12:38.540+0000] {logging_mixin.py:190} INFO - [2026-03-09T11:12:38.540+0000] {dag.py:4180} INFO - Setting next_dagrun for 02_travel_gmaps_ingestion to 2026-03-08 14:00:00+00:00, run_after=2026-03-09 08:00:00+00:00
[2026-03-09T11:12:38.567+0000] {processor.py:208} INFO - Processing /opt/airflow/dags/02_travel_gmaps_ingestion.py took 0.128 seconds
[2026-03-09T11:13:09.199+0000] {processor.py:186} INFO - Started process (PID=12408) to work on /opt/airflow/dags/02_travel_gmaps_ingestion.py
[2026-03-09T11:13:09.200+0000] {processor.py:914} INFO - Processing file /opt/airflow/dags/02_travel_gmaps_ingestion.py for tasks to queue
[2026-03-09T11:13:09.204+0000] {logging_mixin.py:190} INFO - [2026-03-09T11:13:09.203+0000] {dagbag.py:588} INFO - Filling up the DagBag from /opt/airflow/dags/02_travel_gmaps_ingestion.py
[2026-03-09T11:13:09.231+0000] {processor.py:925} INFO - DAG(s) '02_travel_gmaps_ingestion' retrieved from /opt/airflow/dags/02_travel_gmaps_ingestion.py
[2026-03-09T11:13:09.268+0000] {logging_mixin.py:190} INFO - [2026-03-09T11:13:09.267+0000] {dag.py:3239} INFO - Sync 1 DAGs
[2026-03-09T11:13:09.297+0000] {logging_mixin.py:190} INFO - [2026-03-09T11:13:09.297+0000] {dag.py:4180} INFO - Setting next_dagrun for 02_travel_gmaps_ingestion to 2026-03-08 14:00:00+00:00, run_after=2026-03-09 08:00:00+00:00
[2026-03-09T11:13:09.328+0000] {processor.py:208} INFO - Processing /opt/airflow/dags/02_travel_gmaps_ingestion.py took 0.138 seconds
[2026-03-09T11:13:40.021+0000] {processor.py:186} INFO - Started process (PID=12428) to work on /opt/airflow/dags/02_travel_gmaps_ingestion.py
[2026-03-09T11:13:40.023+0000] {processor.py:914} INFO - Processing file /opt/airflow/dags/02_travel_gmaps_ingestion.py for tasks to queue
[2026-03-09T11:13:40.030+0000] {logging_mixin.py:190} INFO - [2026-03-09T11:13:40.029+0000] {dagbag.py:588} INFO - Filling up the DagBag from /opt/airflow/dags/02_travel_gmaps_ingestion.py
[2026-03-09T11:13:40.073+0000] {processor.py:925} INFO - DAG(s) '02_travel_gmaps_ingestion' retrieved from /opt/airflow/dags/02_travel_gmaps_ingestion.py
[2026-03-09T11:13:40.123+0000] {logging_mixin.py:190} INFO - [2026-03-09T11:13:40.123+0000] {dag.py:3239} INFO - Sync 1 DAGs
[2026-03-09T11:13:40.164+0000] {logging_mixin.py:190} INFO - [2026-03-09T11:13:40.163+0000] {dag.py:4180} INFO - Setting next_dagrun for 02_travel_gmaps_ingestion to 2026-03-08 14:00:00+00:00, run_after=2026-03-09 08:00:00+00:00
[2026-03-09T11:13:40.194+0000] {processor.py:208} INFO - Processing /opt/airflow/dags/02_travel_gmaps_ingestion.py took 0.185 seconds
[2026-03-09T11:14:10.812+0000] {processor.py:186} INFO - Started process (PID=12448) to work on /opt/airflow/dags/02_travel_gmaps_ingestion.py
[2026-03-09T11:14:10.814+0000] {processor.py:914} INFO - Processing file /opt/airflow/dags/02_travel_gmaps_ingestion.py for tasks to queue
[2026-03-09T11:14:10.817+0000] {logging_mixin.py:190} INFO - [2026-03-09T11:14:10.817+0000] {dagbag.py:588} INFO - Filling up the DagBag from /opt/airflow/dags/02_travel_gmaps_ingestion.py
[2026-03-09T11:14:10.848+0000] {processor.py:925} INFO - DAG(s) '02_travel_gmaps_ingestion' retrieved from /opt/airflow/dags/02_travel_gmaps_ingestion.py
[2026-03-09T11:14:10.885+0000] {logging_mixin.py:190} INFO - [2026-03-09T11:14:10.884+0000] {dag.py:3239} INFO - Sync 1 DAGs
[2026-03-09T11:14:10.919+0000] {logging_mixin.py:190} INFO - [2026-03-09T11:14:10.919+0000] {dag.py:4180} INFO - Setting next_dagrun for 02_travel_gmaps_ingestion to 2026-03-08 14:00:00+00:00, run_after=2026-03-09 08:00:00+00:00
[2026-03-09T11:14:10.951+0000] {processor.py:208} INFO - Processing /opt/airflow/dags/02_travel_gmaps_ingestion.py took 0.147 seconds
[2026-03-09T11:14:41.601+0000] {processor.py:186} INFO - Started process (PID=12468) to work on /opt/airflow/dags/02_travel_gmaps_ingestion.py
[2026-03-09T11:14:41.603+0000] {processor.py:914} INFO - Processing file /opt/airflow/dags/02_travel_gmaps_ingestion.py for tasks to queue
[2026-03-09T11:14:41.608+0000] {logging_mixin.py:190} INFO - [2026-03-09T11:14:41.607+0000] {dagbag.py:588} INFO - Filling up the DagBag from /opt/airflow/dags/02_travel_gmaps_ingestion.py
[2026-03-09T11:14:41.646+0000] {processor.py:925} INFO - DAG(s) '02_travel_gmaps_ingestion' retrieved from /opt/airflow/dags/02_travel_gmaps_ingestion.py
[2026-03-09T11:14:41.689+0000] {logging_mixin.py:190} INFO - [2026-03-09T11:14:41.689+0000] {dag.py:3239} INFO - Sync 1 DAGs
[2026-03-09T11:14:41.721+0000] {logging_mixin.py:190} INFO - [2026-03-09T11:14:41.721+0000] {dag.py:4180} INFO - Setting next_dagrun for 02_travel_gmaps_ingestion to 2026-03-08 14:00:00+00:00, run_after=2026-03-09 08:00:00+00:00
[2026-03-09T11:14:41.757+0000] {processor.py:208} INFO - Processing /opt/airflow/dags/02_travel_gmaps_ingestion.py took 0.167 seconds
[2026-03-09T11:15:12.333+0000] {processor.py:186} INFO - Started process (PID=12488) to work on /opt/airflow/dags/02_travel_gmaps_ingestion.py
[2026-03-09T11:15:12.335+0000] {processor.py:914} INFO - Processing file /opt/airflow/dags/02_travel_gmaps_ingestion.py for tasks to queue
[2026-03-09T11:15:12.338+0000] {logging_mixin.py:190} INFO - [2026-03-09T11:15:12.338+0000] {dagbag.py:588} INFO - Filling up the DagBag from /opt/airflow/dags/02_travel_gmaps_ingestion.py
[2026-03-09T11:15:12.361+0000] {processor.py:925} INFO - DAG(s) '02_travel_gmaps_ingestion' retrieved from /opt/airflow/dags/02_travel_gmaps_ingestion.py
[2026-03-09T11:15:12.394+0000] {logging_mixin.py:190} INFO - [2026-03-09T11:15:12.394+0000] {dag.py:3239} INFO - Sync 1 DAGs
[2026-03-09T11:15:12.425+0000] {logging_mixin.py:190} INFO - [2026-03-09T11:15:12.424+0000] {dag.py:4180} INFO - Setting next_dagrun for 02_travel_gmaps_ingestion to 2026-03-08 14:00:00+00:00, run_after=2026-03-09 08:00:00+00:00
[2026-03-09T11:15:12.455+0000] {processor.py:208} INFO - Processing /opt/airflow/dags/02_travel_gmaps_ingestion.py took 0.131 seconds
[2026-03-09T11:15:43.114+0000] {processor.py:186} INFO - Started process (PID=12508) to work on /opt/airflow/dags/02_travel_gmaps_ingestion.py
[2026-03-09T11:15:43.115+0000] {processor.py:914} INFO - Processing file /opt/airflow/dags/02_travel_gmaps_ingestion.py for tasks to queue
[2026-03-09T11:15:43.119+0000] {logging_mixin.py:190} INFO - [2026-03-09T11:15:43.119+0000] {dagbag.py:588} INFO - Filling up the DagBag from /opt/airflow/dags/02_travel_gmaps_ingestion.py
[2026-03-09T11:15:43.144+0000] {processor.py:925} INFO - DAG(s) '02_travel_gmaps_ingestion' retrieved from /opt/airflow/dags/02_travel_gmaps_ingestion.py
[2026-03-09T11:15:43.187+0000] {logging_mixin.py:190} INFO - [2026-03-09T11:15:43.186+0000] {dag.py:3239} INFO - Sync 1 DAGs
[2026-03-09T11:15:43.216+0000] {logging_mixin.py:190} INFO - [2026-03-09T11:15:43.216+0000] {dag.py:4180} INFO - Setting next_dagrun for 02_travel_gmaps_ingestion to 2026-03-08 14:00:00+00:00, run_after=2026-03-09 08:00:00+00:00
[2026-03-09T11:15:43.244+0000] {processor.py:208} INFO - Processing /opt/airflow/dags/02_travel_gmaps_ingestion.py took 0.140 seconds
[2026-03-09T11:16:14.004+0000] {processor.py:186} INFO - Started process (PID=12528) to work on /opt/airflow/dags/02_travel_gmaps_ingestion.py
[2026-03-09T11:16:14.005+0000] {processor.py:914} INFO - Processing file /opt/airflow/dags/02_travel_gmaps_ingestion.py for tasks to queue
[2026-03-09T11:16:14.008+0000] {logging_mixin.py:190} INFO - [2026-03-09T11:16:14.007+0000] {dagbag.py:588} INFO - Filling up the DagBag from /opt/airflow/dags/02_travel_gmaps_ingestion.py
[2026-03-09T11:16:14.031+0000] {processor.py:925} INFO - DAG(s) '02_travel_gmaps_ingestion' retrieved from /opt/airflow/dags/02_travel_gmaps_ingestion.py
[2026-03-09T11:16:14.064+0000] {logging_mixin.py:190} INFO - [2026-03-09T11:16:14.063+0000] {dag.py:3239} INFO - Sync 1 DAGs
[2026-03-09T11:16:14.091+0000] {logging_mixin.py:190} INFO - [2026-03-09T11:16:14.091+0000] {dag.py:4180} INFO - Setting next_dagrun for 02_travel_gmaps_ingestion to 2026-03-08 14:00:00+00:00, run_after=2026-03-09 08:00:00+00:00
[2026-03-09T11:16:14.118+0000] {processor.py:208} INFO - Processing /opt/airflow/dags/02_travel_gmaps_ingestion.py took 0.123 seconds
[2026-03-09T11:16:44.817+0000] {processor.py:186} INFO - Started process (PID=12548) to work on /opt/airflow/dags/02_travel_gmaps_ingestion.py
[2026-03-09T11:16:44.818+0000] {processor.py:914} INFO - Processing file /opt/airflow/dags/02_travel_gmaps_ingestion.py for tasks to queue
[2026-03-09T11:16:44.822+0000] {logging_mixin.py:190} INFO - [2026-03-09T11:16:44.821+0000] {dagbag.py:588} INFO - Filling up the DagBag from /opt/airflow/dags/02_travel_gmaps_ingestion.py
[2026-03-09T11:16:44.851+0000] {processor.py:925} INFO - DAG(s) '02_travel_gmaps_ingestion' retrieved from /opt/airflow/dags/02_travel_gmaps_ingestion.py
[2026-03-09T11:16:44.898+0000] {logging_mixin.py:190} INFO - [2026-03-09T11:16:44.898+0000] {dag.py:3239} INFO - Sync 1 DAGs
[2026-03-09T11:16:44.941+0000] {logging_mixin.py:190} INFO - [2026-03-09T11:16:44.940+0000] {dag.py:4180} INFO - Setting next_dagrun for 02_travel_gmaps_ingestion to 2026-03-08 14:00:00+00:00, run_after=2026-03-09 08:00:00+00:00
[2026-03-09T11:16:44.976+0000] {processor.py:208} INFO - Processing /opt/airflow/dags/02_travel_gmaps_ingestion.py took 0.166 seconds
[2026-03-09T11:17:15.965+0000] {processor.py:186} INFO - Started process (PID=12568) to work on /opt/airflow/dags/02_travel_gmaps_ingestion.py
[2026-03-09T11:17:15.993+0000] {processor.py:914} INFO - Processing file /opt/airflow/dags/02_travel_gmaps_ingestion.py for tasks to queue
[2026-03-09T11:17:16.060+0000] {logging_mixin.py:190} INFO - [2026-03-09T11:17:16.052+0000] {dagbag.py:588} INFO - Filling up the DagBag from /opt/airflow/dags/02_travel_gmaps_ingestion.py
[2026-03-09T11:17:16.292+0000] {processor.py:925} INFO - DAG(s) '02_travel_gmaps_ingestion' retrieved from /opt/airflow/dags/02_travel_gmaps_ingestion.py
[2026-03-09T11:17:16.730+0000] {logging_mixin.py:190} INFO - [2026-03-09T11:17:16.730+0000] {dag.py:3239} INFO - Sync 1 DAGs
[2026-03-09T11:17:16.941+0000] {logging_mixin.py:190} INFO - [2026-03-09T11:17:16.941+0000] {dag.py:4180} INFO - Setting next_dagrun for 02_travel_gmaps_ingestion to 2026-03-08 14:00:00+00:00, run_after=2026-03-09 08:00:00+00:00
[2026-03-09T11:17:17.007+0000] {processor.py:208} INFO - Processing /opt/airflow/dags/02_travel_gmaps_ingestion.py took 1.133 seconds
[2026-03-09T11:17:47.864+0000] {processor.py:186} INFO - Started process (PID=12588) to work on /opt/airflow/dags/02_travel_gmaps_ingestion.py
[2026-03-09T11:17:47.867+0000] {processor.py:914} INFO - Processing file /opt/airflow/dags/02_travel_gmaps_ingestion.py for tasks to queue
[2026-03-09T11:17:47.874+0000] {logging_mixin.py:190} INFO - [2026-03-09T11:17:47.873+0000] {dagbag.py:588} INFO - Filling up the DagBag from /opt/airflow/dags/02_travel_gmaps_ingestion.py
[2026-03-09T11:17:47.905+0000] {processor.py:925} INFO - DAG(s) '02_travel_gmaps_ingestion' retrieved from /opt/airflow/dags/02_travel_gmaps_ingestion.py
[2026-03-09T11:17:47.941+0000] {logging_mixin.py:190} INFO - [2026-03-09T11:17:47.941+0000] {dag.py:3239} INFO - Sync 1 DAGs
[2026-03-09T11:17:47.969+0000] {logging_mixin.py:190} INFO - [2026-03-09T11:17:47.969+0000] {dag.py:4180} INFO - Setting next_dagrun for 02_travel_gmaps_ingestion to 2026-03-08 14:00:00+00:00, run_after=2026-03-09 08:00:00+00:00
[2026-03-09T11:17:47.999+0000] {processor.py:208} INFO - Processing /opt/airflow/dags/02_travel_gmaps_ingestion.py took 0.150 seconds
[2026-03-09T11:18:18.782+0000] {processor.py:186} INFO - Started process (PID=12608) to work on /opt/airflow/dags/02_travel_gmaps_ingestion.py
[2026-03-09T11:18:18.783+0000] {processor.py:914} INFO - Processing file /opt/airflow/dags/02_travel_gmaps_ingestion.py for tasks to queue
[2026-03-09T11:18:18.786+0000] {logging_mixin.py:190} INFO - [2026-03-09T11:18:18.786+0000] {dagbag.py:588} INFO - Filling up the DagBag from /opt/airflow/dags/02_travel_gmaps_ingestion.py
[2026-03-09T11:18:18.808+0000] {processor.py:925} INFO - DAG(s) '02_travel_gmaps_ingestion' retrieved from /opt/airflow/dags/02_travel_gmaps_ingestion.py
[2026-03-09T11:18:18.844+0000] {logging_mixin.py:190} INFO - [2026-03-09T11:18:18.843+0000] {dag.py:3239} INFO - Sync 1 DAGs
[2026-03-09T11:18:18.872+0000] {logging_mixin.py:190} INFO - [2026-03-09T11:18:18.872+0000] {dag.py:4180} INFO - Setting next_dagrun for 02_travel_gmaps_ingestion to 2026-03-08 14:00:00+00:00, run_after=2026-03-09 08:00:00+00:00
[2026-03-09T11:18:18.901+0000] {processor.py:208} INFO - Processing /opt/airflow/dags/02_travel_gmaps_ingestion.py took 0.127 seconds
[2026-03-09T11:18:49.700+0000] {processor.py:186} INFO - Started process (PID=12628) to work on /opt/airflow/dags/02_travel_gmaps_ingestion.py
[2026-03-09T11:18:49.702+0000] {processor.py:914} INFO - Processing file /opt/airflow/dags/02_travel_gmaps_ingestion.py for tasks to queue
[2026-03-09T11:18:49.706+0000] {logging_mixin.py:190} INFO - [2026-03-09T11:18:49.705+0000] {dagbag.py:588} INFO - Filling up the DagBag from /opt/airflow/dags/02_travel_gmaps_ingestion.py
[2026-03-09T11:18:49.737+0000] {processor.py:925} INFO - DAG(s) '02_travel_gmaps_ingestion' retrieved from /opt/airflow/dags/02_travel_gmaps_ingestion.py
[2026-03-09T11:18:49.774+0000] {logging_mixin.py:190} INFO - [2026-03-09T11:18:49.774+0000] {dag.py:3239} INFO - Sync 1 DAGs
[2026-03-09T11:18:49.804+0000] {logging_mixin.py:190} INFO - [2026-03-09T11:18:49.804+0000] {dag.py:4180} INFO - Setting next_dagrun for 02_travel_gmaps_ingestion to 2026-03-08 14:00:00+00:00, run_after=2026-03-09 08:00:00+00:00
[2026-03-09T11:18:49.833+0000] {processor.py:208} INFO - Processing /opt/airflow/dags/02_travel_gmaps_ingestion.py took 0.142 seconds
[2026-03-09T11:19:20.528+0000] {processor.py:186} INFO - Started process (PID=12648) to work on /opt/airflow/dags/02_travel_gmaps_ingestion.py
[2026-03-09T11:19:20.530+0000] {processor.py:914} INFO - Processing file /opt/airflow/dags/02_travel_gmaps_ingestion.py for tasks to queue
[2026-03-09T11:19:20.533+0000] {logging_mixin.py:190} INFO - [2026-03-09T11:19:20.532+0000] {dagbag.py:588} INFO - Filling up the DagBag from /opt/airflow/dags/02_travel_gmaps_ingestion.py
[2026-03-09T11:19:20.554+0000] {processor.py:925} INFO - DAG(s) '02_travel_gmaps_ingestion' retrieved from /opt/airflow/dags/02_travel_gmaps_ingestion.py
[2026-03-09T11:19:20.585+0000] {logging_mixin.py:190} INFO - [2026-03-09T11:19:20.585+0000] {dag.py:3239} INFO - Sync 1 DAGs
[2026-03-09T11:19:20.615+0000] {logging_mixin.py:190} INFO - [2026-03-09T11:19:20.615+0000] {dag.py:4180} INFO - Setting next_dagrun for 02_travel_gmaps_ingestion to 2026-03-08 14:00:00+00:00, run_after=2026-03-09 08:00:00+00:00
[2026-03-09T11:19:20.645+0000] {processor.py:208} INFO - Processing /opt/airflow/dags/02_travel_gmaps_ingestion.py took 0.123 seconds
[2026-03-09T11:19:51.324+0000] {processor.py:186} INFO - Started process (PID=12668) to work on /opt/airflow/dags/02_travel_gmaps_ingestion.py
[2026-03-09T11:19:51.325+0000] {processor.py:914} INFO - Processing file /opt/airflow/dags/02_travel_gmaps_ingestion.py for tasks to queue
[2026-03-09T11:19:51.329+0000] {logging_mixin.py:190} INFO - [2026-03-09T11:19:51.328+0000] {dagbag.py:588} INFO - Filling up the DagBag from /opt/airflow/dags/02_travel_gmaps_ingestion.py
[2026-03-09T11:19:51.360+0000] {processor.py:925} INFO - DAG(s) '02_travel_gmaps_ingestion' retrieved from /opt/airflow/dags/02_travel_gmaps_ingestion.py
[2026-03-09T11:19:51.398+0000] {logging_mixin.py:190} INFO - [2026-03-09T11:19:51.397+0000] {dag.py:3239} INFO - Sync 1 DAGs
[2026-03-09T11:19:51.430+0000] {logging_mixin.py:190} INFO - [2026-03-09T11:19:51.430+0000] {dag.py:4180} INFO - Setting next_dagrun for 02_travel_gmaps_ingestion to 2026-03-08 14:00:00+00:00, run_after=2026-03-09 08:00:00+00:00
[2026-03-09T11:19:51.455+0000] {processor.py:208} INFO - Processing /opt/airflow/dags/02_travel_gmaps_ingestion.py took 0.141 seconds
[2026-03-09T11:20:22.098+0000] {processor.py:186} INFO - Started process (PID=12688) to work on /opt/airflow/dags/02_travel_gmaps_ingestion.py
[2026-03-09T11:20:22.100+0000] {processor.py:914} INFO - Processing file /opt/airflow/dags/02_travel_gmaps_ingestion.py for tasks to queue
[2026-03-09T11:20:22.103+0000] {logging_mixin.py:190} INFO - [2026-03-09T11:20:22.103+0000] {dagbag.py:588} INFO - Filling up the DagBag from /opt/airflow/dags/02_travel_gmaps_ingestion.py
[2026-03-09T11:20:22.125+0000] {processor.py:925} INFO - DAG(s) '02_travel_gmaps_ingestion' retrieved from /opt/airflow/dags/02_travel_gmaps_ingestion.py
[2026-03-09T11:20:22.160+0000] {logging_mixin.py:190} INFO - [2026-03-09T11:20:22.160+0000] {dag.py:3239} INFO - Sync 1 DAGs
[2026-03-09T11:20:22.191+0000] {logging_mixin.py:190} INFO - [2026-03-09T11:20:22.191+0000] {dag.py:4180} INFO - Setting next_dagrun for 02_travel_gmaps_ingestion to 2026-03-08 14:00:00+00:00, run_after=2026-03-09 08:00:00+00:00
[2026-03-09T11:20:22.224+0000] {processor.py:208} INFO - Processing /opt/airflow/dags/02_travel_gmaps_ingestion.py took 0.133 seconds
[2026-03-09T11:20:52.701+0000] {processor.py:186} INFO - Started process (PID=12708) to work on /opt/airflow/dags/02_travel_gmaps_ingestion.py
[2026-03-09T11:20:52.703+0000] {processor.py:914} INFO - Processing file /opt/airflow/dags/02_travel_gmaps_ingestion.py for tasks to queue
[2026-03-09T11:20:52.708+0000] {logging_mixin.py:190} INFO - [2026-03-09T11:20:52.707+0000] {dagbag.py:588} INFO - Filling up the DagBag from /opt/airflow/dags/02_travel_gmaps_ingestion.py
[2026-03-09T11:20:52.734+0000] {processor.py:925} INFO - DAG(s) '02_travel_gmaps_ingestion' retrieved from /opt/airflow/dags/02_travel_gmaps_ingestion.py
[2026-03-09T11:20:52.772+0000] {logging_mixin.py:190} INFO - [2026-03-09T11:20:52.771+0000] {dag.py:3239} INFO - Sync 1 DAGs
[2026-03-09T11:20:52.808+0000] {logging_mixin.py:190} INFO - [2026-03-09T11:20:52.807+0000] {dag.py:4180} INFO - Setting next_dagrun for 02_travel_gmaps_ingestion to 2026-03-08 14:00:00+00:00, run_after=2026-03-09 08:00:00+00:00
[2026-03-09T11:20:52.834+0000] {processor.py:208} INFO - Processing /opt/airflow/dags/02_travel_gmaps_ingestion.py took 0.141 seconds
[2026-03-09T11:21:23.425+0000] {processor.py:186} INFO - Started process (PID=12728) to work on /opt/airflow/dags/02_travel_gmaps_ingestion.py
[2026-03-09T11:21:23.427+0000] {processor.py:914} INFO - Processing file /opt/airflow/dags/02_travel_gmaps_ingestion.py for tasks to queue
[2026-03-09T11:21:23.430+0000] {logging_mixin.py:190} INFO - [2026-03-09T11:21:23.429+0000] {dagbag.py:588} INFO - Filling up the DagBag from /opt/airflow/dags/02_travel_gmaps_ingestion.py
[2026-03-09T11:21:23.450+0000] {processor.py:925} INFO - DAG(s) '02_travel_gmaps_ingestion' retrieved from /opt/airflow/dags/02_travel_gmaps_ingestion.py
[2026-03-09T11:21:23.485+0000] {logging_mixin.py:190} INFO - [2026-03-09T11:21:23.485+0000] {dag.py:3239} INFO - Sync 1 DAGs
[2026-03-09T11:21:23.515+0000] {logging_mixin.py:190} INFO - [2026-03-09T11:21:23.515+0000] {dag.py:4180} INFO - Setting next_dagrun for 02_travel_gmaps_ingestion to 2026-03-08 14:00:00+00:00, run_after=2026-03-09 08:00:00+00:00
[2026-03-09T11:21:23.542+0000] {processor.py:208} INFO - Processing /opt/airflow/dags/02_travel_gmaps_ingestion.py took 0.126 seconds
[2026-03-09T11:21:54.533+0000] {processor.py:186} INFO - Started process (PID=12748) to work on /opt/airflow/dags/02_travel_gmaps_ingestion.py
[2026-03-09T11:21:54.534+0000] {processor.py:914} INFO - Processing file /opt/airflow/dags/02_travel_gmaps_ingestion.py for tasks to queue
[2026-03-09T11:21:54.538+0000] {logging_mixin.py:190} INFO - [2026-03-09T11:21:54.538+0000] {dagbag.py:588} INFO - Filling up the DagBag from /opt/airflow/dags/02_travel_gmaps_ingestion.py
[2026-03-09T11:21:54.565+0000] {processor.py:925} INFO - DAG(s) '02_travel_gmaps_ingestion' retrieved from /opt/airflow/dags/02_travel_gmaps_ingestion.py
[2026-03-09T11:21:54.600+0000] {logging_mixin.py:190} INFO - [2026-03-09T11:21:54.600+0000] {dag.py:3239} INFO - Sync 1 DAGs
[2026-03-09T11:21:54.632+0000] {logging_mixin.py:190} INFO - [2026-03-09T11:21:54.631+0000] {dag.py:4180} INFO - Setting next_dagrun for 02_travel_gmaps_ingestion to 2026-03-08 14:00:00+00:00, run_after=2026-03-09 08:00:00+00:00
[2026-03-09T11:21:55.991+0000] {processor.py:208} INFO - Processing /opt/airflow/dags/02_travel_gmaps_ingestion.py took 1.467 seconds
[2026-03-09T11:22:26.355+0000] {processor.py:186} INFO - Started process (PID=12768) to work on /opt/airflow/dags/02_travel_gmaps_ingestion.py
[2026-03-09T11:22:26.365+0000] {processor.py:914} INFO - Processing file /opt/airflow/dags/02_travel_gmaps_ingestion.py for tasks to queue
[2026-03-09T11:22:26.368+0000] {logging_mixin.py:190} INFO - [2026-03-09T11:22:26.368+0000] {dagbag.py:588} INFO - Filling up the DagBag from /opt/airflow/dags/02_travel_gmaps_ingestion.py
[2026-03-09T11:22:26.411+0000] {processor.py:925} INFO - DAG(s) '02_travel_gmaps_ingestion' retrieved from /opt/airflow/dags/02_travel_gmaps_ingestion.py
[2026-03-09T11:22:26.452+0000] {logging_mixin.py:190} INFO - [2026-03-09T11:22:26.451+0000] {dag.py:3239} INFO - Sync 1 DAGs
[2026-03-09T11:22:26.489+0000] {logging_mixin.py:190} INFO - [2026-03-09T11:22:26.489+0000] {dag.py:4180} INFO - Setting next_dagrun for 02_travel_gmaps_ingestion to 2026-03-08 14:00:00+00:00, run_after=2026-03-09 08:00:00+00:00
[2026-03-09T11:22:26.518+0000] {processor.py:208} INFO - Processing /opt/airflow/dags/02_travel_gmaps_ingestion.py took 0.171 seconds
[2026-03-09T11:22:57.184+0000] {processor.py:186} INFO - Started process (PID=12788) to work on /opt/airflow/dags/02_travel_gmaps_ingestion.py
[2026-03-09T11:22:57.186+0000] {processor.py:914} INFO - Processing file /opt/airflow/dags/02_travel_gmaps_ingestion.py for tasks to queue
[2026-03-09T11:22:57.190+0000] {logging_mixin.py:190} INFO - [2026-03-09T11:22:57.189+0000] {dagbag.py:588} INFO - Filling up the DagBag from /opt/airflow/dags/02_travel_gmaps_ingestion.py
[2026-03-09T11:22:57.232+0000] {processor.py:925} INFO - DAG(s) '02_travel_gmaps_ingestion' retrieved from /opt/airflow/dags/02_travel_gmaps_ingestion.py
[2026-03-09T11:22:57.272+0000] {logging_mixin.py:190} INFO - [2026-03-09T11:22:57.272+0000] {dag.py:3239} INFO - Sync 1 DAGs
[2026-03-09T11:22:57.310+0000] {logging_mixin.py:190} INFO - [2026-03-09T11:22:57.310+0000] {dag.py:4180} INFO - Setting next_dagrun for 02_travel_gmaps_ingestion to 2026-03-08 14:00:00+00:00, run_after=2026-03-09 08:00:00+00:00
[2026-03-09T11:22:57.346+0000] {processor.py:208} INFO - Processing /opt/airflow/dags/02_travel_gmaps_ingestion.py took 0.174 seconds
[2026-03-09T11:23:28.066+0000] {processor.py:186} INFO - Started process (PID=12808) to work on /opt/airflow/dags/02_travel_gmaps_ingestion.py
[2026-03-09T11:23:28.067+0000] {processor.py:914} INFO - Processing file /opt/airflow/dags/02_travel_gmaps_ingestion.py for tasks to queue
[2026-03-09T11:23:28.070+0000] {logging_mixin.py:190} INFO - [2026-03-09T11:23:28.069+0000] {dagbag.py:588} INFO - Filling up the DagBag from /opt/airflow/dags/02_travel_gmaps_ingestion.py
[2026-03-09T11:23:28.091+0000] {processor.py:925} INFO - DAG(s) '02_travel_gmaps_ingestion' retrieved from /opt/airflow/dags/02_travel_gmaps_ingestion.py
[2026-03-09T11:23:28.123+0000] {logging_mixin.py:190} INFO - [2026-03-09T11:23:28.123+0000] {dag.py:3239} INFO - Sync 1 DAGs
[2026-03-09T11:23:28.151+0000] {logging_mixin.py:190} INFO - [2026-03-09T11:23:28.151+0000] {dag.py:4180} INFO - Setting next_dagrun for 02_travel_gmaps_ingestion to 2026-03-08 14:00:00+00:00, run_after=2026-03-09 08:00:00+00:00
[2026-03-09T11:23:28.180+0000] {processor.py:208} INFO - Processing /opt/airflow/dags/02_travel_gmaps_ingestion.py took 0.122 seconds
[2026-03-09T11:23:58.794+0000] {processor.py:186} INFO - Started process (PID=12828) to work on /opt/airflow/dags/02_travel_gmaps_ingestion.py
[2026-03-09T11:23:58.796+0000] {processor.py:914} INFO - Processing file /opt/airflow/dags/02_travel_gmaps_ingestion.py for tasks to queue
[2026-03-09T11:23:58.799+0000] {logging_mixin.py:190} INFO - [2026-03-09T11:23:58.799+0000] {dagbag.py:588} INFO - Filling up the DagBag from /opt/airflow/dags/02_travel_gmaps_ingestion.py
[2026-03-09T11:23:58.820+0000] {processor.py:925} INFO - DAG(s) '02_travel_gmaps_ingestion' retrieved from /opt/airflow/dags/02_travel_gmaps_ingestion.py
[2026-03-09T11:23:58.856+0000] {logging_mixin.py:190} INFO - [2026-03-09T11:23:58.856+0000] {dag.py:3239} INFO - Sync 1 DAGs
[2026-03-09T11:23:58.887+0000] {logging_mixin.py:190} INFO - [2026-03-09T11:23:58.886+0000] {dag.py:4180} INFO - Setting next_dagrun for 02_travel_gmaps_ingestion to 2026-03-08 14:00:00+00:00, run_after=2026-03-09 08:00:00+00:00
[2026-03-09T11:23:58.915+0000] {processor.py:208} INFO - Processing /opt/airflow/dags/02_travel_gmaps_ingestion.py took 0.128 seconds
[2026-03-09T11:24:29.523+0000] {processor.py:186} INFO - Started process (PID=12848) to work on /opt/airflow/dags/02_travel_gmaps_ingestion.py
[2026-03-09T11:24:29.525+0000] {processor.py:914} INFO - Processing file /opt/airflow/dags/02_travel_gmaps_ingestion.py for tasks to queue
[2026-03-09T11:24:29.529+0000] {logging_mixin.py:190} INFO - [2026-03-09T11:24:29.529+0000] {dagbag.py:588} INFO - Filling up the DagBag from /opt/airflow/dags/02_travel_gmaps_ingestion.py
[2026-03-09T11:24:29.553+0000] {processor.py:925} INFO - DAG(s) '02_travel_gmaps_ingestion' retrieved from /opt/airflow/dags/02_travel_gmaps_ingestion.py
[2026-03-09T11:24:29.592+0000] {logging_mixin.py:190} INFO - [2026-03-09T11:24:29.591+0000] {dag.py:3239} INFO - Sync 1 DAGs
[2026-03-09T11:24:29.630+0000] {logging_mixin.py:190} INFO - [2026-03-09T11:24:29.629+0000] {dag.py:4180} INFO - Setting next_dagrun for 02_travel_gmaps_ingestion to 2026-03-08 14:00:00+00:00, run_after=2026-03-09 08:00:00+00:00
[2026-03-09T11:24:29.657+0000] {processor.py:208} INFO - Processing /opt/airflow/dags/02_travel_gmaps_ingestion.py took 0.143 seconds
[2026-03-09T11:25:00.413+0000] {processor.py:186} INFO - Started process (PID=12868) to work on /opt/airflow/dags/02_travel_gmaps_ingestion.py
[2026-03-09T11:25:00.414+0000] {processor.py:914} INFO - Processing file /opt/airflow/dags/02_travel_gmaps_ingestion.py for tasks to queue
[2026-03-09T11:25:00.418+0000] {logging_mixin.py:190} INFO - [2026-03-09T11:25:00.417+0000] {dagbag.py:588} INFO - Filling up the DagBag from /opt/airflow/dags/02_travel_gmaps_ingestion.py
[2026-03-09T11:25:00.441+0000] {processor.py:925} INFO - DAG(s) '02_travel_gmaps_ingestion' retrieved from /opt/airflow/dags/02_travel_gmaps_ingestion.py
[2026-03-09T11:25:00.477+0000] {logging_mixin.py:190} INFO - [2026-03-09T11:25:00.477+0000] {dag.py:3239} INFO - Sync 1 DAGs
[2026-03-09T11:25:00.509+0000] {logging_mixin.py:190} INFO - [2026-03-09T11:25:00.509+0000] {dag.py:4180} INFO - Setting next_dagrun for 02_travel_gmaps_ingestion to 2026-03-08 14:00:00+00:00, run_after=2026-03-09 08:00:00+00:00
[2026-03-09T11:25:00.538+0000] {processor.py:208} INFO - Processing /opt/airflow/dags/02_travel_gmaps_ingestion.py took 0.134 seconds
[2026-03-09T11:25:31.216+0000] {processor.py:186} INFO - Started process (PID=12888) to work on /opt/airflow/dags/02_travel_gmaps_ingestion.py
[2026-03-09T11:25:31.218+0000] {processor.py:914} INFO - Processing file /opt/airflow/dags/02_travel_gmaps_ingestion.py for tasks to queue
[2026-03-09T11:25:31.224+0000] {logging_mixin.py:190} INFO - [2026-03-09T11:25:31.224+0000] {dagbag.py:588} INFO - Filling up the DagBag from /opt/airflow/dags/02_travel_gmaps_ingestion.py
[2026-03-09T11:25:31.251+0000] {processor.py:925} INFO - DAG(s) '02_travel_gmaps_ingestion' retrieved from /opt/airflow/dags/02_travel_gmaps_ingestion.py
[2026-03-09T11:25:31.298+0000] {logging_mixin.py:190} INFO - [2026-03-09T11:25:31.298+0000] {dag.py:3239} INFO - Sync 1 DAGs
[2026-03-09T11:25:31.336+0000] {logging_mixin.py:190} INFO - [2026-03-09T11:25:31.335+0000] {dag.py:4180} INFO - Setting next_dagrun for 02_travel_gmaps_ingestion to 2026-03-08 14:00:00+00:00, run_after=2026-03-09 08:00:00+00:00
[2026-03-09T11:25:31.362+0000] {processor.py:208} INFO - Processing /opt/airflow/dags/02_travel_gmaps_ingestion.py took 0.155 seconds
[2026-03-09T11:26:02.091+0000] {processor.py:186} INFO - Started process (PID=12908) to work on /opt/airflow/dags/02_travel_gmaps_ingestion.py
[2026-03-09T11:26:02.092+0000] {processor.py:914} INFO - Processing file /opt/airflow/dags/02_travel_gmaps_ingestion.py for tasks to queue
[2026-03-09T11:26:02.096+0000] {logging_mixin.py:190} INFO - [2026-03-09T11:26:02.095+0000] {dagbag.py:588} INFO - Filling up the DagBag from /opt/airflow/dags/02_travel_gmaps_ingestion.py
[2026-03-09T11:26:02.115+0000] {processor.py:925} INFO - DAG(s) '02_travel_gmaps_ingestion' retrieved from /opt/airflow/dags/02_travel_gmaps_ingestion.py
[2026-03-09T11:26:02.150+0000] {logging_mixin.py:190} INFO - [2026-03-09T11:26:02.149+0000] {dag.py:3239} INFO - Sync 1 DAGs
[2026-03-09T11:26:02.180+0000] {logging_mixin.py:190} INFO - [2026-03-09T11:26:02.180+0000] {dag.py:4180} INFO - Setting next_dagrun for 02_travel_gmaps_ingestion to 2026-03-08 14:00:00+00:00, run_after=2026-03-09 08:00:00+00:00
[2026-03-09T11:26:02.209+0000] {processor.py:208} INFO - Processing /opt/airflow/dags/02_travel_gmaps_ingestion.py took 0.125 seconds
[2026-03-09T11:26:32.921+0000] {processor.py:186} INFO - Started process (PID=12928) to work on /opt/airflow/dags/02_travel_gmaps_ingestion.py
[2026-03-09T11:26:32.922+0000] {processor.py:914} INFO - Processing file /opt/airflow/dags/02_travel_gmaps_ingestion.py for tasks to queue
[2026-03-09T11:26:32.925+0000] {logging_mixin.py:190} INFO - [2026-03-09T11:26:32.925+0000] {dagbag.py:588} INFO - Filling up the DagBag from /opt/airflow/dags/02_travel_gmaps_ingestion.py
[2026-03-09T11:26:32.949+0000] {processor.py:925} INFO - DAG(s) '02_travel_gmaps_ingestion' retrieved from /opt/airflow/dags/02_travel_gmaps_ingestion.py
[2026-03-09T11:26:32.984+0000] {logging_mixin.py:190} INFO - [2026-03-09T11:26:32.983+0000] {dag.py:3239} INFO - Sync 1 DAGs
[2026-03-09T11:26:33.013+0000] {logging_mixin.py:190} INFO - [2026-03-09T11:26:33.013+0000] {dag.py:4180} INFO - Setting next_dagrun for 02_travel_gmaps_ingestion to 2026-03-08 14:00:00+00:00, run_after=2026-03-09 08:00:00+00:00
[2026-03-09T11:26:33.042+0000] {processor.py:208} INFO - Processing /opt/airflow/dags/02_travel_gmaps_ingestion.py took 0.128 seconds
[2026-03-09T11:27:03.756+0000] {processor.py:186} INFO - Started process (PID=12948) to work on /opt/airflow/dags/02_travel_gmaps_ingestion.py
[2026-03-09T11:27:03.757+0000] {processor.py:914} INFO - Processing file /opt/airflow/dags/02_travel_gmaps_ingestion.py for tasks to queue
[2026-03-09T11:27:03.764+0000] {logging_mixin.py:190} INFO - [2026-03-09T11:27:03.763+0000] {dagbag.py:588} INFO - Filling up the DagBag from /opt/airflow/dags/02_travel_gmaps_ingestion.py
[2026-03-09T11:27:03.794+0000] {processor.py:925} INFO - DAG(s) '02_travel_gmaps_ingestion' retrieved from /opt/airflow/dags/02_travel_gmaps_ingestion.py
[2026-03-09T11:27:03.823+0000] {logging_mixin.py:190} INFO - [2026-03-09T11:27:03.823+0000] {dag.py:3239} INFO - Sync 1 DAGs
[2026-03-09T11:27:03.851+0000] {logging_mixin.py:190} INFO - [2026-03-09T11:27:03.850+0000] {dag.py:4180} INFO - Setting next_dagrun for 02_travel_gmaps_ingestion to 2026-03-08 14:00:00+00:00, run_after=2026-03-09 08:00:00+00:00
[2026-03-09T11:27:03.881+0000] {processor.py:208} INFO - Processing /opt/airflow/dags/02_travel_gmaps_ingestion.py took 0.132 seconds
[2026-03-09T11:27:34.373+0000] {processor.py:186} INFO - Started process (PID=12968) to work on /opt/airflow/dags/02_travel_gmaps_ingestion.py
[2026-03-09T11:27:34.375+0000] {processor.py:914} INFO - Processing file /opt/airflow/dags/02_travel_gmaps_ingestion.py for tasks to queue
[2026-03-09T11:27:34.379+0000] {logging_mixin.py:190} INFO - [2026-03-09T11:27:34.378+0000] {dagbag.py:588} INFO - Filling up the DagBag from /opt/airflow/dags/02_travel_gmaps_ingestion.py
[2026-03-09T11:27:34.409+0000] {processor.py:925} INFO - DAG(s) '02_travel_gmaps_ingestion' retrieved from /opt/airflow/dags/02_travel_gmaps_ingestion.py
[2026-03-09T11:27:34.456+0000] {logging_mixin.py:190} INFO - [2026-03-09T11:27:34.456+0000] {dag.py:3239} INFO - Sync 1 DAGs
[2026-03-09T11:27:34.490+0000] {logging_mixin.py:190} INFO - [2026-03-09T11:27:34.490+0000] {dag.py:4180} INFO - Setting next_dagrun for 02_travel_gmaps_ingestion to 2026-03-08 14:00:00+00:00, run_after=2026-03-09 08:00:00+00:00
[2026-03-09T11:27:34.517+0000] {processor.py:208} INFO - Processing /opt/airflow/dags/02_travel_gmaps_ingestion.py took 0.152 seconds
[2026-03-09T11:28:05.067+0000] {processor.py:186} INFO - Started process (PID=12988) to work on /opt/airflow/dags/02_travel_gmaps_ingestion.py
[2026-03-09T11:28:05.068+0000] {processor.py:914} INFO - Processing file /opt/airflow/dags/02_travel_gmaps_ingestion.py for tasks to queue
[2026-03-09T11:28:05.071+0000] {logging_mixin.py:190} INFO - [2026-03-09T11:28:05.071+0000] {dagbag.py:588} INFO - Filling up the DagBag from /opt/airflow/dags/02_travel_gmaps_ingestion.py
[2026-03-09T11:28:05.093+0000] {processor.py:925} INFO - DAG(s) '02_travel_gmaps_ingestion' retrieved from /opt/airflow/dags/02_travel_gmaps_ingestion.py
[2026-03-09T11:28:05.126+0000] {logging_mixin.py:190} INFO - [2026-03-09T11:28:05.126+0000] {dag.py:3239} INFO - Sync 1 DAGs
[2026-03-09T11:28:05.154+0000] {logging_mixin.py:190} INFO - [2026-03-09T11:28:05.154+0000] {dag.py:4180} INFO - Setting next_dagrun for 02_travel_gmaps_ingestion to 2026-03-08 14:00:00+00:00, run_after=2026-03-09 08:00:00+00:00
[2026-03-09T11:28:05.184+0000] {processor.py:208} INFO - Processing /opt/airflow/dags/02_travel_gmaps_ingestion.py took 0.126 seconds
[2026-03-09T11:28:35.890+0000] {processor.py:186} INFO - Started process (PID=13008) to work on /opt/airflow/dags/02_travel_gmaps_ingestion.py
[2026-03-09T11:28:35.891+0000] {processor.py:914} INFO - Processing file /opt/airflow/dags/02_travel_gmaps_ingestion.py for tasks to queue
[2026-03-09T11:28:35.894+0000] {logging_mixin.py:190} INFO - [2026-03-09T11:28:35.894+0000] {dagbag.py:588} INFO - Filling up the DagBag from /opt/airflow/dags/02_travel_gmaps_ingestion.py
[2026-03-09T11:28:35.917+0000] {processor.py:925} INFO - DAG(s) '02_travel_gmaps_ingestion' retrieved from /opt/airflow/dags/02_travel_gmaps_ingestion.py
[2026-03-09T11:28:35.952+0000] {logging_mixin.py:190} INFO - [2026-03-09T11:28:35.951+0000] {dag.py:3239} INFO - Sync 1 DAGs
[2026-03-09T11:28:35.983+0000] {logging_mixin.py:190} INFO - [2026-03-09T11:28:35.983+0000] {dag.py:4180} INFO - Setting next_dagrun for 02_travel_gmaps_ingestion to 2026-03-08 14:00:00+00:00, run_after=2026-03-09 08:00:00+00:00
[2026-03-09T11:28:36.011+0000] {processor.py:208} INFO - Processing /opt/airflow/dags/02_travel_gmaps_ingestion.py took 0.128 seconds
[2026-03-09T11:29:06.729+0000] {processor.py:186} INFO - Started process (PID=13028) to work on /opt/airflow/dags/02_travel_gmaps_ingestion.py
[2026-03-09T11:29:06.731+0000] {processor.py:914} INFO - Processing file /opt/airflow/dags/02_travel_gmaps_ingestion.py for tasks to queue
[2026-03-09T11:29:06.734+0000] {logging_mixin.py:190} INFO - [2026-03-09T11:29:06.734+0000] {dagbag.py:588} INFO - Filling up the DagBag from /opt/airflow/dags/02_travel_gmaps_ingestion.py
[2026-03-09T11:29:06.758+0000] {processor.py:925} INFO - DAG(s) '02_travel_gmaps_ingestion' retrieved from /opt/airflow/dags/02_travel_gmaps_ingestion.py
[2026-03-09T11:29:06.793+0000] {logging_mixin.py:190} INFO - [2026-03-09T11:29:06.793+0000] {dag.py:3239} INFO - Sync 1 DAGs
[2026-03-09T11:29:06.822+0000] {logging_mixin.py:190} INFO - [2026-03-09T11:29:06.822+0000] {dag.py:4180} INFO - Setting next_dagrun for 02_travel_gmaps_ingestion to 2026-03-08 14:00:00+00:00, run_after=2026-03-09 08:00:00+00:00
[2026-03-09T11:29:06.851+0000] {processor.py:208} INFO - Processing /opt/airflow/dags/02_travel_gmaps_ingestion.py took 0.129 seconds
[2026-03-09T11:29:37.451+0000] {processor.py:186} INFO - Started process (PID=13048) to work on /opt/airflow/dags/02_travel_gmaps_ingestion.py
[2026-03-09T11:29:37.453+0000] {processor.py:914} INFO - Processing file /opt/airflow/dags/02_travel_gmaps_ingestion.py for tasks to queue
[2026-03-09T11:29:37.456+0000] {logging_mixin.py:190} INFO - [2026-03-09T11:29:37.455+0000] {dagbag.py:588} INFO - Filling up the DagBag from /opt/airflow/dags/02_travel_gmaps_ingestion.py
[2026-03-09T11:29:37.480+0000] {processor.py:925} INFO - DAG(s) '02_travel_gmaps_ingestion' retrieved from /opt/airflow/dags/02_travel_gmaps_ingestion.py
[2026-03-09T11:29:37.511+0000] {logging_mixin.py:190} INFO - [2026-03-09T11:29:37.511+0000] {dag.py:3239} INFO - Sync 1 DAGs
[2026-03-09T11:29:37.538+0000] {logging_mixin.py:190} INFO - [2026-03-09T11:29:37.537+0000] {dag.py:4180} INFO - Setting next_dagrun for 02_travel_gmaps_ingestion to 2026-03-08 14:00:00+00:00, run_after=2026-03-09 08:00:00+00:00
[2026-03-09T11:29:37.570+0000] {processor.py:208} INFO - Processing /opt/airflow/dags/02_travel_gmaps_ingestion.py took 0.125 seconds
[2026-03-09T11:30:08.131+0000] {processor.py:186} INFO - Started process (PID=13068) to work on /opt/airflow/dags/02_travel_gmaps_ingestion.py
[2026-03-09T11:30:08.133+0000] {processor.py:914} INFO - Processing file /opt/airflow/dags/02_travel_gmaps_ingestion.py for tasks to queue
[2026-03-09T11:30:08.136+0000] {logging_mixin.py:190} INFO - [2026-03-09T11:30:08.136+0000] {dagbag.py:588} INFO - Filling up the DagBag from /opt/airflow/dags/02_travel_gmaps_ingestion.py
[2026-03-09T11:30:08.159+0000] {processor.py:925} INFO - DAG(s) '02_travel_gmaps_ingestion' retrieved from /opt/airflow/dags/02_travel_gmaps_ingestion.py
[2026-03-09T11:30:08.191+0000] {logging_mixin.py:190} INFO - [2026-03-09T11:30:08.190+0000] {dag.py:3239} INFO - Sync 1 DAGs
[2026-03-09T11:30:08.222+0000] {logging_mixin.py:190} INFO - [2026-03-09T11:30:08.221+0000] {dag.py:4180} INFO - Setting next_dagrun for 02_travel_gmaps_ingestion to 2026-03-08 14:00:00+00:00, run_after=2026-03-09 08:00:00+00:00
[2026-03-09T11:30:08.252+0000] {processor.py:208} INFO - Processing /opt/airflow/dags/02_travel_gmaps_ingestion.py took 0.127 seconds
[2026-03-09T11:30:39.014+0000] {processor.py:186} INFO - Started process (PID=13088) to work on /opt/airflow/dags/02_travel_gmaps_ingestion.py
[2026-03-09T11:30:39.015+0000] {processor.py:914} INFO - Processing file /opt/airflow/dags/02_travel_gmaps_ingestion.py for tasks to queue
[2026-03-09T11:30:39.019+0000] {logging_mixin.py:190} INFO - [2026-03-09T11:30:39.019+0000] {dagbag.py:588} INFO - Filling up the DagBag from /opt/airflow/dags/02_travel_gmaps_ingestion.py
[2026-03-09T11:30:39.039+0000] {processor.py:925} INFO - DAG(s) '02_travel_gmaps_ingestion' retrieved from /opt/airflow/dags/02_travel_gmaps_ingestion.py
[2026-03-09T11:30:39.071+0000] {logging_mixin.py:190} INFO - [2026-03-09T11:30:39.070+0000] {dag.py:3239} INFO - Sync 1 DAGs
[2026-03-09T11:30:39.098+0000] {logging_mixin.py:190} INFO - [2026-03-09T11:30:39.098+0000] {dag.py:4180} INFO - Setting next_dagrun for 02_travel_gmaps_ingestion to 2026-03-08 14:00:00+00:00, run_after=2026-03-09 08:00:00+00:00
[2026-03-09T11:30:39.130+0000] {processor.py:208} INFO - Processing /opt/airflow/dags/02_travel_gmaps_ingestion.py took 0.123 seconds
[2026-03-09T11:31:09.719+0000] {processor.py:186} INFO - Started process (PID=13108) to work on /opt/airflow/dags/02_travel_gmaps_ingestion.py
[2026-03-09T11:31:09.720+0000] {processor.py:914} INFO - Processing file /opt/airflow/dags/02_travel_gmaps_ingestion.py for tasks to queue
[2026-03-09T11:31:09.724+0000] {logging_mixin.py:190} INFO - [2026-03-09T11:31:09.724+0000] {dagbag.py:588} INFO - Filling up the DagBag from /opt/airflow/dags/02_travel_gmaps_ingestion.py
[2026-03-09T11:31:09.749+0000] {processor.py:925} INFO - DAG(s) '02_travel_gmaps_ingestion' retrieved from /opt/airflow/dags/02_travel_gmaps_ingestion.py
[2026-03-09T11:31:09.783+0000] {logging_mixin.py:190} INFO - [2026-03-09T11:31:09.782+0000] {dag.py:3239} INFO - Sync 1 DAGs
[2026-03-09T11:31:09.811+0000] {logging_mixin.py:190} INFO - [2026-03-09T11:31:09.811+0000] {dag.py:4180} INFO - Setting next_dagrun for 02_travel_gmaps_ingestion to 2026-03-08 14:00:00+00:00, run_after=2026-03-09 08:00:00+00:00
[2026-03-09T11:31:09.843+0000] {processor.py:208} INFO - Processing /opt/airflow/dags/02_travel_gmaps_ingestion.py took 0.132 seconds
[2026-03-09T11:31:40.680+0000] {processor.py:186} INFO - Started process (PID=13128) to work on /opt/airflow/dags/02_travel_gmaps_ingestion.py
[2026-03-09T11:31:40.682+0000] {processor.py:914} INFO - Processing file /opt/airflow/dags/02_travel_gmaps_ingestion.py for tasks to queue
[2026-03-09T11:31:40.684+0000] {logging_mixin.py:190} INFO - [2026-03-09T11:31:40.684+0000] {dagbag.py:588} INFO - Filling up the DagBag from /opt/airflow/dags/02_travel_gmaps_ingestion.py
[2026-03-09T11:31:40.706+0000] {processor.py:925} INFO - DAG(s) '02_travel_gmaps_ingestion' retrieved from /opt/airflow/dags/02_travel_gmaps_ingestion.py
[2026-03-09T11:31:40.739+0000] {logging_mixin.py:190} INFO - [2026-03-09T11:31:40.739+0000] {dag.py:3239} INFO - Sync 1 DAGs
[2026-03-09T11:31:40.766+0000] {logging_mixin.py:190} INFO - [2026-03-09T11:31:40.766+0000] {dag.py:4180} INFO - Setting next_dagrun for 02_travel_gmaps_ingestion to 2026-03-08 14:00:00+00:00, run_after=2026-03-09 08:00:00+00:00
[2026-03-09T11:31:40.795+0000] {processor.py:208} INFO - Processing /opt/airflow/dags/02_travel_gmaps_ingestion.py took 0.123 seconds
[2026-03-09T11:32:11.530+0000] {processor.py:186} INFO - Started process (PID=13148) to work on /opt/airflow/dags/02_travel_gmaps_ingestion.py
[2026-03-09T11:32:11.531+0000] {processor.py:914} INFO - Processing file /opt/airflow/dags/02_travel_gmaps_ingestion.py for tasks to queue
[2026-03-09T11:32:11.535+0000] {logging_mixin.py:190} INFO - [2026-03-09T11:32:11.534+0000] {dagbag.py:588} INFO - Filling up the DagBag from /opt/airflow/dags/02_travel_gmaps_ingestion.py
[2026-03-09T11:32:11.555+0000] {processor.py:925} INFO - DAG(s) '02_travel_gmaps_ingestion' retrieved from /opt/airflow/dags/02_travel_gmaps_ingestion.py
[2026-03-09T11:32:11.591+0000] {logging_mixin.py:190} INFO - [2026-03-09T11:32:11.590+0000] {dag.py:3239} INFO - Sync 1 DAGs
[2026-03-09T11:32:11.617+0000] {logging_mixin.py:190} INFO - [2026-03-09T11:32:11.617+0000] {dag.py:4180} INFO - Setting next_dagrun for 02_travel_gmaps_ingestion to 2026-03-08 14:00:00+00:00, run_after=2026-03-09 08:00:00+00:00
[2026-03-09T11:32:11.645+0000] {processor.py:208} INFO - Processing /opt/airflow/dags/02_travel_gmaps_ingestion.py took 0.121 seconds
[2026-03-09T11:32:42.416+0000] {processor.py:186} INFO - Started process (PID=13168) to work on /opt/airflow/dags/02_travel_gmaps_ingestion.py
[2026-03-09T11:32:42.417+0000] {processor.py:914} INFO - Processing file /opt/airflow/dags/02_travel_gmaps_ingestion.py for tasks to queue
[2026-03-09T11:32:42.420+0000] {logging_mixin.py:190} INFO - [2026-03-09T11:32:42.420+0000] {dagbag.py:588} INFO - Filling up the DagBag from /opt/airflow/dags/02_travel_gmaps_ingestion.py
[2026-03-09T11:32:42.440+0000] {processor.py:925} INFO - DAG(s) '02_travel_gmaps_ingestion' retrieved from /opt/airflow/dags/02_travel_gmaps_ingestion.py
[2026-03-09T11:32:42.473+0000] {logging_mixin.py:190} INFO - [2026-03-09T11:32:42.473+0000] {dag.py:3239} INFO - Sync 1 DAGs
[2026-03-09T11:32:42.500+0000] {logging_mixin.py:190} INFO - [2026-03-09T11:32:42.500+0000] {dag.py:4180} INFO - Setting next_dagrun for 02_travel_gmaps_ingestion to 2026-03-08 14:00:00+00:00, run_after=2026-03-09 08:00:00+00:00
[2026-03-09T11:32:42.530+0000] {processor.py:208} INFO - Processing /opt/airflow/dags/02_travel_gmaps_ingestion.py took 0.122 seconds
[2026-03-09T11:33:13.241+0000] {processor.py:186} INFO - Started process (PID=13188) to work on /opt/airflow/dags/02_travel_gmaps_ingestion.py
[2026-03-09T11:33:13.242+0000] {processor.py:914} INFO - Processing file /opt/airflow/dags/02_travel_gmaps_ingestion.py for tasks to queue
[2026-03-09T11:33:13.246+0000] {logging_mixin.py:190} INFO - [2026-03-09T11:33:13.245+0000] {dagbag.py:588} INFO - Filling up the DagBag from /opt/airflow/dags/02_travel_gmaps_ingestion.py
[2026-03-09T11:33:13.267+0000] {processor.py:925} INFO - DAG(s) '02_travel_gmaps_ingestion' retrieved from /opt/airflow/dags/02_travel_gmaps_ingestion.py
[2026-03-09T11:33:13.299+0000] {logging_mixin.py:190} INFO - [2026-03-09T11:33:13.298+0000] {dag.py:3239} INFO - Sync 1 DAGs
[2026-03-09T11:33:13.330+0000] {logging_mixin.py:190} INFO - [2026-03-09T11:33:13.329+0000] {dag.py:4180} INFO - Setting next_dagrun for 02_travel_gmaps_ingestion to 2026-03-08 14:00:00+00:00, run_after=2026-03-09 08:00:00+00:00
[2026-03-09T11:33:13.365+0000] {processor.py:208} INFO - Processing /opt/airflow/dags/02_travel_gmaps_ingestion.py took 0.131 seconds
[2026-03-09T11:33:44.071+0000] {processor.py:186} INFO - Started process (PID=13208) to work on /opt/airflow/dags/02_travel_gmaps_ingestion.py
[2026-03-09T11:33:44.072+0000] {processor.py:914} INFO - Processing file /opt/airflow/dags/02_travel_gmaps_ingestion.py for tasks to queue
[2026-03-09T11:33:44.075+0000] {logging_mixin.py:190} INFO - [2026-03-09T11:33:44.075+0000] {dagbag.py:588} INFO - Filling up the DagBag from /opt/airflow/dags/02_travel_gmaps_ingestion.py
[2026-03-09T11:33:44.095+0000] {processor.py:925} INFO - DAG(s) '02_travel_gmaps_ingestion' retrieved from /opt/airflow/dags/02_travel_gmaps_ingestion.py
[2026-03-09T11:33:44.127+0000] {logging_mixin.py:190} INFO - [2026-03-09T11:33:44.127+0000] {dag.py:3239} INFO - Sync 1 DAGs
[2026-03-09T11:33:44.154+0000] {logging_mixin.py:190} INFO - [2026-03-09T11:33:44.154+0000] {dag.py:4180} INFO - Setting next_dagrun for 02_travel_gmaps_ingestion to 2026-03-08 14:00:00+00:00, run_after=2026-03-09 08:00:00+00:00
[2026-03-09T11:33:44.184+0000] {processor.py:208} INFO - Processing /opt/airflow/dags/02_travel_gmaps_ingestion.py took 0.121 seconds
[2026-03-09T11:34:14.839+0000] {processor.py:186} INFO - Started process (PID=13228) to work on /opt/airflow/dags/02_travel_gmaps_ingestion.py
[2026-03-09T11:34:14.841+0000] {processor.py:914} INFO - Processing file /opt/airflow/dags/02_travel_gmaps_ingestion.py for tasks to queue
[2026-03-09T11:34:14.844+0000] {logging_mixin.py:190} INFO - [2026-03-09T11:34:14.843+0000] {dagbag.py:588} INFO - Filling up the DagBag from /opt/airflow/dags/02_travel_gmaps_ingestion.py
[2026-03-09T11:34:14.874+0000] {processor.py:925} INFO - DAG(s) '02_travel_gmaps_ingestion' retrieved from /opt/airflow/dags/02_travel_gmaps_ingestion.py
[2026-03-09T11:34:14.915+0000] {logging_mixin.py:190} INFO - [2026-03-09T11:34:14.915+0000] {dag.py:3239} INFO - Sync 1 DAGs
[2026-03-09T11:34:14.948+0000] {logging_mixin.py:190} INFO - [2026-03-09T11:34:14.948+0000] {dag.py:4180} INFO - Setting next_dagrun for 02_travel_gmaps_ingestion to 2026-03-08 14:00:00+00:00, run_after=2026-03-09 08:00:00+00:00
[2026-03-09T11:34:14.976+0000] {processor.py:208} INFO - Processing /opt/airflow/dags/02_travel_gmaps_ingestion.py took 0.143 seconds
[2026-03-09T11:34:45.683+0000] {processor.py:186} INFO - Started process (PID=13248) to work on /opt/airflow/dags/02_travel_gmaps_ingestion.py
[2026-03-09T11:34:45.684+0000] {processor.py:914} INFO - Processing file /opt/airflow/dags/02_travel_gmaps_ingestion.py for tasks to queue
[2026-03-09T11:34:45.688+0000] {logging_mixin.py:190} INFO - [2026-03-09T11:34:45.688+0000] {dagbag.py:588} INFO - Filling up the DagBag from /opt/airflow/dags/02_travel_gmaps_ingestion.py
[2026-03-09T11:34:45.715+0000] {processor.py:925} INFO - DAG(s) '02_travel_gmaps_ingestion' retrieved from /opt/airflow/dags/02_travel_gmaps_ingestion.py
[2026-03-09T11:34:45.768+0000] {logging_mixin.py:190} INFO - [2026-03-09T11:34:45.768+0000] {dag.py:3239} INFO - Sync 1 DAGs
[2026-03-09T11:34:45.809+0000] {logging_mixin.py:190} INFO - [2026-03-09T11:34:45.808+0000] {dag.py:4180} INFO - Setting next_dagrun for 02_travel_gmaps_ingestion to 2026-03-08 14:00:00+00:00, run_after=2026-03-09 08:00:00+00:00
[2026-03-09T11:34:45.840+0000] {processor.py:208} INFO - Processing /opt/airflow/dags/02_travel_gmaps_ingestion.py took 0.166 seconds
[2026-03-09T11:35:16.346+0000] {processor.py:186} INFO - Started process (PID=13268) to work on /opt/airflow/dags/02_travel_gmaps_ingestion.py
[2026-03-09T11:35:16.348+0000] {processor.py:914} INFO - Processing file /opt/airflow/dags/02_travel_gmaps_ingestion.py for tasks to queue
[2026-03-09T11:35:16.352+0000] {logging_mixin.py:190} INFO - [2026-03-09T11:35:16.352+0000] {dagbag.py:588} INFO - Filling up the DagBag from /opt/airflow/dags/02_travel_gmaps_ingestion.py
[2026-03-09T11:35:16.387+0000] {processor.py:925} INFO - DAG(s) '02_travel_gmaps_ingestion' retrieved from /opt/airflow/dags/02_travel_gmaps_ingestion.py
[2026-03-09T11:35:16.449+0000] {logging_mixin.py:190} INFO - [2026-03-09T11:35:16.449+0000] {dag.py:3239} INFO - Sync 1 DAGs
[2026-03-09T11:35:16.487+0000] {logging_mixin.py:190} INFO - [2026-03-09T11:35:16.487+0000] {dag.py:4180} INFO - Setting next_dagrun for 02_travel_gmaps_ingestion to 2026-03-08 14:00:00+00:00, run_after=2026-03-09 08:00:00+00:00
[2026-03-09T11:35:16.521+0000] {processor.py:208} INFO - Processing /opt/airflow/dags/02_travel_gmaps_ingestion.py took 0.189 seconds
[2026-03-09T11:35:47.068+0000] {processor.py:186} INFO - Started process (PID=13288) to work on /opt/airflow/dags/02_travel_gmaps_ingestion.py
[2026-03-09T11:35:47.069+0000] {processor.py:914} INFO - Processing file /opt/airflow/dags/02_travel_gmaps_ingestion.py for tasks to queue
[2026-03-09T11:35:47.073+0000] {logging_mixin.py:190} INFO - [2026-03-09T11:35:47.073+0000] {dagbag.py:588} INFO - Filling up the DagBag from /opt/airflow/dags/02_travel_gmaps_ingestion.py
[2026-03-09T11:35:47.099+0000] {processor.py:925} INFO - DAG(s) '02_travel_gmaps_ingestion' retrieved from /opt/airflow/dags/02_travel_gmaps_ingestion.py
[2026-03-09T11:35:47.135+0000] {logging_mixin.py:190} INFO - [2026-03-09T11:35:47.135+0000] {dag.py:3239} INFO - Sync 1 DAGs
[2026-03-09T11:35:47.174+0000] {logging_mixin.py:190} INFO - [2026-03-09T11:35:47.174+0000] {dag.py:4180} INFO - Setting next_dagrun for 02_travel_gmaps_ingestion to 2026-03-08 14:00:00+00:00, run_after=2026-03-09 08:00:00+00:00
[2026-03-09T11:35:47.203+0000] {processor.py:208} INFO - Processing /opt/airflow/dags/02_travel_gmaps_ingestion.py took 0.144 seconds
[2026-03-09T11:36:17.829+0000] {processor.py:186} INFO - Started process (PID=13308) to work on /opt/airflow/dags/02_travel_gmaps_ingestion.py
[2026-03-09T11:36:17.831+0000] {processor.py:914} INFO - Processing file /opt/airflow/dags/02_travel_gmaps_ingestion.py for tasks to queue
[2026-03-09T11:36:17.834+0000] {logging_mixin.py:190} INFO - [2026-03-09T11:36:17.834+0000] {dagbag.py:588} INFO - Filling up the DagBag from /opt/airflow/dags/02_travel_gmaps_ingestion.py
[2026-03-09T11:36:17.858+0000] {processor.py:925} INFO - DAG(s) '02_travel_gmaps_ingestion' retrieved from /opt/airflow/dags/02_travel_gmaps_ingestion.py
[2026-03-09T11:36:17.893+0000] {logging_mixin.py:190} INFO - [2026-03-09T11:36:17.893+0000] {dag.py:3239} INFO - Sync 1 DAGs
[2026-03-09T11:36:17.924+0000] {logging_mixin.py:190} INFO - [2026-03-09T11:36:17.924+0000] {dag.py:4180} INFO - Setting next_dagrun for 02_travel_gmaps_ingestion to 2026-03-08 14:00:00+00:00, run_after=2026-03-09 08:00:00+00:00
[2026-03-09T11:36:17.951+0000] {processor.py:208} INFO - Processing /opt/airflow/dags/02_travel_gmaps_ingestion.py took 0.128 seconds
[2026-03-09T11:36:48.517+0000] {processor.py:186} INFO - Started process (PID=13328) to work on /opt/airflow/dags/02_travel_gmaps_ingestion.py
[2026-03-09T11:36:48.518+0000] {processor.py:914} INFO - Processing file /opt/airflow/dags/02_travel_gmaps_ingestion.py for tasks to queue
[2026-03-09T11:36:48.521+0000] {logging_mixin.py:190} INFO - [2026-03-09T11:36:48.521+0000] {dagbag.py:588} INFO - Filling up the DagBag from /opt/airflow/dags/02_travel_gmaps_ingestion.py
[2026-03-09T11:36:48.551+0000] {processor.py:925} INFO - DAG(s) '02_travel_gmaps_ingestion' retrieved from /opt/airflow/dags/02_travel_gmaps_ingestion.py
[2026-03-09T11:36:48.589+0000] {logging_mixin.py:190} INFO - [2026-03-09T11:36:48.589+0000] {dag.py:3239} INFO - Sync 1 DAGs
[2026-03-09T11:36:48.627+0000] {logging_mixin.py:190} INFO - [2026-03-09T11:36:48.626+0000] {dag.py:4180} INFO - Setting next_dagrun for 02_travel_gmaps_ingestion to 2026-03-08 14:00:00+00:00, run_after=2026-03-09 08:00:00+00:00
[2026-03-09T11:36:48.657+0000] {processor.py:208} INFO - Processing /opt/airflow/dags/02_travel_gmaps_ingestion.py took 0.148 seconds
[2026-03-09T11:37:19.243+0000] {processor.py:186} INFO - Started process (PID=13348) to work on /opt/airflow/dags/02_travel_gmaps_ingestion.py
[2026-03-09T11:37:19.245+0000] {processor.py:914} INFO - Processing file /opt/airflow/dags/02_travel_gmaps_ingestion.py for tasks to queue
[2026-03-09T11:37:19.248+0000] {logging_mixin.py:190} INFO - [2026-03-09T11:37:19.248+0000] {dagbag.py:588} INFO - Filling up the DagBag from /opt/airflow/dags/02_travel_gmaps_ingestion.py
[2026-03-09T11:37:19.271+0000] {processor.py:925} INFO - DAG(s) '02_travel_gmaps_ingestion' retrieved from /opt/airflow/dags/02_travel_gmaps_ingestion.py
[2026-03-09T11:37:19.309+0000] {logging_mixin.py:190} INFO - [2026-03-09T11:37:19.309+0000] {dag.py:3239} INFO - Sync 1 DAGs
[2026-03-09T11:37:19.337+0000] {logging_mixin.py:190} INFO - [2026-03-09T11:37:19.336+0000] {dag.py:4180} INFO - Setting next_dagrun for 02_travel_gmaps_ingestion to 2026-03-08 14:00:00+00:00, run_after=2026-03-09 08:00:00+00:00
[2026-03-09T11:37:19.367+0000] {processor.py:208} INFO - Processing /opt/airflow/dags/02_travel_gmaps_ingestion.py took 0.132 seconds
[2026-03-09T11:37:49.974+0000] {processor.py:186} INFO - Started process (PID=13368) to work on /opt/airflow/dags/02_travel_gmaps_ingestion.py
[2026-03-09T11:37:49.976+0000] {processor.py:914} INFO - Processing file /opt/airflow/dags/02_travel_gmaps_ingestion.py for tasks to queue
[2026-03-09T11:37:49.979+0000] {logging_mixin.py:190} INFO - [2026-03-09T11:37:49.979+0000] {dagbag.py:588} INFO - Filling up the DagBag from /opt/airflow/dags/02_travel_gmaps_ingestion.py
[2026-03-09T11:37:50.002+0000] {processor.py:925} INFO - DAG(s) '02_travel_gmaps_ingestion' retrieved from /opt/airflow/dags/02_travel_gmaps_ingestion.py
[2026-03-09T11:37:50.037+0000] {logging_mixin.py:190} INFO - [2026-03-09T11:37:50.037+0000] {dag.py:3239} INFO - Sync 1 DAGs
[2026-03-09T11:37:50.067+0000] {logging_mixin.py:190} INFO - [2026-03-09T11:37:50.066+0000] {dag.py:4180} INFO - Setting next_dagrun for 02_travel_gmaps_ingestion to 2026-03-08 14:00:00+00:00, run_after=2026-03-09 08:00:00+00:00
[2026-03-09T11:37:50.097+0000] {processor.py:208} INFO - Processing /opt/airflow/dags/02_travel_gmaps_ingestion.py took 0.131 seconds
[2026-03-09T11:38:20.866+0000] {processor.py:186} INFO - Started process (PID=13388) to work on /opt/airflow/dags/02_travel_gmaps_ingestion.py
[2026-03-09T11:38:20.868+0000] {processor.py:914} INFO - Processing file /opt/airflow/dags/02_travel_gmaps_ingestion.py for tasks to queue
[2026-03-09T11:38:20.872+0000] {logging_mixin.py:190} INFO - [2026-03-09T11:38:20.871+0000] {dagbag.py:588} INFO - Filling up the DagBag from /opt/airflow/dags/02_travel_gmaps_ingestion.py
[2026-03-09T11:38:20.898+0000] {processor.py:925} INFO - DAG(s) '02_travel_gmaps_ingestion' retrieved from /opt/airflow/dags/02_travel_gmaps_ingestion.py
[2026-03-09T11:38:20.928+0000] {logging_mixin.py:190} INFO - [2026-03-09T11:38:20.928+0000] {dag.py:3239} INFO - Sync 1 DAGs
[2026-03-09T11:38:20.956+0000] {logging_mixin.py:190} INFO - [2026-03-09T11:38:20.955+0000] {dag.py:4180} INFO - Setting next_dagrun for 02_travel_gmaps_ingestion to 2026-03-08 14:00:00+00:00, run_after=2026-03-09 08:00:00+00:00
[2026-03-09T11:38:20.987+0000] {processor.py:208} INFO - Processing /opt/airflow/dags/02_travel_gmaps_ingestion.py took 0.129 seconds
[2026-03-09T11:38:51.614+0000] {processor.py:186} INFO - Started process (PID=13408) to work on /opt/airflow/dags/02_travel_gmaps_ingestion.py
[2026-03-09T11:38:51.615+0000] {processor.py:914} INFO - Processing file /opt/airflow/dags/02_travel_gmaps_ingestion.py for tasks to queue
[2026-03-09T11:38:51.618+0000] {logging_mixin.py:190} INFO - [2026-03-09T11:38:51.618+0000] {dagbag.py:588} INFO - Filling up the DagBag from /opt/airflow/dags/02_travel_gmaps_ingestion.py
[2026-03-09T11:38:51.650+0000] {processor.py:925} INFO - DAG(s) '02_travel_gmaps_ingestion' retrieved from /opt/airflow/dags/02_travel_gmaps_ingestion.py
[2026-03-09T11:38:51.685+0000] {logging_mixin.py:190} INFO - [2026-03-09T11:38:51.685+0000] {dag.py:3239} INFO - Sync 1 DAGs
[2026-03-09T11:38:51.713+0000] {logging_mixin.py:190} INFO - [2026-03-09T11:38:51.713+0000] {dag.py:4180} INFO - Setting next_dagrun for 02_travel_gmaps_ingestion to 2026-03-08 14:00:00+00:00, run_after=2026-03-09 08:00:00+00:00
[2026-03-09T11:38:51.745+0000] {processor.py:208} INFO - Processing /opt/airflow/dags/02_travel_gmaps_ingestion.py took 0.143 seconds
[2026-03-09T11:39:22.512+0000] {processor.py:186} INFO - Started process (PID=13428) to work on /opt/airflow/dags/02_travel_gmaps_ingestion.py
[2026-03-09T11:39:22.514+0000] {processor.py:914} INFO - Processing file /opt/airflow/dags/02_travel_gmaps_ingestion.py for tasks to queue
[2026-03-09T11:39:22.517+0000] {logging_mixin.py:190} INFO - [2026-03-09T11:39:22.517+0000] {dagbag.py:588} INFO - Filling up the DagBag from /opt/airflow/dags/02_travel_gmaps_ingestion.py
[2026-03-09T11:39:22.543+0000] {processor.py:925} INFO - DAG(s) '02_travel_gmaps_ingestion' retrieved from /opt/airflow/dags/02_travel_gmaps_ingestion.py
[2026-03-09T11:39:22.573+0000] {logging_mixin.py:190} INFO - [2026-03-09T11:39:22.573+0000] {dag.py:3239} INFO - Sync 1 DAGs
[2026-03-09T11:39:22.601+0000] {logging_mixin.py:190} INFO - [2026-03-09T11:39:22.600+0000] {dag.py:4180} INFO - Setting next_dagrun for 02_travel_gmaps_ingestion to 2026-03-08 14:00:00+00:00, run_after=2026-03-09 08:00:00+00:00
[2026-03-09T11:39:22.638+0000] {processor.py:208} INFO - Processing /opt/airflow/dags/02_travel_gmaps_ingestion.py took 0.134 seconds
[2026-03-09T11:39:53.283+0000] {processor.py:186} INFO - Started process (PID=13448) to work on /opt/airflow/dags/02_travel_gmaps_ingestion.py
[2026-03-09T11:39:53.285+0000] {processor.py:914} INFO - Processing file /opt/airflow/dags/02_travel_gmaps_ingestion.py for tasks to queue
[2026-03-09T11:39:53.289+0000] {logging_mixin.py:190} INFO - [2026-03-09T11:39:53.288+0000] {dagbag.py:588} INFO - Filling up the DagBag from /opt/airflow/dags/02_travel_gmaps_ingestion.py
[2026-03-09T11:39:53.312+0000] {processor.py:925} INFO - DAG(s) '02_travel_gmaps_ingestion' retrieved from /opt/airflow/dags/02_travel_gmaps_ingestion.py
[2026-03-09T11:39:53.353+0000] {logging_mixin.py:190} INFO - [2026-03-09T11:39:53.353+0000] {dag.py:3239} INFO - Sync 1 DAGs
[2026-03-09T11:39:53.389+0000] {logging_mixin.py:190} INFO - [2026-03-09T11:39:53.389+0000] {dag.py:4180} INFO - Setting next_dagrun for 02_travel_gmaps_ingestion to 2026-03-08 14:00:00+00:00, run_after=2026-03-09 08:00:00+00:00
[2026-03-09T11:39:53.412+0000] {processor.py:208} INFO - Processing /opt/airflow/dags/02_travel_gmaps_ingestion.py took 0.137 seconds
[2026-03-09T11:40:24.133+0000] {processor.py:186} INFO - Started process (PID=13468) to work on /opt/airflow/dags/02_travel_gmaps_ingestion.py
[2026-03-09T11:40:24.134+0000] {processor.py:914} INFO - Processing file /opt/airflow/dags/02_travel_gmaps_ingestion.py for tasks to queue
[2026-03-09T11:40:24.137+0000] {logging_mixin.py:190} INFO - [2026-03-09T11:40:24.137+0000] {dagbag.py:588} INFO - Filling up the DagBag from /opt/airflow/dags/02_travel_gmaps_ingestion.py
[2026-03-09T11:40:24.161+0000] {processor.py:925} INFO - DAG(s) '02_travel_gmaps_ingestion' retrieved from /opt/airflow/dags/02_travel_gmaps_ingestion.py
[2026-03-09T11:40:24.195+0000] {logging_mixin.py:190} INFO - [2026-03-09T11:40:24.195+0000] {dag.py:3239} INFO - Sync 1 DAGs
[2026-03-09T11:40:24.221+0000] {logging_mixin.py:190} INFO - [2026-03-09T11:40:24.221+0000] {dag.py:4180} INFO - Setting next_dagrun for 02_travel_gmaps_ingestion to 2026-03-08 14:00:00+00:00, run_after=2026-03-09 08:00:00+00:00
[2026-03-09T11:40:24.250+0000] {processor.py:208} INFO - Processing /opt/airflow/dags/02_travel_gmaps_ingestion.py took 0.124 seconds
[2026-03-09T11:40:54.882+0000] {processor.py:186} INFO - Started process (PID=13488) to work on /opt/airflow/dags/02_travel_gmaps_ingestion.py
[2026-03-09T11:40:54.883+0000] {processor.py:914} INFO - Processing file /opt/airflow/dags/02_travel_gmaps_ingestion.py for tasks to queue
[2026-03-09T11:40:54.886+0000] {logging_mixin.py:190} INFO - [2026-03-09T11:40:54.886+0000] {dagbag.py:588} INFO - Filling up the DagBag from /opt/airflow/dags/02_travel_gmaps_ingestion.py
[2026-03-09T11:40:54.904+0000] {processor.py:925} INFO - DAG(s) '02_travel_gmaps_ingestion' retrieved from /opt/airflow/dags/02_travel_gmaps_ingestion.py
[2026-03-09T11:40:54.934+0000] {logging_mixin.py:190} INFO - [2026-03-09T11:40:54.934+0000] {dag.py:3239} INFO - Sync 1 DAGs
[2026-03-09T11:40:54.961+0000] {logging_mixin.py:190} INFO - [2026-03-09T11:40:54.961+0000] {dag.py:4180} INFO - Setting next_dagrun for 02_travel_gmaps_ingestion to 2026-03-08 14:00:00+00:00, run_after=2026-03-09 08:00:00+00:00
[2026-03-09T11:40:54.991+0000] {processor.py:208} INFO - Processing /opt/airflow/dags/02_travel_gmaps_ingestion.py took 0.120 seconds
[2026-03-09T11:41:25.730+0000] {processor.py:186} INFO - Started process (PID=13508) to work on /opt/airflow/dags/02_travel_gmaps_ingestion.py
[2026-03-09T11:41:25.731+0000] {processor.py:914} INFO - Processing file /opt/airflow/dags/02_travel_gmaps_ingestion.py for tasks to queue
[2026-03-09T11:41:25.735+0000] {logging_mixin.py:190} INFO - [2026-03-09T11:41:25.735+0000] {dagbag.py:588} INFO - Filling up the DagBag from /opt/airflow/dags/02_travel_gmaps_ingestion.py
[2026-03-09T11:41:25.761+0000] {processor.py:925} INFO - DAG(s) '02_travel_gmaps_ingestion' retrieved from /opt/airflow/dags/02_travel_gmaps_ingestion.py
[2026-03-09T11:41:25.810+0000] {logging_mixin.py:190} INFO - [2026-03-09T11:41:25.809+0000] {dag.py:3239} INFO - Sync 1 DAGs
[2026-03-09T11:41:25.844+0000] {logging_mixin.py:190} INFO - [2026-03-09T11:41:25.843+0000] {dag.py:4180} INFO - Setting next_dagrun for 02_travel_gmaps_ingestion to 2026-03-08 14:00:00+00:00, run_after=2026-03-09 08:00:00+00:00
[2026-03-09T11:41:25.871+0000] {processor.py:208} INFO - Processing /opt/airflow/dags/02_travel_gmaps_ingestion.py took 0.149 seconds
[2026-03-09T11:41:56.476+0000] {processor.py:186} INFO - Started process (PID=13528) to work on /opt/airflow/dags/02_travel_gmaps_ingestion.py
[2026-03-09T11:41:56.478+0000] {processor.py:914} INFO - Processing file /opt/airflow/dags/02_travel_gmaps_ingestion.py for tasks to queue
[2026-03-09T11:41:56.482+0000] {logging_mixin.py:190} INFO - [2026-03-09T11:41:56.481+0000] {dagbag.py:588} INFO - Filling up the DagBag from /opt/airflow/dags/02_travel_gmaps_ingestion.py
[2026-03-09T11:41:56.504+0000] {processor.py:925} INFO - DAG(s) '02_travel_gmaps_ingestion' retrieved from /opt/airflow/dags/02_travel_gmaps_ingestion.py
[2026-03-09T11:41:56.543+0000] {logging_mixin.py:190} INFO - [2026-03-09T11:41:56.543+0000] {dag.py:3239} INFO - Sync 1 DAGs
[2026-03-09T11:41:56.582+0000] {logging_mixin.py:190} INFO - [2026-03-09T11:41:56.582+0000] {dag.py:4180} INFO - Setting next_dagrun for 02_travel_gmaps_ingestion to 2026-03-08 14:00:00+00:00, run_after=2026-03-09 08:00:00+00:00
[2026-03-09T11:41:56.613+0000] {processor.py:208} INFO - Processing /opt/airflow/dags/02_travel_gmaps_ingestion.py took 0.146 seconds
[2026-03-09T11:42:27.368+0000] {processor.py:186} INFO - Started process (PID=13548) to work on /opt/airflow/dags/02_travel_gmaps_ingestion.py
[2026-03-09T11:42:27.370+0000] {processor.py:914} INFO - Processing file /opt/airflow/dags/02_travel_gmaps_ingestion.py for tasks to queue
[2026-03-09T11:42:27.374+0000] {logging_mixin.py:190} INFO - [2026-03-09T11:42:27.374+0000] {dagbag.py:588} INFO - Filling up the DagBag from /opt/airflow/dags/02_travel_gmaps_ingestion.py
[2026-03-09T11:42:27.399+0000] {processor.py:925} INFO - DAG(s) '02_travel_gmaps_ingestion' retrieved from /opt/airflow/dags/02_travel_gmaps_ingestion.py
[2026-03-09T11:42:27.445+0000] {logging_mixin.py:190} INFO - [2026-03-09T11:42:27.444+0000] {dag.py:3239} INFO - Sync 1 DAGs
[2026-03-09T11:42:27.483+0000] {logging_mixin.py:190} INFO - [2026-03-09T11:42:27.483+0000] {dag.py:4180} INFO - Setting next_dagrun for 02_travel_gmaps_ingestion to 2026-03-08 14:00:00+00:00, run_after=2026-03-09 08:00:00+00:00
[2026-03-09T11:42:27.514+0000] {processor.py:208} INFO - Processing /opt/airflow/dags/02_travel_gmaps_ingestion.py took 0.153 seconds
[2026-03-09T11:42:58.326+0000] {processor.py:186} INFO - Started process (PID=13568) to work on /opt/airflow/dags/02_travel_gmaps_ingestion.py
[2026-03-09T11:42:58.327+0000] {processor.py:914} INFO - Processing file /opt/airflow/dags/02_travel_gmaps_ingestion.py for tasks to queue
[2026-03-09T11:42:58.331+0000] {logging_mixin.py:190} INFO - [2026-03-09T11:42:58.330+0000] {dagbag.py:588} INFO - Filling up the DagBag from /opt/airflow/dags/02_travel_gmaps_ingestion.py
[2026-03-09T11:42:58.350+0000] {processor.py:925} INFO - DAG(s) '02_travel_gmaps_ingestion' retrieved from /opt/airflow/dags/02_travel_gmaps_ingestion.py
[2026-03-09T11:42:58.383+0000] {logging_mixin.py:190} INFO - [2026-03-09T11:42:58.383+0000] {dag.py:3239} INFO - Sync 1 DAGs
[2026-03-09T11:42:58.411+0000] {logging_mixin.py:190} INFO - [2026-03-09T11:42:58.410+0000] {dag.py:4180} INFO - Setting next_dagrun for 02_travel_gmaps_ingestion to 2026-03-08 14:00:00+00:00, run_after=2026-03-09 08:00:00+00:00
[2026-03-09T11:42:58.441+0000] {processor.py:208} INFO - Processing /opt/airflow/dags/02_travel_gmaps_ingestion.py took 0.123 seconds
[2026-03-09T11:43:29.131+0000] {processor.py:186} INFO - Started process (PID=13588) to work on /opt/airflow/dags/02_travel_gmaps_ingestion.py
[2026-03-09T11:43:29.133+0000] {processor.py:914} INFO - Processing file /opt/airflow/dags/02_travel_gmaps_ingestion.py for tasks to queue
[2026-03-09T11:43:29.137+0000] {logging_mixin.py:190} INFO - [2026-03-09T11:43:29.137+0000] {dagbag.py:588} INFO - Filling up the DagBag from /opt/airflow/dags/02_travel_gmaps_ingestion.py
[2026-03-09T11:43:29.171+0000] {processor.py:925} INFO - DAG(s) '02_travel_gmaps_ingestion' retrieved from /opt/airflow/dags/02_travel_gmaps_ingestion.py
[2026-03-09T11:43:29.209+0000] {logging_mixin.py:190} INFO - [2026-03-09T11:43:29.209+0000] {dag.py:3239} INFO - Sync 1 DAGs
[2026-03-09T11:43:29.239+0000] {logging_mixin.py:190} INFO - [2026-03-09T11:43:29.239+0000] {dag.py:4180} INFO - Setting next_dagrun for 02_travel_gmaps_ingestion to 2026-03-08 14:00:00+00:00, run_after=2026-03-09 08:00:00+00:00
[2026-03-09T11:43:29.269+0000] {processor.py:208} INFO - Processing /opt/airflow/dags/02_travel_gmaps_ingestion.py took 0.145 seconds
[2026-03-09T11:43:59.861+0000] {processor.py:186} INFO - Started process (PID=13608) to work on /opt/airflow/dags/02_travel_gmaps_ingestion.py
[2026-03-09T11:43:59.863+0000] {processor.py:914} INFO - Processing file /opt/airflow/dags/02_travel_gmaps_ingestion.py for tasks to queue
[2026-03-09T11:43:59.867+0000] {logging_mixin.py:190} INFO - [2026-03-09T11:43:59.866+0000] {dagbag.py:588} INFO - Filling up the DagBag from /opt/airflow/dags/02_travel_gmaps_ingestion.py
[2026-03-09T11:43:59.894+0000] {processor.py:925} INFO - DAG(s) '02_travel_gmaps_ingestion' retrieved from /opt/airflow/dags/02_travel_gmaps_ingestion.py
[2026-03-09T11:43:59.945+0000] {logging_mixin.py:190} INFO - [2026-03-09T11:43:59.944+0000] {dag.py:3239} INFO - Sync 1 DAGs
[2026-03-09T11:43:59.979+0000] {logging_mixin.py:190} INFO - [2026-03-09T11:43:59.979+0000] {dag.py:4180} INFO - Setting next_dagrun for 02_travel_gmaps_ingestion to 2026-03-08 14:00:00+00:00, run_after=2026-03-09 08:00:00+00:00
[2026-03-09T11:44:00.012+0000] {processor.py:208} INFO - Processing /opt/airflow/dags/02_travel_gmaps_ingestion.py took 0.162 seconds
[2026-03-09T11:44:30.696+0000] {processor.py:186} INFO - Started process (PID=13628) to work on /opt/airflow/dags/02_travel_gmaps_ingestion.py
[2026-03-09T11:44:30.698+0000] {processor.py:914} INFO - Processing file /opt/airflow/dags/02_travel_gmaps_ingestion.py for tasks to queue
[2026-03-09T11:44:30.703+0000] {logging_mixin.py:190} INFO - [2026-03-09T11:44:30.702+0000] {dagbag.py:588} INFO - Filling up the DagBag from /opt/airflow/dags/02_travel_gmaps_ingestion.py
[2026-03-09T11:44:30.740+0000] {processor.py:925} INFO - DAG(s) '02_travel_gmaps_ingestion' retrieved from /opt/airflow/dags/02_travel_gmaps_ingestion.py
[2026-03-09T11:44:30.794+0000] {logging_mixin.py:190} INFO - [2026-03-09T11:44:30.794+0000] {dag.py:3239} INFO - Sync 1 DAGs
[2026-03-09T11:44:30.836+0000] {logging_mixin.py:190} INFO - [2026-03-09T11:44:30.835+0000] {dag.py:4180} INFO - Setting next_dagrun for 02_travel_gmaps_ingestion to 2026-03-08 14:00:00+00:00, run_after=2026-03-09 08:00:00+00:00
[2026-03-09T11:44:30.865+0000] {processor.py:208} INFO - Processing /opt/airflow/dags/02_travel_gmaps_ingestion.py took 0.182 seconds
[2026-03-09T11:45:01.043+0000] {processor.py:186} INFO - Started process (PID=13648) to work on /opt/airflow/dags/02_travel_gmaps_ingestion.py
[2026-03-09T11:45:01.045+0000] {processor.py:914} INFO - Processing file /opt/airflow/dags/02_travel_gmaps_ingestion.py for tasks to queue
[2026-03-09T11:45:01.049+0000] {logging_mixin.py:190} INFO - [2026-03-09T11:45:01.049+0000] {dagbag.py:588} INFO - Filling up the DagBag from /opt/airflow/dags/02_travel_gmaps_ingestion.py
[2026-03-09T11:45:01.075+0000] {processor.py:925} INFO - DAG(s) '02_travel_gmaps_ingestion' retrieved from /opt/airflow/dags/02_travel_gmaps_ingestion.py
[2026-03-09T11:45:01.110+0000] {logging_mixin.py:190} INFO - [2026-03-09T11:45:01.110+0000] {dag.py:3239} INFO - Sync 1 DAGs
[2026-03-09T11:45:01.136+0000] {logging_mixin.py:190} INFO - [2026-03-09T11:45:01.135+0000] {dag.py:4180} INFO - Setting next_dagrun for 02_travel_gmaps_ingestion to 2026-03-08 14:00:00+00:00, run_after=2026-03-09 08:00:00+00:00
[2026-03-09T11:45:01.163+0000] {processor.py:208} INFO - Processing /opt/airflow/dags/02_travel_gmaps_ingestion.py took 0.128 seconds
[2026-03-09T11:45:32.110+0000] {processor.py:186} INFO - Started process (PID=13668) to work on /opt/airflow/dags/02_travel_gmaps_ingestion.py
[2026-03-09T11:45:32.147+0000] {processor.py:914} INFO - Processing file /opt/airflow/dags/02_travel_gmaps_ingestion.py for tasks to queue
[2026-03-09T11:45:32.160+0000] {logging_mixin.py:190} INFO - [2026-03-09T11:45:32.159+0000] {dagbag.py:588} INFO - Filling up the DagBag from /opt/airflow/dags/02_travel_gmaps_ingestion.py
[2026-03-09T11:45:32.309+0000] {processor.py:925} INFO - DAG(s) '02_travel_gmaps_ingestion' retrieved from /opt/airflow/dags/02_travel_gmaps_ingestion.py
[2026-03-09T11:45:32.515+0000] {logging_mixin.py:190} INFO - [2026-03-09T11:45:32.514+0000] {dag.py:3239} INFO - Sync 1 DAGs
[2026-03-09T11:45:32.629+0000] {logging_mixin.py:190} INFO - [2026-03-09T11:45:32.628+0000] {dag.py:4180} INFO - Setting next_dagrun for 02_travel_gmaps_ingestion to 2026-03-08 14:00:00+00:00, run_after=2026-03-09 08:00:00+00:00
[2026-03-09T11:45:32.684+0000] {processor.py:208} INFO - Processing /opt/airflow/dags/02_travel_gmaps_ingestion.py took 0.742 seconds
[2026-03-09T11:46:03.173+0000] {processor.py:186} INFO - Started process (PID=13688) to work on /opt/airflow/dags/02_travel_gmaps_ingestion.py
[2026-03-09T11:46:03.178+0000] {processor.py:914} INFO - Processing file /opt/airflow/dags/02_travel_gmaps_ingestion.py for tasks to queue
[2026-03-09T11:46:03.186+0000] {logging_mixin.py:190} INFO - [2026-03-09T11:46:03.183+0000] {dagbag.py:588} INFO - Filling up the DagBag from /opt/airflow/dags/02_travel_gmaps_ingestion.py
[2026-03-09T11:46:03.259+0000] {processor.py:925} INFO - DAG(s) '02_travel_gmaps_ingestion' retrieved from /opt/airflow/dags/02_travel_gmaps_ingestion.py
[2026-03-09T11:46:03.443+0000] {logging_mixin.py:190} INFO - [2026-03-09T11:46:03.442+0000] {dag.py:3239} INFO - Sync 1 DAGs
[2026-03-09T11:46:03.502+0000] {logging_mixin.py:190} INFO - [2026-03-09T11:46:03.501+0000] {dag.py:4180} INFO - Setting next_dagrun for 02_travel_gmaps_ingestion to 2026-03-08 14:00:00+00:00, run_after=2026-03-09 08:00:00+00:00
[2026-03-09T11:46:03.554+0000] {processor.py:208} INFO - Processing /opt/airflow/dags/02_travel_gmaps_ingestion.py took 0.398 seconds
[2026-03-09T11:46:34.507+0000] {processor.py:186} INFO - Started process (PID=13708) to work on /opt/airflow/dags/02_travel_gmaps_ingestion.py
[2026-03-09T11:46:34.508+0000] {processor.py:914} INFO - Processing file /opt/airflow/dags/02_travel_gmaps_ingestion.py for tasks to queue
[2026-03-09T11:46:34.513+0000] {logging_mixin.py:190} INFO - [2026-03-09T11:46:34.511+0000] {dagbag.py:588} INFO - Filling up the DagBag from /opt/airflow/dags/02_travel_gmaps_ingestion.py
[2026-03-09T11:46:34.556+0000] {processor.py:925} INFO - DAG(s) '02_travel_gmaps_ingestion' retrieved from /opt/airflow/dags/02_travel_gmaps_ingestion.py
[2026-03-09T11:46:34.636+0000] {logging_mixin.py:190} INFO - [2026-03-09T11:46:34.636+0000] {dag.py:3239} INFO - Sync 1 DAGs
[2026-03-09T11:46:34.670+0000] {logging_mixin.py:190} INFO - [2026-03-09T11:46:34.670+0000] {dag.py:4180} INFO - Setting next_dagrun for 02_travel_gmaps_ingestion to 2026-03-08 14:00:00+00:00, run_after=2026-03-09 08:00:00+00:00
[2026-03-09T11:46:34.701+0000] {processor.py:208} INFO - Processing /opt/airflow/dags/02_travel_gmaps_ingestion.py took 0.210 seconds
[2026-03-09T11:47:05.574+0000] {processor.py:186} INFO - Started process (PID=13728) to work on /opt/airflow/dags/02_travel_gmaps_ingestion.py
[2026-03-09T11:47:05.576+0000] {processor.py:914} INFO - Processing file /opt/airflow/dags/02_travel_gmaps_ingestion.py for tasks to queue
[2026-03-09T11:47:05.579+0000] {logging_mixin.py:190} INFO - [2026-03-09T11:47:05.579+0000] {dagbag.py:588} INFO - Filling up the DagBag from /opt/airflow/dags/02_travel_gmaps_ingestion.py
[2026-03-09T11:47:05.600+0000] {processor.py:925} INFO - DAG(s) '02_travel_gmaps_ingestion' retrieved from /opt/airflow/dags/02_travel_gmaps_ingestion.py
[2026-03-09T11:47:05.629+0000] {logging_mixin.py:190} INFO - [2026-03-09T11:47:05.629+0000] {dag.py:3239} INFO - Sync 1 DAGs
[2026-03-09T11:47:05.657+0000] {logging_mixin.py:190} INFO - [2026-03-09T11:47:05.657+0000] {dag.py:4180} INFO - Setting next_dagrun for 02_travel_gmaps_ingestion to 2026-03-08 14:00:00+00:00, run_after=2026-03-09 08:00:00+00:00
[2026-03-09T11:47:05.699+0000] {processor.py:208} INFO - Processing /opt/airflow/dags/02_travel_gmaps_ingestion.py took 0.132 seconds
[2026-03-09T11:47:36.625+0000] {processor.py:186} INFO - Started process (PID=13748) to work on /opt/airflow/dags/02_travel_gmaps_ingestion.py
[2026-03-09T11:47:36.627+0000] {processor.py:914} INFO - Processing file /opt/airflow/dags/02_travel_gmaps_ingestion.py for tasks to queue
[2026-03-09T11:47:36.631+0000] {logging_mixin.py:190} INFO - [2026-03-09T11:47:36.630+0000] {dagbag.py:588} INFO - Filling up the DagBag from /opt/airflow/dags/02_travel_gmaps_ingestion.py
[2026-03-09T11:47:36.656+0000] {processor.py:925} INFO - DAG(s) '02_travel_gmaps_ingestion' retrieved from /opt/airflow/dags/02_travel_gmaps_ingestion.py
[2026-03-09T11:47:36.689+0000] {logging_mixin.py:190} INFO - [2026-03-09T11:47:36.689+0000] {dag.py:3239} INFO - Sync 1 DAGs
[2026-03-09T11:47:36.718+0000] {logging_mixin.py:190} INFO - [2026-03-09T11:47:36.718+0000] {dag.py:4180} INFO - Setting next_dagrun for 02_travel_gmaps_ingestion to 2026-03-08 14:00:00+00:00, run_after=2026-03-09 08:00:00+00:00
[2026-03-09T11:47:36.763+0000] {processor.py:208} INFO - Processing /opt/airflow/dags/02_travel_gmaps_ingestion.py took 0.181 seconds
[2026-03-09T11:48:06.937+0000] {processor.py:186} INFO - Started process (PID=13768) to work on /opt/airflow/dags/02_travel_gmaps_ingestion.py
[2026-03-09T11:48:06.938+0000] {processor.py:914} INFO - Processing file /opt/airflow/dags/02_travel_gmaps_ingestion.py for tasks to queue
[2026-03-09T11:48:06.942+0000] {logging_mixin.py:190} INFO - [2026-03-09T11:48:06.941+0000] {dagbag.py:588} INFO - Filling up the DagBag from /opt/airflow/dags/02_travel_gmaps_ingestion.py
[2026-03-09T11:48:06.966+0000] {processor.py:925} INFO - DAG(s) '02_travel_gmaps_ingestion' retrieved from /opt/airflow/dags/02_travel_gmaps_ingestion.py
[2026-03-09T11:48:06.999+0000] {logging_mixin.py:190} INFO - [2026-03-09T11:48:06.999+0000] {dag.py:3239} INFO - Sync 1 DAGs
[2026-03-09T11:48:07.029+0000] {logging_mixin.py:190} INFO - [2026-03-09T11:48:07.029+0000] {dag.py:4180} INFO - Setting next_dagrun for 02_travel_gmaps_ingestion to 2026-03-08 14:00:00+00:00, run_after=2026-03-09 08:00:00+00:00
[2026-03-09T11:48:07.058+0000] {processor.py:208} INFO - Processing /opt/airflow/dags/02_travel_gmaps_ingestion.py took 0.128 seconds
[2026-03-09T11:48:37.846+0000] {processor.py:186} INFO - Started process (PID=13788) to work on /opt/airflow/dags/02_travel_gmaps_ingestion.py
[2026-03-09T11:48:37.847+0000] {processor.py:914} INFO - Processing file /opt/airflow/dags/02_travel_gmaps_ingestion.py for tasks to queue
[2026-03-09T11:48:37.850+0000] {logging_mixin.py:190} INFO - [2026-03-09T11:48:37.850+0000] {dagbag.py:588} INFO - Filling up the DagBag from /opt/airflow/dags/02_travel_gmaps_ingestion.py
[2026-03-09T11:48:37.873+0000] {processor.py:925} INFO - DAG(s) '02_travel_gmaps_ingestion' retrieved from /opt/airflow/dags/02_travel_gmaps_ingestion.py
[2026-03-09T11:48:37.904+0000] {logging_mixin.py:190} INFO - [2026-03-09T11:48:37.904+0000] {dag.py:3239} INFO - Sync 1 DAGs
[2026-03-09T11:48:37.943+0000] {logging_mixin.py:190} INFO - [2026-03-09T11:48:37.942+0000] {dag.py:4180} INFO - Setting next_dagrun for 02_travel_gmaps_ingestion to 2026-03-08 14:00:00+00:00, run_after=2026-03-09 08:00:00+00:00
[2026-03-09T11:48:37.976+0000] {processor.py:208} INFO - Processing /opt/airflow/dags/02_travel_gmaps_ingestion.py took 0.138 seconds
[2026-03-09T11:49:08.796+0000] {processor.py:186} INFO - Started process (PID=13808) to work on /opt/airflow/dags/02_travel_gmaps_ingestion.py
[2026-03-09T11:49:08.798+0000] {processor.py:914} INFO - Processing file /opt/airflow/dags/02_travel_gmaps_ingestion.py for tasks to queue
[2026-03-09T11:49:08.805+0000] {logging_mixin.py:190} INFO - [2026-03-09T11:49:08.805+0000] {dagbag.py:588} INFO - Filling up the DagBag from /opt/airflow/dags/02_travel_gmaps_ingestion.py
[2026-03-09T11:49:08.835+0000] {processor.py:925} INFO - DAG(s) '02_travel_gmaps_ingestion' retrieved from /opt/airflow/dags/02_travel_gmaps_ingestion.py
[2026-03-09T11:49:08.869+0000] {logging_mixin.py:190} INFO - [2026-03-09T11:49:08.868+0000] {dag.py:3239} INFO - Sync 1 DAGs
[2026-03-09T11:49:08.892+0000] {logging_mixin.py:190} INFO - [2026-03-09T11:49:08.892+0000] {dag.py:4180} INFO - Setting next_dagrun for 02_travel_gmaps_ingestion to 2026-03-08 14:00:00+00:00, run_after=2026-03-09 08:00:00+00:00
[2026-03-09T11:49:08.916+0000] {processor.py:208} INFO - Processing /opt/airflow/dags/02_travel_gmaps_ingestion.py took 0.134 seconds
[2026-03-09T11:49:39.459+0000] {processor.py:186} INFO - Started process (PID=13828) to work on /opt/airflow/dags/02_travel_gmaps_ingestion.py
[2026-03-09T11:49:39.461+0000] {processor.py:914} INFO - Processing file /opt/airflow/dags/02_travel_gmaps_ingestion.py for tasks to queue
[2026-03-09T11:49:39.464+0000] {logging_mixin.py:190} INFO - [2026-03-09T11:49:39.464+0000] {dagbag.py:588} INFO - Filling up the DagBag from /opt/airflow/dags/02_travel_gmaps_ingestion.py
[2026-03-09T11:49:39.487+0000] {processor.py:925} INFO - DAG(s) '02_travel_gmaps_ingestion' retrieved from /opt/airflow/dags/02_travel_gmaps_ingestion.py
[2026-03-09T11:49:39.516+0000] {logging_mixin.py:190} INFO - [2026-03-09T11:49:39.516+0000] {dag.py:3239} INFO - Sync 1 DAGs
[2026-03-09T11:49:39.542+0000] {logging_mixin.py:190} INFO - [2026-03-09T11:49:39.542+0000] {dag.py:4180} INFO - Setting next_dagrun for 02_travel_gmaps_ingestion to 2026-03-08 14:00:00+00:00, run_after=2026-03-09 08:00:00+00:00
[2026-03-09T11:49:39.582+0000] {processor.py:208} INFO - Processing /opt/airflow/dags/02_travel_gmaps_ingestion.py took 0.130 seconds
[2026-03-09T11:50:10.201+0000] {processor.py:186} INFO - Started process (PID=13848) to work on /opt/airflow/dags/02_travel_gmaps_ingestion.py
[2026-03-09T11:50:10.203+0000] {processor.py:914} INFO - Processing file /opt/airflow/dags/02_travel_gmaps_ingestion.py for tasks to queue
[2026-03-09T11:50:10.208+0000] {logging_mixin.py:190} INFO - [2026-03-09T11:50:10.207+0000] {dagbag.py:588} INFO - Filling up the DagBag from /opt/airflow/dags/02_travel_gmaps_ingestion.py
[2026-03-09T11:50:10.246+0000] {processor.py:925} INFO - DAG(s) '02_travel_gmaps_ingestion' retrieved from /opt/airflow/dags/02_travel_gmaps_ingestion.py
[2026-03-09T11:50:10.289+0000] {logging_mixin.py:190} INFO - [2026-03-09T11:50:10.289+0000] {dag.py:3239} INFO - Sync 1 DAGs
[2026-03-09T11:50:10.326+0000] {logging_mixin.py:190} INFO - [2026-03-09T11:50:10.325+0000] {dag.py:4180} INFO - Setting next_dagrun for 02_travel_gmaps_ingestion to 2026-03-08 14:00:00+00:00, run_after=2026-03-09 08:00:00+00:00
[2026-03-09T11:50:10.378+0000] {processor.py:208} INFO - Processing /opt/airflow/dags/02_travel_gmaps_ingestion.py took 0.186 seconds
[2026-03-09T11:50:41.061+0000] {processor.py:186} INFO - Started process (PID=13868) to work on /opt/airflow/dags/02_travel_gmaps_ingestion.py
[2026-03-09T11:50:41.064+0000] {processor.py:914} INFO - Processing file /opt/airflow/dags/02_travel_gmaps_ingestion.py for tasks to queue
[2026-03-09T11:50:41.073+0000] {logging_mixin.py:190} INFO - [2026-03-09T11:50:41.072+0000] {dagbag.py:588} INFO - Filling up the DagBag from /opt/airflow/dags/02_travel_gmaps_ingestion.py
[2026-03-09T11:50:41.123+0000] {processor.py:925} INFO - DAG(s) '02_travel_gmaps_ingestion' retrieved from /opt/airflow/dags/02_travel_gmaps_ingestion.py
[2026-03-09T11:50:41.183+0000] {logging_mixin.py:190} INFO - [2026-03-09T11:50:41.183+0000] {dag.py:3239} INFO - Sync 1 DAGs
[2026-03-09T11:50:41.224+0000] {logging_mixin.py:190} INFO - [2026-03-09T11:50:41.223+0000] {dag.py:4180} INFO - Setting next_dagrun for 02_travel_gmaps_ingestion to 2026-03-08 14:00:00+00:00, run_after=2026-03-09 08:00:00+00:00
[2026-03-09T11:50:41.260+0000] {processor.py:208} INFO - Processing /opt/airflow/dags/02_travel_gmaps_ingestion.py took 0.228 seconds
[2026-03-09T11:51:11.722+0000] {processor.py:186} INFO - Started process (PID=13888) to work on /opt/airflow/dags/02_travel_gmaps_ingestion.py
[2026-03-09T11:51:11.724+0000] {processor.py:914} INFO - Processing file /opt/airflow/dags/02_travel_gmaps_ingestion.py for tasks to queue
[2026-03-09T11:51:11.729+0000] {logging_mixin.py:190} INFO - [2026-03-09T11:51:11.728+0000] {dagbag.py:588} INFO - Filling up the DagBag from /opt/airflow/dags/02_travel_gmaps_ingestion.py
[2026-03-09T11:51:11.762+0000] {processor.py:925} INFO - DAG(s) '02_travel_gmaps_ingestion' retrieved from /opt/airflow/dags/02_travel_gmaps_ingestion.py
[2026-03-09T11:51:11.810+0000] {logging_mixin.py:190} INFO - [2026-03-09T11:51:11.810+0000] {dag.py:3239} INFO - Sync 1 DAGs
[2026-03-09T11:51:11.854+0000] {logging_mixin.py:190} INFO - [2026-03-09T11:51:11.854+0000] {dag.py:4180} INFO - Setting next_dagrun for 02_travel_gmaps_ingestion to 2026-03-08 14:00:00+00:00, run_after=2026-03-09 08:00:00+00:00
[2026-03-09T11:51:11.885+0000] {processor.py:208} INFO - Processing /opt/airflow/dags/02_travel_gmaps_ingestion.py took 0.171 seconds
[2026-03-09T11:51:42.499+0000] {processor.py:186} INFO - Started process (PID=13908) to work on /opt/airflow/dags/02_travel_gmaps_ingestion.py
[2026-03-09T11:51:42.500+0000] {processor.py:914} INFO - Processing file /opt/airflow/dags/02_travel_gmaps_ingestion.py for tasks to queue
[2026-03-09T11:51:42.504+0000] {logging_mixin.py:190} INFO - [2026-03-09T11:51:42.504+0000] {dagbag.py:588} INFO - Filling up the DagBag from /opt/airflow/dags/02_travel_gmaps_ingestion.py
[2026-03-09T11:51:42.527+0000] {processor.py:925} INFO - DAG(s) '02_travel_gmaps_ingestion' retrieved from /opt/airflow/dags/02_travel_gmaps_ingestion.py
[2026-03-09T11:51:42.566+0000] {logging_mixin.py:190} INFO - [2026-03-09T11:51:42.565+0000] {dag.py:3239} INFO - Sync 1 DAGs
[2026-03-09T11:51:42.607+0000] {logging_mixin.py:190} INFO - [2026-03-09T11:51:42.607+0000] {dag.py:4180} INFO - Setting next_dagrun for 02_travel_gmaps_ingestion to 2026-03-08 14:00:00+00:00, run_after=2026-03-09 08:00:00+00:00
[2026-03-09T11:51:42.648+0000] {processor.py:208} INFO - Processing /opt/airflow/dags/02_travel_gmaps_ingestion.py took 0.157 seconds
[2026-03-09T11:52:13.302+0000] {processor.py:186} INFO - Started process (PID=13928) to work on /opt/airflow/dags/02_travel_gmaps_ingestion.py
[2026-03-09T11:52:13.304+0000] {processor.py:914} INFO - Processing file /opt/airflow/dags/02_travel_gmaps_ingestion.py for tasks to queue
[2026-03-09T11:52:13.307+0000] {logging_mixin.py:190} INFO - [2026-03-09T11:52:13.307+0000] {dagbag.py:588} INFO - Filling up the DagBag from /opt/airflow/dags/02_travel_gmaps_ingestion.py
[2026-03-09T11:52:13.341+0000] {processor.py:925} INFO - DAG(s) '02_travel_gmaps_ingestion' retrieved from /opt/airflow/dags/02_travel_gmaps_ingestion.py
[2026-03-09T11:52:13.380+0000] {logging_mixin.py:190} INFO - [2026-03-09T11:52:13.380+0000] {dag.py:3239} INFO - Sync 1 DAGs
[2026-03-09T11:52:13.413+0000] {logging_mixin.py:190} INFO - [2026-03-09T11:52:13.413+0000] {dag.py:4180} INFO - Setting next_dagrun for 02_travel_gmaps_ingestion to 2026-03-08 14:00:00+00:00, run_after=2026-03-09 08:00:00+00:00
[2026-03-09T11:52:13.441+0000] {processor.py:208} INFO - Processing /opt/airflow/dags/02_travel_gmaps_ingestion.py took 0.146 seconds
[2026-03-09T11:52:44.067+0000] {processor.py:186} INFO - Started process (PID=13948) to work on /opt/airflow/dags/02_travel_gmaps_ingestion.py
[2026-03-09T11:52:44.069+0000] {processor.py:914} INFO - Processing file /opt/airflow/dags/02_travel_gmaps_ingestion.py for tasks to queue
[2026-03-09T11:52:44.072+0000] {logging_mixin.py:190} INFO - [2026-03-09T11:52:44.071+0000] {dagbag.py:588} INFO - Filling up the DagBag from /opt/airflow/dags/02_travel_gmaps_ingestion.py
[2026-03-09T11:52:44.094+0000] {processor.py:925} INFO - DAG(s) '02_travel_gmaps_ingestion' retrieved from /opt/airflow/dags/02_travel_gmaps_ingestion.py
[2026-03-09T11:52:44.123+0000] {logging_mixin.py:190} INFO - [2026-03-09T11:52:44.123+0000] {dag.py:3239} INFO - Sync 1 DAGs
[2026-03-09T11:52:44.151+0000] {logging_mixin.py:190} INFO - [2026-03-09T11:52:44.151+0000] {dag.py:4180} INFO - Setting next_dagrun for 02_travel_gmaps_ingestion to 2026-03-08 14:00:00+00:00, run_after=2026-03-09 08:00:00+00:00
[2026-03-09T11:52:44.181+0000] {processor.py:208} INFO - Processing /opt/airflow/dags/02_travel_gmaps_ingestion.py took 0.121 seconds
[2026-03-09T11:53:14.882+0000] {processor.py:186} INFO - Started process (PID=13968) to work on /opt/airflow/dags/02_travel_gmaps_ingestion.py
[2026-03-09T11:53:14.884+0000] {processor.py:914} INFO - Processing file /opt/airflow/dags/02_travel_gmaps_ingestion.py for tasks to queue
[2026-03-09T11:53:14.888+0000] {logging_mixin.py:190} INFO - [2026-03-09T11:53:14.887+0000] {dagbag.py:588} INFO - Filling up the DagBag from /opt/airflow/dags/02_travel_gmaps_ingestion.py
[2026-03-09T11:53:14.908+0000] {processor.py:925} INFO - DAG(s) '02_travel_gmaps_ingestion' retrieved from /opt/airflow/dags/02_travel_gmaps_ingestion.py
[2026-03-09T11:53:14.936+0000] {logging_mixin.py:190} INFO - [2026-03-09T11:53:14.935+0000] {dag.py:3239} INFO - Sync 1 DAGs
[2026-03-09T11:53:14.962+0000] {logging_mixin.py:190} INFO - [2026-03-09T11:53:14.962+0000] {dag.py:4180} INFO - Setting next_dagrun for 02_travel_gmaps_ingestion to 2026-03-08 14:00:00+00:00, run_after=2026-03-09 08:00:00+00:00
[2026-03-09T11:53:14.990+0000] {processor.py:208} INFO - Processing /opt/airflow/dags/02_travel_gmaps_ingestion.py took 0.114 seconds
[2026-03-09T11:53:45.699+0000] {processor.py:186} INFO - Started process (PID=13988) to work on /opt/airflow/dags/02_travel_gmaps_ingestion.py
[2026-03-09T11:53:45.701+0000] {processor.py:914} INFO - Processing file /opt/airflow/dags/02_travel_gmaps_ingestion.py for tasks to queue
[2026-03-09T11:53:45.705+0000] {logging_mixin.py:190} INFO - [2026-03-09T11:53:45.704+0000] {dagbag.py:588} INFO - Filling up the DagBag from /opt/airflow/dags/02_travel_gmaps_ingestion.py
[2026-03-09T11:53:45.729+0000] {processor.py:925} INFO - DAG(s) '02_travel_gmaps_ingestion' retrieved from /opt/airflow/dags/02_travel_gmaps_ingestion.py
[2026-03-09T11:53:45.762+0000] {logging_mixin.py:190} INFO - [2026-03-09T11:53:45.761+0000] {dag.py:3239} INFO - Sync 1 DAGs
[2026-03-09T11:53:45.789+0000] {logging_mixin.py:190} INFO - [2026-03-09T11:53:45.789+0000] {dag.py:4180} INFO - Setting next_dagrun for 02_travel_gmaps_ingestion to 2026-03-08 14:00:00+00:00, run_after=2026-03-09 08:00:00+00:00
[2026-03-09T11:53:45.820+0000] {processor.py:208} INFO - Processing /opt/airflow/dags/02_travel_gmaps_ingestion.py took 0.130 seconds
[2026-03-09T11:54:16.600+0000] {processor.py:186} INFO - Started process (PID=14008) to work on /opt/airflow/dags/02_travel_gmaps_ingestion.py
[2026-03-09T11:54:16.602+0000] {processor.py:914} INFO - Processing file /opt/airflow/dags/02_travel_gmaps_ingestion.py for tasks to queue
[2026-03-09T11:54:16.607+0000] {logging_mixin.py:190} INFO - [2026-03-09T11:54:16.606+0000] {dagbag.py:588} INFO - Filling up the DagBag from /opt/airflow/dags/02_travel_gmaps_ingestion.py
[2026-03-09T11:54:16.637+0000] {processor.py:925} INFO - DAG(s) '02_travel_gmaps_ingestion' retrieved from /opt/airflow/dags/02_travel_gmaps_ingestion.py
[2026-03-09T11:54:16.685+0000] {logging_mixin.py:190} INFO - [2026-03-09T11:54:16.685+0000] {dag.py:3239} INFO - Sync 1 DAGs
[2026-03-09T11:54:16.742+0000] {logging_mixin.py:190} INFO - [2026-03-09T11:54:16.741+0000] {dag.py:4180} INFO - Setting next_dagrun for 02_travel_gmaps_ingestion to 2026-03-08 14:00:00+00:00, run_after=2026-03-09 08:00:00+00:00
[2026-03-09T11:54:16.774+0000] {processor.py:208} INFO - Processing /opt/airflow/dags/02_travel_gmaps_ingestion.py took 0.186 seconds
[2026-03-09T11:54:47.299+0000] {processor.py:186} INFO - Started process (PID=14028) to work on /opt/airflow/dags/02_travel_gmaps_ingestion.py
[2026-03-09T11:54:47.301+0000] {processor.py:914} INFO - Processing file /opt/airflow/dags/02_travel_gmaps_ingestion.py for tasks to queue
[2026-03-09T11:54:47.304+0000] {logging_mixin.py:190} INFO - [2026-03-09T11:54:47.304+0000] {dagbag.py:588} INFO - Filling up the DagBag from /opt/airflow/dags/02_travel_gmaps_ingestion.py
[2026-03-09T11:54:47.328+0000] {processor.py:925} INFO - DAG(s) '02_travel_gmaps_ingestion' retrieved from /opt/airflow/dags/02_travel_gmaps_ingestion.py
[2026-03-09T11:54:47.357+0000] {logging_mixin.py:190} INFO - [2026-03-09T11:54:47.357+0000] {dag.py:3239} INFO - Sync 1 DAGs
[2026-03-09T11:54:47.384+0000] {logging_mixin.py:190} INFO - [2026-03-09T11:54:47.384+0000] {dag.py:4180} INFO - Setting next_dagrun for 02_travel_gmaps_ingestion to 2026-03-08 14:00:00+00:00, run_after=2026-03-09 08:00:00+00:00
[2026-03-09T11:54:47.412+0000] {processor.py:208} INFO - Processing /opt/airflow/dags/02_travel_gmaps_ingestion.py took 0.121 seconds
[2026-03-09T11:55:18.128+0000] {processor.py:186} INFO - Started process (PID=14048) to work on /opt/airflow/dags/02_travel_gmaps_ingestion.py
[2026-03-09T11:55:18.130+0000] {processor.py:914} INFO - Processing file /opt/airflow/dags/02_travel_gmaps_ingestion.py for tasks to queue
[2026-03-09T11:55:18.133+0000] {logging_mixin.py:190} INFO - [2026-03-09T11:55:18.133+0000] {dagbag.py:588} INFO - Filling up the DagBag from /opt/airflow/dags/02_travel_gmaps_ingestion.py
[2026-03-09T11:55:18.154+0000] {processor.py:925} INFO - DAG(s) '02_travel_gmaps_ingestion' retrieved from /opt/airflow/dags/02_travel_gmaps_ingestion.py
[2026-03-09T11:55:18.187+0000] {logging_mixin.py:190} INFO - [2026-03-09T11:55:18.186+0000] {dag.py:3239} INFO - Sync 1 DAGs
[2026-03-09T11:55:18.214+0000] {logging_mixin.py:190} INFO - [2026-03-09T11:55:18.214+0000] {dag.py:4180} INFO - Setting next_dagrun for 02_travel_gmaps_ingestion to 2026-03-08 14:00:00+00:00, run_after=2026-03-09 08:00:00+00:00
[2026-03-09T11:55:18.244+0000] {processor.py:208} INFO - Processing /opt/airflow/dags/02_travel_gmaps_ingestion.py took 0.122 seconds
[2026-03-09T11:55:49.018+0000] {processor.py:186} INFO - Started process (PID=14068) to work on /opt/airflow/dags/02_travel_gmaps_ingestion.py
[2026-03-09T11:55:49.020+0000] {processor.py:914} INFO - Processing file /opt/airflow/dags/02_travel_gmaps_ingestion.py for tasks to queue
[2026-03-09T11:55:49.024+0000] {logging_mixin.py:190} INFO - [2026-03-09T11:55:49.024+0000] {dagbag.py:588} INFO - Filling up the DagBag from /opt/airflow/dags/02_travel_gmaps_ingestion.py
[2026-03-09T11:55:49.045+0000] {processor.py:925} INFO - DAG(s) '02_travel_gmaps_ingestion' retrieved from /opt/airflow/dags/02_travel_gmaps_ingestion.py
[2026-03-09T11:55:49.075+0000] {logging_mixin.py:190} INFO - [2026-03-09T11:55:49.075+0000] {dag.py:3239} INFO - Sync 1 DAGs
[2026-03-09T11:55:49.102+0000] {logging_mixin.py:190} INFO - [2026-03-09T11:55:49.101+0000] {dag.py:4180} INFO - Setting next_dagrun for 02_travel_gmaps_ingestion to 2026-03-08 14:00:00+00:00, run_after=2026-03-09 08:00:00+00:00
[2026-03-09T11:55:49.129+0000] {processor.py:208} INFO - Processing /opt/airflow/dags/02_travel_gmaps_ingestion.py took 0.118 seconds
[2026-03-09T11:56:19.849+0000] {processor.py:186} INFO - Started process (PID=14088) to work on /opt/airflow/dags/02_travel_gmaps_ingestion.py
[2026-03-09T11:56:19.851+0000] {processor.py:914} INFO - Processing file /opt/airflow/dags/02_travel_gmaps_ingestion.py for tasks to queue
[2026-03-09T11:56:19.854+0000] {logging_mixin.py:190} INFO - [2026-03-09T11:56:19.853+0000] {dagbag.py:588} INFO - Filling up the DagBag from /opt/airflow/dags/02_travel_gmaps_ingestion.py
[2026-03-09T11:56:19.877+0000] {processor.py:925} INFO - DAG(s) '02_travel_gmaps_ingestion' retrieved from /opt/airflow/dags/02_travel_gmaps_ingestion.py
[2026-03-09T11:56:19.908+0000] {logging_mixin.py:190} INFO - [2026-03-09T11:56:19.908+0000] {dag.py:3239} INFO - Sync 1 DAGs
[2026-03-09T11:56:19.935+0000] {logging_mixin.py:190} INFO - [2026-03-09T11:56:19.935+0000] {dag.py:4180} INFO - Setting next_dagrun for 02_travel_gmaps_ingestion to 2026-03-08 14:00:00+00:00, run_after=2026-03-09 08:00:00+00:00
[2026-03-09T11:56:19.965+0000] {processor.py:208} INFO - Processing /opt/airflow/dags/02_travel_gmaps_ingestion.py took 0.124 seconds
[2026-03-09T11:56:50.547+0000] {processor.py:186} INFO - Started process (PID=14108) to work on /opt/airflow/dags/02_travel_gmaps_ingestion.py
[2026-03-09T11:56:50.548+0000] {processor.py:914} INFO - Processing file /opt/airflow/dags/02_travel_gmaps_ingestion.py for tasks to queue
[2026-03-09T11:56:50.552+0000] {logging_mixin.py:190} INFO - [2026-03-09T11:56:50.552+0000] {dagbag.py:588} INFO - Filling up the DagBag from /opt/airflow/dags/02_travel_gmaps_ingestion.py
[2026-03-09T11:56:50.586+0000] {processor.py:925} INFO - DAG(s) '02_travel_gmaps_ingestion' retrieved from /opt/airflow/dags/02_travel_gmaps_ingestion.py
[2026-03-09T11:56:50.623+0000] {logging_mixin.py:190} INFO - [2026-03-09T11:56:50.623+0000] {dag.py:3239} INFO - Sync 1 DAGs
[2026-03-09T11:56:50.659+0000] {logging_mixin.py:190} INFO - [2026-03-09T11:56:50.659+0000] {dag.py:4180} INFO - Setting next_dagrun for 02_travel_gmaps_ingestion to 2026-03-08 14:00:00+00:00, run_after=2026-03-09 08:00:00+00:00
[2026-03-09T11:56:50.687+0000] {processor.py:208} INFO - Processing /opt/airflow/dags/02_travel_gmaps_ingestion.py took 0.149 seconds
[2026-03-09T11:57:21.291+0000] {processor.py:186} INFO - Started process (PID=14128) to work on /opt/airflow/dags/02_travel_gmaps_ingestion.py
[2026-03-09T11:57:21.293+0000] {processor.py:914} INFO - Processing file /opt/airflow/dags/02_travel_gmaps_ingestion.py for tasks to queue
[2026-03-09T11:57:21.296+0000] {logging_mixin.py:190} INFO - [2026-03-09T11:57:21.296+0000] {dagbag.py:588} INFO - Filling up the DagBag from /opt/airflow/dags/02_travel_gmaps_ingestion.py
[2026-03-09T11:57:21.331+0000] {processor.py:925} INFO - DAG(s) '02_travel_gmaps_ingestion' retrieved from /opt/airflow/dags/02_travel_gmaps_ingestion.py
[2026-03-09T11:57:21.368+0000] {logging_mixin.py:190} INFO - [2026-03-09T11:57:21.368+0000] {dag.py:3239} INFO - Sync 1 DAGs
[2026-03-09T11:57:21.396+0000] {logging_mixin.py:190} INFO - [2026-03-09T11:57:21.396+0000] {dag.py:4180} INFO - Setting next_dagrun for 02_travel_gmaps_ingestion to 2026-03-08 14:00:00+00:00, run_after=2026-03-09 08:00:00+00:00
[2026-03-09T11:57:21.428+0000] {processor.py:208} INFO - Processing /opt/airflow/dags/02_travel_gmaps_ingestion.py took 0.145 seconds
[2026-03-09T11:57:52.106+0000] {processor.py:186} INFO - Started process (PID=14148) to work on /opt/airflow/dags/02_travel_gmaps_ingestion.py
[2026-03-09T11:57:52.107+0000] {processor.py:914} INFO - Processing file /opt/airflow/dags/02_travel_gmaps_ingestion.py for tasks to queue
[2026-03-09T11:57:52.110+0000] {logging_mixin.py:190} INFO - [2026-03-09T11:57:52.110+0000] {dagbag.py:588} INFO - Filling up the DagBag from /opt/airflow/dags/02_travel_gmaps_ingestion.py
[2026-03-09T11:57:52.135+0000] {processor.py:925} INFO - DAG(s) '02_travel_gmaps_ingestion' retrieved from /opt/airflow/dags/02_travel_gmaps_ingestion.py
[2026-03-09T11:57:52.167+0000] {logging_mixin.py:190} INFO - [2026-03-09T11:57:52.167+0000] {dag.py:3239} INFO - Sync 1 DAGs
[2026-03-09T11:57:52.193+0000] {logging_mixin.py:190} INFO - [2026-03-09T11:57:52.192+0000] {dag.py:4180} INFO - Setting next_dagrun for 02_travel_gmaps_ingestion to 2026-03-08 14:00:00+00:00, run_after=2026-03-09 08:00:00+00:00
[2026-03-09T11:57:52.220+0000] {processor.py:208} INFO - Processing /opt/airflow/dags/02_travel_gmaps_ingestion.py took 0.122 seconds
[2026-03-09T11:58:22.916+0000] {processor.py:186} INFO - Started process (PID=14168) to work on /opt/airflow/dags/02_travel_gmaps_ingestion.py
[2026-03-09T11:58:22.918+0000] {processor.py:914} INFO - Processing file /opt/airflow/dags/02_travel_gmaps_ingestion.py for tasks to queue
[2026-03-09T11:58:22.921+0000] {logging_mixin.py:190} INFO - [2026-03-09T11:58:22.921+0000] {dagbag.py:588} INFO - Filling up the DagBag from /opt/airflow/dags/02_travel_gmaps_ingestion.py
[2026-03-09T11:58:22.949+0000] {processor.py:925} INFO - DAG(s) '02_travel_gmaps_ingestion' retrieved from /opt/airflow/dags/02_travel_gmaps_ingestion.py
[2026-03-09T11:58:22.986+0000] {logging_mixin.py:190} INFO - [2026-03-09T11:58:22.986+0000] {dag.py:3239} INFO - Sync 1 DAGs
[2026-03-09T11:58:23.024+0000] {logging_mixin.py:190} INFO - [2026-03-09T11:58:23.023+0000] {dag.py:4180} INFO - Setting next_dagrun for 02_travel_gmaps_ingestion to 2026-03-08 14:00:00+00:00, run_after=2026-03-09 08:00:00+00:00
[2026-03-09T11:58:23.058+0000] {processor.py:208} INFO - Processing /opt/airflow/dags/02_travel_gmaps_ingestion.py took 0.151 seconds
[2026-03-09T11:58:54.001+0000] {processor.py:186} INFO - Started process (PID=14188) to work on /opt/airflow/dags/02_travel_gmaps_ingestion.py
[2026-03-09T11:58:54.003+0000] {processor.py:914} INFO - Processing file /opt/airflow/dags/02_travel_gmaps_ingestion.py for tasks to queue
[2026-03-09T11:58:54.007+0000] {logging_mixin.py:190} INFO - [2026-03-09T11:58:54.006+0000] {dagbag.py:588} INFO - Filling up the DagBag from /opt/airflow/dags/02_travel_gmaps_ingestion.py
[2026-03-09T11:58:54.041+0000] {processor.py:925} INFO - DAG(s) '02_travel_gmaps_ingestion' retrieved from /opt/airflow/dags/02_travel_gmaps_ingestion.py
[2026-03-09T11:58:54.139+0000] {logging_mixin.py:190} INFO - [2026-03-09T11:58:54.139+0000] {dag.py:3239} INFO - Sync 1 DAGs
[2026-03-09T11:58:54.186+0000] {logging_mixin.py:190} INFO - [2026-03-09T11:58:54.186+0000] {dag.py:4180} INFO - Setting next_dagrun for 02_travel_gmaps_ingestion to 2026-03-08 14:00:00+00:00, run_after=2026-03-09 08:00:00+00:00
[2026-03-09T11:58:54.240+0000] {processor.py:208} INFO - Processing /opt/airflow/dags/02_travel_gmaps_ingestion.py took 0.253 seconds
[2026-03-09T11:59:24.662+0000] {processor.py:186} INFO - Started process (PID=14208) to work on /opt/airflow/dags/02_travel_gmaps_ingestion.py
[2026-03-09T11:59:24.664+0000] {processor.py:914} INFO - Processing file /opt/airflow/dags/02_travel_gmaps_ingestion.py for tasks to queue
[2026-03-09T11:59:24.671+0000] {logging_mixin.py:190} INFO - [2026-03-09T11:59:24.670+0000] {dagbag.py:588} INFO - Filling up the DagBag from /opt/airflow/dags/02_travel_gmaps_ingestion.py
[2026-03-09T11:59:24.713+0000] {processor.py:925} INFO - DAG(s) '02_travel_gmaps_ingestion' retrieved from /opt/airflow/dags/02_travel_gmaps_ingestion.py
[2026-03-09T11:59:24.769+0000] {logging_mixin.py:190} INFO - [2026-03-09T11:59:24.768+0000] {dag.py:3239} INFO - Sync 1 DAGs
[2026-03-09T11:59:24.810+0000] {logging_mixin.py:190} INFO - [2026-03-09T11:59:24.810+0000] {dag.py:4180} INFO - Setting next_dagrun for 02_travel_gmaps_ingestion to 2026-03-08 14:00:00+00:00, run_after=2026-03-09 08:00:00+00:00
[2026-03-09T11:59:24.845+0000] {processor.py:208} INFO - Processing /opt/airflow/dags/02_travel_gmaps_ingestion.py took 0.199 seconds
[2026-03-09T11:59:55.477+0000] {processor.py:186} INFO - Started process (PID=14228) to work on /opt/airflow/dags/02_travel_gmaps_ingestion.py
[2026-03-09T11:59:55.478+0000] {processor.py:914} INFO - Processing file /opt/airflow/dags/02_travel_gmaps_ingestion.py for tasks to queue
[2026-03-09T11:59:55.482+0000] {logging_mixin.py:190} INFO - [2026-03-09T11:59:55.481+0000] {dagbag.py:588} INFO - Filling up the DagBag from /opt/airflow/dags/02_travel_gmaps_ingestion.py
[2026-03-09T11:59:55.516+0000] {processor.py:925} INFO - DAG(s) '02_travel_gmaps_ingestion' retrieved from /opt/airflow/dags/02_travel_gmaps_ingestion.py
[2026-03-09T11:59:55.556+0000] {logging_mixin.py:190} INFO - [2026-03-09T11:59:55.555+0000] {dag.py:3239} INFO - Sync 1 DAGs
[2026-03-09T11:59:55.591+0000] {logging_mixin.py:190} INFO - [2026-03-09T11:59:55.591+0000] {dag.py:4180} INFO - Setting next_dagrun for 02_travel_gmaps_ingestion to 2026-03-08 14:00:00+00:00, run_after=2026-03-09 08:00:00+00:00
[2026-03-09T11:59:55.618+0000] {processor.py:208} INFO - Processing /opt/airflow/dags/02_travel_gmaps_ingestion.py took 0.150 seconds
[2026-03-09T12:00:26.221+0000] {processor.py:186} INFO - Started process (PID=14264) to work on /opt/airflow/dags/02_travel_gmaps_ingestion.py
[2026-03-09T12:00:26.226+0000] {processor.py:914} INFO - Processing file /opt/airflow/dags/02_travel_gmaps_ingestion.py for tasks to queue
[2026-03-09T12:00:26.245+0000] {logging_mixin.py:190} INFO - [2026-03-09T12:00:26.243+0000] {dagbag.py:588} INFO - Filling up the DagBag from /opt/airflow/dags/02_travel_gmaps_ingestion.py
[2026-03-09T12:00:26.322+0000] {processor.py:925} INFO - DAG(s) '02_travel_gmaps_ingestion' retrieved from /opt/airflow/dags/02_travel_gmaps_ingestion.py
[2026-03-09T12:00:26.420+0000] {logging_mixin.py:190} INFO - [2026-03-09T12:00:26.419+0000] {dag.py:3239} INFO - Sync 1 DAGs
[2026-03-09T12:00:26.501+0000] {logging_mixin.py:190} INFO - [2026-03-09T12:00:26.500+0000] {dag.py:4180} INFO - Setting next_dagrun for 02_travel_gmaps_ingestion to 2026-03-08 14:00:00+00:00, run_after=2026-03-09 08:00:00+00:00
[2026-03-09T12:00:26.558+0000] {processor.py:208} INFO - Processing /opt/airflow/dags/02_travel_gmaps_ingestion.py took 0.369 seconds
[2026-03-09T12:00:57.317+0000] {processor.py:186} INFO - Started process (PID=14284) to work on /opt/airflow/dags/02_travel_gmaps_ingestion.py
[2026-03-09T12:00:57.319+0000] {processor.py:914} INFO - Processing file /opt/airflow/dags/02_travel_gmaps_ingestion.py for tasks to queue
[2026-03-09T12:00:57.327+0000] {logging_mixin.py:190} INFO - [2026-03-09T12:00:57.326+0000] {dagbag.py:588} INFO - Filling up the DagBag from /opt/airflow/dags/02_travel_gmaps_ingestion.py
[2026-03-09T12:00:57.367+0000] {processor.py:925} INFO - DAG(s) '02_travel_gmaps_ingestion' retrieved from /opt/airflow/dags/02_travel_gmaps_ingestion.py
[2026-03-09T12:00:57.434+0000] {logging_mixin.py:190} INFO - [2026-03-09T12:00:57.433+0000] {dag.py:3239} INFO - Sync 1 DAGs
[2026-03-09T12:00:57.492+0000] {logging_mixin.py:190} INFO - [2026-03-09T12:00:57.492+0000] {dag.py:4180} INFO - Setting next_dagrun for 02_travel_gmaps_ingestion to 2026-03-08 14:00:00+00:00, run_after=2026-03-09 08:00:00+00:00
[2026-03-09T12:00:57.533+0000] {processor.py:208} INFO - Processing /opt/airflow/dags/02_travel_gmaps_ingestion.py took 0.228 seconds
[2026-03-09T12:01:28.276+0000] {processor.py:186} INFO - Started process (PID=14320) to work on /opt/airflow/dags/02_travel_gmaps_ingestion.py
[2026-03-09T12:01:28.277+0000] {processor.py:914} INFO - Processing file /opt/airflow/dags/02_travel_gmaps_ingestion.py for tasks to queue
[2026-03-09T12:01:28.280+0000] {logging_mixin.py:190} INFO - [2026-03-09T12:01:28.280+0000] {dagbag.py:588} INFO - Filling up the DagBag from /opt/airflow/dags/02_travel_gmaps_ingestion.py
[2026-03-09T12:01:28.311+0000] {processor.py:925} INFO - DAG(s) '02_travel_gmaps_ingestion' retrieved from /opt/airflow/dags/02_travel_gmaps_ingestion.py
[2026-03-09T12:01:28.355+0000] {logging_mixin.py:190} INFO - [2026-03-09T12:01:28.354+0000] {dag.py:3239} INFO - Sync 1 DAGs
[2026-03-09T12:01:28.388+0000] {logging_mixin.py:190} INFO - [2026-03-09T12:01:28.388+0000] {dag.py:4180} INFO - Setting next_dagrun for 02_travel_gmaps_ingestion to 2026-03-08 14:00:00+00:00, run_after=2026-03-09 08:00:00+00:00
[2026-03-09T12:01:28.410+0000] {processor.py:208} INFO - Processing /opt/airflow/dags/02_travel_gmaps_ingestion.py took 0.144 seconds
[2026-03-09T12:01:58.951+0000] {processor.py:186} INFO - Started process (PID=14340) to work on /opt/airflow/dags/02_travel_gmaps_ingestion.py
[2026-03-09T12:01:58.952+0000] {processor.py:914} INFO - Processing file /opt/airflow/dags/02_travel_gmaps_ingestion.py for tasks to queue
[2026-03-09T12:01:58.956+0000] {logging_mixin.py:190} INFO - [2026-03-09T12:01:58.955+0000] {dagbag.py:588} INFO - Filling up the DagBag from /opt/airflow/dags/02_travel_gmaps_ingestion.py
[2026-03-09T12:01:58.993+0000] {processor.py:925} INFO - DAG(s) '02_travel_gmaps_ingestion' retrieved from /opt/airflow/dags/02_travel_gmaps_ingestion.py
[2026-03-09T12:01:59.034+0000] {logging_mixin.py:190} INFO - [2026-03-09T12:01:59.034+0000] {dag.py:3239} INFO - Sync 1 DAGs
[2026-03-09T12:01:59.065+0000] {logging_mixin.py:190} INFO - [2026-03-09T12:01:59.065+0000] {dag.py:4180} INFO - Setting next_dagrun for 02_travel_gmaps_ingestion to 2026-03-08 14:00:00+00:00, run_after=2026-03-09 08:00:00+00:00
[2026-03-09T12:01:59.093+0000] {processor.py:208} INFO - Processing /opt/airflow/dags/02_travel_gmaps_ingestion.py took 0.150 seconds
[2026-03-09T12:02:29.833+0000] {processor.py:186} INFO - Started process (PID=14360) to work on /opt/airflow/dags/02_travel_gmaps_ingestion.py
[2026-03-09T12:02:29.835+0000] {processor.py:914} INFO - Processing file /opt/airflow/dags/02_travel_gmaps_ingestion.py for tasks to queue
[2026-03-09T12:02:29.843+0000] {logging_mixin.py:190} INFO - [2026-03-09T12:02:29.842+0000] {dagbag.py:588} INFO - Filling up the DagBag from /opt/airflow/dags/02_travel_gmaps_ingestion.py
[2026-03-09T12:02:29.899+0000] {processor.py:925} INFO - DAG(s) '02_travel_gmaps_ingestion' retrieved from /opt/airflow/dags/02_travel_gmaps_ingestion.py
[2026-03-09T12:02:29.959+0000] {logging_mixin.py:190} INFO - [2026-03-09T12:02:29.959+0000] {dag.py:3239} INFO - Sync 1 DAGs
[2026-03-09T12:02:30.009+0000] {logging_mixin.py:190} INFO - [2026-03-09T12:02:30.009+0000] {dag.py:4180} INFO - Setting next_dagrun for 02_travel_gmaps_ingestion to 2026-03-08 14:00:00+00:00, run_after=2026-03-09 08:00:00+00:00
[2026-03-09T12:02:30.051+0000] {processor.py:208} INFO - Processing /opt/airflow/dags/02_travel_gmaps_ingestion.py took 0.305 seconds
[2026-03-09T12:03:00.827+0000] {processor.py:186} INFO - Started process (PID=14380) to work on /opt/airflow/dags/02_travel_gmaps_ingestion.py
[2026-03-09T12:03:00.829+0000] {processor.py:914} INFO - Processing file /opt/airflow/dags/02_travel_gmaps_ingestion.py for tasks to queue
[2026-03-09T12:03:00.832+0000] {logging_mixin.py:190} INFO - [2026-03-09T12:03:00.831+0000] {dagbag.py:588} INFO - Filling up the DagBag from /opt/airflow/dags/02_travel_gmaps_ingestion.py
[2026-03-09T12:03:00.857+0000] {processor.py:925} INFO - DAG(s) '02_travel_gmaps_ingestion' retrieved from /opt/airflow/dags/02_travel_gmaps_ingestion.py
[2026-03-09T12:03:00.898+0000] {logging_mixin.py:190} INFO - [2026-03-09T12:03:00.898+0000] {dag.py:3239} INFO - Sync 1 DAGs
[2026-03-09T12:03:00.928+0000] {logging_mixin.py:190} INFO - [2026-03-09T12:03:00.928+0000] {dag.py:4180} INFO - Setting next_dagrun for 02_travel_gmaps_ingestion to 2026-03-08 14:00:00+00:00, run_after=2026-03-09 08:00:00+00:00
[2026-03-09T12:03:00.962+0000] {processor.py:208} INFO - Processing /opt/airflow/dags/02_travel_gmaps_ingestion.py took 0.143 seconds
[2026-03-09T12:03:31.751+0000] {processor.py:186} INFO - Started process (PID=14400) to work on /opt/airflow/dags/02_travel_gmaps_ingestion.py
[2026-03-09T12:03:31.753+0000] {processor.py:914} INFO - Processing file /opt/airflow/dags/02_travel_gmaps_ingestion.py for tasks to queue
[2026-03-09T12:03:31.757+0000] {logging_mixin.py:190} INFO - [2026-03-09T12:03:31.756+0000] {dagbag.py:588} INFO - Filling up the DagBag from /opt/airflow/dags/02_travel_gmaps_ingestion.py
[2026-03-09T12:03:31.783+0000] {processor.py:925} INFO - DAG(s) '02_travel_gmaps_ingestion' retrieved from /opt/airflow/dags/02_travel_gmaps_ingestion.py
[2026-03-09T12:03:31.817+0000] {logging_mixin.py:190} INFO - [2026-03-09T12:03:31.817+0000] {dag.py:3239} INFO - Sync 1 DAGs
[2026-03-09T12:03:31.848+0000] {logging_mixin.py:190} INFO - [2026-03-09T12:03:31.848+0000] {dag.py:4180} INFO - Setting next_dagrun for 02_travel_gmaps_ingestion to 2026-03-08 14:00:00+00:00, run_after=2026-03-09 08:00:00+00:00
[2026-03-09T12:03:31.877+0000] {processor.py:208} INFO - Processing /opt/airflow/dags/02_travel_gmaps_ingestion.py took 0.134 seconds
[2026-03-09T12:04:02.552+0000] {processor.py:186} INFO - Started process (PID=14420) to work on /opt/airflow/dags/02_travel_gmaps_ingestion.py
[2026-03-09T12:04:02.554+0000] {processor.py:914} INFO - Processing file /opt/airflow/dags/02_travel_gmaps_ingestion.py for tasks to queue
[2026-03-09T12:04:02.559+0000] {logging_mixin.py:190} INFO - [2026-03-09T12:04:02.558+0000] {dagbag.py:588} INFO - Filling up the DagBag from /opt/airflow/dags/02_travel_gmaps_ingestion.py
[2026-03-09T12:04:02.587+0000] {processor.py:925} INFO - DAG(s) '02_travel_gmaps_ingestion' retrieved from /opt/airflow/dags/02_travel_gmaps_ingestion.py
[2026-03-09T12:04:02.627+0000] {logging_mixin.py:190} INFO - [2026-03-09T12:04:02.627+0000] {dag.py:3239} INFO - Sync 1 DAGs
[2026-03-09T12:04:02.668+0000] {logging_mixin.py:190} INFO - [2026-03-09T12:04:02.668+0000] {dag.py:4180} INFO - Setting next_dagrun for 02_travel_gmaps_ingestion to 2026-03-08 14:00:00+00:00, run_after=2026-03-09 08:00:00+00:00
[2026-03-09T12:04:02.697+0000] {processor.py:208} INFO - Processing /opt/airflow/dags/02_travel_gmaps_ingestion.py took 0.154 seconds
[2026-03-09T12:04:33.319+0000] {processor.py:186} INFO - Started process (PID=14440) to work on /opt/airflow/dags/02_travel_gmaps_ingestion.py
[2026-03-09T12:04:33.321+0000] {processor.py:914} INFO - Processing file /opt/airflow/dags/02_travel_gmaps_ingestion.py for tasks to queue
[2026-03-09T12:04:33.324+0000] {logging_mixin.py:190} INFO - [2026-03-09T12:04:33.324+0000] {dagbag.py:588} INFO - Filling up the DagBag from /opt/airflow/dags/02_travel_gmaps_ingestion.py
[2026-03-09T12:04:33.356+0000] {processor.py:925} INFO - DAG(s) '02_travel_gmaps_ingestion' retrieved from /opt/airflow/dags/02_travel_gmaps_ingestion.py
[2026-03-09T12:04:33.400+0000] {logging_mixin.py:190} INFO - [2026-03-09T12:04:33.400+0000] {dag.py:3239} INFO - Sync 1 DAGs
[2026-03-09T12:04:33.436+0000] {logging_mixin.py:190} INFO - [2026-03-09T12:04:33.436+0000] {dag.py:4180} INFO - Setting next_dagrun for 02_travel_gmaps_ingestion to 2026-03-08 14:00:00+00:00, run_after=2026-03-09 08:00:00+00:00
[2026-03-09T12:04:33.467+0000] {processor.py:208} INFO - Processing /opt/airflow/dags/02_travel_gmaps_ingestion.py took 0.159 seconds
[2026-03-09T12:05:04.292+0000] {processor.py:186} INFO - Started process (PID=14460) to work on /opt/airflow/dags/02_travel_gmaps_ingestion.py
[2026-03-09T12:05:04.296+0000] {processor.py:914} INFO - Processing file /opt/airflow/dags/02_travel_gmaps_ingestion.py for tasks to queue
[2026-03-09T12:05:04.306+0000] {logging_mixin.py:190} INFO - [2026-03-09T12:05:04.305+0000] {dagbag.py:588} INFO - Filling up the DagBag from /opt/airflow/dags/02_travel_gmaps_ingestion.py
[2026-03-09T12:05:04.354+0000] {processor.py:925} INFO - DAG(s) '02_travel_gmaps_ingestion' retrieved from /opt/airflow/dags/02_travel_gmaps_ingestion.py
[2026-03-09T12:05:04.418+0000] {logging_mixin.py:190} INFO - [2026-03-09T12:05:04.418+0000] {dag.py:3239} INFO - Sync 1 DAGs
[2026-03-09T12:05:04.469+0000] {logging_mixin.py:190} INFO - [2026-03-09T12:05:04.468+0000] {dag.py:4180} INFO - Setting next_dagrun for 02_travel_gmaps_ingestion to 2026-03-08 14:00:00+00:00, run_after=2026-03-09 08:00:00+00:00
[2026-03-09T12:05:04.505+0000] {processor.py:208} INFO - Processing /opt/airflow/dags/02_travel_gmaps_ingestion.py took 0.248 seconds
[2026-03-09T12:05:35.215+0000] {processor.py:186} INFO - Started process (PID=14480) to work on /opt/airflow/dags/02_travel_gmaps_ingestion.py
[2026-03-09T12:05:35.217+0000] {processor.py:914} INFO - Processing file /opt/airflow/dags/02_travel_gmaps_ingestion.py for tasks to queue
[2026-03-09T12:05:35.221+0000] {logging_mixin.py:190} INFO - [2026-03-09T12:05:35.221+0000] {dagbag.py:588} INFO - Filling up the DagBag from /opt/airflow/dags/02_travel_gmaps_ingestion.py
[2026-03-09T12:05:35.262+0000] {processor.py:925} INFO - DAG(s) '02_travel_gmaps_ingestion' retrieved from /opt/airflow/dags/02_travel_gmaps_ingestion.py
[2026-03-09T12:05:35.322+0000] {logging_mixin.py:190} INFO - [2026-03-09T12:05:35.321+0000] {dag.py:3239} INFO - Sync 1 DAGs
[2026-03-09T12:05:35.368+0000] {logging_mixin.py:190} INFO - [2026-03-09T12:05:35.367+0000] {dag.py:4180} INFO - Setting next_dagrun for 02_travel_gmaps_ingestion to 2026-03-08 14:00:00+00:00, run_after=2026-03-09 08:00:00+00:00
[2026-03-09T12:05:35.405+0000] {processor.py:208} INFO - Processing /opt/airflow/dags/02_travel_gmaps_ingestion.py took 0.201 seconds
[2026-03-09T12:06:05.490+0000] {processor.py:186} INFO - Started process (PID=14500) to work on /opt/airflow/dags/02_travel_gmaps_ingestion.py
[2026-03-09T12:06:05.492+0000] {processor.py:914} INFO - Processing file /opt/airflow/dags/02_travel_gmaps_ingestion.py for tasks to queue
[2026-03-09T12:06:05.497+0000] {logging_mixin.py:190} INFO - [2026-03-09T12:06:05.496+0000] {dagbag.py:588} INFO - Filling up the DagBag from /opt/airflow/dags/02_travel_gmaps_ingestion.py
[2026-03-09T12:06:05.537+0000] {processor.py:925} INFO - DAG(s) '02_travel_gmaps_ingestion' retrieved from /opt/airflow/dags/02_travel_gmaps_ingestion.py
[2026-03-09T12:06:05.586+0000] {logging_mixin.py:190} INFO - [2026-03-09T12:06:05.585+0000] {dag.py:3239} INFO - Sync 1 DAGs
[2026-03-09T12:06:05.616+0000] {logging_mixin.py:190} INFO - [2026-03-09T12:06:05.616+0000] {dag.py:4180} INFO - Setting next_dagrun for 02_travel_gmaps_ingestion to 2026-03-08 14:00:00+00:00, run_after=2026-03-09 08:00:00+00:00
[2026-03-09T12:06:05.666+0000] {processor.py:208} INFO - Processing /opt/airflow/dags/02_travel_gmaps_ingestion.py took 0.188 seconds
[2026-03-09T12:06:36.699+0000] {processor.py:186} INFO - Started process (PID=14520) to work on /opt/airflow/dags/02_travel_gmaps_ingestion.py
[2026-03-09T12:06:36.702+0000] {processor.py:914} INFO - Processing file /opt/airflow/dags/02_travel_gmaps_ingestion.py for tasks to queue
[2026-03-09T12:06:36.709+0000] {logging_mixin.py:190} INFO - [2026-03-09T12:06:36.708+0000] {dagbag.py:588} INFO - Filling up the DagBag from /opt/airflow/dags/02_travel_gmaps_ingestion.py
[2026-03-09T12:06:36.743+0000] {processor.py:925} INFO - DAG(s) '02_travel_gmaps_ingestion' retrieved from /opt/airflow/dags/02_travel_gmaps_ingestion.py
[2026-03-09T12:06:36.787+0000] {logging_mixin.py:190} INFO - [2026-03-09T12:06:36.787+0000] {dag.py:3239} INFO - Sync 1 DAGs
[2026-03-09T12:06:36.824+0000] {logging_mixin.py:190} INFO - [2026-03-09T12:06:36.822+0000] {dag.py:4180} INFO - Setting next_dagrun for 02_travel_gmaps_ingestion to 2026-03-08 14:00:00+00:00, run_after=2026-03-09 08:00:00+00:00
[2026-03-09T12:06:36.852+0000] {processor.py:208} INFO - Processing /opt/airflow/dags/02_travel_gmaps_ingestion.py took 0.165 seconds
[2026-03-09T12:07:07.456+0000] {processor.py:186} INFO - Started process (PID=14540) to work on /opt/airflow/dags/02_travel_gmaps_ingestion.py
[2026-03-09T12:07:07.457+0000] {processor.py:914} INFO - Processing file /opt/airflow/dags/02_travel_gmaps_ingestion.py for tasks to queue
[2026-03-09T12:07:07.460+0000] {logging_mixin.py:190} INFO - [2026-03-09T12:07:07.460+0000] {dagbag.py:588} INFO - Filling up the DagBag from /opt/airflow/dags/02_travel_gmaps_ingestion.py
[2026-03-09T12:07:07.482+0000] {processor.py:925} INFO - DAG(s) '02_travel_gmaps_ingestion' retrieved from /opt/airflow/dags/02_travel_gmaps_ingestion.py
[2026-03-09T12:07:07.515+0000] {logging_mixin.py:190} INFO - [2026-03-09T12:07:07.515+0000] {dag.py:3239} INFO - Sync 1 DAGs
[2026-03-09T12:07:07.545+0000] {logging_mixin.py:190} INFO - [2026-03-09T12:07:07.545+0000] {dag.py:4180} INFO - Setting next_dagrun for 02_travel_gmaps_ingestion to 2026-03-08 14:00:00+00:00, run_after=2026-03-09 08:00:00+00:00
[2026-03-09T12:07:07.573+0000] {processor.py:208} INFO - Processing /opt/airflow/dags/02_travel_gmaps_ingestion.py took 0.124 seconds
[2026-03-09T12:07:38.209+0000] {processor.py:186} INFO - Started process (PID=14560) to work on /opt/airflow/dags/02_travel_gmaps_ingestion.py
[2026-03-09T12:07:38.211+0000] {processor.py:914} INFO - Processing file /opt/airflow/dags/02_travel_gmaps_ingestion.py for tasks to queue
[2026-03-09T12:07:38.214+0000] {logging_mixin.py:190} INFO - [2026-03-09T12:07:38.213+0000] {dagbag.py:588} INFO - Filling up the DagBag from /opt/airflow/dags/02_travel_gmaps_ingestion.py
[2026-03-09T12:07:38.235+0000] {processor.py:925} INFO - DAG(s) '02_travel_gmaps_ingestion' retrieved from /opt/airflow/dags/02_travel_gmaps_ingestion.py
[2026-03-09T12:07:38.267+0000] {logging_mixin.py:190} INFO - [2026-03-09T12:07:38.267+0000] {dag.py:3239} INFO - Sync 1 DAGs
[2026-03-09T12:07:38.296+0000] {logging_mixin.py:190} INFO - [2026-03-09T12:07:38.296+0000] {dag.py:4180} INFO - Setting next_dagrun for 02_travel_gmaps_ingestion to 2026-03-08 14:00:00+00:00, run_after=2026-03-09 08:00:00+00:00
[2026-03-09T12:07:38.323+0000] {processor.py:208} INFO - Processing /opt/airflow/dags/02_travel_gmaps_ingestion.py took 0.122 seconds
[2026-03-09T12:08:09.024+0000] {processor.py:186} INFO - Started process (PID=14580) to work on /opt/airflow/dags/02_travel_gmaps_ingestion.py
[2026-03-09T12:08:09.025+0000] {processor.py:914} INFO - Processing file /opt/airflow/dags/02_travel_gmaps_ingestion.py for tasks to queue
[2026-03-09T12:08:09.028+0000] {logging_mixin.py:190} INFO - [2026-03-09T12:08:09.028+0000] {dagbag.py:588} INFO - Filling up the DagBag from /opt/airflow/dags/02_travel_gmaps_ingestion.py
[2026-03-09T12:08:09.053+0000] {processor.py:925} INFO - DAG(s) '02_travel_gmaps_ingestion' retrieved from /opt/airflow/dags/02_travel_gmaps_ingestion.py
[2026-03-09T12:08:09.085+0000] {logging_mixin.py:190} INFO - [2026-03-09T12:08:09.085+0000] {dag.py:3239} INFO - Sync 1 DAGs
[2026-03-09T12:08:09.114+0000] {logging_mixin.py:190} INFO - [2026-03-09T12:08:09.114+0000] {dag.py:4180} INFO - Setting next_dagrun for 02_travel_gmaps_ingestion to 2026-03-08 14:00:00+00:00, run_after=2026-03-09 08:00:00+00:00
[2026-03-09T12:08:09.149+0000] {processor.py:208} INFO - Processing /opt/airflow/dags/02_travel_gmaps_ingestion.py took 0.133 seconds
[2026-03-09T12:08:39.677+0000] {processor.py:186} INFO - Started process (PID=14600) to work on /opt/airflow/dags/02_travel_gmaps_ingestion.py
[2026-03-09T12:08:39.678+0000] {processor.py:914} INFO - Processing file /opt/airflow/dags/02_travel_gmaps_ingestion.py for tasks to queue
[2026-03-09T12:08:39.682+0000] {logging_mixin.py:190} INFO - [2026-03-09T12:08:39.681+0000] {dagbag.py:588} INFO - Filling up the DagBag from /opt/airflow/dags/02_travel_gmaps_ingestion.py
[2026-03-09T12:08:39.706+0000] {processor.py:925} INFO - DAG(s) '02_travel_gmaps_ingestion' retrieved from /opt/airflow/dags/02_travel_gmaps_ingestion.py
[2026-03-09T12:08:39.748+0000] {logging_mixin.py:190} INFO - [2026-03-09T12:08:39.748+0000] {dag.py:3239} INFO - Sync 1 DAGs
[2026-03-09T12:08:39.778+0000] {logging_mixin.py:190} INFO - [2026-03-09T12:08:39.777+0000] {dag.py:4180} INFO - Setting next_dagrun for 02_travel_gmaps_ingestion to 2026-03-08 14:00:00+00:00, run_after=2026-03-09 08:00:00+00:00
[2026-03-09T12:08:39.808+0000] {processor.py:208} INFO - Processing /opt/airflow/dags/02_travel_gmaps_ingestion.py took 0.140 seconds
[2026-03-09T12:09:10.564+0000] {processor.py:186} INFO - Started process (PID=14620) to work on /opt/airflow/dags/02_travel_gmaps_ingestion.py
[2026-03-09T12:09:10.565+0000] {processor.py:914} INFO - Processing file /opt/airflow/dags/02_travel_gmaps_ingestion.py for tasks to queue
[2026-03-09T12:09:10.568+0000] {logging_mixin.py:190} INFO - [2026-03-09T12:09:10.568+0000] {dagbag.py:588} INFO - Filling up the DagBag from /opt/airflow/dags/02_travel_gmaps_ingestion.py
[2026-03-09T12:09:10.589+0000] {processor.py:925} INFO - DAG(s) '02_travel_gmaps_ingestion' retrieved from /opt/airflow/dags/02_travel_gmaps_ingestion.py
[2026-03-09T12:09:10.622+0000] {logging_mixin.py:190} INFO - [2026-03-09T12:09:10.622+0000] {dag.py:3239} INFO - Sync 1 DAGs
[2026-03-09T12:09:10.651+0000] {logging_mixin.py:190} INFO - [2026-03-09T12:09:10.650+0000] {dag.py:4180} INFO - Setting next_dagrun for 02_travel_gmaps_ingestion to 2026-03-08 14:00:00+00:00, run_after=2026-03-09 08:00:00+00:00
[2026-03-09T12:09:10.687+0000] {processor.py:208} INFO - Processing /opt/airflow/dags/02_travel_gmaps_ingestion.py took 0.132 seconds
[2026-03-09T12:09:41.228+0000] {processor.py:186} INFO - Started process (PID=14640) to work on /opt/airflow/dags/02_travel_gmaps_ingestion.py
[2026-03-09T12:09:41.230+0000] {processor.py:914} INFO - Processing file /opt/airflow/dags/02_travel_gmaps_ingestion.py for tasks to queue
[2026-03-09T12:09:41.235+0000] {logging_mixin.py:190} INFO - [2026-03-09T12:09:41.235+0000] {dagbag.py:588} INFO - Filling up the DagBag from /opt/airflow/dags/02_travel_gmaps_ingestion.py
[2026-03-09T12:09:41.275+0000] {processor.py:925} INFO - DAG(s) '02_travel_gmaps_ingestion' retrieved from /opt/airflow/dags/02_travel_gmaps_ingestion.py
[2026-03-09T12:09:41.316+0000] {logging_mixin.py:190} INFO - [2026-03-09T12:09:41.316+0000] {dag.py:3239} INFO - Sync 1 DAGs
[2026-03-09T12:09:41.350+0000] {logging_mixin.py:190} INFO - [2026-03-09T12:09:41.350+0000] {dag.py:4180} INFO - Setting next_dagrun for 02_travel_gmaps_ingestion to 2026-03-08 14:00:00+00:00, run_after=2026-03-09 08:00:00+00:00
[2026-03-09T12:09:41.380+0000] {processor.py:208} INFO - Processing /opt/airflow/dags/02_travel_gmaps_ingestion.py took 0.164 seconds
[2026-03-09T12:10:12.067+0000] {processor.py:186} INFO - Started process (PID=14660) to work on /opt/airflow/dags/02_travel_gmaps_ingestion.py
[2026-03-09T12:10:12.071+0000] {processor.py:914} INFO - Processing file /opt/airflow/dags/02_travel_gmaps_ingestion.py for tasks to queue
[2026-03-09T12:10:12.078+0000] {logging_mixin.py:190} INFO - [2026-03-09T12:10:12.077+0000] {dagbag.py:588} INFO - Filling up the DagBag from /opt/airflow/dags/02_travel_gmaps_ingestion.py
[2026-03-09T12:10:12.151+0000] {processor.py:925} INFO - DAG(s) '02_travel_gmaps_ingestion' retrieved from /opt/airflow/dags/02_travel_gmaps_ingestion.py
[2026-03-09T12:10:12.427+0000] {logging_mixin.py:190} INFO - [2026-03-09T12:10:12.426+0000] {dag.py:3239} INFO - Sync 1 DAGs
[2026-03-09T12:10:12.489+0000] {logging_mixin.py:190} INFO - [2026-03-09T12:10:12.489+0000] {dag.py:4180} INFO - Setting next_dagrun for 02_travel_gmaps_ingestion to 2026-03-08 14:00:00+00:00, run_after=2026-03-09 08:00:00+00:00
[2026-03-09T12:10:12.546+0000] {processor.py:208} INFO - Processing /opt/airflow/dags/02_travel_gmaps_ingestion.py took 0.515 seconds
[2026-03-09T12:11:31.317+0000] {processor.py:186} INFO - Started process (PID=14680) to work on /opt/airflow/dags/02_travel_gmaps_ingestion.py
[2026-03-09T12:11:37.893+0000] {processor.py:914} INFO - Processing file /opt/airflow/dags/02_travel_gmaps_ingestion.py for tasks to queue
[2026-03-09T12:12:12.021+0000] {logging_mixin.py:190} INFO - [2026-03-09T12:11:58.293+0000] {dagbag.py:588} INFO - Filling up the DagBag from /opt/airflow/dags/02_travel_gmaps_ingestion.py
[2026-03-09T12:12:45.079+0000] {processor.py:186} INFO - Started process (PID=14696) to work on /opt/airflow/dags/02_travel_gmaps_ingestion.py
[2026-03-09T12:12:45.090+0000] {processor.py:914} INFO - Processing file /opt/airflow/dags/02_travel_gmaps_ingestion.py for tasks to queue
[2026-03-09T12:12:45.109+0000] {logging_mixin.py:190} INFO - [2026-03-09T12:12:45.108+0000] {dagbag.py:588} INFO - Filling up the DagBag from /opt/airflow/dags/02_travel_gmaps_ingestion.py
[2026-03-09T12:12:45.363+0000] {processor.py:925} INFO - DAG(s) '02_travel_gmaps_ingestion' retrieved from /opt/airflow/dags/02_travel_gmaps_ingestion.py
[2026-03-09T12:13:16.642+0000] {processor.py:211} ERROR - Got an exception! Propagating...
Traceback (most recent call last):
  File "/home/airflow/.local/lib/python3.12/site-packages/sqlalchemy/engine/base.py", line 3371, in _wrap_pool_connect
    return fn()
           ^^^^
  File "/home/airflow/.local/lib/python3.12/site-packages/sqlalchemy/pool/base.py", line 327, in connect
    return _ConnectionFairy._checkout(self)
           ^^^^^^^^^^^^^^^^^^^^^^^^^^^^^^^^
  File "/home/airflow/.local/lib/python3.12/site-packages/sqlalchemy/pool/base.py", line 894, in _checkout
    fairy = _ConnectionRecord.checkout(pool)
            ^^^^^^^^^^^^^^^^^^^^^^^^^^^^^^^^
  File "/home/airflow/.local/lib/python3.12/site-packages/sqlalchemy/pool/base.py", line 493, in checkout
    rec = pool._do_get()
          ^^^^^^^^^^^^^^
  File "/home/airflow/.local/lib/python3.12/site-packages/sqlalchemy/pool/impl.py", line 145, in _do_get
    with util.safe_reraise():
         ^^^^^^^^^^^^^^^^^^^
  File "/home/airflow/.local/lib/python3.12/site-packages/sqlalchemy/util/langhelpers.py", line 70, in __exit__
    compat.raise_(
  File "/home/airflow/.local/lib/python3.12/site-packages/sqlalchemy/util/compat.py", line 211, in raise_
    raise exception
  File "/home/airflow/.local/lib/python3.12/site-packages/sqlalchemy/pool/impl.py", line 143, in _do_get
    return self._create_connection()
           ^^^^^^^^^^^^^^^^^^^^^^^^^
  File "/home/airflow/.local/lib/python3.12/site-packages/sqlalchemy/pool/base.py", line 273, in _create_connection
    return _ConnectionRecord(self)
           ^^^^^^^^^^^^^^^^^^^^^^^
  File "/home/airflow/.local/lib/python3.12/site-packages/sqlalchemy/pool/base.py", line 388, in __init__
    self.__connect()
  File "/home/airflow/.local/lib/python3.12/site-packages/sqlalchemy/pool/base.py", line 690, in __connect
    with util.safe_reraise():
         ^^^^^^^^^^^^^^^^^^^
  File "/home/airflow/.local/lib/python3.12/site-packages/sqlalchemy/util/langhelpers.py", line 70, in __exit__
    compat.raise_(
  File "/home/airflow/.local/lib/python3.12/site-packages/sqlalchemy/util/compat.py", line 211, in raise_
    raise exception
  File "/home/airflow/.local/lib/python3.12/site-packages/sqlalchemy/pool/base.py", line 686, in __connect
    self.dbapi_connection = connection = pool._invoke_creator(self)
                                         ^^^^^^^^^^^^^^^^^^^^^^^^^^
  File "/home/airflow/.local/lib/python3.12/site-packages/sqlalchemy/engine/create.py", line 574, in connect
    return dialect.connect(*cargs, **cparams)
           ^^^^^^^^^^^^^^^^^^^^^^^^^^^^^^^^^^
  File "/home/airflow/.local/lib/python3.12/site-packages/sqlalchemy/engine/default.py", line 598, in connect
    return self.dbapi.connect(*cargs, **cparams)
           ^^^^^^^^^^^^^^^^^^^^^^^^^^^^^^^^^^^^^
  File "/home/airflow/.local/lib/python3.12/site-packages/psycopg2/__init__.py", line 122, in connect
    conn = _connect(dsn, connection_factory=connection_factory, **kwasync)
           ^^^^^^^^^^^^^^^^^^^^^^^^^^^^^^^^^^^^^^^^^^^^^^^^^^^^^^^^^^^^^^^
psycopg2.OperationalError: could not translate host name "postgres" to address: Temporary failure in name resolution


The above exception was the direct cause of the following exception:

Traceback (most recent call last):
  File "/home/airflow/.local/lib/python3.12/site-packages/airflow/dag_processing/processor.py", line 207, in _run_file_processor
    _handle_dag_file_processing()
  File "/home/airflow/.local/lib/python3.12/site-packages/airflow/dag_processing/processor.py", line 188, in _handle_dag_file_processing
    result: tuple[int, int, int] = dag_file_processor.process_file(
                                   ^^^^^^^^^^^^^^^^^^^^^^^^^^^^^^^^
  File "/home/airflow/.local/lib/python3.12/site-packages/airflow/utils/session.py", line 97, in wrapper
    return func(*args, session=session, **kwargs)
           ^^^^^^^^^^^^^^^^^^^^^^^^^^^^^^^^^^^^^^
  File "/home/airflow/.local/lib/python3.12/site-packages/airflow/dag_processing/processor.py", line 942, in process_file
    serialize_errors = DagFileProcessor.save_dag_to_db(
                       ^^^^^^^^^^^^^^^^^^^^^^^^^^^^^^^^
  File "/home/airflow/.local/lib/python3.12/site-packages/airflow/api_internal/internal_api_call.py", line 166, in wrapper
    return func(*args, **kwargs)
           ^^^^^^^^^^^^^^^^^^^^^
  File "/home/airflow/.local/lib/python3.12/site-packages/airflow/utils/session.py", line 97, in wrapper
    return func(*args, session=session, **kwargs)
           ^^^^^^^^^^^^^^^^^^^^^^^^^^^^^^^^^^^^^^
  File "/home/airflow/.local/lib/python3.12/site-packages/airflow/dag_processing/processor.py", line 982, in save_dag_to_db
    import_errors = DagBag._sync_to_db(dags=dags, processor_subdir=dag_directory, session=session)
                    ^^^^^^^^^^^^^^^^^^^^^^^^^^^^^^^^^^^^^^^^^^^^^^^^^^^^^^^^^^^^^^^^^^^^^^^^^^^^^^
  File "/home/airflow/.local/lib/python3.12/site-packages/airflow/utils/session.py", line 94, in wrapper
    return func(*args, **kwargs)
           ^^^^^^^^^^^^^^^^^^^^^
  File "/home/airflow/.local/lib/python3.12/site-packages/airflow/models/dagbag.py", line 708, in _sync_to_db
    for attempt in run_with_db_retries(logger=log):
                   ^^^^^^^^^^^^^^^^^^^^^^^^^^^^^^^
  File "/home/airflow/.local/lib/python3.12/site-packages/tenacity/__init__.py", line 443, in __iter__
    do = self.iter(retry_state=retry_state)
         ^^^^^^^^^^^^^^^^^^^^^^^^^^^^^^^^^^
  File "/home/airflow/.local/lib/python3.12/site-packages/tenacity/__init__.py", line 376, in iter
    result = action(retry_state)
             ^^^^^^^^^^^^^^^^^^^
  File "/home/airflow/.local/lib/python3.12/site-packages/tenacity/__init__.py", line 418, in exc_check
    raise retry_exc.reraise()
          ^^^^^^^^^^^^^^^^^^^
  File "/home/airflow/.local/lib/python3.12/site-packages/tenacity/__init__.py", line 185, in reraise
    raise self.last_attempt.result()
          ^^^^^^^^^^^^^^^^^^^^^^^^^^
  File "/usr/local/lib/python3.12/concurrent/futures/_base.py", line 449, in result
    return self.__get_result()
           ^^^^^^^^^^^^^^^^^^^
  File "/usr/local/lib/python3.12/concurrent/futures/_base.py", line 401, in __get_result
    raise self._exception
  File "/home/airflow/.local/lib/python3.12/site-packages/airflow/models/dagbag.py", line 721, in _sync_to_db
    _serialize_dag_capturing_errors(dag, session, processor_subdir)
  File "/home/airflow/.local/lib/python3.12/site-packages/airflow/models/dagbag.py", line 686, in _serialize_dag_capturing_errors
    dag_was_updated = SerializedDagModel.write_dag(
                      ^^^^^^^^^^^^^^^^^^^^^^^^^^^^^
  File "/home/airflow/.local/lib/python3.12/site-packages/airflow/utils/session.py", line 94, in wrapper
    return func(*args, **kwargs)
           ^^^^^^^^^^^^^^^^^^^^^
  File "/home/airflow/.local/lib/python3.12/site-packages/airflow/models/serialized_dag.py", line 160, in write_dag
    if session.scalar(
       ^^^^^^^^^^^^^^^
  File "/home/airflow/.local/lib/python3.12/site-packages/sqlalchemy/orm/session.py", line 1747, in scalar
    return self.execute(
           ^^^^^^^^^^^^^
  File "/home/airflow/.local/lib/python3.12/site-packages/sqlalchemy/orm/session.py", line 1716, in execute
    conn = self._connection_for_bind(bind)
           ^^^^^^^^^^^^^^^^^^^^^^^^^^^^^^^
  File "/home/airflow/.local/lib/python3.12/site-packages/sqlalchemy/orm/session.py", line 1555, in _connection_for_bind
    return self._transaction._connection_for_bind(
           ^^^^^^^^^^^^^^^^^^^^^^^^^^^^^^^^^^^^^^^
  File "/home/airflow/.local/lib/python3.12/site-packages/sqlalchemy/orm/session.py", line 750, in _connection_for_bind
    conn = bind.connect()
           ^^^^^^^^^^^^^^
  File "/home/airflow/.local/lib/python3.12/site-packages/sqlalchemy/future/engine.py", line 412, in connect
    return super(Engine, self).connect()
           ^^^^^^^^^^^^^^^^^^^^^^^^^^^^^
  File "/home/airflow/.local/lib/python3.12/site-packages/sqlalchemy/engine/base.py", line 3325, in connect
    return self._connection_cls(self, close_with_result=close_with_result)
           ^^^^^^^^^^^^^^^^^^^^^^^^^^^^^^^^^^^^^^^^^^^^^^^^^^^^^^^^^^^^^^^
  File "/home/airflow/.local/lib/python3.12/site-packages/sqlalchemy/engine/base.py", line 96, in __init__
    else engine.raw_connection()
         ^^^^^^^^^^^^^^^^^^^^^^^
  File "/home/airflow/.local/lib/python3.12/site-packages/sqlalchemy/engine/base.py", line 3404, in raw_connection
    return self._wrap_pool_connect(self.pool.connect, _connection)
           ^^^^^^^^^^^^^^^^^^^^^^^^^^^^^^^^^^^^^^^^^^^^^^^^^^^^^^^
  File "/home/airflow/.local/lib/python3.12/site-packages/sqlalchemy/engine/base.py", line 3374, in _wrap_pool_connect
    Connection._handle_dbapi_exception_noconnection(
  File "/home/airflow/.local/lib/python3.12/site-packages/sqlalchemy/engine/base.py", line 2208, in _handle_dbapi_exception_noconnection
    util.raise_(
  File "/home/airflow/.local/lib/python3.12/site-packages/sqlalchemy/util/compat.py", line 211, in raise_
    raise exception
  File "/home/airflow/.local/lib/python3.12/site-packages/sqlalchemy/engine/base.py", line 3371, in _wrap_pool_connect
    return fn()
           ^^^^
  File "/home/airflow/.local/lib/python3.12/site-packages/sqlalchemy/pool/base.py", line 327, in connect
    return _ConnectionFairy._checkout(self)
           ^^^^^^^^^^^^^^^^^^^^^^^^^^^^^^^^
  File "/home/airflow/.local/lib/python3.12/site-packages/sqlalchemy/pool/base.py", line 894, in _checkout
    fairy = _ConnectionRecord.checkout(pool)
            ^^^^^^^^^^^^^^^^^^^^^^^^^^^^^^^^
  File "/home/airflow/.local/lib/python3.12/site-packages/sqlalchemy/pool/base.py", line 493, in checkout
    rec = pool._do_get()
          ^^^^^^^^^^^^^^
  File "/home/airflow/.local/lib/python3.12/site-packages/sqlalchemy/pool/impl.py", line 145, in _do_get
    with util.safe_reraise():
         ^^^^^^^^^^^^^^^^^^^
  File "/home/airflow/.local/lib/python3.12/site-packages/sqlalchemy/util/langhelpers.py", line 70, in __exit__
    compat.raise_(
  File "/home/airflow/.local/lib/python3.12/site-packages/sqlalchemy/util/compat.py", line 211, in raise_
    raise exception
  File "/home/airflow/.local/lib/python3.12/site-packages/sqlalchemy/pool/impl.py", line 143, in _do_get
    return self._create_connection()
           ^^^^^^^^^^^^^^^^^^^^^^^^^
  File "/home/airflow/.local/lib/python3.12/site-packages/sqlalchemy/pool/base.py", line 273, in _create_connection
    return _ConnectionRecord(self)
           ^^^^^^^^^^^^^^^^^^^^^^^
  File "/home/airflow/.local/lib/python3.12/site-packages/sqlalchemy/pool/base.py", line 388, in __init__
    self.__connect()
  File "/home/airflow/.local/lib/python3.12/site-packages/sqlalchemy/pool/base.py", line 690, in __connect
    with util.safe_reraise():
         ^^^^^^^^^^^^^^^^^^^
  File "/home/airflow/.local/lib/python3.12/site-packages/sqlalchemy/util/langhelpers.py", line 70, in __exit__
    compat.raise_(
  File "/home/airflow/.local/lib/python3.12/site-packages/sqlalchemy/util/compat.py", line 211, in raise_
    raise exception
  File "/home/airflow/.local/lib/python3.12/site-packages/sqlalchemy/pool/base.py", line 686, in __connect
    self.dbapi_connection = connection = pool._invoke_creator(self)
                                         ^^^^^^^^^^^^^^^^^^^^^^^^^^
  File "/home/airflow/.local/lib/python3.12/site-packages/sqlalchemy/engine/create.py", line 574, in connect
    return dialect.connect(*cargs, **cparams)
           ^^^^^^^^^^^^^^^^^^^^^^^^^^^^^^^^^^
  File "/home/airflow/.local/lib/python3.12/site-packages/sqlalchemy/engine/default.py", line 598, in connect
    return self.dbapi.connect(*cargs, **cparams)
           ^^^^^^^^^^^^^^^^^^^^^^^^^^^^^^^^^^^^^
  File "/home/airflow/.local/lib/python3.12/site-packages/psycopg2/__init__.py", line 122, in connect
    conn = _connect(dsn, connection_factory=connection_factory, **kwasync)
           ^^^^^^^^^^^^^^^^^^^^^^^^^^^^^^^^^^^^^^^^^^^^^^^^^^^^^^^^^^^^^^^
sqlalchemy.exc.OperationalError: (psycopg2.OperationalError) could not translate host name "postgres" to address: Temporary failure in name resolution

(Background on this error at: https://sqlalche.me/e/14/e3q8)
[2026-03-09T12:13:48.442+0000] {processor.py:186} INFO - Started process (PID=14714) to work on /opt/airflow/dags/02_travel_gmaps_ingestion.py
[2026-03-09T12:13:48.446+0000] {processor.py:914} INFO - Processing file /opt/airflow/dags/02_travel_gmaps_ingestion.py for tasks to queue
[2026-03-09T12:13:48.455+0000] {logging_mixin.py:190} INFO - [2026-03-09T12:13:48.451+0000] {dagbag.py:588} INFO - Filling up the DagBag from /opt/airflow/dags/02_travel_gmaps_ingestion.py
[2026-03-09T12:13:48.605+0000] {processor.py:925} INFO - DAG(s) '02_travel_gmaps_ingestion' retrieved from /opt/airflow/dags/02_travel_gmaps_ingestion.py
[2026-03-09T12:14:19.237+0000] {processor.py:211} ERROR - Got an exception! Propagating...
Traceback (most recent call last):
  File "/home/airflow/.local/lib/python3.12/site-packages/sqlalchemy/engine/base.py", line 3371, in _wrap_pool_connect
    return fn()
           ^^^^
  File "/home/airflow/.local/lib/python3.12/site-packages/sqlalchemy/pool/base.py", line 327, in connect
    return _ConnectionFairy._checkout(self)
           ^^^^^^^^^^^^^^^^^^^^^^^^^^^^^^^^
  File "/home/airflow/.local/lib/python3.12/site-packages/sqlalchemy/pool/base.py", line 894, in _checkout
    fairy = _ConnectionRecord.checkout(pool)
            ^^^^^^^^^^^^^^^^^^^^^^^^^^^^^^^^
  File "/home/airflow/.local/lib/python3.12/site-packages/sqlalchemy/pool/base.py", line 493, in checkout
    rec = pool._do_get()
          ^^^^^^^^^^^^^^
  File "/home/airflow/.local/lib/python3.12/site-packages/sqlalchemy/pool/impl.py", line 145, in _do_get
    with util.safe_reraise():
         ^^^^^^^^^^^^^^^^^^^
  File "/home/airflow/.local/lib/python3.12/site-packages/sqlalchemy/util/langhelpers.py", line 70, in __exit__
    compat.raise_(
  File "/home/airflow/.local/lib/python3.12/site-packages/sqlalchemy/util/compat.py", line 211, in raise_
    raise exception
  File "/home/airflow/.local/lib/python3.12/site-packages/sqlalchemy/pool/impl.py", line 143, in _do_get
    return self._create_connection()
           ^^^^^^^^^^^^^^^^^^^^^^^^^
  File "/home/airflow/.local/lib/python3.12/site-packages/sqlalchemy/pool/base.py", line 273, in _create_connection
    return _ConnectionRecord(self)
           ^^^^^^^^^^^^^^^^^^^^^^^
  File "/home/airflow/.local/lib/python3.12/site-packages/sqlalchemy/pool/base.py", line 388, in __init__
    self.__connect()
  File "/home/airflow/.local/lib/python3.12/site-packages/sqlalchemy/pool/base.py", line 690, in __connect
    with util.safe_reraise():
         ^^^^^^^^^^^^^^^^^^^
  File "/home/airflow/.local/lib/python3.12/site-packages/sqlalchemy/util/langhelpers.py", line 70, in __exit__
    compat.raise_(
  File "/home/airflow/.local/lib/python3.12/site-packages/sqlalchemy/util/compat.py", line 211, in raise_
    raise exception
  File "/home/airflow/.local/lib/python3.12/site-packages/sqlalchemy/pool/base.py", line 686, in __connect
    self.dbapi_connection = connection = pool._invoke_creator(self)
                                         ^^^^^^^^^^^^^^^^^^^^^^^^^^
  File "/home/airflow/.local/lib/python3.12/site-packages/sqlalchemy/engine/create.py", line 574, in connect
    return dialect.connect(*cargs, **cparams)
           ^^^^^^^^^^^^^^^^^^^^^^^^^^^^^^^^^^
  File "/home/airflow/.local/lib/python3.12/site-packages/sqlalchemy/engine/default.py", line 598, in connect
    return self.dbapi.connect(*cargs, **cparams)
           ^^^^^^^^^^^^^^^^^^^^^^^^^^^^^^^^^^^^^
  File "/home/airflow/.local/lib/python3.12/site-packages/psycopg2/__init__.py", line 122, in connect
    conn = _connect(dsn, connection_factory=connection_factory, **kwasync)
           ^^^^^^^^^^^^^^^^^^^^^^^^^^^^^^^^^^^^^^^^^^^^^^^^^^^^^^^^^^^^^^^
psycopg2.OperationalError: could not translate host name "postgres" to address: Temporary failure in name resolution


The above exception was the direct cause of the following exception:

Traceback (most recent call last):
  File "/home/airflow/.local/lib/python3.12/site-packages/airflow/dag_processing/processor.py", line 207, in _run_file_processor
    _handle_dag_file_processing()
  File "/home/airflow/.local/lib/python3.12/site-packages/airflow/dag_processing/processor.py", line 188, in _handle_dag_file_processing
    result: tuple[int, int, int] = dag_file_processor.process_file(
                                   ^^^^^^^^^^^^^^^^^^^^^^^^^^^^^^^^
  File "/home/airflow/.local/lib/python3.12/site-packages/airflow/utils/session.py", line 97, in wrapper
    return func(*args, session=session, **kwargs)
           ^^^^^^^^^^^^^^^^^^^^^^^^^^^^^^^^^^^^^^
  File "/home/airflow/.local/lib/python3.12/site-packages/airflow/dag_processing/processor.py", line 942, in process_file
    serialize_errors = DagFileProcessor.save_dag_to_db(
                       ^^^^^^^^^^^^^^^^^^^^^^^^^^^^^^^^
  File "/home/airflow/.local/lib/python3.12/site-packages/airflow/api_internal/internal_api_call.py", line 166, in wrapper
    return func(*args, **kwargs)
           ^^^^^^^^^^^^^^^^^^^^^
  File "/home/airflow/.local/lib/python3.12/site-packages/airflow/utils/session.py", line 97, in wrapper
    return func(*args, session=session, **kwargs)
           ^^^^^^^^^^^^^^^^^^^^^^^^^^^^^^^^^^^^^^
  File "/home/airflow/.local/lib/python3.12/site-packages/airflow/dag_processing/processor.py", line 982, in save_dag_to_db
    import_errors = DagBag._sync_to_db(dags=dags, processor_subdir=dag_directory, session=session)
                    ^^^^^^^^^^^^^^^^^^^^^^^^^^^^^^^^^^^^^^^^^^^^^^^^^^^^^^^^^^^^^^^^^^^^^^^^^^^^^^
  File "/home/airflow/.local/lib/python3.12/site-packages/airflow/utils/session.py", line 94, in wrapper
    return func(*args, **kwargs)
           ^^^^^^^^^^^^^^^^^^^^^
  File "/home/airflow/.local/lib/python3.12/site-packages/airflow/models/dagbag.py", line 708, in _sync_to_db
    for attempt in run_with_db_retries(logger=log):
                   ^^^^^^^^^^^^^^^^^^^^^^^^^^^^^^^
  File "/home/airflow/.local/lib/python3.12/site-packages/tenacity/__init__.py", line 443, in __iter__
    do = self.iter(retry_state=retry_state)
         ^^^^^^^^^^^^^^^^^^^^^^^^^^^^^^^^^^
  File "/home/airflow/.local/lib/python3.12/site-packages/tenacity/__init__.py", line 376, in iter
    result = action(retry_state)
             ^^^^^^^^^^^^^^^^^^^
  File "/home/airflow/.local/lib/python3.12/site-packages/tenacity/__init__.py", line 418, in exc_check
    raise retry_exc.reraise()
          ^^^^^^^^^^^^^^^^^^^
  File "/home/airflow/.local/lib/python3.12/site-packages/tenacity/__init__.py", line 185, in reraise
    raise self.last_attempt.result()
          ^^^^^^^^^^^^^^^^^^^^^^^^^^
  File "/usr/local/lib/python3.12/concurrent/futures/_base.py", line 449, in result
    return self.__get_result()
           ^^^^^^^^^^^^^^^^^^^
  File "/usr/local/lib/python3.12/concurrent/futures/_base.py", line 401, in __get_result
    raise self._exception
  File "/home/airflow/.local/lib/python3.12/site-packages/airflow/models/dagbag.py", line 721, in _sync_to_db
    _serialize_dag_capturing_errors(dag, session, processor_subdir)
  File "/home/airflow/.local/lib/python3.12/site-packages/airflow/models/dagbag.py", line 686, in _serialize_dag_capturing_errors
    dag_was_updated = SerializedDagModel.write_dag(
                      ^^^^^^^^^^^^^^^^^^^^^^^^^^^^^
  File "/home/airflow/.local/lib/python3.12/site-packages/airflow/utils/session.py", line 94, in wrapper
    return func(*args, **kwargs)
           ^^^^^^^^^^^^^^^^^^^^^
  File "/home/airflow/.local/lib/python3.12/site-packages/airflow/models/serialized_dag.py", line 160, in write_dag
    if session.scalar(
       ^^^^^^^^^^^^^^^
  File "/home/airflow/.local/lib/python3.12/site-packages/sqlalchemy/orm/session.py", line 1747, in scalar
    return self.execute(
           ^^^^^^^^^^^^^
  File "/home/airflow/.local/lib/python3.12/site-packages/sqlalchemy/orm/session.py", line 1716, in execute
    conn = self._connection_for_bind(bind)
           ^^^^^^^^^^^^^^^^^^^^^^^^^^^^^^^
  File "/home/airflow/.local/lib/python3.12/site-packages/sqlalchemy/orm/session.py", line 1555, in _connection_for_bind
    return self._transaction._connection_for_bind(
           ^^^^^^^^^^^^^^^^^^^^^^^^^^^^^^^^^^^^^^^
  File "/home/airflow/.local/lib/python3.12/site-packages/sqlalchemy/orm/session.py", line 750, in _connection_for_bind
    conn = bind.connect()
           ^^^^^^^^^^^^^^
  File "/home/airflow/.local/lib/python3.12/site-packages/sqlalchemy/future/engine.py", line 412, in connect
    return super(Engine, self).connect()
           ^^^^^^^^^^^^^^^^^^^^^^^^^^^^^
  File "/home/airflow/.local/lib/python3.12/site-packages/sqlalchemy/engine/base.py", line 3325, in connect
    return self._connection_cls(self, close_with_result=close_with_result)
           ^^^^^^^^^^^^^^^^^^^^^^^^^^^^^^^^^^^^^^^^^^^^^^^^^^^^^^^^^^^^^^^
  File "/home/airflow/.local/lib/python3.12/site-packages/sqlalchemy/engine/base.py", line 96, in __init__
    else engine.raw_connection()
         ^^^^^^^^^^^^^^^^^^^^^^^
  File "/home/airflow/.local/lib/python3.12/site-packages/sqlalchemy/engine/base.py", line 3404, in raw_connection
    return self._wrap_pool_connect(self.pool.connect, _connection)
           ^^^^^^^^^^^^^^^^^^^^^^^^^^^^^^^^^^^^^^^^^^^^^^^^^^^^^^^
  File "/home/airflow/.local/lib/python3.12/site-packages/sqlalchemy/engine/base.py", line 3374, in _wrap_pool_connect
    Connection._handle_dbapi_exception_noconnection(
  File "/home/airflow/.local/lib/python3.12/site-packages/sqlalchemy/engine/base.py", line 2208, in _handle_dbapi_exception_noconnection
    util.raise_(
  File "/home/airflow/.local/lib/python3.12/site-packages/sqlalchemy/util/compat.py", line 211, in raise_
    raise exception
  File "/home/airflow/.local/lib/python3.12/site-packages/sqlalchemy/engine/base.py", line 3371, in _wrap_pool_connect
    return fn()
           ^^^^
  File "/home/airflow/.local/lib/python3.12/site-packages/sqlalchemy/pool/base.py", line 327, in connect
    return _ConnectionFairy._checkout(self)
           ^^^^^^^^^^^^^^^^^^^^^^^^^^^^^^^^
  File "/home/airflow/.local/lib/python3.12/site-packages/sqlalchemy/pool/base.py", line 894, in _checkout
    fairy = _ConnectionRecord.checkout(pool)
            ^^^^^^^^^^^^^^^^^^^^^^^^^^^^^^^^
  File "/home/airflow/.local/lib/python3.12/site-packages/sqlalchemy/pool/base.py", line 493, in checkout
    rec = pool._do_get()
          ^^^^^^^^^^^^^^
  File "/home/airflow/.local/lib/python3.12/site-packages/sqlalchemy/pool/impl.py", line 145, in _do_get
    with util.safe_reraise():
         ^^^^^^^^^^^^^^^^^^^
  File "/home/airflow/.local/lib/python3.12/site-packages/sqlalchemy/util/langhelpers.py", line 70, in __exit__
    compat.raise_(
  File "/home/airflow/.local/lib/python3.12/site-packages/sqlalchemy/util/compat.py", line 211, in raise_
    raise exception
  File "/home/airflow/.local/lib/python3.12/site-packages/sqlalchemy/pool/impl.py", line 143, in _do_get
    return self._create_connection()
           ^^^^^^^^^^^^^^^^^^^^^^^^^
  File "/home/airflow/.local/lib/python3.12/site-packages/sqlalchemy/pool/base.py", line 273, in _create_connection
    return _ConnectionRecord(self)
           ^^^^^^^^^^^^^^^^^^^^^^^
  File "/home/airflow/.local/lib/python3.12/site-packages/sqlalchemy/pool/base.py", line 388, in __init__
    self.__connect()
  File "/home/airflow/.local/lib/python3.12/site-packages/sqlalchemy/pool/base.py", line 690, in __connect
    with util.safe_reraise():
         ^^^^^^^^^^^^^^^^^^^
  File "/home/airflow/.local/lib/python3.12/site-packages/sqlalchemy/util/langhelpers.py", line 70, in __exit__
    compat.raise_(
  File "/home/airflow/.local/lib/python3.12/site-packages/sqlalchemy/util/compat.py", line 211, in raise_
    raise exception
  File "/home/airflow/.local/lib/python3.12/site-packages/sqlalchemy/pool/base.py", line 686, in __connect
    self.dbapi_connection = connection = pool._invoke_creator(self)
                                         ^^^^^^^^^^^^^^^^^^^^^^^^^^
  File "/home/airflow/.local/lib/python3.12/site-packages/sqlalchemy/engine/create.py", line 574, in connect
    return dialect.connect(*cargs, **cparams)
           ^^^^^^^^^^^^^^^^^^^^^^^^^^^^^^^^^^
  File "/home/airflow/.local/lib/python3.12/site-packages/sqlalchemy/engine/default.py", line 598, in connect
    return self.dbapi.connect(*cargs, **cparams)
           ^^^^^^^^^^^^^^^^^^^^^^^^^^^^^^^^^^^^^
  File "/home/airflow/.local/lib/python3.12/site-packages/psycopg2/__init__.py", line 122, in connect
    conn = _connect(dsn, connection_factory=connection_factory, **kwasync)
           ^^^^^^^^^^^^^^^^^^^^^^^^^^^^^^^^^^^^^^^^^^^^^^^^^^^^^^^^^^^^^^^
sqlalchemy.exc.OperationalError: (psycopg2.OperationalError) could not translate host name "postgres" to address: Temporary failure in name resolution

(Background on this error at: https://sqlalche.me/e/14/e3q8)
[2026-03-09T12:16:15.375+0000] {processor.py:186} INFO - Started process (PID=14732) to work on /opt/airflow/dags/02_travel_gmaps_ingestion.py
[2026-03-09T12:16:15.378+0000] {processor.py:914} INFO - Processing file /opt/airflow/dags/02_travel_gmaps_ingestion.py for tasks to queue
[2026-03-09T12:16:15.397+0000] {logging_mixin.py:190} INFO - [2026-03-09T12:16:15.384+0000] {dagbag.py:588} INFO - Filling up the DagBag from /opt/airflow/dags/02_travel_gmaps_ingestion.py
[2026-03-09T12:16:15.569+0000] {processor.py:925} INFO - DAG(s) '02_travel_gmaps_ingestion' retrieved from /opt/airflow/dags/02_travel_gmaps_ingestion.py
[2026-03-09T12:16:46.627+0000] {processor.py:211} ERROR - Got an exception! Propagating...
Traceback (most recent call last):
  File "/home/airflow/.local/lib/python3.12/site-packages/sqlalchemy/engine/base.py", line 3371, in _wrap_pool_connect
    return fn()
           ^^^^
  File "/home/airflow/.local/lib/python3.12/site-packages/sqlalchemy/pool/base.py", line 327, in connect
    return _ConnectionFairy._checkout(self)
           ^^^^^^^^^^^^^^^^^^^^^^^^^^^^^^^^
  File "/home/airflow/.local/lib/python3.12/site-packages/sqlalchemy/pool/base.py", line 894, in _checkout
    fairy = _ConnectionRecord.checkout(pool)
            ^^^^^^^^^^^^^^^^^^^^^^^^^^^^^^^^
  File "/home/airflow/.local/lib/python3.12/site-packages/sqlalchemy/pool/base.py", line 493, in checkout
    rec = pool._do_get()
          ^^^^^^^^^^^^^^
  File "/home/airflow/.local/lib/python3.12/site-packages/sqlalchemy/pool/impl.py", line 145, in _do_get
    with util.safe_reraise():
         ^^^^^^^^^^^^^^^^^^^
  File "/home/airflow/.local/lib/python3.12/site-packages/sqlalchemy/util/langhelpers.py", line 70, in __exit__
    compat.raise_(
  File "/home/airflow/.local/lib/python3.12/site-packages/sqlalchemy/util/compat.py", line 211, in raise_
    raise exception
  File "/home/airflow/.local/lib/python3.12/site-packages/sqlalchemy/pool/impl.py", line 143, in _do_get
    return self._create_connection()
           ^^^^^^^^^^^^^^^^^^^^^^^^^
  File "/home/airflow/.local/lib/python3.12/site-packages/sqlalchemy/pool/base.py", line 273, in _create_connection
    return _ConnectionRecord(self)
           ^^^^^^^^^^^^^^^^^^^^^^^
  File "/home/airflow/.local/lib/python3.12/site-packages/sqlalchemy/pool/base.py", line 388, in __init__
    self.__connect()
  File "/home/airflow/.local/lib/python3.12/site-packages/sqlalchemy/pool/base.py", line 690, in __connect
    with util.safe_reraise():
         ^^^^^^^^^^^^^^^^^^^
  File "/home/airflow/.local/lib/python3.12/site-packages/sqlalchemy/util/langhelpers.py", line 70, in __exit__
    compat.raise_(
  File "/home/airflow/.local/lib/python3.12/site-packages/sqlalchemy/util/compat.py", line 211, in raise_
    raise exception
  File "/home/airflow/.local/lib/python3.12/site-packages/sqlalchemy/pool/base.py", line 686, in __connect
    self.dbapi_connection = connection = pool._invoke_creator(self)
                                         ^^^^^^^^^^^^^^^^^^^^^^^^^^
  File "/home/airflow/.local/lib/python3.12/site-packages/sqlalchemy/engine/create.py", line 574, in connect
    return dialect.connect(*cargs, **cparams)
           ^^^^^^^^^^^^^^^^^^^^^^^^^^^^^^^^^^
  File "/home/airflow/.local/lib/python3.12/site-packages/sqlalchemy/engine/default.py", line 598, in connect
    return self.dbapi.connect(*cargs, **cparams)
           ^^^^^^^^^^^^^^^^^^^^^^^^^^^^^^^^^^^^^
  File "/home/airflow/.local/lib/python3.12/site-packages/psycopg2/__init__.py", line 122, in connect
    conn = _connect(dsn, connection_factory=connection_factory, **kwasync)
           ^^^^^^^^^^^^^^^^^^^^^^^^^^^^^^^^^^^^^^^^^^^^^^^^^^^^^^^^^^^^^^^
psycopg2.OperationalError: could not translate host name "postgres" to address: Temporary failure in name resolution


The above exception was the direct cause of the following exception:

Traceback (most recent call last):
  File "/home/airflow/.local/lib/python3.12/site-packages/airflow/dag_processing/processor.py", line 207, in _run_file_processor
    _handle_dag_file_processing()
  File "/home/airflow/.local/lib/python3.12/site-packages/airflow/dag_processing/processor.py", line 188, in _handle_dag_file_processing
    result: tuple[int, int, int] = dag_file_processor.process_file(
                                   ^^^^^^^^^^^^^^^^^^^^^^^^^^^^^^^^
  File "/home/airflow/.local/lib/python3.12/site-packages/airflow/utils/session.py", line 97, in wrapper
    return func(*args, session=session, **kwargs)
           ^^^^^^^^^^^^^^^^^^^^^^^^^^^^^^^^^^^^^^
  File "/home/airflow/.local/lib/python3.12/site-packages/airflow/dag_processing/processor.py", line 942, in process_file
    serialize_errors = DagFileProcessor.save_dag_to_db(
                       ^^^^^^^^^^^^^^^^^^^^^^^^^^^^^^^^
  File "/home/airflow/.local/lib/python3.12/site-packages/airflow/api_internal/internal_api_call.py", line 166, in wrapper
    return func(*args, **kwargs)
           ^^^^^^^^^^^^^^^^^^^^^
  File "/home/airflow/.local/lib/python3.12/site-packages/airflow/utils/session.py", line 97, in wrapper
    return func(*args, session=session, **kwargs)
           ^^^^^^^^^^^^^^^^^^^^^^^^^^^^^^^^^^^^^^
  File "/home/airflow/.local/lib/python3.12/site-packages/airflow/dag_processing/processor.py", line 982, in save_dag_to_db
    import_errors = DagBag._sync_to_db(dags=dags, processor_subdir=dag_directory, session=session)
                    ^^^^^^^^^^^^^^^^^^^^^^^^^^^^^^^^^^^^^^^^^^^^^^^^^^^^^^^^^^^^^^^^^^^^^^^^^^^^^^
  File "/home/airflow/.local/lib/python3.12/site-packages/airflow/utils/session.py", line 94, in wrapper
    return func(*args, **kwargs)
           ^^^^^^^^^^^^^^^^^^^^^
  File "/home/airflow/.local/lib/python3.12/site-packages/airflow/models/dagbag.py", line 708, in _sync_to_db
    for attempt in run_with_db_retries(logger=log):
                   ^^^^^^^^^^^^^^^^^^^^^^^^^^^^^^^
  File "/home/airflow/.local/lib/python3.12/site-packages/tenacity/__init__.py", line 443, in __iter__
    do = self.iter(retry_state=retry_state)
         ^^^^^^^^^^^^^^^^^^^^^^^^^^^^^^^^^^
  File "/home/airflow/.local/lib/python3.12/site-packages/tenacity/__init__.py", line 376, in iter
    result = action(retry_state)
             ^^^^^^^^^^^^^^^^^^^
  File "/home/airflow/.local/lib/python3.12/site-packages/tenacity/__init__.py", line 418, in exc_check
    raise retry_exc.reraise()
          ^^^^^^^^^^^^^^^^^^^
  File "/home/airflow/.local/lib/python3.12/site-packages/tenacity/__init__.py", line 185, in reraise
    raise self.last_attempt.result()
          ^^^^^^^^^^^^^^^^^^^^^^^^^^
  File "/usr/local/lib/python3.12/concurrent/futures/_base.py", line 449, in result
    return self.__get_result()
           ^^^^^^^^^^^^^^^^^^^
  File "/usr/local/lib/python3.12/concurrent/futures/_base.py", line 401, in __get_result
    raise self._exception
  File "/home/airflow/.local/lib/python3.12/site-packages/airflow/models/dagbag.py", line 721, in _sync_to_db
    _serialize_dag_capturing_errors(dag, session, processor_subdir)
  File "/home/airflow/.local/lib/python3.12/site-packages/airflow/models/dagbag.py", line 686, in _serialize_dag_capturing_errors
    dag_was_updated = SerializedDagModel.write_dag(
                      ^^^^^^^^^^^^^^^^^^^^^^^^^^^^^
  File "/home/airflow/.local/lib/python3.12/site-packages/airflow/utils/session.py", line 94, in wrapper
    return func(*args, **kwargs)
           ^^^^^^^^^^^^^^^^^^^^^
  File "/home/airflow/.local/lib/python3.12/site-packages/airflow/models/serialized_dag.py", line 160, in write_dag
    if session.scalar(
       ^^^^^^^^^^^^^^^
  File "/home/airflow/.local/lib/python3.12/site-packages/sqlalchemy/orm/session.py", line 1747, in scalar
    return self.execute(
           ^^^^^^^^^^^^^
  File "/home/airflow/.local/lib/python3.12/site-packages/sqlalchemy/orm/session.py", line 1716, in execute
    conn = self._connection_for_bind(bind)
           ^^^^^^^^^^^^^^^^^^^^^^^^^^^^^^^
  File "/home/airflow/.local/lib/python3.12/site-packages/sqlalchemy/orm/session.py", line 1555, in _connection_for_bind
    return self._transaction._connection_for_bind(
           ^^^^^^^^^^^^^^^^^^^^^^^^^^^^^^^^^^^^^^^
  File "/home/airflow/.local/lib/python3.12/site-packages/sqlalchemy/orm/session.py", line 750, in _connection_for_bind
    conn = bind.connect()
           ^^^^^^^^^^^^^^
  File "/home/airflow/.local/lib/python3.12/site-packages/sqlalchemy/future/engine.py", line 412, in connect
    return super(Engine, self).connect()
           ^^^^^^^^^^^^^^^^^^^^^^^^^^^^^
  File "/home/airflow/.local/lib/python3.12/site-packages/sqlalchemy/engine/base.py", line 3325, in connect
    return self._connection_cls(self, close_with_result=close_with_result)
           ^^^^^^^^^^^^^^^^^^^^^^^^^^^^^^^^^^^^^^^^^^^^^^^^^^^^^^^^^^^^^^^
  File "/home/airflow/.local/lib/python3.12/site-packages/sqlalchemy/engine/base.py", line 96, in __init__
    else engine.raw_connection()
         ^^^^^^^^^^^^^^^^^^^^^^^
  File "/home/airflow/.local/lib/python3.12/site-packages/sqlalchemy/engine/base.py", line 3404, in raw_connection
    return self._wrap_pool_connect(self.pool.connect, _connection)
           ^^^^^^^^^^^^^^^^^^^^^^^^^^^^^^^^^^^^^^^^^^^^^^^^^^^^^^^
  File "/home/airflow/.local/lib/python3.12/site-packages/sqlalchemy/engine/base.py", line 3374, in _wrap_pool_connect
    Connection._handle_dbapi_exception_noconnection(
  File "/home/airflow/.local/lib/python3.12/site-packages/sqlalchemy/engine/base.py", line 2208, in _handle_dbapi_exception_noconnection
    util.raise_(
  File "/home/airflow/.local/lib/python3.12/site-packages/sqlalchemy/util/compat.py", line 211, in raise_
    raise exception
  File "/home/airflow/.local/lib/python3.12/site-packages/sqlalchemy/engine/base.py", line 3371, in _wrap_pool_connect
    return fn()
           ^^^^
  File "/home/airflow/.local/lib/python3.12/site-packages/sqlalchemy/pool/base.py", line 327, in connect
    return _ConnectionFairy._checkout(self)
           ^^^^^^^^^^^^^^^^^^^^^^^^^^^^^^^^
  File "/home/airflow/.local/lib/python3.12/site-packages/sqlalchemy/pool/base.py", line 894, in _checkout
    fairy = _ConnectionRecord.checkout(pool)
            ^^^^^^^^^^^^^^^^^^^^^^^^^^^^^^^^
  File "/home/airflow/.local/lib/python3.12/site-packages/sqlalchemy/pool/base.py", line 493, in checkout
    rec = pool._do_get()
          ^^^^^^^^^^^^^^
  File "/home/airflow/.local/lib/python3.12/site-packages/sqlalchemy/pool/impl.py", line 145, in _do_get
    with util.safe_reraise():
         ^^^^^^^^^^^^^^^^^^^
  File "/home/airflow/.local/lib/python3.12/site-packages/sqlalchemy/util/langhelpers.py", line 70, in __exit__
    compat.raise_(
  File "/home/airflow/.local/lib/python3.12/site-packages/sqlalchemy/util/compat.py", line 211, in raise_
    raise exception
  File "/home/airflow/.local/lib/python3.12/site-packages/sqlalchemy/pool/impl.py", line 143, in _do_get
    return self._create_connection()
           ^^^^^^^^^^^^^^^^^^^^^^^^^
  File "/home/airflow/.local/lib/python3.12/site-packages/sqlalchemy/pool/base.py", line 273, in _create_connection
    return _ConnectionRecord(self)
           ^^^^^^^^^^^^^^^^^^^^^^^
  File "/home/airflow/.local/lib/python3.12/site-packages/sqlalchemy/pool/base.py", line 388, in __init__
    self.__connect()
  File "/home/airflow/.local/lib/python3.12/site-packages/sqlalchemy/pool/base.py", line 690, in __connect
    with util.safe_reraise():
         ^^^^^^^^^^^^^^^^^^^
  File "/home/airflow/.local/lib/python3.12/site-packages/sqlalchemy/util/langhelpers.py", line 70, in __exit__
    compat.raise_(
  File "/home/airflow/.local/lib/python3.12/site-packages/sqlalchemy/util/compat.py", line 211, in raise_
    raise exception
  File "/home/airflow/.local/lib/python3.12/site-packages/sqlalchemy/pool/base.py", line 686, in __connect
    self.dbapi_connection = connection = pool._invoke_creator(self)
                                         ^^^^^^^^^^^^^^^^^^^^^^^^^^
  File "/home/airflow/.local/lib/python3.12/site-packages/sqlalchemy/engine/create.py", line 574, in connect
    return dialect.connect(*cargs, **cparams)
           ^^^^^^^^^^^^^^^^^^^^^^^^^^^^^^^^^^
  File "/home/airflow/.local/lib/python3.12/site-packages/sqlalchemy/engine/default.py", line 598, in connect
    return self.dbapi.connect(*cargs, **cparams)
           ^^^^^^^^^^^^^^^^^^^^^^^^^^^^^^^^^^^^^
  File "/home/airflow/.local/lib/python3.12/site-packages/psycopg2/__init__.py", line 122, in connect
    conn = _connect(dsn, connection_factory=connection_factory, **kwasync)
           ^^^^^^^^^^^^^^^^^^^^^^^^^^^^^^^^^^^^^^^^^^^^^^^^^^^^^^^^^^^^^^^
sqlalchemy.exc.OperationalError: (psycopg2.OperationalError) could not translate host name "postgres" to address: Temporary failure in name resolution

(Background on this error at: https://sqlalche.me/e/14/e3q8)
[2026-03-09T12:17:29.191+0000] {processor.py:186} INFO - Started process (PID=14752) to work on /opt/airflow/dags/02_travel_gmaps_ingestion.py
[2026-03-09T12:17:29.192+0000] {processor.py:914} INFO - Processing file /opt/airflow/dags/02_travel_gmaps_ingestion.py for tasks to queue
[2026-03-09T12:17:29.195+0000] {logging_mixin.py:190} INFO - [2026-03-09T12:17:29.194+0000] {dagbag.py:588} INFO - Filling up the DagBag from /opt/airflow/dags/02_travel_gmaps_ingestion.py
[2026-03-09T12:17:29.276+0000] {processor.py:925} INFO - DAG(s) '02_travel_gmaps_ingestion' retrieved from /opt/airflow/dags/02_travel_gmaps_ingestion.py
[2026-03-09T12:17:29.495+0000] {logging_mixin.py:190} INFO - [2026-03-09T12:17:29.495+0000] {dag.py:3239} INFO - Sync 1 DAGs
[2026-03-09T12:17:29.522+0000] {logging_mixin.py:190} INFO - [2026-03-09T12:17:29.521+0000] {dag.py:4180} INFO - Setting next_dagrun for 02_travel_gmaps_ingestion to 2026-03-08 14:00:00+00:00, run_after=2026-03-09 08:00:00+00:00
[2026-03-09T12:17:29.546+0000] {processor.py:208} INFO - Processing /opt/airflow/dags/02_travel_gmaps_ingestion.py took 0.416 seconds
[2026-03-09T12:18:00.711+0000] {processor.py:186} INFO - Started process (PID=14775) to work on /opt/airflow/dags/02_travel_gmaps_ingestion.py
[2026-03-09T12:18:00.719+0000] {processor.py:914} INFO - Processing file /opt/airflow/dags/02_travel_gmaps_ingestion.py for tasks to queue
[2026-03-09T12:18:00.726+0000] {logging_mixin.py:190} INFO - [2026-03-09T12:18:00.725+0000] {dagbag.py:588} INFO - Filling up the DagBag from /opt/airflow/dags/02_travel_gmaps_ingestion.py
[2026-03-09T12:18:00.915+0000] {processor.py:925} INFO - DAG(s) '02_travel_gmaps_ingestion' retrieved from /opt/airflow/dags/02_travel_gmaps_ingestion.py
[2026-03-09T12:18:01.069+0000] {logging_mixin.py:190} INFO - [2026-03-09T12:18:01.068+0000] {dag.py:3239} INFO - Sync 1 DAGs
[2026-03-09T12:18:01.298+0000] {logging_mixin.py:190} INFO - [2026-03-09T12:18:01.298+0000] {dag.py:4180} INFO - Setting next_dagrun for 02_travel_gmaps_ingestion to 2026-03-08 14:00:00+00:00, run_after=2026-03-09 08:00:00+00:00
[2026-03-09T12:18:01.421+0000] {processor.py:208} INFO - Processing /opt/airflow/dags/02_travel_gmaps_ingestion.py took 0.738 seconds
[2026-03-09T12:18:31.779+0000] {processor.py:186} INFO - Started process (PID=14795) to work on /opt/airflow/dags/02_travel_gmaps_ingestion.py
[2026-03-09T12:18:31.781+0000] {processor.py:914} INFO - Processing file /opt/airflow/dags/02_travel_gmaps_ingestion.py for tasks to queue
[2026-03-09T12:18:31.784+0000] {logging_mixin.py:190} INFO - [2026-03-09T12:18:31.783+0000] {dagbag.py:588} INFO - Filling up the DagBag from /opt/airflow/dags/02_travel_gmaps_ingestion.py
[2026-03-09T12:18:31.833+0000] {processor.py:925} INFO - DAG(s) '02_travel_gmaps_ingestion' retrieved from /opt/airflow/dags/02_travel_gmaps_ingestion.py
[2026-03-09T12:18:31.901+0000] {logging_mixin.py:190} INFO - [2026-03-09T12:18:31.901+0000] {dag.py:3239} INFO - Sync 1 DAGs
[2026-03-09T12:18:31.961+0000] {logging_mixin.py:190} INFO - [2026-03-09T12:18:31.960+0000] {dag.py:4180} INFO - Setting next_dagrun for 02_travel_gmaps_ingestion to 2026-03-08 14:00:00+00:00, run_after=2026-03-09 08:00:00+00:00
[2026-03-09T12:18:32.016+0000] {processor.py:208} INFO - Processing /opt/airflow/dags/02_travel_gmaps_ingestion.py took 0.258 seconds
[2026-03-09T12:19:02.724+0000] {processor.py:186} INFO - Started process (PID=14815) to work on /opt/airflow/dags/02_travel_gmaps_ingestion.py
[2026-03-09T12:19:02.725+0000] {processor.py:914} INFO - Processing file /opt/airflow/dags/02_travel_gmaps_ingestion.py for tasks to queue
[2026-03-09T12:19:02.727+0000] {logging_mixin.py:190} INFO - [2026-03-09T12:19:02.727+0000] {dagbag.py:588} INFO - Filling up the DagBag from /opt/airflow/dags/02_travel_gmaps_ingestion.py
[2026-03-09T12:19:02.749+0000] {processor.py:925} INFO - DAG(s) '02_travel_gmaps_ingestion' retrieved from /opt/airflow/dags/02_travel_gmaps_ingestion.py
[2026-03-09T12:19:02.779+0000] {logging_mixin.py:190} INFO - [2026-03-09T12:19:02.778+0000] {dag.py:3239} INFO - Sync 1 DAGs
[2026-03-09T12:19:02.828+0000] {logging_mixin.py:190} INFO - [2026-03-09T12:19:02.828+0000] {dag.py:4180} INFO - Setting next_dagrun for 02_travel_gmaps_ingestion to 2026-03-08 14:00:00+00:00, run_after=2026-03-09 08:00:00+00:00
[2026-03-09T12:19:02.858+0000] {processor.py:208} INFO - Processing /opt/airflow/dags/02_travel_gmaps_ingestion.py took 0.141 seconds
[2026-03-09T12:19:33.480+0000] {processor.py:186} INFO - Started process (PID=14833) to work on /opt/airflow/dags/02_travel_gmaps_ingestion.py
[2026-03-09T12:19:33.482+0000] {processor.py:914} INFO - Processing file /opt/airflow/dags/02_travel_gmaps_ingestion.py for tasks to queue
[2026-03-09T12:19:33.485+0000] {logging_mixin.py:190} INFO - [2026-03-09T12:19:33.484+0000] {dagbag.py:588} INFO - Filling up the DagBag from /opt/airflow/dags/02_travel_gmaps_ingestion.py
[2026-03-09T12:19:33.540+0000] {processor.py:925} INFO - DAG(s) '02_travel_gmaps_ingestion' retrieved from /opt/airflow/dags/02_travel_gmaps_ingestion.py
[2026-03-09T12:19:33.604+0000] {logging_mixin.py:190} INFO - [2026-03-09T12:19:33.603+0000] {dag.py:3239} INFO - Sync 1 DAGs
[2026-03-09T12:19:33.659+0000] {logging_mixin.py:190} INFO - [2026-03-09T12:19:33.658+0000] {dag.py:4180} INFO - Setting next_dagrun for 02_travel_gmaps_ingestion to 2026-03-08 14:00:00+00:00, run_after=2026-03-09 08:00:00+00:00
[2026-03-09T12:19:33.687+0000] {processor.py:208} INFO - Processing /opt/airflow/dags/02_travel_gmaps_ingestion.py took 0.229 seconds
[2026-03-09T12:20:04.266+0000] {processor.py:186} INFO - Started process (PID=14855) to work on /opt/airflow/dags/02_travel_gmaps_ingestion.py
[2026-03-09T12:20:04.268+0000] {processor.py:914} INFO - Processing file /opt/airflow/dags/02_travel_gmaps_ingestion.py for tasks to queue
[2026-03-09T12:20:04.270+0000] {logging_mixin.py:190} INFO - [2026-03-09T12:20:04.269+0000] {dagbag.py:588} INFO - Filling up the DagBag from /opt/airflow/dags/02_travel_gmaps_ingestion.py
[2026-03-09T12:20:04.303+0000] {processor.py:925} INFO - DAG(s) '02_travel_gmaps_ingestion' retrieved from /opt/airflow/dags/02_travel_gmaps_ingestion.py
[2026-03-09T12:20:04.339+0000] {logging_mixin.py:190} INFO - [2026-03-09T12:20:04.338+0000] {dag.py:3239} INFO - Sync 1 DAGs
[2026-03-09T12:20:04.371+0000] {logging_mixin.py:190} INFO - [2026-03-09T12:20:04.371+0000] {dag.py:4180} INFO - Setting next_dagrun for 02_travel_gmaps_ingestion to 2026-03-08 14:00:00+00:00, run_after=2026-03-09 08:00:00+00:00
[2026-03-09T12:20:04.404+0000] {processor.py:208} INFO - Processing /opt/airflow/dags/02_travel_gmaps_ingestion.py took 0.146 seconds
[2026-03-09T12:20:35.194+0000] {processor.py:186} INFO - Started process (PID=14875) to work on /opt/airflow/dags/02_travel_gmaps_ingestion.py
[2026-03-09T12:20:35.197+0000] {processor.py:914} INFO - Processing file /opt/airflow/dags/02_travel_gmaps_ingestion.py for tasks to queue
[2026-03-09T12:20:35.203+0000] {logging_mixin.py:190} INFO - [2026-03-09T12:20:35.200+0000] {dagbag.py:588} INFO - Filling up the DagBag from /opt/airflow/dags/02_travel_gmaps_ingestion.py
[2026-03-09T12:20:35.298+0000] {processor.py:925} INFO - DAG(s) '02_travel_gmaps_ingestion' retrieved from /opt/airflow/dags/02_travel_gmaps_ingestion.py
[2026-03-09T12:20:35.447+0000] {logging_mixin.py:190} INFO - [2026-03-09T12:20:35.446+0000] {dag.py:3239} INFO - Sync 1 DAGs
[2026-03-09T12:20:35.596+0000] {logging_mixin.py:190} INFO - [2026-03-09T12:20:35.595+0000] {dag.py:4180} INFO - Setting next_dagrun for 02_travel_gmaps_ingestion to 2026-03-08 14:00:00+00:00, run_after=2026-03-09 08:00:00+00:00
[2026-03-09T12:20:35.684+0000] {processor.py:208} INFO - Processing /opt/airflow/dags/02_travel_gmaps_ingestion.py took 0.519 seconds
[2026-03-09T12:21:05.876+0000] {processor.py:186} INFO - Started process (PID=14892) to work on /opt/airflow/dags/02_travel_gmaps_ingestion.py
[2026-03-09T12:21:05.879+0000] {processor.py:914} INFO - Processing file /opt/airflow/dags/02_travel_gmaps_ingestion.py for tasks to queue
[2026-03-09T12:21:05.882+0000] {logging_mixin.py:190} INFO - [2026-03-09T12:21:05.881+0000] {dagbag.py:588} INFO - Filling up the DagBag from /opt/airflow/dags/02_travel_gmaps_ingestion.py
[2026-03-09T12:21:05.926+0000] {processor.py:925} INFO - DAG(s) '02_travel_gmaps_ingestion' retrieved from /opt/airflow/dags/02_travel_gmaps_ingestion.py
[2026-03-09T12:21:05.993+0000] {logging_mixin.py:190} INFO - [2026-03-09T12:21:05.993+0000] {dag.py:3239} INFO - Sync 1 DAGs
[2026-03-09T12:21:06.040+0000] {logging_mixin.py:190} INFO - [2026-03-09T12:21:06.040+0000] {dag.py:4180} INFO - Setting next_dagrun for 02_travel_gmaps_ingestion to 2026-03-08 14:00:00+00:00, run_after=2026-03-09 08:00:00+00:00
[2026-03-09T12:21:06.071+0000] {processor.py:208} INFO - Processing /opt/airflow/dags/02_travel_gmaps_ingestion.py took 0.208 seconds
[2026-03-09T12:21:36.969+0000] {processor.py:186} INFO - Started process (PID=14915) to work on /opt/airflow/dags/02_travel_gmaps_ingestion.py
[2026-03-09T12:21:36.971+0000] {processor.py:914} INFO - Processing file /opt/airflow/dags/02_travel_gmaps_ingestion.py for tasks to queue
[2026-03-09T12:21:36.974+0000] {logging_mixin.py:190} INFO - [2026-03-09T12:21:36.973+0000] {dagbag.py:588} INFO - Filling up the DagBag from /opt/airflow/dags/02_travel_gmaps_ingestion.py
[2026-03-09T12:21:37.006+0000] {processor.py:925} INFO - DAG(s) '02_travel_gmaps_ingestion' retrieved from /opt/airflow/dags/02_travel_gmaps_ingestion.py
[2026-03-09T12:21:37.055+0000] {logging_mixin.py:190} INFO - [2026-03-09T12:21:37.054+0000] {dag.py:3239} INFO - Sync 1 DAGs
[2026-03-09T12:21:37.104+0000] {logging_mixin.py:190} INFO - [2026-03-09T12:21:37.104+0000] {dag.py:4180} INFO - Setting next_dagrun for 02_travel_gmaps_ingestion to 2026-03-08 14:00:00+00:00, run_after=2026-03-09 08:00:00+00:00
[2026-03-09T12:21:37.149+0000] {processor.py:208} INFO - Processing /opt/airflow/dags/02_travel_gmaps_ingestion.py took 0.200 seconds
[2026-03-09T12:22:08.108+0000] {processor.py:186} INFO - Started process (PID=14935) to work on /opt/airflow/dags/02_travel_gmaps_ingestion.py
[2026-03-09T12:22:08.110+0000] {processor.py:914} INFO - Processing file /opt/airflow/dags/02_travel_gmaps_ingestion.py for tasks to queue
[2026-03-09T12:22:08.112+0000] {logging_mixin.py:190} INFO - [2026-03-09T12:22:08.112+0000] {dagbag.py:588} INFO - Filling up the DagBag from /opt/airflow/dags/02_travel_gmaps_ingestion.py
[2026-03-09T12:22:08.146+0000] {processor.py:925} INFO - DAG(s) '02_travel_gmaps_ingestion' retrieved from /opt/airflow/dags/02_travel_gmaps_ingestion.py
[2026-03-09T12:22:08.192+0000] {logging_mixin.py:190} INFO - [2026-03-09T12:22:08.192+0000] {dag.py:3239} INFO - Sync 1 DAGs
[2026-03-09T12:22:08.229+0000] {logging_mixin.py:190} INFO - [2026-03-09T12:22:08.229+0000] {dag.py:4180} INFO - Setting next_dagrun for 02_travel_gmaps_ingestion to 2026-03-08 14:00:00+00:00, run_after=2026-03-09 08:00:00+00:00
[2026-03-09T12:22:08.258+0000] {processor.py:208} INFO - Processing /opt/airflow/dags/02_travel_gmaps_ingestion.py took 0.164 seconds
[2026-03-09T12:22:39.072+0000] {processor.py:186} INFO - Started process (PID=14955) to work on /opt/airflow/dags/02_travel_gmaps_ingestion.py
[2026-03-09T12:22:39.074+0000] {processor.py:914} INFO - Processing file /opt/airflow/dags/02_travel_gmaps_ingestion.py for tasks to queue
[2026-03-09T12:22:39.075+0000] {logging_mixin.py:190} INFO - [2026-03-09T12:22:39.075+0000] {dagbag.py:588} INFO - Filling up the DagBag from /opt/airflow/dags/02_travel_gmaps_ingestion.py
[2026-03-09T12:22:39.105+0000] {processor.py:925} INFO - DAG(s) '02_travel_gmaps_ingestion' retrieved from /opt/airflow/dags/02_travel_gmaps_ingestion.py
[2026-03-09T12:22:39.150+0000] {logging_mixin.py:190} INFO - [2026-03-09T12:22:39.149+0000] {dag.py:3239} INFO - Sync 1 DAGs
[2026-03-09T12:22:39.185+0000] {logging_mixin.py:190} INFO - [2026-03-09T12:22:39.184+0000] {dag.py:4180} INFO - Setting next_dagrun for 02_travel_gmaps_ingestion to 2026-03-08 14:00:00+00:00, run_after=2026-03-09 08:00:00+00:00
[2026-03-09T12:22:39.218+0000] {processor.py:208} INFO - Processing /opt/airflow/dags/02_travel_gmaps_ingestion.py took 0.154 seconds
[2026-03-09T12:23:09.731+0000] {processor.py:186} INFO - Started process (PID=14975) to work on /opt/airflow/dags/02_travel_gmaps_ingestion.py
[2026-03-09T12:23:09.733+0000] {processor.py:914} INFO - Processing file /opt/airflow/dags/02_travel_gmaps_ingestion.py for tasks to queue
[2026-03-09T12:23:09.734+0000] {logging_mixin.py:190} INFO - [2026-03-09T12:23:09.734+0000] {dagbag.py:588} INFO - Filling up the DagBag from /opt/airflow/dags/02_travel_gmaps_ingestion.py
[2026-03-09T12:23:09.764+0000] {processor.py:925} INFO - DAG(s) '02_travel_gmaps_ingestion' retrieved from /opt/airflow/dags/02_travel_gmaps_ingestion.py
[2026-03-09T12:23:09.796+0000] {logging_mixin.py:190} INFO - [2026-03-09T12:23:09.796+0000] {dag.py:3239} INFO - Sync 1 DAGs
[2026-03-09T12:23:09.827+0000] {logging_mixin.py:190} INFO - [2026-03-09T12:23:09.827+0000] {dag.py:4180} INFO - Setting next_dagrun for 02_travel_gmaps_ingestion to 2026-03-08 14:00:00+00:00, run_after=2026-03-09 08:00:00+00:00
[2026-03-09T12:23:09.852+0000] {processor.py:208} INFO - Processing /opt/airflow/dags/02_travel_gmaps_ingestion.py took 0.129 seconds
[2026-03-09T12:23:40.640+0000] {processor.py:186} INFO - Started process (PID=14995) to work on /opt/airflow/dags/02_travel_gmaps_ingestion.py
[2026-03-09T12:23:40.641+0000] {processor.py:914} INFO - Processing file /opt/airflow/dags/02_travel_gmaps_ingestion.py for tasks to queue
[2026-03-09T12:23:40.643+0000] {logging_mixin.py:190} INFO - [2026-03-09T12:23:40.643+0000] {dagbag.py:588} INFO - Filling up the DagBag from /opt/airflow/dags/02_travel_gmaps_ingestion.py
[2026-03-09T12:23:40.661+0000] {processor.py:925} INFO - DAG(s) '02_travel_gmaps_ingestion' retrieved from /opt/airflow/dags/02_travel_gmaps_ingestion.py
[2026-03-09T12:23:40.690+0000] {logging_mixin.py:190} INFO - [2026-03-09T12:23:40.689+0000] {dag.py:3239} INFO - Sync 1 DAGs
[2026-03-09T12:23:40.722+0000] {logging_mixin.py:190} INFO - [2026-03-09T12:23:40.722+0000] {dag.py:4180} INFO - Setting next_dagrun for 02_travel_gmaps_ingestion to 2026-03-08 14:00:00+00:00, run_after=2026-03-09 08:00:00+00:00
[2026-03-09T12:23:40.753+0000] {processor.py:208} INFO - Processing /opt/airflow/dags/02_travel_gmaps_ingestion.py took 0.120 seconds
[2026-03-09T12:24:11.286+0000] {processor.py:186} INFO - Started process (PID=15015) to work on /opt/airflow/dags/02_travel_gmaps_ingestion.py
[2026-03-09T12:24:11.287+0000] {processor.py:914} INFO - Processing file /opt/airflow/dags/02_travel_gmaps_ingestion.py for tasks to queue
[2026-03-09T12:24:11.289+0000] {logging_mixin.py:190} INFO - [2026-03-09T12:24:11.288+0000] {dagbag.py:588} INFO - Filling up the DagBag from /opt/airflow/dags/02_travel_gmaps_ingestion.py
[2026-03-09T12:24:11.308+0000] {processor.py:925} INFO - DAG(s) '02_travel_gmaps_ingestion' retrieved from /opt/airflow/dags/02_travel_gmaps_ingestion.py
[2026-03-09T12:24:11.337+0000] {logging_mixin.py:190} INFO - [2026-03-09T12:24:11.337+0000] {dag.py:3239} INFO - Sync 1 DAGs
[2026-03-09T12:24:11.365+0000] {logging_mixin.py:190} INFO - [2026-03-09T12:24:11.365+0000] {dag.py:4180} INFO - Setting next_dagrun for 02_travel_gmaps_ingestion to 2026-03-08 14:00:00+00:00, run_after=2026-03-09 08:00:00+00:00
[2026-03-09T12:24:11.393+0000] {processor.py:208} INFO - Processing /opt/airflow/dags/02_travel_gmaps_ingestion.py took 0.113 seconds
[2026-03-09T12:24:42.059+0000] {processor.py:186} INFO - Started process (PID=15034) to work on /opt/airflow/dags/02_travel_gmaps_ingestion.py
[2026-03-09T12:24:42.061+0000] {processor.py:914} INFO - Processing file /opt/airflow/dags/02_travel_gmaps_ingestion.py for tasks to queue
[2026-03-09T12:24:42.062+0000] {logging_mixin.py:190} INFO - [2026-03-09T12:24:42.062+0000] {dagbag.py:588} INFO - Filling up the DagBag from /opt/airflow/dags/02_travel_gmaps_ingestion.py
[2026-03-09T12:24:42.081+0000] {processor.py:925} INFO - DAG(s) '02_travel_gmaps_ingestion' retrieved from /opt/airflow/dags/02_travel_gmaps_ingestion.py
[2026-03-09T12:24:42.113+0000] {logging_mixin.py:190} INFO - [2026-03-09T12:24:42.112+0000] {dag.py:3239} INFO - Sync 1 DAGs
[2026-03-09T12:24:42.141+0000] {logging_mixin.py:190} INFO - [2026-03-09T12:24:42.141+0000] {dag.py:4180} INFO - Setting next_dagrun for 02_travel_gmaps_ingestion to 2026-03-08 14:00:00+00:00, run_after=2026-03-09 08:00:00+00:00
[2026-03-09T12:24:42.170+0000] {processor.py:208} INFO - Processing /opt/airflow/dags/02_travel_gmaps_ingestion.py took 0.116 seconds
[2026-03-09T12:25:12.825+0000] {processor.py:186} INFO - Started process (PID=15055) to work on /opt/airflow/dags/02_travel_gmaps_ingestion.py
[2026-03-09T12:25:12.826+0000] {processor.py:914} INFO - Processing file /opt/airflow/dags/02_travel_gmaps_ingestion.py for tasks to queue
[2026-03-09T12:25:12.828+0000] {logging_mixin.py:190} INFO - [2026-03-09T12:25:12.827+0000] {dagbag.py:588} INFO - Filling up the DagBag from /opt/airflow/dags/02_travel_gmaps_ingestion.py
[2026-03-09T12:25:12.846+0000] {processor.py:925} INFO - DAG(s) '02_travel_gmaps_ingestion' retrieved from /opt/airflow/dags/02_travel_gmaps_ingestion.py
[2026-03-09T12:25:12.874+0000] {logging_mixin.py:190} INFO - [2026-03-09T12:25:12.874+0000] {dag.py:3239} INFO - Sync 1 DAGs
[2026-03-09T12:25:12.900+0000] {logging_mixin.py:190} INFO - [2026-03-09T12:25:12.900+0000] {dag.py:4180} INFO - Setting next_dagrun for 02_travel_gmaps_ingestion to 2026-03-08 14:00:00+00:00, run_after=2026-03-09 08:00:00+00:00
[2026-03-09T12:25:12.929+0000] {processor.py:208} INFO - Processing /opt/airflow/dags/02_travel_gmaps_ingestion.py took 0.109 seconds
[2026-03-09T12:25:43.626+0000] {processor.py:186} INFO - Started process (PID=15075) to work on /opt/airflow/dags/02_travel_gmaps_ingestion.py
[2026-03-09T12:25:43.627+0000] {processor.py:914} INFO - Processing file /opt/airflow/dags/02_travel_gmaps_ingestion.py for tasks to queue
[2026-03-09T12:25:43.628+0000] {logging_mixin.py:190} INFO - [2026-03-09T12:25:43.628+0000] {dagbag.py:588} INFO - Filling up the DagBag from /opt/airflow/dags/02_travel_gmaps_ingestion.py
[2026-03-09T12:25:43.647+0000] {processor.py:925} INFO - DAG(s) '02_travel_gmaps_ingestion' retrieved from /opt/airflow/dags/02_travel_gmaps_ingestion.py
[2026-03-09T12:25:43.672+0000] {logging_mixin.py:190} INFO - [2026-03-09T12:25:43.672+0000] {dag.py:3239} INFO - Sync 1 DAGs
[2026-03-09T12:25:43.696+0000] {logging_mixin.py:190} INFO - [2026-03-09T12:25:43.696+0000] {dag.py:4180} INFO - Setting next_dagrun for 02_travel_gmaps_ingestion to 2026-03-08 14:00:00+00:00, run_after=2026-03-09 08:00:00+00:00
[2026-03-09T12:25:43.723+0000] {processor.py:208} INFO - Processing /opt/airflow/dags/02_travel_gmaps_ingestion.py took 0.104 seconds
[2026-03-09T12:26:14.392+0000] {processor.py:186} INFO - Started process (PID=15095) to work on /opt/airflow/dags/02_travel_gmaps_ingestion.py
[2026-03-09T12:26:14.393+0000] {processor.py:914} INFO - Processing file /opt/airflow/dags/02_travel_gmaps_ingestion.py for tasks to queue
[2026-03-09T12:26:14.395+0000] {logging_mixin.py:190} INFO - [2026-03-09T12:26:14.394+0000] {dagbag.py:588} INFO - Filling up the DagBag from /opt/airflow/dags/02_travel_gmaps_ingestion.py
[2026-03-09T12:26:14.411+0000] {processor.py:925} INFO - DAG(s) '02_travel_gmaps_ingestion' retrieved from /opt/airflow/dags/02_travel_gmaps_ingestion.py
[2026-03-09T12:26:14.435+0000] {logging_mixin.py:190} INFO - [2026-03-09T12:26:14.435+0000] {dag.py:3239} INFO - Sync 1 DAGs
[2026-03-09T12:26:14.460+0000] {logging_mixin.py:190} INFO - [2026-03-09T12:26:14.460+0000] {dag.py:4180} INFO - Setting next_dagrun for 02_travel_gmaps_ingestion to 2026-03-08 14:00:00+00:00, run_after=2026-03-09 08:00:00+00:00
[2026-03-09T12:26:14.489+0000] {processor.py:208} INFO - Processing /opt/airflow/dags/02_travel_gmaps_ingestion.py took 0.103 seconds
[2026-03-09T12:26:45.184+0000] {processor.py:186} INFO - Started process (PID=15115) to work on /opt/airflow/dags/02_travel_gmaps_ingestion.py
[2026-03-09T12:26:45.185+0000] {processor.py:914} INFO - Processing file /opt/airflow/dags/02_travel_gmaps_ingestion.py for tasks to queue
[2026-03-09T12:26:45.187+0000] {logging_mixin.py:190} INFO - [2026-03-09T12:26:45.187+0000] {dagbag.py:588} INFO - Filling up the DagBag from /opt/airflow/dags/02_travel_gmaps_ingestion.py
[2026-03-09T12:26:45.205+0000] {processor.py:925} INFO - DAG(s) '02_travel_gmaps_ingestion' retrieved from /opt/airflow/dags/02_travel_gmaps_ingestion.py
[2026-03-09T12:26:45.229+0000] {logging_mixin.py:190} INFO - [2026-03-09T12:26:45.229+0000] {dag.py:3239} INFO - Sync 1 DAGs
[2026-03-09T12:26:45.253+0000] {logging_mixin.py:190} INFO - [2026-03-09T12:26:45.253+0000] {dag.py:4180} INFO - Setting next_dagrun for 02_travel_gmaps_ingestion to 2026-03-08 14:00:00+00:00, run_after=2026-03-09 08:00:00+00:00
[2026-03-09T12:26:45.277+0000] {processor.py:208} INFO - Processing /opt/airflow/dags/02_travel_gmaps_ingestion.py took 0.099 seconds
[2026-03-09T12:27:15.882+0000] {processor.py:186} INFO - Started process (PID=15135) to work on /opt/airflow/dags/02_travel_gmaps_ingestion.py
[2026-03-09T12:27:15.884+0000] {processor.py:914} INFO - Processing file /opt/airflow/dags/02_travel_gmaps_ingestion.py for tasks to queue
[2026-03-09T12:27:15.885+0000] {logging_mixin.py:190} INFO - [2026-03-09T12:27:15.885+0000] {dagbag.py:588} INFO - Filling up the DagBag from /opt/airflow/dags/02_travel_gmaps_ingestion.py
[2026-03-09T12:27:15.900+0000] {processor.py:925} INFO - DAG(s) '02_travel_gmaps_ingestion' retrieved from /opt/airflow/dags/02_travel_gmaps_ingestion.py
[2026-03-09T12:27:15.925+0000] {logging_mixin.py:190} INFO - [2026-03-09T12:27:15.925+0000] {dag.py:3239} INFO - Sync 1 DAGs
[2026-03-09T12:27:15.950+0000] {logging_mixin.py:190} INFO - [2026-03-09T12:27:15.950+0000] {dag.py:4180} INFO - Setting next_dagrun for 02_travel_gmaps_ingestion to 2026-03-08 14:00:00+00:00, run_after=2026-03-09 08:00:00+00:00
[2026-03-09T12:27:15.984+0000] {processor.py:208} INFO - Processing /opt/airflow/dags/02_travel_gmaps_ingestion.py took 0.108 seconds
[2026-03-09T12:27:46.677+0000] {processor.py:186} INFO - Started process (PID=15155) to work on /opt/airflow/dags/02_travel_gmaps_ingestion.py
[2026-03-09T12:27:46.679+0000] {processor.py:914} INFO - Processing file /opt/airflow/dags/02_travel_gmaps_ingestion.py for tasks to queue
[2026-03-09T12:27:46.680+0000] {logging_mixin.py:190} INFO - [2026-03-09T12:27:46.680+0000] {dagbag.py:588} INFO - Filling up the DagBag from /opt/airflow/dags/02_travel_gmaps_ingestion.py
[2026-03-09T12:27:46.697+0000] {processor.py:925} INFO - DAG(s) '02_travel_gmaps_ingestion' retrieved from /opt/airflow/dags/02_travel_gmaps_ingestion.py
[2026-03-09T12:27:46.722+0000] {logging_mixin.py:190} INFO - [2026-03-09T12:27:46.722+0000] {dag.py:3239} INFO - Sync 1 DAGs
[2026-03-09T12:27:46.754+0000] {logging_mixin.py:190} INFO - [2026-03-09T12:27:46.753+0000] {dag.py:4180} INFO - Setting next_dagrun for 02_travel_gmaps_ingestion to 2026-03-08 14:00:00+00:00, run_after=2026-03-09 08:00:00+00:00
[2026-03-09T12:27:46.777+0000] {processor.py:208} INFO - Processing /opt/airflow/dags/02_travel_gmaps_ingestion.py took 0.107 seconds
[2026-03-09T12:28:17.394+0000] {processor.py:186} INFO - Started process (PID=15175) to work on /opt/airflow/dags/02_travel_gmaps_ingestion.py
[2026-03-09T12:28:17.396+0000] {processor.py:914} INFO - Processing file /opt/airflow/dags/02_travel_gmaps_ingestion.py for tasks to queue
[2026-03-09T12:28:17.398+0000] {logging_mixin.py:190} INFO - [2026-03-09T12:28:17.397+0000] {dagbag.py:588} INFO - Filling up the DagBag from /opt/airflow/dags/02_travel_gmaps_ingestion.py
[2026-03-09T12:28:17.418+0000] {processor.py:925} INFO - DAG(s) '02_travel_gmaps_ingestion' retrieved from /opt/airflow/dags/02_travel_gmaps_ingestion.py
[2026-03-09T12:28:17.448+0000] {logging_mixin.py:190} INFO - [2026-03-09T12:28:17.448+0000] {dag.py:3239} INFO - Sync 1 DAGs
[2026-03-09T12:28:17.478+0000] {logging_mixin.py:190} INFO - [2026-03-09T12:28:17.477+0000] {dag.py:4180} INFO - Setting next_dagrun for 02_travel_gmaps_ingestion to 2026-03-08 14:00:00+00:00, run_after=2026-03-09 08:00:00+00:00
[2026-03-09T12:28:17.503+0000] {processor.py:208} INFO - Processing /opt/airflow/dags/02_travel_gmaps_ingestion.py took 0.116 seconds
[2026-03-09T12:28:48.031+0000] {processor.py:186} INFO - Started process (PID=15195) to work on /opt/airflow/dags/02_travel_gmaps_ingestion.py
[2026-03-09T12:28:48.032+0000] {processor.py:914} INFO - Processing file /opt/airflow/dags/02_travel_gmaps_ingestion.py for tasks to queue
[2026-03-09T12:28:48.035+0000] {logging_mixin.py:190} INFO - [2026-03-09T12:28:48.034+0000] {dagbag.py:588} INFO - Filling up the DagBag from /opt/airflow/dags/02_travel_gmaps_ingestion.py
[2026-03-09T12:28:48.054+0000] {processor.py:925} INFO - DAG(s) '02_travel_gmaps_ingestion' retrieved from /opt/airflow/dags/02_travel_gmaps_ingestion.py
[2026-03-09T12:28:48.084+0000] {logging_mixin.py:190} INFO - [2026-03-09T12:28:48.084+0000] {dag.py:3239} INFO - Sync 1 DAGs
[2026-03-09T12:28:48.112+0000] {logging_mixin.py:190} INFO - [2026-03-09T12:28:48.112+0000] {dag.py:4180} INFO - Setting next_dagrun for 02_travel_gmaps_ingestion to 2026-03-08 14:00:00+00:00, run_after=2026-03-09 08:00:00+00:00
[2026-03-09T12:28:48.139+0000] {processor.py:208} INFO - Processing /opt/airflow/dags/02_travel_gmaps_ingestion.py took 0.114 seconds
[2026-03-09T12:29:18.683+0000] {processor.py:186} INFO - Started process (PID=15215) to work on /opt/airflow/dags/02_travel_gmaps_ingestion.py
[2026-03-09T12:29:18.684+0000] {processor.py:914} INFO - Processing file /opt/airflow/dags/02_travel_gmaps_ingestion.py for tasks to queue
[2026-03-09T12:29:18.686+0000] {logging_mixin.py:190} INFO - [2026-03-09T12:29:18.686+0000] {dagbag.py:588} INFO - Filling up the DagBag from /opt/airflow/dags/02_travel_gmaps_ingestion.py
[2026-03-09T12:29:18.725+0000] {processor.py:925} INFO - DAG(s) '02_travel_gmaps_ingestion' retrieved from /opt/airflow/dags/02_travel_gmaps_ingestion.py
[2026-03-09T12:29:18.764+0000] {logging_mixin.py:190} INFO - [2026-03-09T12:29:18.763+0000] {dag.py:3239} INFO - Sync 1 DAGs
[2026-03-09T12:29:18.795+0000] {logging_mixin.py:190} INFO - [2026-03-09T12:29:18.795+0000] {dag.py:4180} INFO - Setting next_dagrun for 02_travel_gmaps_ingestion to 2026-03-08 14:00:00+00:00, run_after=2026-03-09 08:00:00+00:00
[2026-03-09T12:29:18.823+0000] {processor.py:208} INFO - Processing /opt/airflow/dags/02_travel_gmaps_ingestion.py took 0.150 seconds
[2026-03-09T12:32:31.856+0000] {processor.py:186} INFO - Started process (PID=15235) to work on /opt/airflow/dags/02_travel_gmaps_ingestion.py
[2026-03-09T12:32:32.221+0000] {processor.py:914} INFO - Processing file /opt/airflow/dags/02_travel_gmaps_ingestion.py for tasks to queue
[2026-03-09T12:32:32.858+0000] {logging_mixin.py:190} INFO - [2026-03-09T12:32:32.844+0000] {dagbag.py:588} INFO - Filling up the DagBag from /opt/airflow/dags/02_travel_gmaps_ingestion.py
[2026-03-09T12:32:35.995+0000] {processor.py:925} INFO - DAG(s) '02_travel_gmaps_ingestion' retrieved from /opt/airflow/dags/02_travel_gmaps_ingestion.py
[2026-03-09T12:32:37.230+0000] {logging_mixin.py:190} INFO - [2026-03-09T12:32:37.227+0000] {dag.py:3239} INFO - Sync 1 DAGs
[2026-03-09T12:32:38.502+0000] {logging_mixin.py:190} INFO - [2026-03-09T12:32:38.499+0000] {dag.py:4180} INFO - Setting next_dagrun for 02_travel_gmaps_ingestion to 2026-03-08 14:00:00+00:00, run_after=2026-03-09 08:00:00+00:00
[2026-03-09T12:32:39.612+0000] {processor.py:208} INFO - Processing /opt/airflow/dags/02_travel_gmaps_ingestion.py took 8.460 seconds
[2026-03-09T12:33:12.386+0000] {processor.py:186} INFO - Started process (PID=15255) to work on /opt/airflow/dags/02_travel_gmaps_ingestion.py
[2026-03-09T12:33:12.403+0000] {processor.py:914} INFO - Processing file /opt/airflow/dags/02_travel_gmaps_ingestion.py for tasks to queue
[2026-03-09T12:33:12.439+0000] {logging_mixin.py:190} INFO - [2026-03-09T12:33:12.423+0000] {dagbag.py:588} INFO - Filling up the DagBag from /opt/airflow/dags/02_travel_gmaps_ingestion.py
[2026-03-09T12:33:12.967+0000] {processor.py:925} INFO - DAG(s) '02_travel_gmaps_ingestion' retrieved from /opt/airflow/dags/02_travel_gmaps_ingestion.py
[2026-03-09T12:33:13.871+0000] {logging_mixin.py:190} INFO - [2026-03-09T12:33:13.860+0000] {dag.py:3239} INFO - Sync 1 DAGs
[2026-03-09T12:33:14.883+0000] {logging_mixin.py:190} INFO - [2026-03-09T12:33:14.880+0000] {dag.py:4180} INFO - Setting next_dagrun for 02_travel_gmaps_ingestion to 2026-03-08 14:00:00+00:00, run_after=2026-03-09 08:00:00+00:00
[2026-03-09T12:33:15.358+0000] {processor.py:208} INFO - Processing /opt/airflow/dags/02_travel_gmaps_ingestion.py took 3.216 seconds
[2026-03-09T12:33:45.744+0000] {processor.py:186} INFO - Started process (PID=15277) to work on /opt/airflow/dags/02_travel_gmaps_ingestion.py
[2026-03-09T12:33:45.747+0000] {processor.py:914} INFO - Processing file /opt/airflow/dags/02_travel_gmaps_ingestion.py for tasks to queue
[2026-03-09T12:33:45.750+0000] {logging_mixin.py:190} INFO - [2026-03-09T12:33:45.749+0000] {dagbag.py:588} INFO - Filling up the DagBag from /opt/airflow/dags/02_travel_gmaps_ingestion.py
[2026-03-09T12:33:45.775+0000] {processor.py:925} INFO - DAG(s) '02_travel_gmaps_ingestion' retrieved from /opt/airflow/dags/02_travel_gmaps_ingestion.py
[2026-03-09T12:33:45.809+0000] {logging_mixin.py:190} INFO - [2026-03-09T12:33:45.808+0000] {dag.py:3239} INFO - Sync 1 DAGs
[2026-03-09T12:33:45.840+0000] {logging_mixin.py:190} INFO - [2026-03-09T12:33:45.840+0000] {dag.py:4180} INFO - Setting next_dagrun for 02_travel_gmaps_ingestion to 2026-03-08 14:00:00+00:00, run_after=2026-03-09 08:00:00+00:00
[2026-03-09T12:33:45.867+0000] {processor.py:208} INFO - Processing /opt/airflow/dags/02_travel_gmaps_ingestion.py took 0.132 seconds
[2026-03-09T12:34:16.333+0000] {processor.py:186} INFO - Started process (PID=15295) to work on /opt/airflow/dags/02_travel_gmaps_ingestion.py
[2026-03-09T12:34:16.335+0000] {processor.py:914} INFO - Processing file /opt/airflow/dags/02_travel_gmaps_ingestion.py for tasks to queue
[2026-03-09T12:34:16.336+0000] {logging_mixin.py:190} INFO - [2026-03-09T12:34:16.336+0000] {dagbag.py:588} INFO - Filling up the DagBag from /opt/airflow/dags/02_travel_gmaps_ingestion.py
[2026-03-09T12:34:16.364+0000] {processor.py:925} INFO - DAG(s) '02_travel_gmaps_ingestion' retrieved from /opt/airflow/dags/02_travel_gmaps_ingestion.py
[2026-03-09T12:34:16.404+0000] {logging_mixin.py:190} INFO - [2026-03-09T12:34:16.404+0000] {dag.py:3239} INFO - Sync 1 DAGs
[2026-03-09T12:34:16.429+0000] {logging_mixin.py:190} INFO - [2026-03-09T12:34:16.429+0000] {dag.py:4180} INFO - Setting next_dagrun for 02_travel_gmaps_ingestion to 2026-03-08 14:00:00+00:00, run_after=2026-03-09 08:00:00+00:00
[2026-03-09T12:34:16.464+0000] {processor.py:208} INFO - Processing /opt/airflow/dags/02_travel_gmaps_ingestion.py took 0.143 seconds
[2026-03-09T12:34:47.088+0000] {processor.py:186} INFO - Started process (PID=15315) to work on /opt/airflow/dags/02_travel_gmaps_ingestion.py
[2026-03-09T12:34:47.089+0000] {processor.py:914} INFO - Processing file /opt/airflow/dags/02_travel_gmaps_ingestion.py for tasks to queue
[2026-03-09T12:34:47.091+0000] {logging_mixin.py:190} INFO - [2026-03-09T12:34:47.091+0000] {dagbag.py:588} INFO - Filling up the DagBag from /opt/airflow/dags/02_travel_gmaps_ingestion.py
[2026-03-09T12:34:47.110+0000] {processor.py:925} INFO - DAG(s) '02_travel_gmaps_ingestion' retrieved from /opt/airflow/dags/02_travel_gmaps_ingestion.py
[2026-03-09T12:34:47.139+0000] {logging_mixin.py:190} INFO - [2026-03-09T12:34:47.139+0000] {dag.py:3239} INFO - Sync 1 DAGs
[2026-03-09T12:34:47.170+0000] {logging_mixin.py:190} INFO - [2026-03-09T12:34:47.170+0000] {dag.py:4180} INFO - Setting next_dagrun for 02_travel_gmaps_ingestion to 2026-03-08 14:00:00+00:00, run_after=2026-03-09 08:00:00+00:00
[2026-03-09T12:34:47.203+0000] {processor.py:208} INFO - Processing /opt/airflow/dags/02_travel_gmaps_ingestion.py took 0.121 seconds
[2026-03-09T12:35:17.606+0000] {processor.py:186} INFO - Started process (PID=15336) to work on /opt/airflow/dags/02_travel_gmaps_ingestion.py
[2026-03-09T12:35:17.608+0000] {processor.py:914} INFO - Processing file /opt/airflow/dags/02_travel_gmaps_ingestion.py for tasks to queue
[2026-03-09T12:35:17.611+0000] {logging_mixin.py:190} INFO - [2026-03-09T12:35:17.610+0000] {dagbag.py:588} INFO - Filling up the DagBag from /opt/airflow/dags/02_travel_gmaps_ingestion.py
[2026-03-09T12:35:17.654+0000] {processor.py:925} INFO - DAG(s) '02_travel_gmaps_ingestion' retrieved from /opt/airflow/dags/02_travel_gmaps_ingestion.py
[2026-03-09T12:35:17.722+0000] {logging_mixin.py:190} INFO - [2026-03-09T12:35:17.721+0000] {dag.py:3239} INFO - Sync 1 DAGs
[2026-03-09T12:35:17.775+0000] {logging_mixin.py:190} INFO - [2026-03-09T12:35:17.775+0000] {dag.py:4180} INFO - Setting next_dagrun for 02_travel_gmaps_ingestion to 2026-03-08 14:00:00+00:00, run_after=2026-03-09 08:00:00+00:00
[2026-03-09T12:35:17.821+0000] {processor.py:208} INFO - Processing /opt/airflow/dags/02_travel_gmaps_ingestion.py took 0.231 seconds
[2026-03-09T12:35:48.691+0000] {processor.py:186} INFO - Started process (PID=15371) to work on /opt/airflow/dags/02_travel_gmaps_ingestion.py
[2026-03-09T12:35:48.693+0000] {processor.py:914} INFO - Processing file /opt/airflow/dags/02_travel_gmaps_ingestion.py for tasks to queue
[2026-03-09T12:35:48.695+0000] {logging_mixin.py:190} INFO - [2026-03-09T12:35:48.695+0000] {dagbag.py:588} INFO - Filling up the DagBag from /opt/airflow/dags/02_travel_gmaps_ingestion.py
[2026-03-09T12:35:48.730+0000] {processor.py:925} INFO - DAG(s) '02_travel_gmaps_ingestion' retrieved from /opt/airflow/dags/02_travel_gmaps_ingestion.py
[2026-03-09T12:35:48.765+0000] {logging_mixin.py:190} INFO - [2026-03-09T12:35:48.765+0000] {dag.py:3239} INFO - Sync 1 DAGs
[2026-03-09T12:35:48.797+0000] {logging_mixin.py:190} INFO - [2026-03-09T12:35:48.797+0000] {dag.py:4180} INFO - Setting next_dagrun for 02_travel_gmaps_ingestion to 2026-03-08 14:00:00+00:00, run_after=2026-03-09 08:00:00+00:00
[2026-03-09T12:35:48.823+0000] {processor.py:208} INFO - Processing /opt/airflow/dags/02_travel_gmaps_ingestion.py took 0.142 seconds
[2026-03-09T12:36:19.475+0000] {processor.py:186} INFO - Started process (PID=15391) to work on /opt/airflow/dags/02_travel_gmaps_ingestion.py
[2026-03-09T12:36:19.476+0000] {processor.py:914} INFO - Processing file /opt/airflow/dags/02_travel_gmaps_ingestion.py for tasks to queue
[2026-03-09T12:36:19.478+0000] {logging_mixin.py:190} INFO - [2026-03-09T12:36:19.477+0000] {dagbag.py:588} INFO - Filling up the DagBag from /opt/airflow/dags/02_travel_gmaps_ingestion.py
[2026-03-09T12:36:19.505+0000] {processor.py:925} INFO - DAG(s) '02_travel_gmaps_ingestion' retrieved from /opt/airflow/dags/02_travel_gmaps_ingestion.py
[2026-03-09T12:36:19.535+0000] {logging_mixin.py:190} INFO - [2026-03-09T12:36:19.535+0000] {dag.py:3239} INFO - Sync 1 DAGs
[2026-03-09T12:36:19.564+0000] {logging_mixin.py:190} INFO - [2026-03-09T12:36:19.564+0000] {dag.py:4180} INFO - Setting next_dagrun for 02_travel_gmaps_ingestion to 2026-03-08 14:00:00+00:00, run_after=2026-03-09 08:00:00+00:00
[2026-03-09T12:36:19.593+0000] {processor.py:208} INFO - Processing /opt/airflow/dags/02_travel_gmaps_ingestion.py took 0.125 seconds
[2026-03-09T12:36:50.246+0000] {processor.py:186} INFO - Started process (PID=15411) to work on /opt/airflow/dags/02_travel_gmaps_ingestion.py
[2026-03-09T12:36:50.247+0000] {processor.py:914} INFO - Processing file /opt/airflow/dags/02_travel_gmaps_ingestion.py for tasks to queue
[2026-03-09T12:36:50.249+0000] {logging_mixin.py:190} INFO - [2026-03-09T12:36:50.249+0000] {dagbag.py:588} INFO - Filling up the DagBag from /opt/airflow/dags/02_travel_gmaps_ingestion.py
[2026-03-09T12:36:50.268+0000] {processor.py:925} INFO - DAG(s) '02_travel_gmaps_ingestion' retrieved from /opt/airflow/dags/02_travel_gmaps_ingestion.py
[2026-03-09T12:36:50.298+0000] {logging_mixin.py:190} INFO - [2026-03-09T12:36:50.298+0000] {dag.py:3239} INFO - Sync 1 DAGs
[2026-03-09T12:36:50.325+0000] {logging_mixin.py:190} INFO - [2026-03-09T12:36:50.325+0000] {dag.py:4180} INFO - Setting next_dagrun for 02_travel_gmaps_ingestion to 2026-03-08 14:00:00+00:00, run_after=2026-03-09 08:00:00+00:00
[2026-03-09T12:36:50.354+0000] {processor.py:208} INFO - Processing /opt/airflow/dags/02_travel_gmaps_ingestion.py took 0.115 seconds
[2026-03-09T12:37:20.892+0000] {processor.py:186} INFO - Started process (PID=15431) to work on /opt/airflow/dags/02_travel_gmaps_ingestion.py
[2026-03-09T12:37:20.893+0000] {processor.py:914} INFO - Processing file /opt/airflow/dags/02_travel_gmaps_ingestion.py for tasks to queue
[2026-03-09T12:37:20.895+0000] {logging_mixin.py:190} INFO - [2026-03-09T12:37:20.895+0000] {dagbag.py:588} INFO - Filling up the DagBag from /opt/airflow/dags/02_travel_gmaps_ingestion.py
[2026-03-09T12:37:20.918+0000] {processor.py:925} INFO - DAG(s) '02_travel_gmaps_ingestion' retrieved from /opt/airflow/dags/02_travel_gmaps_ingestion.py
[2026-03-09T12:37:20.950+0000] {logging_mixin.py:190} INFO - [2026-03-09T12:37:20.950+0000] {dag.py:3239} INFO - Sync 1 DAGs
[2026-03-09T12:37:20.982+0000] {logging_mixin.py:190} INFO - [2026-03-09T12:37:20.982+0000] {dag.py:4180} INFO - Setting next_dagrun for 02_travel_gmaps_ingestion to 2026-03-08 14:00:00+00:00, run_after=2026-03-09 08:00:00+00:00
[2026-03-09T12:37:21.010+0000] {processor.py:208} INFO - Processing /opt/airflow/dags/02_travel_gmaps_ingestion.py took 0.126 seconds
[2026-03-09T12:37:51.701+0000] {processor.py:186} INFO - Started process (PID=15451) to work on /opt/airflow/dags/02_travel_gmaps_ingestion.py
[2026-03-09T12:37:51.702+0000] {processor.py:914} INFO - Processing file /opt/airflow/dags/02_travel_gmaps_ingestion.py for tasks to queue
[2026-03-09T12:37:51.704+0000] {logging_mixin.py:190} INFO - [2026-03-09T12:37:51.704+0000] {dagbag.py:588} INFO - Filling up the DagBag from /opt/airflow/dags/02_travel_gmaps_ingestion.py
[2026-03-09T12:37:51.722+0000] {processor.py:925} INFO - DAG(s) '02_travel_gmaps_ingestion' retrieved from /opt/airflow/dags/02_travel_gmaps_ingestion.py
[2026-03-09T12:37:51.755+0000] {logging_mixin.py:190} INFO - [2026-03-09T12:37:51.755+0000] {dag.py:3239} INFO - Sync 1 DAGs
[2026-03-09T12:37:51.789+0000] {logging_mixin.py:190} INFO - [2026-03-09T12:37:51.788+0000] {dag.py:4180} INFO - Setting next_dagrun for 02_travel_gmaps_ingestion to 2026-03-08 14:00:00+00:00, run_after=2026-03-09 08:00:00+00:00
[2026-03-09T12:37:51.816+0000] {processor.py:208} INFO - Processing /opt/airflow/dags/02_travel_gmaps_ingestion.py took 0.123 seconds
[2026-03-09T12:38:22.532+0000] {processor.py:186} INFO - Started process (PID=15471) to work on /opt/airflow/dags/02_travel_gmaps_ingestion.py
[2026-03-09T12:38:22.534+0000] {processor.py:914} INFO - Processing file /opt/airflow/dags/02_travel_gmaps_ingestion.py for tasks to queue
[2026-03-09T12:38:22.535+0000] {logging_mixin.py:190} INFO - [2026-03-09T12:38:22.535+0000] {dagbag.py:588} INFO - Filling up the DagBag from /opt/airflow/dags/02_travel_gmaps_ingestion.py
[2026-03-09T12:38:22.554+0000] {processor.py:925} INFO - DAG(s) '02_travel_gmaps_ingestion' retrieved from /opt/airflow/dags/02_travel_gmaps_ingestion.py
[2026-03-09T12:38:22.582+0000] {logging_mixin.py:190} INFO - [2026-03-09T12:38:22.582+0000] {dag.py:3239} INFO - Sync 1 DAGs
[2026-03-09T12:38:22.609+0000] {logging_mixin.py:190} INFO - [2026-03-09T12:38:22.609+0000] {dag.py:4180} INFO - Setting next_dagrun for 02_travel_gmaps_ingestion to 2026-03-08 14:00:00+00:00, run_after=2026-03-09 08:00:00+00:00
[2026-03-09T12:38:22.637+0000] {processor.py:208} INFO - Processing /opt/airflow/dags/02_travel_gmaps_ingestion.py took 0.113 seconds
[2026-03-09T12:38:53.295+0000] {processor.py:186} INFO - Started process (PID=15491) to work on /opt/airflow/dags/02_travel_gmaps_ingestion.py
[2026-03-09T12:38:53.296+0000] {processor.py:914} INFO - Processing file /opt/airflow/dags/02_travel_gmaps_ingestion.py for tasks to queue
[2026-03-09T12:38:53.297+0000] {logging_mixin.py:190} INFO - [2026-03-09T12:38:53.297+0000] {dagbag.py:588} INFO - Filling up the DagBag from /opt/airflow/dags/02_travel_gmaps_ingestion.py
[2026-03-09T12:38:53.318+0000] {processor.py:925} INFO - DAG(s) '02_travel_gmaps_ingestion' retrieved from /opt/airflow/dags/02_travel_gmaps_ingestion.py
[2026-03-09T12:38:53.347+0000] {logging_mixin.py:190} INFO - [2026-03-09T12:38:53.347+0000] {dag.py:3239} INFO - Sync 1 DAGs
[2026-03-09T12:38:53.378+0000] {logging_mixin.py:190} INFO - [2026-03-09T12:38:53.378+0000] {dag.py:4180} INFO - Setting next_dagrun for 02_travel_gmaps_ingestion to 2026-03-08 14:00:00+00:00, run_after=2026-03-09 08:00:00+00:00
[2026-03-09T12:38:53.406+0000] {processor.py:208} INFO - Processing /opt/airflow/dags/02_travel_gmaps_ingestion.py took 0.118 seconds
[2026-03-09T12:39:23.973+0000] {processor.py:186} INFO - Started process (PID=15511) to work on /opt/airflow/dags/02_travel_gmaps_ingestion.py
[2026-03-09T12:39:23.974+0000] {processor.py:914} INFO - Processing file /opt/airflow/dags/02_travel_gmaps_ingestion.py for tasks to queue
[2026-03-09T12:39:23.976+0000] {logging_mixin.py:190} INFO - [2026-03-09T12:39:23.975+0000] {dagbag.py:588} INFO - Filling up the DagBag from /opt/airflow/dags/02_travel_gmaps_ingestion.py
[2026-03-09T12:39:23.995+0000] {processor.py:925} INFO - DAG(s) '02_travel_gmaps_ingestion' retrieved from /opt/airflow/dags/02_travel_gmaps_ingestion.py
[2026-03-09T12:39:24.023+0000] {logging_mixin.py:190} INFO - [2026-03-09T12:39:24.023+0000] {dag.py:3239} INFO - Sync 1 DAGs
[2026-03-09T12:39:24.053+0000] {logging_mixin.py:190} INFO - [2026-03-09T12:39:24.053+0000] {dag.py:4180} INFO - Setting next_dagrun for 02_travel_gmaps_ingestion to 2026-03-08 14:00:00+00:00, run_after=2026-03-09 08:00:00+00:00
[2026-03-09T12:39:24.082+0000] {processor.py:208} INFO - Processing /opt/airflow/dags/02_travel_gmaps_ingestion.py took 0.116 seconds
[2026-03-09T12:39:54.762+0000] {processor.py:186} INFO - Started process (PID=15531) to work on /opt/airflow/dags/02_travel_gmaps_ingestion.py
[2026-03-09T12:39:54.764+0000] {processor.py:914} INFO - Processing file /opt/airflow/dags/02_travel_gmaps_ingestion.py for tasks to queue
[2026-03-09T12:39:54.765+0000] {logging_mixin.py:190} INFO - [2026-03-09T12:39:54.765+0000] {dagbag.py:588} INFO - Filling up the DagBag from /opt/airflow/dags/02_travel_gmaps_ingestion.py
[2026-03-09T12:39:54.786+0000] {processor.py:925} INFO - DAG(s) '02_travel_gmaps_ingestion' retrieved from /opt/airflow/dags/02_travel_gmaps_ingestion.py
[2026-03-09T12:39:54.816+0000] {logging_mixin.py:190} INFO - [2026-03-09T12:39:54.816+0000] {dag.py:3239} INFO - Sync 1 DAGs
[2026-03-09T12:39:54.851+0000] {logging_mixin.py:190} INFO - [2026-03-09T12:39:54.851+0000] {dag.py:4180} INFO - Setting next_dagrun for 02_travel_gmaps_ingestion to 2026-03-08 14:00:00+00:00, run_after=2026-03-09 08:00:00+00:00
[2026-03-09T12:39:54.881+0000] {processor.py:208} INFO - Processing /opt/airflow/dags/02_travel_gmaps_ingestion.py took 0.126 seconds
[2026-03-09T12:40:25.474+0000] {processor.py:186} INFO - Started process (PID=15551) to work on /opt/airflow/dags/02_travel_gmaps_ingestion.py
[2026-03-09T12:40:25.475+0000] {processor.py:914} INFO - Processing file /opt/airflow/dags/02_travel_gmaps_ingestion.py for tasks to queue
[2026-03-09T12:40:25.477+0000] {logging_mixin.py:190} INFO - [2026-03-09T12:40:25.476+0000] {dagbag.py:588} INFO - Filling up the DagBag from /opt/airflow/dags/02_travel_gmaps_ingestion.py
[2026-03-09T12:40:25.495+0000] {processor.py:925} INFO - DAG(s) '02_travel_gmaps_ingestion' retrieved from /opt/airflow/dags/02_travel_gmaps_ingestion.py
[2026-03-09T12:40:25.521+0000] {logging_mixin.py:190} INFO - [2026-03-09T12:40:25.521+0000] {dag.py:3239} INFO - Sync 1 DAGs
[2026-03-09T12:40:25.551+0000] {logging_mixin.py:190} INFO - [2026-03-09T12:40:25.550+0000] {dag.py:4180} INFO - Setting next_dagrun for 02_travel_gmaps_ingestion to 2026-03-08 14:00:00+00:00, run_after=2026-03-09 08:00:00+00:00
[2026-03-09T12:40:25.580+0000] {processor.py:208} INFO - Processing /opt/airflow/dags/02_travel_gmaps_ingestion.py took 0.113 seconds
[2026-03-09T12:40:56.365+0000] {processor.py:186} INFO - Started process (PID=15571) to work on /opt/airflow/dags/02_travel_gmaps_ingestion.py
[2026-03-09T12:40:56.367+0000] {processor.py:914} INFO - Processing file /opt/airflow/dags/02_travel_gmaps_ingestion.py for tasks to queue
[2026-03-09T12:40:56.368+0000] {logging_mixin.py:190} INFO - [2026-03-09T12:40:56.368+0000] {dagbag.py:588} INFO - Filling up the DagBag from /opt/airflow/dags/02_travel_gmaps_ingestion.py
[2026-03-09T12:40:56.391+0000] {processor.py:925} INFO - DAG(s) '02_travel_gmaps_ingestion' retrieved from /opt/airflow/dags/02_travel_gmaps_ingestion.py
[2026-03-09T12:40:56.421+0000] {logging_mixin.py:190} INFO - [2026-03-09T12:40:56.421+0000] {dag.py:3239} INFO - Sync 1 DAGs
[2026-03-09T12:40:56.450+0000] {logging_mixin.py:190} INFO - [2026-03-09T12:40:56.450+0000] {dag.py:4180} INFO - Setting next_dagrun for 02_travel_gmaps_ingestion to 2026-03-08 14:00:00+00:00, run_after=2026-03-09 08:00:00+00:00
[2026-03-09T12:40:56.480+0000] {processor.py:208} INFO - Processing /opt/airflow/dags/02_travel_gmaps_ingestion.py took 0.122 seconds
[2026-03-09T12:41:27.257+0000] {processor.py:186} INFO - Started process (PID=15591) to work on /opt/airflow/dags/02_travel_gmaps_ingestion.py
[2026-03-09T12:41:27.297+0000] {processor.py:914} INFO - Processing file /opt/airflow/dags/02_travel_gmaps_ingestion.py for tasks to queue
[2026-03-09T12:41:27.302+0000] {logging_mixin.py:190} INFO - [2026-03-09T12:41:27.301+0000] {dagbag.py:588} INFO - Filling up the DagBag from /opt/airflow/dags/02_travel_gmaps_ingestion.py
[2026-03-09T12:41:27.548+0000] {processor.py:925} INFO - DAG(s) '02_travel_gmaps_ingestion' retrieved from /opt/airflow/dags/02_travel_gmaps_ingestion.py
[2026-03-09T12:41:27.798+0000] {logging_mixin.py:190} INFO - [2026-03-09T12:41:27.797+0000] {dag.py:3239} INFO - Sync 1 DAGs
[2026-03-09T12:41:27.979+0000] {logging_mixin.py:190} INFO - [2026-03-09T12:41:27.978+0000] {dag.py:4180} INFO - Setting next_dagrun for 02_travel_gmaps_ingestion to 2026-03-08 14:00:00+00:00, run_after=2026-03-09 08:00:00+00:00
[2026-03-09T12:41:28.072+0000] {processor.py:208} INFO - Processing /opt/airflow/dags/02_travel_gmaps_ingestion.py took 0.887 seconds
[2026-03-09T12:41:58.542+0000] {processor.py:186} INFO - Started process (PID=15611) to work on /opt/airflow/dags/02_travel_gmaps_ingestion.py
[2026-03-09T12:41:58.544+0000] {processor.py:914} INFO - Processing file /opt/airflow/dags/02_travel_gmaps_ingestion.py for tasks to queue
[2026-03-09T12:41:58.549+0000] {logging_mixin.py:190} INFO - [2026-03-09T12:41:58.546+0000] {dagbag.py:588} INFO - Filling up the DagBag from /opt/airflow/dags/02_travel_gmaps_ingestion.py
[2026-03-09T12:41:58.589+0000] {processor.py:925} INFO - DAG(s) '02_travel_gmaps_ingestion' retrieved from /opt/airflow/dags/02_travel_gmaps_ingestion.py
[2026-03-09T12:41:58.682+0000] {logging_mixin.py:190} INFO - [2026-03-09T12:41:58.682+0000] {dag.py:3239} INFO - Sync 1 DAGs
[2026-03-09T12:41:58.722+0000] {logging_mixin.py:190} INFO - [2026-03-09T12:41:58.722+0000] {dag.py:4180} INFO - Setting next_dagrun for 02_travel_gmaps_ingestion to 2026-03-08 14:00:00+00:00, run_after=2026-03-09 08:00:00+00:00
[2026-03-09T12:41:58.756+0000] {processor.py:208} INFO - Processing /opt/airflow/dags/02_travel_gmaps_ingestion.py took 0.229 seconds
[2026-03-09T12:43:31.956+0000] {processor.py:186} INFO - Started process (PID=15631) to work on /opt/airflow/dags/02_travel_gmaps_ingestion.py
[2026-03-09T12:43:31.958+0000] {processor.py:914} INFO - Processing file /opt/airflow/dags/02_travel_gmaps_ingestion.py for tasks to queue
[2026-03-09T12:43:31.991+0000] {logging_mixin.py:190} INFO - [2026-03-09T12:43:31.959+0000] {dagbag.py:588} INFO - Filling up the DagBag from /opt/airflow/dags/02_travel_gmaps_ingestion.py
[2026-03-09T12:43:32.195+0000] {processor.py:925} INFO - DAG(s) '02_travel_gmaps_ingestion' retrieved from /opt/airflow/dags/02_travel_gmaps_ingestion.py
[2026-03-09T12:43:32.932+0000] {logging_mixin.py:190} INFO - [2026-03-09T12:43:32.930+0000] {dag.py:3239} INFO - Sync 1 DAGs
[2026-03-09T12:43:33.034+0000] {logging_mixin.py:190} INFO - [2026-03-09T12:43:33.034+0000] {dag.py:4180} INFO - Setting next_dagrun for 02_travel_gmaps_ingestion to 2026-03-08 14:00:00+00:00, run_after=2026-03-09 08:00:00+00:00
[2026-03-09T12:43:33.096+0000] {processor.py:208} INFO - Processing /opt/airflow/dags/02_travel_gmaps_ingestion.py took 1.187 seconds
[2026-03-09T12:44:03.391+0000] {processor.py:186} INFO - Started process (PID=15652) to work on /opt/airflow/dags/02_travel_gmaps_ingestion.py
[2026-03-09T12:44:03.392+0000] {processor.py:914} INFO - Processing file /opt/airflow/dags/02_travel_gmaps_ingestion.py for tasks to queue
[2026-03-09T12:44:03.394+0000] {logging_mixin.py:190} INFO - [2026-03-09T12:44:03.394+0000] {dagbag.py:588} INFO - Filling up the DagBag from /opt/airflow/dags/02_travel_gmaps_ingestion.py
[2026-03-09T12:44:03.415+0000] {processor.py:925} INFO - DAG(s) '02_travel_gmaps_ingestion' retrieved from /opt/airflow/dags/02_travel_gmaps_ingestion.py
[2026-03-09T12:44:03.460+0000] {logging_mixin.py:190} INFO - [2026-03-09T12:44:03.460+0000] {dag.py:3239} INFO - Sync 1 DAGs
[2026-03-09T12:44:03.505+0000] {logging_mixin.py:190} INFO - [2026-03-09T12:44:03.504+0000] {dag.py:4180} INFO - Setting next_dagrun for 02_travel_gmaps_ingestion to 2026-03-08 14:00:00+00:00, run_after=2026-03-09 08:00:00+00:00
[2026-03-09T12:44:03.552+0000] {processor.py:208} INFO - Processing /opt/airflow/dags/02_travel_gmaps_ingestion.py took 0.170 seconds
[2026-03-09T12:44:34.517+0000] {processor.py:186} INFO - Started process (PID=15672) to work on /opt/airflow/dags/02_travel_gmaps_ingestion.py
[2026-03-09T12:44:34.522+0000] {processor.py:914} INFO - Processing file /opt/airflow/dags/02_travel_gmaps_ingestion.py for tasks to queue
[2026-03-09T12:44:34.525+0000] {logging_mixin.py:190} INFO - [2026-03-09T12:44:34.524+0000] {dagbag.py:588} INFO - Filling up the DagBag from /opt/airflow/dags/02_travel_gmaps_ingestion.py
[2026-03-09T12:44:34.571+0000] {processor.py:925} INFO - DAG(s) '02_travel_gmaps_ingestion' retrieved from /opt/airflow/dags/02_travel_gmaps_ingestion.py
[2026-03-09T12:44:34.656+0000] {logging_mixin.py:190} INFO - [2026-03-09T12:44:34.655+0000] {dag.py:3239} INFO - Sync 1 DAGs
[2026-03-09T12:44:34.733+0000] {logging_mixin.py:190} INFO - [2026-03-09T12:44:34.733+0000] {dag.py:4180} INFO - Setting next_dagrun for 02_travel_gmaps_ingestion to 2026-03-08 14:00:00+00:00, run_after=2026-03-09 08:00:00+00:00
[2026-03-09T12:44:34.770+0000] {processor.py:208} INFO - Processing /opt/airflow/dags/02_travel_gmaps_ingestion.py took 0.266 seconds
[2026-03-09T12:45:05.080+0000] {processor.py:186} INFO - Started process (PID=15692) to work on /opt/airflow/dags/02_travel_gmaps_ingestion.py
[2026-03-09T12:45:05.082+0000] {processor.py:914} INFO - Processing file /opt/airflow/dags/02_travel_gmaps_ingestion.py for tasks to queue
[2026-03-09T12:45:05.085+0000] {logging_mixin.py:190} INFO - [2026-03-09T12:45:05.084+0000] {dagbag.py:588} INFO - Filling up the DagBag from /opt/airflow/dags/02_travel_gmaps_ingestion.py
[2026-03-09T12:45:05.112+0000] {processor.py:925} INFO - DAG(s) '02_travel_gmaps_ingestion' retrieved from /opt/airflow/dags/02_travel_gmaps_ingestion.py
[2026-03-09T12:45:05.144+0000] {logging_mixin.py:190} INFO - [2026-03-09T12:45:05.144+0000] {dag.py:3239} INFO - Sync 1 DAGs
[2026-03-09T12:45:05.174+0000] {logging_mixin.py:190} INFO - [2026-03-09T12:45:05.173+0000] {dag.py:4180} INFO - Setting next_dagrun for 02_travel_gmaps_ingestion to 2026-03-08 14:00:00+00:00, run_after=2026-03-09 08:00:00+00:00
[2026-03-09T12:45:05.215+0000] {processor.py:208} INFO - Processing /opt/airflow/dags/02_travel_gmaps_ingestion.py took 0.148 seconds
[2026-03-09T12:45:35.775+0000] {processor.py:186} INFO - Started process (PID=15712) to work on /opt/airflow/dags/02_travel_gmaps_ingestion.py
[2026-03-09T12:45:35.777+0000] {processor.py:914} INFO - Processing file /opt/airflow/dags/02_travel_gmaps_ingestion.py for tasks to queue
[2026-03-09T12:45:35.779+0000] {logging_mixin.py:190} INFO - [2026-03-09T12:45:35.778+0000] {dagbag.py:588} INFO - Filling up the DagBag from /opt/airflow/dags/02_travel_gmaps_ingestion.py
[2026-03-09T12:45:35.799+0000] {processor.py:925} INFO - DAG(s) '02_travel_gmaps_ingestion' retrieved from /opt/airflow/dags/02_travel_gmaps_ingestion.py
[2026-03-09T12:45:35.828+0000] {logging_mixin.py:190} INFO - [2026-03-09T12:45:35.827+0000] {dag.py:3239} INFO - Sync 1 DAGs
[2026-03-09T12:45:35.855+0000] {logging_mixin.py:190} INFO - [2026-03-09T12:45:35.855+0000] {dag.py:4180} INFO - Setting next_dagrun for 02_travel_gmaps_ingestion to 2026-03-08 14:00:00+00:00, run_after=2026-03-09 08:00:00+00:00
[2026-03-09T12:45:35.888+0000] {processor.py:208} INFO - Processing /opt/airflow/dags/02_travel_gmaps_ingestion.py took 0.124 seconds
[2026-03-09T12:46:06.450+0000] {processor.py:186} INFO - Started process (PID=15732) to work on /opt/airflow/dags/02_travel_gmaps_ingestion.py
[2026-03-09T12:46:06.451+0000] {processor.py:914} INFO - Processing file /opt/airflow/dags/02_travel_gmaps_ingestion.py for tasks to queue
[2026-03-09T12:46:06.453+0000] {logging_mixin.py:190} INFO - [2026-03-09T12:46:06.453+0000] {dagbag.py:588} INFO - Filling up the DagBag from /opt/airflow/dags/02_travel_gmaps_ingestion.py
[2026-03-09T12:46:06.473+0000] {processor.py:925} INFO - DAG(s) '02_travel_gmaps_ingestion' retrieved from /opt/airflow/dags/02_travel_gmaps_ingestion.py
[2026-03-09T12:46:06.503+0000] {logging_mixin.py:190} INFO - [2026-03-09T12:46:06.503+0000] {dag.py:3239} INFO - Sync 1 DAGs
[2026-03-09T12:46:06.530+0000] {logging_mixin.py:190} INFO - [2026-03-09T12:46:06.530+0000] {dag.py:4180} INFO - Setting next_dagrun for 02_travel_gmaps_ingestion to 2026-03-08 14:00:00+00:00, run_after=2026-03-09 08:00:00+00:00
[2026-03-09T12:46:06.556+0000] {processor.py:208} INFO - Processing /opt/airflow/dags/02_travel_gmaps_ingestion.py took 0.113 seconds
[2026-03-09T12:46:37.068+0000] {processor.py:186} INFO - Started process (PID=15752) to work on /opt/airflow/dags/02_travel_gmaps_ingestion.py
[2026-03-09T12:46:37.069+0000] {processor.py:914} INFO - Processing file /opt/airflow/dags/02_travel_gmaps_ingestion.py for tasks to queue
[2026-03-09T12:46:37.072+0000] {logging_mixin.py:190} INFO - [2026-03-09T12:46:37.071+0000] {dagbag.py:588} INFO - Filling up the DagBag from /opt/airflow/dags/02_travel_gmaps_ingestion.py
[2026-03-09T12:46:37.102+0000] {processor.py:925} INFO - DAG(s) '02_travel_gmaps_ingestion' retrieved from /opt/airflow/dags/02_travel_gmaps_ingestion.py
[2026-03-09T12:46:37.143+0000] {logging_mixin.py:190} INFO - [2026-03-09T12:46:37.143+0000] {dag.py:3239} INFO - Sync 1 DAGs
[2026-03-09T12:46:37.170+0000] {logging_mixin.py:190} INFO - [2026-03-09T12:46:37.170+0000] {dag.py:4180} INFO - Setting next_dagrun for 02_travel_gmaps_ingestion to 2026-03-08 14:00:00+00:00, run_after=2026-03-09 08:00:00+00:00
[2026-03-09T12:46:37.199+0000] {processor.py:208} INFO - Processing /opt/airflow/dags/02_travel_gmaps_ingestion.py took 0.138 seconds
[2026-03-09T12:47:07.692+0000] {processor.py:186} INFO - Started process (PID=15772) to work on /opt/airflow/dags/02_travel_gmaps_ingestion.py
[2026-03-09T12:47:07.694+0000] {processor.py:914} INFO - Processing file /opt/airflow/dags/02_travel_gmaps_ingestion.py for tasks to queue
[2026-03-09T12:47:07.696+0000] {logging_mixin.py:190} INFO - [2026-03-09T12:47:07.696+0000] {dagbag.py:588} INFO - Filling up the DagBag from /opt/airflow/dags/02_travel_gmaps_ingestion.py
[2026-03-09T12:47:07.716+0000] {processor.py:925} INFO - DAG(s) '02_travel_gmaps_ingestion' retrieved from /opt/airflow/dags/02_travel_gmaps_ingestion.py
[2026-03-09T12:47:07.744+0000] {logging_mixin.py:190} INFO - [2026-03-09T12:47:07.743+0000] {dag.py:3239} INFO - Sync 1 DAGs
[2026-03-09T12:47:07.773+0000] {logging_mixin.py:190} INFO - [2026-03-09T12:47:07.773+0000] {dag.py:4180} INFO - Setting next_dagrun for 02_travel_gmaps_ingestion to 2026-03-08 14:00:00+00:00, run_after=2026-03-09 08:00:00+00:00
[2026-03-09T12:47:07.802+0000] {processor.py:208} INFO - Processing /opt/airflow/dags/02_travel_gmaps_ingestion.py took 0.116 seconds
[2026-03-09T12:47:38.445+0000] {processor.py:186} INFO - Started process (PID=15792) to work on /opt/airflow/dags/02_travel_gmaps_ingestion.py
[2026-03-09T12:47:38.446+0000] {processor.py:914} INFO - Processing file /opt/airflow/dags/02_travel_gmaps_ingestion.py for tasks to queue
[2026-03-09T12:47:38.448+0000] {logging_mixin.py:190} INFO - [2026-03-09T12:47:38.447+0000] {dagbag.py:588} INFO - Filling up the DagBag from /opt/airflow/dags/02_travel_gmaps_ingestion.py
[2026-03-09T12:47:38.468+0000] {processor.py:925} INFO - DAG(s) '02_travel_gmaps_ingestion' retrieved from /opt/airflow/dags/02_travel_gmaps_ingestion.py
[2026-03-09T12:47:38.500+0000] {logging_mixin.py:190} INFO - [2026-03-09T12:47:38.500+0000] {dag.py:3239} INFO - Sync 1 DAGs
[2026-03-09T12:47:38.524+0000] {logging_mixin.py:190} INFO - [2026-03-09T12:47:38.524+0000] {dag.py:4180} INFO - Setting next_dagrun for 02_travel_gmaps_ingestion to 2026-03-08 14:00:00+00:00, run_after=2026-03-09 08:00:00+00:00
[2026-03-09T12:47:38.553+0000] {processor.py:208} INFO - Processing /opt/airflow/dags/02_travel_gmaps_ingestion.py took 0.115 seconds
[2026-03-09T12:48:09.062+0000] {processor.py:186} INFO - Started process (PID=15812) to work on /opt/airflow/dags/02_travel_gmaps_ingestion.py
[2026-03-09T12:48:09.064+0000] {processor.py:914} INFO - Processing file /opt/airflow/dags/02_travel_gmaps_ingestion.py for tasks to queue
[2026-03-09T12:48:09.066+0000] {logging_mixin.py:190} INFO - [2026-03-09T12:48:09.065+0000] {dagbag.py:588} INFO - Filling up the DagBag from /opt/airflow/dags/02_travel_gmaps_ingestion.py
[2026-03-09T12:48:09.088+0000] {processor.py:925} INFO - DAG(s) '02_travel_gmaps_ingestion' retrieved from /opt/airflow/dags/02_travel_gmaps_ingestion.py
[2026-03-09T12:48:09.123+0000] {logging_mixin.py:190} INFO - [2026-03-09T12:48:09.123+0000] {dag.py:3239} INFO - Sync 1 DAGs
[2026-03-09T12:48:09.148+0000] {logging_mixin.py:190} INFO - [2026-03-09T12:48:09.148+0000] {dag.py:4180} INFO - Setting next_dagrun for 02_travel_gmaps_ingestion to 2026-03-08 14:00:00+00:00, run_after=2026-03-09 08:00:00+00:00
[2026-03-09T12:48:09.178+0000] {processor.py:208} INFO - Processing /opt/airflow/dags/02_travel_gmaps_ingestion.py took 0.123 seconds
[2026-03-09T12:48:39.819+0000] {processor.py:186} INFO - Started process (PID=15832) to work on /opt/airflow/dags/02_travel_gmaps_ingestion.py
[2026-03-09T12:48:39.820+0000] {processor.py:914} INFO - Processing file /opt/airflow/dags/02_travel_gmaps_ingestion.py for tasks to queue
[2026-03-09T12:48:39.822+0000] {logging_mixin.py:190} INFO - [2026-03-09T12:48:39.822+0000] {dagbag.py:588} INFO - Filling up the DagBag from /opt/airflow/dags/02_travel_gmaps_ingestion.py
[2026-03-09T12:48:39.842+0000] {processor.py:925} INFO - DAG(s) '02_travel_gmaps_ingestion' retrieved from /opt/airflow/dags/02_travel_gmaps_ingestion.py
[2026-03-09T12:48:39.877+0000] {logging_mixin.py:190} INFO - [2026-03-09T12:48:39.877+0000] {dag.py:3239} INFO - Sync 1 DAGs
[2026-03-09T12:48:39.903+0000] {logging_mixin.py:190} INFO - [2026-03-09T12:48:39.903+0000] {dag.py:4180} INFO - Setting next_dagrun for 02_travel_gmaps_ingestion to 2026-03-08 14:00:00+00:00, run_after=2026-03-09 08:00:00+00:00
[2026-03-09T12:48:39.931+0000] {processor.py:208} INFO - Processing /opt/airflow/dags/02_travel_gmaps_ingestion.py took 0.120 seconds
[2026-03-09T12:49:10.524+0000] {processor.py:186} INFO - Started process (PID=15850) to work on /opt/airflow/dags/02_travel_gmaps_ingestion.py
[2026-03-09T12:49:10.525+0000] {processor.py:914} INFO - Processing file /opt/airflow/dags/02_travel_gmaps_ingestion.py for tasks to queue
[2026-03-09T12:49:10.527+0000] {logging_mixin.py:190} INFO - [2026-03-09T12:49:10.527+0000] {dagbag.py:588} INFO - Filling up the DagBag from /opt/airflow/dags/02_travel_gmaps_ingestion.py
[2026-03-09T12:49:10.567+0000] {processor.py:925} INFO - DAG(s) '02_travel_gmaps_ingestion' retrieved from /opt/airflow/dags/02_travel_gmaps_ingestion.py
[2026-03-09T12:49:10.603+0000] {logging_mixin.py:190} INFO - [2026-03-09T12:49:10.602+0000] {dag.py:3239} INFO - Sync 1 DAGs
[2026-03-09T12:49:10.630+0000] {logging_mixin.py:190} INFO - [2026-03-09T12:49:10.630+0000] {dag.py:4180} INFO - Setting next_dagrun for 02_travel_gmaps_ingestion to 2026-03-08 14:00:00+00:00, run_after=2026-03-09 08:00:00+00:00
[2026-03-09T12:49:10.663+0000] {processor.py:208} INFO - Processing /opt/airflow/dags/02_travel_gmaps_ingestion.py took 0.149 seconds
[2026-03-09T12:49:41.308+0000] {processor.py:186} INFO - Started process (PID=15872) to work on /opt/airflow/dags/02_travel_gmaps_ingestion.py
[2026-03-09T12:49:41.310+0000] {processor.py:914} INFO - Processing file /opt/airflow/dags/02_travel_gmaps_ingestion.py for tasks to queue
[2026-03-09T12:49:41.314+0000] {logging_mixin.py:190} INFO - [2026-03-09T12:49:41.313+0000] {dagbag.py:588} INFO - Filling up the DagBag from /opt/airflow/dags/02_travel_gmaps_ingestion.py
[2026-03-09T12:49:41.354+0000] {processor.py:925} INFO - DAG(s) '02_travel_gmaps_ingestion' retrieved from /opt/airflow/dags/02_travel_gmaps_ingestion.py
[2026-03-09T12:49:41.390+0000] {logging_mixin.py:190} INFO - [2026-03-09T12:49:41.390+0000] {dag.py:3239} INFO - Sync 1 DAGs
[2026-03-09T12:49:41.422+0000] {logging_mixin.py:190} INFO - [2026-03-09T12:49:41.422+0000] {dag.py:4180} INFO - Setting next_dagrun for 02_travel_gmaps_ingestion to 2026-03-08 14:00:00+00:00, run_after=2026-03-09 08:00:00+00:00
[2026-03-09T12:49:41.452+0000] {processor.py:208} INFO - Processing /opt/airflow/dags/02_travel_gmaps_ingestion.py took 0.150 seconds
[2026-03-09T12:50:12.014+0000] {processor.py:186} INFO - Started process (PID=15892) to work on /opt/airflow/dags/02_travel_gmaps_ingestion.py
[2026-03-09T12:50:12.015+0000] {processor.py:914} INFO - Processing file /opt/airflow/dags/02_travel_gmaps_ingestion.py for tasks to queue
[2026-03-09T12:50:12.016+0000] {logging_mixin.py:190} INFO - [2026-03-09T12:50:12.016+0000] {dagbag.py:588} INFO - Filling up the DagBag from /opt/airflow/dags/02_travel_gmaps_ingestion.py
[2026-03-09T12:50:12.040+0000] {processor.py:925} INFO - DAG(s) '02_travel_gmaps_ingestion' retrieved from /opt/airflow/dags/02_travel_gmaps_ingestion.py
[2026-03-09T12:50:12.068+0000] {logging_mixin.py:190} INFO - [2026-03-09T12:50:12.068+0000] {dag.py:3239} INFO - Sync 1 DAGs
[2026-03-09T12:50:12.095+0000] {logging_mixin.py:190} INFO - [2026-03-09T12:50:12.095+0000] {dag.py:4180} INFO - Setting next_dagrun for 02_travel_gmaps_ingestion to 2026-03-08 14:00:00+00:00, run_after=2026-03-09 08:00:00+00:00
[2026-03-09T12:50:12.122+0000] {processor.py:208} INFO - Processing /opt/airflow/dags/02_travel_gmaps_ingestion.py took 0.117 seconds
[2026-03-09T12:50:42.620+0000] {processor.py:186} INFO - Started process (PID=15912) to work on /opt/airflow/dags/02_travel_gmaps_ingestion.py
[2026-03-09T12:50:42.621+0000] {processor.py:914} INFO - Processing file /opt/airflow/dags/02_travel_gmaps_ingestion.py for tasks to queue
[2026-03-09T12:50:42.623+0000] {logging_mixin.py:190} INFO - [2026-03-09T12:50:42.622+0000] {dagbag.py:588} INFO - Filling up the DagBag from /opt/airflow/dags/02_travel_gmaps_ingestion.py
[2026-03-09T12:50:42.655+0000] {processor.py:925} INFO - DAG(s) '02_travel_gmaps_ingestion' retrieved from /opt/airflow/dags/02_travel_gmaps_ingestion.py
[2026-03-09T12:50:42.684+0000] {logging_mixin.py:190} INFO - [2026-03-09T12:50:42.684+0000] {dag.py:3239} INFO - Sync 1 DAGs
[2026-03-09T12:50:42.714+0000] {logging_mixin.py:190} INFO - [2026-03-09T12:50:42.714+0000] {dag.py:4180} INFO - Setting next_dagrun for 02_travel_gmaps_ingestion to 2026-03-08 14:00:00+00:00, run_after=2026-03-09 08:00:00+00:00
[2026-03-09T12:50:42.743+0000] {processor.py:208} INFO - Processing /opt/airflow/dags/02_travel_gmaps_ingestion.py took 0.134 seconds
[2026-03-09T12:51:13.389+0000] {processor.py:186} INFO - Started process (PID=15932) to work on /opt/airflow/dags/02_travel_gmaps_ingestion.py
[2026-03-09T12:51:13.390+0000] {processor.py:914} INFO - Processing file /opt/airflow/dags/02_travel_gmaps_ingestion.py for tasks to queue
[2026-03-09T12:51:13.394+0000] {logging_mixin.py:190} INFO - [2026-03-09T12:51:13.393+0000] {dagbag.py:588} INFO - Filling up the DagBag from /opt/airflow/dags/02_travel_gmaps_ingestion.py
[2026-03-09T12:51:13.424+0000] {processor.py:925} INFO - DAG(s) '02_travel_gmaps_ingestion' retrieved from /opt/airflow/dags/02_travel_gmaps_ingestion.py
[2026-03-09T12:51:13.460+0000] {logging_mixin.py:190} INFO - [2026-03-09T12:51:13.460+0000] {dag.py:3239} INFO - Sync 1 DAGs
[2026-03-09T12:51:13.500+0000] {logging_mixin.py:190} INFO - [2026-03-09T12:51:13.500+0000] {dag.py:4180} INFO - Setting next_dagrun for 02_travel_gmaps_ingestion to 2026-03-08 14:00:00+00:00, run_after=2026-03-09 08:00:00+00:00
[2026-03-09T12:51:13.533+0000] {processor.py:208} INFO - Processing /opt/airflow/dags/02_travel_gmaps_ingestion.py took 0.153 seconds
[2026-03-09T12:51:44.097+0000] {processor.py:186} INFO - Started process (PID=15952) to work on /opt/airflow/dags/02_travel_gmaps_ingestion.py
[2026-03-09T12:51:44.099+0000] {processor.py:914} INFO - Processing file /opt/airflow/dags/02_travel_gmaps_ingestion.py for tasks to queue
[2026-03-09T12:51:44.100+0000] {logging_mixin.py:190} INFO - [2026-03-09T12:51:44.100+0000] {dagbag.py:588} INFO - Filling up the DagBag from /opt/airflow/dags/02_travel_gmaps_ingestion.py
[2026-03-09T12:51:44.124+0000] {processor.py:925} INFO - DAG(s) '02_travel_gmaps_ingestion' retrieved from /opt/airflow/dags/02_travel_gmaps_ingestion.py
[2026-03-09T12:51:44.154+0000] {logging_mixin.py:190} INFO - [2026-03-09T12:51:44.153+0000] {dag.py:3239} INFO - Sync 1 DAGs
[2026-03-09T12:51:44.185+0000] {logging_mixin.py:190} INFO - [2026-03-09T12:51:44.184+0000] {dag.py:4180} INFO - Setting next_dagrun for 02_travel_gmaps_ingestion to 2026-03-08 14:00:00+00:00, run_after=2026-03-09 08:00:00+00:00
[2026-03-09T12:51:44.215+0000] {processor.py:208} INFO - Processing /opt/airflow/dags/02_travel_gmaps_ingestion.py took 0.124 seconds
[2026-03-09T12:52:14.784+0000] {processor.py:186} INFO - Started process (PID=15972) to work on /opt/airflow/dags/02_travel_gmaps_ingestion.py
[2026-03-09T12:52:14.785+0000] {processor.py:914} INFO - Processing file /opt/airflow/dags/02_travel_gmaps_ingestion.py for tasks to queue
[2026-03-09T12:52:14.787+0000] {logging_mixin.py:190} INFO - [2026-03-09T12:52:14.787+0000] {dagbag.py:588} INFO - Filling up the DagBag from /opt/airflow/dags/02_travel_gmaps_ingestion.py
[2026-03-09T12:52:14.818+0000] {processor.py:925} INFO - DAG(s) '02_travel_gmaps_ingestion' retrieved from /opt/airflow/dags/02_travel_gmaps_ingestion.py
[2026-03-09T12:52:14.855+0000] {logging_mixin.py:190} INFO - [2026-03-09T12:52:14.855+0000] {dag.py:3239} INFO - Sync 1 DAGs
[2026-03-09T12:52:14.890+0000] {logging_mixin.py:190} INFO - [2026-03-09T12:52:14.890+0000] {dag.py:4180} INFO - Setting next_dagrun for 02_travel_gmaps_ingestion to 2026-03-08 14:00:00+00:00, run_after=2026-03-09 08:00:00+00:00
[2026-03-09T12:52:14.924+0000] {processor.py:208} INFO - Processing /opt/airflow/dags/02_travel_gmaps_ingestion.py took 0.149 seconds
[2026-03-09T12:52:45.511+0000] {processor.py:186} INFO - Started process (PID=15992) to work on /opt/airflow/dags/02_travel_gmaps_ingestion.py
[2026-03-09T12:52:45.512+0000] {processor.py:914} INFO - Processing file /opt/airflow/dags/02_travel_gmaps_ingestion.py for tasks to queue
[2026-03-09T12:52:45.515+0000] {logging_mixin.py:190} INFO - [2026-03-09T12:52:45.514+0000] {dagbag.py:588} INFO - Filling up the DagBag from /opt/airflow/dags/02_travel_gmaps_ingestion.py
[2026-03-09T12:52:45.551+0000] {processor.py:925} INFO - DAG(s) '02_travel_gmaps_ingestion' retrieved from /opt/airflow/dags/02_travel_gmaps_ingestion.py
[2026-03-09T12:52:45.583+0000] {logging_mixin.py:190} INFO - [2026-03-09T12:52:45.583+0000] {dag.py:3239} INFO - Sync 1 DAGs
[2026-03-09T12:52:45.614+0000] {logging_mixin.py:190} INFO - [2026-03-09T12:52:45.613+0000] {dag.py:4180} INFO - Setting next_dagrun for 02_travel_gmaps_ingestion to 2026-03-08 14:00:00+00:00, run_after=2026-03-09 08:00:00+00:00
[2026-03-09T12:52:45.644+0000] {processor.py:208} INFO - Processing /opt/airflow/dags/02_travel_gmaps_ingestion.py took 0.141 seconds
[2026-03-09T12:53:16.183+0000] {processor.py:186} INFO - Started process (PID=16012) to work on /opt/airflow/dags/02_travel_gmaps_ingestion.py
[2026-03-09T12:53:16.184+0000] {processor.py:914} INFO - Processing file /opt/airflow/dags/02_travel_gmaps_ingestion.py for tasks to queue
[2026-03-09T12:53:16.186+0000] {logging_mixin.py:190} INFO - [2026-03-09T12:53:16.186+0000] {dagbag.py:588} INFO - Filling up the DagBag from /opt/airflow/dags/02_travel_gmaps_ingestion.py
[2026-03-09T12:53:16.220+0000] {processor.py:925} INFO - DAG(s) '02_travel_gmaps_ingestion' retrieved from /opt/airflow/dags/02_travel_gmaps_ingestion.py
[2026-03-09T12:53:16.260+0000] {logging_mixin.py:190} INFO - [2026-03-09T12:53:16.260+0000] {dag.py:3239} INFO - Sync 1 DAGs
[2026-03-09T12:53:16.315+0000] {logging_mixin.py:190} INFO - [2026-03-09T12:53:16.315+0000] {dag.py:4180} INFO - Setting next_dagrun for 02_travel_gmaps_ingestion to 2026-03-08 14:00:00+00:00, run_after=2026-03-09 08:00:00+00:00
[2026-03-09T12:53:16.370+0000] {processor.py:208} INFO - Processing /opt/airflow/dags/02_travel_gmaps_ingestion.py took 0.198 seconds
[2026-03-09T12:53:47.010+0000] {processor.py:186} INFO - Started process (PID=16032) to work on /opt/airflow/dags/02_travel_gmaps_ingestion.py
[2026-03-09T12:53:47.011+0000] {processor.py:914} INFO - Processing file /opt/airflow/dags/02_travel_gmaps_ingestion.py for tasks to queue
[2026-03-09T12:53:47.013+0000] {logging_mixin.py:190} INFO - [2026-03-09T12:53:47.012+0000] {dagbag.py:588} INFO - Filling up the DagBag from /opt/airflow/dags/02_travel_gmaps_ingestion.py
[2026-03-09T12:53:47.042+0000] {processor.py:925} INFO - DAG(s) '02_travel_gmaps_ingestion' retrieved from /opt/airflow/dags/02_travel_gmaps_ingestion.py
[2026-03-09T12:53:47.079+0000] {logging_mixin.py:190} INFO - [2026-03-09T12:53:47.079+0000] {dag.py:3239} INFO - Sync 1 DAGs
[2026-03-09T12:53:47.139+0000] {logging_mixin.py:190} INFO - [2026-03-09T12:53:47.139+0000] {dag.py:4180} INFO - Setting next_dagrun for 02_travel_gmaps_ingestion to 2026-03-08 14:00:00+00:00, run_after=2026-03-09 08:00:00+00:00
[2026-03-09T12:53:47.171+0000] {processor.py:208} INFO - Processing /opt/airflow/dags/02_travel_gmaps_ingestion.py took 0.170 seconds
[2026-03-09T12:54:17.855+0000] {processor.py:186} INFO - Started process (PID=16052) to work on /opt/airflow/dags/02_travel_gmaps_ingestion.py
[2026-03-09T12:54:17.857+0000] {processor.py:914} INFO - Processing file /opt/airflow/dags/02_travel_gmaps_ingestion.py for tasks to queue
[2026-03-09T12:54:17.859+0000] {logging_mixin.py:190} INFO - [2026-03-09T12:54:17.859+0000] {dagbag.py:588} INFO - Filling up the DagBag from /opt/airflow/dags/02_travel_gmaps_ingestion.py
[2026-03-09T12:54:17.878+0000] {processor.py:925} INFO - DAG(s) '02_travel_gmaps_ingestion' retrieved from /opt/airflow/dags/02_travel_gmaps_ingestion.py
[2026-03-09T12:54:17.903+0000] {logging_mixin.py:190} INFO - [2026-03-09T12:54:17.902+0000] {dag.py:3239} INFO - Sync 1 DAGs
[2026-03-09T12:54:17.929+0000] {logging_mixin.py:190} INFO - [2026-03-09T12:54:17.929+0000] {dag.py:4180} INFO - Setting next_dagrun for 02_travel_gmaps_ingestion to 2026-03-08 14:00:00+00:00, run_after=2026-03-09 08:00:00+00:00
[2026-03-09T12:54:17.951+0000] {processor.py:208} INFO - Processing /opt/airflow/dags/02_travel_gmaps_ingestion.py took 0.102 seconds
[2026-03-09T12:54:48.474+0000] {processor.py:186} INFO - Started process (PID=16072) to work on /opt/airflow/dags/02_travel_gmaps_ingestion.py
[2026-03-09T12:54:48.476+0000] {processor.py:914} INFO - Processing file /opt/airflow/dags/02_travel_gmaps_ingestion.py for tasks to queue
[2026-03-09T12:54:48.478+0000] {logging_mixin.py:190} INFO - [2026-03-09T12:54:48.478+0000] {dagbag.py:588} INFO - Filling up the DagBag from /opt/airflow/dags/02_travel_gmaps_ingestion.py
[2026-03-09T12:54:48.507+0000] {processor.py:925} INFO - DAG(s) '02_travel_gmaps_ingestion' retrieved from /opt/airflow/dags/02_travel_gmaps_ingestion.py
[2026-03-09T12:54:48.545+0000] {logging_mixin.py:190} INFO - [2026-03-09T12:54:48.545+0000] {dag.py:3239} INFO - Sync 1 DAGs
[2026-03-09T12:54:48.575+0000] {logging_mixin.py:190} INFO - [2026-03-09T12:54:48.574+0000] {dag.py:4180} INFO - Setting next_dagrun for 02_travel_gmaps_ingestion to 2026-03-08 14:00:00+00:00, run_after=2026-03-09 08:00:00+00:00
[2026-03-09T12:54:48.601+0000] {processor.py:208} INFO - Processing /opt/airflow/dags/02_travel_gmaps_ingestion.py took 0.134 seconds
[2026-03-09T12:55:19.142+0000] {processor.py:186} INFO - Started process (PID=16092) to work on /opt/airflow/dags/02_travel_gmaps_ingestion.py
[2026-03-09T12:55:19.143+0000] {processor.py:914} INFO - Processing file /opt/airflow/dags/02_travel_gmaps_ingestion.py for tasks to queue
[2026-03-09T12:55:19.146+0000] {logging_mixin.py:190} INFO - [2026-03-09T12:55:19.146+0000] {dagbag.py:588} INFO - Filling up the DagBag from /opt/airflow/dags/02_travel_gmaps_ingestion.py
[2026-03-09T12:55:19.177+0000] {processor.py:925} INFO - DAG(s) '02_travel_gmaps_ingestion' retrieved from /opt/airflow/dags/02_travel_gmaps_ingestion.py
[2026-03-09T12:55:19.211+0000] {logging_mixin.py:190} INFO - [2026-03-09T12:55:19.210+0000] {dag.py:3239} INFO - Sync 1 DAGs
[2026-03-09T12:55:19.239+0000] {logging_mixin.py:190} INFO - [2026-03-09T12:55:19.239+0000] {dag.py:4180} INFO - Setting next_dagrun for 02_travel_gmaps_ingestion to 2026-03-08 14:00:00+00:00, run_after=2026-03-09 08:00:00+00:00
[2026-03-09T12:55:19.268+0000] {processor.py:208} INFO - Processing /opt/airflow/dags/02_travel_gmaps_ingestion.py took 0.135 seconds
[2026-03-09T12:55:49.865+0000] {processor.py:186} INFO - Started process (PID=16112) to work on /opt/airflow/dags/02_travel_gmaps_ingestion.py
[2026-03-09T12:55:49.866+0000] {processor.py:914} INFO - Processing file /opt/airflow/dags/02_travel_gmaps_ingestion.py for tasks to queue
[2026-03-09T12:55:49.869+0000] {logging_mixin.py:190} INFO - [2026-03-09T12:55:49.868+0000] {dagbag.py:588} INFO - Filling up the DagBag from /opt/airflow/dags/02_travel_gmaps_ingestion.py
[2026-03-09T12:55:49.886+0000] {processor.py:925} INFO - DAG(s) '02_travel_gmaps_ingestion' retrieved from /opt/airflow/dags/02_travel_gmaps_ingestion.py
[2026-03-09T12:55:49.917+0000] {logging_mixin.py:190} INFO - [2026-03-09T12:55:49.917+0000] {dag.py:3239} INFO - Sync 1 DAGs
[2026-03-09T12:55:49.943+0000] {logging_mixin.py:190} INFO - [2026-03-09T12:55:49.943+0000] {dag.py:4180} INFO - Setting next_dagrun for 02_travel_gmaps_ingestion to 2026-03-08 14:00:00+00:00, run_after=2026-03-09 08:00:00+00:00
[2026-03-09T12:55:49.969+0000] {processor.py:208} INFO - Processing /opt/airflow/dags/02_travel_gmaps_ingestion.py took 0.110 seconds
[2026-03-09T12:56:20.501+0000] {processor.py:186} INFO - Started process (PID=16132) to work on /opt/airflow/dags/02_travel_gmaps_ingestion.py
[2026-03-09T12:56:20.502+0000] {processor.py:914} INFO - Processing file /opt/airflow/dags/02_travel_gmaps_ingestion.py for tasks to queue
[2026-03-09T12:56:20.506+0000] {logging_mixin.py:190} INFO - [2026-03-09T12:56:20.506+0000] {dagbag.py:588} INFO - Filling up the DagBag from /opt/airflow/dags/02_travel_gmaps_ingestion.py
[2026-03-09T12:56:20.527+0000] {processor.py:925} INFO - DAG(s) '02_travel_gmaps_ingestion' retrieved from /opt/airflow/dags/02_travel_gmaps_ingestion.py
[2026-03-09T12:56:20.555+0000] {logging_mixin.py:190} INFO - [2026-03-09T12:56:20.555+0000] {dag.py:3239} INFO - Sync 1 DAGs
[2026-03-09T12:56:20.579+0000] {logging_mixin.py:190} INFO - [2026-03-09T12:56:20.579+0000] {dag.py:4180} INFO - Setting next_dagrun for 02_travel_gmaps_ingestion to 2026-03-08 14:00:00+00:00, run_after=2026-03-09 08:00:00+00:00
[2026-03-09T12:56:20.607+0000] {processor.py:208} INFO - Processing /opt/airflow/dags/02_travel_gmaps_ingestion.py took 0.113 seconds
[2026-03-09T12:56:51.176+0000] {processor.py:186} INFO - Started process (PID=16152) to work on /opt/airflow/dags/02_travel_gmaps_ingestion.py
[2026-03-09T12:56:51.178+0000] {processor.py:914} INFO - Processing file /opt/airflow/dags/02_travel_gmaps_ingestion.py for tasks to queue
[2026-03-09T12:56:51.183+0000] {logging_mixin.py:190} INFO - [2026-03-09T12:56:51.181+0000] {dagbag.py:588} INFO - Filling up the DagBag from /opt/airflow/dags/02_travel_gmaps_ingestion.py
[2026-03-09T12:56:51.219+0000] {processor.py:925} INFO - DAG(s) '02_travel_gmaps_ingestion' retrieved from /opt/airflow/dags/02_travel_gmaps_ingestion.py
[2026-03-09T12:56:51.255+0000] {logging_mixin.py:190} INFO - [2026-03-09T12:56:51.254+0000] {dag.py:3239} INFO - Sync 1 DAGs
[2026-03-09T12:56:51.284+0000] {logging_mixin.py:190} INFO - [2026-03-09T12:56:51.283+0000] {dag.py:4180} INFO - Setting next_dagrun for 02_travel_gmaps_ingestion to 2026-03-08 14:00:00+00:00, run_after=2026-03-09 08:00:00+00:00
[2026-03-09T12:56:51.313+0000] {processor.py:208} INFO - Processing /opt/airflow/dags/02_travel_gmaps_ingestion.py took 0.147 seconds
[2026-03-09T12:57:21.893+0000] {processor.py:186} INFO - Started process (PID=16172) to work on /opt/airflow/dags/02_travel_gmaps_ingestion.py
[2026-03-09T12:57:21.895+0000] {processor.py:914} INFO - Processing file /opt/airflow/dags/02_travel_gmaps_ingestion.py for tasks to queue
[2026-03-09T12:57:21.897+0000] {logging_mixin.py:190} INFO - [2026-03-09T12:57:21.896+0000] {dagbag.py:588} INFO - Filling up the DagBag from /opt/airflow/dags/02_travel_gmaps_ingestion.py
[2026-03-09T12:57:21.919+0000] {processor.py:925} INFO - DAG(s) '02_travel_gmaps_ingestion' retrieved from /opt/airflow/dags/02_travel_gmaps_ingestion.py
[2026-03-09T12:57:21.952+0000] {logging_mixin.py:190} INFO - [2026-03-09T12:57:21.951+0000] {dag.py:3239} INFO - Sync 1 DAGs
[2026-03-09T12:57:21.978+0000] {logging_mixin.py:190} INFO - [2026-03-09T12:57:21.978+0000] {dag.py:4180} INFO - Setting next_dagrun for 02_travel_gmaps_ingestion to 2026-03-08 14:00:00+00:00, run_after=2026-03-09 08:00:00+00:00
[2026-03-09T12:57:22.014+0000] {processor.py:208} INFO - Processing /opt/airflow/dags/02_travel_gmaps_ingestion.py took 0.128 seconds
[2026-03-09T12:57:54.137+0000] {processor.py:186} INFO - Started process (PID=16194) to work on /opt/airflow/dags/02_travel_gmaps_ingestion.py
[2026-03-09T12:57:54.149+0000] {processor.py:914} INFO - Processing file /opt/airflow/dags/02_travel_gmaps_ingestion.py for tasks to queue
[2026-03-09T12:57:54.155+0000] {logging_mixin.py:190} INFO - [2026-03-09T12:57:54.154+0000] {dagbag.py:588} INFO - Filling up the DagBag from /opt/airflow/dags/02_travel_gmaps_ingestion.py
[2026-03-09T12:57:54.209+0000] {processor.py:925} INFO - DAG(s) '02_travel_gmaps_ingestion' retrieved from /opt/airflow/dags/02_travel_gmaps_ingestion.py
[2026-03-09T12:57:54.287+0000] {logging_mixin.py:190} INFO - [2026-03-09T12:57:54.286+0000] {dag.py:3239} INFO - Sync 1 DAGs
[2026-03-09T12:57:54.352+0000] {logging_mixin.py:190} INFO - [2026-03-09T12:57:54.351+0000] {dag.py:4180} INFO - Setting next_dagrun for 02_travel_gmaps_ingestion to 2026-03-08 14:00:00+00:00, run_after=2026-03-09 08:00:00+00:00
[2026-03-09T12:57:54.412+0000] {processor.py:208} INFO - Processing /opt/airflow/dags/02_travel_gmaps_ingestion.py took 0.311 seconds
[2026-03-09T13:00:54.318+0000] {processor.py:186} INFO - Started process (PID=16208) to work on /opt/airflow/dags/02_travel_gmaps_ingestion.py
[2026-03-09T13:00:54.323+0000] {processor.py:914} INFO - Processing file /opt/airflow/dags/02_travel_gmaps_ingestion.py for tasks to queue
[2026-03-09T13:00:54.339+0000] {logging_mixin.py:190} INFO - [2026-03-09T13:00:54.334+0000] {dagbag.py:588} INFO - Filling up the DagBag from /opt/airflow/dags/02_travel_gmaps_ingestion.py
[2026-03-09T13:00:55.101+0000] {processor.py:925} INFO - DAG(s) '02_travel_gmaps_ingestion' retrieved from /opt/airflow/dags/02_travel_gmaps_ingestion.py
[2026-03-09T13:01:00.744+0000] {logging_mixin.py:190} INFO - [2026-03-09T13:01:00.733+0000] {dag.py:3239} INFO - Sync 1 DAGs
[2026-03-09T13:01:01.241+0000] {logging_mixin.py:190} INFO - [2026-03-09T13:01:01.233+0000] {dag.py:4180} INFO - Setting next_dagrun for 02_travel_gmaps_ingestion to 2026-03-08 14:00:00+00:00, run_after=2026-03-09 08:00:00+00:00
[2026-03-09T13:01:01.754+0000] {processor.py:208} INFO - Processing /opt/airflow/dags/02_travel_gmaps_ingestion.py took 7.470 seconds
[2026-03-09T13:01:32.889+0000] {processor.py:186} INFO - Started process (PID=16241) to work on /opt/airflow/dags/02_travel_gmaps_ingestion.py
[2026-03-09T13:01:32.894+0000] {processor.py:914} INFO - Processing file /opt/airflow/dags/02_travel_gmaps_ingestion.py for tasks to queue
[2026-03-09T13:01:32.900+0000] {logging_mixin.py:190} INFO - [2026-03-09T13:01:32.896+0000] {dagbag.py:588} INFO - Filling up the DagBag from /opt/airflow/dags/02_travel_gmaps_ingestion.py
[2026-03-09T13:01:32.945+0000] {processor.py:925} INFO - DAG(s) '02_travel_gmaps_ingestion' retrieved from /opt/airflow/dags/02_travel_gmaps_ingestion.py
[2026-03-09T13:01:33.722+0000] {logging_mixin.py:190} INFO - [2026-03-09T13:01:33.711+0000] {dag.py:3239} INFO - Sync 1 DAGs
[2026-03-09T13:01:33.782+0000] {logging_mixin.py:190} INFO - [2026-03-09T13:01:33.782+0000] {dag.py:4180} INFO - Setting next_dagrun for 02_travel_gmaps_ingestion to 2026-03-08 14:00:00+00:00, run_after=2026-03-09 08:00:00+00:00
[2026-03-09T13:01:33.847+0000] {processor.py:208} INFO - Processing /opt/airflow/dags/02_travel_gmaps_ingestion.py took 0.982 seconds
[2026-03-09T13:03:07.783+0000] {processor.py:186} INFO - Started process (PID=16257) to work on /opt/airflow/dags/02_travel_gmaps_ingestion.py
[2026-03-09T13:03:07.788+0000] {processor.py:914} INFO - Processing file /opt/airflow/dags/02_travel_gmaps_ingestion.py for tasks to queue
[2026-03-09T13:03:07.795+0000] {logging_mixin.py:190} INFO - [2026-03-09T13:03:07.791+0000] {dagbag.py:588} INFO - Filling up the DagBag from /opt/airflow/dags/02_travel_gmaps_ingestion.py
[2026-03-09T13:03:08.067+0000] {processor.py:925} INFO - DAG(s) '02_travel_gmaps_ingestion' retrieved from /opt/airflow/dags/02_travel_gmaps_ingestion.py
[2026-03-09T13:03:28.011+0000] {logging_mixin.py:190} INFO - [2026-03-09T13:03:28.007+0000] {dag.py:3239} INFO - Sync 1 DAGs
[2026-03-09T13:03:28.561+0000] {logging_mixin.py:190} INFO - [2026-03-09T13:03:28.559+0000] {dag.py:4180} INFO - Setting next_dagrun for 02_travel_gmaps_ingestion to 2026-03-08 14:00:00+00:00, run_after=2026-03-09 08:00:00+00:00
[2026-03-09T13:03:28.842+0000] {processor.py:208} INFO - Processing /opt/airflow/dags/02_travel_gmaps_ingestion.py took 21.119 seconds
[2026-03-09T13:04:00.085+0000] {processor.py:186} INFO - Started process (PID=16277) to work on /opt/airflow/dags/02_travel_gmaps_ingestion.py
[2026-03-09T13:04:00.205+0000] {processor.py:914} INFO - Processing file /opt/airflow/dags/02_travel_gmaps_ingestion.py for tasks to queue
[2026-03-09T13:04:00.292+0000] {logging_mixin.py:190} INFO - [2026-03-09T13:04:00.243+0000] {dagbag.py:588} INFO - Filling up the DagBag from /opt/airflow/dags/02_travel_gmaps_ingestion.py
[2026-03-09T13:04:00.767+0000] {processor.py:925} INFO - DAG(s) '02_travel_gmaps_ingestion' retrieved from /opt/airflow/dags/02_travel_gmaps_ingestion.py
[2026-03-09T13:04:01.327+0000] {logging_mixin.py:190} INFO - [2026-03-09T13:04:01.325+0000] {dag.py:3239} INFO - Sync 1 DAGs
[2026-03-09T13:04:01.426+0000] {logging_mixin.py:190} INFO - [2026-03-09T13:04:01.426+0000] {dag.py:4180} INFO - Setting next_dagrun for 02_travel_gmaps_ingestion to 2026-03-08 14:00:00+00:00, run_after=2026-03-09 08:00:00+00:00
[2026-03-09T13:04:01.603+0000] {processor.py:208} INFO - Processing /opt/airflow/dags/02_travel_gmaps_ingestion.py took 1.833 seconds
[2026-03-09T13:04:53.433+0000] {processor.py:186} INFO - Started process (PID=16297) to work on /opt/airflow/dags/02_travel_gmaps_ingestion.py
[2026-03-09T13:04:53.446+0000] {processor.py:914} INFO - Processing file /opt/airflow/dags/02_travel_gmaps_ingestion.py for tasks to queue
[2026-03-09T13:04:53.458+0000] {logging_mixin.py:190} INFO - [2026-03-09T13:04:53.452+0000] {dagbag.py:588} INFO - Filling up the DagBag from /opt/airflow/dags/02_travel_gmaps_ingestion.py
[2026-03-09T13:04:53.814+0000] {processor.py:925} INFO - DAG(s) '02_travel_gmaps_ingestion' retrieved from /opt/airflow/dags/02_travel_gmaps_ingestion.py
[2026-03-09T13:05:16.772+0000] {logging_mixin.py:190} INFO - [2026-03-09T13:05:16.759+0000] {dag.py:3239} INFO - Sync 1 DAGs
[2026-03-09T13:05:16.935+0000] {logging_mixin.py:190} INFO - [2026-03-09T13:05:16.935+0000] {dag.py:4180} INFO - Setting next_dagrun for 02_travel_gmaps_ingestion to 2026-03-08 14:00:00+00:00, run_after=2026-03-09 08:00:00+00:00
[2026-03-09T13:05:17.024+0000] {processor.py:208} INFO - Processing /opt/airflow/dags/02_travel_gmaps_ingestion.py took 23.650 seconds
[2026-03-09T13:05:47.558+0000] {processor.py:186} INFO - Started process (PID=16317) to work on /opt/airflow/dags/02_travel_gmaps_ingestion.py
[2026-03-09T13:05:47.561+0000] {processor.py:914} INFO - Processing file /opt/airflow/dags/02_travel_gmaps_ingestion.py for tasks to queue
[2026-03-09T13:05:47.564+0000] {logging_mixin.py:190} INFO - [2026-03-09T13:05:47.563+0000] {dagbag.py:588} INFO - Filling up the DagBag from /opt/airflow/dags/02_travel_gmaps_ingestion.py
[2026-03-09T13:05:47.607+0000] {processor.py:925} INFO - DAG(s) '02_travel_gmaps_ingestion' retrieved from /opt/airflow/dags/02_travel_gmaps_ingestion.py
[2026-03-09T13:05:47.688+0000] {logging_mixin.py:190} INFO - [2026-03-09T13:05:47.687+0000] {dag.py:3239} INFO - Sync 1 DAGs
[2026-03-09T13:05:47.790+0000] {logging_mixin.py:190} INFO - [2026-03-09T13:05:47.790+0000] {dag.py:4180} INFO - Setting next_dagrun for 02_travel_gmaps_ingestion to 2026-03-08 14:00:00+00:00, run_after=2026-03-09 08:00:00+00:00
[2026-03-09T13:05:47.866+0000] {processor.py:208} INFO - Processing /opt/airflow/dags/02_travel_gmaps_ingestion.py took 0.323 seconds
[2026-03-09T13:06:18.347+0000] {processor.py:186} INFO - Started process (PID=16337) to work on /opt/airflow/dags/02_travel_gmaps_ingestion.py
[2026-03-09T13:06:18.349+0000] {processor.py:914} INFO - Processing file /opt/airflow/dags/02_travel_gmaps_ingestion.py for tasks to queue
[2026-03-09T13:06:18.357+0000] {logging_mixin.py:190} INFO - [2026-03-09T13:06:18.357+0000] {dagbag.py:588} INFO - Filling up the DagBag from /opt/airflow/dags/02_travel_gmaps_ingestion.py
[2026-03-09T13:06:18.393+0000] {processor.py:925} INFO - DAG(s) '02_travel_gmaps_ingestion' retrieved from /opt/airflow/dags/02_travel_gmaps_ingestion.py
[2026-03-09T13:06:18.763+0000] {logging_mixin.py:190} INFO - [2026-03-09T13:06:18.749+0000] {dag.py:3239} INFO - Sync 1 DAGs
[2026-03-09T13:06:18.893+0000] {logging_mixin.py:190} INFO - [2026-03-09T13:06:18.892+0000] {dag.py:4180} INFO - Setting next_dagrun for 02_travel_gmaps_ingestion to 2026-03-08 14:00:00+00:00, run_after=2026-03-09 08:00:00+00:00
[2026-03-09T13:06:18.977+0000] {processor.py:208} INFO - Processing /opt/airflow/dags/02_travel_gmaps_ingestion.py took 0.641 seconds
