[2026-01-27T06:48:55.492+0000] {processor.py:186} INFO - Started process (PID=167) to work on /opt/airflow/dags/music_ingestion_dag.py
[2026-01-27T06:48:55.497+0000] {processor.py:914} INFO - Processing file /opt/airflow/dags/music_ingestion_dag.py for tasks to queue
[2026-01-27T06:48:55.504+0000] {logging_mixin.py:190} INFO - [2026-01-27T06:48:55.503+0000] {dagbag.py:588} INFO - Filling up the DagBag from /opt/airflow/dags/music_ingestion_dag.py
[2026-01-27T06:48:55.763+0000] {processor.py:925} INFO - DAG(s) '01_music_ingestion_realtime' retrieved from /opt/airflow/dags/music_ingestion_dag.py
[2026-01-27T06:48:55.890+0000] {logging_mixin.py:190} INFO - [2026-01-27T06:48:55.890+0000] {dag.py:3239} INFO - Sync 1 DAGs
[2026-01-27T06:48:55.966+0000] {logging_mixin.py:190} INFO - [2026-01-27T06:48:55.966+0000] {dag.py:4180} INFO - Setting next_dagrun for 01_music_ingestion_realtime to 2026-01-27 05:00:00+00:00, run_after=2026-01-27 06:00:00+00:00
[2026-01-27T06:48:56.004+0000] {processor.py:208} INFO - Processing /opt/airflow/dags/music_ingestion_dag.py took 0.548 seconds
[2026-01-27T06:49:28.500+0000] {processor.py:186} INFO - Started process (PID=172) to work on /opt/airflow/dags/music_ingestion_dag.py
[2026-01-27T06:49:28.531+0000] {processor.py:914} INFO - Processing file /opt/airflow/dags/music_ingestion_dag.py for tasks to queue
[2026-01-27T06:49:28.631+0000] {logging_mixin.py:190} INFO - [2026-01-27T06:49:28.630+0000] {dagbag.py:588} INFO - Filling up the DagBag from /opt/airflow/dags/music_ingestion_dag.py
[2026-01-27T06:49:28.793+0000] {processor.py:925} INFO - DAG(s) '01_music_ingestion_realtime' retrieved from /opt/airflow/dags/music_ingestion_dag.py
[2026-01-27T06:49:28.998+0000] {logging_mixin.py:190} INFO - [2026-01-27T06:49:28.997+0000] {dag.py:3239} INFO - Sync 1 DAGs
[2026-01-27T06:49:29.250+0000] {logging_mixin.py:190} INFO - [2026-01-27T06:49:29.249+0000] {dag.py:4180} INFO - Setting next_dagrun for 01_music_ingestion_realtime to 2026-01-27 05:00:00+00:00, run_after=2026-01-27 06:00:00+00:00
[2026-01-27T06:49:29.377+0000] {processor.py:208} INFO - Processing /opt/airflow/dags/music_ingestion_dag.py took 1.117 seconds
[2026-01-27T06:49:59.875+0000] {processor.py:186} INFO - Started process (PID=177) to work on /opt/airflow/dags/music_ingestion_dag.py
[2026-01-27T06:49:59.876+0000] {processor.py:914} INFO - Processing file /opt/airflow/dags/music_ingestion_dag.py for tasks to queue
[2026-01-27T06:49:59.879+0000] {logging_mixin.py:190} INFO - [2026-01-27T06:49:59.879+0000] {dagbag.py:588} INFO - Filling up the DagBag from /opt/airflow/dags/music_ingestion_dag.py
[2026-01-27T06:49:59.904+0000] {processor.py:925} INFO - DAG(s) '01_music_ingestion_realtime' retrieved from /opt/airflow/dags/music_ingestion_dag.py
[2026-01-27T06:49:59.946+0000] {logging_mixin.py:190} INFO - [2026-01-27T06:49:59.946+0000] {dag.py:3239} INFO - Sync 1 DAGs
[2026-01-27T06:49:59.981+0000] {logging_mixin.py:190} INFO - [2026-01-27T06:49:59.981+0000] {dag.py:4180} INFO - Setting next_dagrun for 01_music_ingestion_realtime to 2026-01-27 05:00:00+00:00, run_after=2026-01-27 06:00:00+00:00
[2026-01-27T06:50:00.010+0000] {processor.py:208} INFO - Processing /opt/airflow/dags/music_ingestion_dag.py took 0.143 seconds
[2026-01-27T06:50:30.262+0000] {processor.py:186} INFO - Started process (PID=182) to work on /opt/airflow/dags/music_ingestion_dag.py
[2026-01-27T06:50:30.263+0000] {processor.py:914} INFO - Processing file /opt/airflow/dags/music_ingestion_dag.py for tasks to queue
[2026-01-27T06:50:30.266+0000] {logging_mixin.py:190} INFO - [2026-01-27T06:50:30.265+0000] {dagbag.py:588} INFO - Filling up the DagBag from /opt/airflow/dags/music_ingestion_dag.py
[2026-01-27T06:50:30.286+0000] {processor.py:925} INFO - DAG(s) '01_music_ingestion_realtime' retrieved from /opt/airflow/dags/music_ingestion_dag.py
[2026-01-27T06:50:30.312+0000] {logging_mixin.py:190} INFO - [2026-01-27T06:50:30.312+0000] {dag.py:3239} INFO - Sync 1 DAGs
[2026-01-27T06:50:30.343+0000] {logging_mixin.py:190} INFO - [2026-01-27T06:50:30.342+0000] {dag.py:4180} INFO - Setting next_dagrun for 01_music_ingestion_realtime to 2026-01-27 05:00:00+00:00, run_after=2026-01-27 06:00:00+00:00
[2026-01-27T06:50:30.368+0000] {processor.py:208} INFO - Processing /opt/airflow/dags/music_ingestion_dag.py took 0.113 seconds
[2026-01-27T06:51:00.704+0000] {processor.py:186} INFO - Started process (PID=187) to work on /opt/airflow/dags/music_ingestion_dag.py
[2026-01-27T06:51:00.705+0000] {processor.py:914} INFO - Processing file /opt/airflow/dags/music_ingestion_dag.py for tasks to queue
[2026-01-27T06:51:00.707+0000] {logging_mixin.py:190} INFO - [2026-01-27T06:51:00.707+0000] {dagbag.py:588} INFO - Filling up the DagBag from /opt/airflow/dags/music_ingestion_dag.py
[2026-01-27T06:51:00.727+0000] {processor.py:925} INFO - DAG(s) '01_music_ingestion_realtime' retrieved from /opt/airflow/dags/music_ingestion_dag.py
[2026-01-27T06:51:00.751+0000] {logging_mixin.py:190} INFO - [2026-01-27T06:51:00.751+0000] {dag.py:3239} INFO - Sync 1 DAGs
[2026-01-27T06:51:00.777+0000] {logging_mixin.py:190} INFO - [2026-01-27T06:51:00.777+0000] {dag.py:4180} INFO - Setting next_dagrun for 01_music_ingestion_realtime to 2026-01-27 05:00:00+00:00, run_after=2026-01-27 06:00:00+00:00
[2026-01-27T06:51:00.802+0000] {processor.py:208} INFO - Processing /opt/airflow/dags/music_ingestion_dag.py took 0.103 seconds
[2026-01-27T06:51:31.060+0000] {processor.py:186} INFO - Started process (PID=192) to work on /opt/airflow/dags/music_ingestion_dag.py
[2026-01-27T06:51:31.061+0000] {processor.py:914} INFO - Processing file /opt/airflow/dags/music_ingestion_dag.py for tasks to queue
[2026-01-27T06:51:31.065+0000] {logging_mixin.py:190} INFO - [2026-01-27T06:51:31.064+0000] {dagbag.py:588} INFO - Filling up the DagBag from /opt/airflow/dags/music_ingestion_dag.py
[2026-01-27T06:51:31.105+0000] {processor.py:925} INFO - DAG(s) '01_music_ingestion_realtime' retrieved from /opt/airflow/dags/music_ingestion_dag.py
[2026-01-27T06:51:31.136+0000] {logging_mixin.py:190} INFO - [2026-01-27T06:51:31.136+0000] {dag.py:3239} INFO - Sync 1 DAGs
[2026-01-27T06:51:31.166+0000] {logging_mixin.py:190} INFO - [2026-01-27T06:51:31.165+0000] {dag.py:4180} INFO - Setting next_dagrun for 01_music_ingestion_realtime to 2026-01-27 05:00:00+00:00, run_after=2026-01-27 06:00:00+00:00
[2026-01-27T06:51:31.201+0000] {processor.py:208} INFO - Processing /opt/airflow/dags/music_ingestion_dag.py took 0.148 seconds
[2026-01-27T06:52:01.470+0000] {processor.py:186} INFO - Started process (PID=197) to work on /opt/airflow/dags/music_ingestion_dag.py
[2026-01-27T06:52:01.473+0000] {processor.py:914} INFO - Processing file /opt/airflow/dags/music_ingestion_dag.py for tasks to queue
[2026-01-27T06:52:01.488+0000] {logging_mixin.py:190} INFO - [2026-01-27T06:52:01.485+0000] {dagbag.py:588} INFO - Filling up the DagBag from /opt/airflow/dags/music_ingestion_dag.py
[2026-01-27T06:52:01.536+0000] {processor.py:925} INFO - DAG(s) '01_music_ingestion_realtime' retrieved from /opt/airflow/dags/music_ingestion_dag.py
[2026-01-27T06:52:01.590+0000] {logging_mixin.py:190} INFO - [2026-01-27T06:52:01.590+0000] {dag.py:3239} INFO - Sync 1 DAGs
[2026-01-27T06:52:01.635+0000] {logging_mixin.py:190} INFO - [2026-01-27T06:52:01.635+0000] {dag.py:4180} INFO - Setting next_dagrun for 01_music_ingestion_realtime to 2026-01-27 05:00:00+00:00, run_after=2026-01-27 06:00:00+00:00
[2026-01-27T06:52:01.660+0000] {processor.py:208} INFO - Processing /opt/airflow/dags/music_ingestion_dag.py took 0.211 seconds
[2026-01-27T06:52:31.873+0000] {processor.py:186} INFO - Started process (PID=202) to work on /opt/airflow/dags/music_ingestion_dag.py
[2026-01-27T06:52:31.874+0000] {processor.py:914} INFO - Processing file /opt/airflow/dags/music_ingestion_dag.py for tasks to queue
[2026-01-27T06:52:31.879+0000] {logging_mixin.py:190} INFO - [2026-01-27T06:52:31.879+0000] {dagbag.py:588} INFO - Filling up the DagBag from /opt/airflow/dags/music_ingestion_dag.py
[2026-01-27T06:52:31.916+0000] {processor.py:925} INFO - DAG(s) '01_music_ingestion_realtime' retrieved from /opt/airflow/dags/music_ingestion_dag.py
[2026-01-27T06:52:31.951+0000] {logging_mixin.py:190} INFO - [2026-01-27T06:52:31.951+0000] {dag.py:3239} INFO - Sync 1 DAGs
[2026-01-27T06:52:31.980+0000] {logging_mixin.py:190} INFO - [2026-01-27T06:52:31.980+0000] {dag.py:4180} INFO - Setting next_dagrun for 01_music_ingestion_realtime to 2026-01-27 05:00:00+00:00, run_after=2026-01-27 06:00:00+00:00
[2026-01-27T06:52:32.005+0000] {processor.py:208} INFO - Processing /opt/airflow/dags/music_ingestion_dag.py took 0.138 seconds
[2026-01-27T06:53:02.269+0000] {processor.py:186} INFO - Started process (PID=207) to work on /opt/airflow/dags/music_ingestion_dag.py
[2026-01-27T06:53:02.270+0000] {processor.py:914} INFO - Processing file /opt/airflow/dags/music_ingestion_dag.py for tasks to queue
[2026-01-27T06:53:02.272+0000] {logging_mixin.py:190} INFO - [2026-01-27T06:53:02.272+0000] {dagbag.py:588} INFO - Filling up the DagBag from /opt/airflow/dags/music_ingestion_dag.py
[2026-01-27T06:53:02.298+0000] {processor.py:925} INFO - DAG(s) '01_music_ingestion_realtime' retrieved from /opt/airflow/dags/music_ingestion_dag.py
[2026-01-27T06:53:02.326+0000] {logging_mixin.py:190} INFO - [2026-01-27T06:53:02.326+0000] {dag.py:3239} INFO - Sync 1 DAGs
[2026-01-27T06:53:02.353+0000] {logging_mixin.py:190} INFO - [2026-01-27T06:53:02.352+0000] {dag.py:4180} INFO - Setting next_dagrun for 01_music_ingestion_realtime to 2026-01-27 05:00:00+00:00, run_after=2026-01-27 06:00:00+00:00
[2026-01-27T06:53:02.389+0000] {processor.py:208} INFO - Processing /opt/airflow/dags/music_ingestion_dag.py took 0.128 seconds
[2026-01-27T06:53:32.689+0000] {processor.py:186} INFO - Started process (PID=212) to work on /opt/airflow/dags/music_ingestion_dag.py
[2026-01-27T06:53:32.690+0000] {processor.py:914} INFO - Processing file /opt/airflow/dags/music_ingestion_dag.py for tasks to queue
[2026-01-27T06:53:32.694+0000] {logging_mixin.py:190} INFO - [2026-01-27T06:53:32.694+0000] {dagbag.py:588} INFO - Filling up the DagBag from /opt/airflow/dags/music_ingestion_dag.py
[2026-01-27T06:53:32.720+0000] {processor.py:925} INFO - DAG(s) '01_music_ingestion_realtime' retrieved from /opt/airflow/dags/music_ingestion_dag.py
[2026-01-27T06:53:32.759+0000] {logging_mixin.py:190} INFO - [2026-01-27T06:53:32.759+0000] {dag.py:3239} INFO - Sync 1 DAGs
[2026-01-27T06:53:32.809+0000] {logging_mixin.py:190} INFO - [2026-01-27T06:53:32.808+0000] {dag.py:4180} INFO - Setting next_dagrun for 01_music_ingestion_realtime to 2026-01-27 05:00:00+00:00, run_after=2026-01-27 06:00:00+00:00
[2026-01-27T06:53:32.842+0000] {processor.py:208} INFO - Processing /opt/airflow/dags/music_ingestion_dag.py took 0.160 seconds
[2026-01-27T06:54:03.382+0000] {processor.py:186} INFO - Started process (PID=217) to work on /opt/airflow/dags/music_ingestion_dag.py
[2026-01-27T06:54:03.386+0000] {processor.py:914} INFO - Processing file /opt/airflow/dags/music_ingestion_dag.py for tasks to queue
[2026-01-27T06:54:03.395+0000] {logging_mixin.py:190} INFO - [2026-01-27T06:54:03.391+0000] {dagbag.py:588} INFO - Filling up the DagBag from /opt/airflow/dags/music_ingestion_dag.py
[2026-01-27T06:54:03.466+0000] {processor.py:925} INFO - DAG(s) '01_music_ingestion_realtime' retrieved from /opt/airflow/dags/music_ingestion_dag.py
[2026-01-27T06:54:03.591+0000] {logging_mixin.py:190} INFO - [2026-01-27T06:54:03.590+0000] {dag.py:3239} INFO - Sync 1 DAGs
[2026-01-27T06:54:03.682+0000] {logging_mixin.py:190} INFO - [2026-01-27T06:54:03.682+0000] {dag.py:4180} INFO - Setting next_dagrun for 01_music_ingestion_realtime to 2026-01-27 05:00:00+00:00, run_after=2026-01-27 06:00:00+00:00
[2026-01-27T06:54:03.742+0000] {processor.py:208} INFO - Processing /opt/airflow/dags/music_ingestion_dag.py took 0.392 seconds
[2026-01-27T06:54:34.096+0000] {processor.py:186} INFO - Started process (PID=222) to work on /opt/airflow/dags/music_ingestion_dag.py
[2026-01-27T06:54:34.097+0000] {processor.py:914} INFO - Processing file /opt/airflow/dags/music_ingestion_dag.py for tasks to queue
[2026-01-27T06:54:34.100+0000] {logging_mixin.py:190} INFO - [2026-01-27T06:54:34.099+0000] {dagbag.py:588} INFO - Filling up the DagBag from /opt/airflow/dags/music_ingestion_dag.py
[2026-01-27T06:54:34.125+0000] {processor.py:925} INFO - DAG(s) '01_music_ingestion_realtime' retrieved from /opt/airflow/dags/music_ingestion_dag.py
[2026-01-27T06:54:34.169+0000] {logging_mixin.py:190} INFO - [2026-01-27T06:54:34.168+0000] {dag.py:3239} INFO - Sync 1 DAGs
[2026-01-27T06:54:34.207+0000] {logging_mixin.py:190} INFO - [2026-01-27T06:54:34.206+0000] {dag.py:4180} INFO - Setting next_dagrun for 01_music_ingestion_realtime to 2026-01-27 05:00:00+00:00, run_after=2026-01-27 06:00:00+00:00
[2026-01-27T06:54:34.254+0000] {processor.py:208} INFO - Processing /opt/airflow/dags/music_ingestion_dag.py took 0.165 seconds
[2026-01-27T06:55:04.418+0000] {processor.py:186} INFO - Started process (PID=227) to work on /opt/airflow/dags/music_ingestion_dag.py
[2026-01-27T06:55:04.419+0000] {processor.py:914} INFO - Processing file /opt/airflow/dags/music_ingestion_dag.py for tasks to queue
[2026-01-27T06:55:04.422+0000] {logging_mixin.py:190} INFO - [2026-01-27T06:55:04.422+0000] {dagbag.py:588} INFO - Filling up the DagBag from /opt/airflow/dags/music_ingestion_dag.py
[2026-01-27T06:55:04.445+0000] {processor.py:925} INFO - DAG(s) '01_music_ingestion_realtime' retrieved from /opt/airflow/dags/music_ingestion_dag.py
[2026-01-27T06:55:04.480+0000] {logging_mixin.py:190} INFO - [2026-01-27T06:55:04.479+0000] {dag.py:3239} INFO - Sync 1 DAGs
[2026-01-27T06:55:04.504+0000] {logging_mixin.py:190} INFO - [2026-01-27T06:55:04.504+0000] {dag.py:4180} INFO - Setting next_dagrun for 01_music_ingestion_realtime to 2026-01-27 05:00:00+00:00, run_after=2026-01-27 06:00:00+00:00
[2026-01-27T06:55:04.529+0000] {processor.py:208} INFO - Processing /opt/airflow/dags/music_ingestion_dag.py took 0.118 seconds
[2026-01-27T06:55:34.753+0000] {processor.py:186} INFO - Started process (PID=232) to work on /opt/airflow/dags/music_ingestion_dag.py
[2026-01-27T06:55:34.755+0000] {processor.py:914} INFO - Processing file /opt/airflow/dags/music_ingestion_dag.py for tasks to queue
[2026-01-27T06:55:34.758+0000] {logging_mixin.py:190} INFO - [2026-01-27T06:55:34.758+0000] {dagbag.py:588} INFO - Filling up the DagBag from /opt/airflow/dags/music_ingestion_dag.py
[2026-01-27T06:55:34.801+0000] {processor.py:925} INFO - DAG(s) '01_music_ingestion_realtime' retrieved from /opt/airflow/dags/music_ingestion_dag.py
[2026-01-27T06:55:34.870+0000] {logging_mixin.py:190} INFO - [2026-01-27T06:55:34.869+0000] {dag.py:3239} INFO - Sync 1 DAGs
[2026-01-27T06:55:34.927+0000] {logging_mixin.py:190} INFO - [2026-01-27T06:55:34.926+0000] {dag.py:4180} INFO - Setting next_dagrun for 01_music_ingestion_realtime to 2026-01-27 05:00:00+00:00, run_after=2026-01-27 06:00:00+00:00
[2026-01-27T06:55:34.954+0000] {processor.py:208} INFO - Processing /opt/airflow/dags/music_ingestion_dag.py took 0.210 seconds
[2026-01-27T06:56:05.304+0000] {processor.py:186} INFO - Started process (PID=237) to work on /opt/airflow/dags/music_ingestion_dag.py
[2026-01-27T06:56:05.306+0000] {processor.py:914} INFO - Processing file /opt/airflow/dags/music_ingestion_dag.py for tasks to queue
[2026-01-27T06:56:05.311+0000] {logging_mixin.py:190} INFO - [2026-01-27T06:56:05.310+0000] {dagbag.py:588} INFO - Filling up the DagBag from /opt/airflow/dags/music_ingestion_dag.py
[2026-01-27T06:56:05.359+0000] {processor.py:925} INFO - DAG(s) '01_music_ingestion_realtime' retrieved from /opt/airflow/dags/music_ingestion_dag.py
[2026-01-27T06:56:05.400+0000] {logging_mixin.py:190} INFO - [2026-01-27T06:56:05.400+0000] {dag.py:3239} INFO - Sync 1 DAGs
[2026-01-27T06:56:05.438+0000] {logging_mixin.py:190} INFO - [2026-01-27T06:56:05.438+0000] {dag.py:4180} INFO - Setting next_dagrun for 01_music_ingestion_realtime to 2026-01-27 05:00:00+00:00, run_after=2026-01-27 06:00:00+00:00
[2026-01-27T06:56:05.475+0000] {processor.py:208} INFO - Processing /opt/airflow/dags/music_ingestion_dag.py took 0.185 seconds
[2026-01-27T06:56:35.547+0000] {processor.py:186} INFO - Started process (PID=242) to work on /opt/airflow/dags/music_ingestion_dag.py
[2026-01-27T06:56:35.548+0000] {processor.py:914} INFO - Processing file /opt/airflow/dags/music_ingestion_dag.py for tasks to queue
[2026-01-27T06:56:35.551+0000] {logging_mixin.py:190} INFO - [2026-01-27T06:56:35.550+0000] {dagbag.py:588} INFO - Filling up the DagBag from /opt/airflow/dags/music_ingestion_dag.py
[2026-01-27T06:56:35.569+0000] {processor.py:925} INFO - DAG(s) '01_music_ingestion_realtime' retrieved from /opt/airflow/dags/music_ingestion_dag.py
[2026-01-27T06:56:35.598+0000] {logging_mixin.py:190} INFO - [2026-01-27T06:56:35.597+0000] {dag.py:3239} INFO - Sync 1 DAGs
[2026-01-27T06:56:35.626+0000] {logging_mixin.py:190} INFO - [2026-01-27T06:56:35.626+0000] {dag.py:4180} INFO - Setting next_dagrun for 01_music_ingestion_realtime to 2026-01-27 05:00:00+00:00, run_after=2026-01-27 06:00:00+00:00
[2026-01-27T06:56:35.650+0000] {processor.py:208} INFO - Processing /opt/airflow/dags/music_ingestion_dag.py took 0.109 seconds
[2026-01-27T06:57:05.993+0000] {processor.py:186} INFO - Started process (PID=247) to work on /opt/airflow/dags/music_ingestion_dag.py
[2026-01-27T06:57:05.995+0000] {processor.py:914} INFO - Processing file /opt/airflow/dags/music_ingestion_dag.py for tasks to queue
[2026-01-27T06:57:05.999+0000] {logging_mixin.py:190} INFO - [2026-01-27T06:57:05.998+0000] {dagbag.py:588} INFO - Filling up the DagBag from /opt/airflow/dags/music_ingestion_dag.py
[2026-01-27T06:57:06.034+0000] {processor.py:925} INFO - DAG(s) '01_music_ingestion_realtime' retrieved from /opt/airflow/dags/music_ingestion_dag.py
[2026-01-27T06:57:06.067+0000] {logging_mixin.py:190} INFO - [2026-01-27T06:57:06.067+0000] {dag.py:3239} INFO - Sync 1 DAGs
[2026-01-27T06:57:06.113+0000] {logging_mixin.py:190} INFO - [2026-01-27T06:57:06.112+0000] {dag.py:4180} INFO - Setting next_dagrun for 01_music_ingestion_realtime to 2026-01-27 05:00:00+00:00, run_after=2026-01-27 06:00:00+00:00
[2026-01-27T06:57:06.139+0000] {processor.py:208} INFO - Processing /opt/airflow/dags/music_ingestion_dag.py took 0.155 seconds
[2026-01-27T06:57:38.907+0000] {processor.py:186} INFO - Started process (PID=252) to work on /opt/airflow/dags/music_ingestion_dag.py
[2026-01-27T06:57:38.909+0000] {processor.py:914} INFO - Processing file /opt/airflow/dags/music_ingestion_dag.py for tasks to queue
[2026-01-27T06:57:38.914+0000] {logging_mixin.py:190} INFO - [2026-01-27T06:57:38.914+0000] {dagbag.py:588} INFO - Filling up the DagBag from /opt/airflow/dags/music_ingestion_dag.py
[2026-01-27T06:57:38.947+0000] {processor.py:925} INFO - DAG(s) '01_music_ingestion_realtime' retrieved from /opt/airflow/dags/music_ingestion_dag.py
[2026-01-27T06:57:38.992+0000] {logging_mixin.py:190} INFO - [2026-01-27T06:57:38.992+0000] {dag.py:3239} INFO - Sync 1 DAGs
[2026-01-27T06:57:39.034+0000] {logging_mixin.py:190} INFO - [2026-01-27T06:57:39.034+0000] {dag.py:4180} INFO - Setting next_dagrun for 01_music_ingestion_realtime to 2026-01-27 05:00:00+00:00, run_after=2026-01-27 06:00:00+00:00
[2026-01-27T06:57:39.065+0000] {processor.py:208} INFO - Processing /opt/airflow/dags/music_ingestion_dag.py took 0.170 seconds
[2026-01-27T06:58:10.010+0000] {processor.py:186} INFO - Started process (PID=257) to work on /opt/airflow/dags/music_ingestion_dag.py
[2026-01-27T06:58:10.013+0000] {processor.py:914} INFO - Processing file /opt/airflow/dags/music_ingestion_dag.py for tasks to queue
[2026-01-27T06:58:10.021+0000] {logging_mixin.py:190} INFO - [2026-01-27T06:58:10.020+0000] {dagbag.py:588} INFO - Filling up the DagBag from /opt/airflow/dags/music_ingestion_dag.py
[2026-01-27T06:58:10.094+0000] {processor.py:925} INFO - DAG(s) '01_music_ingestion_realtime' retrieved from /opt/airflow/dags/music_ingestion_dag.py
[2026-01-27T06:58:10.234+0000] {logging_mixin.py:190} INFO - [2026-01-27T06:58:10.234+0000] {dag.py:3239} INFO - Sync 1 DAGs
[2026-01-27T06:58:10.575+0000] {logging_mixin.py:190} INFO - [2026-01-27T06:58:10.574+0000] {dag.py:4180} INFO - Setting next_dagrun for 01_music_ingestion_realtime to 2026-01-27 05:00:00+00:00, run_after=2026-01-27 06:00:00+00:00
[2026-01-27T06:58:10.930+0000] {processor.py:208} INFO - Processing /opt/airflow/dags/music_ingestion_dag.py took 0.932 seconds
[2026-01-27T06:58:41.321+0000] {processor.py:186} INFO - Started process (PID=262) to work on /opt/airflow/dags/music_ingestion_dag.py
[2026-01-27T06:58:41.322+0000] {processor.py:914} INFO - Processing file /opt/airflow/dags/music_ingestion_dag.py for tasks to queue
[2026-01-27T06:58:41.325+0000] {logging_mixin.py:190} INFO - [2026-01-27T06:58:41.325+0000] {dagbag.py:588} INFO - Filling up the DagBag from /opt/airflow/dags/music_ingestion_dag.py
[2026-01-27T06:58:41.360+0000] {processor.py:925} INFO - DAG(s) '01_music_ingestion_realtime' retrieved from /opt/airflow/dags/music_ingestion_dag.py
[2026-01-27T06:58:41.407+0000] {logging_mixin.py:190} INFO - [2026-01-27T06:58:41.407+0000] {dag.py:3239} INFO - Sync 1 DAGs
[2026-01-27T06:58:41.434+0000] {logging_mixin.py:190} INFO - [2026-01-27T06:58:41.434+0000] {dag.py:4180} INFO - Setting next_dagrun for 01_music_ingestion_realtime to 2026-01-27 05:00:00+00:00, run_after=2026-01-27 06:00:00+00:00
[2026-01-27T06:58:41.462+0000] {processor.py:208} INFO - Processing /opt/airflow/dags/music_ingestion_dag.py took 0.151 seconds
[2026-01-27T06:59:12.111+0000] {processor.py:186} INFO - Started process (PID=267) to work on /opt/airflow/dags/music_ingestion_dag.py
[2026-01-27T06:59:12.113+0000] {processor.py:914} INFO - Processing file /opt/airflow/dags/music_ingestion_dag.py for tasks to queue
[2026-01-27T06:59:12.116+0000] {logging_mixin.py:190} INFO - [2026-01-27T06:59:12.116+0000] {dagbag.py:588} INFO - Filling up the DagBag from /opt/airflow/dags/music_ingestion_dag.py
[2026-01-27T06:59:12.150+0000] {processor.py:925} INFO - DAG(s) '01_music_ingestion_realtime' retrieved from /opt/airflow/dags/music_ingestion_dag.py
[2026-01-27T06:59:12.187+0000] {logging_mixin.py:190} INFO - [2026-01-27T06:59:12.186+0000] {dag.py:3239} INFO - Sync 1 DAGs
[2026-01-27T06:59:12.219+0000] {logging_mixin.py:190} INFO - [2026-01-27T06:59:12.219+0000] {dag.py:4180} INFO - Setting next_dagrun for 01_music_ingestion_realtime to 2026-01-27 05:00:00+00:00, run_after=2026-01-27 06:00:00+00:00
[2026-01-27T06:59:12.251+0000] {processor.py:208} INFO - Processing /opt/airflow/dags/music_ingestion_dag.py took 0.149 seconds
[2026-01-27T06:59:42.434+0000] {processor.py:186} INFO - Started process (PID=272) to work on /opt/airflow/dags/music_ingestion_dag.py
[2026-01-27T06:59:42.435+0000] {processor.py:914} INFO - Processing file /opt/airflow/dags/music_ingestion_dag.py for tasks to queue
[2026-01-27T06:59:42.439+0000] {logging_mixin.py:190} INFO - [2026-01-27T06:59:42.438+0000] {dagbag.py:588} INFO - Filling up the DagBag from /opt/airflow/dags/music_ingestion_dag.py
[2026-01-27T06:59:42.463+0000] {processor.py:925} INFO - DAG(s) '01_music_ingestion_realtime' retrieved from /opt/airflow/dags/music_ingestion_dag.py
[2026-01-27T06:59:42.492+0000] {logging_mixin.py:190} INFO - [2026-01-27T06:59:42.492+0000] {dag.py:3239} INFO - Sync 1 DAGs
[2026-01-27T06:59:42.518+0000] {logging_mixin.py:190} INFO - [2026-01-27T06:59:42.518+0000] {dag.py:4180} INFO - Setting next_dagrun for 01_music_ingestion_realtime to 2026-01-27 05:00:00+00:00, run_after=2026-01-27 06:00:00+00:00
[2026-01-27T06:59:42.544+0000] {processor.py:208} INFO - Processing /opt/airflow/dags/music_ingestion_dag.py took 0.118 seconds
[2026-01-27T07:00:12.868+0000] {processor.py:186} INFO - Started process (PID=277) to work on /opt/airflow/dags/music_ingestion_dag.py
[2026-01-27T07:00:12.869+0000] {processor.py:914} INFO - Processing file /opt/airflow/dags/music_ingestion_dag.py for tasks to queue
[2026-01-27T07:00:12.872+0000] {logging_mixin.py:190} INFO - [2026-01-27T07:00:12.872+0000] {dagbag.py:588} INFO - Filling up the DagBag from /opt/airflow/dags/music_ingestion_dag.py
[2026-01-27T07:00:12.901+0000] {processor.py:925} INFO - DAG(s) '01_music_ingestion_realtime' retrieved from /opt/airflow/dags/music_ingestion_dag.py
[2026-01-27T07:00:12.947+0000] {logging_mixin.py:190} INFO - [2026-01-27T07:00:12.947+0000] {dag.py:3239} INFO - Sync 1 DAGs
[2026-01-27T07:00:12.975+0000] {logging_mixin.py:190} INFO - [2026-01-27T07:00:12.974+0000] {dag.py:4180} INFO - Setting next_dagrun for 01_music_ingestion_realtime to 2026-01-27 06:00:00+00:00, run_after=2026-01-27 07:00:00+00:00
[2026-01-27T07:00:13.013+0000] {processor.py:208} INFO - Processing /opt/airflow/dags/music_ingestion_dag.py took 0.152 seconds
[2026-01-27T07:00:43.171+0000] {processor.py:186} INFO - Started process (PID=282) to work on /opt/airflow/dags/music_ingestion_dag.py
[2026-01-27T07:00:43.173+0000] {processor.py:914} INFO - Processing file /opt/airflow/dags/music_ingestion_dag.py for tasks to queue
[2026-01-27T07:00:43.178+0000] {logging_mixin.py:190} INFO - [2026-01-27T07:00:43.178+0000] {dagbag.py:588} INFO - Filling up the DagBag from /opt/airflow/dags/music_ingestion_dag.py
[2026-01-27T07:00:43.211+0000] {processor.py:925} INFO - DAG(s) '01_music_ingestion_realtime' retrieved from /opt/airflow/dags/music_ingestion_dag.py
[2026-01-27T07:00:43.250+0000] {logging_mixin.py:190} INFO - [2026-01-27T07:00:43.249+0000] {dag.py:3239} INFO - Sync 1 DAGs
[2026-01-27T07:00:43.277+0000] {logging_mixin.py:190} INFO - [2026-01-27T07:00:43.277+0000] {dag.py:4180} INFO - Setting next_dagrun for 01_music_ingestion_realtime to 2026-01-27 06:00:00+00:00, run_after=2026-01-27 07:00:00+00:00
[2026-01-27T07:00:43.307+0000] {processor.py:208} INFO - Processing /opt/airflow/dags/music_ingestion_dag.py took 0.147 seconds
[2026-01-27T07:01:13.479+0000] {processor.py:186} INFO - Started process (PID=287) to work on /opt/airflow/dags/music_ingestion_dag.py
[2026-01-27T07:01:13.481+0000] {processor.py:914} INFO - Processing file /opt/airflow/dags/music_ingestion_dag.py for tasks to queue
[2026-01-27T07:01:13.484+0000] {logging_mixin.py:190} INFO - [2026-01-27T07:01:13.484+0000] {dagbag.py:588} INFO - Filling up the DagBag from /opt/airflow/dags/music_ingestion_dag.py
[2026-01-27T07:01:13.511+0000] {processor.py:925} INFO - DAG(s) '01_music_ingestion_realtime' retrieved from /opt/airflow/dags/music_ingestion_dag.py
[2026-01-27T07:01:13.544+0000] {logging_mixin.py:190} INFO - [2026-01-27T07:01:13.543+0000] {dag.py:3239} INFO - Sync 1 DAGs
[2026-01-27T07:01:13.573+0000] {logging_mixin.py:190} INFO - [2026-01-27T07:01:13.572+0000] {dag.py:4180} INFO - Setting next_dagrun for 01_music_ingestion_realtime to 2026-01-27 06:00:00+00:00, run_after=2026-01-27 07:00:00+00:00
[2026-01-27T07:01:13.603+0000] {processor.py:208} INFO - Processing /opt/airflow/dags/music_ingestion_dag.py took 0.129 seconds
[2026-01-27T07:01:43.959+0000] {processor.py:186} INFO - Started process (PID=292) to work on /opt/airflow/dags/music_ingestion_dag.py
[2026-01-27T07:01:43.961+0000] {processor.py:914} INFO - Processing file /opt/airflow/dags/music_ingestion_dag.py for tasks to queue
[2026-01-27T07:01:43.966+0000] {logging_mixin.py:190} INFO - [2026-01-27T07:01:43.965+0000] {dagbag.py:588} INFO - Filling up the DagBag from /opt/airflow/dags/music_ingestion_dag.py
[2026-01-27T07:01:43.992+0000] {processor.py:925} INFO - DAG(s) '01_music_ingestion_realtime' retrieved from /opt/airflow/dags/music_ingestion_dag.py
[2026-01-27T07:01:44.030+0000] {logging_mixin.py:190} INFO - [2026-01-27T07:01:44.030+0000] {dag.py:3239} INFO - Sync 1 DAGs
[2026-01-27T07:01:44.059+0000] {logging_mixin.py:190} INFO - [2026-01-27T07:01:44.059+0000] {dag.py:4180} INFO - Setting next_dagrun for 01_music_ingestion_realtime to 2026-01-27 06:00:00+00:00, run_after=2026-01-27 07:00:00+00:00
[2026-01-27T07:01:44.087+0000] {processor.py:208} INFO - Processing /opt/airflow/dags/music_ingestion_dag.py took 0.138 seconds
[2026-01-27T07:02:14.280+0000] {processor.py:186} INFO - Started process (PID=297) to work on /opt/airflow/dags/music_ingestion_dag.py
[2026-01-27T07:02:14.281+0000] {processor.py:914} INFO - Processing file /opt/airflow/dags/music_ingestion_dag.py for tasks to queue
[2026-01-27T07:02:14.284+0000] {logging_mixin.py:190} INFO - [2026-01-27T07:02:14.284+0000] {dagbag.py:588} INFO - Filling up the DagBag from /opt/airflow/dags/music_ingestion_dag.py
[2026-01-27T07:02:14.305+0000] {processor.py:925} INFO - DAG(s) '01_music_ingestion_realtime' retrieved from /opt/airflow/dags/music_ingestion_dag.py
[2026-01-27T07:02:14.345+0000] {logging_mixin.py:190} INFO - [2026-01-27T07:02:14.344+0000] {dag.py:3239} INFO - Sync 1 DAGs
[2026-01-27T07:02:14.379+0000] {logging_mixin.py:190} INFO - [2026-01-27T07:02:14.379+0000] {dag.py:4180} INFO - Setting next_dagrun for 01_music_ingestion_realtime to 2026-01-27 06:00:00+00:00, run_after=2026-01-27 07:00:00+00:00
[2026-01-27T07:02:14.404+0000] {processor.py:208} INFO - Processing /opt/airflow/dags/music_ingestion_dag.py took 0.133 seconds
[2026-01-27T07:02:45.024+0000] {processor.py:186} INFO - Started process (PID=302) to work on /opt/airflow/dags/music_ingestion_dag.py
[2026-01-27T07:02:45.026+0000] {processor.py:914} INFO - Processing file /opt/airflow/dags/music_ingestion_dag.py for tasks to queue
[2026-01-27T07:02:45.028+0000] {logging_mixin.py:190} INFO - [2026-01-27T07:02:45.028+0000] {dagbag.py:588} INFO - Filling up the DagBag from /opt/airflow/dags/music_ingestion_dag.py
[2026-01-27T07:02:45.067+0000] {processor.py:925} INFO - DAG(s) '01_music_ingestion_realtime' retrieved from /opt/airflow/dags/music_ingestion_dag.py
[2026-01-27T07:02:45.100+0000] {logging_mixin.py:190} INFO - [2026-01-27T07:02:45.100+0000] {dag.py:3239} INFO - Sync 1 DAGs
[2026-01-27T07:02:45.130+0000] {logging_mixin.py:190} INFO - [2026-01-27T07:02:45.130+0000] {dag.py:4180} INFO - Setting next_dagrun for 01_music_ingestion_realtime to 2026-01-27 06:00:00+00:00, run_after=2026-01-27 07:00:00+00:00
[2026-01-27T07:02:45.158+0000] {processor.py:208} INFO - Processing /opt/airflow/dags/music_ingestion_dag.py took 0.145 seconds
[2026-01-27T07:03:15.351+0000] {processor.py:186} INFO - Started process (PID=307) to work on /opt/airflow/dags/music_ingestion_dag.py
[2026-01-27T07:03:15.353+0000] {processor.py:914} INFO - Processing file /opt/airflow/dags/music_ingestion_dag.py for tasks to queue
[2026-01-27T07:03:15.356+0000] {logging_mixin.py:190} INFO - [2026-01-27T07:03:15.355+0000] {dagbag.py:588} INFO - Filling up the DagBag from /opt/airflow/dags/music_ingestion_dag.py
[2026-01-27T07:03:15.387+0000] {processor.py:925} INFO - DAG(s) '01_music_ingestion_realtime' retrieved from /opt/airflow/dags/music_ingestion_dag.py
[2026-01-27T07:03:15.422+0000] {logging_mixin.py:190} INFO - [2026-01-27T07:03:15.422+0000] {dag.py:3239} INFO - Sync 1 DAGs
[2026-01-27T07:03:15.451+0000] {logging_mixin.py:190} INFO - [2026-01-27T07:03:15.451+0000] {dag.py:4180} INFO - Setting next_dagrun for 01_music_ingestion_realtime to 2026-01-27 06:00:00+00:00, run_after=2026-01-27 07:00:00+00:00
[2026-01-27T07:03:15.485+0000] {processor.py:208} INFO - Processing /opt/airflow/dags/music_ingestion_dag.py took 0.141 seconds
[2026-01-27T07:03:45.828+0000] {processor.py:186} INFO - Started process (PID=312) to work on /opt/airflow/dags/music_ingestion_dag.py
[2026-01-27T07:03:45.829+0000] {processor.py:914} INFO - Processing file /opt/airflow/dags/music_ingestion_dag.py for tasks to queue
[2026-01-27T07:03:45.831+0000] {logging_mixin.py:190} INFO - [2026-01-27T07:03:45.831+0000] {dagbag.py:588} INFO - Filling up the DagBag from /opt/airflow/dags/music_ingestion_dag.py
[2026-01-27T07:03:45.853+0000] {processor.py:925} INFO - DAG(s) '01_music_ingestion_realtime' retrieved from /opt/airflow/dags/music_ingestion_dag.py
[2026-01-27T07:03:45.892+0000] {logging_mixin.py:190} INFO - [2026-01-27T07:03:45.892+0000] {dag.py:3239} INFO - Sync 1 DAGs
[2026-01-27T07:03:45.922+0000] {logging_mixin.py:190} INFO - [2026-01-27T07:03:45.921+0000] {dag.py:4180} INFO - Setting next_dagrun for 01_music_ingestion_realtime to 2026-01-27 06:00:00+00:00, run_after=2026-01-27 07:00:00+00:00
[2026-01-27T07:03:45.949+0000] {processor.py:208} INFO - Processing /opt/airflow/dags/music_ingestion_dag.py took 0.128 seconds
[2026-01-27T07:04:16.189+0000] {processor.py:186} INFO - Started process (PID=317) to work on /opt/airflow/dags/music_ingestion_dag.py
[2026-01-27T07:04:16.190+0000] {processor.py:914} INFO - Processing file /opt/airflow/dags/music_ingestion_dag.py for tasks to queue
[2026-01-27T07:04:16.192+0000] {logging_mixin.py:190} INFO - [2026-01-27T07:04:16.192+0000] {dagbag.py:588} INFO - Filling up the DagBag from /opt/airflow/dags/music_ingestion_dag.py
[2026-01-27T07:04:16.210+0000] {processor.py:925} INFO - DAG(s) '01_music_ingestion_realtime' retrieved from /opt/airflow/dags/music_ingestion_dag.py
[2026-01-27T07:04:16.244+0000] {logging_mixin.py:190} INFO - [2026-01-27T07:04:16.244+0000] {dag.py:3239} INFO - Sync 1 DAGs
[2026-01-27T07:04:16.274+0000] {logging_mixin.py:190} INFO - [2026-01-27T07:04:16.274+0000] {dag.py:4180} INFO - Setting next_dagrun for 01_music_ingestion_realtime to 2026-01-27 06:00:00+00:00, run_after=2026-01-27 07:00:00+00:00
[2026-01-27T07:04:16.306+0000] {processor.py:208} INFO - Processing /opt/airflow/dags/music_ingestion_dag.py took 0.124 seconds
[2026-01-27T07:04:46.603+0000] {processor.py:186} INFO - Started process (PID=322) to work on /opt/airflow/dags/music_ingestion_dag.py
[2026-01-27T07:04:46.604+0000] {processor.py:914} INFO - Processing file /opt/airflow/dags/music_ingestion_dag.py for tasks to queue
[2026-01-27T07:04:46.606+0000] {logging_mixin.py:190} INFO - [2026-01-27T07:04:46.606+0000] {dagbag.py:588} INFO - Filling up the DagBag from /opt/airflow/dags/music_ingestion_dag.py
[2026-01-27T07:04:46.624+0000] {processor.py:925} INFO - DAG(s) '01_music_ingestion_realtime' retrieved from /opt/airflow/dags/music_ingestion_dag.py
[2026-01-27T07:04:46.653+0000] {logging_mixin.py:190} INFO - [2026-01-27T07:04:46.653+0000] {dag.py:3239} INFO - Sync 1 DAGs
[2026-01-27T07:04:46.679+0000] {logging_mixin.py:190} INFO - [2026-01-27T07:04:46.678+0000] {dag.py:4180} INFO - Setting next_dagrun for 01_music_ingestion_realtime to 2026-01-27 06:00:00+00:00, run_after=2026-01-27 07:00:00+00:00
[2026-01-27T07:04:46.714+0000] {processor.py:208} INFO - Processing /opt/airflow/dags/music_ingestion_dag.py took 0.117 seconds
[2026-01-27T07:05:16.975+0000] {processor.py:186} INFO - Started process (PID=327) to work on /opt/airflow/dags/music_ingestion_dag.py
[2026-01-27T07:05:16.977+0000] {processor.py:914} INFO - Processing file /opt/airflow/dags/music_ingestion_dag.py for tasks to queue
[2026-01-27T07:05:16.981+0000] {logging_mixin.py:190} INFO - [2026-01-27T07:05:16.981+0000] {dagbag.py:588} INFO - Filling up the DagBag from /opt/airflow/dags/music_ingestion_dag.py
[2026-01-27T07:05:17.028+0000] {processor.py:925} INFO - DAG(s) '01_music_ingestion_realtime' retrieved from /opt/airflow/dags/music_ingestion_dag.py
[2026-01-27T07:05:17.071+0000] {logging_mixin.py:190} INFO - [2026-01-27T07:05:17.071+0000] {dag.py:3239} INFO - Sync 1 DAGs
[2026-01-27T07:05:17.097+0000] {logging_mixin.py:190} INFO - [2026-01-27T07:05:17.097+0000] {dag.py:4180} INFO - Setting next_dagrun for 01_music_ingestion_realtime to 2026-01-27 06:00:00+00:00, run_after=2026-01-27 07:00:00+00:00
[2026-01-27T07:05:17.121+0000] {processor.py:208} INFO - Processing /opt/airflow/dags/music_ingestion_dag.py took 0.158 seconds
[2026-01-27T07:05:47.345+0000] {processor.py:186} INFO - Started process (PID=332) to work on /opt/airflow/dags/music_ingestion_dag.py
[2026-01-27T07:05:47.347+0000] {processor.py:914} INFO - Processing file /opt/airflow/dags/music_ingestion_dag.py for tasks to queue
[2026-01-27T07:05:47.382+0000] {logging_mixin.py:190} INFO - [2026-01-27T07:05:47.381+0000] {dagbag.py:588} INFO - Filling up the DagBag from /opt/airflow/dags/music_ingestion_dag.py
[2026-01-27T07:05:47.471+0000] {processor.py:925} INFO - DAG(s) '01_music_ingestion_realtime' retrieved from /opt/airflow/dags/music_ingestion_dag.py
[2026-01-27T07:05:47.500+0000] {logging_mixin.py:190} INFO - [2026-01-27T07:05:47.500+0000] {dag.py:3239} INFO - Sync 1 DAGs
[2026-01-27T07:05:47.541+0000] {logging_mixin.py:190} INFO - [2026-01-27T07:05:47.540+0000] {dag.py:4180} INFO - Setting next_dagrun for 01_music_ingestion_realtime to 2026-01-27 06:00:00+00:00, run_after=2026-01-27 07:00:00+00:00
[2026-01-27T07:05:47.569+0000] {processor.py:208} INFO - Processing /opt/airflow/dags/music_ingestion_dag.py took 0.236 seconds
[2026-01-27T07:06:17.817+0000] {processor.py:186} INFO - Started process (PID=337) to work on /opt/airflow/dags/music_ingestion_dag.py
[2026-01-27T07:06:17.825+0000] {processor.py:914} INFO - Processing file /opt/airflow/dags/music_ingestion_dag.py for tasks to queue
[2026-01-27T07:06:17.831+0000] {logging_mixin.py:190} INFO - [2026-01-27T07:06:17.830+0000] {dagbag.py:588} INFO - Filling up the DagBag from /opt/airflow/dags/music_ingestion_dag.py
[2026-01-27T07:06:17.866+0000] {processor.py:925} INFO - DAG(s) '01_music_ingestion_realtime' retrieved from /opt/airflow/dags/music_ingestion_dag.py
[2026-01-27T07:06:17.904+0000] {logging_mixin.py:190} INFO - [2026-01-27T07:06:17.904+0000] {dag.py:3239} INFO - Sync 1 DAGs
[2026-01-27T07:06:17.932+0000] {logging_mixin.py:190} INFO - [2026-01-27T07:06:17.932+0000] {dag.py:4180} INFO - Setting next_dagrun for 01_music_ingestion_realtime to 2026-01-27 06:00:00+00:00, run_after=2026-01-27 07:00:00+00:00
[2026-01-27T07:06:17.963+0000] {processor.py:208} INFO - Processing /opt/airflow/dags/music_ingestion_dag.py took 0.161 seconds
[2026-01-27T07:06:48.260+0000] {processor.py:186} INFO - Started process (PID=342) to work on /opt/airflow/dags/music_ingestion_dag.py
[2026-01-27T07:06:48.263+0000] {processor.py:914} INFO - Processing file /opt/airflow/dags/music_ingestion_dag.py for tasks to queue
[2026-01-27T07:06:48.268+0000] {logging_mixin.py:190} INFO - [2026-01-27T07:06:48.267+0000] {dagbag.py:588} INFO - Filling up the DagBag from /opt/airflow/dags/music_ingestion_dag.py
[2026-01-27T07:06:48.306+0000] {processor.py:925} INFO - DAG(s) '01_music_ingestion_realtime' retrieved from /opt/airflow/dags/music_ingestion_dag.py
[2026-01-27T07:06:48.351+0000] {logging_mixin.py:190} INFO - [2026-01-27T07:06:48.351+0000] {dag.py:3239} INFO - Sync 1 DAGs
[2026-01-27T07:06:48.396+0000] {logging_mixin.py:190} INFO - [2026-01-27T07:06:48.396+0000] {dag.py:4180} INFO - Setting next_dagrun for 01_music_ingestion_realtime to 2026-01-27 06:00:00+00:00, run_after=2026-01-27 07:00:00+00:00
[2026-01-27T07:06:48.427+0000] {processor.py:208} INFO - Processing /opt/airflow/dags/music_ingestion_dag.py took 0.182 seconds
[2026-01-27T07:07:18.584+0000] {processor.py:186} INFO - Started process (PID=347) to work on /opt/airflow/dags/music_ingestion_dag.py
[2026-01-27T07:07:18.585+0000] {processor.py:914} INFO - Processing file /opt/airflow/dags/music_ingestion_dag.py for tasks to queue
[2026-01-27T07:07:18.588+0000] {logging_mixin.py:190} INFO - [2026-01-27T07:07:18.588+0000] {dagbag.py:588} INFO - Filling up the DagBag from /opt/airflow/dags/music_ingestion_dag.py
[2026-01-27T07:07:18.609+0000] {processor.py:925} INFO - DAG(s) '01_music_ingestion_realtime' retrieved from /opt/airflow/dags/music_ingestion_dag.py
[2026-01-27T07:07:18.643+0000] {logging_mixin.py:190} INFO - [2026-01-27T07:07:18.643+0000] {dag.py:3239} INFO - Sync 1 DAGs
[2026-01-27T07:07:18.668+0000] {logging_mixin.py:190} INFO - [2026-01-27T07:07:18.668+0000] {dag.py:4180} INFO - Setting next_dagrun for 01_music_ingestion_realtime to 2026-01-27 06:00:00+00:00, run_after=2026-01-27 07:00:00+00:00
[2026-01-27T07:07:18.691+0000] {processor.py:208} INFO - Processing /opt/airflow/dags/music_ingestion_dag.py took 0.114 seconds
[2026-01-27T07:07:48.920+0000] {processor.py:186} INFO - Started process (PID=352) to work on /opt/airflow/dags/music_ingestion_dag.py
[2026-01-27T07:07:48.921+0000] {processor.py:914} INFO - Processing file /opt/airflow/dags/music_ingestion_dag.py for tasks to queue
[2026-01-27T07:07:48.923+0000] {logging_mixin.py:190} INFO - [2026-01-27T07:07:48.923+0000] {dagbag.py:588} INFO - Filling up the DagBag from /opt/airflow/dags/music_ingestion_dag.py
[2026-01-27T07:07:48.942+0000] {processor.py:925} INFO - DAG(s) '01_music_ingestion_realtime' retrieved from /opt/airflow/dags/music_ingestion_dag.py
[2026-01-27T07:07:48.969+0000] {logging_mixin.py:190} INFO - [2026-01-27T07:07:48.968+0000] {dag.py:3239} INFO - Sync 1 DAGs
[2026-01-27T07:07:48.993+0000] {logging_mixin.py:190} INFO - [2026-01-27T07:07:48.993+0000] {dag.py:4180} INFO - Setting next_dagrun for 01_music_ingestion_realtime to 2026-01-27 06:00:00+00:00, run_after=2026-01-27 07:00:00+00:00
[2026-01-27T07:07:49.022+0000] {processor.py:208} INFO - Processing /opt/airflow/dags/music_ingestion_dag.py took 0.108 seconds
[2026-01-27T07:08:19.387+0000] {processor.py:186} INFO - Started process (PID=357) to work on /opt/airflow/dags/music_ingestion_dag.py
[2026-01-27T07:08:19.389+0000] {processor.py:914} INFO - Processing file /opt/airflow/dags/music_ingestion_dag.py for tasks to queue
[2026-01-27T07:08:19.392+0000] {logging_mixin.py:190} INFO - [2026-01-27T07:08:19.392+0000] {dagbag.py:588} INFO - Filling up the DagBag from /opt/airflow/dags/music_ingestion_dag.py
[2026-01-27T07:08:19.421+0000] {processor.py:925} INFO - DAG(s) '01_music_ingestion_realtime' retrieved from /opt/airflow/dags/music_ingestion_dag.py
[2026-01-27T07:08:19.449+0000] {logging_mixin.py:190} INFO - [2026-01-27T07:08:19.449+0000] {dag.py:3239} INFO - Sync 1 DAGs
[2026-01-27T07:08:19.472+0000] {logging_mixin.py:190} INFO - [2026-01-27T07:08:19.472+0000] {dag.py:4180} INFO - Setting next_dagrun for 01_music_ingestion_realtime to 2026-01-27 06:00:00+00:00, run_after=2026-01-27 07:00:00+00:00
[2026-01-27T07:08:19.496+0000] {processor.py:208} INFO - Processing /opt/airflow/dags/music_ingestion_dag.py took 0.115 seconds
[2026-01-27T07:08:49.774+0000] {processor.py:186} INFO - Started process (PID=362) to work on /opt/airflow/dags/music_ingestion_dag.py
[2026-01-27T07:08:49.775+0000] {processor.py:914} INFO - Processing file /opt/airflow/dags/music_ingestion_dag.py for tasks to queue
[2026-01-27T07:08:49.778+0000] {logging_mixin.py:190} INFO - [2026-01-27T07:08:49.778+0000] {dagbag.py:588} INFO - Filling up the DagBag from /opt/airflow/dags/music_ingestion_dag.py
[2026-01-27T07:08:49.801+0000] {processor.py:925} INFO - DAG(s) '01_music_ingestion_realtime' retrieved from /opt/airflow/dags/music_ingestion_dag.py
[2026-01-27T07:08:49.831+0000] {logging_mixin.py:190} INFO - [2026-01-27T07:08:49.831+0000] {dag.py:3239} INFO - Sync 1 DAGs
[2026-01-27T07:08:49.856+0000] {logging_mixin.py:190} INFO - [2026-01-27T07:08:49.856+0000] {dag.py:4180} INFO - Setting next_dagrun for 01_music_ingestion_realtime to 2026-01-27 06:00:00+00:00, run_after=2026-01-27 07:00:00+00:00
[2026-01-27T07:08:49.882+0000] {processor.py:208} INFO - Processing /opt/airflow/dags/music_ingestion_dag.py took 0.113 seconds
[2026-01-27T07:09:20.265+0000] {processor.py:186} INFO - Started process (PID=367) to work on /opt/airflow/dags/music_ingestion_dag.py
[2026-01-27T07:09:20.267+0000] {processor.py:914} INFO - Processing file /opt/airflow/dags/music_ingestion_dag.py for tasks to queue
[2026-01-27T07:09:20.270+0000] {logging_mixin.py:190} INFO - [2026-01-27T07:09:20.270+0000] {dagbag.py:588} INFO - Filling up the DagBag from /opt/airflow/dags/music_ingestion_dag.py
[2026-01-27T07:09:20.303+0000] {processor.py:925} INFO - DAG(s) '01_music_ingestion_realtime' retrieved from /opt/airflow/dags/music_ingestion_dag.py
[2026-01-27T07:09:20.332+0000] {logging_mixin.py:190} INFO - [2026-01-27T07:09:20.332+0000] {dag.py:3239} INFO - Sync 1 DAGs
[2026-01-27T07:09:20.356+0000] {logging_mixin.py:190} INFO - [2026-01-27T07:09:20.356+0000] {dag.py:4180} INFO - Setting next_dagrun for 01_music_ingestion_realtime to 2026-01-27 06:00:00+00:00, run_after=2026-01-27 07:00:00+00:00
[2026-01-27T07:09:20.383+0000] {processor.py:208} INFO - Processing /opt/airflow/dags/music_ingestion_dag.py took 0.125 seconds
[2026-01-27T07:09:50.666+0000] {processor.py:186} INFO - Started process (PID=372) to work on /opt/airflow/dags/music_ingestion_dag.py
[2026-01-27T07:09:50.669+0000] {processor.py:914} INFO - Processing file /opt/airflow/dags/music_ingestion_dag.py for tasks to queue
[2026-01-27T07:09:50.675+0000] {logging_mixin.py:190} INFO - [2026-01-27T07:09:50.674+0000] {dagbag.py:588} INFO - Filling up the DagBag from /opt/airflow/dags/music_ingestion_dag.py
[2026-01-27T07:09:50.703+0000] {processor.py:925} INFO - DAG(s) '01_music_ingestion_realtime' retrieved from /opt/airflow/dags/music_ingestion_dag.py
[2026-01-27T07:09:50.844+0000] {logging_mixin.py:190} INFO - [2026-01-27T07:09:50.844+0000] {dag.py:3239} INFO - Sync 1 DAGs
[2026-01-27T07:09:50.885+0000] {logging_mixin.py:190} INFO - [2026-01-27T07:09:50.884+0000] {dag.py:4180} INFO - Setting next_dagrun for 01_music_ingestion_realtime to 2026-01-27 06:00:00+00:00, run_after=2026-01-27 07:00:00+00:00
[2026-01-27T07:09:50.919+0000] {processor.py:208} INFO - Processing /opt/airflow/dags/music_ingestion_dag.py took 0.265 seconds
[2026-01-27T07:10:21.149+0000] {processor.py:186} INFO - Started process (PID=377) to work on /opt/airflow/dags/music_ingestion_dag.py
[2026-01-27T07:10:21.151+0000] {processor.py:914} INFO - Processing file /opt/airflow/dags/music_ingestion_dag.py for tasks to queue
[2026-01-27T07:10:21.154+0000] {logging_mixin.py:190} INFO - [2026-01-27T07:10:21.154+0000] {dagbag.py:588} INFO - Filling up the DagBag from /opt/airflow/dags/music_ingestion_dag.py
[2026-01-27T07:10:21.178+0000] {processor.py:925} INFO - DAG(s) '01_music_ingestion_realtime' retrieved from /opt/airflow/dags/music_ingestion_dag.py
[2026-01-27T07:10:21.220+0000] {logging_mixin.py:190} INFO - [2026-01-27T07:10:21.220+0000] {dag.py:3239} INFO - Sync 1 DAGs
[2026-01-27T07:10:21.248+0000] {logging_mixin.py:190} INFO - [2026-01-27T07:10:21.248+0000] {dag.py:4180} INFO - Setting next_dagrun for 01_music_ingestion_realtime to 2026-01-27 06:00:00+00:00, run_after=2026-01-27 07:00:00+00:00
[2026-01-27T07:10:21.273+0000] {processor.py:208} INFO - Processing /opt/airflow/dags/music_ingestion_dag.py took 0.130 seconds
[2026-01-27T07:10:51.596+0000] {processor.py:186} INFO - Started process (PID=382) to work on /opt/airflow/dags/music_ingestion_dag.py
[2026-01-27T07:10:51.597+0000] {processor.py:914} INFO - Processing file /opt/airflow/dags/music_ingestion_dag.py for tasks to queue
[2026-01-27T07:10:51.599+0000] {logging_mixin.py:190} INFO - [2026-01-27T07:10:51.599+0000] {dagbag.py:588} INFO - Filling up the DagBag from /opt/airflow/dags/music_ingestion_dag.py
[2026-01-27T07:10:51.622+0000] {processor.py:925} INFO - DAG(s) '01_music_ingestion_realtime' retrieved from /opt/airflow/dags/music_ingestion_dag.py
[2026-01-27T07:10:51.648+0000] {logging_mixin.py:190} INFO - [2026-01-27T07:10:51.648+0000] {dag.py:3239} INFO - Sync 1 DAGs
[2026-01-27T07:10:51.714+0000] {logging_mixin.py:190} INFO - [2026-01-27T07:10:51.714+0000] {dag.py:4180} INFO - Setting next_dagrun for 01_music_ingestion_realtime to 2026-01-27 06:00:00+00:00, run_after=2026-01-27 07:00:00+00:00
[2026-01-27T07:10:51.739+0000] {processor.py:208} INFO - Processing /opt/airflow/dags/music_ingestion_dag.py took 0.149 seconds
[2026-01-27T07:11:21.914+0000] {processor.py:186} INFO - Started process (PID=387) to work on /opt/airflow/dags/music_ingestion_dag.py
[2026-01-27T07:11:21.916+0000] {processor.py:914} INFO - Processing file /opt/airflow/dags/music_ingestion_dag.py for tasks to queue
[2026-01-27T07:11:21.920+0000] {logging_mixin.py:190} INFO - [2026-01-27T07:11:21.919+0000] {dagbag.py:588} INFO - Filling up the DagBag from /opt/airflow/dags/music_ingestion_dag.py
[2026-01-27T07:11:21.948+0000] {processor.py:925} INFO - DAG(s) '01_music_ingestion_realtime' retrieved from /opt/airflow/dags/music_ingestion_dag.py
[2026-01-27T07:11:21.987+0000] {logging_mixin.py:190} INFO - [2026-01-27T07:11:21.987+0000] {dag.py:3239} INFO - Sync 1 DAGs
[2026-01-27T07:11:22.018+0000] {logging_mixin.py:190} INFO - [2026-01-27T07:11:22.018+0000] {dag.py:4180} INFO - Setting next_dagrun for 01_music_ingestion_realtime to 2026-01-27 06:00:00+00:00, run_after=2026-01-27 07:00:00+00:00
[2026-01-27T07:11:22.047+0000] {processor.py:208} INFO - Processing /opt/airflow/dags/music_ingestion_dag.py took 0.139 seconds
[2026-01-27T07:11:52.388+0000] {processor.py:186} INFO - Started process (PID=392) to work on /opt/airflow/dags/music_ingestion_dag.py
[2026-01-27T07:11:52.389+0000] {processor.py:914} INFO - Processing file /opt/airflow/dags/music_ingestion_dag.py for tasks to queue
[2026-01-27T07:11:52.391+0000] {logging_mixin.py:190} INFO - [2026-01-27T07:11:52.391+0000] {dagbag.py:588} INFO - Filling up the DagBag from /opt/airflow/dags/music_ingestion_dag.py
[2026-01-27T07:11:52.413+0000] {processor.py:925} INFO - DAG(s) '01_music_ingestion_realtime' retrieved from /opt/airflow/dags/music_ingestion_dag.py
[2026-01-27T07:11:52.442+0000] {logging_mixin.py:190} INFO - [2026-01-27T07:11:52.441+0000] {dag.py:3239} INFO - Sync 1 DAGs
[2026-01-27T07:11:52.465+0000] {logging_mixin.py:190} INFO - [2026-01-27T07:11:52.465+0000] {dag.py:4180} INFO - Setting next_dagrun for 01_music_ingestion_realtime to 2026-01-27 06:00:00+00:00, run_after=2026-01-27 07:00:00+00:00
[2026-01-27T07:11:52.493+0000] {processor.py:208} INFO - Processing /opt/airflow/dags/music_ingestion_dag.py took 0.111 seconds
[2026-01-27T07:12:22.827+0000] {processor.py:186} INFO - Started process (PID=397) to work on /opt/airflow/dags/music_ingestion_dag.py
[2026-01-27T07:12:22.830+0000] {processor.py:914} INFO - Processing file /opt/airflow/dags/music_ingestion_dag.py for tasks to queue
[2026-01-27T07:12:22.836+0000] {logging_mixin.py:190} INFO - [2026-01-27T07:12:22.835+0000] {dagbag.py:588} INFO - Filling up the DagBag from /opt/airflow/dags/music_ingestion_dag.py
[2026-01-27T07:12:22.867+0000] {processor.py:925} INFO - DAG(s) '01_music_ingestion_realtime' retrieved from /opt/airflow/dags/music_ingestion_dag.py
[2026-01-27T07:12:22.909+0000] {logging_mixin.py:190} INFO - [2026-01-27T07:12:22.909+0000] {dag.py:3239} INFO - Sync 1 DAGs
[2026-01-27T07:12:22.941+0000] {logging_mixin.py:190} INFO - [2026-01-27T07:12:22.941+0000] {dag.py:4180} INFO - Setting next_dagrun for 01_music_ingestion_realtime to 2026-01-27 06:00:00+00:00, run_after=2026-01-27 07:00:00+00:00
[2026-01-27T07:12:22.964+0000] {processor.py:208} INFO - Processing /opt/airflow/dags/music_ingestion_dag.py took 0.161 seconds
[2026-01-27T07:12:53.192+0000] {processor.py:186} INFO - Started process (PID=402) to work on /opt/airflow/dags/music_ingestion_dag.py
[2026-01-27T07:12:53.193+0000] {processor.py:914} INFO - Processing file /opt/airflow/dags/music_ingestion_dag.py for tasks to queue
[2026-01-27T07:12:53.198+0000] {logging_mixin.py:190} INFO - [2026-01-27T07:12:53.197+0000] {dagbag.py:588} INFO - Filling up the DagBag from /opt/airflow/dags/music_ingestion_dag.py
[2026-01-27T07:12:53.227+0000] {processor.py:925} INFO - DAG(s) '01_music_ingestion_realtime' retrieved from /opt/airflow/dags/music_ingestion_dag.py
[2026-01-27T07:12:53.265+0000] {logging_mixin.py:190} INFO - [2026-01-27T07:12:53.265+0000] {dag.py:3239} INFO - Sync 1 DAGs
[2026-01-27T07:12:53.298+0000] {logging_mixin.py:190} INFO - [2026-01-27T07:12:53.298+0000] {dag.py:4180} INFO - Setting next_dagrun for 01_music_ingestion_realtime to 2026-01-27 06:00:00+00:00, run_after=2026-01-27 07:00:00+00:00
[2026-01-27T07:12:53.324+0000] {processor.py:208} INFO - Processing /opt/airflow/dags/music_ingestion_dag.py took 0.139 seconds
[2026-01-27T07:13:23.513+0000] {processor.py:186} INFO - Started process (PID=407) to work on /opt/airflow/dags/music_ingestion_dag.py
[2026-01-27T07:13:23.514+0000] {processor.py:914} INFO - Processing file /opt/airflow/dags/music_ingestion_dag.py for tasks to queue
[2026-01-27T07:13:23.539+0000] {logging_mixin.py:190} INFO - [2026-01-27T07:13:23.538+0000] {dagbag.py:588} INFO - Filling up the DagBag from /opt/airflow/dags/music_ingestion_dag.py
[2026-01-27T07:13:23.591+0000] {processor.py:925} INFO - DAG(s) '01_music_ingestion_realtime' retrieved from /opt/airflow/dags/music_ingestion_dag.py
[2026-01-27T07:13:23.657+0000] {logging_mixin.py:190} INFO - [2026-01-27T07:13:23.657+0000] {dag.py:3239} INFO - Sync 1 DAGs
[2026-01-27T07:13:23.680+0000] {logging_mixin.py:190} INFO - [2026-01-27T07:13:23.680+0000] {dag.py:4180} INFO - Setting next_dagrun for 01_music_ingestion_realtime to 2026-01-27 06:00:00+00:00, run_after=2026-01-27 07:00:00+00:00
[2026-01-27T07:13:23.708+0000] {processor.py:208} INFO - Processing /opt/airflow/dags/music_ingestion_dag.py took 0.201 seconds
[2026-01-27T07:13:53.950+0000] {processor.py:186} INFO - Started process (PID=412) to work on /opt/airflow/dags/music_ingestion_dag.py
[2026-01-27T07:13:53.951+0000] {processor.py:914} INFO - Processing file /opt/airflow/dags/music_ingestion_dag.py for tasks to queue
[2026-01-27T07:13:53.954+0000] {logging_mixin.py:190} INFO - [2026-01-27T07:13:53.954+0000] {dagbag.py:588} INFO - Filling up the DagBag from /opt/airflow/dags/music_ingestion_dag.py
[2026-01-27T07:13:53.977+0000] {processor.py:925} INFO - DAG(s) '01_music_ingestion_realtime' retrieved from /opt/airflow/dags/music_ingestion_dag.py
[2026-01-27T07:13:54.022+0000] {logging_mixin.py:190} INFO - [2026-01-27T07:13:54.022+0000] {dag.py:3239} INFO - Sync 1 DAGs
[2026-01-27T07:13:54.050+0000] {logging_mixin.py:190} INFO - [2026-01-27T07:13:54.050+0000] {dag.py:4180} INFO - Setting next_dagrun for 01_music_ingestion_realtime to 2026-01-27 06:00:00+00:00, run_after=2026-01-27 07:00:00+00:00
[2026-01-27T07:13:54.082+0000] {processor.py:208} INFO - Processing /opt/airflow/dags/music_ingestion_dag.py took 0.139 seconds
[2026-01-27T07:14:24.438+0000] {processor.py:186} INFO - Started process (PID=417) to work on /opt/airflow/dags/music_ingestion_dag.py
[2026-01-27T07:14:24.442+0000] {processor.py:914} INFO - Processing file /opt/airflow/dags/music_ingestion_dag.py for tasks to queue
[2026-01-27T07:14:24.448+0000] {logging_mixin.py:190} INFO - [2026-01-27T07:14:24.447+0000] {dagbag.py:588} INFO - Filling up the DagBag from /opt/airflow/dags/music_ingestion_dag.py
[2026-01-27T07:14:24.468+0000] {processor.py:925} INFO - DAG(s) '01_music_ingestion_realtime' retrieved from /opt/airflow/dags/music_ingestion_dag.py
[2026-01-27T07:14:24.503+0000] {logging_mixin.py:190} INFO - [2026-01-27T07:14:24.503+0000] {dag.py:3239} INFO - Sync 1 DAGs
[2026-01-27T07:14:24.531+0000] {logging_mixin.py:190} INFO - [2026-01-27T07:14:24.531+0000] {dag.py:4180} INFO - Setting next_dagrun for 01_music_ingestion_realtime to 2026-01-27 06:00:00+00:00, run_after=2026-01-27 07:00:00+00:00
[2026-01-27T07:14:24.553+0000] {processor.py:208} INFO - Processing /opt/airflow/dags/music_ingestion_dag.py took 0.123 seconds
[2026-01-27T07:14:54.812+0000] {processor.py:186} INFO - Started process (PID=422) to work on /opt/airflow/dags/music_ingestion_dag.py
[2026-01-27T07:14:54.813+0000] {processor.py:914} INFO - Processing file /opt/airflow/dags/music_ingestion_dag.py for tasks to queue
[2026-01-27T07:14:54.815+0000] {logging_mixin.py:190} INFO - [2026-01-27T07:14:54.815+0000] {dagbag.py:588} INFO - Filling up the DagBag from /opt/airflow/dags/music_ingestion_dag.py
[2026-01-27T07:14:54.841+0000] {processor.py:925} INFO - DAG(s) '01_music_ingestion_realtime' retrieved from /opt/airflow/dags/music_ingestion_dag.py
[2026-01-27T07:14:54.871+0000] {logging_mixin.py:190} INFO - [2026-01-27T07:14:54.870+0000] {dag.py:3239} INFO - Sync 1 DAGs
[2026-01-27T07:14:54.901+0000] {logging_mixin.py:190} INFO - [2026-01-27T07:14:54.900+0000] {dag.py:4180} INFO - Setting next_dagrun for 01_music_ingestion_realtime to 2026-01-27 06:00:00+00:00, run_after=2026-01-27 07:00:00+00:00
[2026-01-27T07:14:54.929+0000] {processor.py:208} INFO - Processing /opt/airflow/dags/music_ingestion_dag.py took 0.123 seconds
[2026-01-27T07:15:25.262+0000] {processor.py:186} INFO - Started process (PID=427) to work on /opt/airflow/dags/music_ingestion_dag.py
[2026-01-27T07:15:25.263+0000] {processor.py:914} INFO - Processing file /opt/airflow/dags/music_ingestion_dag.py for tasks to queue
[2026-01-27T07:15:25.265+0000] {logging_mixin.py:190} INFO - [2026-01-27T07:15:25.265+0000] {dagbag.py:588} INFO - Filling up the DagBag from /opt/airflow/dags/music_ingestion_dag.py
[2026-01-27T07:15:25.289+0000] {processor.py:925} INFO - DAG(s) '01_music_ingestion_realtime' retrieved from /opt/airflow/dags/music_ingestion_dag.py
[2026-01-27T07:15:25.317+0000] {logging_mixin.py:190} INFO - [2026-01-27T07:15:25.316+0000] {dag.py:3239} INFO - Sync 1 DAGs
[2026-01-27T07:15:25.351+0000] {logging_mixin.py:190} INFO - [2026-01-27T07:15:25.350+0000] {dag.py:4180} INFO - Setting next_dagrun for 01_music_ingestion_realtime to 2026-01-27 06:00:00+00:00, run_after=2026-01-27 07:00:00+00:00
[2026-01-27T07:15:25.382+0000] {processor.py:208} INFO - Processing /opt/airflow/dags/music_ingestion_dag.py took 0.126 seconds
[2026-01-27T07:15:55.557+0000] {processor.py:186} INFO - Started process (PID=432) to work on /opt/airflow/dags/music_ingestion_dag.py
[2026-01-27T07:15:55.558+0000] {processor.py:914} INFO - Processing file /opt/airflow/dags/music_ingestion_dag.py for tasks to queue
[2026-01-27T07:15:55.560+0000] {logging_mixin.py:190} INFO - [2026-01-27T07:15:55.560+0000] {dagbag.py:588} INFO - Filling up the DagBag from /opt/airflow/dags/music_ingestion_dag.py
[2026-01-27T07:15:55.580+0000] {processor.py:925} INFO - DAG(s) '01_music_ingestion_realtime' retrieved from /opt/airflow/dags/music_ingestion_dag.py
[2026-01-27T07:15:55.611+0000] {logging_mixin.py:190} INFO - [2026-01-27T07:15:55.611+0000] {dag.py:3239} INFO - Sync 1 DAGs
[2026-01-27T07:15:55.635+0000] {logging_mixin.py:190} INFO - [2026-01-27T07:15:55.635+0000] {dag.py:4180} INFO - Setting next_dagrun for 01_music_ingestion_realtime to 2026-01-27 06:00:00+00:00, run_after=2026-01-27 07:00:00+00:00
[2026-01-27T07:15:55.659+0000] {processor.py:208} INFO - Processing /opt/airflow/dags/music_ingestion_dag.py took 0.108 seconds
[2026-01-27T07:16:25.899+0000] {processor.py:186} INFO - Started process (PID=437) to work on /opt/airflow/dags/music_ingestion_dag.py
[2026-01-27T07:16:25.901+0000] {processor.py:914} INFO - Processing file /opt/airflow/dags/music_ingestion_dag.py for tasks to queue
[2026-01-27T07:16:25.903+0000] {logging_mixin.py:190} INFO - [2026-01-27T07:16:25.903+0000] {dagbag.py:588} INFO - Filling up the DagBag from /opt/airflow/dags/music_ingestion_dag.py
[2026-01-27T07:16:25.933+0000] {processor.py:925} INFO - DAG(s) '01_music_ingestion_realtime' retrieved from /opt/airflow/dags/music_ingestion_dag.py
[2026-01-27T07:16:25.962+0000] {logging_mixin.py:190} INFO - [2026-01-27T07:16:25.961+0000] {dag.py:3239} INFO - Sync 1 DAGs
[2026-01-27T07:16:25.986+0000] {logging_mixin.py:190} INFO - [2026-01-27T07:16:25.985+0000] {dag.py:4180} INFO - Setting next_dagrun for 01_music_ingestion_realtime to 2026-01-27 06:00:00+00:00, run_after=2026-01-27 07:00:00+00:00
[2026-01-27T07:16:26.012+0000] {processor.py:208} INFO - Processing /opt/airflow/dags/music_ingestion_dag.py took 0.119 seconds
[2026-01-27T07:16:56.324+0000] {processor.py:186} INFO - Started process (PID=442) to work on /opt/airflow/dags/music_ingestion_dag.py
[2026-01-27T07:16:56.326+0000] {processor.py:914} INFO - Processing file /opt/airflow/dags/music_ingestion_dag.py for tasks to queue
[2026-01-27T07:16:56.328+0000] {logging_mixin.py:190} INFO - [2026-01-27T07:16:56.328+0000] {dagbag.py:588} INFO - Filling up the DagBag from /opt/airflow/dags/music_ingestion_dag.py
[2026-01-27T07:16:56.348+0000] {processor.py:925} INFO - DAG(s) '01_music_ingestion_realtime' retrieved from /opt/airflow/dags/music_ingestion_dag.py
[2026-01-27T07:16:56.378+0000] {logging_mixin.py:190} INFO - [2026-01-27T07:16:56.377+0000] {dag.py:3239} INFO - Sync 1 DAGs
[2026-01-27T07:16:56.404+0000] {logging_mixin.py:190} INFO - [2026-01-27T07:16:56.404+0000] {dag.py:4180} INFO - Setting next_dagrun for 01_music_ingestion_realtime to 2026-01-27 06:00:00+00:00, run_after=2026-01-27 07:00:00+00:00
[2026-01-27T07:16:56.431+0000] {processor.py:208} INFO - Processing /opt/airflow/dags/music_ingestion_dag.py took 0.112 seconds
[2026-01-27T07:17:26.658+0000] {processor.py:186} INFO - Started process (PID=447) to work on /opt/airflow/dags/music_ingestion_dag.py
[2026-01-27T07:17:26.659+0000] {processor.py:914} INFO - Processing file /opt/airflow/dags/music_ingestion_dag.py for tasks to queue
[2026-01-27T07:17:26.661+0000] {logging_mixin.py:190} INFO - [2026-01-27T07:17:26.661+0000] {dagbag.py:588} INFO - Filling up the DagBag from /opt/airflow/dags/music_ingestion_dag.py
[2026-01-27T07:17:26.679+0000] {processor.py:925} INFO - DAG(s) '01_music_ingestion_realtime' retrieved from /opt/airflow/dags/music_ingestion_dag.py
[2026-01-27T07:17:26.708+0000] {logging_mixin.py:190} INFO - [2026-01-27T07:17:26.708+0000] {dag.py:3239} INFO - Sync 1 DAGs
[2026-01-27T07:17:26.738+0000] {logging_mixin.py:190} INFO - [2026-01-27T07:17:26.737+0000] {dag.py:4180} INFO - Setting next_dagrun for 01_music_ingestion_realtime to 2026-01-27 06:00:00+00:00, run_after=2026-01-27 07:00:00+00:00
[2026-01-27T07:17:26.770+0000] {processor.py:208} INFO - Processing /opt/airflow/dags/music_ingestion_dag.py took 0.118 seconds
[2026-01-27T07:17:57.043+0000] {processor.py:186} INFO - Started process (PID=452) to work on /opt/airflow/dags/music_ingestion_dag.py
[2026-01-27T07:17:57.045+0000] {processor.py:914} INFO - Processing file /opt/airflow/dags/music_ingestion_dag.py for tasks to queue
[2026-01-27T07:17:57.048+0000] {logging_mixin.py:190} INFO - [2026-01-27T07:17:57.048+0000] {dagbag.py:588} INFO - Filling up the DagBag from /opt/airflow/dags/music_ingestion_dag.py
[2026-01-27T07:17:57.066+0000] {processor.py:925} INFO - DAG(s) '01_music_ingestion_realtime' retrieved from /opt/airflow/dags/music_ingestion_dag.py
[2026-01-27T07:17:57.098+0000] {logging_mixin.py:190} INFO - [2026-01-27T07:17:57.098+0000] {dag.py:3239} INFO - Sync 1 DAGs
[2026-01-27T07:17:57.124+0000] {logging_mixin.py:190} INFO - [2026-01-27T07:17:57.124+0000] {dag.py:4180} INFO - Setting next_dagrun for 01_music_ingestion_realtime to 2026-01-27 06:00:00+00:00, run_after=2026-01-27 07:00:00+00:00
[2026-01-27T07:17:57.154+0000] {processor.py:208} INFO - Processing /opt/airflow/dags/music_ingestion_dag.py took 0.118 seconds
[2026-01-27T07:18:27.449+0000] {processor.py:186} INFO - Started process (PID=457) to work on /opt/airflow/dags/music_ingestion_dag.py
[2026-01-27T07:18:27.450+0000] {processor.py:914} INFO - Processing file /opt/airflow/dags/music_ingestion_dag.py for tasks to queue
[2026-01-27T07:18:27.453+0000] {logging_mixin.py:190} INFO - [2026-01-27T07:18:27.453+0000] {dagbag.py:588} INFO - Filling up the DagBag from /opt/airflow/dags/music_ingestion_dag.py
[2026-01-27T07:18:27.475+0000] {processor.py:925} INFO - DAG(s) '01_music_ingestion_realtime' retrieved from /opt/airflow/dags/music_ingestion_dag.py
[2026-01-27T07:18:27.503+0000] {logging_mixin.py:190} INFO - [2026-01-27T07:18:27.503+0000] {dag.py:3239} INFO - Sync 1 DAGs
[2026-01-27T07:18:27.528+0000] {logging_mixin.py:190} INFO - [2026-01-27T07:18:27.528+0000] {dag.py:4180} INFO - Setting next_dagrun for 01_music_ingestion_realtime to 2026-01-27 06:00:00+00:00, run_after=2026-01-27 07:00:00+00:00
[2026-01-27T07:18:27.553+0000] {processor.py:208} INFO - Processing /opt/airflow/dags/music_ingestion_dag.py took 0.110 seconds
[2026-01-27T07:18:57.862+0000] {processor.py:186} INFO - Started process (PID=462) to work on /opt/airflow/dags/music_ingestion_dag.py
[2026-01-27T07:18:57.863+0000] {processor.py:914} INFO - Processing file /opt/airflow/dags/music_ingestion_dag.py for tasks to queue
[2026-01-27T07:18:57.865+0000] {logging_mixin.py:190} INFO - [2026-01-27T07:18:57.865+0000] {dagbag.py:588} INFO - Filling up the DagBag from /opt/airflow/dags/music_ingestion_dag.py
[2026-01-27T07:18:57.896+0000] {processor.py:925} INFO - DAG(s) '01_music_ingestion_realtime' retrieved from /opt/airflow/dags/music_ingestion_dag.py
[2026-01-27T07:18:57.942+0000] {logging_mixin.py:190} INFO - [2026-01-27T07:18:57.942+0000] {dag.py:3239} INFO - Sync 1 DAGs
[2026-01-27T07:18:57.966+0000] {logging_mixin.py:190} INFO - [2026-01-27T07:18:57.966+0000] {dag.py:4180} INFO - Setting next_dagrun for 01_music_ingestion_realtime to 2026-01-27 06:00:00+00:00, run_after=2026-01-27 07:00:00+00:00
[2026-01-27T07:18:57.989+0000] {processor.py:208} INFO - Processing /opt/airflow/dags/music_ingestion_dag.py took 0.146 seconds
[2026-01-27T07:19:28.236+0000] {processor.py:186} INFO - Started process (PID=467) to work on /opt/airflow/dags/music_ingestion_dag.py
[2026-01-27T07:19:28.237+0000] {processor.py:914} INFO - Processing file /opt/airflow/dags/music_ingestion_dag.py for tasks to queue
[2026-01-27T07:19:28.239+0000] {logging_mixin.py:190} INFO - [2026-01-27T07:19:28.239+0000] {dagbag.py:588} INFO - Filling up the DagBag from /opt/airflow/dags/music_ingestion_dag.py
[2026-01-27T07:19:28.257+0000] {processor.py:925} INFO - DAG(s) '01_music_ingestion_realtime' retrieved from /opt/airflow/dags/music_ingestion_dag.py
[2026-01-27T07:19:28.284+0000] {logging_mixin.py:190} INFO - [2026-01-27T07:19:28.284+0000] {dag.py:3239} INFO - Sync 1 DAGs
[2026-01-27T07:19:28.309+0000] {logging_mixin.py:190} INFO - [2026-01-27T07:19:28.308+0000] {dag.py:4180} INFO - Setting next_dagrun for 01_music_ingestion_realtime to 2026-01-27 06:00:00+00:00, run_after=2026-01-27 07:00:00+00:00
[2026-01-27T07:19:28.337+0000] {processor.py:208} INFO - Processing /opt/airflow/dags/music_ingestion_dag.py took 0.107 seconds
[2026-01-27T07:19:58.628+0000] {processor.py:186} INFO - Started process (PID=472) to work on /opt/airflow/dags/music_ingestion_dag.py
[2026-01-27T07:19:58.629+0000] {processor.py:914} INFO - Processing file /opt/airflow/dags/music_ingestion_dag.py for tasks to queue
[2026-01-27T07:19:58.632+0000] {logging_mixin.py:190} INFO - [2026-01-27T07:19:58.631+0000] {dagbag.py:588} INFO - Filling up the DagBag from /opt/airflow/dags/music_ingestion_dag.py
[2026-01-27T07:19:58.650+0000] {processor.py:925} INFO - DAG(s) '01_music_ingestion_realtime' retrieved from /opt/airflow/dags/music_ingestion_dag.py
[2026-01-27T07:19:58.686+0000] {logging_mixin.py:190} INFO - [2026-01-27T07:19:58.686+0000] {dag.py:3239} INFO - Sync 1 DAGs
[2026-01-27T07:19:58.713+0000] {logging_mixin.py:190} INFO - [2026-01-27T07:19:58.713+0000] {dag.py:4180} INFO - Setting next_dagrun for 01_music_ingestion_realtime to 2026-01-27 06:00:00+00:00, run_after=2026-01-27 07:00:00+00:00
[2026-01-27T07:19:58.737+0000] {processor.py:208} INFO - Processing /opt/airflow/dags/music_ingestion_dag.py took 0.115 seconds
[2026-01-27T07:20:29.000+0000] {processor.py:186} INFO - Started process (PID=477) to work on /opt/airflow/dags/music_ingestion_dag.py
[2026-01-27T07:20:29.001+0000] {processor.py:914} INFO - Processing file /opt/airflow/dags/music_ingestion_dag.py for tasks to queue
[2026-01-27T07:20:29.003+0000] {logging_mixin.py:190} INFO - [2026-01-27T07:20:29.003+0000] {dagbag.py:588} INFO - Filling up the DagBag from /opt/airflow/dags/music_ingestion_dag.py
[2026-01-27T07:20:29.021+0000] {processor.py:925} INFO - DAG(s) '01_music_ingestion_realtime' retrieved from /opt/airflow/dags/music_ingestion_dag.py
[2026-01-27T07:20:29.048+0000] {logging_mixin.py:190} INFO - [2026-01-27T07:20:29.048+0000] {dag.py:3239} INFO - Sync 1 DAGs
[2026-01-27T07:20:29.078+0000] {logging_mixin.py:190} INFO - [2026-01-27T07:20:29.077+0000] {dag.py:4180} INFO - Setting next_dagrun for 01_music_ingestion_realtime to 2026-01-27 06:00:00+00:00, run_after=2026-01-27 07:00:00+00:00
[2026-01-27T07:20:29.110+0000] {processor.py:208} INFO - Processing /opt/airflow/dags/music_ingestion_dag.py took 0.116 seconds
[2026-01-27T07:20:59.408+0000] {processor.py:186} INFO - Started process (PID=482) to work on /opt/airflow/dags/music_ingestion_dag.py
[2026-01-27T07:20:59.409+0000] {processor.py:914} INFO - Processing file /opt/airflow/dags/music_ingestion_dag.py for tasks to queue
[2026-01-27T07:20:59.412+0000] {logging_mixin.py:190} INFO - [2026-01-27T07:20:59.412+0000] {dagbag.py:588} INFO - Filling up the DagBag from /opt/airflow/dags/music_ingestion_dag.py
[2026-01-27T07:20:59.432+0000] {processor.py:925} INFO - DAG(s) '01_music_ingestion_realtime' retrieved from /opt/airflow/dags/music_ingestion_dag.py
[2026-01-27T07:20:59.459+0000] {logging_mixin.py:190} INFO - [2026-01-27T07:20:59.459+0000] {dag.py:3239} INFO - Sync 1 DAGs
[2026-01-27T07:20:59.483+0000] {logging_mixin.py:190} INFO - [2026-01-27T07:20:59.483+0000] {dag.py:4180} INFO - Setting next_dagrun for 01_music_ingestion_realtime to 2026-01-27 06:00:00+00:00, run_after=2026-01-27 07:00:00+00:00
[2026-01-27T07:20:59.510+0000] {processor.py:208} INFO - Processing /opt/airflow/dags/music_ingestion_dag.py took 0.110 seconds
[2026-01-27T07:21:29.782+0000] {processor.py:186} INFO - Started process (PID=487) to work on /opt/airflow/dags/music_ingestion_dag.py
[2026-01-27T07:21:29.786+0000] {processor.py:914} INFO - Processing file /opt/airflow/dags/music_ingestion_dag.py for tasks to queue
[2026-01-27T07:21:29.788+0000] {logging_mixin.py:190} INFO - [2026-01-27T07:21:29.788+0000] {dagbag.py:588} INFO - Filling up the DagBag from /opt/airflow/dags/music_ingestion_dag.py
[2026-01-27T07:21:29.818+0000] {processor.py:925} INFO - DAG(s) '01_music_ingestion_realtime' retrieved from /opt/airflow/dags/music_ingestion_dag.py
[2026-01-27T07:21:29.851+0000] {logging_mixin.py:190} INFO - [2026-01-27T07:21:29.851+0000] {dag.py:3239} INFO - Sync 1 DAGs
[2026-01-27T07:21:29.877+0000] {logging_mixin.py:190} INFO - [2026-01-27T07:21:29.877+0000] {dag.py:4180} INFO - Setting next_dagrun for 01_music_ingestion_realtime to 2026-01-27 06:00:00+00:00, run_after=2026-01-27 07:00:00+00:00
[2026-01-27T07:21:29.901+0000] {processor.py:208} INFO - Processing /opt/airflow/dags/music_ingestion_dag.py took 0.136 seconds
[2026-01-27T07:22:00.238+0000] {processor.py:186} INFO - Started process (PID=492) to work on /opt/airflow/dags/music_ingestion_dag.py
[2026-01-27T07:22:00.239+0000] {processor.py:914} INFO - Processing file /opt/airflow/dags/music_ingestion_dag.py for tasks to queue
[2026-01-27T07:22:00.242+0000] {logging_mixin.py:190} INFO - [2026-01-27T07:22:00.242+0000] {dagbag.py:588} INFO - Filling up the DagBag from /opt/airflow/dags/music_ingestion_dag.py
[2026-01-27T07:22:00.274+0000] {processor.py:925} INFO - DAG(s) '01_music_ingestion_realtime' retrieved from /opt/airflow/dags/music_ingestion_dag.py
[2026-01-27T07:22:00.338+0000] {logging_mixin.py:190} INFO - [2026-01-27T07:22:00.338+0000] {dag.py:3239} INFO - Sync 1 DAGs
[2026-01-27T07:22:00.373+0000] {logging_mixin.py:190} INFO - [2026-01-27T07:22:00.373+0000] {dag.py:4180} INFO - Setting next_dagrun for 01_music_ingestion_realtime to 2026-01-27 06:00:00+00:00, run_after=2026-01-27 07:00:00+00:00
[2026-01-27T07:22:00.398+0000] {processor.py:208} INFO - Processing /opt/airflow/dags/music_ingestion_dag.py took 0.166 seconds
[2026-01-27T07:22:30.631+0000] {processor.py:186} INFO - Started process (PID=497) to work on /opt/airflow/dags/music_ingestion_dag.py
[2026-01-27T07:22:30.632+0000] {processor.py:914} INFO - Processing file /opt/airflow/dags/music_ingestion_dag.py for tasks to queue
[2026-01-27T07:22:30.635+0000] {logging_mixin.py:190} INFO - [2026-01-27T07:22:30.635+0000] {dagbag.py:588} INFO - Filling up the DagBag from /opt/airflow/dags/music_ingestion_dag.py
[2026-01-27T07:22:30.655+0000] {processor.py:925} INFO - DAG(s) '01_music_ingestion_realtime' retrieved from /opt/airflow/dags/music_ingestion_dag.py
[2026-01-27T07:22:30.679+0000] {logging_mixin.py:190} INFO - [2026-01-27T07:22:30.679+0000] {dag.py:3239} INFO - Sync 1 DAGs
[2026-01-27T07:22:30.707+0000] {logging_mixin.py:190} INFO - [2026-01-27T07:22:30.707+0000] {dag.py:4180} INFO - Setting next_dagrun for 01_music_ingestion_realtime to 2026-01-27 06:00:00+00:00, run_after=2026-01-27 07:00:00+00:00
[2026-01-27T07:22:30.733+0000] {processor.py:208} INFO - Processing /opt/airflow/dags/music_ingestion_dag.py took 0.108 seconds
[2026-01-27T07:23:01.113+0000] {processor.py:186} INFO - Started process (PID=502) to work on /opt/airflow/dags/music_ingestion_dag.py
[2026-01-27T07:23:01.114+0000] {processor.py:914} INFO - Processing file /opt/airflow/dags/music_ingestion_dag.py for tasks to queue
[2026-01-27T07:23:01.117+0000] {logging_mixin.py:190} INFO - [2026-01-27T07:23:01.117+0000] {dagbag.py:588} INFO - Filling up the DagBag from /opt/airflow/dags/music_ingestion_dag.py
[2026-01-27T07:23:01.138+0000] {processor.py:925} INFO - DAG(s) '01_music_ingestion_realtime' retrieved from /opt/airflow/dags/music_ingestion_dag.py
[2026-01-27T07:23:01.166+0000] {logging_mixin.py:190} INFO - [2026-01-27T07:23:01.166+0000] {dag.py:3239} INFO - Sync 1 DAGs
[2026-01-27T07:23:01.194+0000] {logging_mixin.py:190} INFO - [2026-01-27T07:23:01.194+0000] {dag.py:4180} INFO - Setting next_dagrun for 01_music_ingestion_realtime to 2026-01-27 06:00:00+00:00, run_after=2026-01-27 07:00:00+00:00
[2026-01-27T07:23:01.225+0000] {processor.py:208} INFO - Processing /opt/airflow/dags/music_ingestion_dag.py took 0.117 seconds
[2026-01-27T07:23:31.453+0000] {processor.py:186} INFO - Started process (PID=507) to work on /opt/airflow/dags/music_ingestion_dag.py
[2026-01-27T07:23:31.455+0000] {processor.py:914} INFO - Processing file /opt/airflow/dags/music_ingestion_dag.py for tasks to queue
[2026-01-27T07:23:31.457+0000] {logging_mixin.py:190} INFO - [2026-01-27T07:23:31.457+0000] {dagbag.py:588} INFO - Filling up the DagBag from /opt/airflow/dags/music_ingestion_dag.py
[2026-01-27T07:23:31.474+0000] {processor.py:925} INFO - DAG(s) '01_music_ingestion_realtime' retrieved from /opt/airflow/dags/music_ingestion_dag.py
[2026-01-27T07:23:31.504+0000] {logging_mixin.py:190} INFO - [2026-01-27T07:23:31.504+0000] {dag.py:3239} INFO - Sync 1 DAGs
[2026-01-27T07:23:31.532+0000] {logging_mixin.py:190} INFO - [2026-01-27T07:23:31.532+0000] {dag.py:4180} INFO - Setting next_dagrun for 01_music_ingestion_realtime to 2026-01-27 06:00:00+00:00, run_after=2026-01-27 07:00:00+00:00
[2026-01-27T07:23:31.557+0000] {processor.py:208} INFO - Processing /opt/airflow/dags/music_ingestion_dag.py took 0.110 seconds
[2026-01-27T07:24:01.943+0000] {processor.py:186} INFO - Started process (PID=512) to work on /opt/airflow/dags/music_ingestion_dag.py
[2026-01-27T07:24:01.944+0000] {processor.py:914} INFO - Processing file /opt/airflow/dags/music_ingestion_dag.py for tasks to queue
[2026-01-27T07:24:01.947+0000] {logging_mixin.py:190} INFO - [2026-01-27T07:24:01.947+0000] {dagbag.py:588} INFO - Filling up the DagBag from /opt/airflow/dags/music_ingestion_dag.py
[2026-01-27T07:24:01.974+0000] {processor.py:925} INFO - DAG(s) '01_music_ingestion_realtime' retrieved from /opt/airflow/dags/music_ingestion_dag.py
[2026-01-27T07:24:02.005+0000] {logging_mixin.py:190} INFO - [2026-01-27T07:24:02.005+0000] {dag.py:3239} INFO - Sync 1 DAGs
[2026-01-27T07:24:02.033+0000] {logging_mixin.py:190} INFO - [2026-01-27T07:24:02.033+0000] {dag.py:4180} INFO - Setting next_dagrun for 01_music_ingestion_realtime to 2026-01-27 06:00:00+00:00, run_after=2026-01-27 07:00:00+00:00
[2026-01-27T07:24:02.061+0000] {processor.py:208} INFO - Processing /opt/airflow/dags/music_ingestion_dag.py took 0.139 seconds
[2026-01-27T07:24:32.269+0000] {processor.py:186} INFO - Started process (PID=517) to work on /opt/airflow/dags/music_ingestion_dag.py
[2026-01-27T07:24:32.270+0000] {processor.py:914} INFO - Processing file /opt/airflow/dags/music_ingestion_dag.py for tasks to queue
[2026-01-27T07:24:32.273+0000] {logging_mixin.py:190} INFO - [2026-01-27T07:24:32.272+0000] {dagbag.py:588} INFO - Filling up the DagBag from /opt/airflow/dags/music_ingestion_dag.py
[2026-01-27T07:24:32.292+0000] {processor.py:925} INFO - DAG(s) '01_music_ingestion_realtime' retrieved from /opt/airflow/dags/music_ingestion_dag.py
[2026-01-27T07:24:32.325+0000] {logging_mixin.py:190} INFO - [2026-01-27T07:24:32.324+0000] {dag.py:3239} INFO - Sync 1 DAGs
[2026-01-27T07:24:32.354+0000] {logging_mixin.py:190} INFO - [2026-01-27T07:24:32.354+0000] {dag.py:4180} INFO - Setting next_dagrun for 01_music_ingestion_realtime to 2026-01-27 06:00:00+00:00, run_after=2026-01-27 07:00:00+00:00
[2026-01-27T07:24:32.383+0000] {processor.py:208} INFO - Processing /opt/airflow/dags/music_ingestion_dag.py took 0.119 seconds
[2026-01-27T07:25:02.739+0000] {processor.py:186} INFO - Started process (PID=522) to work on /opt/airflow/dags/music_ingestion_dag.py
[2026-01-27T07:25:02.740+0000] {processor.py:914} INFO - Processing file /opt/airflow/dags/music_ingestion_dag.py for tasks to queue
[2026-01-27T07:25:02.743+0000] {logging_mixin.py:190} INFO - [2026-01-27T07:25:02.742+0000] {dagbag.py:588} INFO - Filling up the DagBag from /opt/airflow/dags/music_ingestion_dag.py
[2026-01-27T07:25:02.763+0000] {processor.py:925} INFO - DAG(s) '01_music_ingestion_realtime' retrieved from /opt/airflow/dags/music_ingestion_dag.py
[2026-01-27T07:25:02.791+0000] {logging_mixin.py:190} INFO - [2026-01-27T07:25:02.791+0000] {dag.py:3239} INFO - Sync 1 DAGs
[2026-01-27T07:25:02.815+0000] {logging_mixin.py:190} INFO - [2026-01-27T07:25:02.815+0000] {dag.py:4180} INFO - Setting next_dagrun for 01_music_ingestion_realtime to 2026-01-27 06:00:00+00:00, run_after=2026-01-27 07:00:00+00:00
[2026-01-27T07:25:02.849+0000] {processor.py:208} INFO - Processing /opt/airflow/dags/music_ingestion_dag.py took 0.118 seconds
[2026-01-27T07:25:33.060+0000] {processor.py:186} INFO - Started process (PID=527) to work on /opt/airflow/dags/music_ingestion_dag.py
[2026-01-27T07:25:33.062+0000] {processor.py:914} INFO - Processing file /opt/airflow/dags/music_ingestion_dag.py for tasks to queue
[2026-01-27T07:25:33.065+0000] {logging_mixin.py:190} INFO - [2026-01-27T07:25:33.065+0000] {dagbag.py:588} INFO - Filling up the DagBag from /opt/airflow/dags/music_ingestion_dag.py
[2026-01-27T07:25:33.105+0000] {processor.py:925} INFO - DAG(s) '01_music_ingestion_realtime' retrieved from /opt/airflow/dags/music_ingestion_dag.py
[2026-01-27T07:25:33.145+0000] {logging_mixin.py:190} INFO - [2026-01-27T07:25:33.144+0000] {dag.py:3239} INFO - Sync 1 DAGs
[2026-01-27T07:25:33.176+0000] {logging_mixin.py:190} INFO - [2026-01-27T07:25:33.176+0000] {dag.py:4180} INFO - Setting next_dagrun for 01_music_ingestion_realtime to 2026-01-27 06:00:00+00:00, run_after=2026-01-27 07:00:00+00:00
[2026-01-27T07:25:33.208+0000] {processor.py:208} INFO - Processing /opt/airflow/dags/music_ingestion_dag.py took 0.154 seconds
[2026-01-27T07:26:03.437+0000] {processor.py:186} INFO - Started process (PID=532) to work on /opt/airflow/dags/music_ingestion_dag.py
[2026-01-27T07:26:03.439+0000] {processor.py:914} INFO - Processing file /opt/airflow/dags/music_ingestion_dag.py for tasks to queue
[2026-01-27T07:26:03.442+0000] {logging_mixin.py:190} INFO - [2026-01-27T07:26:03.442+0000] {dagbag.py:588} INFO - Filling up the DagBag from /opt/airflow/dags/music_ingestion_dag.py
[2026-01-27T07:26:03.473+0000] {processor.py:925} INFO - DAG(s) '01_music_ingestion_realtime' retrieved from /opt/airflow/dags/music_ingestion_dag.py
[2026-01-27T07:26:03.503+0000] {logging_mixin.py:190} INFO - [2026-01-27T07:26:03.502+0000] {dag.py:3239} INFO - Sync 1 DAGs
[2026-01-27T07:26:03.526+0000] {logging_mixin.py:190} INFO - [2026-01-27T07:26:03.526+0000] {dag.py:4180} INFO - Setting next_dagrun for 01_music_ingestion_realtime to 2026-01-27 06:00:00+00:00, run_after=2026-01-27 07:00:00+00:00
[2026-01-27T07:26:03.551+0000] {processor.py:208} INFO - Processing /opt/airflow/dags/music_ingestion_dag.py took 0.122 seconds
[2026-01-27T07:26:33.869+0000] {processor.py:186} INFO - Started process (PID=537) to work on /opt/airflow/dags/music_ingestion_dag.py
[2026-01-27T07:26:33.871+0000] {processor.py:914} INFO - Processing file /opt/airflow/dags/music_ingestion_dag.py for tasks to queue
[2026-01-27T07:26:33.876+0000] {logging_mixin.py:190} INFO - [2026-01-27T07:26:33.875+0000] {dagbag.py:588} INFO - Filling up the DagBag from /opt/airflow/dags/music_ingestion_dag.py
[2026-01-27T07:26:33.906+0000] {processor.py:925} INFO - DAG(s) '01_music_ingestion_realtime' retrieved from /opt/airflow/dags/music_ingestion_dag.py
[2026-01-27T07:26:33.936+0000] {logging_mixin.py:190} INFO - [2026-01-27T07:26:33.935+0000] {dag.py:3239} INFO - Sync 1 DAGs
[2026-01-27T07:26:33.964+0000] {logging_mixin.py:190} INFO - [2026-01-27T07:26:33.963+0000] {dag.py:4180} INFO - Setting next_dagrun for 01_music_ingestion_realtime to 2026-01-27 06:00:00+00:00, run_after=2026-01-27 07:00:00+00:00
[2026-01-27T07:26:33.992+0000] {processor.py:208} INFO - Processing /opt/airflow/dags/music_ingestion_dag.py took 0.130 seconds
[2026-01-27T07:27:04.237+0000] {processor.py:186} INFO - Started process (PID=542) to work on /opt/airflow/dags/music_ingestion_dag.py
[2026-01-27T07:27:04.238+0000] {processor.py:914} INFO - Processing file /opt/airflow/dags/music_ingestion_dag.py for tasks to queue
[2026-01-27T07:27:04.242+0000] {logging_mixin.py:190} INFO - [2026-01-27T07:27:04.242+0000] {dagbag.py:588} INFO - Filling up the DagBag from /opt/airflow/dags/music_ingestion_dag.py
[2026-01-27T07:27:04.273+0000] {processor.py:925} INFO - DAG(s) '01_music_ingestion_realtime' retrieved from /opt/airflow/dags/music_ingestion_dag.py
[2026-01-27T07:27:04.307+0000] {logging_mixin.py:190} INFO - [2026-01-27T07:27:04.307+0000] {dag.py:3239} INFO - Sync 1 DAGs
[2026-01-27T07:27:04.337+0000] {logging_mixin.py:190} INFO - [2026-01-27T07:27:04.337+0000] {dag.py:4180} INFO - Setting next_dagrun for 01_music_ingestion_realtime to 2026-01-27 06:00:00+00:00, run_after=2026-01-27 07:00:00+00:00
[2026-01-27T07:27:04.365+0000] {processor.py:208} INFO - Processing /opt/airflow/dags/music_ingestion_dag.py took 0.139 seconds
[2026-01-27T07:27:34.665+0000] {processor.py:186} INFO - Started process (PID=547) to work on /opt/airflow/dags/music_ingestion_dag.py
[2026-01-27T07:27:34.667+0000] {processor.py:914} INFO - Processing file /opt/airflow/dags/music_ingestion_dag.py for tasks to queue
[2026-01-27T07:27:34.671+0000] {logging_mixin.py:190} INFO - [2026-01-27T07:27:34.670+0000] {dagbag.py:588} INFO - Filling up the DagBag from /opt/airflow/dags/music_ingestion_dag.py
[2026-01-27T07:27:34.713+0000] {processor.py:925} INFO - DAG(s) '01_music_ingestion_realtime' retrieved from /opt/airflow/dags/music_ingestion_dag.py
[2026-01-27T07:27:34.749+0000] {logging_mixin.py:190} INFO - [2026-01-27T07:27:34.749+0000] {dag.py:3239} INFO - Sync 1 DAGs
[2026-01-27T07:27:34.780+0000] {logging_mixin.py:190} INFO - [2026-01-27T07:27:34.780+0000] {dag.py:4180} INFO - Setting next_dagrun for 01_music_ingestion_realtime to 2026-01-27 06:00:00+00:00, run_after=2026-01-27 07:00:00+00:00
[2026-01-27T07:27:34.815+0000] {processor.py:208} INFO - Processing /opt/airflow/dags/music_ingestion_dag.py took 0.162 seconds
[2026-01-27T07:28:05.086+0000] {processor.py:186} INFO - Started process (PID=552) to work on /opt/airflow/dags/music_ingestion_dag.py
[2026-01-27T07:28:05.088+0000] {processor.py:914} INFO - Processing file /opt/airflow/dags/music_ingestion_dag.py for tasks to queue
[2026-01-27T07:28:05.090+0000] {logging_mixin.py:190} INFO - [2026-01-27T07:28:05.090+0000] {dagbag.py:588} INFO - Filling up the DagBag from /opt/airflow/dags/music_ingestion_dag.py
[2026-01-27T07:28:05.110+0000] {processor.py:925} INFO - DAG(s) '01_music_ingestion_realtime' retrieved from /opt/airflow/dags/music_ingestion_dag.py
[2026-01-27T07:28:05.140+0000] {logging_mixin.py:190} INFO - [2026-01-27T07:28:05.140+0000] {dag.py:3239} INFO - Sync 1 DAGs
[2026-01-27T07:28:05.165+0000] {logging_mixin.py:190} INFO - [2026-01-27T07:28:05.164+0000] {dag.py:4180} INFO - Setting next_dagrun for 01_music_ingestion_realtime to 2026-01-27 06:00:00+00:00, run_after=2026-01-27 07:00:00+00:00
[2026-01-27T07:28:05.191+0000] {processor.py:208} INFO - Processing /opt/airflow/dags/music_ingestion_dag.py took 0.110 seconds
[2026-01-27T07:28:35.600+0000] {processor.py:186} INFO - Started process (PID=557) to work on /opt/airflow/dags/music_ingestion_dag.py
[2026-01-27T07:28:35.601+0000] {processor.py:914} INFO - Processing file /opt/airflow/dags/music_ingestion_dag.py for tasks to queue
[2026-01-27T07:28:35.603+0000] {logging_mixin.py:190} INFO - [2026-01-27T07:28:35.603+0000] {dagbag.py:588} INFO - Filling up the DagBag from /opt/airflow/dags/music_ingestion_dag.py
[2026-01-27T07:28:35.620+0000] {processor.py:925} INFO - DAG(s) '01_music_ingestion_realtime' retrieved from /opt/airflow/dags/music_ingestion_dag.py
[2026-01-27T07:28:35.642+0000] {logging_mixin.py:190} INFO - [2026-01-27T07:28:35.642+0000] {dag.py:3239} INFO - Sync 1 DAGs
[2026-01-27T07:28:35.664+0000] {logging_mixin.py:190} INFO - [2026-01-27T07:28:35.663+0000] {dag.py:4180} INFO - Setting next_dagrun for 01_music_ingestion_realtime to 2026-01-27 06:00:00+00:00, run_after=2026-01-27 07:00:00+00:00
[2026-01-27T07:28:35.689+0000] {processor.py:208} INFO - Processing /opt/airflow/dags/music_ingestion_dag.py took 0.094 seconds
[2026-01-27T07:29:06.043+0000] {processor.py:186} INFO - Started process (PID=562) to work on /opt/airflow/dags/music_ingestion_dag.py
[2026-01-27T07:29:06.044+0000] {processor.py:914} INFO - Processing file /opt/airflow/dags/music_ingestion_dag.py for tasks to queue
[2026-01-27T07:29:06.047+0000] {logging_mixin.py:190} INFO - [2026-01-27T07:29:06.046+0000] {dagbag.py:588} INFO - Filling up the DagBag from /opt/airflow/dags/music_ingestion_dag.py
[2026-01-27T07:29:06.067+0000] {processor.py:925} INFO - DAG(s) '01_music_ingestion_realtime' retrieved from /opt/airflow/dags/music_ingestion_dag.py
[2026-01-27T07:29:06.095+0000] {logging_mixin.py:190} INFO - [2026-01-27T07:29:06.095+0000] {dag.py:3239} INFO - Sync 1 DAGs
[2026-01-27T07:29:06.122+0000] {logging_mixin.py:190} INFO - [2026-01-27T07:29:06.122+0000] {dag.py:4180} INFO - Setting next_dagrun for 01_music_ingestion_realtime to 2026-01-27 06:00:00+00:00, run_after=2026-01-27 07:00:00+00:00
[2026-01-27T07:29:06.149+0000] {processor.py:208} INFO - Processing /opt/airflow/dags/music_ingestion_dag.py took 0.113 seconds
[2026-01-27T07:29:36.422+0000] {processor.py:186} INFO - Started process (PID=567) to work on /opt/airflow/dags/music_ingestion_dag.py
[2026-01-27T07:29:36.423+0000] {processor.py:914} INFO - Processing file /opt/airflow/dags/music_ingestion_dag.py for tasks to queue
[2026-01-27T07:29:36.426+0000] {logging_mixin.py:190} INFO - [2026-01-27T07:29:36.426+0000] {dagbag.py:588} INFO - Filling up the DagBag from /opt/airflow/dags/music_ingestion_dag.py
[2026-01-27T07:29:36.443+0000] {processor.py:925} INFO - DAG(s) '01_music_ingestion_realtime' retrieved from /opt/airflow/dags/music_ingestion_dag.py
[2026-01-27T07:29:36.468+0000] {logging_mixin.py:190} INFO - [2026-01-27T07:29:36.468+0000] {dag.py:3239} INFO - Sync 1 DAGs
[2026-01-27T07:29:36.492+0000] {logging_mixin.py:190} INFO - [2026-01-27T07:29:36.492+0000] {dag.py:4180} INFO - Setting next_dagrun for 01_music_ingestion_realtime to 2026-01-27 06:00:00+00:00, run_after=2026-01-27 07:00:00+00:00
[2026-01-27T07:29:36.519+0000] {processor.py:208} INFO - Processing /opt/airflow/dags/music_ingestion_dag.py took 0.102 seconds
[2026-01-27T07:30:06.923+0000] {processor.py:186} INFO - Started process (PID=572) to work on /opt/airflow/dags/music_ingestion_dag.py
[2026-01-27T07:30:06.925+0000] {processor.py:914} INFO - Processing file /opt/airflow/dags/music_ingestion_dag.py for tasks to queue
[2026-01-27T07:30:06.929+0000] {logging_mixin.py:190} INFO - [2026-01-27T07:30:06.929+0000] {dagbag.py:588} INFO - Filling up the DagBag from /opt/airflow/dags/music_ingestion_dag.py
[2026-01-27T07:30:06.956+0000] {processor.py:925} INFO - DAG(s) '01_music_ingestion_realtime' retrieved from /opt/airflow/dags/music_ingestion_dag.py
[2026-01-27T07:30:06.986+0000] {logging_mixin.py:190} INFO - [2026-01-27T07:30:06.986+0000] {dag.py:3239} INFO - Sync 1 DAGs
[2026-01-27T07:30:07.014+0000] {logging_mixin.py:190} INFO - [2026-01-27T07:30:07.014+0000] {dag.py:4180} INFO - Setting next_dagrun for 01_music_ingestion_realtime to 2026-01-27 06:00:00+00:00, run_after=2026-01-27 07:00:00+00:00
[2026-01-27T07:30:07.039+0000] {processor.py:208} INFO - Processing /opt/airflow/dags/music_ingestion_dag.py took 0.123 seconds
[2026-01-27T07:30:37.315+0000] {processor.py:186} INFO - Started process (PID=577) to work on /opt/airflow/dags/music_ingestion_dag.py
[2026-01-27T07:30:37.316+0000] {processor.py:914} INFO - Processing file /opt/airflow/dags/music_ingestion_dag.py for tasks to queue
[2026-01-27T07:30:37.319+0000] {logging_mixin.py:190} INFO - [2026-01-27T07:30:37.319+0000] {dagbag.py:588} INFO - Filling up the DagBag from /opt/airflow/dags/music_ingestion_dag.py
[2026-01-27T07:30:37.342+0000] {processor.py:925} INFO - DAG(s) '01_music_ingestion_realtime' retrieved from /opt/airflow/dags/music_ingestion_dag.py
[2026-01-27T07:30:37.371+0000] {logging_mixin.py:190} INFO - [2026-01-27T07:30:37.371+0000] {dag.py:3239} INFO - Sync 1 DAGs
[2026-01-27T07:30:37.398+0000] {logging_mixin.py:190} INFO - [2026-01-27T07:30:37.397+0000] {dag.py:4180} INFO - Setting next_dagrun for 01_music_ingestion_realtime to 2026-01-27 06:00:00+00:00, run_after=2026-01-27 07:00:00+00:00
[2026-01-27T07:30:37.424+0000] {processor.py:208} INFO - Processing /opt/airflow/dags/music_ingestion_dag.py took 0.115 seconds
[2026-01-27T07:31:07.711+0000] {processor.py:186} INFO - Started process (PID=582) to work on /opt/airflow/dags/music_ingestion_dag.py
[2026-01-27T07:31:07.713+0000] {processor.py:914} INFO - Processing file /opt/airflow/dags/music_ingestion_dag.py for tasks to queue
[2026-01-27T07:31:07.715+0000] {logging_mixin.py:190} INFO - [2026-01-27T07:31:07.715+0000] {dagbag.py:588} INFO - Filling up the DagBag from /opt/airflow/dags/music_ingestion_dag.py
[2026-01-27T07:31:07.747+0000] {processor.py:925} INFO - DAG(s) '01_music_ingestion_realtime' retrieved from /opt/airflow/dags/music_ingestion_dag.py
[2026-01-27T07:31:07.782+0000] {logging_mixin.py:190} INFO - [2026-01-27T07:31:07.782+0000] {dag.py:3239} INFO - Sync 1 DAGs
[2026-01-27T07:31:07.824+0000] {logging_mixin.py:190} INFO - [2026-01-27T07:31:07.823+0000] {dag.py:4180} INFO - Setting next_dagrun for 01_music_ingestion_realtime to 2026-01-27 06:00:00+00:00, run_after=2026-01-27 07:00:00+00:00
[2026-01-27T07:31:07.856+0000] {processor.py:208} INFO - Processing /opt/airflow/dags/music_ingestion_dag.py took 0.153 seconds
[2026-01-27T07:31:38.085+0000] {processor.py:186} INFO - Started process (PID=587) to work on /opt/airflow/dags/music_ingestion_dag.py
[2026-01-27T07:31:38.086+0000] {processor.py:914} INFO - Processing file /opt/airflow/dags/music_ingestion_dag.py for tasks to queue
[2026-01-27T07:31:38.088+0000] {logging_mixin.py:190} INFO - [2026-01-27T07:31:38.088+0000] {dagbag.py:588} INFO - Filling up the DagBag from /opt/airflow/dags/music_ingestion_dag.py
[2026-01-27T07:31:38.109+0000] {processor.py:925} INFO - DAG(s) '01_music_ingestion_realtime' retrieved from /opt/airflow/dags/music_ingestion_dag.py
[2026-01-27T07:31:38.137+0000] {logging_mixin.py:190} INFO - [2026-01-27T07:31:38.136+0000] {dag.py:3239} INFO - Sync 1 DAGs
[2026-01-27T07:31:38.160+0000] {logging_mixin.py:190} INFO - [2026-01-27T07:31:38.159+0000] {dag.py:4180} INFO - Setting next_dagrun for 01_music_ingestion_realtime to 2026-01-27 06:00:00+00:00, run_after=2026-01-27 07:00:00+00:00
[2026-01-27T07:31:38.184+0000] {processor.py:208} INFO - Processing /opt/airflow/dags/music_ingestion_dag.py took 0.106 seconds
[2026-01-27T07:32:08.566+0000] {processor.py:186} INFO - Started process (PID=592) to work on /opt/airflow/dags/music_ingestion_dag.py
[2026-01-27T07:32:08.569+0000] {processor.py:914} INFO - Processing file /opt/airflow/dags/music_ingestion_dag.py for tasks to queue
[2026-01-27T07:32:08.572+0000] {logging_mixin.py:190} INFO - [2026-01-27T07:32:08.572+0000] {dagbag.py:588} INFO - Filling up the DagBag from /opt/airflow/dags/music_ingestion_dag.py
[2026-01-27T07:32:08.619+0000] {processor.py:925} INFO - DAG(s) '01_music_ingestion_realtime' retrieved from /opt/airflow/dags/music_ingestion_dag.py
[2026-01-27T07:32:08.658+0000] {logging_mixin.py:190} INFO - [2026-01-27T07:32:08.657+0000] {dag.py:3239} INFO - Sync 1 DAGs
[2026-01-27T07:32:08.687+0000] {logging_mixin.py:190} INFO - [2026-01-27T07:32:08.686+0000] {dag.py:4180} INFO - Setting next_dagrun for 01_music_ingestion_realtime to 2026-01-27 06:00:00+00:00, run_after=2026-01-27 07:00:00+00:00
[2026-01-27T07:32:08.715+0000] {processor.py:208} INFO - Processing /opt/airflow/dags/music_ingestion_dag.py took 0.157 seconds
[2026-01-27T07:32:38.911+0000] {processor.py:186} INFO - Started process (PID=597) to work on /opt/airflow/dags/music_ingestion_dag.py
[2026-01-27T07:32:38.912+0000] {processor.py:914} INFO - Processing file /opt/airflow/dags/music_ingestion_dag.py for tasks to queue
[2026-01-27T07:32:38.915+0000] {logging_mixin.py:190} INFO - [2026-01-27T07:32:38.915+0000] {dagbag.py:588} INFO - Filling up the DagBag from /opt/airflow/dags/music_ingestion_dag.py
[2026-01-27T07:32:38.935+0000] {processor.py:925} INFO - DAG(s) '01_music_ingestion_realtime' retrieved from /opt/airflow/dags/music_ingestion_dag.py
[2026-01-27T07:32:38.971+0000] {logging_mixin.py:190} INFO - [2026-01-27T07:32:38.970+0000] {dag.py:3239} INFO - Sync 1 DAGs
[2026-01-27T07:32:38.999+0000] {logging_mixin.py:190} INFO - [2026-01-27T07:32:38.999+0000] {dag.py:4180} INFO - Setting next_dagrun for 01_music_ingestion_realtime to 2026-01-27 06:00:00+00:00, run_after=2026-01-27 07:00:00+00:00
[2026-01-27T07:32:39.026+0000] {processor.py:208} INFO - Processing /opt/airflow/dags/music_ingestion_dag.py took 0.121 seconds
[2026-01-27T07:33:09.384+0000] {processor.py:186} INFO - Started process (PID=602) to work on /opt/airflow/dags/music_ingestion_dag.py
[2026-01-27T07:33:09.386+0000] {processor.py:914} INFO - Processing file /opt/airflow/dags/music_ingestion_dag.py for tasks to queue
[2026-01-27T07:33:09.388+0000] {logging_mixin.py:190} INFO - [2026-01-27T07:33:09.388+0000] {dagbag.py:588} INFO - Filling up the DagBag from /opt/airflow/dags/music_ingestion_dag.py
[2026-01-27T07:33:09.403+0000] {processor.py:925} INFO - DAG(s) '01_music_ingestion_realtime' retrieved from /opt/airflow/dags/music_ingestion_dag.py
[2026-01-27T07:33:09.433+0000] {logging_mixin.py:190} INFO - [2026-01-27T07:33:09.433+0000] {dag.py:3239} INFO - Sync 1 DAGs
[2026-01-27T07:33:09.463+0000] {logging_mixin.py:190} INFO - [2026-01-27T07:33:09.463+0000] {dag.py:4180} INFO - Setting next_dagrun for 01_music_ingestion_realtime to 2026-01-27 06:00:00+00:00, run_after=2026-01-27 07:00:00+00:00
[2026-01-27T07:33:09.491+0000] {processor.py:208} INFO - Processing /opt/airflow/dags/music_ingestion_dag.py took 0.112 seconds
[2026-01-27T07:33:39.741+0000] {processor.py:186} INFO - Started process (PID=607) to work on /opt/airflow/dags/music_ingestion_dag.py
[2026-01-27T07:33:39.742+0000] {processor.py:914} INFO - Processing file /opt/airflow/dags/music_ingestion_dag.py for tasks to queue
[2026-01-27T07:33:39.745+0000] {logging_mixin.py:190} INFO - [2026-01-27T07:33:39.744+0000] {dagbag.py:588} INFO - Filling up the DagBag from /opt/airflow/dags/music_ingestion_dag.py
[2026-01-27T07:33:39.766+0000] {processor.py:925} INFO - DAG(s) '01_music_ingestion_realtime' retrieved from /opt/airflow/dags/music_ingestion_dag.py
[2026-01-27T07:33:39.796+0000] {logging_mixin.py:190} INFO - [2026-01-27T07:33:39.796+0000] {dag.py:3239} INFO - Sync 1 DAGs
[2026-01-27T07:33:39.825+0000] {logging_mixin.py:190} INFO - [2026-01-27T07:33:39.825+0000] {dag.py:4180} INFO - Setting next_dagrun for 01_music_ingestion_realtime to 2026-01-27 06:00:00+00:00, run_after=2026-01-27 07:00:00+00:00
[2026-01-27T07:33:39.852+0000] {processor.py:208} INFO - Processing /opt/airflow/dags/music_ingestion_dag.py took 0.118 seconds
[2026-01-27T07:34:10.162+0000] {processor.py:186} INFO - Started process (PID=612) to work on /opt/airflow/dags/music_ingestion_dag.py
[2026-01-27T07:34:10.164+0000] {processor.py:914} INFO - Processing file /opt/airflow/dags/music_ingestion_dag.py for tasks to queue
[2026-01-27T07:34:10.169+0000] {logging_mixin.py:190} INFO - [2026-01-27T07:34:10.169+0000] {dagbag.py:588} INFO - Filling up the DagBag from /opt/airflow/dags/music_ingestion_dag.py
[2026-01-27T07:34:10.199+0000] {processor.py:925} INFO - DAG(s) '01_music_ingestion_realtime' retrieved from /opt/airflow/dags/music_ingestion_dag.py
[2026-01-27T07:34:10.234+0000] {logging_mixin.py:190} INFO - [2026-01-27T07:34:10.234+0000] {dag.py:3239} INFO - Sync 1 DAGs
[2026-01-27T07:34:10.265+0000] {logging_mixin.py:190} INFO - [2026-01-27T07:34:10.265+0000] {dag.py:4180} INFO - Setting next_dagrun for 01_music_ingestion_realtime to 2026-01-27 06:00:00+00:00, run_after=2026-01-27 07:00:00+00:00
[2026-01-27T07:34:10.294+0000] {processor.py:208} INFO - Processing /opt/airflow/dags/music_ingestion_dag.py took 0.138 seconds
[2026-01-27T07:34:40.708+0000] {processor.py:186} INFO - Started process (PID=617) to work on /opt/airflow/dags/music_ingestion_dag.py
[2026-01-27T07:34:40.724+0000] {processor.py:914} INFO - Processing file /opt/airflow/dags/music_ingestion_dag.py for tasks to queue
[2026-01-27T07:34:40.781+0000] {logging_mixin.py:190} INFO - [2026-01-27T07:34:40.771+0000] {dagbag.py:588} INFO - Filling up the DagBag from /opt/airflow/dags/music_ingestion_dag.py
[2026-01-27T07:34:40.957+0000] {processor.py:925} INFO - DAG(s) '01_music_ingestion_realtime' retrieved from /opt/airflow/dags/music_ingestion_dag.py
[2026-01-27T07:34:41.185+0000] {logging_mixin.py:190} INFO - [2026-01-27T07:34:41.185+0000] {dag.py:3239} INFO - Sync 1 DAGs
[2026-01-27T07:34:41.342+0000] {logging_mixin.py:190} INFO - [2026-01-27T07:34:41.341+0000] {dag.py:4180} INFO - Setting next_dagrun for 01_music_ingestion_realtime to 2026-01-27 06:00:00+00:00, run_after=2026-01-27 07:00:00+00:00
[2026-01-27T07:34:41.396+0000] {processor.py:208} INFO - Processing /opt/airflow/dags/music_ingestion_dag.py took 0.817 seconds
[2026-01-27T07:35:11.750+0000] {processor.py:186} INFO - Started process (PID=622) to work on /opt/airflow/dags/music_ingestion_dag.py
[2026-01-27T07:35:11.752+0000] {processor.py:914} INFO - Processing file /opt/airflow/dags/music_ingestion_dag.py for tasks to queue
[2026-01-27T07:35:11.757+0000] {logging_mixin.py:190} INFO - [2026-01-27T07:35:11.757+0000] {dagbag.py:588} INFO - Filling up the DagBag from /opt/airflow/dags/music_ingestion_dag.py
[2026-01-27T07:35:11.781+0000] {processor.py:925} INFO - DAG(s) '01_music_ingestion_realtime' retrieved from /opt/airflow/dags/music_ingestion_dag.py
[2026-01-27T07:35:11.817+0000] {logging_mixin.py:190} INFO - [2026-01-27T07:35:11.817+0000] {dag.py:3239} INFO - Sync 1 DAGs
[2026-01-27T07:35:11.843+0000] {logging_mixin.py:190} INFO - [2026-01-27T07:35:11.843+0000] {dag.py:4180} INFO - Setting next_dagrun for 01_music_ingestion_realtime to 2026-01-27 06:00:00+00:00, run_after=2026-01-27 07:00:00+00:00
[2026-01-27T07:35:11.873+0000] {processor.py:208} INFO - Processing /opt/airflow/dags/music_ingestion_dag.py took 0.131 seconds
[2026-01-27T07:35:42.090+0000] {processor.py:186} INFO - Started process (PID=627) to work on /opt/airflow/dags/music_ingestion_dag.py
[2026-01-27T07:35:42.091+0000] {processor.py:914} INFO - Processing file /opt/airflow/dags/music_ingestion_dag.py for tasks to queue
[2026-01-27T07:35:42.094+0000] {logging_mixin.py:190} INFO - [2026-01-27T07:35:42.093+0000] {dagbag.py:588} INFO - Filling up the DagBag from /opt/airflow/dags/music_ingestion_dag.py
[2026-01-27T07:35:42.112+0000] {processor.py:925} INFO - DAG(s) '01_music_ingestion_realtime' retrieved from /opt/airflow/dags/music_ingestion_dag.py
[2026-01-27T07:35:42.141+0000] {logging_mixin.py:190} INFO - [2026-01-27T07:35:42.141+0000] {dag.py:3239} INFO - Sync 1 DAGs
[2026-01-27T07:35:42.167+0000] {logging_mixin.py:190} INFO - [2026-01-27T07:35:42.166+0000] {dag.py:4180} INFO - Setting next_dagrun for 01_music_ingestion_realtime to 2026-01-27 06:00:00+00:00, run_after=2026-01-27 07:00:00+00:00
[2026-01-27T07:35:42.196+0000] {processor.py:208} INFO - Processing /opt/airflow/dags/music_ingestion_dag.py took 0.113 seconds
[2026-01-27T07:36:12.421+0000] {processor.py:186} INFO - Started process (PID=632) to work on /opt/airflow/dags/music_ingestion_dag.py
[2026-01-27T07:36:12.423+0000] {processor.py:914} INFO - Processing file /opt/airflow/dags/music_ingestion_dag.py for tasks to queue
[2026-01-27T07:36:12.426+0000] {logging_mixin.py:190} INFO - [2026-01-27T07:36:12.425+0000] {dagbag.py:588} INFO - Filling up the DagBag from /opt/airflow/dags/music_ingestion_dag.py
[2026-01-27T07:36:12.444+0000] {processor.py:925} INFO - DAG(s) '01_music_ingestion_realtime' retrieved from /opt/airflow/dags/music_ingestion_dag.py
[2026-01-27T07:36:12.479+0000] {logging_mixin.py:190} INFO - [2026-01-27T07:36:12.478+0000] {dag.py:3239} INFO - Sync 1 DAGs
[2026-01-27T07:36:12.505+0000] {logging_mixin.py:190} INFO - [2026-01-27T07:36:12.504+0000] {dag.py:4180} INFO - Setting next_dagrun for 01_music_ingestion_realtime to 2026-01-27 06:00:00+00:00, run_after=2026-01-27 07:00:00+00:00
[2026-01-27T07:36:12.534+0000] {processor.py:208} INFO - Processing /opt/airflow/dags/music_ingestion_dag.py took 0.119 seconds
[2026-01-27T07:36:42.869+0000] {processor.py:186} INFO - Started process (PID=637) to work on /opt/airflow/dags/music_ingestion_dag.py
[2026-01-27T07:36:42.872+0000] {processor.py:914} INFO - Processing file /opt/airflow/dags/music_ingestion_dag.py for tasks to queue
[2026-01-27T07:36:42.875+0000] {logging_mixin.py:190} INFO - [2026-01-27T07:36:42.875+0000] {dagbag.py:588} INFO - Filling up the DagBag from /opt/airflow/dags/music_ingestion_dag.py
[2026-01-27T07:36:42.902+0000] {processor.py:925} INFO - DAG(s) '01_music_ingestion_realtime' retrieved from /opt/airflow/dags/music_ingestion_dag.py
[2026-01-27T07:36:42.932+0000] {logging_mixin.py:190} INFO - [2026-01-27T07:36:42.932+0000] {dag.py:3239} INFO - Sync 1 DAGs
[2026-01-27T07:36:42.960+0000] {logging_mixin.py:190} INFO - [2026-01-27T07:36:42.960+0000] {dag.py:4180} INFO - Setting next_dagrun for 01_music_ingestion_realtime to 2026-01-27 06:00:00+00:00, run_after=2026-01-27 07:00:00+00:00
[2026-01-27T07:36:42.988+0000] {processor.py:208} INFO - Processing /opt/airflow/dags/music_ingestion_dag.py took 0.123 seconds
[2026-01-27T07:37:13.226+0000] {processor.py:186} INFO - Started process (PID=642) to work on /opt/airflow/dags/music_ingestion_dag.py
[2026-01-27T07:37:13.227+0000] {processor.py:914} INFO - Processing file /opt/airflow/dags/music_ingestion_dag.py for tasks to queue
[2026-01-27T07:37:13.230+0000] {logging_mixin.py:190} INFO - [2026-01-27T07:37:13.229+0000] {dagbag.py:588} INFO - Filling up the DagBag from /opt/airflow/dags/music_ingestion_dag.py
[2026-01-27T07:37:13.249+0000] {processor.py:925} INFO - DAG(s) '01_music_ingestion_realtime' retrieved from /opt/airflow/dags/music_ingestion_dag.py
[2026-01-27T07:37:13.281+0000] {logging_mixin.py:190} INFO - [2026-01-27T07:37:13.281+0000] {dag.py:3239} INFO - Sync 1 DAGs
[2026-01-27T07:37:13.317+0000] {logging_mixin.py:190} INFO - [2026-01-27T07:37:13.316+0000] {dag.py:4180} INFO - Setting next_dagrun for 01_music_ingestion_realtime to 2026-01-27 06:00:00+00:00, run_after=2026-01-27 07:00:00+00:00
[2026-01-27T07:37:13.359+0000] {processor.py:208} INFO - Processing /opt/airflow/dags/music_ingestion_dag.py took 0.139 seconds
[2026-01-27T07:37:43.650+0000] {processor.py:186} INFO - Started process (PID=647) to work on /opt/airflow/dags/music_ingestion_dag.py
[2026-01-27T07:37:43.651+0000] {processor.py:914} INFO - Processing file /opt/airflow/dags/music_ingestion_dag.py for tasks to queue
[2026-01-27T07:37:43.654+0000] {logging_mixin.py:190} INFO - [2026-01-27T07:37:43.653+0000] {dagbag.py:588} INFO - Filling up the DagBag from /opt/airflow/dags/music_ingestion_dag.py
[2026-01-27T07:37:43.674+0000] {processor.py:925} INFO - DAG(s) '01_music_ingestion_realtime' retrieved from /opt/airflow/dags/music_ingestion_dag.py
[2026-01-27T07:37:43.703+0000] {logging_mixin.py:190} INFO - [2026-01-27T07:37:43.703+0000] {dag.py:3239} INFO - Sync 1 DAGs
[2026-01-27T07:37:43.726+0000] {logging_mixin.py:190} INFO - [2026-01-27T07:37:43.726+0000] {dag.py:4180} INFO - Setting next_dagrun for 01_music_ingestion_realtime to 2026-01-27 06:00:00+00:00, run_after=2026-01-27 07:00:00+00:00
[2026-01-27T07:37:43.753+0000] {processor.py:208} INFO - Processing /opt/airflow/dags/music_ingestion_dag.py took 0.109 seconds
[2026-01-27T07:38:14.075+0000] {processor.py:186} INFO - Started process (PID=652) to work on /opt/airflow/dags/music_ingestion_dag.py
[2026-01-27T07:38:14.076+0000] {processor.py:914} INFO - Processing file /opt/airflow/dags/music_ingestion_dag.py for tasks to queue
[2026-01-27T07:38:14.080+0000] {logging_mixin.py:190} INFO - [2026-01-27T07:38:14.079+0000] {dagbag.py:588} INFO - Filling up the DagBag from /opt/airflow/dags/music_ingestion_dag.py
[2026-01-27T07:38:14.104+0000] {processor.py:925} INFO - DAG(s) '01_music_ingestion_realtime' retrieved from /opt/airflow/dags/music_ingestion_dag.py
[2026-01-27T07:38:14.132+0000] {logging_mixin.py:190} INFO - [2026-01-27T07:38:14.131+0000] {dag.py:3239} INFO - Sync 1 DAGs
[2026-01-27T07:38:14.156+0000] {logging_mixin.py:190} INFO - [2026-01-27T07:38:14.156+0000] {dag.py:4180} INFO - Setting next_dagrun for 01_music_ingestion_realtime to 2026-01-27 06:00:00+00:00, run_after=2026-01-27 07:00:00+00:00
[2026-01-27T07:38:14.179+0000] {processor.py:208} INFO - Processing /opt/airflow/dags/music_ingestion_dag.py took 0.111 seconds
[2026-01-27T07:38:44.393+0000] {processor.py:186} INFO - Started process (PID=657) to work on /opt/airflow/dags/music_ingestion_dag.py
[2026-01-27T07:38:44.394+0000] {processor.py:914} INFO - Processing file /opt/airflow/dags/music_ingestion_dag.py for tasks to queue
[2026-01-27T07:38:44.398+0000] {logging_mixin.py:190} INFO - [2026-01-27T07:38:44.397+0000] {dagbag.py:588} INFO - Filling up the DagBag from /opt/airflow/dags/music_ingestion_dag.py
[2026-01-27T07:38:44.415+0000] {processor.py:925} INFO - DAG(s) '01_music_ingestion_realtime' retrieved from /opt/airflow/dags/music_ingestion_dag.py
[2026-01-27T07:38:44.450+0000] {logging_mixin.py:190} INFO - [2026-01-27T07:38:44.449+0000] {dag.py:3239} INFO - Sync 1 DAGs
[2026-01-27T07:38:44.480+0000] {logging_mixin.py:190} INFO - [2026-01-27T07:38:44.479+0000] {dag.py:4180} INFO - Setting next_dagrun for 01_music_ingestion_realtime to 2026-01-27 06:00:00+00:00, run_after=2026-01-27 07:00:00+00:00
[2026-01-27T07:38:44.504+0000] {processor.py:208} INFO - Processing /opt/airflow/dags/music_ingestion_dag.py took 0.117 seconds
[2026-01-27T07:39:14.926+0000] {processor.py:186} INFO - Started process (PID=662) to work on /opt/airflow/dags/music_ingestion_dag.py
[2026-01-27T07:39:14.928+0000] {processor.py:914} INFO - Processing file /opt/airflow/dags/music_ingestion_dag.py for tasks to queue
[2026-01-27T07:39:14.931+0000] {logging_mixin.py:190} INFO - [2026-01-27T07:39:14.931+0000] {dagbag.py:588} INFO - Filling up the DagBag from /opt/airflow/dags/music_ingestion_dag.py
[2026-01-27T07:39:14.964+0000] {processor.py:925} INFO - DAG(s) '01_music_ingestion_realtime' retrieved from /opt/airflow/dags/music_ingestion_dag.py
[2026-01-27T07:39:14.993+0000] {logging_mixin.py:190} INFO - [2026-01-27T07:39:14.992+0000] {dag.py:3239} INFO - Sync 1 DAGs
[2026-01-27T07:39:15.016+0000] {logging_mixin.py:190} INFO - [2026-01-27T07:39:15.016+0000] {dag.py:4180} INFO - Setting next_dagrun for 01_music_ingestion_realtime to 2026-01-27 06:00:00+00:00, run_after=2026-01-27 07:00:00+00:00
[2026-01-27T07:39:15.045+0000] {processor.py:208} INFO - Processing /opt/airflow/dags/music_ingestion_dag.py took 0.127 seconds
[2026-01-27T07:39:45.280+0000] {processor.py:186} INFO - Started process (PID=667) to work on /opt/airflow/dags/music_ingestion_dag.py
[2026-01-27T07:39:45.282+0000] {processor.py:914} INFO - Processing file /opt/airflow/dags/music_ingestion_dag.py for tasks to queue
[2026-01-27T07:39:45.285+0000] {logging_mixin.py:190} INFO - [2026-01-27T07:39:45.285+0000] {dagbag.py:588} INFO - Filling up the DagBag from /opt/airflow/dags/music_ingestion_dag.py
[2026-01-27T07:39:45.319+0000] {processor.py:925} INFO - DAG(s) '01_music_ingestion_realtime' retrieved from /opt/airflow/dags/music_ingestion_dag.py
[2026-01-27T07:39:45.348+0000] {logging_mixin.py:190} INFO - [2026-01-27T07:39:45.348+0000] {dag.py:3239} INFO - Sync 1 DAGs
[2026-01-27T07:39:45.379+0000] {logging_mixin.py:190} INFO - [2026-01-27T07:39:45.378+0000] {dag.py:4180} INFO - Setting next_dagrun for 01_music_ingestion_realtime to 2026-01-27 06:00:00+00:00, run_after=2026-01-27 07:00:00+00:00
[2026-01-27T07:39:45.402+0000] {processor.py:208} INFO - Processing /opt/airflow/dags/music_ingestion_dag.py took 0.131 seconds
[2026-01-27T07:40:15.750+0000] {processor.py:186} INFO - Started process (PID=672) to work on /opt/airflow/dags/music_ingestion_dag.py
[2026-01-27T07:40:15.751+0000] {processor.py:914} INFO - Processing file /opt/airflow/dags/music_ingestion_dag.py for tasks to queue
[2026-01-27T07:40:15.753+0000] {logging_mixin.py:190} INFO - [2026-01-27T07:40:15.753+0000] {dagbag.py:588} INFO - Filling up the DagBag from /opt/airflow/dags/music_ingestion_dag.py
[2026-01-27T07:40:15.777+0000] {processor.py:925} INFO - DAG(s) '01_music_ingestion_realtime' retrieved from /opt/airflow/dags/music_ingestion_dag.py
[2026-01-27T07:40:15.807+0000] {logging_mixin.py:190} INFO - [2026-01-27T07:40:15.807+0000] {dag.py:3239} INFO - Sync 1 DAGs
[2026-01-27T07:40:15.831+0000] {logging_mixin.py:190} INFO - [2026-01-27T07:40:15.831+0000] {dag.py:4180} INFO - Setting next_dagrun for 01_music_ingestion_realtime to 2026-01-27 06:00:00+00:00, run_after=2026-01-27 07:00:00+00:00
[2026-01-27T07:40:15.854+0000] {processor.py:208} INFO - Processing /opt/airflow/dags/music_ingestion_dag.py took 0.110 seconds
[2026-01-27T07:40:46.155+0000] {processor.py:186} INFO - Started process (PID=677) to work on /opt/airflow/dags/music_ingestion_dag.py
[2026-01-27T07:40:46.156+0000] {processor.py:914} INFO - Processing file /opt/airflow/dags/music_ingestion_dag.py for tasks to queue
[2026-01-27T07:40:46.158+0000] {logging_mixin.py:190} INFO - [2026-01-27T07:40:46.158+0000] {dagbag.py:588} INFO - Filling up the DagBag from /opt/airflow/dags/music_ingestion_dag.py
[2026-01-27T07:40:46.176+0000] {processor.py:925} INFO - DAG(s) '01_music_ingestion_realtime' retrieved from /opt/airflow/dags/music_ingestion_dag.py
[2026-01-27T07:40:46.204+0000] {logging_mixin.py:190} INFO - [2026-01-27T07:40:46.204+0000] {dag.py:3239} INFO - Sync 1 DAGs
[2026-01-27T07:40:46.229+0000] {logging_mixin.py:190} INFO - [2026-01-27T07:40:46.229+0000] {dag.py:4180} INFO - Setting next_dagrun for 01_music_ingestion_realtime to 2026-01-27 06:00:00+00:00, run_after=2026-01-27 07:00:00+00:00
[2026-01-27T07:40:46.253+0000] {processor.py:208} INFO - Processing /opt/airflow/dags/music_ingestion_dag.py took 0.104 seconds
[2026-01-27T07:41:16.556+0000] {processor.py:186} INFO - Started process (PID=682) to work on /opt/airflow/dags/music_ingestion_dag.py
[2026-01-27T07:41:16.557+0000] {processor.py:914} INFO - Processing file /opt/airflow/dags/music_ingestion_dag.py for tasks to queue
[2026-01-27T07:41:16.560+0000] {logging_mixin.py:190} INFO - [2026-01-27T07:41:16.560+0000] {dagbag.py:588} INFO - Filling up the DagBag from /opt/airflow/dags/music_ingestion_dag.py
[2026-01-27T07:41:16.578+0000] {processor.py:925} INFO - DAG(s) '01_music_ingestion_realtime' retrieved from /opt/airflow/dags/music_ingestion_dag.py
[2026-01-27T07:41:16.605+0000] {logging_mixin.py:190} INFO - [2026-01-27T07:41:16.605+0000] {dag.py:3239} INFO - Sync 1 DAGs
[2026-01-27T07:41:16.635+0000] {logging_mixin.py:190} INFO - [2026-01-27T07:41:16.634+0000] {dag.py:4180} INFO - Setting next_dagrun for 01_music_ingestion_realtime to 2026-01-27 06:00:00+00:00, run_after=2026-01-27 07:00:00+00:00
[2026-01-27T07:41:16.664+0000] {processor.py:208} INFO - Processing /opt/airflow/dags/music_ingestion_dag.py took 0.114 seconds
[2026-01-27T07:41:46.906+0000] {processor.py:186} INFO - Started process (PID=687) to work on /opt/airflow/dags/music_ingestion_dag.py
[2026-01-27T07:41:46.908+0000] {processor.py:914} INFO - Processing file /opt/airflow/dags/music_ingestion_dag.py for tasks to queue
[2026-01-27T07:41:46.912+0000] {logging_mixin.py:190} INFO - [2026-01-27T07:41:46.911+0000] {dagbag.py:588} INFO - Filling up the DagBag from /opt/airflow/dags/music_ingestion_dag.py
[2026-01-27T07:41:46.931+0000] {processor.py:925} INFO - DAG(s) '01_music_ingestion_realtime' retrieved from /opt/airflow/dags/music_ingestion_dag.py
[2026-01-27T07:41:46.966+0000] {logging_mixin.py:190} INFO - [2026-01-27T07:41:46.966+0000] {dag.py:3239} INFO - Sync 1 DAGs
[2026-01-27T07:41:46.993+0000] {logging_mixin.py:190} INFO - [2026-01-27T07:41:46.993+0000] {dag.py:4180} INFO - Setting next_dagrun for 01_music_ingestion_realtime to 2026-01-27 06:00:00+00:00, run_after=2026-01-27 07:00:00+00:00
[2026-01-27T07:41:47.018+0000] {processor.py:208} INFO - Processing /opt/airflow/dags/music_ingestion_dag.py took 0.118 seconds
[2026-01-27T07:42:17.292+0000] {processor.py:186} INFO - Started process (PID=692) to work on /opt/airflow/dags/music_ingestion_dag.py
[2026-01-27T07:42:17.293+0000] {processor.py:914} INFO - Processing file /opt/airflow/dags/music_ingestion_dag.py for tasks to queue
[2026-01-27T07:42:17.297+0000] {logging_mixin.py:190} INFO - [2026-01-27T07:42:17.297+0000] {dagbag.py:588} INFO - Filling up the DagBag from /opt/airflow/dags/music_ingestion_dag.py
[2026-01-27T07:42:17.324+0000] {processor.py:925} INFO - DAG(s) '01_music_ingestion_realtime' retrieved from /opt/airflow/dags/music_ingestion_dag.py
[2026-01-27T07:42:17.354+0000] {logging_mixin.py:190} INFO - [2026-01-27T07:42:17.353+0000] {dag.py:3239} INFO - Sync 1 DAGs
[2026-01-27T07:42:17.381+0000] {logging_mixin.py:190} INFO - [2026-01-27T07:42:17.380+0000] {dag.py:4180} INFO - Setting next_dagrun for 01_music_ingestion_realtime to 2026-01-27 06:00:00+00:00, run_after=2026-01-27 07:00:00+00:00
[2026-01-27T07:42:17.403+0000] {processor.py:208} INFO - Processing /opt/airflow/dags/music_ingestion_dag.py took 0.124 seconds
[2026-01-27T07:42:47.626+0000] {processor.py:186} INFO - Started process (PID=697) to work on /opt/airflow/dags/music_ingestion_dag.py
[2026-01-27T07:42:47.627+0000] {processor.py:914} INFO - Processing file /opt/airflow/dags/music_ingestion_dag.py for tasks to queue
[2026-01-27T07:42:47.631+0000] {logging_mixin.py:190} INFO - [2026-01-27T07:42:47.630+0000] {dagbag.py:588} INFO - Filling up the DagBag from /opt/airflow/dags/music_ingestion_dag.py
[2026-01-27T07:42:47.649+0000] {processor.py:925} INFO - DAG(s) '01_music_ingestion_realtime' retrieved from /opt/airflow/dags/music_ingestion_dag.py
[2026-01-27T07:42:47.683+0000] {logging_mixin.py:190} INFO - [2026-01-27T07:42:47.682+0000] {dag.py:3239} INFO - Sync 1 DAGs
[2026-01-27T07:42:47.711+0000] {logging_mixin.py:190} INFO - [2026-01-27T07:42:47.711+0000] {dag.py:4180} INFO - Setting next_dagrun for 01_music_ingestion_realtime to 2026-01-27 06:00:00+00:00, run_after=2026-01-27 07:00:00+00:00
[2026-01-27T07:42:47.739+0000] {processor.py:208} INFO - Processing /opt/airflow/dags/music_ingestion_dag.py took 0.119 seconds
[2026-01-27T07:43:18.061+0000] {processor.py:186} INFO - Started process (PID=702) to work on /opt/airflow/dags/music_ingestion_dag.py
[2026-01-27T07:43:18.062+0000] {processor.py:914} INFO - Processing file /opt/airflow/dags/music_ingestion_dag.py for tasks to queue
[2026-01-27T07:43:18.065+0000] {logging_mixin.py:190} INFO - [2026-01-27T07:43:18.065+0000] {dagbag.py:588} INFO - Filling up the DagBag from /opt/airflow/dags/music_ingestion_dag.py
[2026-01-27T07:43:18.084+0000] {processor.py:925} INFO - DAG(s) '01_music_ingestion_realtime' retrieved from /opt/airflow/dags/music_ingestion_dag.py
[2026-01-27T07:43:18.113+0000] {logging_mixin.py:190} INFO - [2026-01-27T07:43:18.113+0000] {dag.py:3239} INFO - Sync 1 DAGs
[2026-01-27T07:43:18.136+0000] {logging_mixin.py:190} INFO - [2026-01-27T07:43:18.136+0000] {dag.py:4180} INFO - Setting next_dagrun for 01_music_ingestion_realtime to 2026-01-27 06:00:00+00:00, run_after=2026-01-27 07:00:00+00:00
[2026-01-27T07:43:18.160+0000] {processor.py:208} INFO - Processing /opt/airflow/dags/music_ingestion_dag.py took 0.104 seconds
[2026-01-27T07:43:48.499+0000] {processor.py:186} INFO - Started process (PID=707) to work on /opt/airflow/dags/music_ingestion_dag.py
[2026-01-27T07:43:48.500+0000] {processor.py:914} INFO - Processing file /opt/airflow/dags/music_ingestion_dag.py for tasks to queue
[2026-01-27T07:43:48.503+0000] {logging_mixin.py:190} INFO - [2026-01-27T07:43:48.502+0000] {dagbag.py:588} INFO - Filling up the DagBag from /opt/airflow/dags/music_ingestion_dag.py
[2026-01-27T07:43:48.529+0000] {processor.py:925} INFO - DAG(s) '01_music_ingestion_realtime' retrieved from /opt/airflow/dags/music_ingestion_dag.py
[2026-01-27T07:43:48.556+0000] {logging_mixin.py:190} INFO - [2026-01-27T07:43:48.556+0000] {dag.py:3239} INFO - Sync 1 DAGs
[2026-01-27T07:43:48.584+0000] {logging_mixin.py:190} INFO - [2026-01-27T07:43:48.584+0000] {dag.py:4180} INFO - Setting next_dagrun for 01_music_ingestion_realtime to 2026-01-27 06:00:00+00:00, run_after=2026-01-27 07:00:00+00:00
[2026-01-27T07:43:48.608+0000] {processor.py:208} INFO - Processing /opt/airflow/dags/music_ingestion_dag.py took 0.115 seconds
[2026-01-27T07:44:18.919+0000] {processor.py:186} INFO - Started process (PID=712) to work on /opt/airflow/dags/music_ingestion_dag.py
[2026-01-27T07:44:18.920+0000] {processor.py:914} INFO - Processing file /opt/airflow/dags/music_ingestion_dag.py for tasks to queue
[2026-01-27T07:44:18.922+0000] {logging_mixin.py:190} INFO - [2026-01-27T07:44:18.922+0000] {dagbag.py:588} INFO - Filling up the DagBag from /opt/airflow/dags/music_ingestion_dag.py
[2026-01-27T07:44:18.939+0000] {processor.py:925} INFO - DAG(s) '01_music_ingestion_realtime' retrieved from /opt/airflow/dags/music_ingestion_dag.py
[2026-01-27T07:44:18.963+0000] {logging_mixin.py:190} INFO - [2026-01-27T07:44:18.963+0000] {dag.py:3239} INFO - Sync 1 DAGs
[2026-01-27T07:44:18.986+0000] {logging_mixin.py:190} INFO - [2026-01-27T07:44:18.986+0000] {dag.py:4180} INFO - Setting next_dagrun for 01_music_ingestion_realtime to 2026-01-27 06:00:00+00:00, run_after=2026-01-27 07:00:00+00:00
[2026-01-27T07:44:19.012+0000] {processor.py:208} INFO - Processing /opt/airflow/dags/music_ingestion_dag.py took 0.098 seconds
[2026-01-27T07:44:49.400+0000] {processor.py:186} INFO - Started process (PID=717) to work on /opt/airflow/dags/music_ingestion_dag.py
[2026-01-27T07:44:49.401+0000] {processor.py:914} INFO - Processing file /opt/airflow/dags/music_ingestion_dag.py for tasks to queue
[2026-01-27T07:44:49.403+0000] {logging_mixin.py:190} INFO - [2026-01-27T07:44:49.403+0000] {dagbag.py:588} INFO - Filling up the DagBag from /opt/airflow/dags/music_ingestion_dag.py
[2026-01-27T07:44:49.419+0000] {processor.py:925} INFO - DAG(s) '01_music_ingestion_realtime' retrieved from /opt/airflow/dags/music_ingestion_dag.py
[2026-01-27T07:44:49.444+0000] {logging_mixin.py:190} INFO - [2026-01-27T07:44:49.444+0000] {dag.py:3239} INFO - Sync 1 DAGs
[2026-01-27T07:44:49.467+0000] {logging_mixin.py:190} INFO - [2026-01-27T07:44:49.467+0000] {dag.py:4180} INFO - Setting next_dagrun for 01_music_ingestion_realtime to 2026-01-27 06:00:00+00:00, run_after=2026-01-27 07:00:00+00:00
[2026-01-27T07:44:49.493+0000] {processor.py:208} INFO - Processing /opt/airflow/dags/music_ingestion_dag.py took 0.098 seconds
[2026-01-27T07:45:19.849+0000] {processor.py:186} INFO - Started process (PID=722) to work on /opt/airflow/dags/music_ingestion_dag.py
[2026-01-27T07:45:19.851+0000] {processor.py:914} INFO - Processing file /opt/airflow/dags/music_ingestion_dag.py for tasks to queue
[2026-01-27T07:45:19.854+0000] {logging_mixin.py:190} INFO - [2026-01-27T07:45:19.853+0000] {dagbag.py:588} INFO - Filling up the DagBag from /opt/airflow/dags/music_ingestion_dag.py
[2026-01-27T07:45:19.881+0000] {processor.py:925} INFO - DAG(s) '01_music_ingestion_realtime' retrieved from /opt/airflow/dags/music_ingestion_dag.py
[2026-01-27T07:45:19.906+0000] {logging_mixin.py:190} INFO - [2026-01-27T07:45:19.906+0000] {dag.py:3239} INFO - Sync 1 DAGs
[2026-01-27T07:45:19.932+0000] {logging_mixin.py:190} INFO - [2026-01-27T07:45:19.932+0000] {dag.py:4180} INFO - Setting next_dagrun for 01_music_ingestion_realtime to 2026-01-27 06:00:00+00:00, run_after=2026-01-27 07:00:00+00:00
[2026-01-27T07:45:19.959+0000] {processor.py:208} INFO - Processing /opt/airflow/dags/music_ingestion_dag.py took 0.114 seconds
[2026-01-27T07:45:50.268+0000] {processor.py:186} INFO - Started process (PID=727) to work on /opt/airflow/dags/music_ingestion_dag.py
[2026-01-27T07:45:50.270+0000] {processor.py:914} INFO - Processing file /opt/airflow/dags/music_ingestion_dag.py for tasks to queue
[2026-01-27T07:45:50.272+0000] {logging_mixin.py:190} INFO - [2026-01-27T07:45:50.272+0000] {dagbag.py:588} INFO - Filling up the DagBag from /opt/airflow/dags/music_ingestion_dag.py
[2026-01-27T07:45:50.296+0000] {processor.py:925} INFO - DAG(s) '01_music_ingestion_realtime' retrieved from /opt/airflow/dags/music_ingestion_dag.py
[2026-01-27T07:45:50.324+0000] {logging_mixin.py:190} INFO - [2026-01-27T07:45:50.324+0000] {dag.py:3239} INFO - Sync 1 DAGs
[2026-01-27T07:45:50.348+0000] {logging_mixin.py:190} INFO - [2026-01-27T07:45:50.348+0000] {dag.py:4180} INFO - Setting next_dagrun for 01_music_ingestion_realtime to 2026-01-27 06:00:00+00:00, run_after=2026-01-27 07:00:00+00:00
[2026-01-27T07:45:50.371+0000] {processor.py:208} INFO - Processing /opt/airflow/dags/music_ingestion_dag.py took 0.108 seconds
[2026-01-27T07:46:20.687+0000] {processor.py:186} INFO - Started process (PID=732) to work on /opt/airflow/dags/music_ingestion_dag.py
[2026-01-27T07:46:20.689+0000] {processor.py:914} INFO - Processing file /opt/airflow/dags/music_ingestion_dag.py for tasks to queue
[2026-01-27T07:46:20.692+0000] {logging_mixin.py:190} INFO - [2026-01-27T07:46:20.691+0000] {dagbag.py:588} INFO - Filling up the DagBag from /opt/airflow/dags/music_ingestion_dag.py
[2026-01-27T07:46:20.710+0000] {processor.py:925} INFO - DAG(s) '01_music_ingestion_realtime' retrieved from /opt/airflow/dags/music_ingestion_dag.py
[2026-01-27T07:46:20.739+0000] {logging_mixin.py:190} INFO - [2026-01-27T07:46:20.738+0000] {dag.py:3239} INFO - Sync 1 DAGs
[2026-01-27T07:46:20.771+0000] {logging_mixin.py:190} INFO - [2026-01-27T07:46:20.771+0000] {dag.py:4180} INFO - Setting next_dagrun for 01_music_ingestion_realtime to 2026-01-27 06:00:00+00:00, run_after=2026-01-27 07:00:00+00:00
[2026-01-27T07:46:20.804+0000] {processor.py:208} INFO - Processing /opt/airflow/dags/music_ingestion_dag.py took 0.125 seconds
[2026-01-27T07:46:51.058+0000] {processor.py:186} INFO - Started process (PID=737) to work on /opt/airflow/dags/music_ingestion_dag.py
[2026-01-27T07:46:51.059+0000] {processor.py:914} INFO - Processing file /opt/airflow/dags/music_ingestion_dag.py for tasks to queue
[2026-01-27T07:46:51.062+0000] {logging_mixin.py:190} INFO - [2026-01-27T07:46:51.061+0000] {dagbag.py:588} INFO - Filling up the DagBag from /opt/airflow/dags/music_ingestion_dag.py
[2026-01-27T07:46:51.085+0000] {processor.py:925} INFO - DAG(s) '01_music_ingestion_realtime' retrieved from /opt/airflow/dags/music_ingestion_dag.py
[2026-01-27T07:46:51.110+0000] {logging_mixin.py:190} INFO - [2026-01-27T07:46:51.110+0000] {dag.py:3239} INFO - Sync 1 DAGs
[2026-01-27T07:46:51.136+0000] {logging_mixin.py:190} INFO - [2026-01-27T07:46:51.135+0000] {dag.py:4180} INFO - Setting next_dagrun for 01_music_ingestion_realtime to 2026-01-27 06:00:00+00:00, run_after=2026-01-27 07:00:00+00:00
[2026-01-27T07:46:51.167+0000] {processor.py:208} INFO - Processing /opt/airflow/dags/music_ingestion_dag.py took 0.115 seconds
[2026-01-27T07:47:21.587+0000] {processor.py:186} INFO - Started process (PID=742) to work on /opt/airflow/dags/music_ingestion_dag.py
[2026-01-27T07:47:21.588+0000] {processor.py:914} INFO - Processing file /opt/airflow/dags/music_ingestion_dag.py for tasks to queue
[2026-01-27T07:47:21.590+0000] {logging_mixin.py:190} INFO - [2026-01-27T07:47:21.590+0000] {dagbag.py:588} INFO - Filling up the DagBag from /opt/airflow/dags/music_ingestion_dag.py
[2026-01-27T07:47:21.612+0000] {processor.py:925} INFO - DAG(s) '01_music_ingestion_realtime' retrieved from /opt/airflow/dags/music_ingestion_dag.py
[2026-01-27T07:47:21.637+0000] {logging_mixin.py:190} INFO - [2026-01-27T07:47:21.637+0000] {dag.py:3239} INFO - Sync 1 DAGs
[2026-01-27T07:47:21.663+0000] {logging_mixin.py:190} INFO - [2026-01-27T07:47:21.663+0000] {dag.py:4180} INFO - Setting next_dagrun for 01_music_ingestion_realtime to 2026-01-27 06:00:00+00:00, run_after=2026-01-27 07:00:00+00:00
[2026-01-27T07:47:21.690+0000] {processor.py:208} INFO - Processing /opt/airflow/dags/music_ingestion_dag.py took 0.109 seconds
[2026-01-27T07:47:51.977+0000] {processor.py:186} INFO - Started process (PID=747) to work on /opt/airflow/dags/music_ingestion_dag.py
[2026-01-27T07:47:51.978+0000] {processor.py:914} INFO - Processing file /opt/airflow/dags/music_ingestion_dag.py for tasks to queue
[2026-01-27T07:47:51.980+0000] {logging_mixin.py:190} INFO - [2026-01-27T07:47:51.980+0000] {dagbag.py:588} INFO - Filling up the DagBag from /opt/airflow/dags/music_ingestion_dag.py
[2026-01-27T07:47:52.006+0000] {processor.py:925} INFO - DAG(s) '01_music_ingestion_realtime' retrieved from /opt/airflow/dags/music_ingestion_dag.py
[2026-01-27T07:47:52.034+0000] {logging_mixin.py:190} INFO - [2026-01-27T07:47:52.034+0000] {dag.py:3239} INFO - Sync 1 DAGs
[2026-01-27T07:47:52.057+0000] {logging_mixin.py:190} INFO - [2026-01-27T07:47:52.057+0000] {dag.py:4180} INFO - Setting next_dagrun for 01_music_ingestion_realtime to 2026-01-27 06:00:00+00:00, run_after=2026-01-27 07:00:00+00:00
[2026-01-27T07:47:52.084+0000] {processor.py:208} INFO - Processing /opt/airflow/dags/music_ingestion_dag.py took 0.112 seconds
[2026-01-27T07:48:22.387+0000] {processor.py:186} INFO - Started process (PID=752) to work on /opt/airflow/dags/music_ingestion_dag.py
[2026-01-27T07:48:22.389+0000] {processor.py:914} INFO - Processing file /opt/airflow/dags/music_ingestion_dag.py for tasks to queue
[2026-01-27T07:48:22.391+0000] {logging_mixin.py:190} INFO - [2026-01-27T07:48:22.391+0000] {dagbag.py:588} INFO - Filling up the DagBag from /opt/airflow/dags/music_ingestion_dag.py
[2026-01-27T07:48:22.411+0000] {processor.py:925} INFO - DAG(s) '01_music_ingestion_realtime' retrieved from /opt/airflow/dags/music_ingestion_dag.py
[2026-01-27T07:48:22.441+0000] {logging_mixin.py:190} INFO - [2026-01-27T07:48:22.441+0000] {dag.py:3239} INFO - Sync 1 DAGs
[2026-01-27T07:48:22.466+0000] {logging_mixin.py:190} INFO - [2026-01-27T07:48:22.466+0000] {dag.py:4180} INFO - Setting next_dagrun for 01_music_ingestion_realtime to 2026-01-27 06:00:00+00:00, run_after=2026-01-27 07:00:00+00:00
[2026-01-27T07:48:22.493+0000] {processor.py:208} INFO - Processing /opt/airflow/dags/music_ingestion_dag.py took 0.111 seconds
[2026-01-27T07:48:52.808+0000] {processor.py:186} INFO - Started process (PID=757) to work on /opt/airflow/dags/music_ingestion_dag.py
[2026-01-27T07:48:52.809+0000] {processor.py:914} INFO - Processing file /opt/airflow/dags/music_ingestion_dag.py for tasks to queue
[2026-01-27T07:48:52.812+0000] {logging_mixin.py:190} INFO - [2026-01-27T07:48:52.812+0000] {dagbag.py:588} INFO - Filling up the DagBag from /opt/airflow/dags/music_ingestion_dag.py
[2026-01-27T07:48:52.839+0000] {processor.py:925} INFO - DAG(s) '01_music_ingestion_realtime' retrieved from /opt/airflow/dags/music_ingestion_dag.py
[2026-01-27T07:48:52.867+0000] {logging_mixin.py:190} INFO - [2026-01-27T07:48:52.867+0000] {dag.py:3239} INFO - Sync 1 DAGs
[2026-01-27T07:48:52.890+0000] {logging_mixin.py:190} INFO - [2026-01-27T07:48:52.890+0000] {dag.py:4180} INFO - Setting next_dagrun for 01_music_ingestion_realtime to 2026-01-27 06:00:00+00:00, run_after=2026-01-27 07:00:00+00:00
[2026-01-27T07:48:52.913+0000] {processor.py:208} INFO - Processing /opt/airflow/dags/music_ingestion_dag.py took 0.112 seconds
[2026-01-27T07:49:23.297+0000] {processor.py:186} INFO - Started process (PID=762) to work on /opt/airflow/dags/music_ingestion_dag.py
[2026-01-27T07:49:23.298+0000] {processor.py:914} INFO - Processing file /opt/airflow/dags/music_ingestion_dag.py for tasks to queue
[2026-01-27T07:49:23.301+0000] {logging_mixin.py:190} INFO - [2026-01-27T07:49:23.300+0000] {dagbag.py:588} INFO - Filling up the DagBag from /opt/airflow/dags/music_ingestion_dag.py
[2026-01-27T07:49:23.320+0000] {processor.py:925} INFO - DAG(s) '01_music_ingestion_realtime' retrieved from /opt/airflow/dags/music_ingestion_dag.py
[2026-01-27T07:49:23.359+0000] {logging_mixin.py:190} INFO - [2026-01-27T07:49:23.359+0000] {dag.py:3239} INFO - Sync 1 DAGs
[2026-01-27T07:49:23.384+0000] {logging_mixin.py:190} INFO - [2026-01-27T07:49:23.384+0000] {dag.py:4180} INFO - Setting next_dagrun for 01_music_ingestion_realtime to 2026-01-27 06:00:00+00:00, run_after=2026-01-27 07:00:00+00:00
[2026-01-27T07:49:23.407+0000] {processor.py:208} INFO - Processing /opt/airflow/dags/music_ingestion_dag.py took 0.116 seconds
[2026-01-27T07:49:53.663+0000] {processor.py:186} INFO - Started process (PID=767) to work on /opt/airflow/dags/music_ingestion_dag.py
[2026-01-27T07:49:53.665+0000] {processor.py:914} INFO - Processing file /opt/airflow/dags/music_ingestion_dag.py for tasks to queue
[2026-01-27T07:49:53.669+0000] {logging_mixin.py:190} INFO - [2026-01-27T07:49:53.668+0000] {dagbag.py:588} INFO - Filling up the DagBag from /opt/airflow/dags/music_ingestion_dag.py
[2026-01-27T07:49:53.691+0000] {processor.py:925} INFO - DAG(s) '01_music_ingestion_realtime' retrieved from /opt/airflow/dags/music_ingestion_dag.py
[2026-01-27T07:49:53.725+0000] {logging_mixin.py:190} INFO - [2026-01-27T07:49:53.724+0000] {dag.py:3239} INFO - Sync 1 DAGs
[2026-01-27T07:49:53.750+0000] {logging_mixin.py:190} INFO - [2026-01-27T07:49:53.750+0000] {dag.py:4180} INFO - Setting next_dagrun for 01_music_ingestion_realtime to 2026-01-27 06:00:00+00:00, run_after=2026-01-27 07:00:00+00:00
[2026-01-27T07:49:53.777+0000] {processor.py:208} INFO - Processing /opt/airflow/dags/music_ingestion_dag.py took 0.120 seconds
[2026-01-27T07:50:24.099+0000] {processor.py:186} INFO - Started process (PID=772) to work on /opt/airflow/dags/music_ingestion_dag.py
[2026-01-27T07:50:24.100+0000] {processor.py:914} INFO - Processing file /opt/airflow/dags/music_ingestion_dag.py for tasks to queue
[2026-01-27T07:50:24.104+0000] {logging_mixin.py:190} INFO - [2026-01-27T07:50:24.104+0000] {dagbag.py:588} INFO - Filling up the DagBag from /opt/airflow/dags/music_ingestion_dag.py
[2026-01-27T07:50:24.135+0000] {processor.py:925} INFO - DAG(s) '01_music_ingestion_realtime' retrieved from /opt/airflow/dags/music_ingestion_dag.py
[2026-01-27T07:50:24.176+0000] {logging_mixin.py:190} INFO - [2026-01-27T07:50:24.175+0000] {dag.py:3239} INFO - Sync 1 DAGs
[2026-01-27T07:50:24.206+0000] {logging_mixin.py:190} INFO - [2026-01-27T07:50:24.206+0000] {dag.py:4180} INFO - Setting next_dagrun for 01_music_ingestion_realtime to 2026-01-27 06:00:00+00:00, run_after=2026-01-27 07:00:00+00:00
[2026-01-27T07:50:24.233+0000] {processor.py:208} INFO - Processing /opt/airflow/dags/music_ingestion_dag.py took 0.143 seconds
[2026-01-27T07:50:54.465+0000] {processor.py:186} INFO - Started process (PID=777) to work on /opt/airflow/dags/music_ingestion_dag.py
[2026-01-27T07:50:54.466+0000] {processor.py:914} INFO - Processing file /opt/airflow/dags/music_ingestion_dag.py for tasks to queue
[2026-01-27T07:50:54.470+0000] {logging_mixin.py:190} INFO - [2026-01-27T07:50:54.470+0000] {dagbag.py:588} INFO - Filling up the DagBag from /opt/airflow/dags/music_ingestion_dag.py
[2026-01-27T07:50:54.499+0000] {processor.py:925} INFO - DAG(s) '01_music_ingestion_realtime' retrieved from /opt/airflow/dags/music_ingestion_dag.py
[2026-01-27T07:50:54.544+0000] {logging_mixin.py:190} INFO - [2026-01-27T07:50:54.543+0000] {dag.py:3239} INFO - Sync 1 DAGs
[2026-01-27T07:50:54.578+0000] {logging_mixin.py:190} INFO - [2026-01-27T07:50:54.577+0000] {dag.py:4180} INFO - Setting next_dagrun for 01_music_ingestion_realtime to 2026-01-27 06:00:00+00:00, run_after=2026-01-27 07:00:00+00:00
[2026-01-27T07:50:54.609+0000] {processor.py:208} INFO - Processing /opt/airflow/dags/music_ingestion_dag.py took 0.150 seconds
[2026-01-27T07:51:24.909+0000] {processor.py:186} INFO - Started process (PID=782) to work on /opt/airflow/dags/music_ingestion_dag.py
[2026-01-27T07:51:24.910+0000] {processor.py:914} INFO - Processing file /opt/airflow/dags/music_ingestion_dag.py for tasks to queue
[2026-01-27T07:51:24.914+0000] {logging_mixin.py:190} INFO - [2026-01-27T07:51:24.913+0000] {dagbag.py:588} INFO - Filling up the DagBag from /opt/airflow/dags/music_ingestion_dag.py
[2026-01-27T07:51:24.940+0000] {processor.py:925} INFO - DAG(s) '01_music_ingestion_realtime' retrieved from /opt/airflow/dags/music_ingestion_dag.py
[2026-01-27T07:51:24.973+0000] {logging_mixin.py:190} INFO - [2026-01-27T07:51:24.973+0000] {dag.py:3239} INFO - Sync 1 DAGs
[2026-01-27T07:51:25.003+0000] {logging_mixin.py:190} INFO - [2026-01-27T07:51:25.002+0000] {dag.py:4180} INFO - Setting next_dagrun for 01_music_ingestion_realtime to 2026-01-27 06:00:00+00:00, run_after=2026-01-27 07:00:00+00:00
[2026-01-27T07:51:25.031+0000] {processor.py:208} INFO - Processing /opt/airflow/dags/music_ingestion_dag.py took 0.128 seconds
[2026-01-27T07:51:55.262+0000] {processor.py:186} INFO - Started process (PID=787) to work on /opt/airflow/dags/music_ingestion_dag.py
[2026-01-27T07:51:55.263+0000] {processor.py:914} INFO - Processing file /opt/airflow/dags/music_ingestion_dag.py for tasks to queue
[2026-01-27T07:51:55.266+0000] {logging_mixin.py:190} INFO - [2026-01-27T07:51:55.266+0000] {dagbag.py:588} INFO - Filling up the DagBag from /opt/airflow/dags/music_ingestion_dag.py
[2026-01-27T07:51:55.289+0000] {processor.py:925} INFO - DAG(s) '01_music_ingestion_realtime' retrieved from /opt/airflow/dags/music_ingestion_dag.py
[2026-01-27T07:51:55.384+0000] {logging_mixin.py:190} INFO - [2026-01-27T07:51:55.384+0000] {dag.py:3239} INFO - Sync 1 DAGs
[2026-01-27T07:51:55.418+0000] {logging_mixin.py:190} INFO - [2026-01-27T07:51:55.418+0000] {dag.py:4180} INFO - Setting next_dagrun for 01_music_ingestion_realtime to 2026-01-27 06:00:00+00:00, run_after=2026-01-27 07:00:00+00:00
[2026-01-27T07:51:55.442+0000] {processor.py:208} INFO - Processing /opt/airflow/dags/music_ingestion_dag.py took 0.188 seconds
[2026-01-27T07:52:25.662+0000] {processor.py:186} INFO - Started process (PID=792) to work on /opt/airflow/dags/music_ingestion_dag.py
[2026-01-27T07:52:25.663+0000] {processor.py:914} INFO - Processing file /opt/airflow/dags/music_ingestion_dag.py for tasks to queue
[2026-01-27T07:52:25.666+0000] {logging_mixin.py:190} INFO - [2026-01-27T07:52:25.665+0000] {dagbag.py:588} INFO - Filling up the DagBag from /opt/airflow/dags/music_ingestion_dag.py
[2026-01-27T07:52:25.688+0000] {processor.py:925} INFO - DAG(s) '01_music_ingestion_realtime' retrieved from /opt/airflow/dags/music_ingestion_dag.py
[2026-01-27T07:52:25.725+0000] {logging_mixin.py:190} INFO - [2026-01-27T07:52:25.724+0000] {dag.py:3239} INFO - Sync 1 DAGs
[2026-01-27T07:52:25.756+0000] {logging_mixin.py:190} INFO - [2026-01-27T07:52:25.755+0000] {dag.py:4180} INFO - Setting next_dagrun for 01_music_ingestion_realtime to 2026-01-27 06:00:00+00:00, run_after=2026-01-27 07:00:00+00:00
[2026-01-27T07:52:25.784+0000] {processor.py:208} INFO - Processing /opt/airflow/dags/music_ingestion_dag.py took 0.128 seconds
[2026-01-27T07:52:56.338+0000] {processor.py:186} INFO - Started process (PID=797) to work on /opt/airflow/dags/music_ingestion_dag.py
[2026-01-27T07:52:56.340+0000] {processor.py:914} INFO - Processing file /opt/airflow/dags/music_ingestion_dag.py for tasks to queue
[2026-01-27T07:52:56.343+0000] {logging_mixin.py:190} INFO - [2026-01-27T07:52:56.343+0000] {dagbag.py:588} INFO - Filling up the DagBag from /opt/airflow/dags/music_ingestion_dag.py
[2026-01-27T07:52:56.382+0000] {processor.py:925} INFO - DAG(s) '01_music_ingestion_realtime' retrieved from /opt/airflow/dags/music_ingestion_dag.py
[2026-01-27T07:52:56.410+0000] {logging_mixin.py:190} INFO - [2026-01-27T07:52:56.410+0000] {dag.py:3239} INFO - Sync 1 DAGs
[2026-01-27T07:52:56.434+0000] {logging_mixin.py:190} INFO - [2026-01-27T07:52:56.434+0000] {dag.py:4180} INFO - Setting next_dagrun for 01_music_ingestion_realtime to 2026-01-27 06:00:00+00:00, run_after=2026-01-27 07:00:00+00:00
[2026-01-27T07:52:56.458+0000] {processor.py:208} INFO - Processing /opt/airflow/dags/music_ingestion_dag.py took 0.125 seconds
[2026-01-27T07:53:27.549+0000] {processor.py:186} INFO - Started process (PID=802) to work on /opt/airflow/dags/music_ingestion_dag.py
[2026-01-27T07:53:27.550+0000] {processor.py:914} INFO - Processing file /opt/airflow/dags/music_ingestion_dag.py for tasks to queue
[2026-01-27T07:53:27.553+0000] {logging_mixin.py:190} INFO - [2026-01-27T07:53:27.553+0000] {dagbag.py:588} INFO - Filling up the DagBag from /opt/airflow/dags/music_ingestion_dag.py
[2026-01-27T07:53:27.578+0000] {processor.py:925} INFO - DAG(s) '01_music_ingestion_realtime' retrieved from /opt/airflow/dags/music_ingestion_dag.py
[2026-01-27T07:53:27.612+0000] {logging_mixin.py:190} INFO - [2026-01-27T07:53:27.611+0000] {dag.py:3239} INFO - Sync 1 DAGs
[2026-01-27T07:53:27.646+0000] {logging_mixin.py:190} INFO - [2026-01-27T07:53:27.645+0000] {dag.py:4180} INFO - Setting next_dagrun for 01_music_ingestion_realtime to 2026-01-27 06:00:00+00:00, run_after=2026-01-27 07:00:00+00:00
[2026-01-27T07:53:31.418+0000] {processor.py:208} INFO - Processing /opt/airflow/dags/music_ingestion_dag.py took 3.875 seconds
[2026-01-27T07:54:06.447+0000] {processor.py:186} INFO - Started process (PID=807) to work on /opt/airflow/dags/music_ingestion_dag.py
[2026-01-27T07:54:06.449+0000] {processor.py:914} INFO - Processing file /opt/airflow/dags/music_ingestion_dag.py for tasks to queue
[2026-01-27T07:54:06.452+0000] {logging_mixin.py:190} INFO - [2026-01-27T07:54:06.452+0000] {dagbag.py:588} INFO - Filling up the DagBag from /opt/airflow/dags/music_ingestion_dag.py
[2026-01-27T07:54:06.474+0000] {processor.py:925} INFO - DAG(s) '01_music_ingestion_realtime' retrieved from /opt/airflow/dags/music_ingestion_dag.py
[2026-01-27T07:54:06.515+0000] {logging_mixin.py:190} INFO - [2026-01-27T07:54:06.515+0000] {dag.py:3239} INFO - Sync 1 DAGs
[2026-01-27T07:54:06.553+0000] {logging_mixin.py:190} INFO - [2026-01-27T07:54:06.553+0000] {dag.py:4180} INFO - Setting next_dagrun for 01_music_ingestion_realtime to 2026-01-27 06:00:00+00:00, run_after=2026-01-27 07:00:00+00:00
[2026-01-27T07:54:06.583+0000] {processor.py:208} INFO - Processing /opt/airflow/dags/music_ingestion_dag.py took 0.142 seconds
[2026-01-27T07:54:36.736+0000] {processor.py:186} INFO - Started process (PID=812) to work on /opt/airflow/dags/music_ingestion_dag.py
[2026-01-27T07:54:36.738+0000] {processor.py:914} INFO - Processing file /opt/airflow/dags/music_ingestion_dag.py for tasks to queue
[2026-01-27T07:54:36.743+0000] {logging_mixin.py:190} INFO - [2026-01-27T07:54:36.742+0000] {dagbag.py:588} INFO - Filling up the DagBag from /opt/airflow/dags/music_ingestion_dag.py
[2026-01-27T07:54:36.775+0000] {processor.py:925} INFO - DAG(s) '01_music_ingestion_realtime' retrieved from /opt/airflow/dags/music_ingestion_dag.py
[2026-01-27T07:54:36.813+0000] {logging_mixin.py:190} INFO - [2026-01-27T07:54:36.813+0000] {dag.py:3239} INFO - Sync 1 DAGs
[2026-01-27T07:54:36.847+0000] {logging_mixin.py:190} INFO - [2026-01-27T07:54:36.846+0000] {dag.py:4180} INFO - Setting next_dagrun for 01_music_ingestion_realtime to 2026-01-27 06:00:00+00:00, run_after=2026-01-27 07:00:00+00:00
[2026-01-27T07:54:36.876+0000] {processor.py:208} INFO - Processing /opt/airflow/dags/music_ingestion_dag.py took 0.147 seconds
[2026-01-27T07:55:07.196+0000] {processor.py:186} INFO - Started process (PID=817) to work on /opt/airflow/dags/music_ingestion_dag.py
[2026-01-27T07:55:07.198+0000] {processor.py:914} INFO - Processing file /opt/airflow/dags/music_ingestion_dag.py for tasks to queue
[2026-01-27T07:55:07.201+0000] {logging_mixin.py:190} INFO - [2026-01-27T07:55:07.200+0000] {dagbag.py:588} INFO - Filling up the DagBag from /opt/airflow/dags/music_ingestion_dag.py
[2026-01-27T07:55:07.226+0000] {processor.py:925} INFO - DAG(s) '01_music_ingestion_realtime' retrieved from /opt/airflow/dags/music_ingestion_dag.py
[2026-01-27T07:55:07.265+0000] {logging_mixin.py:190} INFO - [2026-01-27T07:55:07.265+0000] {dag.py:3239} INFO - Sync 1 DAGs
[2026-01-27T07:55:07.307+0000] {logging_mixin.py:190} INFO - [2026-01-27T07:55:07.306+0000] {dag.py:4180} INFO - Setting next_dagrun for 01_music_ingestion_realtime to 2026-01-27 06:00:00+00:00, run_after=2026-01-27 07:00:00+00:00
[2026-01-27T07:55:07.350+0000] {processor.py:208} INFO - Processing /opt/airflow/dags/music_ingestion_dag.py took 0.161 seconds
[2026-01-27T07:55:37.552+0000] {processor.py:186} INFO - Started process (PID=822) to work on /opt/airflow/dags/music_ingestion_dag.py
[2026-01-27T07:55:37.553+0000] {processor.py:914} INFO - Processing file /opt/airflow/dags/music_ingestion_dag.py for tasks to queue
[2026-01-27T07:55:37.558+0000] {logging_mixin.py:190} INFO - [2026-01-27T07:55:37.557+0000] {dagbag.py:588} INFO - Filling up the DagBag from /opt/airflow/dags/music_ingestion_dag.py
[2026-01-27T07:55:37.588+0000] {processor.py:925} INFO - DAG(s) '01_music_ingestion_realtime' retrieved from /opt/airflow/dags/music_ingestion_dag.py
[2026-01-27T07:55:37.638+0000] {logging_mixin.py:190} INFO - [2026-01-27T07:55:37.638+0000] {dag.py:3239} INFO - Sync 1 DAGs
[2026-01-27T07:55:37.669+0000] {logging_mixin.py:190} INFO - [2026-01-27T07:55:37.668+0000] {dag.py:4180} INFO - Setting next_dagrun for 01_music_ingestion_realtime to 2026-01-27 06:00:00+00:00, run_after=2026-01-27 07:00:00+00:00
[2026-01-27T07:55:37.693+0000] {processor.py:208} INFO - Processing /opt/airflow/dags/music_ingestion_dag.py took 0.150 seconds
[2026-01-27T07:56:08.001+0000] {processor.py:186} INFO - Started process (PID=827) to work on /opt/airflow/dags/music_ingestion_dag.py
[2026-01-27T07:56:08.002+0000] {processor.py:914} INFO - Processing file /opt/airflow/dags/music_ingestion_dag.py for tasks to queue
[2026-01-27T07:56:08.006+0000] {logging_mixin.py:190} INFO - [2026-01-27T07:56:08.005+0000] {dagbag.py:588} INFO - Filling up the DagBag from /opt/airflow/dags/music_ingestion_dag.py
[2026-01-27T07:56:08.038+0000] {processor.py:925} INFO - DAG(s) '01_music_ingestion_realtime' retrieved from /opt/airflow/dags/music_ingestion_dag.py
[2026-01-27T07:56:08.069+0000] {logging_mixin.py:190} INFO - [2026-01-27T07:56:08.068+0000] {dag.py:3239} INFO - Sync 1 DAGs
[2026-01-27T07:56:08.098+0000] {logging_mixin.py:190} INFO - [2026-01-27T07:56:08.097+0000] {dag.py:4180} INFO - Setting next_dagrun for 01_music_ingestion_realtime to 2026-01-27 06:00:00+00:00, run_after=2026-01-27 07:00:00+00:00
[2026-01-27T07:56:08.122+0000] {processor.py:208} INFO - Processing /opt/airflow/dags/music_ingestion_dag.py took 0.127 seconds
[2026-01-27T07:56:38.354+0000] {processor.py:186} INFO - Started process (PID=832) to work on /opt/airflow/dags/music_ingestion_dag.py
[2026-01-27T07:56:38.355+0000] {processor.py:914} INFO - Processing file /opt/airflow/dags/music_ingestion_dag.py for tasks to queue
[2026-01-27T07:56:38.358+0000] {logging_mixin.py:190} INFO - [2026-01-27T07:56:38.357+0000] {dagbag.py:588} INFO - Filling up the DagBag from /opt/airflow/dags/music_ingestion_dag.py
[2026-01-27T07:56:38.379+0000] {processor.py:925} INFO - DAG(s) '01_music_ingestion_realtime' retrieved from /opt/airflow/dags/music_ingestion_dag.py
[2026-01-27T07:56:38.410+0000] {logging_mixin.py:190} INFO - [2026-01-27T07:56:38.410+0000] {dag.py:3239} INFO - Sync 1 DAGs
[2026-01-27T07:56:38.434+0000] {logging_mixin.py:190} INFO - [2026-01-27T07:56:38.434+0000] {dag.py:4180} INFO - Setting next_dagrun for 01_music_ingestion_realtime to 2026-01-27 06:00:00+00:00, run_after=2026-01-27 07:00:00+00:00
[2026-01-27T07:56:38.459+0000] {processor.py:208} INFO - Processing /opt/airflow/dags/music_ingestion_dag.py took 0.112 seconds
[2026-01-27T07:57:08.790+0000] {processor.py:186} INFO - Started process (PID=837) to work on /opt/airflow/dags/music_ingestion_dag.py
[2026-01-27T07:57:08.792+0000] {processor.py:914} INFO - Processing file /opt/airflow/dags/music_ingestion_dag.py for tasks to queue
[2026-01-27T07:57:08.795+0000] {logging_mixin.py:190} INFO - [2026-01-27T07:57:08.795+0000] {dagbag.py:588} INFO - Filling up the DagBag from /opt/airflow/dags/music_ingestion_dag.py
[2026-01-27T07:57:08.833+0000] {processor.py:925} INFO - DAG(s) '01_music_ingestion_realtime' retrieved from /opt/airflow/dags/music_ingestion_dag.py
[2026-01-27T07:57:08.863+0000] {logging_mixin.py:190} INFO - [2026-01-27T07:57:08.863+0000] {dag.py:3239} INFO - Sync 1 DAGs
[2026-01-27T07:57:08.888+0000] {logging_mixin.py:190} INFO - [2026-01-27T07:57:08.888+0000] {dag.py:4180} INFO - Setting next_dagrun for 01_music_ingestion_realtime to 2026-01-27 06:00:00+00:00, run_after=2026-01-27 07:00:00+00:00
[2026-01-27T07:57:08.915+0000] {processor.py:208} INFO - Processing /opt/airflow/dags/music_ingestion_dag.py took 0.130 seconds
[2026-01-27T07:57:39.128+0000] {processor.py:186} INFO - Started process (PID=842) to work on /opt/airflow/dags/music_ingestion_dag.py
[2026-01-27T07:57:39.129+0000] {processor.py:914} INFO - Processing file /opt/airflow/dags/music_ingestion_dag.py for tasks to queue
[2026-01-27T07:57:39.133+0000] {logging_mixin.py:190} INFO - [2026-01-27T07:57:39.132+0000] {dagbag.py:588} INFO - Filling up the DagBag from /opt/airflow/dags/music_ingestion_dag.py
[2026-01-27T07:57:39.157+0000] {processor.py:925} INFO - DAG(s) '01_music_ingestion_realtime' retrieved from /opt/airflow/dags/music_ingestion_dag.py
[2026-01-27T07:57:39.192+0000] {logging_mixin.py:190} INFO - [2026-01-27T07:57:39.192+0000] {dag.py:3239} INFO - Sync 1 DAGs
[2026-01-27T07:57:39.229+0000] {logging_mixin.py:190} INFO - [2026-01-27T07:57:39.229+0000] {dag.py:4180} INFO - Setting next_dagrun for 01_music_ingestion_realtime to 2026-01-27 06:00:00+00:00, run_after=2026-01-27 07:00:00+00:00
[2026-01-27T07:57:39.252+0000] {processor.py:208} INFO - Processing /opt/airflow/dags/music_ingestion_dag.py took 0.132 seconds
[2026-01-27T07:58:09.562+0000] {processor.py:186} INFO - Started process (PID=847) to work on /opt/airflow/dags/music_ingestion_dag.py
[2026-01-27T07:58:09.563+0000] {processor.py:914} INFO - Processing file /opt/airflow/dags/music_ingestion_dag.py for tasks to queue
[2026-01-27T07:58:09.566+0000] {logging_mixin.py:190} INFO - [2026-01-27T07:58:09.566+0000] {dagbag.py:588} INFO - Filling up the DagBag from /opt/airflow/dags/music_ingestion_dag.py
[2026-01-27T07:58:09.599+0000] {processor.py:925} INFO - DAG(s) '01_music_ingestion_realtime' retrieved from /opt/airflow/dags/music_ingestion_dag.py
[2026-01-27T07:58:09.633+0000] {logging_mixin.py:190} INFO - [2026-01-27T07:58:09.633+0000] {dag.py:3239} INFO - Sync 1 DAGs
[2026-01-27T07:58:09.658+0000] {logging_mixin.py:190} INFO - [2026-01-27T07:58:09.658+0000] {dag.py:4180} INFO - Setting next_dagrun for 01_music_ingestion_realtime to 2026-01-27 06:00:00+00:00, run_after=2026-01-27 07:00:00+00:00
[2026-01-27T07:58:09.681+0000] {processor.py:208} INFO - Processing /opt/airflow/dags/music_ingestion_dag.py took 0.126 seconds
[2026-01-27T07:58:39.923+0000] {processor.py:186} INFO - Started process (PID=852) to work on /opt/airflow/dags/music_ingestion_dag.py
[2026-01-27T07:58:39.926+0000] {processor.py:914} INFO - Processing file /opt/airflow/dags/music_ingestion_dag.py for tasks to queue
[2026-01-27T07:58:39.932+0000] {logging_mixin.py:190} INFO - [2026-01-27T07:58:39.931+0000] {dagbag.py:588} INFO - Filling up the DagBag from /opt/airflow/dags/music_ingestion_dag.py
[2026-01-27T07:58:40.112+0000] {processor.py:925} INFO - DAG(s) '01_music_ingestion_realtime' retrieved from /opt/airflow/dags/music_ingestion_dag.py
[2026-01-27T07:58:40.368+0000] {logging_mixin.py:190} INFO - [2026-01-27T07:58:40.368+0000] {dag.py:3239} INFO - Sync 1 DAGs
[2026-01-27T07:58:40.626+0000] {logging_mixin.py:190} INFO - [2026-01-27T07:58:40.626+0000] {dag.py:4180} INFO - Setting next_dagrun for 01_music_ingestion_realtime to 2026-01-27 06:00:00+00:00, run_after=2026-01-27 07:00:00+00:00
[2026-01-27T07:58:40.663+0000] {processor.py:208} INFO - Processing /opt/airflow/dags/music_ingestion_dag.py took 0.752 seconds
[2026-01-27T07:59:11.055+0000] {processor.py:186} INFO - Started process (PID=857) to work on /opt/airflow/dags/music_ingestion_dag.py
[2026-01-27T07:59:11.057+0000] {processor.py:914} INFO - Processing file /opt/airflow/dags/music_ingestion_dag.py for tasks to queue
[2026-01-27T07:59:11.065+0000] {logging_mixin.py:190} INFO - [2026-01-27T07:59:11.061+0000] {dagbag.py:588} INFO - Filling up the DagBag from /opt/airflow/dags/music_ingestion_dag.py
[2026-01-27T07:59:11.110+0000] {processor.py:925} INFO - DAG(s) '01_music_ingestion_realtime' retrieved from /opt/airflow/dags/music_ingestion_dag.py
[2026-01-27T07:59:11.155+0000] {logging_mixin.py:190} INFO - [2026-01-27T07:59:11.155+0000] {dag.py:3239} INFO - Sync 1 DAGs
[2026-01-27T07:59:11.194+0000] {logging_mixin.py:190} INFO - [2026-01-27T07:59:11.194+0000] {dag.py:4180} INFO - Setting next_dagrun for 01_music_ingestion_realtime to 2026-01-27 06:00:00+00:00, run_after=2026-01-27 07:00:00+00:00
[2026-01-27T07:59:11.219+0000] {processor.py:208} INFO - Processing /opt/airflow/dags/music_ingestion_dag.py took 0.170 seconds
[2026-01-27T07:59:41.406+0000] {processor.py:186} INFO - Started process (PID=862) to work on /opt/airflow/dags/music_ingestion_dag.py
[2026-01-27T07:59:41.407+0000] {processor.py:914} INFO - Processing file /opt/airflow/dags/music_ingestion_dag.py for tasks to queue
[2026-01-27T07:59:41.412+0000] {logging_mixin.py:190} INFO - [2026-01-27T07:59:41.411+0000] {dagbag.py:588} INFO - Filling up the DagBag from /opt/airflow/dags/music_ingestion_dag.py
[2026-01-27T07:59:41.441+0000] {processor.py:925} INFO - DAG(s) '01_music_ingestion_realtime' retrieved from /opt/airflow/dags/music_ingestion_dag.py
[2026-01-27T07:59:41.482+0000] {logging_mixin.py:190} INFO - [2026-01-27T07:59:41.482+0000] {dag.py:3239} INFO - Sync 1 DAGs
[2026-01-27T07:59:41.521+0000] {logging_mixin.py:190} INFO - [2026-01-27T07:59:41.521+0000] {dag.py:4180} INFO - Setting next_dagrun for 01_music_ingestion_realtime to 2026-01-27 06:00:00+00:00, run_after=2026-01-27 07:00:00+00:00
[2026-01-27T07:59:41.550+0000] {processor.py:208} INFO - Processing /opt/airflow/dags/music_ingestion_dag.py took 0.153 seconds
[2026-01-27T08:00:11.918+0000] {processor.py:186} INFO - Started process (PID=867) to work on /opt/airflow/dags/music_ingestion_dag.py
[2026-01-27T08:00:11.920+0000] {processor.py:914} INFO - Processing file /opt/airflow/dags/music_ingestion_dag.py for tasks to queue
[2026-01-27T08:00:11.925+0000] {logging_mixin.py:190} INFO - [2026-01-27T08:00:11.924+0000] {dagbag.py:588} INFO - Filling up the DagBag from /opt/airflow/dags/music_ingestion_dag.py
[2026-01-27T08:00:11.973+0000] {processor.py:925} INFO - DAG(s) '01_music_ingestion_realtime' retrieved from /opt/airflow/dags/music_ingestion_dag.py
[2026-01-27T08:00:12.064+0000] {logging_mixin.py:190} INFO - [2026-01-27T08:00:12.064+0000] {dag.py:3239} INFO - Sync 1 DAGs
[2026-01-27T08:00:12.125+0000] {logging_mixin.py:190} INFO - [2026-01-27T08:00:12.124+0000] {dag.py:4180} INFO - Setting next_dagrun for 01_music_ingestion_realtime to 2026-01-27 07:00:00+00:00, run_after=2026-01-27 08:00:00+00:00
[2026-01-27T08:00:12.191+0000] {processor.py:208} INFO - Processing /opt/airflow/dags/music_ingestion_dag.py took 0.283 seconds
[2026-01-27T08:00:42.563+0000] {processor.py:186} INFO - Started process (PID=872) to work on /opt/airflow/dags/music_ingestion_dag.py
[2026-01-27T08:00:42.565+0000] {processor.py:914} INFO - Processing file /opt/airflow/dags/music_ingestion_dag.py for tasks to queue
[2026-01-27T08:00:42.569+0000] {logging_mixin.py:190} INFO - [2026-01-27T08:00:42.568+0000] {dagbag.py:588} INFO - Filling up the DagBag from /opt/airflow/dags/music_ingestion_dag.py
[2026-01-27T08:00:42.602+0000] {processor.py:925} INFO - DAG(s) '01_music_ingestion_realtime' retrieved from /opt/airflow/dags/music_ingestion_dag.py
[2026-01-27T08:00:42.650+0000] {logging_mixin.py:190} INFO - [2026-01-27T08:00:42.649+0000] {dag.py:3239} INFO - Sync 1 DAGs
[2026-01-27T08:00:42.719+0000] {logging_mixin.py:190} INFO - [2026-01-27T08:00:42.718+0000] {dag.py:4180} INFO - Setting next_dagrun for 01_music_ingestion_realtime to 2026-01-27 07:00:00+00:00, run_after=2026-01-27 08:00:00+00:00
[2026-01-27T08:00:42.768+0000] {processor.py:208} INFO - Processing /opt/airflow/dags/music_ingestion_dag.py took 0.212 seconds
[2026-01-27T08:01:12.901+0000] {processor.py:186} INFO - Started process (PID=877) to work on /opt/airflow/dags/music_ingestion_dag.py
[2026-01-27T08:01:12.903+0000] {processor.py:914} INFO - Processing file /opt/airflow/dags/music_ingestion_dag.py for tasks to queue
[2026-01-27T08:01:12.906+0000] {logging_mixin.py:190} INFO - [2026-01-27T08:01:12.905+0000] {dagbag.py:588} INFO - Filling up the DagBag from /opt/airflow/dags/music_ingestion_dag.py
[2026-01-27T08:01:12.927+0000] {processor.py:925} INFO - DAG(s) '01_music_ingestion_realtime' retrieved from /opt/airflow/dags/music_ingestion_dag.py
[2026-01-27T08:01:12.961+0000] {logging_mixin.py:190} INFO - [2026-01-27T08:01:12.961+0000] {dag.py:3239} INFO - Sync 1 DAGs
[2026-01-27T08:01:12.987+0000] {logging_mixin.py:190} INFO - [2026-01-27T08:01:12.987+0000] {dag.py:4180} INFO - Setting next_dagrun for 01_music_ingestion_realtime to 2026-01-27 07:00:00+00:00, run_after=2026-01-27 08:00:00+00:00
[2026-01-27T08:01:13.012+0000] {processor.py:208} INFO - Processing /opt/airflow/dags/music_ingestion_dag.py took 0.117 seconds
[2026-01-27T08:01:43.243+0000] {processor.py:186} INFO - Started process (PID=882) to work on /opt/airflow/dags/music_ingestion_dag.py
[2026-01-27T08:01:43.245+0000] {processor.py:914} INFO - Processing file /opt/airflow/dags/music_ingestion_dag.py for tasks to queue
[2026-01-27T08:01:43.250+0000] {logging_mixin.py:190} INFO - [2026-01-27T08:01:43.250+0000] {dagbag.py:588} INFO - Filling up the DagBag from /opt/airflow/dags/music_ingestion_dag.py
[2026-01-27T08:01:43.288+0000] {processor.py:925} INFO - DAG(s) '01_music_ingestion_realtime' retrieved from /opt/airflow/dags/music_ingestion_dag.py
[2026-01-27T08:01:43.332+0000] {logging_mixin.py:190} INFO - [2026-01-27T08:01:43.332+0000] {dag.py:3239} INFO - Sync 1 DAGs
[2026-01-27T08:01:43.362+0000] {logging_mixin.py:190} INFO - [2026-01-27T08:01:43.361+0000] {dag.py:4180} INFO - Setting next_dagrun for 01_music_ingestion_realtime to 2026-01-27 07:00:00+00:00, run_after=2026-01-27 08:00:00+00:00
[2026-01-27T08:01:43.387+0000] {processor.py:208} INFO - Processing /opt/airflow/dags/music_ingestion_dag.py took 0.154 seconds
[2026-01-27T08:02:13.691+0000] {processor.py:186} INFO - Started process (PID=887) to work on /opt/airflow/dags/music_ingestion_dag.py
[2026-01-27T08:02:13.693+0000] {processor.py:914} INFO - Processing file /opt/airflow/dags/music_ingestion_dag.py for tasks to queue
[2026-01-27T08:02:13.695+0000] {logging_mixin.py:190} INFO - [2026-01-27T08:02:13.695+0000] {dagbag.py:588} INFO - Filling up the DagBag from /opt/airflow/dags/music_ingestion_dag.py
[2026-01-27T08:02:13.715+0000] {processor.py:925} INFO - DAG(s) '01_music_ingestion_realtime' retrieved from /opt/airflow/dags/music_ingestion_dag.py
[2026-01-27T08:02:13.746+0000] {logging_mixin.py:190} INFO - [2026-01-27T08:02:13.746+0000] {dag.py:3239} INFO - Sync 1 DAGs
[2026-01-27T08:02:13.772+0000] {logging_mixin.py:190} INFO - [2026-01-27T08:02:13.772+0000] {dag.py:4180} INFO - Setting next_dagrun for 01_music_ingestion_realtime to 2026-01-27 07:00:00+00:00, run_after=2026-01-27 08:00:00+00:00
[2026-01-27T08:02:13.800+0000] {processor.py:208} INFO - Processing /opt/airflow/dags/music_ingestion_dag.py took 0.114 seconds
[2026-01-27T08:02:44.029+0000] {processor.py:186} INFO - Started process (PID=892) to work on /opt/airflow/dags/music_ingestion_dag.py
[2026-01-27T08:02:44.031+0000] {processor.py:914} INFO - Processing file /opt/airflow/dags/music_ingestion_dag.py for tasks to queue
[2026-01-27T08:02:44.037+0000] {logging_mixin.py:190} INFO - [2026-01-27T08:02:44.036+0000] {dagbag.py:588} INFO - Filling up the DagBag from /opt/airflow/dags/music_ingestion_dag.py
[2026-01-27T08:02:44.067+0000] {processor.py:925} INFO - DAG(s) '01_music_ingestion_realtime' retrieved from /opt/airflow/dags/music_ingestion_dag.py
[2026-01-27T08:02:44.096+0000] {logging_mixin.py:190} INFO - [2026-01-27T08:02:44.096+0000] {dag.py:3239} INFO - Sync 1 DAGs
[2026-01-27T08:02:44.124+0000] {logging_mixin.py:190} INFO - [2026-01-27T08:02:44.123+0000] {dag.py:4180} INFO - Setting next_dagrun for 01_music_ingestion_realtime to 2026-01-27 07:00:00+00:00, run_after=2026-01-27 08:00:00+00:00
[2026-01-27T08:02:44.162+0000] {processor.py:208} INFO - Processing /opt/airflow/dags/music_ingestion_dag.py took 0.141 seconds
[2026-01-27T08:03:14.440+0000] {processor.py:186} INFO - Started process (PID=897) to work on /opt/airflow/dags/music_ingestion_dag.py
[2026-01-27T08:03:14.442+0000] {processor.py:914} INFO - Processing file /opt/airflow/dags/music_ingestion_dag.py for tasks to queue
[2026-01-27T08:03:14.445+0000] {logging_mixin.py:190} INFO - [2026-01-27T08:03:14.444+0000] {dagbag.py:588} INFO - Filling up the DagBag from /opt/airflow/dags/music_ingestion_dag.py
[2026-01-27T08:03:14.464+0000] {processor.py:925} INFO - DAG(s) '01_music_ingestion_realtime' retrieved from /opt/airflow/dags/music_ingestion_dag.py
[2026-01-27T08:03:14.490+0000] {logging_mixin.py:190} INFO - [2026-01-27T08:03:14.490+0000] {dag.py:3239} INFO - Sync 1 DAGs
[2026-01-27T08:03:14.512+0000] {logging_mixin.py:190} INFO - [2026-01-27T08:03:14.512+0000] {dag.py:4180} INFO - Setting next_dagrun for 01_music_ingestion_realtime to 2026-01-27 07:00:00+00:00, run_after=2026-01-27 08:00:00+00:00
[2026-01-27T08:03:14.538+0000] {processor.py:208} INFO - Processing /opt/airflow/dags/music_ingestion_dag.py took 0.106 seconds
[2026-01-27T08:03:44.821+0000] {processor.py:186} INFO - Started process (PID=902) to work on /opt/airflow/dags/music_ingestion_dag.py
[2026-01-27T08:03:44.824+0000] {processor.py:914} INFO - Processing file /opt/airflow/dags/music_ingestion_dag.py for tasks to queue
[2026-01-27T08:03:44.827+0000] {logging_mixin.py:190} INFO - [2026-01-27T08:03:44.827+0000] {dagbag.py:588} INFO - Filling up the DagBag from /opt/airflow/dags/music_ingestion_dag.py
[2026-01-27T08:03:44.847+0000] {processor.py:925} INFO - DAG(s) '01_music_ingestion_realtime' retrieved from /opt/airflow/dags/music_ingestion_dag.py
[2026-01-27T08:03:44.874+0000] {logging_mixin.py:190} INFO - [2026-01-27T08:03:44.874+0000] {dag.py:3239} INFO - Sync 1 DAGs
[2026-01-27T08:03:44.904+0000] {logging_mixin.py:190} INFO - [2026-01-27T08:03:44.904+0000] {dag.py:4180} INFO - Setting next_dagrun for 01_music_ingestion_realtime to 2026-01-27 07:00:00+00:00, run_after=2026-01-27 08:00:00+00:00
[2026-01-27T08:03:44.930+0000] {processor.py:208} INFO - Processing /opt/airflow/dags/music_ingestion_dag.py took 0.115 seconds
[2026-01-27T08:04:15.224+0000] {processor.py:186} INFO - Started process (PID=907) to work on /opt/airflow/dags/music_ingestion_dag.py
[2026-01-27T08:04:15.226+0000] {processor.py:914} INFO - Processing file /opt/airflow/dags/music_ingestion_dag.py for tasks to queue
[2026-01-27T08:04:15.234+0000] {logging_mixin.py:190} INFO - [2026-01-27T08:04:15.233+0000] {dagbag.py:588} INFO - Filling up the DagBag from /opt/airflow/dags/music_ingestion_dag.py
[2026-01-27T08:04:15.262+0000] {processor.py:925} INFO - DAG(s) '01_music_ingestion_realtime' retrieved from /opt/airflow/dags/music_ingestion_dag.py
[2026-01-27T08:04:15.292+0000] {logging_mixin.py:190} INFO - [2026-01-27T08:04:15.291+0000] {dag.py:3239} INFO - Sync 1 DAGs
[2026-01-27T08:04:15.333+0000] {logging_mixin.py:190} INFO - [2026-01-27T08:04:15.332+0000] {dag.py:4180} INFO - Setting next_dagrun for 01_music_ingestion_realtime to 2026-01-27 07:00:00+00:00, run_after=2026-01-27 08:00:00+00:00
[2026-01-27T08:04:15.357+0000] {processor.py:208} INFO - Processing /opt/airflow/dags/music_ingestion_dag.py took 0.142 seconds
[2026-01-27T08:04:45.568+0000] {processor.py:186} INFO - Started process (PID=912) to work on /opt/airflow/dags/music_ingestion_dag.py
[2026-01-27T08:04:45.570+0000] {processor.py:914} INFO - Processing file /opt/airflow/dags/music_ingestion_dag.py for tasks to queue
[2026-01-27T08:04:45.573+0000] {logging_mixin.py:190} INFO - [2026-01-27T08:04:45.572+0000] {dagbag.py:588} INFO - Filling up the DagBag from /opt/airflow/dags/music_ingestion_dag.py
[2026-01-27T08:04:45.596+0000] {processor.py:925} INFO - DAG(s) '01_music_ingestion_realtime' retrieved from /opt/airflow/dags/music_ingestion_dag.py
[2026-01-27T08:04:45.626+0000] {logging_mixin.py:190} INFO - [2026-01-27T08:04:45.625+0000] {dag.py:3239} INFO - Sync 1 DAGs
[2026-01-27T08:04:45.654+0000] {logging_mixin.py:190} INFO - [2026-01-27T08:04:45.654+0000] {dag.py:4180} INFO - Setting next_dagrun for 01_music_ingestion_realtime to 2026-01-27 07:00:00+00:00, run_after=2026-01-27 08:00:00+00:00
[2026-01-27T08:04:45.681+0000] {processor.py:208} INFO - Processing /opt/airflow/dags/music_ingestion_dag.py took 0.119 seconds
[2026-01-27T08:05:16.045+0000] {processor.py:186} INFO - Started process (PID=917) to work on /opt/airflow/dags/music_ingestion_dag.py
[2026-01-27T08:05:16.046+0000] {processor.py:914} INFO - Processing file /opt/airflow/dags/music_ingestion_dag.py for tasks to queue
[2026-01-27T08:05:16.049+0000] {logging_mixin.py:190} INFO - [2026-01-27T08:05:16.049+0000] {dagbag.py:588} INFO - Filling up the DagBag from /opt/airflow/dags/music_ingestion_dag.py
[2026-01-27T08:05:16.080+0000] {processor.py:925} INFO - DAG(s) '01_music_ingestion_realtime' retrieved from /opt/airflow/dags/music_ingestion_dag.py
[2026-01-27T08:05:16.112+0000] {logging_mixin.py:190} INFO - [2026-01-27T08:05:16.112+0000] {dag.py:3239} INFO - Sync 1 DAGs
[2026-01-27T08:05:16.140+0000] {logging_mixin.py:190} INFO - [2026-01-27T08:05:16.140+0000] {dag.py:4180} INFO - Setting next_dagrun for 01_music_ingestion_realtime to 2026-01-27 07:00:00+00:00, run_after=2026-01-27 08:00:00+00:00
[2026-01-27T08:05:16.170+0000] {processor.py:208} INFO - Processing /opt/airflow/dags/music_ingestion_dag.py took 0.132 seconds
[2026-01-27T08:05:46.383+0000] {processor.py:186} INFO - Started process (PID=922) to work on /opt/airflow/dags/music_ingestion_dag.py
[2026-01-27T08:05:46.384+0000] {processor.py:914} INFO - Processing file /opt/airflow/dags/music_ingestion_dag.py for tasks to queue
[2026-01-27T08:05:46.386+0000] {logging_mixin.py:190} INFO - [2026-01-27T08:05:46.386+0000] {dagbag.py:588} INFO - Filling up the DagBag from /opt/airflow/dags/music_ingestion_dag.py
[2026-01-27T08:05:46.408+0000] {processor.py:925} INFO - DAG(s) '01_music_ingestion_realtime' retrieved from /opt/airflow/dags/music_ingestion_dag.py
[2026-01-27T08:05:46.442+0000] {logging_mixin.py:190} INFO - [2026-01-27T08:05:46.442+0000] {dag.py:3239} INFO - Sync 1 DAGs
[2026-01-27T08:05:46.467+0000] {logging_mixin.py:190} INFO - [2026-01-27T08:05:46.466+0000] {dag.py:4180} INFO - Setting next_dagrun for 01_music_ingestion_realtime to 2026-01-27 07:00:00+00:00, run_after=2026-01-27 08:00:00+00:00
[2026-01-27T08:05:46.491+0000] {processor.py:208} INFO - Processing /opt/airflow/dags/music_ingestion_dag.py took 0.113 seconds
[2026-01-27T08:06:16.709+0000] {processor.py:186} INFO - Started process (PID=927) to work on /opt/airflow/dags/music_ingestion_dag.py
[2026-01-27T08:06:16.711+0000] {processor.py:914} INFO - Processing file /opt/airflow/dags/music_ingestion_dag.py for tasks to queue
[2026-01-27T08:06:16.714+0000] {logging_mixin.py:190} INFO - [2026-01-27T08:06:16.714+0000] {dagbag.py:588} INFO - Filling up the DagBag from /opt/airflow/dags/music_ingestion_dag.py
[2026-01-27T08:06:16.733+0000] {processor.py:925} INFO - DAG(s) '01_music_ingestion_realtime' retrieved from /opt/airflow/dags/music_ingestion_dag.py
[2026-01-27T08:06:16.766+0000] {logging_mixin.py:190} INFO - [2026-01-27T08:06:16.766+0000] {dag.py:3239} INFO - Sync 1 DAGs
[2026-01-27T08:06:16.799+0000] {logging_mixin.py:190} INFO - [2026-01-27T08:06:16.799+0000] {dag.py:4180} INFO - Setting next_dagrun for 01_music_ingestion_realtime to 2026-01-27 07:00:00+00:00, run_after=2026-01-27 08:00:00+00:00
[2026-01-27T08:06:16.829+0000] {processor.py:208} INFO - Processing /opt/airflow/dags/music_ingestion_dag.py took 0.126 seconds
[2026-01-27T08:06:47.124+0000] {processor.py:186} INFO - Started process (PID=932) to work on /opt/airflow/dags/music_ingestion_dag.py
[2026-01-27T08:06:47.125+0000] {processor.py:914} INFO - Processing file /opt/airflow/dags/music_ingestion_dag.py for tasks to queue
[2026-01-27T08:06:47.129+0000] {logging_mixin.py:190} INFO - [2026-01-27T08:06:47.129+0000] {dagbag.py:588} INFO - Filling up the DagBag from /opt/airflow/dags/music_ingestion_dag.py
[2026-01-27T08:06:47.151+0000] {processor.py:925} INFO - DAG(s) '01_music_ingestion_realtime' retrieved from /opt/airflow/dags/music_ingestion_dag.py
[2026-01-27T08:06:47.183+0000] {logging_mixin.py:190} INFO - [2026-01-27T08:06:47.183+0000] {dag.py:3239} INFO - Sync 1 DAGs
[2026-01-27T08:06:47.211+0000] {logging_mixin.py:190} INFO - [2026-01-27T08:06:47.211+0000] {dag.py:4180} INFO - Setting next_dagrun for 01_music_ingestion_realtime to 2026-01-27 07:00:00+00:00, run_after=2026-01-27 08:00:00+00:00
[2026-01-27T08:06:47.239+0000] {processor.py:208} INFO - Processing /opt/airflow/dags/music_ingestion_dag.py took 0.121 seconds
[2026-01-27T08:07:17.506+0000] {processor.py:186} INFO - Started process (PID=937) to work on /opt/airflow/dags/music_ingestion_dag.py
[2026-01-27T08:07:17.508+0000] {processor.py:914} INFO - Processing file /opt/airflow/dags/music_ingestion_dag.py for tasks to queue
[2026-01-27T08:07:17.512+0000] {logging_mixin.py:190} INFO - [2026-01-27T08:07:17.511+0000] {dagbag.py:588} INFO - Filling up the DagBag from /opt/airflow/dags/music_ingestion_dag.py
[2026-01-27T08:07:17.535+0000] {processor.py:925} INFO - DAG(s) '01_music_ingestion_realtime' retrieved from /opt/airflow/dags/music_ingestion_dag.py
[2026-01-27T08:07:17.561+0000] {logging_mixin.py:190} INFO - [2026-01-27T08:07:17.561+0000] {dag.py:3239} INFO - Sync 1 DAGs
[2026-01-27T08:07:17.590+0000] {logging_mixin.py:190} INFO - [2026-01-27T08:07:17.589+0000] {dag.py:4180} INFO - Setting next_dagrun for 01_music_ingestion_realtime to 2026-01-27 07:00:00+00:00, run_after=2026-01-27 08:00:00+00:00
[2026-01-27T08:07:17.622+0000] {processor.py:208} INFO - Processing /opt/airflow/dags/music_ingestion_dag.py took 0.125 seconds
[2026-01-27T08:07:47.886+0000] {processor.py:186} INFO - Started process (PID=942) to work on /opt/airflow/dags/music_ingestion_dag.py
[2026-01-27T08:07:47.887+0000] {processor.py:914} INFO - Processing file /opt/airflow/dags/music_ingestion_dag.py for tasks to queue
[2026-01-27T08:07:47.890+0000] {logging_mixin.py:190} INFO - [2026-01-27T08:07:47.889+0000] {dagbag.py:588} INFO - Filling up the DagBag from /opt/airflow/dags/music_ingestion_dag.py
[2026-01-27T08:07:47.910+0000] {processor.py:925} INFO - DAG(s) '01_music_ingestion_realtime' retrieved from /opt/airflow/dags/music_ingestion_dag.py
[2026-01-27T08:07:47.947+0000] {logging_mixin.py:190} INFO - [2026-01-27T08:07:47.946+0000] {dag.py:3239} INFO - Sync 1 DAGs
[2026-01-27T08:07:47.977+0000] {logging_mixin.py:190} INFO - [2026-01-27T08:07:47.977+0000] {dag.py:4180} INFO - Setting next_dagrun for 01_music_ingestion_realtime to 2026-01-27 07:00:00+00:00, run_after=2026-01-27 08:00:00+00:00
[2026-01-27T08:07:48.006+0000] {processor.py:208} INFO - Processing /opt/airflow/dags/music_ingestion_dag.py took 0.127 seconds
[2026-01-27T08:08:18.313+0000] {processor.py:186} INFO - Started process (PID=947) to work on /opt/airflow/dags/music_ingestion_dag.py
[2026-01-27T08:08:18.315+0000] {processor.py:914} INFO - Processing file /opt/airflow/dags/music_ingestion_dag.py for tasks to queue
[2026-01-27T08:08:18.323+0000] {logging_mixin.py:190} INFO - [2026-01-27T08:08:18.322+0000] {dagbag.py:588} INFO - Filling up the DagBag from /opt/airflow/dags/music_ingestion_dag.py
[2026-01-27T08:08:18.355+0000] {processor.py:925} INFO - DAG(s) '01_music_ingestion_realtime' retrieved from /opt/airflow/dags/music_ingestion_dag.py
[2026-01-27T08:08:18.388+0000] {logging_mixin.py:190} INFO - [2026-01-27T08:08:18.388+0000] {dag.py:3239} INFO - Sync 1 DAGs
[2026-01-27T08:08:18.422+0000] {logging_mixin.py:190} INFO - [2026-01-27T08:08:18.421+0000] {dag.py:4180} INFO - Setting next_dagrun for 01_music_ingestion_realtime to 2026-01-27 07:00:00+00:00, run_after=2026-01-27 08:00:00+00:00
[2026-01-27T08:08:18.452+0000] {processor.py:208} INFO - Processing /opt/airflow/dags/music_ingestion_dag.py took 0.146 seconds
[2026-01-27T08:08:48.690+0000] {processor.py:186} INFO - Started process (PID=952) to work on /opt/airflow/dags/music_ingestion_dag.py
[2026-01-27T08:08:48.691+0000] {processor.py:914} INFO - Processing file /opt/airflow/dags/music_ingestion_dag.py for tasks to queue
[2026-01-27T08:08:48.694+0000] {logging_mixin.py:190} INFO - [2026-01-27T08:08:48.693+0000] {dagbag.py:588} INFO - Filling up the DagBag from /opt/airflow/dags/music_ingestion_dag.py
[2026-01-27T08:08:48.713+0000] {processor.py:925} INFO - DAG(s) '01_music_ingestion_realtime' retrieved from /opt/airflow/dags/music_ingestion_dag.py
[2026-01-27T08:08:48.742+0000] {logging_mixin.py:190} INFO - [2026-01-27T08:08:48.742+0000] {dag.py:3239} INFO - Sync 1 DAGs
[2026-01-27T08:08:48.771+0000] {logging_mixin.py:190} INFO - [2026-01-27T08:08:48.771+0000] {dag.py:4180} INFO - Setting next_dagrun for 01_music_ingestion_realtime to 2026-01-27 07:00:00+00:00, run_after=2026-01-27 08:00:00+00:00
[2026-01-27T08:08:48.795+0000] {processor.py:208} INFO - Processing /opt/airflow/dags/music_ingestion_dag.py took 0.111 seconds
[2026-01-27T08:09:19.797+0000] {processor.py:186} INFO - Started process (PID=957) to work on /opt/airflow/dags/music_ingestion_dag.py
[2026-01-27T08:09:19.798+0000] {processor.py:914} INFO - Processing file /opt/airflow/dags/music_ingestion_dag.py for tasks to queue
[2026-01-27T08:09:19.801+0000] {logging_mixin.py:190} INFO - [2026-01-27T08:09:19.801+0000] {dagbag.py:588} INFO - Filling up the DagBag from /opt/airflow/dags/music_ingestion_dag.py
[2026-01-27T08:09:19.819+0000] {processor.py:925} INFO - DAG(s) '01_music_ingestion_realtime' retrieved from /opt/airflow/dags/music_ingestion_dag.py
[2026-01-27T08:09:19.850+0000] {logging_mixin.py:190} INFO - [2026-01-27T08:09:19.850+0000] {dag.py:3239} INFO - Sync 1 DAGs
[2026-01-27T08:09:19.874+0000] {logging_mixin.py:190} INFO - [2026-01-27T08:09:19.873+0000] {dag.py:4180} INFO - Setting next_dagrun for 01_music_ingestion_realtime to 2026-01-27 07:00:00+00:00, run_after=2026-01-27 08:00:00+00:00
[2026-01-27T08:09:19.896+0000] {processor.py:208} INFO - Processing /opt/airflow/dags/music_ingestion_dag.py took 0.106 seconds
[2026-01-27T08:09:50.102+0000] {processor.py:186} INFO - Started process (PID=962) to work on /opt/airflow/dags/music_ingestion_dag.py
[2026-01-27T08:09:50.103+0000] {processor.py:914} INFO - Processing file /opt/airflow/dags/music_ingestion_dag.py for tasks to queue
[2026-01-27T08:09:50.106+0000] {logging_mixin.py:190} INFO - [2026-01-27T08:09:50.106+0000] {dagbag.py:588} INFO - Filling up the DagBag from /opt/airflow/dags/music_ingestion_dag.py
[2026-01-27T08:09:50.127+0000] {processor.py:925} INFO - DAG(s) '01_music_ingestion_realtime' retrieved from /opt/airflow/dags/music_ingestion_dag.py
[2026-01-27T08:09:50.156+0000] {logging_mixin.py:190} INFO - [2026-01-27T08:09:50.156+0000] {dag.py:3239} INFO - Sync 1 DAGs
[2026-01-27T08:09:50.186+0000] {logging_mixin.py:190} INFO - [2026-01-27T08:09:50.185+0000] {dag.py:4180} INFO - Setting next_dagrun for 01_music_ingestion_realtime to 2026-01-27 07:00:00+00:00, run_after=2026-01-27 08:00:00+00:00
[2026-01-27T08:09:50.212+0000] {processor.py:208} INFO - Processing /opt/airflow/dags/music_ingestion_dag.py took 0.117 seconds
[2026-01-27T08:10:20.549+0000] {processor.py:186} INFO - Started process (PID=967) to work on /opt/airflow/dags/music_ingestion_dag.py
[2026-01-27T08:10:20.551+0000] {processor.py:914} INFO - Processing file /opt/airflow/dags/music_ingestion_dag.py for tasks to queue
[2026-01-27T08:10:20.554+0000] {logging_mixin.py:190} INFO - [2026-01-27T08:10:20.554+0000] {dagbag.py:588} INFO - Filling up the DagBag from /opt/airflow/dags/music_ingestion_dag.py
[2026-01-27T08:10:20.585+0000] {processor.py:925} INFO - DAG(s) '01_music_ingestion_realtime' retrieved from /opt/airflow/dags/music_ingestion_dag.py
[2026-01-27T08:10:20.613+0000] {logging_mixin.py:190} INFO - [2026-01-27T08:10:20.613+0000] {dag.py:3239} INFO - Sync 1 DAGs
[2026-01-27T08:10:20.634+0000] {logging_mixin.py:190} INFO - [2026-01-27T08:10:20.634+0000] {dag.py:4180} INFO - Setting next_dagrun for 01_music_ingestion_realtime to 2026-01-27 07:00:00+00:00, run_after=2026-01-27 08:00:00+00:00
[2026-01-27T08:10:20.663+0000] {processor.py:208} INFO - Processing /opt/airflow/dags/music_ingestion_dag.py took 0.119 seconds
[2026-01-27T08:10:50.908+0000] {processor.py:186} INFO - Started process (PID=972) to work on /opt/airflow/dags/music_ingestion_dag.py
[2026-01-27T08:10:50.910+0000] {processor.py:914} INFO - Processing file /opt/airflow/dags/music_ingestion_dag.py for tasks to queue
[2026-01-27T08:10:50.913+0000] {logging_mixin.py:190} INFO - [2026-01-27T08:10:50.913+0000] {dagbag.py:588} INFO - Filling up the DagBag from /opt/airflow/dags/music_ingestion_dag.py
[2026-01-27T08:10:50.939+0000] {processor.py:925} INFO - DAG(s) '01_music_ingestion_realtime' retrieved from /opt/airflow/dags/music_ingestion_dag.py
[2026-01-27T08:10:50.976+0000] {logging_mixin.py:190} INFO - [2026-01-27T08:10:50.975+0000] {dag.py:3239} INFO - Sync 1 DAGs
[2026-01-27T08:10:51.007+0000] {logging_mixin.py:190} INFO - [2026-01-27T08:10:51.007+0000] {dag.py:4180} INFO - Setting next_dagrun for 01_music_ingestion_realtime to 2026-01-27 07:00:00+00:00, run_after=2026-01-27 08:00:00+00:00
[2026-01-27T08:10:51.033+0000] {processor.py:208} INFO - Processing /opt/airflow/dags/music_ingestion_dag.py took 0.133 seconds
[2026-01-27T08:11:21.384+0000] {processor.py:186} INFO - Started process (PID=977) to work on /opt/airflow/dags/music_ingestion_dag.py
[2026-01-27T08:11:21.386+0000] {processor.py:914} INFO - Processing file /opt/airflow/dags/music_ingestion_dag.py for tasks to queue
[2026-01-27T08:11:21.390+0000] {logging_mixin.py:190} INFO - [2026-01-27T08:11:21.389+0000] {dagbag.py:588} INFO - Filling up the DagBag from /opt/airflow/dags/music_ingestion_dag.py
[2026-01-27T08:11:21.420+0000] {processor.py:925} INFO - DAG(s) '01_music_ingestion_realtime' retrieved from /opt/airflow/dags/music_ingestion_dag.py
[2026-01-27T08:11:21.455+0000] {logging_mixin.py:190} INFO - [2026-01-27T08:11:21.455+0000] {dag.py:3239} INFO - Sync 1 DAGs
[2026-01-27T08:11:21.491+0000] {logging_mixin.py:190} INFO - [2026-01-27T08:11:21.490+0000] {dag.py:4180} INFO - Setting next_dagrun for 01_music_ingestion_realtime to 2026-01-27 07:00:00+00:00, run_after=2026-01-27 08:00:00+00:00
[2026-01-27T08:11:21.520+0000] {processor.py:208} INFO - Processing /opt/airflow/dags/music_ingestion_dag.py took 0.145 seconds
[2026-01-27T08:11:51.726+0000] {processor.py:186} INFO - Started process (PID=982) to work on /opt/airflow/dags/music_ingestion_dag.py
[2026-01-27T08:11:51.727+0000] {processor.py:914} INFO - Processing file /opt/airflow/dags/music_ingestion_dag.py for tasks to queue
[2026-01-27T08:11:51.729+0000] {logging_mixin.py:190} INFO - [2026-01-27T08:11:51.729+0000] {dagbag.py:588} INFO - Filling up the DagBag from /opt/airflow/dags/music_ingestion_dag.py
[2026-01-27T08:11:51.749+0000] {processor.py:925} INFO - DAG(s) '01_music_ingestion_realtime' retrieved from /opt/airflow/dags/music_ingestion_dag.py
[2026-01-27T08:11:51.783+0000] {logging_mixin.py:190} INFO - [2026-01-27T08:11:51.783+0000] {dag.py:3239} INFO - Sync 1 DAGs
[2026-01-27T08:11:51.810+0000] {logging_mixin.py:190} INFO - [2026-01-27T08:11:51.810+0000] {dag.py:4180} INFO - Setting next_dagrun for 01_music_ingestion_realtime to 2026-01-27 07:00:00+00:00, run_after=2026-01-27 08:00:00+00:00
[2026-01-27T08:11:51.836+0000] {processor.py:208} INFO - Processing /opt/airflow/dags/music_ingestion_dag.py took 0.116 seconds
[2026-01-27T08:12:22.281+0000] {processor.py:186} INFO - Started process (PID=987) to work on /opt/airflow/dags/music_ingestion_dag.py
[2026-01-27T08:12:22.284+0000] {processor.py:914} INFO - Processing file /opt/airflow/dags/music_ingestion_dag.py for tasks to queue
[2026-01-27T08:12:22.287+0000] {logging_mixin.py:190} INFO - [2026-01-27T08:12:22.287+0000] {dagbag.py:588} INFO - Filling up the DagBag from /opt/airflow/dags/music_ingestion_dag.py
[2026-01-27T08:12:22.320+0000] {processor.py:925} INFO - DAG(s) '01_music_ingestion_realtime' retrieved from /opt/airflow/dags/music_ingestion_dag.py
[2026-01-27T08:12:22.353+0000] {logging_mixin.py:190} INFO - [2026-01-27T08:12:22.353+0000] {dag.py:3239} INFO - Sync 1 DAGs
[2026-01-27T08:12:22.384+0000] {logging_mixin.py:190} INFO - [2026-01-27T08:12:22.384+0000] {dag.py:4180} INFO - Setting next_dagrun for 01_music_ingestion_realtime to 2026-01-27 07:00:00+00:00, run_after=2026-01-27 08:00:00+00:00
[2026-01-27T08:12:22.411+0000] {processor.py:208} INFO - Processing /opt/airflow/dags/music_ingestion_dag.py took 0.140 seconds
[2026-01-27T08:12:52.623+0000] {processor.py:186} INFO - Started process (PID=992) to work on /opt/airflow/dags/music_ingestion_dag.py
[2026-01-27T08:12:52.624+0000] {processor.py:914} INFO - Processing file /opt/airflow/dags/music_ingestion_dag.py for tasks to queue
[2026-01-27T08:12:52.627+0000] {logging_mixin.py:190} INFO - [2026-01-27T08:12:52.627+0000] {dagbag.py:588} INFO - Filling up the DagBag from /opt/airflow/dags/music_ingestion_dag.py
[2026-01-27T08:12:52.651+0000] {processor.py:925} INFO - DAG(s) '01_music_ingestion_realtime' retrieved from /opt/airflow/dags/music_ingestion_dag.py
[2026-01-27T08:12:52.685+0000] {logging_mixin.py:190} INFO - [2026-01-27T08:12:52.685+0000] {dag.py:3239} INFO - Sync 1 DAGs
[2026-01-27T08:12:52.710+0000] {logging_mixin.py:190} INFO - [2026-01-27T08:12:52.709+0000] {dag.py:4180} INFO - Setting next_dagrun for 01_music_ingestion_realtime to 2026-01-27 07:00:00+00:00, run_after=2026-01-27 08:00:00+00:00
[2026-01-27T08:12:52.735+0000] {processor.py:208} INFO - Processing /opt/airflow/dags/music_ingestion_dag.py took 0.118 seconds
[2026-01-27T08:13:23.073+0000] {processor.py:186} INFO - Started process (PID=997) to work on /opt/airflow/dags/music_ingestion_dag.py
[2026-01-27T08:13:23.075+0000] {processor.py:914} INFO - Processing file /opt/airflow/dags/music_ingestion_dag.py for tasks to queue
[2026-01-27T08:13:23.079+0000] {logging_mixin.py:190} INFO - [2026-01-27T08:13:23.079+0000] {dagbag.py:588} INFO - Filling up the DagBag from /opt/airflow/dags/music_ingestion_dag.py
[2026-01-27T08:13:23.102+0000] {processor.py:925} INFO - DAG(s) '01_music_ingestion_realtime' retrieved from /opt/airflow/dags/music_ingestion_dag.py
[2026-01-27T08:13:23.131+0000] {logging_mixin.py:190} INFO - [2026-01-27T08:13:23.131+0000] {dag.py:3239} INFO - Sync 1 DAGs
[2026-01-27T08:13:23.160+0000] {logging_mixin.py:190} INFO - [2026-01-27T08:13:23.160+0000] {dag.py:4180} INFO - Setting next_dagrun for 01_music_ingestion_realtime to 2026-01-27 07:00:00+00:00, run_after=2026-01-27 08:00:00+00:00
[2026-01-27T08:13:23.187+0000] {processor.py:208} INFO - Processing /opt/airflow/dags/music_ingestion_dag.py took 0.120 seconds
[2026-01-27T08:13:53.432+0000] {processor.py:186} INFO - Started process (PID=1002) to work on /opt/airflow/dags/music_ingestion_dag.py
[2026-01-27T08:13:53.434+0000] {processor.py:914} INFO - Processing file /opt/airflow/dags/music_ingestion_dag.py for tasks to queue
[2026-01-27T08:13:53.437+0000] {logging_mixin.py:190} INFO - [2026-01-27T08:13:53.437+0000] {dagbag.py:588} INFO - Filling up the DagBag from /opt/airflow/dags/music_ingestion_dag.py
[2026-01-27T08:13:53.470+0000] {processor.py:925} INFO - DAG(s) '01_music_ingestion_realtime' retrieved from /opt/airflow/dags/music_ingestion_dag.py
[2026-01-27T08:13:53.500+0000] {logging_mixin.py:190} INFO - [2026-01-27T08:13:53.500+0000] {dag.py:3239} INFO - Sync 1 DAGs
[2026-01-27T08:13:53.533+0000] {logging_mixin.py:190} INFO - [2026-01-27T08:13:53.533+0000] {dag.py:4180} INFO - Setting next_dagrun for 01_music_ingestion_realtime to 2026-01-27 07:00:00+00:00, run_after=2026-01-27 08:00:00+00:00
[2026-01-27T08:13:53.561+0000] {processor.py:208} INFO - Processing /opt/airflow/dags/music_ingestion_dag.py took 0.138 seconds
[2026-01-27T08:14:23.890+0000] {processor.py:186} INFO - Started process (PID=1007) to work on /opt/airflow/dags/music_ingestion_dag.py
[2026-01-27T08:14:23.892+0000] {processor.py:914} INFO - Processing file /opt/airflow/dags/music_ingestion_dag.py for tasks to queue
[2026-01-27T08:14:23.895+0000] {logging_mixin.py:190} INFO - [2026-01-27T08:14:23.894+0000] {dagbag.py:588} INFO - Filling up the DagBag from /opt/airflow/dags/music_ingestion_dag.py
[2026-01-27T08:14:23.914+0000] {processor.py:925} INFO - DAG(s) '01_music_ingestion_realtime' retrieved from /opt/airflow/dags/music_ingestion_dag.py
[2026-01-27T08:14:23.940+0000] {logging_mixin.py:190} INFO - [2026-01-27T08:14:23.940+0000] {dag.py:3239} INFO - Sync 1 DAGs
[2026-01-27T08:14:23.965+0000] {logging_mixin.py:190} INFO - [2026-01-27T08:14:23.965+0000] {dag.py:4180} INFO - Setting next_dagrun for 01_music_ingestion_realtime to 2026-01-27 07:00:00+00:00, run_after=2026-01-27 08:00:00+00:00
[2026-01-27T08:14:23.989+0000] {processor.py:208} INFO - Processing /opt/airflow/dags/music_ingestion_dag.py took 0.106 seconds
[2026-01-27T08:14:54.223+0000] {processor.py:186} INFO - Started process (PID=1012) to work on /opt/airflow/dags/music_ingestion_dag.py
[2026-01-27T08:14:54.224+0000] {processor.py:914} INFO - Processing file /opt/airflow/dags/music_ingestion_dag.py for tasks to queue
[2026-01-27T08:14:54.228+0000] {logging_mixin.py:190} INFO - [2026-01-27T08:14:54.227+0000] {dagbag.py:588} INFO - Filling up the DagBag from /opt/airflow/dags/music_ingestion_dag.py
[2026-01-27T08:14:54.258+0000] {processor.py:925} INFO - DAG(s) '01_music_ingestion_realtime' retrieved from /opt/airflow/dags/music_ingestion_dag.py
[2026-01-27T08:14:54.293+0000] {logging_mixin.py:190} INFO - [2026-01-27T08:14:54.293+0000] {dag.py:3239} INFO - Sync 1 DAGs
[2026-01-27T08:14:54.327+0000] {logging_mixin.py:190} INFO - [2026-01-27T08:14:54.326+0000] {dag.py:4180} INFO - Setting next_dagrun for 01_music_ingestion_realtime to 2026-01-27 07:00:00+00:00, run_after=2026-01-27 08:00:00+00:00
[2026-01-27T08:14:54.355+0000] {processor.py:208} INFO - Processing /opt/airflow/dags/music_ingestion_dag.py took 0.141 seconds
[2026-01-27T08:15:24.652+0000] {processor.py:186} INFO - Started process (PID=1017) to work on /opt/airflow/dags/music_ingestion_dag.py
[2026-01-27T08:15:24.653+0000] {processor.py:914} INFO - Processing file /opt/airflow/dags/music_ingestion_dag.py for tasks to queue
[2026-01-27T08:15:24.656+0000] {logging_mixin.py:190} INFO - [2026-01-27T08:15:24.656+0000] {dagbag.py:588} INFO - Filling up the DagBag from /opt/airflow/dags/music_ingestion_dag.py
[2026-01-27T08:15:24.681+0000] {processor.py:925} INFO - DAG(s) '01_music_ingestion_realtime' retrieved from /opt/airflow/dags/music_ingestion_dag.py
[2026-01-27T08:15:24.715+0000] {logging_mixin.py:190} INFO - [2026-01-27T08:15:24.715+0000] {dag.py:3239} INFO - Sync 1 DAGs
[2026-01-27T08:15:24.739+0000] {logging_mixin.py:190} INFO - [2026-01-27T08:15:24.739+0000] {dag.py:4180} INFO - Setting next_dagrun for 01_music_ingestion_realtime to 2026-01-27 07:00:00+00:00, run_after=2026-01-27 08:00:00+00:00
[2026-01-27T08:15:24.766+0000] {processor.py:208} INFO - Processing /opt/airflow/dags/music_ingestion_dag.py took 0.122 seconds
[2026-01-27T08:15:55.007+0000] {processor.py:186} INFO - Started process (PID=1022) to work on /opt/airflow/dags/music_ingestion_dag.py
[2026-01-27T08:15:55.009+0000] {processor.py:914} INFO - Processing file /opt/airflow/dags/music_ingestion_dag.py for tasks to queue
[2026-01-27T08:15:55.012+0000] {logging_mixin.py:190} INFO - [2026-01-27T08:15:55.012+0000] {dagbag.py:588} INFO - Filling up the DagBag from /opt/airflow/dags/music_ingestion_dag.py
[2026-01-27T08:15:55.041+0000] {processor.py:925} INFO - DAG(s) '01_music_ingestion_realtime' retrieved from /opt/airflow/dags/music_ingestion_dag.py
[2026-01-27T08:15:55.074+0000] {logging_mixin.py:190} INFO - [2026-01-27T08:15:55.073+0000] {dag.py:3239} INFO - Sync 1 DAGs
[2026-01-27T08:15:55.099+0000] {logging_mixin.py:190} INFO - [2026-01-27T08:15:55.099+0000] {dag.py:4180} INFO - Setting next_dagrun for 01_music_ingestion_realtime to 2026-01-27 07:00:00+00:00, run_after=2026-01-27 08:00:00+00:00
[2026-01-27T08:15:55.123+0000] {processor.py:208} INFO - Processing /opt/airflow/dags/music_ingestion_dag.py took 0.121 seconds
[2026-01-27T08:16:25.456+0000] {processor.py:186} INFO - Started process (PID=1027) to work on /opt/airflow/dags/music_ingestion_dag.py
[2026-01-27T08:16:25.458+0000] {processor.py:914} INFO - Processing file /opt/airflow/dags/music_ingestion_dag.py for tasks to queue
[2026-01-27T08:16:25.461+0000] {logging_mixin.py:190} INFO - [2026-01-27T08:16:25.461+0000] {dagbag.py:588} INFO - Filling up the DagBag from /opt/airflow/dags/music_ingestion_dag.py
[2026-01-27T08:16:25.486+0000] {processor.py:925} INFO - DAG(s) '01_music_ingestion_realtime' retrieved from /opt/airflow/dags/music_ingestion_dag.py
[2026-01-27T08:16:25.515+0000] {logging_mixin.py:190} INFO - [2026-01-27T08:16:25.515+0000] {dag.py:3239} INFO - Sync 1 DAGs
[2026-01-27T08:16:25.539+0000] {logging_mixin.py:190} INFO - [2026-01-27T08:16:25.539+0000] {dag.py:4180} INFO - Setting next_dagrun for 01_music_ingestion_realtime to 2026-01-27 07:00:00+00:00, run_after=2026-01-27 08:00:00+00:00
[2026-01-27T08:16:25.565+0000] {processor.py:208} INFO - Processing /opt/airflow/dags/music_ingestion_dag.py took 0.116 seconds
[2026-01-27T08:16:55.819+0000] {processor.py:186} INFO - Started process (PID=1032) to work on /opt/airflow/dags/music_ingestion_dag.py
[2026-01-27T08:16:55.820+0000] {processor.py:914} INFO - Processing file /opt/airflow/dags/music_ingestion_dag.py for tasks to queue
[2026-01-27T08:16:55.823+0000] {logging_mixin.py:190} INFO - [2026-01-27T08:16:55.823+0000] {dagbag.py:588} INFO - Filling up the DagBag from /opt/airflow/dags/music_ingestion_dag.py
[2026-01-27T08:16:55.844+0000] {processor.py:925} INFO - DAG(s) '01_music_ingestion_realtime' retrieved from /opt/airflow/dags/music_ingestion_dag.py
[2026-01-27T08:16:55.885+0000] {logging_mixin.py:190} INFO - [2026-01-27T08:16:55.884+0000] {dag.py:3239} INFO - Sync 1 DAGs
[2026-01-27T08:16:55.923+0000] {logging_mixin.py:190} INFO - [2026-01-27T08:16:55.923+0000] {dag.py:4180} INFO - Setting next_dagrun for 01_music_ingestion_realtime to 2026-01-27 07:00:00+00:00, run_after=2026-01-27 08:00:00+00:00
[2026-01-27T08:16:55.951+0000] {processor.py:208} INFO - Processing /opt/airflow/dags/music_ingestion_dag.py took 0.139 seconds
[2026-01-27T08:17:26.273+0000] {processor.py:186} INFO - Started process (PID=1037) to work on /opt/airflow/dags/music_ingestion_dag.py
[2026-01-27T08:17:26.274+0000] {processor.py:914} INFO - Processing file /opt/airflow/dags/music_ingestion_dag.py for tasks to queue
[2026-01-27T08:17:26.277+0000] {logging_mixin.py:190} INFO - [2026-01-27T08:17:26.277+0000] {dagbag.py:588} INFO - Filling up the DagBag from /opt/airflow/dags/music_ingestion_dag.py
[2026-01-27T08:17:26.295+0000] {processor.py:925} INFO - DAG(s) '01_music_ingestion_realtime' retrieved from /opt/airflow/dags/music_ingestion_dag.py
[2026-01-27T08:17:26.321+0000] {logging_mixin.py:190} INFO - [2026-01-27T08:17:26.321+0000] {dag.py:3239} INFO - Sync 1 DAGs
[2026-01-27T08:17:26.346+0000] {logging_mixin.py:190} INFO - [2026-01-27T08:17:26.345+0000] {dag.py:4180} INFO - Setting next_dagrun for 01_music_ingestion_realtime to 2026-01-27 07:00:00+00:00, run_after=2026-01-27 08:00:00+00:00
[2026-01-27T08:17:26.371+0000] {processor.py:208} INFO - Processing /opt/airflow/dags/music_ingestion_dag.py took 0.104 seconds
[2026-01-27T08:17:56.686+0000] {processor.py:186} INFO - Started process (PID=1042) to work on /opt/airflow/dags/music_ingestion_dag.py
[2026-01-27T08:17:56.688+0000] {processor.py:914} INFO - Processing file /opt/airflow/dags/music_ingestion_dag.py for tasks to queue
[2026-01-27T08:17:56.692+0000] {logging_mixin.py:190} INFO - [2026-01-27T08:17:56.691+0000] {dagbag.py:588} INFO - Filling up the DagBag from /opt/airflow/dags/music_ingestion_dag.py
[2026-01-27T08:17:56.724+0000] {processor.py:925} INFO - DAG(s) '01_music_ingestion_realtime' retrieved from /opt/airflow/dags/music_ingestion_dag.py
[2026-01-27T08:17:56.751+0000] {logging_mixin.py:190} INFO - [2026-01-27T08:17:56.751+0000] {dag.py:3239} INFO - Sync 1 DAGs
[2026-01-27T08:17:56.778+0000] {logging_mixin.py:190} INFO - [2026-01-27T08:17:56.778+0000] {dag.py:4180} INFO - Setting next_dagrun for 01_music_ingestion_realtime to 2026-01-27 07:00:00+00:00, run_after=2026-01-27 08:00:00+00:00
[2026-01-27T08:17:56.804+0000] {processor.py:208} INFO - Processing /opt/airflow/dags/music_ingestion_dag.py took 0.123 seconds
[2026-01-27T08:18:27.026+0000] {processor.py:186} INFO - Started process (PID=1047) to work on /opt/airflow/dags/music_ingestion_dag.py
[2026-01-27T08:18:27.028+0000] {processor.py:914} INFO - Processing file /opt/airflow/dags/music_ingestion_dag.py for tasks to queue
[2026-01-27T08:18:27.031+0000] {logging_mixin.py:190} INFO - [2026-01-27T08:18:27.030+0000] {dagbag.py:588} INFO - Filling up the DagBag from /opt/airflow/dags/music_ingestion_dag.py
[2026-01-27T08:18:27.067+0000] {processor.py:925} INFO - DAG(s) '01_music_ingestion_realtime' retrieved from /opt/airflow/dags/music_ingestion_dag.py
[2026-01-27T08:18:27.100+0000] {logging_mixin.py:190} INFO - [2026-01-27T08:18:27.100+0000] {dag.py:3239} INFO - Sync 1 DAGs
[2026-01-27T08:18:27.130+0000] {logging_mixin.py:190} INFO - [2026-01-27T08:18:27.130+0000] {dag.py:4180} INFO - Setting next_dagrun for 01_music_ingestion_realtime to 2026-01-27 07:00:00+00:00, run_after=2026-01-27 08:00:00+00:00
[2026-01-27T08:18:27.156+0000] {processor.py:208} INFO - Processing /opt/airflow/dags/music_ingestion_dag.py took 0.137 seconds
[2026-01-27T08:18:57.506+0000] {processor.py:186} INFO - Started process (PID=1052) to work on /opt/airflow/dags/music_ingestion_dag.py
[2026-01-27T08:18:57.507+0000] {processor.py:914} INFO - Processing file /opt/airflow/dags/music_ingestion_dag.py for tasks to queue
[2026-01-27T08:18:57.510+0000] {logging_mixin.py:190} INFO - [2026-01-27T08:18:57.509+0000] {dagbag.py:588} INFO - Filling up the DagBag from /opt/airflow/dags/music_ingestion_dag.py
[2026-01-27T08:18:57.533+0000] {processor.py:925} INFO - DAG(s) '01_music_ingestion_realtime' retrieved from /opt/airflow/dags/music_ingestion_dag.py
[2026-01-27T08:18:57.575+0000] {logging_mixin.py:190} INFO - [2026-01-27T08:18:57.575+0000] {dag.py:3239} INFO - Sync 1 DAGs
[2026-01-27T08:18:57.603+0000] {logging_mixin.py:190} INFO - [2026-01-27T08:18:57.603+0000] {dag.py:4180} INFO - Setting next_dagrun for 01_music_ingestion_realtime to 2026-01-27 07:00:00+00:00, run_after=2026-01-27 08:00:00+00:00
[2026-01-27T08:18:57.628+0000] {processor.py:208} INFO - Processing /opt/airflow/dags/music_ingestion_dag.py took 0.128 seconds
[2026-01-27T08:19:27.889+0000] {processor.py:186} INFO - Started process (PID=1057) to work on /opt/airflow/dags/music_ingestion_dag.py
[2026-01-27T08:19:27.891+0000] {processor.py:914} INFO - Processing file /opt/airflow/dags/music_ingestion_dag.py for tasks to queue
[2026-01-27T08:19:27.893+0000] {logging_mixin.py:190} INFO - [2026-01-27T08:19:27.893+0000] {dagbag.py:588} INFO - Filling up the DagBag from /opt/airflow/dags/music_ingestion_dag.py
[2026-01-27T08:19:27.918+0000] {processor.py:925} INFO - DAG(s) '01_music_ingestion_realtime' retrieved from /opt/airflow/dags/music_ingestion_dag.py
[2026-01-27T08:19:27.953+0000] {logging_mixin.py:190} INFO - [2026-01-27T08:19:27.953+0000] {dag.py:3239} INFO - Sync 1 DAGs
[2026-01-27T08:19:27.978+0000] {logging_mixin.py:190} INFO - [2026-01-27T08:19:27.978+0000] {dag.py:4180} INFO - Setting next_dagrun for 01_music_ingestion_realtime to 2026-01-27 07:00:00+00:00, run_after=2026-01-27 08:00:00+00:00
[2026-01-27T08:19:28.009+0000] {processor.py:208} INFO - Processing /opt/airflow/dags/music_ingestion_dag.py took 0.126 seconds
[2026-01-27T08:19:58.231+0000] {processor.py:186} INFO - Started process (PID=1062) to work on /opt/airflow/dags/music_ingestion_dag.py
[2026-01-27T08:19:58.233+0000] {processor.py:914} INFO - Processing file /opt/airflow/dags/music_ingestion_dag.py for tasks to queue
[2026-01-27T08:19:58.235+0000] {logging_mixin.py:190} INFO - [2026-01-27T08:19:58.235+0000] {dagbag.py:588} INFO - Filling up the DagBag from /opt/airflow/dags/music_ingestion_dag.py
[2026-01-27T08:19:58.267+0000] {processor.py:925} INFO - DAG(s) '01_music_ingestion_realtime' retrieved from /opt/airflow/dags/music_ingestion_dag.py
[2026-01-27T08:19:58.299+0000] {logging_mixin.py:190} INFO - [2026-01-27T08:19:58.299+0000] {dag.py:3239} INFO - Sync 1 DAGs
[2026-01-27T08:19:58.322+0000] {logging_mixin.py:190} INFO - [2026-01-27T08:19:58.322+0000] {dag.py:4180} INFO - Setting next_dagrun for 01_music_ingestion_realtime to 2026-01-27 07:00:00+00:00, run_after=2026-01-27 08:00:00+00:00
[2026-01-27T08:19:58.350+0000] {processor.py:208} INFO - Processing /opt/airflow/dags/music_ingestion_dag.py took 0.125 seconds
[2026-01-27T08:20:28.711+0000] {processor.py:186} INFO - Started process (PID=1067) to work on /opt/airflow/dags/music_ingestion_dag.py
[2026-01-27T08:20:28.713+0000] {processor.py:914} INFO - Processing file /opt/airflow/dags/music_ingestion_dag.py for tasks to queue
[2026-01-27T08:20:28.717+0000] {logging_mixin.py:190} INFO - [2026-01-27T08:20:28.716+0000] {dagbag.py:588} INFO - Filling up the DagBag from /opt/airflow/dags/music_ingestion_dag.py
[2026-01-27T08:20:28.745+0000] {processor.py:925} INFO - DAG(s) '01_music_ingestion_realtime' retrieved from /opt/airflow/dags/music_ingestion_dag.py
[2026-01-27T08:20:28.781+0000] {logging_mixin.py:190} INFO - [2026-01-27T08:20:28.781+0000] {dag.py:3239} INFO - Sync 1 DAGs
[2026-01-27T08:20:28.816+0000] {logging_mixin.py:190} INFO - [2026-01-27T08:20:28.815+0000] {dag.py:4180} INFO - Setting next_dagrun for 01_music_ingestion_realtime to 2026-01-27 07:00:00+00:00, run_after=2026-01-27 08:00:00+00:00
[2026-01-27T08:20:28.849+0000] {processor.py:208} INFO - Processing /opt/airflow/dags/music_ingestion_dag.py took 0.144 seconds
[2026-01-27T08:20:59.032+0000] {processor.py:186} INFO - Started process (PID=1072) to work on /opt/airflow/dags/music_ingestion_dag.py
[2026-01-27T08:20:59.034+0000] {processor.py:914} INFO - Processing file /opt/airflow/dags/music_ingestion_dag.py for tasks to queue
[2026-01-27T08:20:59.036+0000] {logging_mixin.py:190} INFO - [2026-01-27T08:20:59.036+0000] {dagbag.py:588} INFO - Filling up the DagBag from /opt/airflow/dags/music_ingestion_dag.py
[2026-01-27T08:20:59.060+0000] {processor.py:925} INFO - DAG(s) '01_music_ingestion_realtime' retrieved from /opt/airflow/dags/music_ingestion_dag.py
[2026-01-27T08:20:59.094+0000] {logging_mixin.py:190} INFO - [2026-01-27T08:20:59.094+0000] {dag.py:3239} INFO - Sync 1 DAGs
[2026-01-27T08:20:59.131+0000] {logging_mixin.py:190} INFO - [2026-01-27T08:20:59.131+0000] {dag.py:4180} INFO - Setting next_dagrun for 01_music_ingestion_realtime to 2026-01-27 07:00:00+00:00, run_after=2026-01-27 08:00:00+00:00
[2026-01-27T08:20:59.157+0000] {processor.py:208} INFO - Processing /opt/airflow/dags/music_ingestion_dag.py took 0.132 seconds
[2026-01-27T08:31:14.720+0000] {processor.py:186} INFO - Started process (PID=167) to work on /opt/airflow/dags/music_ingestion_dag.py
[2026-01-27T08:31:14.730+0000] {processor.py:914} INFO - Processing file /opt/airflow/dags/music_ingestion_dag.py for tasks to queue
[2026-01-27T08:31:14.735+0000] {logging_mixin.py:190} INFO - [2026-01-27T08:31:14.734+0000] {dagbag.py:588} INFO - Filling up the DagBag from /opt/airflow/dags/music_ingestion_dag.py
[2026-01-27T08:31:15.062+0000] {processor.py:925} INFO - DAG(s) '01_music_ingestion_realtime' retrieved from /opt/airflow/dags/music_ingestion_dag.py
[2026-01-27T08:31:15.148+0000] {logging_mixin.py:190} INFO - [2026-01-27T08:31:15.147+0000] {dag.py:3239} INFO - Sync 1 DAGs
[2026-01-27T08:31:15.218+0000] {logging_mixin.py:190} INFO - [2026-01-27T08:31:15.218+0000] {dag.py:4180} INFO - Setting next_dagrun for 01_music_ingestion_realtime to 2026-01-27 07:00:00+00:00, run_after=2026-01-27 08:00:00+00:00
[2026-01-27T08:31:15.319+0000] {processor.py:208} INFO - Processing /opt/airflow/dags/music_ingestion_dag.py took 0.627 seconds
[2026-01-27T08:31:45.748+0000] {processor.py:186} INFO - Started process (PID=172) to work on /opt/airflow/dags/music_ingestion_dag.py
[2026-01-27T08:31:45.750+0000] {processor.py:914} INFO - Processing file /opt/airflow/dags/music_ingestion_dag.py for tasks to queue
[2026-01-27T08:31:45.754+0000] {logging_mixin.py:190} INFO - [2026-01-27T08:31:45.753+0000] {dagbag.py:588} INFO - Filling up the DagBag from /opt/airflow/dags/music_ingestion_dag.py
[2026-01-27T08:31:45.789+0000] {processor.py:925} INFO - DAG(s) '01_music_ingestion_realtime' retrieved from /opt/airflow/dags/music_ingestion_dag.py
[2026-01-27T08:31:45.832+0000] {logging_mixin.py:190} INFO - [2026-01-27T08:31:45.832+0000] {dag.py:3239} INFO - Sync 1 DAGs
[2026-01-27T08:31:45.866+0000] {logging_mixin.py:190} INFO - [2026-01-27T08:31:45.866+0000] {dag.py:4180} INFO - Setting next_dagrun for 01_music_ingestion_realtime to 2026-01-27 07:00:00+00:00, run_after=2026-01-27 08:00:00+00:00
[2026-01-27T08:31:45.890+0000] {processor.py:208} INFO - Processing /opt/airflow/dags/music_ingestion_dag.py took 0.153 seconds
[2026-01-27T08:32:16.052+0000] {processor.py:186} INFO - Started process (PID=177) to work on /opt/airflow/dags/music_ingestion_dag.py
[2026-01-27T08:32:16.054+0000] {processor.py:914} INFO - Processing file /opt/airflow/dags/music_ingestion_dag.py for tasks to queue
[2026-01-27T08:32:16.058+0000] {logging_mixin.py:190} INFO - [2026-01-27T08:32:16.057+0000] {dagbag.py:588} INFO - Filling up the DagBag from /opt/airflow/dags/music_ingestion_dag.py
[2026-01-27T08:32:16.102+0000] {processor.py:925} INFO - DAG(s) '01_music_ingestion_realtime' retrieved from /opt/airflow/dags/music_ingestion_dag.py
[2026-01-27T08:32:16.136+0000] {logging_mixin.py:190} INFO - [2026-01-27T08:32:16.136+0000] {dag.py:3239} INFO - Sync 1 DAGs
[2026-01-27T08:32:16.164+0000] {logging_mixin.py:190} INFO - [2026-01-27T08:32:16.164+0000] {dag.py:4180} INFO - Setting next_dagrun for 01_music_ingestion_realtime to 2026-01-27 07:00:00+00:00, run_after=2026-01-27 08:00:00+00:00
[2026-01-27T08:32:16.186+0000] {processor.py:208} INFO - Processing /opt/airflow/dags/music_ingestion_dag.py took 0.144 seconds
[2026-01-27T08:32:46.519+0000] {processor.py:186} INFO - Started process (PID=182) to work on /opt/airflow/dags/music_ingestion_dag.py
[2026-01-27T08:32:46.522+0000] {processor.py:914} INFO - Processing file /opt/airflow/dags/music_ingestion_dag.py for tasks to queue
[2026-01-27T08:32:46.528+0000] {logging_mixin.py:190} INFO - [2026-01-27T08:32:46.527+0000] {dagbag.py:588} INFO - Filling up the DagBag from /opt/airflow/dags/music_ingestion_dag.py
[2026-01-27T08:32:46.560+0000] {processor.py:925} INFO - DAG(s) '01_music_ingestion_realtime' retrieved from /opt/airflow/dags/music_ingestion_dag.py
[2026-01-27T08:32:46.610+0000] {logging_mixin.py:190} INFO - [2026-01-27T08:32:46.610+0000] {dag.py:3239} INFO - Sync 1 DAGs
[2026-01-27T08:32:46.684+0000] {logging_mixin.py:190} INFO - [2026-01-27T08:32:46.684+0000] {dag.py:4180} INFO - Setting next_dagrun for 01_music_ingestion_realtime to 2026-01-27 07:00:00+00:00, run_after=2026-01-27 08:00:00+00:00
[2026-01-27T08:32:46.729+0000] {processor.py:208} INFO - Processing /opt/airflow/dags/music_ingestion_dag.py took 0.229 seconds
[2026-01-27T08:33:16.817+0000] {processor.py:186} INFO - Started process (PID=187) to work on /opt/airflow/dags/music_ingestion_dag.py
[2026-01-27T08:33:16.819+0000] {processor.py:914} INFO - Processing file /opt/airflow/dags/music_ingestion_dag.py for tasks to queue
[2026-01-27T08:33:16.822+0000] {logging_mixin.py:190} INFO - [2026-01-27T08:33:16.821+0000] {dagbag.py:588} INFO - Filling up the DagBag from /opt/airflow/dags/music_ingestion_dag.py
[2026-01-27T08:33:16.862+0000] {processor.py:925} INFO - DAG(s) '01_music_ingestion_realtime' retrieved from /opt/airflow/dags/music_ingestion_dag.py
[2026-01-27T08:33:16.906+0000] {logging_mixin.py:190} INFO - [2026-01-27T08:33:16.905+0000] {dag.py:3239} INFO - Sync 1 DAGs
[2026-01-27T08:33:16.936+0000] {logging_mixin.py:190} INFO - [2026-01-27T08:33:16.936+0000] {dag.py:4180} INFO - Setting next_dagrun for 01_music_ingestion_realtime to 2026-01-27 07:00:00+00:00, run_after=2026-01-27 08:00:00+00:00
[2026-01-27T08:33:16.960+0000] {processor.py:208} INFO - Processing /opt/airflow/dags/music_ingestion_dag.py took 0.151 seconds
[2026-01-27T08:33:47.645+0000] {processor.py:186} INFO - Started process (PID=192) to work on /opt/airflow/dags/music_ingestion_dag.py
[2026-01-27T08:33:47.646+0000] {processor.py:914} INFO - Processing file /opt/airflow/dags/music_ingestion_dag.py for tasks to queue
[2026-01-27T08:33:47.650+0000] {logging_mixin.py:190} INFO - [2026-01-27T08:33:47.649+0000] {dagbag.py:588} INFO - Filling up the DagBag from /opt/airflow/dags/music_ingestion_dag.py
[2026-01-27T08:33:47.683+0000] {processor.py:925} INFO - DAG(s) '01_music_ingestion_realtime' retrieved from /opt/airflow/dags/music_ingestion_dag.py
[2026-01-27T08:33:47.734+0000] {logging_mixin.py:190} INFO - [2026-01-27T08:33:47.733+0000] {dag.py:3239} INFO - Sync 1 DAGs
[2026-01-27T08:33:47.776+0000] {logging_mixin.py:190} INFO - [2026-01-27T08:33:47.776+0000] {dag.py:4180} INFO - Setting next_dagrun for 01_music_ingestion_realtime to 2026-01-27 07:00:00+00:00, run_after=2026-01-27 08:00:00+00:00
[2026-01-27T08:33:47.806+0000] {processor.py:208} INFO - Processing /opt/airflow/dags/music_ingestion_dag.py took 0.171 seconds
[2026-01-27T08:34:19.021+0000] {processor.py:186} INFO - Started process (PID=197) to work on /opt/airflow/dags/music_ingestion_dag.py
[2026-01-27T08:34:19.029+0000] {processor.py:914} INFO - Processing file /opt/airflow/dags/music_ingestion_dag.py for tasks to queue
[2026-01-27T08:34:19.060+0000] {logging_mixin.py:190} INFO - [2026-01-27T08:34:19.058+0000] {dagbag.py:588} INFO - Filling up the DagBag from /opt/airflow/dags/music_ingestion_dag.py
[2026-01-27T08:34:19.228+0000] {processor.py:925} INFO - DAG(s) '01_music_ingestion_realtime' retrieved from /opt/airflow/dags/music_ingestion_dag.py
[2026-01-27T08:34:19.364+0000] {logging_mixin.py:190} INFO - [2026-01-27T08:34:19.364+0000] {dag.py:3239} INFO - Sync 1 DAGs
[2026-01-27T08:34:19.461+0000] {logging_mixin.py:190} INFO - [2026-01-27T08:34:19.460+0000] {dag.py:4180} INFO - Setting next_dagrun for 01_music_ingestion_realtime to 2026-01-27 07:00:00+00:00, run_after=2026-01-27 08:00:00+00:00
[2026-01-27T08:34:19.542+0000] {processor.py:208} INFO - Processing /opt/airflow/dags/music_ingestion_dag.py took 0.950 seconds
[2026-01-27T08:34:49.700+0000] {processor.py:186} INFO - Started process (PID=202) to work on /opt/airflow/dags/music_ingestion_dag.py
[2026-01-27T08:34:49.702+0000] {processor.py:914} INFO - Processing file /opt/airflow/dags/music_ingestion_dag.py for tasks to queue
[2026-01-27T08:34:49.705+0000] {logging_mixin.py:190} INFO - [2026-01-27T08:34:49.705+0000] {dagbag.py:588} INFO - Filling up the DagBag from /opt/airflow/dags/music_ingestion_dag.py
[2026-01-27T08:34:49.736+0000] {processor.py:925} INFO - DAG(s) '01_music_ingestion_realtime' retrieved from /opt/airflow/dags/music_ingestion_dag.py
[2026-01-27T08:34:49.774+0000] {logging_mixin.py:190} INFO - [2026-01-27T08:34:49.773+0000] {dag.py:3239} INFO - Sync 1 DAGs
[2026-01-27T08:34:49.805+0000] {logging_mixin.py:190} INFO - [2026-01-27T08:34:49.805+0000] {dag.py:4180} INFO - Setting next_dagrun for 01_music_ingestion_realtime to 2026-01-27 07:00:00+00:00, run_after=2026-01-27 08:00:00+00:00
[2026-01-27T08:34:49.831+0000] {processor.py:208} INFO - Processing /opt/airflow/dags/music_ingestion_dag.py took 0.140 seconds
[2026-01-27T08:35:20.053+0000] {processor.py:186} INFO - Started process (PID=207) to work on /opt/airflow/dags/music_ingestion_dag.py
[2026-01-27T08:35:20.055+0000] {processor.py:914} INFO - Processing file /opt/airflow/dags/music_ingestion_dag.py for tasks to queue
[2026-01-27T08:35:20.062+0000] {logging_mixin.py:190} INFO - [2026-01-27T08:35:20.059+0000] {dagbag.py:588} INFO - Filling up the DagBag from /opt/airflow/dags/music_ingestion_dag.py
[2026-01-27T08:35:20.094+0000] {processor.py:925} INFO - DAG(s) '01_music_ingestion_realtime' retrieved from /opt/airflow/dags/music_ingestion_dag.py
[2026-01-27T08:35:20.135+0000] {logging_mixin.py:190} INFO - [2026-01-27T08:35:20.135+0000] {dag.py:3239} INFO - Sync 1 DAGs
[2026-01-27T08:35:20.165+0000] {logging_mixin.py:190} INFO - [2026-01-27T08:35:20.165+0000] {dag.py:4180} INFO - Setting next_dagrun for 01_music_ingestion_realtime to 2026-01-27 07:00:00+00:00, run_after=2026-01-27 08:00:00+00:00
[2026-01-27T08:35:20.197+0000] {processor.py:208} INFO - Processing /opt/airflow/dags/music_ingestion_dag.py took 0.151 seconds
[2026-01-27T08:35:50.439+0000] {processor.py:186} INFO - Started process (PID=212) to work on /opt/airflow/dags/music_ingestion_dag.py
[2026-01-27T08:35:50.441+0000] {processor.py:914} INFO - Processing file /opt/airflow/dags/music_ingestion_dag.py for tasks to queue
[2026-01-27T08:35:50.444+0000] {logging_mixin.py:190} INFO - [2026-01-27T08:35:50.444+0000] {dagbag.py:588} INFO - Filling up the DagBag from /opt/airflow/dags/music_ingestion_dag.py
[2026-01-27T08:35:50.471+0000] {processor.py:925} INFO - DAG(s) '01_music_ingestion_realtime' retrieved from /opt/airflow/dags/music_ingestion_dag.py
[2026-01-27T08:35:50.513+0000] {logging_mixin.py:190} INFO - [2026-01-27T08:35:50.513+0000] {dag.py:3239} INFO - Sync 1 DAGs
[2026-01-27T08:35:50.551+0000] {logging_mixin.py:190} INFO - [2026-01-27T08:35:50.551+0000] {dag.py:4180} INFO - Setting next_dagrun for 01_music_ingestion_realtime to 2026-01-27 07:00:00+00:00, run_after=2026-01-27 08:00:00+00:00
[2026-01-27T08:35:50.581+0000] {processor.py:208} INFO - Processing /opt/airflow/dags/music_ingestion_dag.py took 0.147 seconds
[2026-01-27T08:36:20.927+0000] {processor.py:186} INFO - Started process (PID=217) to work on /opt/airflow/dags/music_ingestion_dag.py
[2026-01-27T08:36:20.928+0000] {processor.py:914} INFO - Processing file /opt/airflow/dags/music_ingestion_dag.py for tasks to queue
[2026-01-27T08:36:20.933+0000] {logging_mixin.py:190} INFO - [2026-01-27T08:36:20.933+0000] {dagbag.py:588} INFO - Filling up the DagBag from /opt/airflow/dags/music_ingestion_dag.py
[2026-01-27T08:36:20.965+0000] {processor.py:925} INFO - DAG(s) '01_music_ingestion_realtime' retrieved from /opt/airflow/dags/music_ingestion_dag.py
[2026-01-27T08:36:21.000+0000] {logging_mixin.py:190} INFO - [2026-01-27T08:36:21.000+0000] {dag.py:3239} INFO - Sync 1 DAGs
[2026-01-27T08:36:21.035+0000] {logging_mixin.py:190} INFO - [2026-01-27T08:36:21.035+0000] {dag.py:4180} INFO - Setting next_dagrun for 01_music_ingestion_realtime to 2026-01-27 07:00:00+00:00, run_after=2026-01-27 08:00:00+00:00
[2026-01-27T08:36:21.068+0000] {processor.py:208} INFO - Processing /opt/airflow/dags/music_ingestion_dag.py took 0.149 seconds
[2026-01-27T08:36:51.208+0000] {processor.py:186} INFO - Started process (PID=222) to work on /opt/airflow/dags/music_ingestion_dag.py
[2026-01-27T08:36:51.209+0000] {processor.py:914} INFO - Processing file /opt/airflow/dags/music_ingestion_dag.py for tasks to queue
[2026-01-27T08:36:51.214+0000] {logging_mixin.py:190} INFO - [2026-01-27T08:36:51.213+0000] {dagbag.py:588} INFO - Filling up the DagBag from /opt/airflow/dags/music_ingestion_dag.py
[2026-01-27T08:36:51.238+0000] {processor.py:925} INFO - DAG(s) '01_music_ingestion_realtime' retrieved from /opt/airflow/dags/music_ingestion_dag.py
[2026-01-27T08:36:51.278+0000] {logging_mixin.py:190} INFO - [2026-01-27T08:36:51.278+0000] {dag.py:3239} INFO - Sync 1 DAGs
[2026-01-27T08:36:51.303+0000] {logging_mixin.py:190} INFO - [2026-01-27T08:36:51.303+0000] {dag.py:4180} INFO - Setting next_dagrun for 01_music_ingestion_realtime to 2026-01-27 07:00:00+00:00, run_after=2026-01-27 08:00:00+00:00
[2026-01-27T08:36:51.332+0000] {processor.py:208} INFO - Processing /opt/airflow/dags/music_ingestion_dag.py took 0.133 seconds
[2026-01-27T08:37:21.610+0000] {processor.py:186} INFO - Started process (PID=227) to work on /opt/airflow/dags/music_ingestion_dag.py
[2026-01-27T08:37:21.611+0000] {processor.py:914} INFO - Processing file /opt/airflow/dags/music_ingestion_dag.py for tasks to queue
[2026-01-27T08:37:21.619+0000] {logging_mixin.py:190} INFO - [2026-01-27T08:37:21.616+0000] {dagbag.py:588} INFO - Filling up the DagBag from /opt/airflow/dags/music_ingestion_dag.py
[2026-01-27T08:37:21.665+0000] {processor.py:925} INFO - DAG(s) '01_music_ingestion_realtime' retrieved from /opt/airflow/dags/music_ingestion_dag.py
[2026-01-27T08:37:21.696+0000] {logging_mixin.py:190} INFO - [2026-01-27T08:37:21.696+0000] {dag.py:3239} INFO - Sync 1 DAGs
[2026-01-27T08:37:21.719+0000] {logging_mixin.py:190} INFO - [2026-01-27T08:37:21.719+0000] {dag.py:4180} INFO - Setting next_dagrun for 01_music_ingestion_realtime to 2026-01-27 07:00:00+00:00, run_after=2026-01-27 08:00:00+00:00
[2026-01-27T08:37:21.744+0000] {processor.py:208} INFO - Processing /opt/airflow/dags/music_ingestion_dag.py took 0.143 seconds
[2026-01-27T08:37:52.060+0000] {processor.py:186} INFO - Started process (PID=232) to work on /opt/airflow/dags/music_ingestion_dag.py
[2026-01-27T08:37:52.061+0000] {processor.py:914} INFO - Processing file /opt/airflow/dags/music_ingestion_dag.py for tasks to queue
[2026-01-27T08:37:52.063+0000] {logging_mixin.py:190} INFO - [2026-01-27T08:37:52.063+0000] {dagbag.py:588} INFO - Filling up the DagBag from /opt/airflow/dags/music_ingestion_dag.py
[2026-01-27T08:37:52.085+0000] {processor.py:925} INFO - DAG(s) '01_music_ingestion_realtime' retrieved from /opt/airflow/dags/music_ingestion_dag.py
[2026-01-27T08:37:52.126+0000] {logging_mixin.py:190} INFO - [2026-01-27T08:37:52.126+0000] {dag.py:3239} INFO - Sync 1 DAGs
[2026-01-27T08:37:52.160+0000] {logging_mixin.py:190} INFO - [2026-01-27T08:37:52.160+0000] {dag.py:4180} INFO - Setting next_dagrun for 01_music_ingestion_realtime to 2026-01-27 07:00:00+00:00, run_after=2026-01-27 08:00:00+00:00
[2026-01-27T08:37:52.194+0000] {processor.py:208} INFO - Processing /opt/airflow/dags/music_ingestion_dag.py took 0.141 seconds
[2026-01-27T08:38:22.407+0000] {processor.py:186} INFO - Started process (PID=237) to work on /opt/airflow/dags/music_ingestion_dag.py
[2026-01-27T08:38:22.408+0000] {processor.py:914} INFO - Processing file /opt/airflow/dags/music_ingestion_dag.py for tasks to queue
[2026-01-27T08:38:22.411+0000] {logging_mixin.py:190} INFO - [2026-01-27T08:38:22.411+0000] {dagbag.py:588} INFO - Filling up the DagBag from /opt/airflow/dags/music_ingestion_dag.py
[2026-01-27T08:38:22.429+0000] {processor.py:925} INFO - DAG(s) '01_music_ingestion_realtime' retrieved from /opt/airflow/dags/music_ingestion_dag.py
[2026-01-27T08:38:22.462+0000] {logging_mixin.py:190} INFO - [2026-01-27T08:38:22.462+0000] {dag.py:3239} INFO - Sync 1 DAGs
[2026-01-27T08:38:22.488+0000] {logging_mixin.py:190} INFO - [2026-01-27T08:38:22.488+0000] {dag.py:4180} INFO - Setting next_dagrun for 01_music_ingestion_realtime to 2026-01-27 07:00:00+00:00, run_after=2026-01-27 08:00:00+00:00
[2026-01-27T08:38:22.515+0000] {processor.py:208} INFO - Processing /opt/airflow/dags/music_ingestion_dag.py took 0.113 seconds
[2026-01-27T08:38:52.886+0000] {processor.py:186} INFO - Started process (PID=242) to work on /opt/airflow/dags/music_ingestion_dag.py
[2026-01-27T08:38:52.888+0000] {processor.py:914} INFO - Processing file /opt/airflow/dags/music_ingestion_dag.py for tasks to queue
[2026-01-27T08:38:52.890+0000] {logging_mixin.py:190} INFO - [2026-01-27T08:38:52.890+0000] {dagbag.py:588} INFO - Filling up the DagBag from /opt/airflow/dags/music_ingestion_dag.py
[2026-01-27T08:38:52.910+0000] {processor.py:925} INFO - DAG(s) '01_music_ingestion_realtime' retrieved from /opt/airflow/dags/music_ingestion_dag.py
[2026-01-27T08:38:52.942+0000] {logging_mixin.py:190} INFO - [2026-01-27T08:38:52.942+0000] {dag.py:3239} INFO - Sync 1 DAGs
[2026-01-27T08:38:52.965+0000] {logging_mixin.py:190} INFO - [2026-01-27T08:38:52.965+0000] {dag.py:4180} INFO - Setting next_dagrun for 01_music_ingestion_realtime to 2026-01-27 07:00:00+00:00, run_after=2026-01-27 08:00:00+00:00
[2026-01-27T08:38:52.988+0000] {processor.py:208} INFO - Processing /opt/airflow/dags/music_ingestion_dag.py took 0.107 seconds
[2026-01-27T08:39:23.257+0000] {processor.py:186} INFO - Started process (PID=247) to work on /opt/airflow/dags/music_ingestion_dag.py
[2026-01-27T08:39:23.259+0000] {processor.py:914} INFO - Processing file /opt/airflow/dags/music_ingestion_dag.py for tasks to queue
[2026-01-27T08:39:23.261+0000] {logging_mixin.py:190} INFO - [2026-01-27T08:39:23.261+0000] {dagbag.py:588} INFO - Filling up the DagBag from /opt/airflow/dags/music_ingestion_dag.py
[2026-01-27T08:39:23.288+0000] {processor.py:925} INFO - DAG(s) '01_music_ingestion_realtime' retrieved from /opt/airflow/dags/music_ingestion_dag.py
[2026-01-27T08:39:23.325+0000] {logging_mixin.py:190} INFO - [2026-01-27T08:39:23.325+0000] {dag.py:3239} INFO - Sync 1 DAGs
[2026-01-27T08:39:23.354+0000] {logging_mixin.py:190} INFO - [2026-01-27T08:39:23.353+0000] {dag.py:4180} INFO - Setting next_dagrun for 01_music_ingestion_realtime to 2026-01-27 07:00:00+00:00, run_after=2026-01-27 08:00:00+00:00
[2026-01-27T08:39:23.380+0000] {processor.py:208} INFO - Processing /opt/airflow/dags/music_ingestion_dag.py took 0.130 seconds
[2026-01-27T08:39:53.668+0000] {processor.py:186} INFO - Started process (PID=252) to work on /opt/airflow/dags/music_ingestion_dag.py
[2026-01-27T08:39:53.670+0000] {processor.py:914} INFO - Processing file /opt/airflow/dags/music_ingestion_dag.py for tasks to queue
[2026-01-27T08:39:53.673+0000] {logging_mixin.py:190} INFO - [2026-01-27T08:39:53.673+0000] {dagbag.py:588} INFO - Filling up the DagBag from /opt/airflow/dags/music_ingestion_dag.py
[2026-01-27T08:39:53.690+0000] {processor.py:925} INFO - DAG(s) '01_music_ingestion_realtime' retrieved from /opt/airflow/dags/music_ingestion_dag.py
[2026-01-27T08:39:53.717+0000] {logging_mixin.py:190} INFO - [2026-01-27T08:39:53.716+0000] {dag.py:3239} INFO - Sync 1 DAGs
[2026-01-27T08:39:53.745+0000] {logging_mixin.py:190} INFO - [2026-01-27T08:39:53.745+0000] {dag.py:4180} INFO - Setting next_dagrun for 01_music_ingestion_realtime to 2026-01-27 07:00:00+00:00, run_after=2026-01-27 08:00:00+00:00
[2026-01-27T08:39:53.774+0000] {processor.py:208} INFO - Processing /opt/airflow/dags/music_ingestion_dag.py took 0.112 seconds
[2026-01-27T08:40:24.051+0000] {processor.py:186} INFO - Started process (PID=257) to work on /opt/airflow/dags/music_ingestion_dag.py
[2026-01-27T08:40:24.052+0000] {processor.py:914} INFO - Processing file /opt/airflow/dags/music_ingestion_dag.py for tasks to queue
[2026-01-27T08:40:24.055+0000] {logging_mixin.py:190} INFO - [2026-01-27T08:40:24.055+0000] {dagbag.py:588} INFO - Filling up the DagBag from /opt/airflow/dags/music_ingestion_dag.py
[2026-01-27T08:40:24.072+0000] {processor.py:925} INFO - DAG(s) '01_music_ingestion_realtime' retrieved from /opt/airflow/dags/music_ingestion_dag.py
[2026-01-27T08:40:24.098+0000] {logging_mixin.py:190} INFO - [2026-01-27T08:40:24.098+0000] {dag.py:3239} INFO - Sync 1 DAGs
[2026-01-27T08:40:24.122+0000] {logging_mixin.py:190} INFO - [2026-01-27T08:40:24.121+0000] {dag.py:4180} INFO - Setting next_dagrun for 01_music_ingestion_realtime to 2026-01-27 07:00:00+00:00, run_after=2026-01-27 08:00:00+00:00
[2026-01-27T08:40:24.144+0000] {processor.py:208} INFO - Processing /opt/airflow/dags/music_ingestion_dag.py took 0.099 seconds
[2026-01-27T08:40:54.414+0000] {processor.py:186} INFO - Started process (PID=262) to work on /opt/airflow/dags/music_ingestion_dag.py
[2026-01-27T08:40:54.415+0000] {processor.py:914} INFO - Processing file /opt/airflow/dags/music_ingestion_dag.py for tasks to queue
[2026-01-27T08:40:54.418+0000] {logging_mixin.py:190} INFO - [2026-01-27T08:40:54.418+0000] {dagbag.py:588} INFO - Filling up the DagBag from /opt/airflow/dags/music_ingestion_dag.py
[2026-01-27T08:40:54.451+0000] {processor.py:925} INFO - DAG(s) '01_music_ingestion_realtime' retrieved from /opt/airflow/dags/music_ingestion_dag.py
[2026-01-27T08:40:54.480+0000] {logging_mixin.py:190} INFO - [2026-01-27T08:40:54.480+0000] {dag.py:3239} INFO - Sync 1 DAGs
[2026-01-27T08:40:54.505+0000] {logging_mixin.py:190} INFO - [2026-01-27T08:40:54.505+0000] {dag.py:4180} INFO - Setting next_dagrun for 01_music_ingestion_realtime to 2026-01-27 07:00:00+00:00, run_after=2026-01-27 08:00:00+00:00
[2026-01-27T08:40:54.533+0000] {processor.py:208} INFO - Processing /opt/airflow/dags/music_ingestion_dag.py took 0.124 seconds
[2026-01-27T08:41:24.782+0000] {processor.py:186} INFO - Started process (PID=267) to work on /opt/airflow/dags/music_ingestion_dag.py
[2026-01-27T08:41:24.784+0000] {processor.py:914} INFO - Processing file /opt/airflow/dags/music_ingestion_dag.py for tasks to queue
[2026-01-27T08:41:24.786+0000] {logging_mixin.py:190} INFO - [2026-01-27T08:41:24.786+0000] {dagbag.py:588} INFO - Filling up the DagBag from /opt/airflow/dags/music_ingestion_dag.py
[2026-01-27T08:41:24.804+0000] {processor.py:925} INFO - DAG(s) '01_music_ingestion_realtime' retrieved from /opt/airflow/dags/music_ingestion_dag.py
[2026-01-27T08:41:24.836+0000] {logging_mixin.py:190} INFO - [2026-01-27T08:41:24.836+0000] {dag.py:3239} INFO - Sync 1 DAGs
[2026-01-27T08:41:24.866+0000] {logging_mixin.py:190} INFO - [2026-01-27T08:41:24.865+0000] {dag.py:4180} INFO - Setting next_dagrun for 01_music_ingestion_realtime to 2026-01-27 07:00:00+00:00, run_after=2026-01-27 08:00:00+00:00
[2026-01-27T08:41:24.891+0000] {processor.py:208} INFO - Processing /opt/airflow/dags/music_ingestion_dag.py took 0.114 seconds
[2026-01-27T08:41:55.208+0000] {processor.py:186} INFO - Started process (PID=272) to work on /opt/airflow/dags/music_ingestion_dag.py
[2026-01-27T08:41:55.209+0000] {processor.py:914} INFO - Processing file /opt/airflow/dags/music_ingestion_dag.py for tasks to queue
[2026-01-27T08:41:55.211+0000] {logging_mixin.py:190} INFO - [2026-01-27T08:41:55.211+0000] {dagbag.py:588} INFO - Filling up the DagBag from /opt/airflow/dags/music_ingestion_dag.py
[2026-01-27T08:41:55.234+0000] {processor.py:925} INFO - DAG(s) '01_music_ingestion_realtime' retrieved from /opt/airflow/dags/music_ingestion_dag.py
[2026-01-27T08:41:55.273+0000] {logging_mixin.py:190} INFO - [2026-01-27T08:41:55.273+0000] {dag.py:3239} INFO - Sync 1 DAGs
[2026-01-27T08:41:55.308+0000] {logging_mixin.py:190} INFO - [2026-01-27T08:41:55.308+0000] {dag.py:4180} INFO - Setting next_dagrun for 01_music_ingestion_realtime to 2026-01-27 07:00:00+00:00, run_after=2026-01-27 08:00:00+00:00
[2026-01-27T08:41:55.335+0000] {processor.py:208} INFO - Processing /opt/airflow/dags/music_ingestion_dag.py took 0.133 seconds
[2026-01-27T08:42:25.559+0000] {processor.py:186} INFO - Started process (PID=277) to work on /opt/airflow/dags/music_ingestion_dag.py
[2026-01-27T08:42:25.560+0000] {processor.py:914} INFO - Processing file /opt/airflow/dags/music_ingestion_dag.py for tasks to queue
[2026-01-27T08:42:25.563+0000] {logging_mixin.py:190} INFO - [2026-01-27T08:42:25.562+0000] {dagbag.py:588} INFO - Filling up the DagBag from /opt/airflow/dags/music_ingestion_dag.py
[2026-01-27T08:42:25.584+0000] {processor.py:925} INFO - DAG(s) '01_music_ingestion_realtime' retrieved from /opt/airflow/dags/music_ingestion_dag.py
[2026-01-27T08:42:25.617+0000] {logging_mixin.py:190} INFO - [2026-01-27T08:42:25.617+0000] {dag.py:3239} INFO - Sync 1 DAGs
[2026-01-27T08:42:25.643+0000] {logging_mixin.py:190} INFO - [2026-01-27T08:42:25.643+0000] {dag.py:4180} INFO - Setting next_dagrun for 01_music_ingestion_realtime to 2026-01-27 07:00:00+00:00, run_after=2026-01-27 08:00:00+00:00
[2026-01-27T08:42:25.668+0000] {processor.py:208} INFO - Processing /opt/airflow/dags/music_ingestion_dag.py took 0.116 seconds
[2026-01-27T08:42:56.012+0000] {processor.py:186} INFO - Started process (PID=282) to work on /opt/airflow/dags/music_ingestion_dag.py
[2026-01-27T08:42:56.014+0000] {processor.py:914} INFO - Processing file /opt/airflow/dags/music_ingestion_dag.py for tasks to queue
[2026-01-27T08:42:56.016+0000] {logging_mixin.py:190} INFO - [2026-01-27T08:42:56.016+0000] {dagbag.py:588} INFO - Filling up the DagBag from /opt/airflow/dags/music_ingestion_dag.py
[2026-01-27T08:42:56.047+0000] {processor.py:925} INFO - DAG(s) '01_music_ingestion_realtime' retrieved from /opt/airflow/dags/music_ingestion_dag.py
[2026-01-27T08:42:56.075+0000] {logging_mixin.py:190} INFO - [2026-01-27T08:42:56.074+0000] {dag.py:3239} INFO - Sync 1 DAGs
[2026-01-27T08:42:56.103+0000] {logging_mixin.py:190} INFO - [2026-01-27T08:42:56.102+0000] {dag.py:4180} INFO - Setting next_dagrun for 01_music_ingestion_realtime to 2026-01-27 07:00:00+00:00, run_after=2026-01-27 08:00:00+00:00
[2026-01-27T08:42:56.128+0000] {processor.py:208} INFO - Processing /opt/airflow/dags/music_ingestion_dag.py took 0.121 seconds
[2026-01-27T08:43:26.378+0000] {processor.py:186} INFO - Started process (PID=287) to work on /opt/airflow/dags/music_ingestion_dag.py
[2026-01-27T08:43:26.380+0000] {processor.py:914} INFO - Processing file /opt/airflow/dags/music_ingestion_dag.py for tasks to queue
[2026-01-27T08:43:26.382+0000] {logging_mixin.py:190} INFO - [2026-01-27T08:43:26.382+0000] {dagbag.py:588} INFO - Filling up the DagBag from /opt/airflow/dags/music_ingestion_dag.py
[2026-01-27T08:43:26.404+0000] {processor.py:925} INFO - DAG(s) '01_music_ingestion_realtime' retrieved from /opt/airflow/dags/music_ingestion_dag.py
[2026-01-27T08:43:26.441+0000] {logging_mixin.py:190} INFO - [2026-01-27T08:43:26.441+0000] {dag.py:3239} INFO - Sync 1 DAGs
[2026-01-27T08:43:26.468+0000] {logging_mixin.py:190} INFO - [2026-01-27T08:43:26.467+0000] {dag.py:4180} INFO - Setting next_dagrun for 01_music_ingestion_realtime to 2026-01-27 07:00:00+00:00, run_after=2026-01-27 08:00:00+00:00
[2026-01-27T08:43:26.493+0000] {processor.py:208} INFO - Processing /opt/airflow/dags/music_ingestion_dag.py took 0.121 seconds
[2026-01-27T08:43:56.804+0000] {processor.py:186} INFO - Started process (PID=292) to work on /opt/airflow/dags/music_ingestion_dag.py
[2026-01-27T08:43:56.805+0000] {processor.py:914} INFO - Processing file /opt/airflow/dags/music_ingestion_dag.py for tasks to queue
[2026-01-27T08:43:56.808+0000] {logging_mixin.py:190} INFO - [2026-01-27T08:43:56.807+0000] {dagbag.py:588} INFO - Filling up the DagBag from /opt/airflow/dags/music_ingestion_dag.py
[2026-01-27T08:43:56.827+0000] {processor.py:925} INFO - DAG(s) '01_music_ingestion_realtime' retrieved from /opt/airflow/dags/music_ingestion_dag.py
[2026-01-27T08:43:56.852+0000] {logging_mixin.py:190} INFO - [2026-01-27T08:43:56.852+0000] {dag.py:3239} INFO - Sync 1 DAGs
[2026-01-27T08:43:56.874+0000] {logging_mixin.py:190} INFO - [2026-01-27T08:43:56.873+0000] {dag.py:4180} INFO - Setting next_dagrun for 01_music_ingestion_realtime to 2026-01-27 07:00:00+00:00, run_after=2026-01-27 08:00:00+00:00
[2026-01-27T08:43:56.899+0000] {processor.py:208} INFO - Processing /opt/airflow/dags/music_ingestion_dag.py took 0.100 seconds
[2026-01-27T08:44:27.148+0000] {processor.py:186} INFO - Started process (PID=297) to work on /opt/airflow/dags/music_ingestion_dag.py
[2026-01-27T08:44:27.149+0000] {processor.py:914} INFO - Processing file /opt/airflow/dags/music_ingestion_dag.py for tasks to queue
[2026-01-27T08:44:27.152+0000] {logging_mixin.py:190} INFO - [2026-01-27T08:44:27.152+0000] {dagbag.py:588} INFO - Filling up the DagBag from /opt/airflow/dags/music_ingestion_dag.py
[2026-01-27T08:44:27.176+0000] {processor.py:925} INFO - DAG(s) '01_music_ingestion_realtime' retrieved from /opt/airflow/dags/music_ingestion_dag.py
[2026-01-27T08:44:27.212+0000] {logging_mixin.py:190} INFO - [2026-01-27T08:44:27.212+0000] {dag.py:3239} INFO - Sync 1 DAGs
[2026-01-27T08:44:27.244+0000] {logging_mixin.py:190} INFO - [2026-01-27T08:44:27.243+0000] {dag.py:4180} INFO - Setting next_dagrun for 01_music_ingestion_realtime to 2026-01-27 07:00:00+00:00, run_after=2026-01-27 08:00:00+00:00
[2026-01-27T08:44:27.276+0000] {processor.py:208} INFO - Processing /opt/airflow/dags/music_ingestion_dag.py took 0.134 seconds
[2026-01-27T08:44:57.484+0000] {processor.py:186} INFO - Started process (PID=302) to work on /opt/airflow/dags/music_ingestion_dag.py
[2026-01-27T08:44:57.487+0000] {processor.py:914} INFO - Processing file /opt/airflow/dags/music_ingestion_dag.py for tasks to queue
[2026-01-27T08:44:57.492+0000] {logging_mixin.py:190} INFO - [2026-01-27T08:44:57.491+0000] {dagbag.py:588} INFO - Filling up the DagBag from /opt/airflow/dags/music_ingestion_dag.py
[2026-01-27T08:44:57.518+0000] {processor.py:925} INFO - DAG(s) '01_music_ingestion_realtime' retrieved from /opt/airflow/dags/music_ingestion_dag.py
[2026-01-27T08:44:57.553+0000] {logging_mixin.py:190} INFO - [2026-01-27T08:44:57.553+0000] {dag.py:3239} INFO - Sync 1 DAGs
[2026-01-27T08:44:57.592+0000] {logging_mixin.py:190} INFO - [2026-01-27T08:44:57.591+0000] {dag.py:4180} INFO - Setting next_dagrun for 01_music_ingestion_realtime to 2026-01-27 07:00:00+00:00, run_after=2026-01-27 08:00:00+00:00
[2026-01-27T08:44:57.623+0000] {processor.py:208} INFO - Processing /opt/airflow/dags/music_ingestion_dag.py took 0.148 seconds
[2026-01-27T08:45:27.847+0000] {processor.py:186} INFO - Started process (PID=307) to work on /opt/airflow/dags/music_ingestion_dag.py
[2026-01-27T08:45:27.849+0000] {processor.py:914} INFO - Processing file /opt/airflow/dags/music_ingestion_dag.py for tasks to queue
[2026-01-27T08:45:27.852+0000] {logging_mixin.py:190} INFO - [2026-01-27T08:45:27.852+0000] {dagbag.py:588} INFO - Filling up the DagBag from /opt/airflow/dags/music_ingestion_dag.py
[2026-01-27T08:45:27.892+0000] {processor.py:925} INFO - DAG(s) '01_music_ingestion_realtime' retrieved from /opt/airflow/dags/music_ingestion_dag.py
[2026-01-27T08:45:27.930+0000] {logging_mixin.py:190} INFO - [2026-01-27T08:45:27.929+0000] {dag.py:3239} INFO - Sync 1 DAGs
[2026-01-27T08:45:27.959+0000] {logging_mixin.py:190} INFO - [2026-01-27T08:45:27.959+0000] {dag.py:4180} INFO - Setting next_dagrun for 01_music_ingestion_realtime to 2026-01-27 07:00:00+00:00, run_after=2026-01-27 08:00:00+00:00
[2026-01-27T08:45:27.989+0000] {processor.py:208} INFO - Processing /opt/airflow/dags/music_ingestion_dag.py took 0.150 seconds
[2026-01-27T08:45:58.168+0000] {processor.py:186} INFO - Started process (PID=312) to work on /opt/airflow/dags/music_ingestion_dag.py
[2026-01-27T08:45:58.170+0000] {processor.py:914} INFO - Processing file /opt/airflow/dags/music_ingestion_dag.py for tasks to queue
[2026-01-27T08:45:58.172+0000] {logging_mixin.py:190} INFO - [2026-01-27T08:45:58.172+0000] {dagbag.py:588} INFO - Filling up the DagBag from /opt/airflow/dags/music_ingestion_dag.py
[2026-01-27T08:45:58.206+0000] {processor.py:925} INFO - DAG(s) '01_music_ingestion_realtime' retrieved from /opt/airflow/dags/music_ingestion_dag.py
[2026-01-27T08:45:58.240+0000] {logging_mixin.py:190} INFO - [2026-01-27T08:45:58.240+0000] {dag.py:3239} INFO - Sync 1 DAGs
[2026-01-27T08:45:58.267+0000] {logging_mixin.py:190} INFO - [2026-01-27T08:45:58.267+0000] {dag.py:4180} INFO - Setting next_dagrun for 01_music_ingestion_realtime to 2026-01-27 07:00:00+00:00, run_after=2026-01-27 08:00:00+00:00
[2026-01-27T08:45:58.289+0000] {processor.py:208} INFO - Processing /opt/airflow/dags/music_ingestion_dag.py took 0.128 seconds
[2026-01-27T08:46:28.574+0000] {processor.py:186} INFO - Started process (PID=317) to work on /opt/airflow/dags/music_ingestion_dag.py
[2026-01-27T08:46:28.576+0000] {processor.py:914} INFO - Processing file /opt/airflow/dags/music_ingestion_dag.py for tasks to queue
[2026-01-27T08:46:28.579+0000] {logging_mixin.py:190} INFO - [2026-01-27T08:46:28.579+0000] {dagbag.py:588} INFO - Filling up the DagBag from /opt/airflow/dags/music_ingestion_dag.py
[2026-01-27T08:46:28.605+0000] {processor.py:925} INFO - DAG(s) '01_music_ingestion_realtime' retrieved from /opt/airflow/dags/music_ingestion_dag.py
[2026-01-27T08:46:28.652+0000] {logging_mixin.py:190} INFO - [2026-01-27T08:46:28.651+0000] {dag.py:3239} INFO - Sync 1 DAGs
[2026-01-27T08:46:28.682+0000] {logging_mixin.py:190} INFO - [2026-01-27T08:46:28.682+0000] {dag.py:4180} INFO - Setting next_dagrun for 01_music_ingestion_realtime to 2026-01-27 07:00:00+00:00, run_after=2026-01-27 08:00:00+00:00
[2026-01-27T08:46:28.712+0000] {processor.py:208} INFO - Processing /opt/airflow/dags/music_ingestion_dag.py took 0.145 seconds
[2026-01-27T08:46:58.990+0000] {processor.py:186} INFO - Started process (PID=322) to work on /opt/airflow/dags/music_ingestion_dag.py
[2026-01-27T08:46:58.992+0000] {processor.py:914} INFO - Processing file /opt/airflow/dags/music_ingestion_dag.py for tasks to queue
[2026-01-27T08:46:58.994+0000] {logging_mixin.py:190} INFO - [2026-01-27T08:46:58.994+0000] {dagbag.py:588} INFO - Filling up the DagBag from /opt/airflow/dags/music_ingestion_dag.py
[2026-01-27T08:46:59.024+0000] {processor.py:925} INFO - DAG(s) '01_music_ingestion_realtime' retrieved from /opt/airflow/dags/music_ingestion_dag.py
[2026-01-27T08:46:59.052+0000] {logging_mixin.py:190} INFO - [2026-01-27T08:46:59.051+0000] {dag.py:3239} INFO - Sync 1 DAGs
[2026-01-27T08:46:59.076+0000] {logging_mixin.py:190} INFO - [2026-01-27T08:46:59.076+0000] {dag.py:4180} INFO - Setting next_dagrun for 01_music_ingestion_realtime to 2026-01-27 07:00:00+00:00, run_after=2026-01-27 08:00:00+00:00
[2026-01-27T08:46:59.108+0000] {processor.py:208} INFO - Processing /opt/airflow/dags/music_ingestion_dag.py took 0.123 seconds
[2026-01-27T08:47:29.447+0000] {processor.py:186} INFO - Started process (PID=327) to work on /opt/airflow/dags/music_ingestion_dag.py
[2026-01-27T08:47:29.449+0000] {processor.py:914} INFO - Processing file /opt/airflow/dags/music_ingestion_dag.py for tasks to queue
[2026-01-27T08:47:29.452+0000] {logging_mixin.py:190} INFO - [2026-01-27T08:47:29.451+0000] {dagbag.py:588} INFO - Filling up the DagBag from /opt/airflow/dags/music_ingestion_dag.py
[2026-01-27T08:47:29.470+0000] {processor.py:925} INFO - DAG(s) '01_music_ingestion_realtime' retrieved from /opt/airflow/dags/music_ingestion_dag.py
[2026-01-27T08:47:29.497+0000] {logging_mixin.py:190} INFO - [2026-01-27T08:47:29.497+0000] {dag.py:3239} INFO - Sync 1 DAGs
[2026-01-27T08:47:29.521+0000] {logging_mixin.py:190} INFO - [2026-01-27T08:47:29.521+0000] {dag.py:4180} INFO - Setting next_dagrun for 01_music_ingestion_realtime to 2026-01-27 07:00:00+00:00, run_after=2026-01-27 08:00:00+00:00
[2026-01-27T08:47:29.542+0000] {processor.py:208} INFO - Processing /opt/airflow/dags/music_ingestion_dag.py took 0.107 seconds
[2026-01-27T08:47:59.819+0000] {processor.py:186} INFO - Started process (PID=332) to work on /opt/airflow/dags/music_ingestion_dag.py
[2026-01-27T08:47:59.820+0000] {processor.py:914} INFO - Processing file /opt/airflow/dags/music_ingestion_dag.py for tasks to queue
[2026-01-27T08:47:59.822+0000] {logging_mixin.py:190} INFO - [2026-01-27T08:47:59.822+0000] {dagbag.py:588} INFO - Filling up the DagBag from /opt/airflow/dags/music_ingestion_dag.py
[2026-01-27T08:47:59.841+0000] {processor.py:925} INFO - DAG(s) '01_music_ingestion_realtime' retrieved from /opt/airflow/dags/music_ingestion_dag.py
[2026-01-27T08:47:59.876+0000] {logging_mixin.py:190} INFO - [2026-01-27T08:47:59.876+0000] {dag.py:3239} INFO - Sync 1 DAGs
[2026-01-27T08:47:59.902+0000] {logging_mixin.py:190} INFO - [2026-01-27T08:47:59.902+0000] {dag.py:4180} INFO - Setting next_dagrun for 01_music_ingestion_realtime to 2026-01-27 07:00:00+00:00, run_after=2026-01-27 08:00:00+00:00
[2026-01-27T08:47:59.930+0000] {processor.py:208} INFO - Processing /opt/airflow/dags/music_ingestion_dag.py took 0.117 seconds
[2026-01-27T08:48:30.228+0000] {processor.py:186} INFO - Started process (PID=337) to work on /opt/airflow/dags/music_ingestion_dag.py
[2026-01-27T08:48:30.230+0000] {processor.py:914} INFO - Processing file /opt/airflow/dags/music_ingestion_dag.py for tasks to queue
[2026-01-27T08:48:30.235+0000] {logging_mixin.py:190} INFO - [2026-01-27T08:48:30.234+0000] {dagbag.py:588} INFO - Filling up the DagBag from /opt/airflow/dags/music_ingestion_dag.py
[2026-01-27T08:48:30.274+0000] {processor.py:925} INFO - DAG(s) '01_music_ingestion_realtime' retrieved from /opt/airflow/dags/music_ingestion_dag.py
[2026-01-27T08:48:30.312+0000] {logging_mixin.py:190} INFO - [2026-01-27T08:48:30.312+0000] {dag.py:3239} INFO - Sync 1 DAGs
[2026-01-27T08:48:30.339+0000] {logging_mixin.py:190} INFO - [2026-01-27T08:48:30.339+0000] {dag.py:4180} INFO - Setting next_dagrun for 01_music_ingestion_realtime to 2026-01-27 07:00:00+00:00, run_after=2026-01-27 08:00:00+00:00
[2026-01-27T08:48:30.366+0000] {processor.py:208} INFO - Processing /opt/airflow/dags/music_ingestion_dag.py took 0.144 seconds
[2026-01-27T08:49:00.833+0000] {processor.py:186} INFO - Started process (PID=342) to work on /opt/airflow/dags/music_ingestion_dag.py
[2026-01-27T08:49:00.843+0000] {processor.py:914} INFO - Processing file /opt/airflow/dags/music_ingestion_dag.py for tasks to queue
[2026-01-27T08:49:00.877+0000] {logging_mixin.py:190} INFO - [2026-01-27T08:49:00.869+0000] {dagbag.py:588} INFO - Filling up the DagBag from /opt/airflow/dags/music_ingestion_dag.py
[2026-01-27T08:49:01.087+0000] {processor.py:925} INFO - DAG(s) '01_music_ingestion_realtime' retrieved from /opt/airflow/dags/music_ingestion_dag.py
[2026-01-27T08:49:01.308+0000] {logging_mixin.py:190} INFO - [2026-01-27T08:49:01.307+0000] {dag.py:3239} INFO - Sync 1 DAGs
[2026-01-27T08:49:01.553+0000] {logging_mixin.py:190} INFO - [2026-01-27T08:49:01.552+0000] {dag.py:4180} INFO - Setting next_dagrun for 01_music_ingestion_realtime to 2026-01-27 07:00:00+00:00, run_after=2026-01-27 08:00:00+00:00
[2026-01-27T08:49:01.634+0000] {processor.py:208} INFO - Processing /opt/airflow/dags/music_ingestion_dag.py took 0.895 seconds
[2026-01-27T08:49:31.977+0000] {processor.py:186} INFO - Started process (PID=347) to work on /opt/airflow/dags/music_ingestion_dag.py
[2026-01-27T08:49:31.978+0000] {processor.py:914} INFO - Processing file /opt/airflow/dags/music_ingestion_dag.py for tasks to queue
[2026-01-27T08:49:31.982+0000] {logging_mixin.py:190} INFO - [2026-01-27T08:49:31.981+0000] {dagbag.py:588} INFO - Filling up the DagBag from /opt/airflow/dags/music_ingestion_dag.py
[2026-01-27T08:49:32.000+0000] {processor.py:925} INFO - DAG(s) '01_music_ingestion_realtime' retrieved from /opt/airflow/dags/music_ingestion_dag.py
[2026-01-27T08:49:32.030+0000] {logging_mixin.py:190} INFO - [2026-01-27T08:49:32.029+0000] {dag.py:3239} INFO - Sync 1 DAGs
[2026-01-27T08:49:32.080+0000] {logging_mixin.py:190} INFO - [2026-01-27T08:49:32.080+0000] {dag.py:4180} INFO - Setting next_dagrun for 01_music_ingestion_realtime to 2026-01-27 07:00:00+00:00, run_after=2026-01-27 08:00:00+00:00
[2026-01-27T08:49:32.115+0000] {processor.py:208} INFO - Processing /opt/airflow/dags/music_ingestion_dag.py took 0.144 seconds
[2026-01-27T08:50:02.292+0000] {processor.py:186} INFO - Started process (PID=352) to work on /opt/airflow/dags/music_ingestion_dag.py
[2026-01-27T08:50:02.294+0000] {processor.py:914} INFO - Processing file /opt/airflow/dags/music_ingestion_dag.py for tasks to queue
[2026-01-27T08:50:02.297+0000] {logging_mixin.py:190} INFO - [2026-01-27T08:50:02.297+0000] {dagbag.py:588} INFO - Filling up the DagBag from /opt/airflow/dags/music_ingestion_dag.py
[2026-01-27T08:50:02.324+0000] {processor.py:925} INFO - DAG(s) '01_music_ingestion_realtime' retrieved from /opt/airflow/dags/music_ingestion_dag.py
[2026-01-27T08:50:02.366+0000] {logging_mixin.py:190} INFO - [2026-01-27T08:50:02.365+0000] {dag.py:3239} INFO - Sync 1 DAGs
[2026-01-27T08:50:02.401+0000] {logging_mixin.py:190} INFO - [2026-01-27T08:50:02.401+0000] {dag.py:4180} INFO - Setting next_dagrun for 01_music_ingestion_realtime to 2026-01-27 07:00:00+00:00, run_after=2026-01-27 08:00:00+00:00
[2026-01-27T08:50:02.441+0000] {processor.py:208} INFO - Processing /opt/airflow/dags/music_ingestion_dag.py took 0.157 seconds
[2026-01-27T08:50:32.740+0000] {processor.py:186} INFO - Started process (PID=357) to work on /opt/airflow/dags/music_ingestion_dag.py
[2026-01-27T08:50:32.741+0000] {processor.py:914} INFO - Processing file /opt/airflow/dags/music_ingestion_dag.py for tasks to queue
[2026-01-27T08:50:32.744+0000] {logging_mixin.py:190} INFO - [2026-01-27T08:50:32.743+0000] {dagbag.py:588} INFO - Filling up the DagBag from /opt/airflow/dags/music_ingestion_dag.py
[2026-01-27T08:50:32.770+0000] {processor.py:925} INFO - DAG(s) '01_music_ingestion_realtime' retrieved from /opt/airflow/dags/music_ingestion_dag.py
[2026-01-27T08:50:32.803+0000] {logging_mixin.py:190} INFO - [2026-01-27T08:50:32.803+0000] {dag.py:3239} INFO - Sync 1 DAGs
[2026-01-27T08:50:32.828+0000] {logging_mixin.py:190} INFO - [2026-01-27T08:50:32.828+0000] {dag.py:4180} INFO - Setting next_dagrun for 01_music_ingestion_realtime to 2026-01-27 07:00:00+00:00, run_after=2026-01-27 08:00:00+00:00
[2026-01-27T08:50:32.858+0000] {processor.py:208} INFO - Processing /opt/airflow/dags/music_ingestion_dag.py took 0.124 seconds
[2026-01-27T08:51:03.083+0000] {processor.py:186} INFO - Started process (PID=362) to work on /opt/airflow/dags/music_ingestion_dag.py
[2026-01-27T08:51:03.084+0000] {processor.py:914} INFO - Processing file /opt/airflow/dags/music_ingestion_dag.py for tasks to queue
[2026-01-27T08:51:03.086+0000] {logging_mixin.py:190} INFO - [2026-01-27T08:51:03.086+0000] {dagbag.py:588} INFO - Filling up the DagBag from /opt/airflow/dags/music_ingestion_dag.py
[2026-01-27T08:51:03.108+0000] {processor.py:925} INFO - DAG(s) '01_music_ingestion_realtime' retrieved from /opt/airflow/dags/music_ingestion_dag.py
[2026-01-27T08:51:03.156+0000] {logging_mixin.py:190} INFO - [2026-01-27T08:51:03.155+0000] {dag.py:3239} INFO - Sync 1 DAGs
[2026-01-27T08:51:03.184+0000] {logging_mixin.py:190} INFO - [2026-01-27T08:51:03.184+0000] {dag.py:4180} INFO - Setting next_dagrun for 01_music_ingestion_realtime to 2026-01-27 07:00:00+00:00, run_after=2026-01-27 08:00:00+00:00
[2026-01-27T08:51:03.224+0000] {processor.py:208} INFO - Processing /opt/airflow/dags/music_ingestion_dag.py took 0.146 seconds
[2026-01-27T08:51:33.620+0000] {processor.py:186} INFO - Started process (PID=367) to work on /opt/airflow/dags/music_ingestion_dag.py
[2026-01-27T08:51:33.622+0000] {processor.py:914} INFO - Processing file /opt/airflow/dags/music_ingestion_dag.py for tasks to queue
[2026-01-27T08:51:33.627+0000] {logging_mixin.py:190} INFO - [2026-01-27T08:51:33.626+0000] {dagbag.py:588} INFO - Filling up the DagBag from /opt/airflow/dags/music_ingestion_dag.py
[2026-01-27T08:51:33.655+0000] {processor.py:925} INFO - DAG(s) '01_music_ingestion_realtime' retrieved from /opt/airflow/dags/music_ingestion_dag.py
[2026-01-27T08:51:33.690+0000] {logging_mixin.py:190} INFO - [2026-01-27T08:51:33.689+0000] {dag.py:3239} INFO - Sync 1 DAGs
[2026-01-27T08:51:33.727+0000] {logging_mixin.py:190} INFO - [2026-01-27T08:51:33.727+0000] {dag.py:4180} INFO - Setting next_dagrun for 01_music_ingestion_realtime to 2026-01-27 07:00:00+00:00, run_after=2026-01-27 08:00:00+00:00
[2026-01-27T08:51:33.751+0000] {processor.py:208} INFO - Processing /opt/airflow/dags/music_ingestion_dag.py took 0.140 seconds
[2026-01-27T08:52:03.996+0000] {processor.py:186} INFO - Started process (PID=372) to work on /opt/airflow/dags/music_ingestion_dag.py
[2026-01-27T08:52:03.998+0000] {processor.py:914} INFO - Processing file /opt/airflow/dags/music_ingestion_dag.py for tasks to queue
[2026-01-27T08:52:04.008+0000] {logging_mixin.py:190} INFO - [2026-01-27T08:52:04.007+0000] {dagbag.py:588} INFO - Filling up the DagBag from /opt/airflow/dags/music_ingestion_dag.py
[2026-01-27T08:52:04.048+0000] {processor.py:925} INFO - DAG(s) '01_music_ingestion_realtime' retrieved from /opt/airflow/dags/music_ingestion_dag.py
[2026-01-27T08:52:04.098+0000] {logging_mixin.py:190} INFO - [2026-01-27T08:52:04.098+0000] {dag.py:3239} INFO - Sync 1 DAGs
[2026-01-27T08:52:04.162+0000] {logging_mixin.py:190} INFO - [2026-01-27T08:52:04.162+0000] {dag.py:4180} INFO - Setting next_dagrun for 01_music_ingestion_realtime to 2026-01-27 07:00:00+00:00, run_after=2026-01-27 08:00:00+00:00
[2026-01-27T08:52:04.197+0000] {processor.py:208} INFO - Processing /opt/airflow/dags/music_ingestion_dag.py took 0.220 seconds
[2026-01-27T08:52:34.401+0000] {processor.py:186} INFO - Started process (PID=377) to work on /opt/airflow/dags/music_ingestion_dag.py
[2026-01-27T08:52:34.403+0000] {processor.py:914} INFO - Processing file /opt/airflow/dags/music_ingestion_dag.py for tasks to queue
[2026-01-27T08:52:34.405+0000] {logging_mixin.py:190} INFO - [2026-01-27T08:52:34.405+0000] {dagbag.py:588} INFO - Filling up the DagBag from /opt/airflow/dags/music_ingestion_dag.py
[2026-01-27T08:52:34.424+0000] {processor.py:925} INFO - DAG(s) '01_music_ingestion_realtime' retrieved from /opt/airflow/dags/music_ingestion_dag.py
[2026-01-27T08:52:34.454+0000] {logging_mixin.py:190} INFO - [2026-01-27T08:52:34.453+0000] {dag.py:3239} INFO - Sync 1 DAGs
[2026-01-27T08:52:34.481+0000] {logging_mixin.py:190} INFO - [2026-01-27T08:52:34.481+0000] {dag.py:4180} INFO - Setting next_dagrun for 01_music_ingestion_realtime to 2026-01-27 07:00:00+00:00, run_after=2026-01-27 08:00:00+00:00
[2026-01-27T08:52:34.503+0000] {processor.py:208} INFO - Processing /opt/airflow/dags/music_ingestion_dag.py took 0.108 seconds
[2026-01-27T08:53:04.855+0000] {processor.py:186} INFO - Started process (PID=382) to work on /opt/airflow/dags/music_ingestion_dag.py
[2026-01-27T08:53:04.862+0000] {processor.py:914} INFO - Processing file /opt/airflow/dags/music_ingestion_dag.py for tasks to queue
[2026-01-27T08:53:04.911+0000] {logging_mixin.py:190} INFO - [2026-01-27T08:53:04.905+0000] {dagbag.py:588} INFO - Filling up the DagBag from /opt/airflow/dags/music_ingestion_dag.py
[2026-01-27T08:53:05.017+0000] {processor.py:925} INFO - DAG(s) '01_music_ingestion_realtime' retrieved from /opt/airflow/dags/music_ingestion_dag.py
[2026-01-27T08:53:05.201+0000] {logging_mixin.py:190} INFO - [2026-01-27T08:53:05.200+0000] {dag.py:3239} INFO - Sync 1 DAGs
[2026-01-27T08:53:05.292+0000] {logging_mixin.py:190} INFO - [2026-01-27T08:53:05.291+0000] {dag.py:4180} INFO - Setting next_dagrun for 01_music_ingestion_realtime to 2026-01-27 07:00:00+00:00, run_after=2026-01-27 08:00:00+00:00
[2026-01-27T08:53:05.381+0000] {processor.py:208} INFO - Processing /opt/airflow/dags/music_ingestion_dag.py took 0.590 seconds
[2026-01-27T08:53:35.770+0000] {processor.py:186} INFO - Started process (PID=387) to work on /opt/airflow/dags/music_ingestion_dag.py
[2026-01-27T08:53:35.775+0000] {processor.py:914} INFO - Processing file /opt/airflow/dags/music_ingestion_dag.py for tasks to queue
[2026-01-27T08:53:35.780+0000] {logging_mixin.py:190} INFO - [2026-01-27T08:53:35.780+0000] {dagbag.py:588} INFO - Filling up the DagBag from /opt/airflow/dags/music_ingestion_dag.py
[2026-01-27T08:53:35.878+0000] {processor.py:925} INFO - DAG(s) '01_music_ingestion_realtime' retrieved from /opt/airflow/dags/music_ingestion_dag.py
[2026-01-27T08:53:35.966+0000] {logging_mixin.py:190} INFO - [2026-01-27T08:53:35.966+0000] {dag.py:3239} INFO - Sync 1 DAGs
[2026-01-27T08:53:36.036+0000] {logging_mixin.py:190} INFO - [2026-01-27T08:53:36.035+0000] {dag.py:4180} INFO - Setting next_dagrun for 01_music_ingestion_realtime to 2026-01-27 07:00:00+00:00, run_after=2026-01-27 08:00:00+00:00
[2026-01-27T08:53:36.078+0000] {processor.py:208} INFO - Processing /opt/airflow/dags/music_ingestion_dag.py took 0.319 seconds
[2026-01-27T08:54:06.448+0000] {processor.py:186} INFO - Started process (PID=392) to work on /opt/airflow/dags/music_ingestion_dag.py
[2026-01-27T08:54:06.449+0000] {processor.py:914} INFO - Processing file /opt/airflow/dags/music_ingestion_dag.py for tasks to queue
[2026-01-27T08:54:06.451+0000] {logging_mixin.py:190} INFO - [2026-01-27T08:54:06.451+0000] {dagbag.py:588} INFO - Filling up the DagBag from /opt/airflow/dags/music_ingestion_dag.py
[2026-01-27T08:54:06.470+0000] {processor.py:925} INFO - DAG(s) '01_music_ingestion_realtime' retrieved from /opt/airflow/dags/music_ingestion_dag.py
[2026-01-27T08:54:06.500+0000] {logging_mixin.py:190} INFO - [2026-01-27T08:54:06.500+0000] {dag.py:3239} INFO - Sync 1 DAGs
[2026-01-27T08:54:06.528+0000] {logging_mixin.py:190} INFO - [2026-01-27T08:54:06.528+0000] {dag.py:4180} INFO - Setting next_dagrun for 01_music_ingestion_realtime to 2026-01-27 07:00:00+00:00, run_after=2026-01-27 08:00:00+00:00
[2026-01-27T08:54:06.559+0000] {processor.py:208} INFO - Processing /opt/airflow/dags/music_ingestion_dag.py took 0.117 seconds
[2026-01-27T08:54:36.761+0000] {processor.py:186} INFO - Started process (PID=397) to work on /opt/airflow/dags/music_ingestion_dag.py
[2026-01-27T08:54:36.762+0000] {processor.py:914} INFO - Processing file /opt/airflow/dags/music_ingestion_dag.py for tasks to queue
[2026-01-27T08:54:36.765+0000] {logging_mixin.py:190} INFO - [2026-01-27T08:54:36.765+0000] {dagbag.py:588} INFO - Filling up the DagBag from /opt/airflow/dags/music_ingestion_dag.py
[2026-01-27T08:54:36.782+0000] {processor.py:925} INFO - DAG(s) '01_music_ingestion_realtime' retrieved from /opt/airflow/dags/music_ingestion_dag.py
[2026-01-27T08:54:36.812+0000] {logging_mixin.py:190} INFO - [2026-01-27T08:54:36.812+0000] {dag.py:3239} INFO - Sync 1 DAGs
[2026-01-27T08:54:36.836+0000] {logging_mixin.py:190} INFO - [2026-01-27T08:54:36.836+0000] {dag.py:4180} INFO - Setting next_dagrun for 01_music_ingestion_realtime to 2026-01-27 07:00:00+00:00, run_after=2026-01-27 08:00:00+00:00
[2026-01-27T08:54:36.865+0000] {processor.py:208} INFO - Processing /opt/airflow/dags/music_ingestion_dag.py took 0.109 seconds
[2026-01-27T08:55:07.228+0000] {processor.py:186} INFO - Started process (PID=402) to work on /opt/airflow/dags/music_ingestion_dag.py
[2026-01-27T08:55:07.229+0000] {processor.py:914} INFO - Processing file /opt/airflow/dags/music_ingestion_dag.py for tasks to queue
[2026-01-27T08:55:07.232+0000] {logging_mixin.py:190} INFO - [2026-01-27T08:55:07.231+0000] {dagbag.py:588} INFO - Filling up the DagBag from /opt/airflow/dags/music_ingestion_dag.py
[2026-01-27T08:55:07.255+0000] {processor.py:925} INFO - DAG(s) '01_music_ingestion_realtime' retrieved from /opt/airflow/dags/music_ingestion_dag.py
[2026-01-27T08:55:07.287+0000] {logging_mixin.py:190} INFO - [2026-01-27T08:55:07.286+0000] {dag.py:3239} INFO - Sync 1 DAGs
[2026-01-27T08:55:07.313+0000] {logging_mixin.py:190} INFO - [2026-01-27T08:55:07.313+0000] {dag.py:4180} INFO - Setting next_dagrun for 01_music_ingestion_realtime to 2026-01-27 07:00:00+00:00, run_after=2026-01-27 08:00:00+00:00
[2026-01-27T08:55:07.341+0000] {processor.py:208} INFO - Processing /opt/airflow/dags/music_ingestion_dag.py took 0.119 seconds
[2026-01-27T08:55:37.564+0000] {processor.py:186} INFO - Started process (PID=407) to work on /opt/airflow/dags/music_ingestion_dag.py
[2026-01-27T08:55:37.566+0000] {processor.py:914} INFO - Processing file /opt/airflow/dags/music_ingestion_dag.py for tasks to queue
[2026-01-27T08:55:37.570+0000] {logging_mixin.py:190} INFO - [2026-01-27T08:55:37.569+0000] {dagbag.py:588} INFO - Filling up the DagBag from /opt/airflow/dags/music_ingestion_dag.py
[2026-01-27T08:55:37.599+0000] {processor.py:925} INFO - DAG(s) '01_music_ingestion_realtime' retrieved from /opt/airflow/dags/music_ingestion_dag.py
[2026-01-27T08:55:37.641+0000] {logging_mixin.py:190} INFO - [2026-01-27T08:55:37.640+0000] {dag.py:3239} INFO - Sync 1 DAGs
[2026-01-27T08:55:37.682+0000] {logging_mixin.py:190} INFO - [2026-01-27T08:55:37.682+0000] {dag.py:4180} INFO - Setting next_dagrun for 01_music_ingestion_realtime to 2026-01-27 07:00:00+00:00, run_after=2026-01-27 08:00:00+00:00
[2026-01-27T08:55:37.708+0000] {processor.py:208} INFO - Processing /opt/airflow/dags/music_ingestion_dag.py took 0.153 seconds
[2026-01-27T08:56:07.958+0000] {processor.py:186} INFO - Started process (PID=412) to work on /opt/airflow/dags/music_ingestion_dag.py
[2026-01-27T08:56:07.960+0000] {processor.py:914} INFO - Processing file /opt/airflow/dags/music_ingestion_dag.py for tasks to queue
[2026-01-27T08:56:07.962+0000] {logging_mixin.py:190} INFO - [2026-01-27T08:56:07.962+0000] {dagbag.py:588} INFO - Filling up the DagBag from /opt/airflow/dags/music_ingestion_dag.py
[2026-01-27T08:56:07.981+0000] {processor.py:925} INFO - DAG(s) '01_music_ingestion_realtime' retrieved from /opt/airflow/dags/music_ingestion_dag.py
[2026-01-27T08:56:08.016+0000] {logging_mixin.py:190} INFO - [2026-01-27T08:56:08.016+0000] {dag.py:3239} INFO - Sync 1 DAGs
[2026-01-27T08:56:08.038+0000] {logging_mixin.py:190} INFO - [2026-01-27T08:56:08.038+0000] {dag.py:4180} INFO - Setting next_dagrun for 01_music_ingestion_realtime to 2026-01-27 07:00:00+00:00, run_after=2026-01-27 08:00:00+00:00
[2026-01-27T08:56:08.076+0000] {processor.py:208} INFO - Processing /opt/airflow/dags/music_ingestion_dag.py took 0.124 seconds
[2026-01-27T08:56:38.405+0000] {processor.py:186} INFO - Started process (PID=417) to work on /opt/airflow/dags/music_ingestion_dag.py
[2026-01-27T08:56:38.406+0000] {processor.py:914} INFO - Processing file /opt/airflow/dags/music_ingestion_dag.py for tasks to queue
[2026-01-27T08:56:38.408+0000] {logging_mixin.py:190} INFO - [2026-01-27T08:56:38.408+0000] {dagbag.py:588} INFO - Filling up the DagBag from /opt/airflow/dags/music_ingestion_dag.py
[2026-01-27T08:56:38.429+0000] {processor.py:925} INFO - DAG(s) '01_music_ingestion_realtime' retrieved from /opt/airflow/dags/music_ingestion_dag.py
[2026-01-27T08:56:38.461+0000] {logging_mixin.py:190} INFO - [2026-01-27T08:56:38.461+0000] {dag.py:3239} INFO - Sync 1 DAGs
[2026-01-27T08:56:38.490+0000] {logging_mixin.py:190} INFO - [2026-01-27T08:56:38.490+0000] {dag.py:4180} INFO - Setting next_dagrun for 01_music_ingestion_realtime to 2026-01-27 07:00:00+00:00, run_after=2026-01-27 08:00:00+00:00
[2026-01-27T08:56:38.519+0000] {processor.py:208} INFO - Processing /opt/airflow/dags/music_ingestion_dag.py took 0.122 seconds
[2026-01-27T08:57:08.744+0000] {processor.py:186} INFO - Started process (PID=422) to work on /opt/airflow/dags/music_ingestion_dag.py
[2026-01-27T08:57:08.749+0000] {processor.py:914} INFO - Processing file /opt/airflow/dags/music_ingestion_dag.py for tasks to queue
[2026-01-27T08:57:08.751+0000] {logging_mixin.py:190} INFO - [2026-01-27T08:57:08.751+0000] {dagbag.py:588} INFO - Filling up the DagBag from /opt/airflow/dags/music_ingestion_dag.py
[2026-01-27T08:57:08.787+0000] {processor.py:925} INFO - DAG(s) '01_music_ingestion_realtime' retrieved from /opt/airflow/dags/music_ingestion_dag.py
[2026-01-27T08:57:08.828+0000] {logging_mixin.py:190} INFO - [2026-01-27T08:57:08.828+0000] {dag.py:3239} INFO - Sync 1 DAGs
[2026-01-27T08:57:08.860+0000] {logging_mixin.py:190} INFO - [2026-01-27T08:57:08.860+0000] {dag.py:4180} INFO - Setting next_dagrun for 01_music_ingestion_realtime to 2026-01-27 07:00:00+00:00, run_after=2026-01-27 08:00:00+00:00
[2026-01-27T08:57:08.894+0000] {processor.py:208} INFO - Processing /opt/airflow/dags/music_ingestion_dag.py took 0.158 seconds
[2026-01-27T08:57:39.133+0000] {processor.py:186} INFO - Started process (PID=427) to work on /opt/airflow/dags/music_ingestion_dag.py
[2026-01-27T08:57:39.135+0000] {processor.py:914} INFO - Processing file /opt/airflow/dags/music_ingestion_dag.py for tasks to queue
[2026-01-27T08:57:39.138+0000] {logging_mixin.py:190} INFO - [2026-01-27T08:57:39.137+0000] {dagbag.py:588} INFO - Filling up the DagBag from /opt/airflow/dags/music_ingestion_dag.py
[2026-01-27T08:57:39.160+0000] {processor.py:925} INFO - DAG(s) '01_music_ingestion_realtime' retrieved from /opt/airflow/dags/music_ingestion_dag.py
[2026-01-27T08:57:39.194+0000] {logging_mixin.py:190} INFO - [2026-01-27T08:57:39.194+0000] {dag.py:3239} INFO - Sync 1 DAGs
[2026-01-27T08:57:39.220+0000] {logging_mixin.py:190} INFO - [2026-01-27T08:57:39.220+0000] {dag.py:4180} INFO - Setting next_dagrun for 01_music_ingestion_realtime to 2026-01-27 07:00:00+00:00, run_after=2026-01-27 08:00:00+00:00
[2026-01-27T08:57:39.250+0000] {processor.py:208} INFO - Processing /opt/airflow/dags/music_ingestion_dag.py took 0.123 seconds
[2026-01-27T08:58:09.602+0000] {processor.py:186} INFO - Started process (PID=432) to work on /opt/airflow/dags/music_ingestion_dag.py
[2026-01-27T08:58:09.604+0000] {processor.py:914} INFO - Processing file /opt/airflow/dags/music_ingestion_dag.py for tasks to queue
[2026-01-27T08:58:09.610+0000] {logging_mixin.py:190} INFO - [2026-01-27T08:58:09.609+0000] {dagbag.py:588} INFO - Filling up the DagBag from /opt/airflow/dags/music_ingestion_dag.py
[2026-01-27T08:58:09.654+0000] {processor.py:925} INFO - DAG(s) '01_music_ingestion_realtime' retrieved from /opt/airflow/dags/music_ingestion_dag.py
[2026-01-27T08:58:09.694+0000] {logging_mixin.py:190} INFO - [2026-01-27T08:58:09.693+0000] {dag.py:3239} INFO - Sync 1 DAGs
[2026-01-27T08:58:09.728+0000] {logging_mixin.py:190} INFO - [2026-01-27T08:58:09.728+0000] {dag.py:4180} INFO - Setting next_dagrun for 01_music_ingestion_realtime to 2026-01-27 07:00:00+00:00, run_after=2026-01-27 08:00:00+00:00
[2026-01-27T08:58:09.752+0000] {processor.py:208} INFO - Processing /opt/airflow/dags/music_ingestion_dag.py took 0.166 seconds
[2026-01-27T08:58:39.912+0000] {processor.py:186} INFO - Started process (PID=437) to work on /opt/airflow/dags/music_ingestion_dag.py
[2026-01-27T08:58:39.914+0000] {processor.py:914} INFO - Processing file /opt/airflow/dags/music_ingestion_dag.py for tasks to queue
[2026-01-27T08:58:39.918+0000] {logging_mixin.py:190} INFO - [2026-01-27T08:58:39.917+0000] {dagbag.py:588} INFO - Filling up the DagBag from /opt/airflow/dags/music_ingestion_dag.py
[2026-01-27T08:58:39.948+0000] {processor.py:925} INFO - DAG(s) '01_music_ingestion_realtime' retrieved from /opt/airflow/dags/music_ingestion_dag.py
[2026-01-27T08:58:40.047+0000] {logging_mixin.py:190} INFO - [2026-01-27T08:58:40.046+0000] {dag.py:3239} INFO - Sync 1 DAGs
[2026-01-27T08:58:40.094+0000] {logging_mixin.py:190} INFO - [2026-01-27T08:58:40.093+0000] {dag.py:4180} INFO - Setting next_dagrun for 01_music_ingestion_realtime to 2026-01-27 07:00:00+00:00, run_after=2026-01-27 08:00:00+00:00
[2026-01-27T08:58:40.126+0000] {processor.py:208} INFO - Processing /opt/airflow/dags/music_ingestion_dag.py took 0.222 seconds
[2026-01-27T08:59:10.391+0000] {processor.py:186} INFO - Started process (PID=442) to work on /opt/airflow/dags/music_ingestion_dag.py
[2026-01-27T08:59:10.393+0000] {processor.py:914} INFO - Processing file /opt/airflow/dags/music_ingestion_dag.py for tasks to queue
[2026-01-27T08:59:10.397+0000] {logging_mixin.py:190} INFO - [2026-01-27T08:59:10.397+0000] {dagbag.py:588} INFO - Filling up the DagBag from /opt/airflow/dags/music_ingestion_dag.py
[2026-01-27T08:59:10.433+0000] {processor.py:925} INFO - DAG(s) '01_music_ingestion_realtime' retrieved from /opt/airflow/dags/music_ingestion_dag.py
[2026-01-27T08:59:10.474+0000] {logging_mixin.py:190} INFO - [2026-01-27T08:59:10.474+0000] {dag.py:3239} INFO - Sync 1 DAGs
[2026-01-27T08:59:10.501+0000] {logging_mixin.py:190} INFO - [2026-01-27T08:59:10.501+0000] {dag.py:4180} INFO - Setting next_dagrun for 01_music_ingestion_realtime to 2026-01-27 07:00:00+00:00, run_after=2026-01-27 08:00:00+00:00
[2026-01-27T08:59:10.533+0000] {processor.py:208} INFO - Processing /opt/airflow/dags/music_ingestion_dag.py took 0.150 seconds
[2026-01-27T08:59:40.757+0000] {processor.py:186} INFO - Started process (PID=447) to work on /opt/airflow/dags/music_ingestion_dag.py
[2026-01-27T08:59:40.758+0000] {processor.py:914} INFO - Processing file /opt/airflow/dags/music_ingestion_dag.py for tasks to queue
[2026-01-27T08:59:40.761+0000] {logging_mixin.py:190} INFO - [2026-01-27T08:59:40.760+0000] {dagbag.py:588} INFO - Filling up the DagBag from /opt/airflow/dags/music_ingestion_dag.py
[2026-01-27T08:59:40.777+0000] {processor.py:925} INFO - DAG(s) '01_music_ingestion_realtime' retrieved from /opt/airflow/dags/music_ingestion_dag.py
[2026-01-27T08:59:40.812+0000] {logging_mixin.py:190} INFO - [2026-01-27T08:59:40.811+0000] {dag.py:3239} INFO - Sync 1 DAGs
[2026-01-27T08:59:40.840+0000] {logging_mixin.py:190} INFO - [2026-01-27T08:59:40.840+0000] {dag.py:4180} INFO - Setting next_dagrun for 01_music_ingestion_realtime to 2026-01-27 07:00:00+00:00, run_after=2026-01-27 08:00:00+00:00
[2026-01-27T08:59:40.868+0000] {processor.py:208} INFO - Processing /opt/airflow/dags/music_ingestion_dag.py took 0.116 seconds
[2026-01-27T09:00:11.195+0000] {processor.py:186} INFO - Started process (PID=452) to work on /opt/airflow/dags/music_ingestion_dag.py
[2026-01-27T09:00:11.197+0000] {processor.py:914} INFO - Processing file /opt/airflow/dags/music_ingestion_dag.py for tasks to queue
[2026-01-27T09:00:11.202+0000] {logging_mixin.py:190} INFO - [2026-01-27T09:00:11.201+0000] {dagbag.py:588} INFO - Filling up the DagBag from /opt/airflow/dags/music_ingestion_dag.py
[2026-01-27T09:00:11.239+0000] {processor.py:925} INFO - DAG(s) '01_music_ingestion_realtime' retrieved from /opt/airflow/dags/music_ingestion_dag.py
[2026-01-27T09:00:11.281+0000] {logging_mixin.py:190} INFO - [2026-01-27T09:00:11.280+0000] {dag.py:3239} INFO - Sync 1 DAGs
[2026-01-27T09:00:11.318+0000] {logging_mixin.py:190} INFO - [2026-01-27T09:00:11.317+0000] {dag.py:4180} INFO - Setting next_dagrun for 01_music_ingestion_realtime to 2026-01-27 08:00:00+00:00, run_after=2026-01-27 09:00:00+00:00
[2026-01-27T09:00:11.355+0000] {processor.py:208} INFO - Processing /opt/airflow/dags/music_ingestion_dag.py took 0.168 seconds
[2026-01-27T09:00:41.507+0000] {processor.py:186} INFO - Started process (PID=457) to work on /opt/airflow/dags/music_ingestion_dag.py
[2026-01-27T09:00:41.509+0000] {processor.py:914} INFO - Processing file /opt/airflow/dags/music_ingestion_dag.py for tasks to queue
[2026-01-27T09:00:41.511+0000] {logging_mixin.py:190} INFO - [2026-01-27T09:00:41.511+0000] {dagbag.py:588} INFO - Filling up the DagBag from /opt/airflow/dags/music_ingestion_dag.py
[2026-01-27T09:00:41.530+0000] {processor.py:925} INFO - DAG(s) '01_music_ingestion_realtime' retrieved from /opt/airflow/dags/music_ingestion_dag.py
[2026-01-27T09:00:41.561+0000] {logging_mixin.py:190} INFO - [2026-01-27T09:00:41.560+0000] {dag.py:3239} INFO - Sync 1 DAGs
[2026-01-27T09:00:41.590+0000] {logging_mixin.py:190} INFO - [2026-01-27T09:00:41.590+0000] {dag.py:4180} INFO - Setting next_dagrun for 01_music_ingestion_realtime to 2026-01-27 08:00:00+00:00, run_after=2026-01-27 09:00:00+00:00
[2026-01-27T09:00:41.617+0000] {processor.py:208} INFO - Processing /opt/airflow/dags/music_ingestion_dag.py took 0.115 seconds
[2026-01-27T09:01:11.828+0000] {processor.py:186} INFO - Started process (PID=462) to work on /opt/airflow/dags/music_ingestion_dag.py
[2026-01-27T09:01:11.829+0000] {processor.py:914} INFO - Processing file /opt/airflow/dags/music_ingestion_dag.py for tasks to queue
[2026-01-27T09:01:11.832+0000] {logging_mixin.py:190} INFO - [2026-01-27T09:01:11.832+0000] {dagbag.py:588} INFO - Filling up the DagBag from /opt/airflow/dags/music_ingestion_dag.py
[2026-01-27T09:01:11.849+0000] {processor.py:925} INFO - DAG(s) '01_music_ingestion_realtime' retrieved from /opt/airflow/dags/music_ingestion_dag.py
[2026-01-27T09:01:11.878+0000] {logging_mixin.py:190} INFO - [2026-01-27T09:01:11.878+0000] {dag.py:3239} INFO - Sync 1 DAGs
[2026-01-27T09:01:11.905+0000] {logging_mixin.py:190} INFO - [2026-01-27T09:01:11.905+0000] {dag.py:4180} INFO - Setting next_dagrun for 01_music_ingestion_realtime to 2026-01-27 08:00:00+00:00, run_after=2026-01-27 09:00:00+00:00
[2026-01-27T09:01:11.930+0000] {processor.py:208} INFO - Processing /opt/airflow/dags/music_ingestion_dag.py took 0.108 seconds
[2026-01-27T09:01:42.339+0000] {processor.py:186} INFO - Started process (PID=467) to work on /opt/airflow/dags/music_ingestion_dag.py
[2026-01-27T09:01:42.341+0000] {processor.py:914} INFO - Processing file /opt/airflow/dags/music_ingestion_dag.py for tasks to queue
[2026-01-27T09:01:42.343+0000] {logging_mixin.py:190} INFO - [2026-01-27T09:01:42.342+0000] {dagbag.py:588} INFO - Filling up the DagBag from /opt/airflow/dags/music_ingestion_dag.py
[2026-01-27T09:01:42.360+0000] {processor.py:925} INFO - DAG(s) '01_music_ingestion_realtime' retrieved from /opt/airflow/dags/music_ingestion_dag.py
[2026-01-27T09:01:42.394+0000] {logging_mixin.py:190} INFO - [2026-01-27T09:01:42.393+0000] {dag.py:3239} INFO - Sync 1 DAGs
[2026-01-27T09:01:42.417+0000] {logging_mixin.py:190} INFO - [2026-01-27T09:01:42.417+0000] {dag.py:4180} INFO - Setting next_dagrun for 01_music_ingestion_realtime to 2026-01-27 08:00:00+00:00, run_after=2026-01-27 09:00:00+00:00
[2026-01-27T09:01:42.443+0000] {processor.py:208} INFO - Processing /opt/airflow/dags/music_ingestion_dag.py took 0.109 seconds
[2026-01-27T09:02:12.670+0000] {processor.py:186} INFO - Started process (PID=472) to work on /opt/airflow/dags/music_ingestion_dag.py
[2026-01-27T09:02:12.671+0000] {processor.py:914} INFO - Processing file /opt/airflow/dags/music_ingestion_dag.py for tasks to queue
[2026-01-27T09:02:12.673+0000] {logging_mixin.py:190} INFO - [2026-01-27T09:02:12.673+0000] {dagbag.py:588} INFO - Filling up the DagBag from /opt/airflow/dags/music_ingestion_dag.py
[2026-01-27T09:02:12.691+0000] {processor.py:925} INFO - DAG(s) '01_music_ingestion_realtime' retrieved from /opt/airflow/dags/music_ingestion_dag.py
[2026-01-27T09:02:12.719+0000] {logging_mixin.py:190} INFO - [2026-01-27T09:02:12.719+0000] {dag.py:3239} INFO - Sync 1 DAGs
[2026-01-27T09:02:12.748+0000] {logging_mixin.py:190} INFO - [2026-01-27T09:02:12.748+0000] {dag.py:4180} INFO - Setting next_dagrun for 01_music_ingestion_realtime to 2026-01-27 08:00:00+00:00, run_after=2026-01-27 09:00:00+00:00
[2026-01-27T09:02:12.773+0000] {processor.py:208} INFO - Processing /opt/airflow/dags/music_ingestion_dag.py took 0.108 seconds
[2026-01-27T09:02:43.164+0000] {processor.py:186} INFO - Started process (PID=477) to work on /opt/airflow/dags/music_ingestion_dag.py
[2026-01-27T09:02:43.166+0000] {processor.py:914} INFO - Processing file /opt/airflow/dags/music_ingestion_dag.py for tasks to queue
[2026-01-27T09:02:43.168+0000] {logging_mixin.py:190} INFO - [2026-01-27T09:02:43.168+0000] {dagbag.py:588} INFO - Filling up the DagBag from /opt/airflow/dags/music_ingestion_dag.py
[2026-01-27T09:02:43.185+0000] {processor.py:925} INFO - DAG(s) '01_music_ingestion_realtime' retrieved from /opt/airflow/dags/music_ingestion_dag.py
[2026-01-27T09:02:43.211+0000] {logging_mixin.py:190} INFO - [2026-01-27T09:02:43.210+0000] {dag.py:3239} INFO - Sync 1 DAGs
[2026-01-27T09:02:43.234+0000] {logging_mixin.py:190} INFO - [2026-01-27T09:02:43.234+0000] {dag.py:4180} INFO - Setting next_dagrun for 01_music_ingestion_realtime to 2026-01-27 08:00:00+00:00, run_after=2026-01-27 09:00:00+00:00
[2026-01-27T09:02:43.260+0000] {processor.py:208} INFO - Processing /opt/airflow/dags/music_ingestion_dag.py took 0.100 seconds
[2026-01-27T09:03:13.491+0000] {processor.py:186} INFO - Started process (PID=482) to work on /opt/airflow/dags/music_ingestion_dag.py
[2026-01-27T09:03:13.492+0000] {processor.py:914} INFO - Processing file /opt/airflow/dags/music_ingestion_dag.py for tasks to queue
[2026-01-27T09:03:13.495+0000] {logging_mixin.py:190} INFO - [2026-01-27T09:03:13.495+0000] {dagbag.py:588} INFO - Filling up the DagBag from /opt/airflow/dags/music_ingestion_dag.py
[2026-01-27T09:03:13.515+0000] {processor.py:925} INFO - DAG(s) '01_music_ingestion_realtime' retrieved from /opt/airflow/dags/music_ingestion_dag.py
[2026-01-27T09:03:13.545+0000] {logging_mixin.py:190} INFO - [2026-01-27T09:03:13.545+0000] {dag.py:3239} INFO - Sync 1 DAGs
[2026-01-27T09:03:13.572+0000] {logging_mixin.py:190} INFO - [2026-01-27T09:03:13.572+0000] {dag.py:4180} INFO - Setting next_dagrun for 01_music_ingestion_realtime to 2026-01-27 08:00:00+00:00, run_after=2026-01-27 09:00:00+00:00
[2026-01-27T09:03:13.595+0000] {processor.py:208} INFO - Processing /opt/airflow/dags/music_ingestion_dag.py took 0.110 seconds
[2026-01-27T09:03:43.965+0000] {processor.py:186} INFO - Started process (PID=487) to work on /opt/airflow/dags/music_ingestion_dag.py
[2026-01-27T09:03:43.966+0000] {processor.py:914} INFO - Processing file /opt/airflow/dags/music_ingestion_dag.py for tasks to queue
[2026-01-27T09:03:43.970+0000] {logging_mixin.py:190} INFO - [2026-01-27T09:03:43.970+0000] {dagbag.py:588} INFO - Filling up the DagBag from /opt/airflow/dags/music_ingestion_dag.py
[2026-01-27T09:03:43.991+0000] {processor.py:925} INFO - DAG(s) '01_music_ingestion_realtime' retrieved from /opt/airflow/dags/music_ingestion_dag.py
[2026-01-27T09:03:44.016+0000] {logging_mixin.py:190} INFO - [2026-01-27T09:03:44.016+0000] {dag.py:3239} INFO - Sync 1 DAGs
[2026-01-27T09:03:44.046+0000] {logging_mixin.py:190} INFO - [2026-01-27T09:03:44.046+0000] {dag.py:4180} INFO - Setting next_dagrun for 01_music_ingestion_realtime to 2026-01-27 08:00:00+00:00, run_after=2026-01-27 09:00:00+00:00
[2026-01-27T09:03:44.072+0000] {processor.py:208} INFO - Processing /opt/airflow/dags/music_ingestion_dag.py took 0.113 seconds
[2026-01-27T09:04:14.292+0000] {processor.py:186} INFO - Started process (PID=492) to work on /opt/airflow/dags/music_ingestion_dag.py
[2026-01-27T09:04:14.293+0000] {processor.py:914} INFO - Processing file /opt/airflow/dags/music_ingestion_dag.py for tasks to queue
[2026-01-27T09:04:14.297+0000] {logging_mixin.py:190} INFO - [2026-01-27T09:04:14.297+0000] {dagbag.py:588} INFO - Filling up the DagBag from /opt/airflow/dags/music_ingestion_dag.py
[2026-01-27T09:04:14.319+0000] {processor.py:925} INFO - DAG(s) '01_music_ingestion_realtime' retrieved from /opt/airflow/dags/music_ingestion_dag.py
[2026-01-27T09:04:14.350+0000] {logging_mixin.py:190} INFO - [2026-01-27T09:04:14.350+0000] {dag.py:3239} INFO - Sync 1 DAGs
[2026-01-27T09:04:14.378+0000] {logging_mixin.py:190} INFO - [2026-01-27T09:04:14.378+0000] {dag.py:4180} INFO - Setting next_dagrun for 01_music_ingestion_realtime to 2026-01-27 08:00:00+00:00, run_after=2026-01-27 09:00:00+00:00
[2026-01-27T09:04:14.403+0000] {processor.py:208} INFO - Processing /opt/airflow/dags/music_ingestion_dag.py took 0.116 seconds
[2026-01-27T09:04:44.620+0000] {processor.py:186} INFO - Started process (PID=497) to work on /opt/airflow/dags/music_ingestion_dag.py
[2026-01-27T09:04:44.621+0000] {processor.py:914} INFO - Processing file /opt/airflow/dags/music_ingestion_dag.py for tasks to queue
[2026-01-27T09:04:44.624+0000] {logging_mixin.py:190} INFO - [2026-01-27T09:04:44.623+0000] {dagbag.py:588} INFO - Filling up the DagBag from /opt/airflow/dags/music_ingestion_dag.py
[2026-01-27T09:04:44.644+0000] {processor.py:925} INFO - DAG(s) '01_music_ingestion_realtime' retrieved from /opt/airflow/dags/music_ingestion_dag.py
[2026-01-27T09:04:44.674+0000] {logging_mixin.py:190} INFO - [2026-01-27T09:04:44.674+0000] {dag.py:3239} INFO - Sync 1 DAGs
[2026-01-27T09:04:44.701+0000] {logging_mixin.py:190} INFO - [2026-01-27T09:04:44.700+0000] {dag.py:4180} INFO - Setting next_dagrun for 01_music_ingestion_realtime to 2026-01-27 08:00:00+00:00, run_after=2026-01-27 09:00:00+00:00
[2026-01-27T09:04:44.727+0000] {processor.py:208} INFO - Processing /opt/airflow/dags/music_ingestion_dag.py took 0.113 seconds
[2026-01-27T09:05:15.062+0000] {processor.py:186} INFO - Started process (PID=502) to work on /opt/airflow/dags/music_ingestion_dag.py
[2026-01-27T09:05:15.064+0000] {processor.py:914} INFO - Processing file /opt/airflow/dags/music_ingestion_dag.py for tasks to queue
[2026-01-27T09:05:15.066+0000] {logging_mixin.py:190} INFO - [2026-01-27T09:05:15.066+0000] {dagbag.py:588} INFO - Filling up the DagBag from /opt/airflow/dags/music_ingestion_dag.py
[2026-01-27T09:05:15.087+0000] {processor.py:925} INFO - DAG(s) '01_music_ingestion_realtime' retrieved from /opt/airflow/dags/music_ingestion_dag.py
[2026-01-27T09:05:15.114+0000] {logging_mixin.py:190} INFO - [2026-01-27T09:05:15.114+0000] {dag.py:3239} INFO - Sync 1 DAGs
[2026-01-27T09:05:15.137+0000] {logging_mixin.py:190} INFO - [2026-01-27T09:05:15.137+0000] {dag.py:4180} INFO - Setting next_dagrun for 01_music_ingestion_realtime to 2026-01-27 08:00:00+00:00, run_after=2026-01-27 09:00:00+00:00
[2026-01-27T09:05:15.162+0000] {processor.py:208} INFO - Processing /opt/airflow/dags/music_ingestion_dag.py took 0.104 seconds
[2026-01-27T09:05:45.416+0000] {processor.py:186} INFO - Started process (PID=507) to work on /opt/airflow/dags/music_ingestion_dag.py
[2026-01-27T09:05:45.417+0000] {processor.py:914} INFO - Processing file /opt/airflow/dags/music_ingestion_dag.py for tasks to queue
[2026-01-27T09:05:45.419+0000] {logging_mixin.py:190} INFO - [2026-01-27T09:05:45.419+0000] {dagbag.py:588} INFO - Filling up the DagBag from /opt/airflow/dags/music_ingestion_dag.py
[2026-01-27T09:05:45.436+0000] {processor.py:925} INFO - DAG(s) '01_music_ingestion_realtime' retrieved from /opt/airflow/dags/music_ingestion_dag.py
[2026-01-27T09:05:45.466+0000] {logging_mixin.py:190} INFO - [2026-01-27T09:05:45.466+0000] {dag.py:3239} INFO - Sync 1 DAGs
[2026-01-27T09:05:45.493+0000] {logging_mixin.py:190} INFO - [2026-01-27T09:05:45.493+0000] {dag.py:4180} INFO - Setting next_dagrun for 01_music_ingestion_realtime to 2026-01-27 08:00:00+00:00, run_after=2026-01-27 09:00:00+00:00
[2026-01-27T09:05:45.521+0000] {processor.py:208} INFO - Processing /opt/airflow/dags/music_ingestion_dag.py took 0.111 seconds
[2026-01-27T09:06:15.854+0000] {processor.py:186} INFO - Started process (PID=512) to work on /opt/airflow/dags/music_ingestion_dag.py
[2026-01-27T09:06:15.855+0000] {processor.py:914} INFO - Processing file /opt/airflow/dags/music_ingestion_dag.py for tasks to queue
[2026-01-27T09:06:15.858+0000] {logging_mixin.py:190} INFO - [2026-01-27T09:06:15.857+0000] {dagbag.py:588} INFO - Filling up the DagBag from /opt/airflow/dags/music_ingestion_dag.py
[2026-01-27T09:06:15.875+0000] {processor.py:925} INFO - DAG(s) '01_music_ingestion_realtime' retrieved from /opt/airflow/dags/music_ingestion_dag.py
[2026-01-27T09:06:15.901+0000] {logging_mixin.py:190} INFO - [2026-01-27T09:06:15.901+0000] {dag.py:3239} INFO - Sync 1 DAGs
[2026-01-27T09:06:15.924+0000] {logging_mixin.py:190} INFO - [2026-01-27T09:06:15.924+0000] {dag.py:4180} INFO - Setting next_dagrun for 01_music_ingestion_realtime to 2026-01-27 08:00:00+00:00, run_after=2026-01-27 09:00:00+00:00
[2026-01-27T09:06:15.948+0000] {processor.py:208} INFO - Processing /opt/airflow/dags/music_ingestion_dag.py took 0.099 seconds
[2026-01-27T09:06:46.279+0000] {processor.py:186} INFO - Started process (PID=517) to work on /opt/airflow/dags/music_ingestion_dag.py
[2026-01-27T09:06:46.281+0000] {processor.py:914} INFO - Processing file /opt/airflow/dags/music_ingestion_dag.py for tasks to queue
[2026-01-27T09:06:46.284+0000] {logging_mixin.py:190} INFO - [2026-01-27T09:06:46.284+0000] {dagbag.py:588} INFO - Filling up the DagBag from /opt/airflow/dags/music_ingestion_dag.py
[2026-01-27T09:06:46.313+0000] {processor.py:925} INFO - DAG(s) '01_music_ingestion_realtime' retrieved from /opt/airflow/dags/music_ingestion_dag.py
[2026-01-27T09:06:46.345+0000] {logging_mixin.py:190} INFO - [2026-01-27T09:06:46.345+0000] {dag.py:3239} INFO - Sync 1 DAGs
[2026-01-27T09:06:46.372+0000] {logging_mixin.py:190} INFO - [2026-01-27T09:06:46.372+0000] {dag.py:4180} INFO - Setting next_dagrun for 01_music_ingestion_realtime to 2026-01-27 08:00:00+00:00, run_after=2026-01-27 09:00:00+00:00
[2026-01-27T09:06:46.402+0000] {processor.py:208} INFO - Processing /opt/airflow/dags/music_ingestion_dag.py took 0.128 seconds
[2026-01-27T09:07:16.617+0000] {processor.py:186} INFO - Started process (PID=522) to work on /opt/airflow/dags/music_ingestion_dag.py
[2026-01-27T09:07:16.619+0000] {processor.py:914} INFO - Processing file /opt/airflow/dags/music_ingestion_dag.py for tasks to queue
[2026-01-27T09:07:16.621+0000] {logging_mixin.py:190} INFO - [2026-01-27T09:07:16.621+0000] {dagbag.py:588} INFO - Filling up the DagBag from /opt/airflow/dags/music_ingestion_dag.py
[2026-01-27T09:07:16.638+0000] {processor.py:925} INFO - DAG(s) '01_music_ingestion_realtime' retrieved from /opt/airflow/dags/music_ingestion_dag.py
[2026-01-27T09:07:16.667+0000] {logging_mixin.py:190} INFO - [2026-01-27T09:07:16.667+0000] {dag.py:3239} INFO - Sync 1 DAGs
[2026-01-27T09:07:16.689+0000] {logging_mixin.py:190} INFO - [2026-01-27T09:07:16.689+0000] {dag.py:4180} INFO - Setting next_dagrun for 01_music_ingestion_realtime to 2026-01-27 08:00:00+00:00, run_after=2026-01-27 09:00:00+00:00
[2026-01-27T09:07:16.714+0000] {processor.py:208} INFO - Processing /opt/airflow/dags/music_ingestion_dag.py took 0.103 seconds
[2026-01-27T09:07:47.093+0000] {processor.py:186} INFO - Started process (PID=527) to work on /opt/airflow/dags/music_ingestion_dag.py
[2026-01-27T09:07:47.095+0000] {processor.py:914} INFO - Processing file /opt/airflow/dags/music_ingestion_dag.py for tasks to queue
[2026-01-27T09:07:47.098+0000] {logging_mixin.py:190} INFO - [2026-01-27T09:07:47.098+0000] {dagbag.py:588} INFO - Filling up the DagBag from /opt/airflow/dags/music_ingestion_dag.py
[2026-01-27T09:07:47.122+0000] {processor.py:925} INFO - DAG(s) '01_music_ingestion_realtime' retrieved from /opt/airflow/dags/music_ingestion_dag.py
[2026-01-27T09:07:47.153+0000] {logging_mixin.py:190} INFO - [2026-01-27T09:07:47.153+0000] {dag.py:3239} INFO - Sync 1 DAGs
[2026-01-27T09:07:47.177+0000] {logging_mixin.py:190} INFO - [2026-01-27T09:07:47.177+0000] {dag.py:4180} INFO - Setting next_dagrun for 01_music_ingestion_realtime to 2026-01-27 08:00:00+00:00, run_after=2026-01-27 09:00:00+00:00
[2026-01-27T09:07:47.204+0000] {processor.py:208} INFO - Processing /opt/airflow/dags/music_ingestion_dag.py took 0.117 seconds
[2026-01-27T09:08:17.443+0000] {processor.py:186} INFO - Started process (PID=532) to work on /opt/airflow/dags/music_ingestion_dag.py
[2026-01-27T09:08:17.444+0000] {processor.py:914} INFO - Processing file /opt/airflow/dags/music_ingestion_dag.py for tasks to queue
[2026-01-27T09:08:17.447+0000] {logging_mixin.py:190} INFO - [2026-01-27T09:08:17.447+0000] {dagbag.py:588} INFO - Filling up the DagBag from /opt/airflow/dags/music_ingestion_dag.py
[2026-01-27T09:08:17.469+0000] {processor.py:925} INFO - DAG(s) '01_music_ingestion_realtime' retrieved from /opt/airflow/dags/music_ingestion_dag.py
[2026-01-27T09:08:17.503+0000] {logging_mixin.py:190} INFO - [2026-01-27T09:08:17.502+0000] {dag.py:3239} INFO - Sync 1 DAGs
[2026-01-27T09:08:17.528+0000] {logging_mixin.py:190} INFO - [2026-01-27T09:08:17.528+0000] {dag.py:4180} INFO - Setting next_dagrun for 01_music_ingestion_realtime to 2026-01-27 08:00:00+00:00, run_after=2026-01-27 09:00:00+00:00
[2026-01-27T09:08:17.560+0000] {processor.py:208} INFO - Processing /opt/airflow/dags/music_ingestion_dag.py took 0.122 seconds
[2026-01-27T09:08:47.853+0000] {processor.py:186} INFO - Started process (PID=537) to work on /opt/airflow/dags/music_ingestion_dag.py
[2026-01-27T09:08:47.854+0000] {processor.py:914} INFO - Processing file /opt/airflow/dags/music_ingestion_dag.py for tasks to queue
[2026-01-27T09:08:47.857+0000] {logging_mixin.py:190} INFO - [2026-01-27T09:08:47.857+0000] {dagbag.py:588} INFO - Filling up the DagBag from /opt/airflow/dags/music_ingestion_dag.py
[2026-01-27T09:08:47.876+0000] {processor.py:925} INFO - DAG(s) '01_music_ingestion_realtime' retrieved from /opt/airflow/dags/music_ingestion_dag.py
[2026-01-27T09:08:47.904+0000] {logging_mixin.py:190} INFO - [2026-01-27T09:08:47.904+0000] {dag.py:3239} INFO - Sync 1 DAGs
[2026-01-27T09:08:47.935+0000] {logging_mixin.py:190} INFO - [2026-01-27T09:08:47.935+0000] {dag.py:4180} INFO - Setting next_dagrun for 01_music_ingestion_realtime to 2026-01-27 08:00:00+00:00, run_after=2026-01-27 09:00:00+00:00
[2026-01-27T09:08:47.965+0000] {processor.py:208} INFO - Processing /opt/airflow/dags/music_ingestion_dag.py took 0.117 seconds
[2026-01-27T09:09:18.205+0000] {processor.py:186} INFO - Started process (PID=542) to work on /opt/airflow/dags/music_ingestion_dag.py
[2026-01-27T09:09:18.206+0000] {processor.py:914} INFO - Processing file /opt/airflow/dags/music_ingestion_dag.py for tasks to queue
[2026-01-27T09:09:18.209+0000] {logging_mixin.py:190} INFO - [2026-01-27T09:09:18.208+0000] {dagbag.py:588} INFO - Filling up the DagBag from /opt/airflow/dags/music_ingestion_dag.py
[2026-01-27T09:09:18.239+0000] {processor.py:925} INFO - DAG(s) '01_music_ingestion_realtime' retrieved from /opt/airflow/dags/music_ingestion_dag.py
[2026-01-27T09:09:18.273+0000] {logging_mixin.py:190} INFO - [2026-01-27T09:09:18.273+0000] {dag.py:3239} INFO - Sync 1 DAGs
[2026-01-27T09:09:18.304+0000] {logging_mixin.py:190} INFO - [2026-01-27T09:09:18.304+0000] {dag.py:4180} INFO - Setting next_dagrun for 01_music_ingestion_realtime to 2026-01-27 08:00:00+00:00, run_after=2026-01-27 09:00:00+00:00
[2026-01-27T09:09:18.339+0000] {processor.py:208} INFO - Processing /opt/airflow/dags/music_ingestion_dag.py took 0.142 seconds
[2026-01-27T09:09:48.669+0000] {processor.py:186} INFO - Started process (PID=547) to work on /opt/airflow/dags/music_ingestion_dag.py
[2026-01-27T09:09:48.672+0000] {processor.py:914} INFO - Processing file /opt/airflow/dags/music_ingestion_dag.py for tasks to queue
[2026-01-27T09:09:48.679+0000] {logging_mixin.py:190} INFO - [2026-01-27T09:09:48.679+0000] {dagbag.py:588} INFO - Filling up the DagBag from /opt/airflow/dags/music_ingestion_dag.py
[2026-01-27T09:09:48.708+0000] {processor.py:925} INFO - DAG(s) '01_music_ingestion_realtime' retrieved from /opt/airflow/dags/music_ingestion_dag.py
[2026-01-27T09:09:48.739+0000] {logging_mixin.py:190} INFO - [2026-01-27T09:09:48.739+0000] {dag.py:3239} INFO - Sync 1 DAGs
[2026-01-27T09:09:48.770+0000] {logging_mixin.py:190} INFO - [2026-01-27T09:09:48.770+0000] {dag.py:4180} INFO - Setting next_dagrun for 01_music_ingestion_realtime to 2026-01-27 08:00:00+00:00, run_after=2026-01-27 09:00:00+00:00
[2026-01-27T09:09:48.794+0000] {processor.py:208} INFO - Processing /opt/airflow/dags/music_ingestion_dag.py took 0.132 seconds
[2026-01-27T09:10:19.074+0000] {processor.py:186} INFO - Started process (PID=552) to work on /opt/airflow/dags/music_ingestion_dag.py
[2026-01-27T09:10:19.076+0000] {processor.py:914} INFO - Processing file /opt/airflow/dags/music_ingestion_dag.py for tasks to queue
[2026-01-27T09:10:19.082+0000] {logging_mixin.py:190} INFO - [2026-01-27T09:10:19.081+0000] {dagbag.py:588} INFO - Filling up the DagBag from /opt/airflow/dags/music_ingestion_dag.py
[2026-01-27T09:10:19.134+0000] {processor.py:925} INFO - DAG(s) '01_music_ingestion_realtime' retrieved from /opt/airflow/dags/music_ingestion_dag.py
[2026-01-27T09:10:19.180+0000] {logging_mixin.py:190} INFO - [2026-01-27T09:10:19.179+0000] {dag.py:3239} INFO - Sync 1 DAGs
[2026-01-27T09:10:19.220+0000] {logging_mixin.py:190} INFO - [2026-01-27T09:10:19.219+0000] {dag.py:4180} INFO - Setting next_dagrun for 01_music_ingestion_realtime to 2026-01-27 08:00:00+00:00, run_after=2026-01-27 09:00:00+00:00
[2026-01-27T09:10:19.248+0000] {processor.py:208} INFO - Processing /opt/airflow/dags/music_ingestion_dag.py took 0.188 seconds
[2026-01-27T09:10:49.452+0000] {processor.py:186} INFO - Started process (PID=557) to work on /opt/airflow/dags/music_ingestion_dag.py
[2026-01-27T09:10:49.453+0000] {processor.py:914} INFO - Processing file /opt/airflow/dags/music_ingestion_dag.py for tasks to queue
[2026-01-27T09:10:49.456+0000] {logging_mixin.py:190} INFO - [2026-01-27T09:10:49.456+0000] {dagbag.py:588} INFO - Filling up the DagBag from /opt/airflow/dags/music_ingestion_dag.py
[2026-01-27T09:10:49.480+0000] {processor.py:925} INFO - DAG(s) '01_music_ingestion_realtime' retrieved from /opt/airflow/dags/music_ingestion_dag.py
[2026-01-27T09:10:49.514+0000] {logging_mixin.py:190} INFO - [2026-01-27T09:10:49.514+0000] {dag.py:3239} INFO - Sync 1 DAGs
[2026-01-27T09:10:49.541+0000] {logging_mixin.py:190} INFO - [2026-01-27T09:10:49.541+0000] {dag.py:4180} INFO - Setting next_dagrun for 01_music_ingestion_realtime to 2026-01-27 08:00:00+00:00, run_after=2026-01-27 09:00:00+00:00
[2026-01-27T09:10:49.576+0000] {processor.py:208} INFO - Processing /opt/airflow/dags/music_ingestion_dag.py took 0.131 seconds
[2026-01-27T09:11:19.872+0000] {processor.py:186} INFO - Started process (PID=562) to work on /opt/airflow/dags/music_ingestion_dag.py
[2026-01-27T09:11:19.873+0000] {processor.py:914} INFO - Processing file /opt/airflow/dags/music_ingestion_dag.py for tasks to queue
[2026-01-27T09:11:19.876+0000] {logging_mixin.py:190} INFO - [2026-01-27T09:11:19.876+0000] {dagbag.py:588} INFO - Filling up the DagBag from /opt/airflow/dags/music_ingestion_dag.py
[2026-01-27T09:11:19.901+0000] {processor.py:925} INFO - DAG(s) '01_music_ingestion_realtime' retrieved from /opt/airflow/dags/music_ingestion_dag.py
[2026-01-27T09:11:19.941+0000] {logging_mixin.py:190} INFO - [2026-01-27T09:11:19.940+0000] {dag.py:3239} INFO - Sync 1 DAGs
[2026-01-27T09:11:19.975+0000] {logging_mixin.py:190} INFO - [2026-01-27T09:11:19.975+0000] {dag.py:4180} INFO - Setting next_dagrun for 01_music_ingestion_realtime to 2026-01-27 08:00:00+00:00, run_after=2026-01-27 09:00:00+00:00
[2026-01-27T09:11:20.003+0000] {processor.py:208} INFO - Processing /opt/airflow/dags/music_ingestion_dag.py took 0.141 seconds
[2026-01-27T09:11:50.207+0000] {processor.py:186} INFO - Started process (PID=567) to work on /opt/airflow/dags/music_ingestion_dag.py
[2026-01-27T09:11:50.209+0000] {processor.py:914} INFO - Processing file /opt/airflow/dags/music_ingestion_dag.py for tasks to queue
[2026-01-27T09:11:50.213+0000] {logging_mixin.py:190} INFO - [2026-01-27T09:11:50.212+0000] {dagbag.py:588} INFO - Filling up the DagBag from /opt/airflow/dags/music_ingestion_dag.py
[2026-01-27T09:11:50.239+0000] {processor.py:925} INFO - DAG(s) '01_music_ingestion_realtime' retrieved from /opt/airflow/dags/music_ingestion_dag.py
[2026-01-27T09:11:50.280+0000] {logging_mixin.py:190} INFO - [2026-01-27T09:11:50.279+0000] {dag.py:3239} INFO - Sync 1 DAGs
[2026-01-27T09:11:50.312+0000] {logging_mixin.py:190} INFO - [2026-01-27T09:11:50.311+0000] {dag.py:4180} INFO - Setting next_dagrun for 01_music_ingestion_realtime to 2026-01-27 08:00:00+00:00, run_after=2026-01-27 09:00:00+00:00
[2026-01-27T09:11:50.335+0000] {processor.py:208} INFO - Processing /opt/airflow/dags/music_ingestion_dag.py took 0.137 seconds
[2026-01-27T09:12:20.651+0000] {processor.py:186} INFO - Started process (PID=572) to work on /opt/airflow/dags/music_ingestion_dag.py
[2026-01-27T09:12:20.652+0000] {processor.py:914} INFO - Processing file /opt/airflow/dags/music_ingestion_dag.py for tasks to queue
[2026-01-27T09:12:20.655+0000] {logging_mixin.py:190} INFO - [2026-01-27T09:12:20.655+0000] {dagbag.py:588} INFO - Filling up the DagBag from /opt/airflow/dags/music_ingestion_dag.py
[2026-01-27T09:12:20.675+0000] {processor.py:925} INFO - DAG(s) '01_music_ingestion_realtime' retrieved from /opt/airflow/dags/music_ingestion_dag.py
[2026-01-27T09:12:20.707+0000] {logging_mixin.py:190} INFO - [2026-01-27T09:12:20.707+0000] {dag.py:3239} INFO - Sync 1 DAGs
[2026-01-27T09:12:20.733+0000] {logging_mixin.py:190} INFO - [2026-01-27T09:12:20.733+0000] {dag.py:4180} INFO - Setting next_dagrun for 01_music_ingestion_realtime to 2026-01-27 08:00:00+00:00, run_after=2026-01-27 09:00:00+00:00
[2026-01-27T09:12:20.760+0000] {processor.py:208} INFO - Processing /opt/airflow/dags/music_ingestion_dag.py took 0.115 seconds
[2026-01-27T09:12:51.061+0000] {processor.py:186} INFO - Started process (PID=577) to work on /opt/airflow/dags/music_ingestion_dag.py
[2026-01-27T09:12:51.064+0000] {processor.py:914} INFO - Processing file /opt/airflow/dags/music_ingestion_dag.py for tasks to queue
[2026-01-27T09:12:51.070+0000] {logging_mixin.py:190} INFO - [2026-01-27T09:12:51.070+0000] {dagbag.py:588} INFO - Filling up the DagBag from /opt/airflow/dags/music_ingestion_dag.py
[2026-01-27T09:12:51.103+0000] {processor.py:925} INFO - DAG(s) '01_music_ingestion_realtime' retrieved from /opt/airflow/dags/music_ingestion_dag.py
[2026-01-27T09:12:51.139+0000] {logging_mixin.py:190} INFO - [2026-01-27T09:12:51.138+0000] {dag.py:3239} INFO - Sync 1 DAGs
[2026-01-27T09:12:51.173+0000] {logging_mixin.py:190} INFO - [2026-01-27T09:12:51.173+0000] {dag.py:4180} INFO - Setting next_dagrun for 01_music_ingestion_realtime to 2026-01-27 08:00:00+00:00, run_after=2026-01-27 09:00:00+00:00
[2026-01-27T09:12:51.195+0000] {processor.py:208} INFO - Processing /opt/airflow/dags/music_ingestion_dag.py took 0.144 seconds
[2026-01-27T09:13:21.435+0000] {processor.py:186} INFO - Started process (PID=582) to work on /opt/airflow/dags/music_ingestion_dag.py
[2026-01-27T09:13:21.436+0000] {processor.py:914} INFO - Processing file /opt/airflow/dags/music_ingestion_dag.py for tasks to queue
[2026-01-27T09:13:21.438+0000] {logging_mixin.py:190} INFO - [2026-01-27T09:13:21.438+0000] {dagbag.py:588} INFO - Filling up the DagBag from /opt/airflow/dags/music_ingestion_dag.py
[2026-01-27T09:13:21.459+0000] {processor.py:925} INFO - DAG(s) '01_music_ingestion_realtime' retrieved from /opt/airflow/dags/music_ingestion_dag.py
[2026-01-27T09:13:21.487+0000] {logging_mixin.py:190} INFO - [2026-01-27T09:13:21.487+0000] {dag.py:3239} INFO - Sync 1 DAGs
[2026-01-27T09:13:21.512+0000] {logging_mixin.py:190} INFO - [2026-01-27T09:13:21.512+0000] {dag.py:4180} INFO - Setting next_dagrun for 01_music_ingestion_realtime to 2026-01-27 08:00:00+00:00, run_after=2026-01-27 09:00:00+00:00
[2026-01-27T09:13:21.537+0000] {processor.py:208} INFO - Processing /opt/airflow/dags/music_ingestion_dag.py took 0.108 seconds
[2026-01-27T09:13:51.803+0000] {processor.py:186} INFO - Started process (PID=587) to work on /opt/airflow/dags/music_ingestion_dag.py
[2026-01-27T09:13:51.805+0000] {processor.py:914} INFO - Processing file /opt/airflow/dags/music_ingestion_dag.py for tasks to queue
[2026-01-27T09:13:51.807+0000] {logging_mixin.py:190} INFO - [2026-01-27T09:13:51.807+0000] {dagbag.py:588} INFO - Filling up the DagBag from /opt/airflow/dags/music_ingestion_dag.py
[2026-01-27T09:13:51.833+0000] {processor.py:925} INFO - DAG(s) '01_music_ingestion_realtime' retrieved from /opt/airflow/dags/music_ingestion_dag.py
[2026-01-27T09:13:51.868+0000] {logging_mixin.py:190} INFO - [2026-01-27T09:13:51.868+0000] {dag.py:3239} INFO - Sync 1 DAGs
[2026-01-27T09:13:51.898+0000] {logging_mixin.py:190} INFO - [2026-01-27T09:13:51.898+0000] {dag.py:4180} INFO - Setting next_dagrun for 01_music_ingestion_realtime to 2026-01-27 08:00:00+00:00, run_after=2026-01-27 09:00:00+00:00
[2026-01-27T09:13:51.926+0000] {processor.py:208} INFO - Processing /opt/airflow/dags/music_ingestion_dag.py took 0.129 seconds
[2026-01-27T09:14:22.221+0000] {processor.py:186} INFO - Started process (PID=592) to work on /opt/airflow/dags/music_ingestion_dag.py
[2026-01-27T09:14:22.222+0000] {processor.py:914} INFO - Processing file /opt/airflow/dags/music_ingestion_dag.py for tasks to queue
[2026-01-27T09:14:22.224+0000] {logging_mixin.py:190} INFO - [2026-01-27T09:14:22.224+0000] {dagbag.py:588} INFO - Filling up the DagBag from /opt/airflow/dags/music_ingestion_dag.py
[2026-01-27T09:14:22.246+0000] {processor.py:925} INFO - DAG(s) '01_music_ingestion_realtime' retrieved from /opt/airflow/dags/music_ingestion_dag.py
[2026-01-27T09:14:22.276+0000] {logging_mixin.py:190} INFO - [2026-01-27T09:14:22.276+0000] {dag.py:3239} INFO - Sync 1 DAGs
[2026-01-27T09:14:22.299+0000] {logging_mixin.py:190} INFO - [2026-01-27T09:14:22.299+0000] {dag.py:4180} INFO - Setting next_dagrun for 01_music_ingestion_realtime to 2026-01-27 08:00:00+00:00, run_after=2026-01-27 09:00:00+00:00
[2026-01-27T09:14:22.324+0000] {processor.py:208} INFO - Processing /opt/airflow/dags/music_ingestion_dag.py took 0.109 seconds
[2026-01-27T09:14:52.622+0000] {processor.py:186} INFO - Started process (PID=597) to work on /opt/airflow/dags/music_ingestion_dag.py
[2026-01-27T09:14:52.623+0000] {processor.py:914} INFO - Processing file /opt/airflow/dags/music_ingestion_dag.py for tasks to queue
[2026-01-27T09:14:52.625+0000] {logging_mixin.py:190} INFO - [2026-01-27T09:14:52.625+0000] {dagbag.py:588} INFO - Filling up the DagBag from /opt/airflow/dags/music_ingestion_dag.py
[2026-01-27T09:14:52.645+0000] {processor.py:925} INFO - DAG(s) '01_music_ingestion_realtime' retrieved from /opt/airflow/dags/music_ingestion_dag.py
[2026-01-27T09:14:52.676+0000] {logging_mixin.py:190} INFO - [2026-01-27T09:14:52.676+0000] {dag.py:3239} INFO - Sync 1 DAGs
[2026-01-27T09:14:52.702+0000] {logging_mixin.py:190} INFO - [2026-01-27T09:14:52.702+0000] {dag.py:4180} INFO - Setting next_dagrun for 01_music_ingestion_realtime to 2026-01-27 08:00:00+00:00, run_after=2026-01-27 09:00:00+00:00
[2026-01-27T09:14:52.725+0000] {processor.py:208} INFO - Processing /opt/airflow/dags/music_ingestion_dag.py took 0.109 seconds
[2026-01-27T09:15:23.003+0000] {processor.py:186} INFO - Started process (PID=602) to work on /opt/airflow/dags/music_ingestion_dag.py
[2026-01-27T09:15:23.004+0000] {processor.py:914} INFO - Processing file /opt/airflow/dags/music_ingestion_dag.py for tasks to queue
[2026-01-27T09:15:23.007+0000] {logging_mixin.py:190} INFO - [2026-01-27T09:15:23.006+0000] {dagbag.py:588} INFO - Filling up the DagBag from /opt/airflow/dags/music_ingestion_dag.py
[2026-01-27T09:15:23.028+0000] {processor.py:925} INFO - DAG(s) '01_music_ingestion_realtime' retrieved from /opt/airflow/dags/music_ingestion_dag.py
[2026-01-27T09:15:23.056+0000] {logging_mixin.py:190} INFO - [2026-01-27T09:15:23.056+0000] {dag.py:3239} INFO - Sync 1 DAGs
[2026-01-27T09:15:23.089+0000] {logging_mixin.py:190} INFO - [2026-01-27T09:15:23.088+0000] {dag.py:4180} INFO - Setting next_dagrun for 01_music_ingestion_realtime to 2026-01-27 08:00:00+00:00, run_after=2026-01-27 09:00:00+00:00
[2026-01-27T09:15:23.119+0000] {processor.py:208} INFO - Processing /opt/airflow/dags/music_ingestion_dag.py took 0.122 seconds
[2026-01-27T09:15:53.319+0000] {processor.py:186} INFO - Started process (PID=607) to work on /opt/airflow/dags/music_ingestion_dag.py
[2026-01-27T09:15:53.321+0000] {processor.py:914} INFO - Processing file /opt/airflow/dags/music_ingestion_dag.py for tasks to queue
[2026-01-27T09:15:53.324+0000] {logging_mixin.py:190} INFO - [2026-01-27T09:15:53.323+0000] {dagbag.py:588} INFO - Filling up the DagBag from /opt/airflow/dags/music_ingestion_dag.py
[2026-01-27T09:15:53.350+0000] {processor.py:925} INFO - DAG(s) '01_music_ingestion_realtime' retrieved from /opt/airflow/dags/music_ingestion_dag.py
[2026-01-27T09:15:53.387+0000] {logging_mixin.py:190} INFO - [2026-01-27T09:15:53.387+0000] {dag.py:3239} INFO - Sync 1 DAGs
[2026-01-27T09:15:53.415+0000] {logging_mixin.py:190} INFO - [2026-01-27T09:15:53.415+0000] {dag.py:4180} INFO - Setting next_dagrun for 01_music_ingestion_realtime to 2026-01-27 08:00:00+00:00, run_after=2026-01-27 09:00:00+00:00
[2026-01-27T09:15:53.441+0000] {processor.py:208} INFO - Processing /opt/airflow/dags/music_ingestion_dag.py took 0.128 seconds
[2026-01-27T09:16:23.755+0000] {processor.py:186} INFO - Started process (PID=612) to work on /opt/airflow/dags/music_ingestion_dag.py
[2026-01-27T09:16:23.757+0000] {processor.py:914} INFO - Processing file /opt/airflow/dags/music_ingestion_dag.py for tasks to queue
[2026-01-27T09:16:23.761+0000] {logging_mixin.py:190} INFO - [2026-01-27T09:16:23.760+0000] {dagbag.py:588} INFO - Filling up the DagBag from /opt/airflow/dags/music_ingestion_dag.py
[2026-01-27T09:16:23.782+0000] {processor.py:925} INFO - DAG(s) '01_music_ingestion_realtime' retrieved from /opt/airflow/dags/music_ingestion_dag.py
[2026-01-27T09:16:23.815+0000] {logging_mixin.py:190} INFO - [2026-01-27T09:16:23.815+0000] {dag.py:3239} INFO - Sync 1 DAGs
[2026-01-27T09:16:23.843+0000] {logging_mixin.py:190} INFO - [2026-01-27T09:16:23.843+0000] {dag.py:4180} INFO - Setting next_dagrun for 01_music_ingestion_realtime to 2026-01-27 08:00:00+00:00, run_after=2026-01-27 09:00:00+00:00
[2026-01-27T09:16:23.873+0000] {processor.py:208} INFO - Processing /opt/airflow/dags/music_ingestion_dag.py took 0.124 seconds
[2026-01-27T09:16:54.053+0000] {processor.py:186} INFO - Started process (PID=617) to work on /opt/airflow/dags/music_ingestion_dag.py
[2026-01-27T09:16:54.055+0000] {processor.py:914} INFO - Processing file /opt/airflow/dags/music_ingestion_dag.py for tasks to queue
[2026-01-27T09:16:54.057+0000] {logging_mixin.py:190} INFO - [2026-01-27T09:16:54.057+0000] {dagbag.py:588} INFO - Filling up the DagBag from /opt/airflow/dags/music_ingestion_dag.py
[2026-01-27T09:16:54.081+0000] {processor.py:925} INFO - DAG(s) '01_music_ingestion_realtime' retrieved from /opt/airflow/dags/music_ingestion_dag.py
[2026-01-27T09:16:54.113+0000] {logging_mixin.py:190} INFO - [2026-01-27T09:16:54.113+0000] {dag.py:3239} INFO - Sync 1 DAGs
[2026-01-27T09:16:54.141+0000] {logging_mixin.py:190} INFO - [2026-01-27T09:16:54.140+0000] {dag.py:4180} INFO - Setting next_dagrun for 01_music_ingestion_realtime to 2026-01-27 08:00:00+00:00, run_after=2026-01-27 09:00:00+00:00
[2026-01-27T09:16:54.171+0000] {processor.py:208} INFO - Processing /opt/airflow/dags/music_ingestion_dag.py took 0.123 seconds
[2026-01-27T09:17:24.441+0000] {processor.py:186} INFO - Started process (PID=622) to work on /opt/airflow/dags/music_ingestion_dag.py
[2026-01-27T09:17:24.442+0000] {processor.py:914} INFO - Processing file /opt/airflow/dags/music_ingestion_dag.py for tasks to queue
[2026-01-27T09:17:24.445+0000] {logging_mixin.py:190} INFO - [2026-01-27T09:17:24.444+0000] {dagbag.py:588} INFO - Filling up the DagBag from /opt/airflow/dags/music_ingestion_dag.py
[2026-01-27T09:17:24.468+0000] {processor.py:925} INFO - DAG(s) '01_music_ingestion_realtime' retrieved from /opt/airflow/dags/music_ingestion_dag.py
[2026-01-27T09:17:24.495+0000] {logging_mixin.py:190} INFO - [2026-01-27T09:17:24.494+0000] {dag.py:3239} INFO - Sync 1 DAGs
[2026-01-27T09:17:24.531+0000] {logging_mixin.py:190} INFO - [2026-01-27T09:17:24.530+0000] {dag.py:4180} INFO - Setting next_dagrun for 01_music_ingestion_realtime to 2026-01-27 08:00:00+00:00, run_after=2026-01-27 09:00:00+00:00
[2026-01-27T09:17:24.560+0000] {processor.py:208} INFO - Processing /opt/airflow/dags/music_ingestion_dag.py took 0.125 seconds
[2026-01-27T09:17:54.762+0000] {processor.py:186} INFO - Started process (PID=627) to work on /opt/airflow/dags/music_ingestion_dag.py
[2026-01-27T09:17:54.763+0000] {processor.py:914} INFO - Processing file /opt/airflow/dags/music_ingestion_dag.py for tasks to queue
[2026-01-27T09:17:54.765+0000] {logging_mixin.py:190} INFO - [2026-01-27T09:17:54.765+0000] {dagbag.py:588} INFO - Filling up the DagBag from /opt/airflow/dags/music_ingestion_dag.py
[2026-01-27T09:17:54.788+0000] {processor.py:925} INFO - DAG(s) '01_music_ingestion_realtime' retrieved from /opt/airflow/dags/music_ingestion_dag.py
[2026-01-27T09:17:54.826+0000] {logging_mixin.py:190} INFO - [2026-01-27T09:17:54.825+0000] {dag.py:3239} INFO - Sync 1 DAGs
[2026-01-27T09:17:54.865+0000] {logging_mixin.py:190} INFO - [2026-01-27T09:17:54.865+0000] {dag.py:4180} INFO - Setting next_dagrun for 01_music_ingestion_realtime to 2026-01-27 08:00:00+00:00, run_after=2026-01-27 09:00:00+00:00
[2026-01-27T09:17:54.898+0000] {processor.py:208} INFO - Processing /opt/airflow/dags/music_ingestion_dag.py took 0.142 seconds
[2026-01-27T09:18:25.203+0000] {processor.py:186} INFO - Started process (PID=632) to work on /opt/airflow/dags/music_ingestion_dag.py
[2026-01-27T09:18:25.204+0000] {processor.py:914} INFO - Processing file /opt/airflow/dags/music_ingestion_dag.py for tasks to queue
[2026-01-27T09:18:25.207+0000] {logging_mixin.py:190} INFO - [2026-01-27T09:18:25.207+0000] {dagbag.py:588} INFO - Filling up the DagBag from /opt/airflow/dags/music_ingestion_dag.py
[2026-01-27T09:18:25.227+0000] {processor.py:925} INFO - DAG(s) '01_music_ingestion_realtime' retrieved from /opt/airflow/dags/music_ingestion_dag.py
[2026-01-27T09:18:25.258+0000] {logging_mixin.py:190} INFO - [2026-01-27T09:18:25.258+0000] {dag.py:3239} INFO - Sync 1 DAGs
[2026-01-27T09:18:25.290+0000] {logging_mixin.py:190} INFO - [2026-01-27T09:18:25.289+0000] {dag.py:4180} INFO - Setting next_dagrun for 01_music_ingestion_realtime to 2026-01-27 08:00:00+00:00, run_after=2026-01-27 09:00:00+00:00
[2026-01-27T09:18:25.320+0000] {processor.py:208} INFO - Processing /opt/airflow/dags/music_ingestion_dag.py took 0.123 seconds
[2026-01-27T09:18:55.562+0000] {processor.py:186} INFO - Started process (PID=637) to work on /opt/airflow/dags/music_ingestion_dag.py
[2026-01-27T09:18:55.563+0000] {processor.py:914} INFO - Processing file /opt/airflow/dags/music_ingestion_dag.py for tasks to queue
[2026-01-27T09:18:55.566+0000] {logging_mixin.py:190} INFO - [2026-01-27T09:18:55.566+0000] {dagbag.py:588} INFO - Filling up the DagBag from /opt/airflow/dags/music_ingestion_dag.py
[2026-01-27T09:18:55.589+0000] {processor.py:925} INFO - DAG(s) '01_music_ingestion_realtime' retrieved from /opt/airflow/dags/music_ingestion_dag.py
[2026-01-27T09:18:55.618+0000] {logging_mixin.py:190} INFO - [2026-01-27T09:18:55.618+0000] {dag.py:3239} INFO - Sync 1 DAGs
[2026-01-27T09:18:55.648+0000] {logging_mixin.py:190} INFO - [2026-01-27T09:18:55.648+0000] {dag.py:4180} INFO - Setting next_dagrun for 01_music_ingestion_realtime to 2026-01-27 08:00:00+00:00, run_after=2026-01-27 09:00:00+00:00
[2026-01-27T09:18:55.674+0000] {processor.py:208} INFO - Processing /opt/airflow/dags/music_ingestion_dag.py took 0.120 seconds
[2026-01-27T09:19:26.010+0000] {processor.py:186} INFO - Started process (PID=642) to work on /opt/airflow/dags/music_ingestion_dag.py
[2026-01-27T09:19:26.011+0000] {processor.py:914} INFO - Processing file /opt/airflow/dags/music_ingestion_dag.py for tasks to queue
[2026-01-27T09:19:26.014+0000] {logging_mixin.py:190} INFO - [2026-01-27T09:19:26.014+0000] {dagbag.py:588} INFO - Filling up the DagBag from /opt/airflow/dags/music_ingestion_dag.py
[2026-01-27T09:19:26.034+0000] {processor.py:925} INFO - DAG(s) '01_music_ingestion_realtime' retrieved from /opt/airflow/dags/music_ingestion_dag.py
[2026-01-27T09:19:26.065+0000] {logging_mixin.py:190} INFO - [2026-01-27T09:19:26.065+0000] {dag.py:3239} INFO - Sync 1 DAGs
[2026-01-27T09:19:26.094+0000] {logging_mixin.py:190} INFO - [2026-01-27T09:19:26.094+0000] {dag.py:4180} INFO - Setting next_dagrun for 01_music_ingestion_realtime to 2026-01-27 08:00:00+00:00, run_after=2026-01-27 09:00:00+00:00
[2026-01-27T09:19:26.119+0000] {processor.py:208} INFO - Processing /opt/airflow/dags/music_ingestion_dag.py took 0.114 seconds
[2026-01-27T09:19:56.401+0000] {processor.py:186} INFO - Started process (PID=647) to work on /opt/airflow/dags/music_ingestion_dag.py
[2026-01-27T09:19:56.402+0000] {processor.py:914} INFO - Processing file /opt/airflow/dags/music_ingestion_dag.py for tasks to queue
[2026-01-27T09:19:56.405+0000] {logging_mixin.py:190} INFO - [2026-01-27T09:19:56.405+0000] {dagbag.py:588} INFO - Filling up the DagBag from /opt/airflow/dags/music_ingestion_dag.py
[2026-01-27T09:19:56.431+0000] {processor.py:925} INFO - DAG(s) '01_music_ingestion_realtime' retrieved from /opt/airflow/dags/music_ingestion_dag.py
[2026-01-27T09:19:56.467+0000] {logging_mixin.py:190} INFO - [2026-01-27T09:19:56.467+0000] {dag.py:3239} INFO - Sync 1 DAGs
[2026-01-27T09:19:56.496+0000] {logging_mixin.py:190} INFO - [2026-01-27T09:19:56.496+0000] {dag.py:4180} INFO - Setting next_dagrun for 01_music_ingestion_realtime to 2026-01-27 08:00:00+00:00, run_after=2026-01-27 09:00:00+00:00
[2026-01-27T09:19:56.518+0000] {processor.py:208} INFO - Processing /opt/airflow/dags/music_ingestion_dag.py took 0.123 seconds
[2026-01-27T09:20:26.794+0000] {processor.py:186} INFO - Started process (PID=652) to work on /opt/airflow/dags/music_ingestion_dag.py
[2026-01-27T09:20:26.796+0000] {processor.py:914} INFO - Processing file /opt/airflow/dags/music_ingestion_dag.py for tasks to queue
[2026-01-27T09:20:26.799+0000] {logging_mixin.py:190} INFO - [2026-01-27T09:20:26.799+0000] {dagbag.py:588} INFO - Filling up the DagBag from /opt/airflow/dags/music_ingestion_dag.py
[2026-01-27T09:20:26.821+0000] {processor.py:925} INFO - DAG(s) '01_music_ingestion_realtime' retrieved from /opt/airflow/dags/music_ingestion_dag.py
[2026-01-27T09:20:26.853+0000] {logging_mixin.py:190} INFO - [2026-01-27T09:20:26.853+0000] {dag.py:3239} INFO - Sync 1 DAGs
[2026-01-27T09:20:26.881+0000] {logging_mixin.py:190} INFO - [2026-01-27T09:20:26.881+0000] {dag.py:4180} INFO - Setting next_dagrun for 01_music_ingestion_realtime to 2026-01-27 08:00:00+00:00, run_after=2026-01-27 09:00:00+00:00
[2026-01-27T09:20:26.908+0000] {processor.py:208} INFO - Processing /opt/airflow/dags/music_ingestion_dag.py took 0.121 seconds
[2026-01-27T09:20:57.160+0000] {processor.py:186} INFO - Started process (PID=657) to work on /opt/airflow/dags/music_ingestion_dag.py
[2026-01-27T09:20:57.161+0000] {processor.py:914} INFO - Processing file /opt/airflow/dags/music_ingestion_dag.py for tasks to queue
[2026-01-27T09:20:57.164+0000] {logging_mixin.py:190} INFO - [2026-01-27T09:20:57.164+0000] {dagbag.py:588} INFO - Filling up the DagBag from /opt/airflow/dags/music_ingestion_dag.py
[2026-01-27T09:20:57.187+0000] {processor.py:925} INFO - DAG(s) '01_music_ingestion_realtime' retrieved from /opt/airflow/dags/music_ingestion_dag.py
[2026-01-27T09:20:57.222+0000] {logging_mixin.py:190} INFO - [2026-01-27T09:20:57.221+0000] {dag.py:3239} INFO - Sync 1 DAGs
[2026-01-27T09:20:57.248+0000] {logging_mixin.py:190} INFO - [2026-01-27T09:20:57.248+0000] {dag.py:4180} INFO - Setting next_dagrun for 01_music_ingestion_realtime to 2026-01-27 08:00:00+00:00, run_after=2026-01-27 09:00:00+00:00
[2026-01-27T09:20:57.276+0000] {processor.py:208} INFO - Processing /opt/airflow/dags/music_ingestion_dag.py took 0.122 seconds
[2026-01-27T09:21:27.635+0000] {processor.py:186} INFO - Started process (PID=662) to work on /opt/airflow/dags/music_ingestion_dag.py
[2026-01-27T09:21:27.636+0000] {processor.py:914} INFO - Processing file /opt/airflow/dags/music_ingestion_dag.py for tasks to queue
[2026-01-27T09:21:27.638+0000] {logging_mixin.py:190} INFO - [2026-01-27T09:21:27.638+0000] {dagbag.py:588} INFO - Filling up the DagBag from /opt/airflow/dags/music_ingestion_dag.py
[2026-01-27T09:21:27.655+0000] {processor.py:925} INFO - DAG(s) '01_music_ingestion_realtime' retrieved from /opt/airflow/dags/music_ingestion_dag.py
[2026-01-27T09:21:27.683+0000] {logging_mixin.py:190} INFO - [2026-01-27T09:21:27.682+0000] {dag.py:3239} INFO - Sync 1 DAGs
[2026-01-27T09:21:27.709+0000] {logging_mixin.py:190} INFO - [2026-01-27T09:21:27.708+0000] {dag.py:4180} INFO - Setting next_dagrun for 01_music_ingestion_realtime to 2026-01-27 08:00:00+00:00, run_after=2026-01-27 09:00:00+00:00
[2026-01-27T09:21:27.735+0000] {processor.py:208} INFO - Processing /opt/airflow/dags/music_ingestion_dag.py took 0.105 seconds
[2026-01-27T09:21:57.988+0000] {processor.py:186} INFO - Started process (PID=667) to work on /opt/airflow/dags/music_ingestion_dag.py
[2026-01-27T09:21:57.990+0000] {processor.py:914} INFO - Processing file /opt/airflow/dags/music_ingestion_dag.py for tasks to queue
[2026-01-27T09:21:57.992+0000] {logging_mixin.py:190} INFO - [2026-01-27T09:21:57.992+0000] {dagbag.py:588} INFO - Filling up the DagBag from /opt/airflow/dags/music_ingestion_dag.py
[2026-01-27T09:21:58.024+0000] {processor.py:925} INFO - DAG(s) '01_music_ingestion_realtime' retrieved from /opt/airflow/dags/music_ingestion_dag.py
[2026-01-27T09:21:58.059+0000] {logging_mixin.py:190} INFO - [2026-01-27T09:21:58.058+0000] {dag.py:3239} INFO - Sync 1 DAGs
[2026-01-27T09:21:58.083+0000] {logging_mixin.py:190} INFO - [2026-01-27T09:21:58.083+0000] {dag.py:4180} INFO - Setting next_dagrun for 01_music_ingestion_realtime to 2026-01-27 08:00:00+00:00, run_after=2026-01-27 09:00:00+00:00
[2026-01-27T09:21:58.108+0000] {processor.py:208} INFO - Processing /opt/airflow/dags/music_ingestion_dag.py took 0.126 seconds
[2026-01-27T09:22:28.443+0000] {processor.py:186} INFO - Started process (PID=672) to work on /opt/airflow/dags/music_ingestion_dag.py
[2026-01-27T09:22:28.444+0000] {processor.py:914} INFO - Processing file /opt/airflow/dags/music_ingestion_dag.py for tasks to queue
[2026-01-27T09:22:28.446+0000] {logging_mixin.py:190} INFO - [2026-01-27T09:22:28.446+0000] {dagbag.py:588} INFO - Filling up the DagBag from /opt/airflow/dags/music_ingestion_dag.py
[2026-01-27T09:22:28.464+0000] {processor.py:925} INFO - DAG(s) '01_music_ingestion_realtime' retrieved from /opt/airflow/dags/music_ingestion_dag.py
[2026-01-27T09:22:28.494+0000] {logging_mixin.py:190} INFO - [2026-01-27T09:22:28.494+0000] {dag.py:3239} INFO - Sync 1 DAGs
[2026-01-27T09:22:28.520+0000] {logging_mixin.py:190} INFO - [2026-01-27T09:22:28.520+0000] {dag.py:4180} INFO - Setting next_dagrun for 01_music_ingestion_realtime to 2026-01-27 08:00:00+00:00, run_after=2026-01-27 09:00:00+00:00
[2026-01-27T09:22:28.543+0000] {processor.py:208} INFO - Processing /opt/airflow/dags/music_ingestion_dag.py took 0.105 seconds
[2026-01-27T09:22:58.817+0000] {processor.py:186} INFO - Started process (PID=677) to work on /opt/airflow/dags/music_ingestion_dag.py
[2026-01-27T09:22:58.819+0000] {processor.py:914} INFO - Processing file /opt/airflow/dags/music_ingestion_dag.py for tasks to queue
[2026-01-27T09:22:58.821+0000] {logging_mixin.py:190} INFO - [2026-01-27T09:22:58.821+0000] {dagbag.py:588} INFO - Filling up the DagBag from /opt/airflow/dags/music_ingestion_dag.py
[2026-01-27T09:22:58.845+0000] {processor.py:925} INFO - DAG(s) '01_music_ingestion_realtime' retrieved from /opt/airflow/dags/music_ingestion_dag.py
[2026-01-27T09:22:58.879+0000] {logging_mixin.py:190} INFO - [2026-01-27T09:22:58.878+0000] {dag.py:3239} INFO - Sync 1 DAGs
[2026-01-27T09:22:58.905+0000] {logging_mixin.py:190} INFO - [2026-01-27T09:22:58.905+0000] {dag.py:4180} INFO - Setting next_dagrun for 01_music_ingestion_realtime to 2026-01-27 08:00:00+00:00, run_after=2026-01-27 09:00:00+00:00
[2026-01-27T09:22:58.933+0000] {processor.py:208} INFO - Processing /opt/airflow/dags/music_ingestion_dag.py took 0.122 seconds
[2026-01-27T09:23:29.206+0000] {processor.py:186} INFO - Started process (PID=682) to work on /opt/airflow/dags/music_ingestion_dag.py
[2026-01-27T09:23:29.208+0000] {processor.py:914} INFO - Processing file /opt/airflow/dags/music_ingestion_dag.py for tasks to queue
[2026-01-27T09:23:29.211+0000] {logging_mixin.py:190} INFO - [2026-01-27T09:23:29.211+0000] {dagbag.py:588} INFO - Filling up the DagBag from /opt/airflow/dags/music_ingestion_dag.py
[2026-01-27T09:23:29.235+0000] {processor.py:925} INFO - DAG(s) '01_music_ingestion_realtime' retrieved from /opt/airflow/dags/music_ingestion_dag.py
[2026-01-27T09:23:29.271+0000] {logging_mixin.py:190} INFO - [2026-01-27T09:23:29.271+0000] {dag.py:3239} INFO - Sync 1 DAGs
[2026-01-27T09:23:29.301+0000] {logging_mixin.py:190} INFO - [2026-01-27T09:23:29.301+0000] {dag.py:4180} INFO - Setting next_dagrun for 01_music_ingestion_realtime to 2026-01-27 08:00:00+00:00, run_after=2026-01-27 09:00:00+00:00
[2026-01-27T09:23:29.325+0000] {processor.py:208} INFO - Processing /opt/airflow/dags/music_ingestion_dag.py took 0.126 seconds
[2026-01-27T09:23:59.634+0000] {processor.py:186} INFO - Started process (PID=687) to work on /opt/airflow/dags/music_ingestion_dag.py
[2026-01-27T09:23:59.635+0000] {processor.py:914} INFO - Processing file /opt/airflow/dags/music_ingestion_dag.py for tasks to queue
[2026-01-27T09:23:59.638+0000] {logging_mixin.py:190} INFO - [2026-01-27T09:23:59.638+0000] {dagbag.py:588} INFO - Filling up the DagBag from /opt/airflow/dags/music_ingestion_dag.py
[2026-01-27T09:23:59.656+0000] {processor.py:925} INFO - DAG(s) '01_music_ingestion_realtime' retrieved from /opt/airflow/dags/music_ingestion_dag.py
[2026-01-27T09:23:59.684+0000] {logging_mixin.py:190} INFO - [2026-01-27T09:23:59.684+0000] {dag.py:3239} INFO - Sync 1 DAGs
[2026-01-27T09:23:59.708+0000] {logging_mixin.py:190} INFO - [2026-01-27T09:23:59.708+0000] {dag.py:4180} INFO - Setting next_dagrun for 01_music_ingestion_realtime to 2026-01-27 08:00:00+00:00, run_after=2026-01-27 09:00:00+00:00
[2026-01-27T09:23:59.733+0000] {processor.py:208} INFO - Processing /opt/airflow/dags/music_ingestion_dag.py took 0.104 seconds
[2026-01-27T09:24:30.025+0000] {processor.py:186} INFO - Started process (PID=692) to work on /opt/airflow/dags/music_ingestion_dag.py
[2026-01-27T09:24:30.027+0000] {processor.py:914} INFO - Processing file /opt/airflow/dags/music_ingestion_dag.py for tasks to queue
[2026-01-27T09:24:30.029+0000] {logging_mixin.py:190} INFO - [2026-01-27T09:24:30.029+0000] {dagbag.py:588} INFO - Filling up the DagBag from /opt/airflow/dags/music_ingestion_dag.py
[2026-01-27T09:24:30.050+0000] {processor.py:925} INFO - DAG(s) '01_music_ingestion_realtime' retrieved from /opt/airflow/dags/music_ingestion_dag.py
[2026-01-27T09:24:30.081+0000] {logging_mixin.py:190} INFO - [2026-01-27T09:24:30.081+0000] {dag.py:3239} INFO - Sync 1 DAGs
[2026-01-27T09:24:30.106+0000] {logging_mixin.py:190} INFO - [2026-01-27T09:24:30.106+0000] {dag.py:4180} INFO - Setting next_dagrun for 01_music_ingestion_realtime to 2026-01-27 08:00:00+00:00, run_after=2026-01-27 09:00:00+00:00
[2026-01-27T09:24:30.133+0000] {processor.py:208} INFO - Processing /opt/airflow/dags/music_ingestion_dag.py took 0.113 seconds
[2026-01-27T09:25:00.398+0000] {processor.py:186} INFO - Started process (PID=697) to work on /opt/airflow/dags/music_ingestion_dag.py
[2026-01-27T09:25:00.400+0000] {processor.py:914} INFO - Processing file /opt/airflow/dags/music_ingestion_dag.py for tasks to queue
[2026-01-27T09:25:00.405+0000] {logging_mixin.py:190} INFO - [2026-01-27T09:25:00.404+0000] {dagbag.py:588} INFO - Filling up the DagBag from /opt/airflow/dags/music_ingestion_dag.py
[2026-01-27T09:25:00.430+0000] {processor.py:925} INFO - DAG(s) '01_music_ingestion_realtime' retrieved from /opt/airflow/dags/music_ingestion_dag.py
[2026-01-27T09:25:00.456+0000] {logging_mixin.py:190} INFO - [2026-01-27T09:25:00.456+0000] {dag.py:3239} INFO - Sync 1 DAGs
[2026-01-27T09:25:00.480+0000] {logging_mixin.py:190} INFO - [2026-01-27T09:25:00.480+0000] {dag.py:4180} INFO - Setting next_dagrun for 01_music_ingestion_realtime to 2026-01-27 08:00:00+00:00, run_after=2026-01-27 09:00:00+00:00
[2026-01-27T09:25:00.507+0000] {processor.py:208} INFO - Processing /opt/airflow/dags/music_ingestion_dag.py took 0.115 seconds
[2026-01-27T09:25:30.733+0000] {processor.py:186} INFO - Started process (PID=702) to work on /opt/airflow/dags/music_ingestion_dag.py
[2026-01-27T09:25:30.735+0000] {processor.py:914} INFO - Processing file /opt/airflow/dags/music_ingestion_dag.py for tasks to queue
[2026-01-27T09:25:30.738+0000] {logging_mixin.py:190} INFO - [2026-01-27T09:25:30.737+0000] {dagbag.py:588} INFO - Filling up the DagBag from /opt/airflow/dags/music_ingestion_dag.py
[2026-01-27T09:25:30.763+0000] {processor.py:925} INFO - DAG(s) '01_music_ingestion_realtime' retrieved from /opt/airflow/dags/music_ingestion_dag.py
[2026-01-27T09:25:30.797+0000] {logging_mixin.py:190} INFO - [2026-01-27T09:25:30.797+0000] {dag.py:3239} INFO - Sync 1 DAGs
[2026-01-27T09:25:30.826+0000] {logging_mixin.py:190} INFO - [2026-01-27T09:25:30.826+0000] {dag.py:4180} INFO - Setting next_dagrun for 01_music_ingestion_realtime to 2026-01-27 08:00:00+00:00, run_after=2026-01-27 09:00:00+00:00
[2026-01-27T09:25:30.856+0000] {processor.py:208} INFO - Processing /opt/airflow/dags/music_ingestion_dag.py took 0.130 seconds
[2026-01-27T09:26:01.215+0000] {processor.py:186} INFO - Started process (PID=707) to work on /opt/airflow/dags/music_ingestion_dag.py
[2026-01-27T09:26:01.217+0000] {processor.py:914} INFO - Processing file /opt/airflow/dags/music_ingestion_dag.py for tasks to queue
[2026-01-27T09:26:01.220+0000] {logging_mixin.py:190} INFO - [2026-01-27T09:26:01.219+0000] {dagbag.py:588} INFO - Filling up the DagBag from /opt/airflow/dags/music_ingestion_dag.py
[2026-01-27T09:26:01.242+0000] {processor.py:925} INFO - DAG(s) '01_music_ingestion_realtime' retrieved from /opt/airflow/dags/music_ingestion_dag.py
[2026-01-27T09:26:01.275+0000] {logging_mixin.py:190} INFO - [2026-01-27T09:26:01.274+0000] {dag.py:3239} INFO - Sync 1 DAGs
[2026-01-27T09:26:01.300+0000] {logging_mixin.py:190} INFO - [2026-01-27T09:26:01.300+0000] {dag.py:4180} INFO - Setting next_dagrun for 01_music_ingestion_realtime to 2026-01-27 08:00:00+00:00, run_after=2026-01-27 09:00:00+00:00
[2026-01-27T09:26:01.326+0000] {processor.py:208} INFO - Processing /opt/airflow/dags/music_ingestion_dag.py took 0.117 seconds
[2026-01-27T09:26:31.592+0000] {processor.py:186} INFO - Started process (PID=712) to work on /opt/airflow/dags/music_ingestion_dag.py
[2026-01-27T09:26:31.594+0000] {processor.py:914} INFO - Processing file /opt/airflow/dags/music_ingestion_dag.py for tasks to queue
[2026-01-27T09:26:31.596+0000] {logging_mixin.py:190} INFO - [2026-01-27T09:26:31.596+0000] {dagbag.py:588} INFO - Filling up the DagBag from /opt/airflow/dags/music_ingestion_dag.py
[2026-01-27T09:26:31.616+0000] {processor.py:925} INFO - DAG(s) '01_music_ingestion_realtime' retrieved from /opt/airflow/dags/music_ingestion_dag.py
[2026-01-27T09:26:31.651+0000] {logging_mixin.py:190} INFO - [2026-01-27T09:26:31.650+0000] {dag.py:3239} INFO - Sync 1 DAGs
[2026-01-27T09:26:31.677+0000] {logging_mixin.py:190} INFO - [2026-01-27T09:26:31.677+0000] {dag.py:4180} INFO - Setting next_dagrun for 01_music_ingestion_realtime to 2026-01-27 08:00:00+00:00, run_after=2026-01-27 09:00:00+00:00
[2026-01-27T09:26:31.700+0000] {processor.py:208} INFO - Processing /opt/airflow/dags/music_ingestion_dag.py took 0.114 seconds
[2026-01-27T09:27:02.031+0000] {processor.py:186} INFO - Started process (PID=717) to work on /opt/airflow/dags/music_ingestion_dag.py
[2026-01-27T09:27:02.032+0000] {processor.py:914} INFO - Processing file /opt/airflow/dags/music_ingestion_dag.py for tasks to queue
[2026-01-27T09:27:02.035+0000] {logging_mixin.py:190} INFO - [2026-01-27T09:27:02.034+0000] {dagbag.py:588} INFO - Filling up the DagBag from /opt/airflow/dags/music_ingestion_dag.py
[2026-01-27T09:27:02.061+0000] {processor.py:925} INFO - DAG(s) '01_music_ingestion_realtime' retrieved from /opt/airflow/dags/music_ingestion_dag.py
[2026-01-27T09:27:02.090+0000] {logging_mixin.py:190} INFO - [2026-01-27T09:27:02.089+0000] {dag.py:3239} INFO - Sync 1 DAGs
[2026-01-27T09:27:02.114+0000] {logging_mixin.py:190} INFO - [2026-01-27T09:27:02.114+0000] {dag.py:4180} INFO - Setting next_dagrun for 01_music_ingestion_realtime to 2026-01-27 08:00:00+00:00, run_after=2026-01-27 09:00:00+00:00
[2026-01-27T09:27:02.157+0000] {processor.py:208} INFO - Processing /opt/airflow/dags/music_ingestion_dag.py took 0.131 seconds
[2026-01-27T09:27:32.395+0000] {processor.py:186} INFO - Started process (PID=722) to work on /opt/airflow/dags/music_ingestion_dag.py
[2026-01-27T09:27:32.396+0000] {processor.py:914} INFO - Processing file /opt/airflow/dags/music_ingestion_dag.py for tasks to queue
[2026-01-27T09:27:32.399+0000] {logging_mixin.py:190} INFO - [2026-01-27T09:27:32.399+0000] {dagbag.py:588} INFO - Filling up the DagBag from /opt/airflow/dags/music_ingestion_dag.py
[2026-01-27T09:27:32.425+0000] {processor.py:925} INFO - DAG(s) '01_music_ingestion_realtime' retrieved from /opt/airflow/dags/music_ingestion_dag.py
[2026-01-27T09:27:32.470+0000] {logging_mixin.py:190} INFO - [2026-01-27T09:27:32.469+0000] {dag.py:3239} INFO - Sync 1 DAGs
[2026-01-27T09:27:32.499+0000] {logging_mixin.py:190} INFO - [2026-01-27T09:27:32.498+0000] {dag.py:4180} INFO - Setting next_dagrun for 01_music_ingestion_realtime to 2026-01-27 08:00:00+00:00, run_after=2026-01-27 09:00:00+00:00
[2026-01-27T09:27:32.524+0000] {processor.py:208} INFO - Processing /opt/airflow/dags/music_ingestion_dag.py took 0.136 seconds
[2026-01-27T09:28:02.871+0000] {processor.py:186} INFO - Started process (PID=727) to work on /opt/airflow/dags/music_ingestion_dag.py
[2026-01-27T09:28:02.872+0000] {processor.py:914} INFO - Processing file /opt/airflow/dags/music_ingestion_dag.py for tasks to queue
[2026-01-27T09:28:02.876+0000] {logging_mixin.py:190} INFO - [2026-01-27T09:28:02.875+0000] {dagbag.py:588} INFO - Filling up the DagBag from /opt/airflow/dags/music_ingestion_dag.py
[2026-01-27T09:28:02.901+0000] {processor.py:925} INFO - DAG(s) '01_music_ingestion_realtime' retrieved from /opt/airflow/dags/music_ingestion_dag.py
[2026-01-27T09:28:02.933+0000] {logging_mixin.py:190} INFO - [2026-01-27T09:28:02.933+0000] {dag.py:3239} INFO - Sync 1 DAGs
[2026-01-27T09:28:02.958+0000] {logging_mixin.py:190} INFO - [2026-01-27T09:28:02.958+0000] {dag.py:4180} INFO - Setting next_dagrun for 01_music_ingestion_realtime to 2026-01-27 08:00:00+00:00, run_after=2026-01-27 09:00:00+00:00
[2026-01-27T09:28:02.990+0000] {processor.py:208} INFO - Processing /opt/airflow/dags/music_ingestion_dag.py took 0.125 seconds
[2026-01-27T09:28:33.202+0000] {processor.py:186} INFO - Started process (PID=732) to work on /opt/airflow/dags/music_ingestion_dag.py
[2026-01-27T09:28:33.204+0000] {processor.py:914} INFO - Processing file /opt/airflow/dags/music_ingestion_dag.py for tasks to queue
[2026-01-27T09:28:33.207+0000] {logging_mixin.py:190} INFO - [2026-01-27T09:28:33.207+0000] {dagbag.py:588} INFO - Filling up the DagBag from /opt/airflow/dags/music_ingestion_dag.py
[2026-01-27T09:28:33.227+0000] {processor.py:925} INFO - DAG(s) '01_music_ingestion_realtime' retrieved from /opt/airflow/dags/music_ingestion_dag.py
[2026-01-27T09:28:33.259+0000] {logging_mixin.py:190} INFO - [2026-01-27T09:28:33.259+0000] {dag.py:3239} INFO - Sync 1 DAGs
[2026-01-27T09:28:33.285+0000] {logging_mixin.py:190} INFO - [2026-01-27T09:28:33.284+0000] {dag.py:4180} INFO - Setting next_dagrun for 01_music_ingestion_realtime to 2026-01-27 08:00:00+00:00, run_after=2026-01-27 09:00:00+00:00
[2026-01-27T09:28:33.311+0000] {processor.py:208} INFO - Processing /opt/airflow/dags/music_ingestion_dag.py took 0.114 seconds
[2026-01-27T09:29:03.634+0000] {processor.py:186} INFO - Started process (PID=737) to work on /opt/airflow/dags/music_ingestion_dag.py
[2026-01-27T09:29:03.635+0000] {processor.py:914} INFO - Processing file /opt/airflow/dags/music_ingestion_dag.py for tasks to queue
[2026-01-27T09:29:03.638+0000] {logging_mixin.py:190} INFO - [2026-01-27T09:29:03.637+0000] {dagbag.py:588} INFO - Filling up the DagBag from /opt/airflow/dags/music_ingestion_dag.py
[2026-01-27T09:29:03.661+0000] {processor.py:925} INFO - DAG(s) '01_music_ingestion_realtime' retrieved from /opt/airflow/dags/music_ingestion_dag.py
[2026-01-27T09:29:03.694+0000] {logging_mixin.py:190} INFO - [2026-01-27T09:29:03.694+0000] {dag.py:3239} INFO - Sync 1 DAGs
[2026-01-27T09:29:03.721+0000] {logging_mixin.py:190} INFO - [2026-01-27T09:29:03.721+0000] {dag.py:4180} INFO - Setting next_dagrun for 01_music_ingestion_realtime to 2026-01-27 08:00:00+00:00, run_after=2026-01-27 09:00:00+00:00
[2026-01-27T09:29:03.745+0000] {processor.py:208} INFO - Processing /opt/airflow/dags/music_ingestion_dag.py took 0.118 seconds
[2026-01-27T09:29:33.921+0000] {processor.py:186} INFO - Started process (PID=742) to work on /opt/airflow/dags/music_ingestion_dag.py
[2026-01-27T09:29:33.922+0000] {processor.py:914} INFO - Processing file /opt/airflow/dags/music_ingestion_dag.py for tasks to queue
[2026-01-27T09:29:33.924+0000] {logging_mixin.py:190} INFO - [2026-01-27T09:29:33.924+0000] {dagbag.py:588} INFO - Filling up the DagBag from /opt/airflow/dags/music_ingestion_dag.py
[2026-01-27T09:29:33.941+0000] {processor.py:925} INFO - DAG(s) '01_music_ingestion_realtime' retrieved from /opt/airflow/dags/music_ingestion_dag.py
[2026-01-27T09:29:33.965+0000] {logging_mixin.py:190} INFO - [2026-01-27T09:29:33.965+0000] {dag.py:3239} INFO - Sync 1 DAGs
[2026-01-27T09:29:33.990+0000] {logging_mixin.py:190} INFO - [2026-01-27T09:29:33.990+0000] {dag.py:4180} INFO - Setting next_dagrun for 01_music_ingestion_realtime to 2026-01-27 08:00:00+00:00, run_after=2026-01-27 09:00:00+00:00
[2026-01-27T09:29:34.017+0000] {processor.py:208} INFO - Processing /opt/airflow/dags/music_ingestion_dag.py took 0.102 seconds
[2026-01-27T09:30:04.391+0000] {processor.py:186} INFO - Started process (PID=747) to work on /opt/airflow/dags/music_ingestion_dag.py
[2026-01-27T09:30:04.392+0000] {processor.py:914} INFO - Processing file /opt/airflow/dags/music_ingestion_dag.py for tasks to queue
[2026-01-27T09:30:04.396+0000] {logging_mixin.py:190} INFO - [2026-01-27T09:30:04.395+0000] {dagbag.py:588} INFO - Filling up the DagBag from /opt/airflow/dags/music_ingestion_dag.py
[2026-01-27T09:30:04.428+0000] {processor.py:925} INFO - DAG(s) '01_music_ingestion_realtime' retrieved from /opt/airflow/dags/music_ingestion_dag.py
[2026-01-27T09:30:04.505+0000] {logging_mixin.py:190} INFO - [2026-01-27T09:30:04.504+0000] {dag.py:3239} INFO - Sync 1 DAGs
[2026-01-27T09:30:04.547+0000] {logging_mixin.py:190} INFO - [2026-01-27T09:30:04.547+0000] {dag.py:4180} INFO - Setting next_dagrun for 01_music_ingestion_realtime to 2026-01-27 08:00:00+00:00, run_after=2026-01-27 09:00:00+00:00
[2026-01-27T09:30:04.582+0000] {processor.py:208} INFO - Processing /opt/airflow/dags/music_ingestion_dag.py took 0.199 seconds
[2026-01-27T09:30:34.704+0000] {processor.py:186} INFO - Started process (PID=752) to work on /opt/airflow/dags/music_ingestion_dag.py
[2026-01-27T09:30:34.706+0000] {processor.py:914} INFO - Processing file /opt/airflow/dags/music_ingestion_dag.py for tasks to queue
[2026-01-27T09:30:34.709+0000] {logging_mixin.py:190} INFO - [2026-01-27T09:30:34.709+0000] {dagbag.py:588} INFO - Filling up the DagBag from /opt/airflow/dags/music_ingestion_dag.py
[2026-01-27T09:30:34.736+0000] {processor.py:925} INFO - DAG(s) '01_music_ingestion_realtime' retrieved from /opt/airflow/dags/music_ingestion_dag.py
[2026-01-27T09:30:34.771+0000] {logging_mixin.py:190} INFO - [2026-01-27T09:30:34.771+0000] {dag.py:3239} INFO - Sync 1 DAGs
[2026-01-27T09:30:34.808+0000] {logging_mixin.py:190} INFO - [2026-01-27T09:30:34.807+0000] {dag.py:4180} INFO - Setting next_dagrun for 01_music_ingestion_realtime to 2026-01-27 08:00:00+00:00, run_after=2026-01-27 09:00:00+00:00
[2026-01-27T09:30:34.833+0000] {processor.py:208} INFO - Processing /opt/airflow/dags/music_ingestion_dag.py took 0.137 seconds
[2026-01-27T09:31:05.022+0000] {processor.py:186} INFO - Started process (PID=757) to work on /opt/airflow/dags/music_ingestion_dag.py
[2026-01-27T09:31:05.023+0000] {processor.py:914} INFO - Processing file /opt/airflow/dags/music_ingestion_dag.py for tasks to queue
[2026-01-27T09:31:05.026+0000] {logging_mixin.py:190} INFO - [2026-01-27T09:31:05.026+0000] {dagbag.py:588} INFO - Filling up the DagBag from /opt/airflow/dags/music_ingestion_dag.py
[2026-01-27T09:31:05.046+0000] {processor.py:925} INFO - DAG(s) '01_music_ingestion_realtime' retrieved from /opt/airflow/dags/music_ingestion_dag.py
[2026-01-27T09:31:05.083+0000] {logging_mixin.py:190} INFO - [2026-01-27T09:31:05.082+0000] {dag.py:3239} INFO - Sync 1 DAGs
[2026-01-27T09:31:05.112+0000] {logging_mixin.py:190} INFO - [2026-01-27T09:31:05.112+0000] {dag.py:4180} INFO - Setting next_dagrun for 01_music_ingestion_realtime to 2026-01-27 08:00:00+00:00, run_after=2026-01-27 09:00:00+00:00
[2026-01-27T09:31:05.141+0000] {processor.py:208} INFO - Processing /opt/airflow/dags/music_ingestion_dag.py took 0.124 seconds
[2026-01-27T09:31:35.594+0000] {processor.py:186} INFO - Started process (PID=762) to work on /opt/airflow/dags/music_ingestion_dag.py
[2026-01-27T09:31:35.595+0000] {processor.py:914} INFO - Processing file /opt/airflow/dags/music_ingestion_dag.py for tasks to queue
[2026-01-27T09:31:35.599+0000] {logging_mixin.py:190} INFO - [2026-01-27T09:31:35.598+0000] {dagbag.py:588} INFO - Filling up the DagBag from /opt/airflow/dags/music_ingestion_dag.py
[2026-01-27T09:31:35.646+0000] {processor.py:925} INFO - DAG(s) '01_music_ingestion_realtime' retrieved from /opt/airflow/dags/music_ingestion_dag.py
[2026-01-27T09:31:35.690+0000] {logging_mixin.py:190} INFO - [2026-01-27T09:31:35.690+0000] {dag.py:3239} INFO - Sync 1 DAGs
[2026-01-27T09:31:35.721+0000] {logging_mixin.py:190} INFO - [2026-01-27T09:31:35.720+0000] {dag.py:4180} INFO - Setting next_dagrun for 01_music_ingestion_realtime to 2026-01-27 08:00:00+00:00, run_after=2026-01-27 09:00:00+00:00
[2026-01-27T09:31:35.751+0000] {processor.py:208} INFO - Processing /opt/airflow/dags/music_ingestion_dag.py took 0.166 seconds
[2026-01-27T09:32:05.933+0000] {processor.py:186} INFO - Started process (PID=767) to work on /opt/airflow/dags/music_ingestion_dag.py
[2026-01-27T09:32:05.934+0000] {processor.py:914} INFO - Processing file /opt/airflow/dags/music_ingestion_dag.py for tasks to queue
[2026-01-27T09:32:05.937+0000] {logging_mixin.py:190} INFO - [2026-01-27T09:32:05.937+0000] {dagbag.py:588} INFO - Filling up the DagBag from /opt/airflow/dags/music_ingestion_dag.py
[2026-01-27T09:32:05.956+0000] {processor.py:925} INFO - DAG(s) '01_music_ingestion_realtime' retrieved from /opt/airflow/dags/music_ingestion_dag.py
[2026-01-27T09:32:05.996+0000] {logging_mixin.py:190} INFO - [2026-01-27T09:32:05.995+0000] {dag.py:3239} INFO - Sync 1 DAGs
[2026-01-27T09:32:06.024+0000] {logging_mixin.py:190} INFO - [2026-01-27T09:32:06.024+0000] {dag.py:4180} INFO - Setting next_dagrun for 01_music_ingestion_realtime to 2026-01-27 08:00:00+00:00, run_after=2026-01-27 09:00:00+00:00
[2026-01-27T09:32:06.049+0000] {processor.py:208} INFO - Processing /opt/airflow/dags/music_ingestion_dag.py took 0.122 seconds
[2026-01-27T09:32:36.321+0000] {processor.py:186} INFO - Started process (PID=772) to work on /opt/airflow/dags/music_ingestion_dag.py
[2026-01-27T09:32:36.323+0000] {processor.py:914} INFO - Processing file /opt/airflow/dags/music_ingestion_dag.py for tasks to queue
[2026-01-27T09:32:36.327+0000] {logging_mixin.py:190} INFO - [2026-01-27T09:32:36.326+0000] {dagbag.py:588} INFO - Filling up the DagBag from /opt/airflow/dags/music_ingestion_dag.py
[2026-01-27T09:32:36.360+0000] {processor.py:925} INFO - DAG(s) '01_music_ingestion_realtime' retrieved from /opt/airflow/dags/music_ingestion_dag.py
[2026-01-27T09:32:36.391+0000] {logging_mixin.py:190} INFO - [2026-01-27T09:32:36.391+0000] {dag.py:3239} INFO - Sync 1 DAGs
[2026-01-27T09:32:36.419+0000] {logging_mixin.py:190} INFO - [2026-01-27T09:32:36.418+0000] {dag.py:4180} INFO - Setting next_dagrun for 01_music_ingestion_realtime to 2026-01-27 08:00:00+00:00, run_after=2026-01-27 09:00:00+00:00
[2026-01-27T09:32:36.444+0000] {processor.py:208} INFO - Processing /opt/airflow/dags/music_ingestion_dag.py took 0.128 seconds
[2026-01-27T09:33:06.847+0000] {processor.py:186} INFO - Started process (PID=777) to work on /opt/airflow/dags/music_ingestion_dag.py
[2026-01-27T09:33:06.848+0000] {processor.py:914} INFO - Processing file /opt/airflow/dags/music_ingestion_dag.py for tasks to queue
[2026-01-27T09:33:06.850+0000] {logging_mixin.py:190} INFO - [2026-01-27T09:33:06.850+0000] {dagbag.py:588} INFO - Filling up the DagBag from /opt/airflow/dags/music_ingestion_dag.py
[2026-01-27T09:33:06.874+0000] {processor.py:925} INFO - DAG(s) '01_music_ingestion_realtime' retrieved from /opt/airflow/dags/music_ingestion_dag.py
[2026-01-27T09:33:06.902+0000] {logging_mixin.py:190} INFO - [2026-01-27T09:33:06.902+0000] {dag.py:3239} INFO - Sync 1 DAGs
[2026-01-27T09:33:06.926+0000] {logging_mixin.py:190} INFO - [2026-01-27T09:33:06.926+0000] {dag.py:4180} INFO - Setting next_dagrun for 01_music_ingestion_realtime to 2026-01-27 08:00:00+00:00, run_after=2026-01-27 09:00:00+00:00
[2026-01-27T09:33:06.952+0000] {processor.py:208} INFO - Processing /opt/airflow/dags/music_ingestion_dag.py took 0.111 seconds
[2026-01-27T09:33:37.222+0000] {processor.py:186} INFO - Started process (PID=782) to work on /opt/airflow/dags/music_ingestion_dag.py
[2026-01-27T09:33:37.223+0000] {processor.py:914} INFO - Processing file /opt/airflow/dags/music_ingestion_dag.py for tasks to queue
[2026-01-27T09:33:37.226+0000] {logging_mixin.py:190} INFO - [2026-01-27T09:33:37.225+0000] {dagbag.py:588} INFO - Filling up the DagBag from /opt/airflow/dags/music_ingestion_dag.py
[2026-01-27T09:33:37.245+0000] {processor.py:925} INFO - DAG(s) '01_music_ingestion_realtime' retrieved from /opt/airflow/dags/music_ingestion_dag.py
[2026-01-27T09:33:37.277+0000] {logging_mixin.py:190} INFO - [2026-01-27T09:33:37.276+0000] {dag.py:3239} INFO - Sync 1 DAGs
[2026-01-27T09:33:37.305+0000] {logging_mixin.py:190} INFO - [2026-01-27T09:33:37.305+0000] {dag.py:4180} INFO - Setting next_dagrun for 01_music_ingestion_realtime to 2026-01-27 08:00:00+00:00, run_after=2026-01-27 09:00:00+00:00
[2026-01-27T09:33:37.334+0000] {processor.py:208} INFO - Processing /opt/airflow/dags/music_ingestion_dag.py took 0.118 seconds
[2026-01-27T09:34:07.663+0000] {processor.py:186} INFO - Started process (PID=787) to work on /opt/airflow/dags/music_ingestion_dag.py
[2026-01-27T09:34:07.665+0000] {processor.py:914} INFO - Processing file /opt/airflow/dags/music_ingestion_dag.py for tasks to queue
[2026-01-27T09:34:07.668+0000] {logging_mixin.py:190} INFO - [2026-01-27T09:34:07.668+0000] {dagbag.py:588} INFO - Filling up the DagBag from /opt/airflow/dags/music_ingestion_dag.py
[2026-01-27T09:34:07.693+0000] {processor.py:925} INFO - DAG(s) '01_music_ingestion_realtime' retrieved from /opt/airflow/dags/music_ingestion_dag.py
[2026-01-27T09:34:07.721+0000] {logging_mixin.py:190} INFO - [2026-01-27T09:34:07.721+0000] {dag.py:3239} INFO - Sync 1 DAGs
[2026-01-27T09:34:07.750+0000] {logging_mixin.py:190} INFO - [2026-01-27T09:34:07.750+0000] {dag.py:4180} INFO - Setting next_dagrun for 01_music_ingestion_realtime to 2026-01-27 08:00:00+00:00, run_after=2026-01-27 09:00:00+00:00
[2026-01-27T09:34:07.779+0000] {processor.py:208} INFO - Processing /opt/airflow/dags/music_ingestion_dag.py took 0.121 seconds
[2026-01-27T09:34:37.999+0000] {processor.py:186} INFO - Started process (PID=792) to work on /opt/airflow/dags/music_ingestion_dag.py
[2026-01-27T09:34:38.001+0000] {processor.py:914} INFO - Processing file /opt/airflow/dags/music_ingestion_dag.py for tasks to queue
[2026-01-27T09:34:38.004+0000] {logging_mixin.py:190} INFO - [2026-01-27T09:34:38.004+0000] {dagbag.py:588} INFO - Filling up the DagBag from /opt/airflow/dags/music_ingestion_dag.py
[2026-01-27T09:34:38.030+0000] {processor.py:925} INFO - DAG(s) '01_music_ingestion_realtime' retrieved from /opt/airflow/dags/music_ingestion_dag.py
[2026-01-27T09:34:38.061+0000] {logging_mixin.py:190} INFO - [2026-01-27T09:34:38.061+0000] {dag.py:3239} INFO - Sync 1 DAGs
[2026-01-27T09:34:38.088+0000] {logging_mixin.py:190} INFO - [2026-01-27T09:34:38.088+0000] {dag.py:4180} INFO - Setting next_dagrun for 01_music_ingestion_realtime to 2026-01-27 08:00:00+00:00, run_after=2026-01-27 09:00:00+00:00
[2026-01-27T09:34:38.119+0000] {processor.py:208} INFO - Processing /opt/airflow/dags/music_ingestion_dag.py took 0.127 seconds
[2026-01-27T09:35:08.403+0000] {processor.py:186} INFO - Started process (PID=797) to work on /opt/airflow/dags/music_ingestion_dag.py
[2026-01-27T09:35:08.405+0000] {processor.py:914} INFO - Processing file /opt/airflow/dags/music_ingestion_dag.py for tasks to queue
[2026-01-27T09:35:08.408+0000] {logging_mixin.py:190} INFO - [2026-01-27T09:35:08.408+0000] {dagbag.py:588} INFO - Filling up the DagBag from /opt/airflow/dags/music_ingestion_dag.py
[2026-01-27T09:35:08.430+0000] {processor.py:925} INFO - DAG(s) '01_music_ingestion_realtime' retrieved from /opt/airflow/dags/music_ingestion_dag.py
[2026-01-27T09:35:08.461+0000] {logging_mixin.py:190} INFO - [2026-01-27T09:35:08.461+0000] {dag.py:3239} INFO - Sync 1 DAGs
[2026-01-27T09:35:08.487+0000] {logging_mixin.py:190} INFO - [2026-01-27T09:35:08.486+0000] {dag.py:4180} INFO - Setting next_dagrun for 01_music_ingestion_realtime to 2026-01-27 08:00:00+00:00, run_after=2026-01-27 09:00:00+00:00
[2026-01-27T09:35:08.517+0000] {processor.py:208} INFO - Processing /opt/airflow/dags/music_ingestion_dag.py took 0.120 seconds
[2026-01-27T09:35:38.763+0000] {processor.py:186} INFO - Started process (PID=802) to work on /opt/airflow/dags/music_ingestion_dag.py
[2026-01-27T09:35:38.764+0000] {processor.py:914} INFO - Processing file /opt/airflow/dags/music_ingestion_dag.py for tasks to queue
[2026-01-27T09:35:38.768+0000] {logging_mixin.py:190} INFO - [2026-01-27T09:35:38.767+0000] {dagbag.py:588} INFO - Filling up the DagBag from /opt/airflow/dags/music_ingestion_dag.py
[2026-01-27T09:35:38.802+0000] {processor.py:925} INFO - DAG(s) '01_music_ingestion_realtime' retrieved from /opt/airflow/dags/music_ingestion_dag.py
[2026-01-27T09:35:38.835+0000] {logging_mixin.py:190} INFO - [2026-01-27T09:35:38.835+0000] {dag.py:3239} INFO - Sync 1 DAGs
[2026-01-27T09:35:38.863+0000] {logging_mixin.py:190} INFO - [2026-01-27T09:35:38.863+0000] {dag.py:4180} INFO - Setting next_dagrun for 01_music_ingestion_realtime to 2026-01-27 08:00:00+00:00, run_after=2026-01-27 09:00:00+00:00
[2026-01-27T09:35:38.896+0000] {processor.py:208} INFO - Processing /opt/airflow/dags/music_ingestion_dag.py took 0.140 seconds
[2026-01-27T09:36:09.176+0000] {processor.py:186} INFO - Started process (PID=807) to work on /opt/airflow/dags/music_ingestion_dag.py
[2026-01-27T09:36:09.178+0000] {processor.py:914} INFO - Processing file /opt/airflow/dags/music_ingestion_dag.py for tasks to queue
[2026-01-27T09:36:09.181+0000] {logging_mixin.py:190} INFO - [2026-01-27T09:36:09.180+0000] {dagbag.py:588} INFO - Filling up the DagBag from /opt/airflow/dags/music_ingestion_dag.py
[2026-01-27T09:36:09.200+0000] {processor.py:925} INFO - DAG(s) '01_music_ingestion_realtime' retrieved from /opt/airflow/dags/music_ingestion_dag.py
[2026-01-27T09:36:09.226+0000] {logging_mixin.py:190} INFO - [2026-01-27T09:36:09.226+0000] {dag.py:3239} INFO - Sync 1 DAGs
[2026-01-27T09:36:09.260+0000] {logging_mixin.py:190} INFO - [2026-01-27T09:36:09.260+0000] {dag.py:4180} INFO - Setting next_dagrun for 01_music_ingestion_realtime to 2026-01-27 08:00:00+00:00, run_after=2026-01-27 09:00:00+00:00
[2026-01-27T09:36:09.293+0000] {processor.py:208} INFO - Processing /opt/airflow/dags/music_ingestion_dag.py took 0.122 seconds
[2026-01-27T09:36:39.583+0000] {processor.py:186} INFO - Started process (PID=812) to work on /opt/airflow/dags/music_ingestion_dag.py
[2026-01-27T09:36:39.584+0000] {processor.py:914} INFO - Processing file /opt/airflow/dags/music_ingestion_dag.py for tasks to queue
[2026-01-27T09:36:39.587+0000] {logging_mixin.py:190} INFO - [2026-01-27T09:36:39.586+0000] {dagbag.py:588} INFO - Filling up the DagBag from /opt/airflow/dags/music_ingestion_dag.py
[2026-01-27T09:36:39.613+0000] {processor.py:925} INFO - DAG(s) '01_music_ingestion_realtime' retrieved from /opt/airflow/dags/music_ingestion_dag.py
[2026-01-27T09:36:39.662+0000] {logging_mixin.py:190} INFO - [2026-01-27T09:36:39.661+0000] {dag.py:3239} INFO - Sync 1 DAGs
[2026-01-27T09:36:39.693+0000] {logging_mixin.py:190} INFO - [2026-01-27T09:36:39.693+0000] {dag.py:4180} INFO - Setting next_dagrun for 01_music_ingestion_realtime to 2026-01-27 08:00:00+00:00, run_after=2026-01-27 09:00:00+00:00
[2026-01-27T09:36:39.720+0000] {processor.py:208} INFO - Processing /opt/airflow/dags/music_ingestion_dag.py took 0.144 seconds
[2026-01-27T09:37:10.067+0000] {processor.py:186} INFO - Started process (PID=817) to work on /opt/airflow/dags/music_ingestion_dag.py
[2026-01-27T09:37:10.068+0000] {processor.py:914} INFO - Processing file /opt/airflow/dags/music_ingestion_dag.py for tasks to queue
[2026-01-27T09:37:10.072+0000] {logging_mixin.py:190} INFO - [2026-01-27T09:37:10.071+0000] {dagbag.py:588} INFO - Filling up the DagBag from /opt/airflow/dags/music_ingestion_dag.py
[2026-01-27T09:37:10.097+0000] {processor.py:925} INFO - DAG(s) '01_music_ingestion_realtime' retrieved from /opt/airflow/dags/music_ingestion_dag.py
[2026-01-27T09:37:10.126+0000] {logging_mixin.py:190} INFO - [2026-01-27T09:37:10.125+0000] {dag.py:3239} INFO - Sync 1 DAGs
[2026-01-27T09:37:10.148+0000] {logging_mixin.py:190} INFO - [2026-01-27T09:37:10.148+0000] {dag.py:4180} INFO - Setting next_dagrun for 01_music_ingestion_realtime to 2026-01-27 08:00:00+00:00, run_after=2026-01-27 09:00:00+00:00
[2026-01-27T09:37:10.176+0000] {processor.py:208} INFO - Processing /opt/airflow/dags/music_ingestion_dag.py took 0.115 seconds
[2026-01-27T09:37:40.426+0000] {processor.py:186} INFO - Started process (PID=822) to work on /opt/airflow/dags/music_ingestion_dag.py
[2026-01-27T09:37:40.428+0000] {processor.py:914} INFO - Processing file /opt/airflow/dags/music_ingestion_dag.py for tasks to queue
[2026-01-27T09:37:40.430+0000] {logging_mixin.py:190} INFO - [2026-01-27T09:37:40.430+0000] {dagbag.py:588} INFO - Filling up the DagBag from /opt/airflow/dags/music_ingestion_dag.py
[2026-01-27T09:37:40.468+0000] {processor.py:925} INFO - DAG(s) '01_music_ingestion_realtime' retrieved from /opt/airflow/dags/music_ingestion_dag.py
[2026-01-27T09:37:40.497+0000] {logging_mixin.py:190} INFO - [2026-01-27T09:37:40.497+0000] {dag.py:3239} INFO - Sync 1 DAGs
[2026-01-27T09:37:40.522+0000] {logging_mixin.py:190} INFO - [2026-01-27T09:37:40.522+0000] {dag.py:4180} INFO - Setting next_dagrun for 01_music_ingestion_realtime to 2026-01-27 08:00:00+00:00, run_after=2026-01-27 09:00:00+00:00
[2026-01-27T09:37:40.547+0000] {processor.py:208} INFO - Processing /opt/airflow/dags/music_ingestion_dag.py took 0.126 seconds
[2026-01-27T09:38:10.833+0000] {processor.py:186} INFO - Started process (PID=827) to work on /opt/airflow/dags/music_ingestion_dag.py
[2026-01-27T09:38:10.834+0000] {processor.py:914} INFO - Processing file /opt/airflow/dags/music_ingestion_dag.py for tasks to queue
[2026-01-27T09:38:10.837+0000] {logging_mixin.py:190} INFO - [2026-01-27T09:38:10.836+0000] {dagbag.py:588} INFO - Filling up the DagBag from /opt/airflow/dags/music_ingestion_dag.py
[2026-01-27T09:38:10.855+0000] {processor.py:925} INFO - DAG(s) '01_music_ingestion_realtime' retrieved from /opt/airflow/dags/music_ingestion_dag.py
[2026-01-27T09:38:10.888+0000] {logging_mixin.py:190} INFO - [2026-01-27T09:38:10.887+0000] {dag.py:3239} INFO - Sync 1 DAGs
[2026-01-27T09:38:10.919+0000] {logging_mixin.py:190} INFO - [2026-01-27T09:38:10.919+0000] {dag.py:4180} INFO - Setting next_dagrun for 01_music_ingestion_realtime to 2026-01-27 08:00:00+00:00, run_after=2026-01-27 09:00:00+00:00
[2026-01-27T09:38:10.941+0000] {processor.py:208} INFO - Processing /opt/airflow/dags/music_ingestion_dag.py took 0.114 seconds
[2026-01-27T09:38:41.224+0000] {processor.py:186} INFO - Started process (PID=832) to work on /opt/airflow/dags/music_ingestion_dag.py
[2026-01-27T09:38:41.225+0000] {processor.py:914} INFO - Processing file /opt/airflow/dags/music_ingestion_dag.py for tasks to queue
[2026-01-27T09:38:41.228+0000] {logging_mixin.py:190} INFO - [2026-01-27T09:38:41.227+0000] {dagbag.py:588} INFO - Filling up the DagBag from /opt/airflow/dags/music_ingestion_dag.py
[2026-01-27T09:38:41.257+0000] {processor.py:925} INFO - DAG(s) '01_music_ingestion_realtime' retrieved from /opt/airflow/dags/music_ingestion_dag.py
[2026-01-27T09:38:41.288+0000] {logging_mixin.py:190} INFO - [2026-01-27T09:38:41.287+0000] {dag.py:3239} INFO - Sync 1 DAGs
[2026-01-27T09:38:41.314+0000] {logging_mixin.py:190} INFO - [2026-01-27T09:38:41.314+0000] {dag.py:4180} INFO - Setting next_dagrun for 01_music_ingestion_realtime to 2026-01-27 08:00:00+00:00, run_after=2026-01-27 09:00:00+00:00
[2026-01-27T09:38:41.345+0000] {processor.py:208} INFO - Processing /opt/airflow/dags/music_ingestion_dag.py took 0.129 seconds
[2026-01-27T09:39:11.563+0000] {processor.py:186} INFO - Started process (PID=837) to work on /opt/airflow/dags/music_ingestion_dag.py
[2026-01-27T09:39:11.564+0000] {processor.py:914} INFO - Processing file /opt/airflow/dags/music_ingestion_dag.py for tasks to queue
[2026-01-27T09:39:11.566+0000] {logging_mixin.py:190} INFO - [2026-01-27T09:39:11.566+0000] {dagbag.py:588} INFO - Filling up the DagBag from /opt/airflow/dags/music_ingestion_dag.py
[2026-01-27T09:39:11.583+0000] {processor.py:925} INFO - DAG(s) '01_music_ingestion_realtime' retrieved from /opt/airflow/dags/music_ingestion_dag.py
[2026-01-27T09:39:11.611+0000] {logging_mixin.py:190} INFO - [2026-01-27T09:39:11.611+0000] {dag.py:3239} INFO - Sync 1 DAGs
[2026-01-27T09:39:11.634+0000] {logging_mixin.py:190} INFO - [2026-01-27T09:39:11.634+0000] {dag.py:4180} INFO - Setting next_dagrun for 01_music_ingestion_realtime to 2026-01-27 08:00:00+00:00, run_after=2026-01-27 09:00:00+00:00
[2026-01-27T09:39:11.659+0000] {processor.py:208} INFO - Processing /opt/airflow/dags/music_ingestion_dag.py took 0.101 seconds
[2026-01-27T09:39:41.880+0000] {processor.py:186} INFO - Started process (PID=842) to work on /opt/airflow/dags/music_ingestion_dag.py
[2026-01-27T09:39:41.881+0000] {processor.py:914} INFO - Processing file /opt/airflow/dags/music_ingestion_dag.py for tasks to queue
[2026-01-27T09:39:41.884+0000] {logging_mixin.py:190} INFO - [2026-01-27T09:39:41.883+0000] {dagbag.py:588} INFO - Filling up the DagBag from /opt/airflow/dags/music_ingestion_dag.py
[2026-01-27T09:39:41.902+0000] {processor.py:925} INFO - DAG(s) '01_music_ingestion_realtime' retrieved from /opt/airflow/dags/music_ingestion_dag.py
[2026-01-27T09:39:41.936+0000] {logging_mixin.py:190} INFO - [2026-01-27T09:39:41.935+0000] {dag.py:3239} INFO - Sync 1 DAGs
[2026-01-27T09:39:41.961+0000] {logging_mixin.py:190} INFO - [2026-01-27T09:39:41.961+0000] {dag.py:4180} INFO - Setting next_dagrun for 01_music_ingestion_realtime to 2026-01-27 08:00:00+00:00, run_after=2026-01-27 09:00:00+00:00
[2026-01-27T09:39:41.993+0000] {processor.py:208} INFO - Processing /opt/airflow/dags/music_ingestion_dag.py took 0.118 seconds
[2026-01-27T09:40:12.395+0000] {processor.py:186} INFO - Started process (PID=847) to work on /opt/airflow/dags/music_ingestion_dag.py
[2026-01-27T09:40:12.398+0000] {processor.py:914} INFO - Processing file /opt/airflow/dags/music_ingestion_dag.py for tasks to queue
[2026-01-27T09:40:12.414+0000] {logging_mixin.py:190} INFO - [2026-01-27T09:40:12.410+0000] {dagbag.py:588} INFO - Filling up the DagBag from /opt/airflow/dags/music_ingestion_dag.py
[2026-01-27T09:40:12.482+0000] {processor.py:925} INFO - DAG(s) '01_music_ingestion_realtime' retrieved from /opt/airflow/dags/music_ingestion_dag.py
[2026-01-27T09:40:12.554+0000] {logging_mixin.py:190} INFO - [2026-01-27T09:40:12.554+0000] {dag.py:3239} INFO - Sync 1 DAGs
[2026-01-27T09:40:12.632+0000] {logging_mixin.py:190} INFO - [2026-01-27T09:40:12.632+0000] {dag.py:4180} INFO - Setting next_dagrun for 01_music_ingestion_realtime to 2026-01-27 08:00:00+00:00, run_after=2026-01-27 09:00:00+00:00
[2026-01-27T09:40:12.678+0000] {processor.py:208} INFO - Processing /opt/airflow/dags/music_ingestion_dag.py took 0.291 seconds
[2026-01-27T09:40:43.002+0000] {processor.py:186} INFO - Started process (PID=852) to work on /opt/airflow/dags/music_ingestion_dag.py
[2026-01-27T09:40:43.003+0000] {processor.py:914} INFO - Processing file /opt/airflow/dags/music_ingestion_dag.py for tasks to queue
[2026-01-27T09:40:43.006+0000] {logging_mixin.py:190} INFO - [2026-01-27T09:40:43.006+0000] {dagbag.py:588} INFO - Filling up the DagBag from /opt/airflow/dags/music_ingestion_dag.py
[2026-01-27T09:40:43.025+0000] {processor.py:925} INFO - DAG(s) '01_music_ingestion_realtime' retrieved from /opt/airflow/dags/music_ingestion_dag.py
[2026-01-27T09:40:43.056+0000] {logging_mixin.py:190} INFO - [2026-01-27T09:40:43.056+0000] {dag.py:3239} INFO - Sync 1 DAGs
[2026-01-27T09:40:43.080+0000] {logging_mixin.py:190} INFO - [2026-01-27T09:40:43.080+0000] {dag.py:4180} INFO - Setting next_dagrun for 01_music_ingestion_realtime to 2026-01-27 08:00:00+00:00, run_after=2026-01-27 09:00:00+00:00
[2026-01-27T09:40:43.107+0000] {processor.py:208} INFO - Processing /opt/airflow/dags/music_ingestion_dag.py took 0.111 seconds
[2026-01-27T09:41:13.341+0000] {processor.py:186} INFO - Started process (PID=857) to work on /opt/airflow/dags/music_ingestion_dag.py
[2026-01-27T09:41:13.343+0000] {processor.py:914} INFO - Processing file /opt/airflow/dags/music_ingestion_dag.py for tasks to queue
[2026-01-27T09:41:13.348+0000] {logging_mixin.py:190} INFO - [2026-01-27T09:41:13.347+0000] {dagbag.py:588} INFO - Filling up the DagBag from /opt/airflow/dags/music_ingestion_dag.py
[2026-01-27T09:41:13.372+0000] {processor.py:925} INFO - DAG(s) '01_music_ingestion_realtime' retrieved from /opt/airflow/dags/music_ingestion_dag.py
[2026-01-27T09:41:13.405+0000] {logging_mixin.py:190} INFO - [2026-01-27T09:41:13.405+0000] {dag.py:3239} INFO - Sync 1 DAGs
[2026-01-27T09:41:13.439+0000] {logging_mixin.py:190} INFO - [2026-01-27T09:41:13.439+0000] {dag.py:4180} INFO - Setting next_dagrun for 01_music_ingestion_realtime to 2026-01-27 08:00:00+00:00, run_after=2026-01-27 09:00:00+00:00
[2026-01-27T09:41:13.472+0000] {processor.py:208} INFO - Processing /opt/airflow/dags/music_ingestion_dag.py took 0.142 seconds
[2026-01-27T09:41:43.847+0000] {processor.py:186} INFO - Started process (PID=862) to work on /opt/airflow/dags/music_ingestion_dag.py
[2026-01-27T09:41:43.849+0000] {processor.py:914} INFO - Processing file /opt/airflow/dags/music_ingestion_dag.py for tasks to queue
[2026-01-27T09:41:43.852+0000] {logging_mixin.py:190} INFO - [2026-01-27T09:41:43.851+0000] {dagbag.py:588} INFO - Filling up the DagBag from /opt/airflow/dags/music_ingestion_dag.py
[2026-01-27T09:41:43.892+0000] {processor.py:925} INFO - DAG(s) '01_music_ingestion_realtime' retrieved from /opt/airflow/dags/music_ingestion_dag.py
[2026-01-27T09:41:43.925+0000] {logging_mixin.py:190} INFO - [2026-01-27T09:41:43.925+0000] {dag.py:3239} INFO - Sync 1 DAGs
[2026-01-27T09:41:43.953+0000] {logging_mixin.py:190} INFO - [2026-01-27T09:41:43.953+0000] {dag.py:4180} INFO - Setting next_dagrun for 01_music_ingestion_realtime to 2026-01-27 08:00:00+00:00, run_after=2026-01-27 09:00:00+00:00
[2026-01-27T09:41:43.982+0000] {processor.py:208} INFO - Processing /opt/airflow/dags/music_ingestion_dag.py took 0.141 seconds
[2026-01-27T09:42:14.213+0000] {processor.py:186} INFO - Started process (PID=867) to work on /opt/airflow/dags/music_ingestion_dag.py
[2026-01-27T09:42:14.214+0000] {processor.py:914} INFO - Processing file /opt/airflow/dags/music_ingestion_dag.py for tasks to queue
[2026-01-27T09:42:14.217+0000] {logging_mixin.py:190} INFO - [2026-01-27T09:42:14.216+0000] {dagbag.py:588} INFO - Filling up the DagBag from /opt/airflow/dags/music_ingestion_dag.py
[2026-01-27T09:42:14.240+0000] {processor.py:925} INFO - DAG(s) '01_music_ingestion_realtime' retrieved from /opt/airflow/dags/music_ingestion_dag.py
[2026-01-27T09:42:14.272+0000] {logging_mixin.py:190} INFO - [2026-01-27T09:42:14.272+0000] {dag.py:3239} INFO - Sync 1 DAGs
[2026-01-27T09:42:14.298+0000] {logging_mixin.py:190} INFO - [2026-01-27T09:42:14.298+0000] {dag.py:4180} INFO - Setting next_dagrun for 01_music_ingestion_realtime to 2026-01-27 08:00:00+00:00, run_after=2026-01-27 09:00:00+00:00
[2026-01-27T09:42:14.326+0000] {processor.py:208} INFO - Processing /opt/airflow/dags/music_ingestion_dag.py took 0.119 seconds
[2026-01-27T09:42:44.695+0000] {processor.py:186} INFO - Started process (PID=872) to work on /opt/airflow/dags/music_ingestion_dag.py
[2026-01-27T09:42:44.696+0000] {processor.py:914} INFO - Processing file /opt/airflow/dags/music_ingestion_dag.py for tasks to queue
[2026-01-27T09:42:44.700+0000] {logging_mixin.py:190} INFO - [2026-01-27T09:42:44.699+0000] {dagbag.py:588} INFO - Filling up the DagBag from /opt/airflow/dags/music_ingestion_dag.py
[2026-01-27T09:42:44.726+0000] {processor.py:925} INFO - DAG(s) '01_music_ingestion_realtime' retrieved from /opt/airflow/dags/music_ingestion_dag.py
[2026-01-27T09:42:44.754+0000] {logging_mixin.py:190} INFO - [2026-01-27T09:42:44.754+0000] {dag.py:3239} INFO - Sync 1 DAGs
[2026-01-27T09:42:44.781+0000] {logging_mixin.py:190} INFO - [2026-01-27T09:42:44.781+0000] {dag.py:4180} INFO - Setting next_dagrun for 01_music_ingestion_realtime to 2026-01-27 08:00:00+00:00, run_after=2026-01-27 09:00:00+00:00
[2026-01-27T09:42:44.813+0000] {processor.py:208} INFO - Processing /opt/airflow/dags/music_ingestion_dag.py took 0.126 seconds
[2026-01-27T09:43:15.054+0000] {processor.py:186} INFO - Started process (PID=877) to work on /opt/airflow/dags/music_ingestion_dag.py
[2026-01-27T09:43:15.056+0000] {processor.py:914} INFO - Processing file /opt/airflow/dags/music_ingestion_dag.py for tasks to queue
[2026-01-27T09:43:15.059+0000] {logging_mixin.py:190} INFO - [2026-01-27T09:43:15.059+0000] {dagbag.py:588} INFO - Filling up the DagBag from /opt/airflow/dags/music_ingestion_dag.py
[2026-01-27T09:43:15.094+0000] {processor.py:925} INFO - DAG(s) '01_music_ingestion_realtime' retrieved from /opt/airflow/dags/music_ingestion_dag.py
[2026-01-27T09:43:15.130+0000] {logging_mixin.py:190} INFO - [2026-01-27T09:43:15.130+0000] {dag.py:3239} INFO - Sync 1 DAGs
[2026-01-27T09:43:15.161+0000] {logging_mixin.py:190} INFO - [2026-01-27T09:43:15.161+0000] {dag.py:4180} INFO - Setting next_dagrun for 01_music_ingestion_realtime to 2026-01-27 08:00:00+00:00, run_after=2026-01-27 09:00:00+00:00
[2026-01-27T09:43:15.194+0000] {processor.py:208} INFO - Processing /opt/airflow/dags/music_ingestion_dag.py took 0.148 seconds
[2026-01-27T09:43:45.486+0000] {processor.py:186} INFO - Started process (PID=882) to work on /opt/airflow/dags/music_ingestion_dag.py
[2026-01-27T09:43:45.487+0000] {processor.py:914} INFO - Processing file /opt/airflow/dags/music_ingestion_dag.py for tasks to queue
[2026-01-27T09:43:45.490+0000] {logging_mixin.py:190} INFO - [2026-01-27T09:43:45.490+0000] {dagbag.py:588} INFO - Filling up the DagBag from /opt/airflow/dags/music_ingestion_dag.py
[2026-01-27T09:43:45.521+0000] {processor.py:925} INFO - DAG(s) '01_music_ingestion_realtime' retrieved from /opt/airflow/dags/music_ingestion_dag.py
[2026-01-27T09:43:45.554+0000] {logging_mixin.py:190} INFO - [2026-01-27T09:43:45.554+0000] {dag.py:3239} INFO - Sync 1 DAGs
[2026-01-27T09:43:45.580+0000] {logging_mixin.py:190} INFO - [2026-01-27T09:43:45.580+0000] {dag.py:4180} INFO - Setting next_dagrun for 01_music_ingestion_realtime to 2026-01-27 08:00:00+00:00, run_after=2026-01-27 09:00:00+00:00
[2026-01-27T09:43:45.605+0000] {processor.py:208} INFO - Processing /opt/airflow/dags/music_ingestion_dag.py took 0.125 seconds
[2026-01-27T09:44:15.899+0000] {processor.py:186} INFO - Started process (PID=887) to work on /opt/airflow/dags/music_ingestion_dag.py
[2026-01-27T09:44:15.900+0000] {processor.py:914} INFO - Processing file /opt/airflow/dags/music_ingestion_dag.py for tasks to queue
[2026-01-27T09:44:15.903+0000] {logging_mixin.py:190} INFO - [2026-01-27T09:44:15.902+0000] {dagbag.py:588} INFO - Filling up the DagBag from /opt/airflow/dags/music_ingestion_dag.py
[2026-01-27T09:44:15.934+0000] {processor.py:925} INFO - DAG(s) '01_music_ingestion_realtime' retrieved from /opt/airflow/dags/music_ingestion_dag.py
[2026-01-27T09:44:15.967+0000] {logging_mixin.py:190} INFO - [2026-01-27T09:44:15.966+0000] {dag.py:3239} INFO - Sync 1 DAGs
[2026-01-27T09:44:15.996+0000] {logging_mixin.py:190} INFO - [2026-01-27T09:44:15.996+0000] {dag.py:4180} INFO - Setting next_dagrun for 01_music_ingestion_realtime to 2026-01-27 08:00:00+00:00, run_after=2026-01-27 09:00:00+00:00
[2026-01-27T09:44:16.021+0000] {processor.py:208} INFO - Processing /opt/airflow/dags/music_ingestion_dag.py took 0.127 seconds
[2026-01-27T09:44:46.320+0000] {processor.py:186} INFO - Started process (PID=892) to work on /opt/airflow/dags/music_ingestion_dag.py
[2026-01-27T09:44:46.323+0000] {processor.py:914} INFO - Processing file /opt/airflow/dags/music_ingestion_dag.py for tasks to queue
[2026-01-27T09:44:46.328+0000] {logging_mixin.py:190} INFO - [2026-01-27T09:44:46.327+0000] {dagbag.py:588} INFO - Filling up the DagBag from /opt/airflow/dags/music_ingestion_dag.py
[2026-01-27T09:44:46.360+0000] {processor.py:925} INFO - DAG(s) '01_music_ingestion_realtime' retrieved from /opt/airflow/dags/music_ingestion_dag.py
[2026-01-27T09:44:46.395+0000] {logging_mixin.py:190} INFO - [2026-01-27T09:44:46.394+0000] {dag.py:3239} INFO - Sync 1 DAGs
[2026-01-27T09:44:46.425+0000] {logging_mixin.py:190} INFO - [2026-01-27T09:44:46.425+0000] {dag.py:4180} INFO - Setting next_dagrun for 01_music_ingestion_realtime to 2026-01-27 08:00:00+00:00, run_after=2026-01-27 09:00:00+00:00
[2026-01-27T09:44:46.457+0000] {processor.py:208} INFO - Processing /opt/airflow/dags/music_ingestion_dag.py took 0.147 seconds
[2026-01-27T09:45:16.679+0000] {processor.py:186} INFO - Started process (PID=897) to work on /opt/airflow/dags/music_ingestion_dag.py
[2026-01-27T09:45:16.680+0000] {processor.py:914} INFO - Processing file /opt/airflow/dags/music_ingestion_dag.py for tasks to queue
[2026-01-27T09:45:16.683+0000] {logging_mixin.py:190} INFO - [2026-01-27T09:45:16.682+0000] {dagbag.py:588} INFO - Filling up the DagBag from /opt/airflow/dags/music_ingestion_dag.py
[2026-01-27T09:45:16.706+0000] {processor.py:925} INFO - DAG(s) '01_music_ingestion_realtime' retrieved from /opt/airflow/dags/music_ingestion_dag.py
[2026-01-27T09:45:16.739+0000] {logging_mixin.py:190} INFO - [2026-01-27T09:45:16.738+0000] {dag.py:3239} INFO - Sync 1 DAGs
[2026-01-27T09:45:16.769+0000] {logging_mixin.py:190} INFO - [2026-01-27T09:45:16.769+0000] {dag.py:4180} INFO - Setting next_dagrun for 01_music_ingestion_realtime to 2026-01-27 08:00:00+00:00, run_after=2026-01-27 09:00:00+00:00
[2026-01-27T09:45:16.798+0000] {processor.py:208} INFO - Processing /opt/airflow/dags/music_ingestion_dag.py took 0.126 seconds
[2026-01-27T09:45:47.168+0000] {processor.py:186} INFO - Started process (PID=902) to work on /opt/airflow/dags/music_ingestion_dag.py
[2026-01-27T09:45:47.170+0000] {processor.py:914} INFO - Processing file /opt/airflow/dags/music_ingestion_dag.py for tasks to queue
[2026-01-27T09:45:47.174+0000] {logging_mixin.py:190} INFO - [2026-01-27T09:45:47.174+0000] {dagbag.py:588} INFO - Filling up the DagBag from /opt/airflow/dags/music_ingestion_dag.py
[2026-01-27T09:45:47.214+0000] {processor.py:925} INFO - DAG(s) '01_music_ingestion_realtime' retrieved from /opt/airflow/dags/music_ingestion_dag.py
[2026-01-27T09:45:47.257+0000] {logging_mixin.py:190} INFO - [2026-01-27T09:45:47.256+0000] {dag.py:3239} INFO - Sync 1 DAGs
[2026-01-27T09:45:47.303+0000] {logging_mixin.py:190} INFO - [2026-01-27T09:45:47.303+0000] {dag.py:4180} INFO - Setting next_dagrun for 01_music_ingestion_realtime to 2026-01-27 08:00:00+00:00, run_after=2026-01-27 09:00:00+00:00
[2026-01-27T09:45:47.339+0000] {processor.py:208} INFO - Processing /opt/airflow/dags/music_ingestion_dag.py took 0.181 seconds
[2026-01-27T09:46:17.553+0000] {processor.py:186} INFO - Started process (PID=907) to work on /opt/airflow/dags/music_ingestion_dag.py
[2026-01-27T09:46:17.556+0000] {processor.py:914} INFO - Processing file /opt/airflow/dags/music_ingestion_dag.py for tasks to queue
[2026-01-27T09:46:17.558+0000] {logging_mixin.py:190} INFO - [2026-01-27T09:46:17.558+0000] {dagbag.py:588} INFO - Filling up the DagBag from /opt/airflow/dags/music_ingestion_dag.py
[2026-01-27T09:46:17.587+0000] {processor.py:925} INFO - DAG(s) '01_music_ingestion_realtime' retrieved from /opt/airflow/dags/music_ingestion_dag.py
[2026-01-27T09:46:17.623+0000] {logging_mixin.py:190} INFO - [2026-01-27T09:46:17.622+0000] {dag.py:3239} INFO - Sync 1 DAGs
[2026-01-27T09:46:17.652+0000] {logging_mixin.py:190} INFO - [2026-01-27T09:46:17.652+0000] {dag.py:4180} INFO - Setting next_dagrun for 01_music_ingestion_realtime to 2026-01-27 08:00:00+00:00, run_after=2026-01-27 09:00:00+00:00
[2026-01-27T09:46:17.680+0000] {processor.py:208} INFO - Processing /opt/airflow/dags/music_ingestion_dag.py took 0.135 seconds
[2026-01-27T09:46:48.070+0000] {processor.py:186} INFO - Started process (PID=912) to work on /opt/airflow/dags/music_ingestion_dag.py
[2026-01-27T09:46:48.073+0000] {processor.py:914} INFO - Processing file /opt/airflow/dags/music_ingestion_dag.py for tasks to queue
[2026-01-27T09:46:48.078+0000] {logging_mixin.py:190} INFO - [2026-01-27T09:46:48.078+0000] {dagbag.py:588} INFO - Filling up the DagBag from /opt/airflow/dags/music_ingestion_dag.py
[2026-01-27T09:46:48.106+0000] {processor.py:925} INFO - DAG(s) '01_music_ingestion_realtime' retrieved from /opt/airflow/dags/music_ingestion_dag.py
[2026-01-27T09:46:48.139+0000] {logging_mixin.py:190} INFO - [2026-01-27T09:46:48.139+0000] {dag.py:3239} INFO - Sync 1 DAGs
[2026-01-27T09:46:48.167+0000] {logging_mixin.py:190} INFO - [2026-01-27T09:46:48.167+0000] {dag.py:4180} INFO - Setting next_dagrun for 01_music_ingestion_realtime to 2026-01-27 08:00:00+00:00, run_after=2026-01-27 09:00:00+00:00
[2026-01-27T09:46:48.198+0000] {processor.py:208} INFO - Processing /opt/airflow/dags/music_ingestion_dag.py took 0.136 seconds
[2026-01-27T09:47:18.418+0000] {processor.py:186} INFO - Started process (PID=917) to work on /opt/airflow/dags/music_ingestion_dag.py
[2026-01-27T09:47:18.419+0000] {processor.py:914} INFO - Processing file /opt/airflow/dags/music_ingestion_dag.py for tasks to queue
[2026-01-27T09:47:18.422+0000] {logging_mixin.py:190} INFO - [2026-01-27T09:47:18.421+0000] {dagbag.py:588} INFO - Filling up the DagBag from /opt/airflow/dags/music_ingestion_dag.py
[2026-01-27T09:47:18.442+0000] {processor.py:925} INFO - DAG(s) '01_music_ingestion_realtime' retrieved from /opt/airflow/dags/music_ingestion_dag.py
[2026-01-27T09:47:18.474+0000] {logging_mixin.py:190} INFO - [2026-01-27T09:47:18.474+0000] {dag.py:3239} INFO - Sync 1 DAGs
[2026-01-27T09:47:18.503+0000] {logging_mixin.py:190} INFO - [2026-01-27T09:47:18.502+0000] {dag.py:4180} INFO - Setting next_dagrun for 01_music_ingestion_realtime to 2026-01-27 08:00:00+00:00, run_after=2026-01-27 09:00:00+00:00
[2026-01-27T09:47:18.529+0000] {processor.py:208} INFO - Processing /opt/airflow/dags/music_ingestion_dag.py took 0.120 seconds
[2026-01-27T09:47:48.840+0000] {processor.py:186} INFO - Started process (PID=922) to work on /opt/airflow/dags/music_ingestion_dag.py
[2026-01-27T09:47:48.841+0000] {processor.py:914} INFO - Processing file /opt/airflow/dags/music_ingestion_dag.py for tasks to queue
[2026-01-27T09:47:48.845+0000] {logging_mixin.py:190} INFO - [2026-01-27T09:47:48.845+0000] {dagbag.py:588} INFO - Filling up the DagBag from /opt/airflow/dags/music_ingestion_dag.py
[2026-01-27T09:47:48.870+0000] {processor.py:925} INFO - DAG(s) '01_music_ingestion_realtime' retrieved from /opt/airflow/dags/music_ingestion_dag.py
[2026-01-27T09:47:48.899+0000] {logging_mixin.py:190} INFO - [2026-01-27T09:47:48.898+0000] {dag.py:3239} INFO - Sync 1 DAGs
[2026-01-27T09:47:48.924+0000] {logging_mixin.py:190} INFO - [2026-01-27T09:47:48.924+0000] {dag.py:4180} INFO - Setting next_dagrun for 01_music_ingestion_realtime to 2026-01-27 08:00:00+00:00, run_after=2026-01-27 09:00:00+00:00
[2026-01-27T09:47:48.961+0000] {processor.py:208} INFO - Processing /opt/airflow/dags/music_ingestion_dag.py took 0.126 seconds
[2026-01-27T09:48:19.183+0000] {processor.py:186} INFO - Started process (PID=927) to work on /opt/airflow/dags/music_ingestion_dag.py
[2026-01-27T09:48:19.185+0000] {processor.py:914} INFO - Processing file /opt/airflow/dags/music_ingestion_dag.py for tasks to queue
[2026-01-27T09:48:19.188+0000] {logging_mixin.py:190} INFO - [2026-01-27T09:48:19.188+0000] {dagbag.py:588} INFO - Filling up the DagBag from /opt/airflow/dags/music_ingestion_dag.py
[2026-01-27T09:48:19.207+0000] {processor.py:925} INFO - DAG(s) '01_music_ingestion_realtime' retrieved from /opt/airflow/dags/music_ingestion_dag.py
[2026-01-27T09:48:19.241+0000] {logging_mixin.py:190} INFO - [2026-01-27T09:48:19.241+0000] {dag.py:3239} INFO - Sync 1 DAGs
[2026-01-27T09:48:19.266+0000] {logging_mixin.py:190} INFO - [2026-01-27T09:48:19.266+0000] {dag.py:4180} INFO - Setting next_dagrun for 01_music_ingestion_realtime to 2026-01-27 08:00:00+00:00, run_after=2026-01-27 09:00:00+00:00
[2026-01-27T09:48:19.304+0000] {processor.py:208} INFO - Processing /opt/airflow/dags/music_ingestion_dag.py took 0.127 seconds
[2026-01-27T09:48:49.625+0000] {processor.py:186} INFO - Started process (PID=932) to work on /opt/airflow/dags/music_ingestion_dag.py
[2026-01-27T09:48:49.627+0000] {processor.py:914} INFO - Processing file /opt/airflow/dags/music_ingestion_dag.py for tasks to queue
[2026-01-27T09:48:49.630+0000] {logging_mixin.py:190} INFO - [2026-01-27T09:48:49.630+0000] {dagbag.py:588} INFO - Filling up the DagBag from /opt/airflow/dags/music_ingestion_dag.py
[2026-01-27T09:48:49.661+0000] {processor.py:925} INFO - DAG(s) '01_music_ingestion_realtime' retrieved from /opt/airflow/dags/music_ingestion_dag.py
[2026-01-27T09:48:49.694+0000] {logging_mixin.py:190} INFO - [2026-01-27T09:48:49.694+0000] {dag.py:3239} INFO - Sync 1 DAGs
[2026-01-27T09:48:49.723+0000] {logging_mixin.py:190} INFO - [2026-01-27T09:48:49.723+0000] {dag.py:4180} INFO - Setting next_dagrun for 01_music_ingestion_realtime to 2026-01-27 08:00:00+00:00, run_after=2026-01-27 09:00:00+00:00
[2026-01-27T09:48:49.745+0000] {processor.py:208} INFO - Processing /opt/airflow/dags/music_ingestion_dag.py took 0.126 seconds
[2026-01-27T09:49:19.997+0000] {processor.py:186} INFO - Started process (PID=937) to work on /opt/airflow/dags/music_ingestion_dag.py
[2026-01-27T09:49:19.998+0000] {processor.py:914} INFO - Processing file /opt/airflow/dags/music_ingestion_dag.py for tasks to queue
[2026-01-27T09:49:20.001+0000] {logging_mixin.py:190} INFO - [2026-01-27T09:49:20.000+0000] {dagbag.py:588} INFO - Filling up the DagBag from /opt/airflow/dags/music_ingestion_dag.py
[2026-01-27T09:49:20.020+0000] {processor.py:925} INFO - DAG(s) '01_music_ingestion_realtime' retrieved from /opt/airflow/dags/music_ingestion_dag.py
[2026-01-27T09:49:20.045+0000] {logging_mixin.py:190} INFO - [2026-01-27T09:49:20.045+0000] {dag.py:3239} INFO - Sync 1 DAGs
[2026-01-27T09:49:20.066+0000] {logging_mixin.py:190} INFO - [2026-01-27T09:49:20.066+0000] {dag.py:4180} INFO - Setting next_dagrun for 01_music_ingestion_realtime to 2026-01-27 08:00:00+00:00, run_after=2026-01-27 09:00:00+00:00
[2026-01-27T09:49:20.091+0000] {processor.py:208} INFO - Processing /opt/airflow/dags/music_ingestion_dag.py took 0.099 seconds
[2026-01-27T09:49:50.384+0000] {processor.py:186} INFO - Started process (PID=942) to work on /opt/airflow/dags/music_ingestion_dag.py
[2026-01-27T09:49:50.386+0000] {processor.py:914} INFO - Processing file /opt/airflow/dags/music_ingestion_dag.py for tasks to queue
[2026-01-27T09:49:50.388+0000] {logging_mixin.py:190} INFO - [2026-01-27T09:49:50.388+0000] {dagbag.py:588} INFO - Filling up the DagBag from /opt/airflow/dags/music_ingestion_dag.py
[2026-01-27T09:49:50.406+0000] {processor.py:925} INFO - DAG(s) '01_music_ingestion_realtime' retrieved from /opt/airflow/dags/music_ingestion_dag.py
[2026-01-27T09:49:50.433+0000] {logging_mixin.py:190} INFO - [2026-01-27T09:49:50.432+0000] {dag.py:3239} INFO - Sync 1 DAGs
[2026-01-27T09:49:50.456+0000] {logging_mixin.py:190} INFO - [2026-01-27T09:49:50.456+0000] {dag.py:4180} INFO - Setting next_dagrun for 01_music_ingestion_realtime to 2026-01-27 08:00:00+00:00, run_after=2026-01-27 09:00:00+00:00
[2026-01-27T09:49:50.481+0000] {processor.py:208} INFO - Processing /opt/airflow/dags/music_ingestion_dag.py took 0.101 seconds
[2026-01-27T09:50:20.806+0000] {processor.py:186} INFO - Started process (PID=947) to work on /opt/airflow/dags/music_ingestion_dag.py
[2026-01-27T09:50:20.808+0000] {processor.py:914} INFO - Processing file /opt/airflow/dags/music_ingestion_dag.py for tasks to queue
[2026-01-27T09:50:20.812+0000] {logging_mixin.py:190} INFO - [2026-01-27T09:50:20.812+0000] {dagbag.py:588} INFO - Filling up the DagBag from /opt/airflow/dags/music_ingestion_dag.py
[2026-01-27T09:50:20.836+0000] {processor.py:925} INFO - DAG(s) '01_music_ingestion_realtime' retrieved from /opt/airflow/dags/music_ingestion_dag.py
[2026-01-27T09:50:20.868+0000] {logging_mixin.py:190} INFO - [2026-01-27T09:50:20.868+0000] {dag.py:3239} INFO - Sync 1 DAGs
[2026-01-27T09:50:20.902+0000] {logging_mixin.py:190} INFO - [2026-01-27T09:50:20.901+0000] {dag.py:4180} INFO - Setting next_dagrun for 01_music_ingestion_realtime to 2026-01-27 08:00:00+00:00, run_after=2026-01-27 09:00:00+00:00
[2026-01-27T09:50:20.935+0000] {processor.py:208} INFO - Processing /opt/airflow/dags/music_ingestion_dag.py took 0.137 seconds
[2026-01-27T09:50:51.170+0000] {processor.py:186} INFO - Started process (PID=952) to work on /opt/airflow/dags/music_ingestion_dag.py
[2026-01-27T09:50:51.171+0000] {processor.py:914} INFO - Processing file /opt/airflow/dags/music_ingestion_dag.py for tasks to queue
[2026-01-27T09:50:51.173+0000] {logging_mixin.py:190} INFO - [2026-01-27T09:50:51.173+0000] {dagbag.py:588} INFO - Filling up the DagBag from /opt/airflow/dags/music_ingestion_dag.py
[2026-01-27T09:50:51.195+0000] {processor.py:925} INFO - DAG(s) '01_music_ingestion_realtime' retrieved from /opt/airflow/dags/music_ingestion_dag.py
[2026-01-27T09:50:51.226+0000] {logging_mixin.py:190} INFO - [2026-01-27T09:50:51.225+0000] {dag.py:3239} INFO - Sync 1 DAGs
[2026-01-27T09:50:51.254+0000] {logging_mixin.py:190} INFO - [2026-01-27T09:50:51.254+0000] {dag.py:4180} INFO - Setting next_dagrun for 01_music_ingestion_realtime to 2026-01-27 08:00:00+00:00, run_after=2026-01-27 09:00:00+00:00
[2026-01-27T09:50:51.285+0000] {processor.py:208} INFO - Processing /opt/airflow/dags/music_ingestion_dag.py took 0.121 seconds
[2026-01-27T09:51:21.581+0000] {processor.py:186} INFO - Started process (PID=957) to work on /opt/airflow/dags/music_ingestion_dag.py
[2026-01-27T09:51:21.582+0000] {processor.py:914} INFO - Processing file /opt/airflow/dags/music_ingestion_dag.py for tasks to queue
[2026-01-27T09:51:21.585+0000] {logging_mixin.py:190} INFO - [2026-01-27T09:51:21.584+0000] {dagbag.py:588} INFO - Filling up the DagBag from /opt/airflow/dags/music_ingestion_dag.py
[2026-01-27T09:51:21.614+0000] {processor.py:925} INFO - DAG(s) '01_music_ingestion_realtime' retrieved from /opt/airflow/dags/music_ingestion_dag.py
[2026-01-27T09:51:21.649+0000] {logging_mixin.py:190} INFO - [2026-01-27T09:51:21.649+0000] {dag.py:3239} INFO - Sync 1 DAGs
[2026-01-27T09:51:21.677+0000] {logging_mixin.py:190} INFO - [2026-01-27T09:51:21.676+0000] {dag.py:4180} INFO - Setting next_dagrun for 01_music_ingestion_realtime to 2026-01-27 08:00:00+00:00, run_after=2026-01-27 09:00:00+00:00
[2026-01-27T09:51:21.700+0000] {processor.py:208} INFO - Processing /opt/airflow/dags/music_ingestion_dag.py took 0.124 seconds
[2026-01-27T09:51:51.886+0000] {processor.py:186} INFO - Started process (PID=962) to work on /opt/airflow/dags/music_ingestion_dag.py
[2026-01-27T09:51:51.888+0000] {processor.py:914} INFO - Processing file /opt/airflow/dags/music_ingestion_dag.py for tasks to queue
[2026-01-27T09:51:51.890+0000] {logging_mixin.py:190} INFO - [2026-01-27T09:51:51.890+0000] {dagbag.py:588} INFO - Filling up the DagBag from /opt/airflow/dags/music_ingestion_dag.py
[2026-01-27T09:51:51.916+0000] {processor.py:925} INFO - DAG(s) '01_music_ingestion_realtime' retrieved from /opt/airflow/dags/music_ingestion_dag.py
[2026-01-27T09:51:51.955+0000] {logging_mixin.py:190} INFO - [2026-01-27T09:51:51.955+0000] {dag.py:3239} INFO - Sync 1 DAGs
[2026-01-27T09:51:51.986+0000] {logging_mixin.py:190} INFO - [2026-01-27T09:51:51.986+0000] {dag.py:4180} INFO - Setting next_dagrun for 01_music_ingestion_realtime to 2026-01-27 08:00:00+00:00, run_after=2026-01-27 09:00:00+00:00
[2026-01-27T09:51:52.019+0000] {processor.py:208} INFO - Processing /opt/airflow/dags/music_ingestion_dag.py took 0.140 seconds
[2026-01-27T09:52:22.241+0000] {processor.py:186} INFO - Started process (PID=967) to work on /opt/airflow/dags/music_ingestion_dag.py
[2026-01-27T09:52:22.243+0000] {processor.py:914} INFO - Processing file /opt/airflow/dags/music_ingestion_dag.py for tasks to queue
[2026-01-27T09:52:22.247+0000] {logging_mixin.py:190} INFO - [2026-01-27T09:52:22.246+0000] {dagbag.py:588} INFO - Filling up the DagBag from /opt/airflow/dags/music_ingestion_dag.py
[2026-01-27T09:52:22.271+0000] {processor.py:925} INFO - DAG(s) '01_music_ingestion_realtime' retrieved from /opt/airflow/dags/music_ingestion_dag.py
[2026-01-27T09:52:22.304+0000] {logging_mixin.py:190} INFO - [2026-01-27T09:52:22.304+0000] {dag.py:3239} INFO - Sync 1 DAGs
[2026-01-27T09:52:22.332+0000] {logging_mixin.py:190} INFO - [2026-01-27T09:52:22.332+0000] {dag.py:4180} INFO - Setting next_dagrun for 01_music_ingestion_realtime to 2026-01-27 08:00:00+00:00, run_after=2026-01-27 09:00:00+00:00
[2026-01-27T09:52:22.362+0000] {processor.py:208} INFO - Processing /opt/airflow/dags/music_ingestion_dag.py took 0.126 seconds
[2026-01-27T09:52:52.713+0000] {processor.py:186} INFO - Started process (PID=972) to work on /opt/airflow/dags/music_ingestion_dag.py
[2026-01-27T09:52:52.714+0000] {processor.py:914} INFO - Processing file /opt/airflow/dags/music_ingestion_dag.py for tasks to queue
[2026-01-27T09:52:52.720+0000] {logging_mixin.py:190} INFO - [2026-01-27T09:52:52.718+0000] {dagbag.py:588} INFO - Filling up the DagBag from /opt/airflow/dags/music_ingestion_dag.py
[2026-01-27T09:52:52.748+0000] {processor.py:925} INFO - DAG(s) '01_music_ingestion_realtime' retrieved from /opt/airflow/dags/music_ingestion_dag.py
[2026-01-27T09:52:52.792+0000] {logging_mixin.py:190} INFO - [2026-01-27T09:52:52.792+0000] {dag.py:3239} INFO - Sync 1 DAGs
[2026-01-27T09:52:52.831+0000] {logging_mixin.py:190} INFO - [2026-01-27T09:52:52.831+0000] {dag.py:4180} INFO - Setting next_dagrun for 01_music_ingestion_realtime to 2026-01-27 08:00:00+00:00, run_after=2026-01-27 09:00:00+00:00
[2026-01-27T09:52:52.861+0000] {processor.py:208} INFO - Processing /opt/airflow/dags/music_ingestion_dag.py took 0.154 seconds
[2026-01-27T09:53:23.090+0000] {processor.py:186} INFO - Started process (PID=977) to work on /opt/airflow/dags/music_ingestion_dag.py
[2026-01-27T09:53:23.091+0000] {processor.py:914} INFO - Processing file /opt/airflow/dags/music_ingestion_dag.py for tasks to queue
[2026-01-27T09:53:23.094+0000] {logging_mixin.py:190} INFO - [2026-01-27T09:53:23.094+0000] {dagbag.py:588} INFO - Filling up the DagBag from /opt/airflow/dags/music_ingestion_dag.py
[2026-01-27T09:53:23.123+0000] {processor.py:925} INFO - DAG(s) '01_music_ingestion_realtime' retrieved from /opt/airflow/dags/music_ingestion_dag.py
[2026-01-27T09:53:23.166+0000] {logging_mixin.py:190} INFO - [2026-01-27T09:53:23.165+0000] {dag.py:3239} INFO - Sync 1 DAGs
[2026-01-27T09:53:23.206+0000] {logging_mixin.py:190} INFO - [2026-01-27T09:53:23.205+0000] {dag.py:4180} INFO - Setting next_dagrun for 01_music_ingestion_realtime to 2026-01-27 08:00:00+00:00, run_after=2026-01-27 09:00:00+00:00
[2026-01-27T09:53:23.243+0000] {processor.py:208} INFO - Processing /opt/airflow/dags/music_ingestion_dag.py took 0.159 seconds
[2026-01-27T09:53:53.589+0000] {processor.py:186} INFO - Started process (PID=982) to work on /opt/airflow/dags/music_ingestion_dag.py
[2026-01-27T09:53:53.591+0000] {processor.py:914} INFO - Processing file /opt/airflow/dags/music_ingestion_dag.py for tasks to queue
[2026-01-27T09:53:53.593+0000] {logging_mixin.py:190} INFO - [2026-01-27T09:53:53.593+0000] {dagbag.py:588} INFO - Filling up the DagBag from /opt/airflow/dags/music_ingestion_dag.py
[2026-01-27T09:53:53.614+0000] {processor.py:925} INFO - DAG(s) '01_music_ingestion_realtime' retrieved from /opt/airflow/dags/music_ingestion_dag.py
[2026-01-27T09:53:53.644+0000] {logging_mixin.py:190} INFO - [2026-01-27T09:53:53.644+0000] {dag.py:3239} INFO - Sync 1 DAGs
[2026-01-27T09:53:53.668+0000] {logging_mixin.py:190} INFO - [2026-01-27T09:53:53.668+0000] {dag.py:4180} INFO - Setting next_dagrun for 01_music_ingestion_realtime to 2026-01-27 08:00:00+00:00, run_after=2026-01-27 09:00:00+00:00
[2026-01-27T09:53:53.693+0000] {processor.py:208} INFO - Processing /opt/airflow/dags/music_ingestion_dag.py took 0.109 seconds
[2026-01-27T09:54:23.917+0000] {processor.py:186} INFO - Started process (PID=987) to work on /opt/airflow/dags/music_ingestion_dag.py
[2026-01-27T09:54:23.919+0000] {processor.py:914} INFO - Processing file /opt/airflow/dags/music_ingestion_dag.py for tasks to queue
[2026-01-27T09:54:23.922+0000] {logging_mixin.py:190} INFO - [2026-01-27T09:54:23.921+0000] {dagbag.py:588} INFO - Filling up the DagBag from /opt/airflow/dags/music_ingestion_dag.py
[2026-01-27T09:54:23.953+0000] {processor.py:925} INFO - DAG(s) '01_music_ingestion_realtime' retrieved from /opt/airflow/dags/music_ingestion_dag.py
[2026-01-27T09:54:23.984+0000] {logging_mixin.py:190} INFO - [2026-01-27T09:54:23.984+0000] {dag.py:3239} INFO - Sync 1 DAGs
[2026-01-27T09:54:24.008+0000] {logging_mixin.py:190} INFO - [2026-01-27T09:54:24.008+0000] {dag.py:4180} INFO - Setting next_dagrun for 01_music_ingestion_realtime to 2026-01-27 08:00:00+00:00, run_after=2026-01-27 09:00:00+00:00
[2026-01-27T09:54:24.031+0000] {processor.py:208} INFO - Processing /opt/airflow/dags/music_ingestion_dag.py took 0.119 seconds
[2026-01-27T09:54:54.392+0000] {processor.py:186} INFO - Started process (PID=992) to work on /opt/airflow/dags/music_ingestion_dag.py
[2026-01-27T09:54:54.394+0000] {processor.py:914} INFO - Processing file /opt/airflow/dags/music_ingestion_dag.py for tasks to queue
[2026-01-27T09:54:54.398+0000] {logging_mixin.py:190} INFO - [2026-01-27T09:54:54.397+0000] {dagbag.py:588} INFO - Filling up the DagBag from /opt/airflow/dags/music_ingestion_dag.py
[2026-01-27T09:54:54.434+0000] {processor.py:925} INFO - DAG(s) '01_music_ingestion_realtime' retrieved from /opt/airflow/dags/music_ingestion_dag.py
[2026-01-27T09:54:54.475+0000] {logging_mixin.py:190} INFO - [2026-01-27T09:54:54.475+0000] {dag.py:3239} INFO - Sync 1 DAGs
[2026-01-27T09:54:54.508+0000] {logging_mixin.py:190} INFO - [2026-01-27T09:54:54.508+0000] {dag.py:4180} INFO - Setting next_dagrun for 01_music_ingestion_realtime to 2026-01-27 08:00:00+00:00, run_after=2026-01-27 09:00:00+00:00
[2026-01-27T09:54:54.541+0000] {processor.py:208} INFO - Processing /opt/airflow/dags/music_ingestion_dag.py took 0.154 seconds
[2026-01-27T09:55:24.762+0000] {processor.py:186} INFO - Started process (PID=997) to work on /opt/airflow/dags/music_ingestion_dag.py
[2026-01-27T09:55:24.764+0000] {processor.py:914} INFO - Processing file /opt/airflow/dags/music_ingestion_dag.py for tasks to queue
[2026-01-27T09:55:24.769+0000] {logging_mixin.py:190} INFO - [2026-01-27T09:55:24.769+0000] {dagbag.py:588} INFO - Filling up the DagBag from /opt/airflow/dags/music_ingestion_dag.py
[2026-01-27T09:55:24.814+0000] {processor.py:925} INFO - DAG(s) '01_music_ingestion_realtime' retrieved from /opt/airflow/dags/music_ingestion_dag.py
[2026-01-27T09:55:24.870+0000] {logging_mixin.py:190} INFO - [2026-01-27T09:55:24.870+0000] {dag.py:3239} INFO - Sync 1 DAGs
[2026-01-27T09:55:24.955+0000] {logging_mixin.py:190} INFO - [2026-01-27T09:55:24.954+0000] {dag.py:4180} INFO - Setting next_dagrun for 01_music_ingestion_realtime to 2026-01-27 08:00:00+00:00, run_after=2026-01-27 09:00:00+00:00
[2026-01-27T09:55:25.017+0000] {processor.py:208} INFO - Processing /opt/airflow/dags/music_ingestion_dag.py took 0.266 seconds
[2026-01-27T09:55:55.144+0000] {processor.py:186} INFO - Started process (PID=1002) to work on /opt/airflow/dags/music_ingestion_dag.py
[2026-01-27T09:55:55.145+0000] {processor.py:914} INFO - Processing file /opt/airflow/dags/music_ingestion_dag.py for tasks to queue
[2026-01-27T09:55:55.148+0000] {logging_mixin.py:190} INFO - [2026-01-27T09:55:55.147+0000] {dagbag.py:588} INFO - Filling up the DagBag from /opt/airflow/dags/music_ingestion_dag.py
[2026-01-27T09:55:55.170+0000] {processor.py:925} INFO - DAG(s) '01_music_ingestion_realtime' retrieved from /opt/airflow/dags/music_ingestion_dag.py
[2026-01-27T09:55:55.197+0000] {logging_mixin.py:190} INFO - [2026-01-27T09:55:55.197+0000] {dag.py:3239} INFO - Sync 1 DAGs
[2026-01-27T09:55:55.231+0000] {logging_mixin.py:190} INFO - [2026-01-27T09:55:55.231+0000] {dag.py:4180} INFO - Setting next_dagrun for 01_music_ingestion_realtime to 2026-01-27 08:00:00+00:00, run_after=2026-01-27 09:00:00+00:00
[2026-01-27T09:55:55.263+0000] {processor.py:208} INFO - Processing /opt/airflow/dags/music_ingestion_dag.py took 0.124 seconds
[2026-01-27T09:56:25.512+0000] {processor.py:186} INFO - Started process (PID=1007) to work on /opt/airflow/dags/music_ingestion_dag.py
[2026-01-27T09:56:25.514+0000] {processor.py:914} INFO - Processing file /opt/airflow/dags/music_ingestion_dag.py for tasks to queue
[2026-01-27T09:56:25.518+0000] {logging_mixin.py:190} INFO - [2026-01-27T09:56:25.517+0000] {dagbag.py:588} INFO - Filling up the DagBag from /opt/airflow/dags/music_ingestion_dag.py
[2026-01-27T09:56:25.543+0000] {processor.py:925} INFO - DAG(s) '01_music_ingestion_realtime' retrieved from /opt/airflow/dags/music_ingestion_dag.py
[2026-01-27T09:56:25.579+0000] {logging_mixin.py:190} INFO - [2026-01-27T09:56:25.579+0000] {dag.py:3239} INFO - Sync 1 DAGs
[2026-01-27T09:56:25.610+0000] {logging_mixin.py:190} INFO - [2026-01-27T09:56:25.610+0000] {dag.py:4180} INFO - Setting next_dagrun for 01_music_ingestion_realtime to 2026-01-27 08:00:00+00:00, run_after=2026-01-27 09:00:00+00:00
[2026-01-27T09:56:25.639+0000] {processor.py:208} INFO - Processing /opt/airflow/dags/music_ingestion_dag.py took 0.134 seconds
[2026-01-27T09:56:55.897+0000] {processor.py:186} INFO - Started process (PID=1012) to work on /opt/airflow/dags/music_ingestion_dag.py
[2026-01-27T09:56:55.899+0000] {processor.py:914} INFO - Processing file /opt/airflow/dags/music_ingestion_dag.py for tasks to queue
[2026-01-27T09:56:55.902+0000] {logging_mixin.py:190} INFO - [2026-01-27T09:56:55.901+0000] {dagbag.py:588} INFO - Filling up the DagBag from /opt/airflow/dags/music_ingestion_dag.py
[2026-01-27T09:56:55.939+0000] {processor.py:925} INFO - DAG(s) '01_music_ingestion_realtime' retrieved from /opt/airflow/dags/music_ingestion_dag.py
[2026-01-27T09:56:55.976+0000] {logging_mixin.py:190} INFO - [2026-01-27T09:56:55.976+0000] {dag.py:3239} INFO - Sync 1 DAGs
[2026-01-27T09:56:56.011+0000] {logging_mixin.py:190} INFO - [2026-01-27T09:56:56.011+0000] {dag.py:4180} INFO - Setting next_dagrun for 01_music_ingestion_realtime to 2026-01-27 08:00:00+00:00, run_after=2026-01-27 09:00:00+00:00
[2026-01-27T09:56:56.049+0000] {processor.py:208} INFO - Processing /opt/airflow/dags/music_ingestion_dag.py took 0.160 seconds
[2026-01-27T09:57:26.305+0000] {processor.py:186} INFO - Started process (PID=1017) to work on /opt/airflow/dags/music_ingestion_dag.py
[2026-01-27T09:57:26.306+0000] {processor.py:914} INFO - Processing file /opt/airflow/dags/music_ingestion_dag.py for tasks to queue
[2026-01-27T09:57:26.309+0000] {logging_mixin.py:190} INFO - [2026-01-27T09:57:26.309+0000] {dagbag.py:588} INFO - Filling up the DagBag from /opt/airflow/dags/music_ingestion_dag.py
[2026-01-27T09:57:26.351+0000] {processor.py:925} INFO - DAG(s) '01_music_ingestion_realtime' retrieved from /opt/airflow/dags/music_ingestion_dag.py
[2026-01-27T09:57:26.381+0000] {logging_mixin.py:190} INFO - [2026-01-27T09:57:26.381+0000] {dag.py:3239} INFO - Sync 1 DAGs
[2026-01-27T09:57:26.407+0000] {logging_mixin.py:190} INFO - [2026-01-27T09:57:26.407+0000] {dag.py:4180} INFO - Setting next_dagrun for 01_music_ingestion_realtime to 2026-01-27 08:00:00+00:00, run_after=2026-01-27 09:00:00+00:00
[2026-01-27T09:57:26.433+0000] {processor.py:208} INFO - Processing /opt/airflow/dags/music_ingestion_dag.py took 0.135 seconds
[2026-01-27T09:57:56.717+0000] {processor.py:186} INFO - Started process (PID=1022) to work on /opt/airflow/dags/music_ingestion_dag.py
[2026-01-27T09:57:56.718+0000] {processor.py:914} INFO - Processing file /opt/airflow/dags/music_ingestion_dag.py for tasks to queue
[2026-01-27T09:57:56.720+0000] {logging_mixin.py:190} INFO - [2026-01-27T09:57:56.720+0000] {dagbag.py:588} INFO - Filling up the DagBag from /opt/airflow/dags/music_ingestion_dag.py
[2026-01-27T09:57:56.747+0000] {processor.py:925} INFO - DAG(s) '01_music_ingestion_realtime' retrieved from /opt/airflow/dags/music_ingestion_dag.py
[2026-01-27T09:57:56.784+0000] {logging_mixin.py:190} INFO - [2026-01-27T09:57:56.783+0000] {dag.py:3239} INFO - Sync 1 DAGs
[2026-01-27T09:57:56.808+0000] {logging_mixin.py:190} INFO - [2026-01-27T09:57:56.808+0000] {dag.py:4180} INFO - Setting next_dagrun for 01_music_ingestion_realtime to 2026-01-27 08:00:00+00:00, run_after=2026-01-27 09:00:00+00:00
[2026-01-27T09:57:56.834+0000] {processor.py:208} INFO - Processing /opt/airflow/dags/music_ingestion_dag.py took 0.122 seconds
[2026-01-27T09:58:27.203+0000] {processor.py:186} INFO - Started process (PID=1027) to work on /opt/airflow/dags/music_ingestion_dag.py
[2026-01-27T09:58:27.204+0000] {processor.py:914} INFO - Processing file /opt/airflow/dags/music_ingestion_dag.py for tasks to queue
[2026-01-27T09:58:27.207+0000] {logging_mixin.py:190} INFO - [2026-01-27T09:58:27.207+0000] {dagbag.py:588} INFO - Filling up the DagBag from /opt/airflow/dags/music_ingestion_dag.py
[2026-01-27T09:58:27.224+0000] {processor.py:925} INFO - DAG(s) '01_music_ingestion_realtime' retrieved from /opt/airflow/dags/music_ingestion_dag.py
[2026-01-27T09:58:27.252+0000] {logging_mixin.py:190} INFO - [2026-01-27T09:58:27.251+0000] {dag.py:3239} INFO - Sync 1 DAGs
[2026-01-27T09:58:27.274+0000] {logging_mixin.py:190} INFO - [2026-01-27T09:58:27.274+0000] {dag.py:4180} INFO - Setting next_dagrun for 01_music_ingestion_realtime to 2026-01-27 08:00:00+00:00, run_after=2026-01-27 09:00:00+00:00
[2026-01-27T09:58:27.299+0000] {processor.py:208} INFO - Processing /opt/airflow/dags/music_ingestion_dag.py took 0.101 seconds
[2026-01-27T09:58:57.561+0000] {processor.py:186} INFO - Started process (PID=1032) to work on /opt/airflow/dags/music_ingestion_dag.py
[2026-01-27T09:58:57.562+0000] {processor.py:914} INFO - Processing file /opt/airflow/dags/music_ingestion_dag.py for tasks to queue
[2026-01-27T09:58:57.565+0000] {logging_mixin.py:190} INFO - [2026-01-27T09:58:57.564+0000] {dagbag.py:588} INFO - Filling up the DagBag from /opt/airflow/dags/music_ingestion_dag.py
[2026-01-27T09:58:57.583+0000] {processor.py:925} INFO - DAG(s) '01_music_ingestion_realtime' retrieved from /opt/airflow/dags/music_ingestion_dag.py
[2026-01-27T09:58:57.614+0000] {logging_mixin.py:190} INFO - [2026-01-27T09:58:57.614+0000] {dag.py:3239} INFO - Sync 1 DAGs
[2026-01-27T09:58:57.641+0000] {logging_mixin.py:190} INFO - [2026-01-27T09:58:57.641+0000] {dag.py:4180} INFO - Setting next_dagrun for 01_music_ingestion_realtime to 2026-01-27 08:00:00+00:00, run_after=2026-01-27 09:00:00+00:00
[2026-01-27T09:58:57.667+0000] {processor.py:208} INFO - Processing /opt/airflow/dags/music_ingestion_dag.py took 0.111 seconds
[2026-01-27T09:59:27.969+0000] {processor.py:186} INFO - Started process (PID=1037) to work on /opt/airflow/dags/music_ingestion_dag.py
[2026-01-27T09:59:27.970+0000] {processor.py:914} INFO - Processing file /opt/airflow/dags/music_ingestion_dag.py for tasks to queue
[2026-01-27T09:59:27.972+0000] {logging_mixin.py:190} INFO - [2026-01-27T09:59:27.971+0000] {dagbag.py:588} INFO - Filling up the DagBag from /opt/airflow/dags/music_ingestion_dag.py
[2026-01-27T09:59:27.991+0000] {processor.py:925} INFO - DAG(s) '01_music_ingestion_realtime' retrieved from /opt/airflow/dags/music_ingestion_dag.py
[2026-01-27T09:59:28.023+0000] {logging_mixin.py:190} INFO - [2026-01-27T09:59:28.023+0000] {dag.py:3239} INFO - Sync 1 DAGs
[2026-01-27T09:59:28.047+0000] {logging_mixin.py:190} INFO - [2026-01-27T09:59:28.047+0000] {dag.py:4180} INFO - Setting next_dagrun for 01_music_ingestion_realtime to 2026-01-27 08:00:00+00:00, run_after=2026-01-27 09:00:00+00:00
[2026-01-27T09:59:28.070+0000] {processor.py:208} INFO - Processing /opt/airflow/dags/music_ingestion_dag.py took 0.106 seconds
[2026-01-27T09:59:58.352+0000] {processor.py:186} INFO - Started process (PID=1042) to work on /opt/airflow/dags/music_ingestion_dag.py
[2026-01-27T09:59:58.353+0000] {processor.py:914} INFO - Processing file /opt/airflow/dags/music_ingestion_dag.py for tasks to queue
[2026-01-27T09:59:58.356+0000] {logging_mixin.py:190} INFO - [2026-01-27T09:59:58.355+0000] {dagbag.py:588} INFO - Filling up the DagBag from /opt/airflow/dags/music_ingestion_dag.py
[2026-01-27T09:59:58.376+0000] {processor.py:925} INFO - DAG(s) '01_music_ingestion_realtime' retrieved from /opt/airflow/dags/music_ingestion_dag.py
[2026-01-27T09:59:58.402+0000] {logging_mixin.py:190} INFO - [2026-01-27T09:59:58.402+0000] {dag.py:3239} INFO - Sync 1 DAGs
[2026-01-27T09:59:58.428+0000] {logging_mixin.py:190} INFO - [2026-01-27T09:59:58.428+0000] {dag.py:4180} INFO - Setting next_dagrun for 01_music_ingestion_realtime to 2026-01-27 08:00:00+00:00, run_after=2026-01-27 09:00:00+00:00
[2026-01-27T09:59:58.456+0000] {processor.py:208} INFO - Processing /opt/airflow/dags/music_ingestion_dag.py took 0.110 seconds
[2026-01-27T10:00:28.714+0000] {processor.py:186} INFO - Started process (PID=1047) to work on /opt/airflow/dags/music_ingestion_dag.py
[2026-01-27T10:00:28.715+0000] {processor.py:914} INFO - Processing file /opt/airflow/dags/music_ingestion_dag.py for tasks to queue
[2026-01-27T10:00:28.718+0000] {logging_mixin.py:190} INFO - [2026-01-27T10:00:28.718+0000] {dagbag.py:588} INFO - Filling up the DagBag from /opt/airflow/dags/music_ingestion_dag.py
[2026-01-27T10:00:28.750+0000] {processor.py:925} INFO - DAG(s) '01_music_ingestion_realtime' retrieved from /opt/airflow/dags/music_ingestion_dag.py
[2026-01-27T10:00:28.779+0000] {logging_mixin.py:190} INFO - [2026-01-27T10:00:28.778+0000] {dag.py:3239} INFO - Sync 1 DAGs
[2026-01-27T10:00:28.803+0000] {logging_mixin.py:190} INFO - [2026-01-27T10:00:28.802+0000] {dag.py:4180} INFO - Setting next_dagrun for 01_music_ingestion_realtime to 2026-01-27 09:00:00+00:00, run_after=2026-01-27 10:00:00+00:00
[2026-01-27T10:00:28.833+0000] {processor.py:208} INFO - Processing /opt/airflow/dags/music_ingestion_dag.py took 0.125 seconds
[2026-01-27T10:00:59.104+0000] {processor.py:186} INFO - Started process (PID=1052) to work on /opt/airflow/dags/music_ingestion_dag.py
[2026-01-27T10:00:59.105+0000] {processor.py:914} INFO - Processing file /opt/airflow/dags/music_ingestion_dag.py for tasks to queue
[2026-01-27T10:00:59.107+0000] {logging_mixin.py:190} INFO - [2026-01-27T10:00:59.107+0000] {dagbag.py:588} INFO - Filling up the DagBag from /opt/airflow/dags/music_ingestion_dag.py
[2026-01-27T10:00:59.127+0000] {processor.py:925} INFO - DAG(s) '01_music_ingestion_realtime' retrieved from /opt/airflow/dags/music_ingestion_dag.py
[2026-01-27T10:00:59.158+0000] {logging_mixin.py:190} INFO - [2026-01-27T10:00:59.157+0000] {dag.py:3239} INFO - Sync 1 DAGs
[2026-01-27T10:00:59.183+0000] {logging_mixin.py:190} INFO - [2026-01-27T10:00:59.183+0000] {dag.py:4180} INFO - Setting next_dagrun for 01_music_ingestion_realtime to 2026-01-27 09:00:00+00:00, run_after=2026-01-27 10:00:00+00:00
[2026-01-27T10:00:59.211+0000] {processor.py:208} INFO - Processing /opt/airflow/dags/music_ingestion_dag.py took 0.113 seconds
[2026-01-27T10:01:29.518+0000] {processor.py:186} INFO - Started process (PID=1057) to work on /opt/airflow/dags/music_ingestion_dag.py
[2026-01-27T10:01:29.519+0000] {processor.py:914} INFO - Processing file /opt/airflow/dags/music_ingestion_dag.py for tasks to queue
[2026-01-27T10:01:29.522+0000] {logging_mixin.py:190} INFO - [2026-01-27T10:01:29.522+0000] {dagbag.py:588} INFO - Filling up the DagBag from /opt/airflow/dags/music_ingestion_dag.py
[2026-01-27T10:01:29.556+0000] {processor.py:925} INFO - DAG(s) '01_music_ingestion_realtime' retrieved from /opt/airflow/dags/music_ingestion_dag.py
[2026-01-27T10:01:29.593+0000] {logging_mixin.py:190} INFO - [2026-01-27T10:01:29.592+0000] {dag.py:3239} INFO - Sync 1 DAGs
[2026-01-27T10:01:29.616+0000] {logging_mixin.py:190} INFO - [2026-01-27T10:01:29.616+0000] {dag.py:4180} INFO - Setting next_dagrun for 01_music_ingestion_realtime to 2026-01-27 09:00:00+00:00, run_after=2026-01-27 10:00:00+00:00
[2026-01-27T10:01:29.641+0000] {processor.py:208} INFO - Processing /opt/airflow/dags/music_ingestion_dag.py took 0.129 seconds
[2026-01-27T10:01:59.933+0000] {processor.py:186} INFO - Started process (PID=1062) to work on /opt/airflow/dags/music_ingestion_dag.py
[2026-01-27T10:01:59.935+0000] {processor.py:914} INFO - Processing file /opt/airflow/dags/music_ingestion_dag.py for tasks to queue
[2026-01-27T10:01:59.938+0000] {logging_mixin.py:190} INFO - [2026-01-27T10:01:59.938+0000] {dagbag.py:588} INFO - Filling up the DagBag from /opt/airflow/dags/music_ingestion_dag.py
[2026-01-27T10:01:59.969+0000] {processor.py:925} INFO - DAG(s) '01_music_ingestion_realtime' retrieved from /opt/airflow/dags/music_ingestion_dag.py
[2026-01-27T10:02:00.002+0000] {logging_mixin.py:190} INFO - [2026-01-27T10:02:00.001+0000] {dag.py:3239} INFO - Sync 1 DAGs
[2026-01-27T10:02:00.032+0000] {logging_mixin.py:190} INFO - [2026-01-27T10:02:00.032+0000] {dag.py:4180} INFO - Setting next_dagrun for 01_music_ingestion_realtime to 2026-01-27 09:00:00+00:00, run_after=2026-01-27 10:00:00+00:00
[2026-01-27T10:02:00.060+0000] {processor.py:208} INFO - Processing /opt/airflow/dags/music_ingestion_dag.py took 0.133 seconds
[2026-01-27T10:02:30.285+0000] {processor.py:186} INFO - Started process (PID=1067) to work on /opt/airflow/dags/music_ingestion_dag.py
[2026-01-27T10:02:30.287+0000] {processor.py:914} INFO - Processing file /opt/airflow/dags/music_ingestion_dag.py for tasks to queue
[2026-01-27T10:02:30.289+0000] {logging_mixin.py:190} INFO - [2026-01-27T10:02:30.289+0000] {dagbag.py:588} INFO - Filling up the DagBag from /opt/airflow/dags/music_ingestion_dag.py
[2026-01-27T10:02:30.333+0000] {processor.py:925} INFO - DAG(s) '01_music_ingestion_realtime' retrieved from /opt/airflow/dags/music_ingestion_dag.py
[2026-01-27T10:02:30.388+0000] {logging_mixin.py:190} INFO - [2026-01-27T10:02:30.387+0000] {dag.py:3239} INFO - Sync 1 DAGs
[2026-01-27T10:02:30.420+0000] {logging_mixin.py:190} INFO - [2026-01-27T10:02:30.420+0000] {dag.py:4180} INFO - Setting next_dagrun for 01_music_ingestion_realtime to 2026-01-27 09:00:00+00:00, run_after=2026-01-27 10:00:00+00:00
[2026-01-27T10:02:30.450+0000] {processor.py:208} INFO - Processing /opt/airflow/dags/music_ingestion_dag.py took 0.174 seconds
[2026-01-27T10:03:00.683+0000] {processor.py:186} INFO - Started process (PID=1072) to work on /opt/airflow/dags/music_ingestion_dag.py
[2026-01-27T10:03:00.685+0000] {processor.py:914} INFO - Processing file /opt/airflow/dags/music_ingestion_dag.py for tasks to queue
[2026-01-27T10:03:00.687+0000] {logging_mixin.py:190} INFO - [2026-01-27T10:03:00.687+0000] {dagbag.py:588} INFO - Filling up the DagBag from /opt/airflow/dags/music_ingestion_dag.py
[2026-01-27T10:03:00.709+0000] {processor.py:925} INFO - DAG(s) '01_music_ingestion_realtime' retrieved from /opt/airflow/dags/music_ingestion_dag.py
[2026-01-27T10:03:00.743+0000] {logging_mixin.py:190} INFO - [2026-01-27T10:03:00.743+0000] {dag.py:3239} INFO - Sync 1 DAGs
[2026-01-27T10:03:00.771+0000] {logging_mixin.py:190} INFO - [2026-01-27T10:03:00.771+0000] {dag.py:4180} INFO - Setting next_dagrun for 01_music_ingestion_realtime to 2026-01-27 09:00:00+00:00, run_after=2026-01-27 10:00:00+00:00
[2026-01-27T10:03:00.801+0000] {processor.py:208} INFO - Processing /opt/airflow/dags/music_ingestion_dag.py took 0.124 seconds
[2026-01-27T10:03:31.041+0000] {processor.py:186} INFO - Started process (PID=1077) to work on /opt/airflow/dags/music_ingestion_dag.py
[2026-01-27T10:03:31.042+0000] {processor.py:914} INFO - Processing file /opt/airflow/dags/music_ingestion_dag.py for tasks to queue
[2026-01-27T10:03:31.044+0000] {logging_mixin.py:190} INFO - [2026-01-27T10:03:31.044+0000] {dagbag.py:588} INFO - Filling up the DagBag from /opt/airflow/dags/music_ingestion_dag.py
[2026-01-27T10:03:31.068+0000] {processor.py:925} INFO - DAG(s) '01_music_ingestion_realtime' retrieved from /opt/airflow/dags/music_ingestion_dag.py
[2026-01-27T10:03:31.095+0000] {logging_mixin.py:190} INFO - [2026-01-27T10:03:31.095+0000] {dag.py:3239} INFO - Sync 1 DAGs
[2026-01-27T10:03:31.122+0000] {logging_mixin.py:190} INFO - [2026-01-27T10:03:31.122+0000] {dag.py:4180} INFO - Setting next_dagrun for 01_music_ingestion_realtime to 2026-01-27 09:00:00+00:00, run_after=2026-01-27 10:00:00+00:00
[2026-01-27T10:03:31.147+0000] {processor.py:208} INFO - Processing /opt/airflow/dags/music_ingestion_dag.py took 0.113 seconds
[2026-01-27T10:04:01.520+0000] {processor.py:186} INFO - Started process (PID=1082) to work on /opt/airflow/dags/music_ingestion_dag.py
[2026-01-27T10:04:01.522+0000] {processor.py:914} INFO - Processing file /opt/airflow/dags/music_ingestion_dag.py for tasks to queue
[2026-01-27T10:04:01.524+0000] {logging_mixin.py:190} INFO - [2026-01-27T10:04:01.524+0000] {dagbag.py:588} INFO - Filling up the DagBag from /opt/airflow/dags/music_ingestion_dag.py
[2026-01-27T10:04:01.543+0000] {processor.py:925} INFO - DAG(s) '01_music_ingestion_realtime' retrieved from /opt/airflow/dags/music_ingestion_dag.py
[2026-01-27T10:04:01.572+0000] {logging_mixin.py:190} INFO - [2026-01-27T10:04:01.572+0000] {dag.py:3239} INFO - Sync 1 DAGs
[2026-01-27T10:04:01.601+0000] {logging_mixin.py:190} INFO - [2026-01-27T10:04:01.600+0000] {dag.py:4180} INFO - Setting next_dagrun for 01_music_ingestion_realtime to 2026-01-27 09:00:00+00:00, run_after=2026-01-27 10:00:00+00:00
[2026-01-27T10:04:01.625+0000] {processor.py:208} INFO - Processing /opt/airflow/dags/music_ingestion_dag.py took 0.110 seconds
[2026-01-27T10:04:31.895+0000] {processor.py:186} INFO - Started process (PID=1087) to work on /opt/airflow/dags/music_ingestion_dag.py
[2026-01-27T10:04:31.896+0000] {processor.py:914} INFO - Processing file /opt/airflow/dags/music_ingestion_dag.py for tasks to queue
[2026-01-27T10:04:31.899+0000] {logging_mixin.py:190} INFO - [2026-01-27T10:04:31.899+0000] {dagbag.py:588} INFO - Filling up the DagBag from /opt/airflow/dags/music_ingestion_dag.py
[2026-01-27T10:04:31.916+0000] {processor.py:925} INFO - DAG(s) '01_music_ingestion_realtime' retrieved from /opt/airflow/dags/music_ingestion_dag.py
[2026-01-27T10:04:31.945+0000] {logging_mixin.py:190} INFO - [2026-01-27T10:04:31.945+0000] {dag.py:3239} INFO - Sync 1 DAGs
[2026-01-27T10:04:31.970+0000] {logging_mixin.py:190} INFO - [2026-01-27T10:04:31.970+0000] {dag.py:4180} INFO - Setting next_dagrun for 01_music_ingestion_realtime to 2026-01-27 09:00:00+00:00, run_after=2026-01-27 10:00:00+00:00
[2026-01-27T10:04:31.995+0000] {processor.py:208} INFO - Processing /opt/airflow/dags/music_ingestion_dag.py took 0.106 seconds
[2026-01-27T10:05:02.261+0000] {processor.py:186} INFO - Started process (PID=1092) to work on /opt/airflow/dags/music_ingestion_dag.py
[2026-01-27T10:05:02.262+0000] {processor.py:914} INFO - Processing file /opt/airflow/dags/music_ingestion_dag.py for tasks to queue
[2026-01-27T10:05:02.266+0000] {logging_mixin.py:190} INFO - [2026-01-27T10:05:02.266+0000] {dagbag.py:588} INFO - Filling up the DagBag from /opt/airflow/dags/music_ingestion_dag.py
[2026-01-27T10:05:02.287+0000] {processor.py:925} INFO - DAG(s) '01_music_ingestion_realtime' retrieved from /opt/airflow/dags/music_ingestion_dag.py
[2026-01-27T10:05:02.319+0000] {logging_mixin.py:190} INFO - [2026-01-27T10:05:02.319+0000] {dag.py:3239} INFO - Sync 1 DAGs
[2026-01-27T10:05:02.359+0000] {logging_mixin.py:190} INFO - [2026-01-27T10:05:02.359+0000] {dag.py:4180} INFO - Setting next_dagrun for 01_music_ingestion_realtime to 2026-01-27 09:00:00+00:00, run_after=2026-01-27 10:00:00+00:00
[2026-01-27T10:05:02.388+0000] {processor.py:208} INFO - Processing /opt/airflow/dags/music_ingestion_dag.py took 0.133 seconds
[2026-01-27T10:05:32.617+0000] {processor.py:186} INFO - Started process (PID=1097) to work on /opt/airflow/dags/music_ingestion_dag.py
[2026-01-27T10:05:32.618+0000] {processor.py:914} INFO - Processing file /opt/airflow/dags/music_ingestion_dag.py for tasks to queue
[2026-01-27T10:05:32.622+0000] {logging_mixin.py:190} INFO - [2026-01-27T10:05:32.621+0000] {dagbag.py:588} INFO - Filling up the DagBag from /opt/airflow/dags/music_ingestion_dag.py
[2026-01-27T10:05:32.644+0000] {processor.py:925} INFO - DAG(s) '01_music_ingestion_realtime' retrieved from /opt/airflow/dags/music_ingestion_dag.py
[2026-01-27T10:05:32.673+0000] {logging_mixin.py:190} INFO - [2026-01-27T10:05:32.672+0000] {dag.py:3239} INFO - Sync 1 DAGs
[2026-01-27T10:05:32.699+0000] {logging_mixin.py:190} INFO - [2026-01-27T10:05:32.699+0000] {dag.py:4180} INFO - Setting next_dagrun for 01_music_ingestion_realtime to 2026-01-27 09:00:00+00:00, run_after=2026-01-27 10:00:00+00:00
[2026-01-27T10:05:32.727+0000] {processor.py:208} INFO - Processing /opt/airflow/dags/music_ingestion_dag.py took 0.116 seconds
[2026-01-27T10:06:03.121+0000] {processor.py:186} INFO - Started process (PID=1102) to work on /opt/airflow/dags/music_ingestion_dag.py
[2026-01-27T10:06:03.123+0000] {processor.py:914} INFO - Processing file /opt/airflow/dags/music_ingestion_dag.py for tasks to queue
[2026-01-27T10:06:03.126+0000] {logging_mixin.py:190} INFO - [2026-01-27T10:06:03.125+0000] {dagbag.py:588} INFO - Filling up the DagBag from /opt/airflow/dags/music_ingestion_dag.py
[2026-01-27T10:06:03.155+0000] {processor.py:925} INFO - DAG(s) '01_music_ingestion_realtime' retrieved from /opt/airflow/dags/music_ingestion_dag.py
[2026-01-27T10:06:03.191+0000] {logging_mixin.py:190} INFO - [2026-01-27T10:06:03.191+0000] {dag.py:3239} INFO - Sync 1 DAGs
[2026-01-27T10:06:03.226+0000] {logging_mixin.py:190} INFO - [2026-01-27T10:06:03.226+0000] {dag.py:4180} INFO - Setting next_dagrun for 01_music_ingestion_realtime to 2026-01-27 09:00:00+00:00, run_after=2026-01-27 10:00:00+00:00
[2026-01-27T10:06:03.262+0000] {processor.py:208} INFO - Processing /opt/airflow/dags/music_ingestion_dag.py took 0.146 seconds
[2026-01-27T10:06:33.481+0000] {processor.py:186} INFO - Started process (PID=1107) to work on /opt/airflow/dags/music_ingestion_dag.py
[2026-01-27T10:06:33.482+0000] {processor.py:914} INFO - Processing file /opt/airflow/dags/music_ingestion_dag.py for tasks to queue
[2026-01-27T10:06:33.485+0000] {logging_mixin.py:190} INFO - [2026-01-27T10:06:33.484+0000] {dagbag.py:588} INFO - Filling up the DagBag from /opt/airflow/dags/music_ingestion_dag.py
[2026-01-27T10:06:33.503+0000] {processor.py:925} INFO - DAG(s) '01_music_ingestion_realtime' retrieved from /opt/airflow/dags/music_ingestion_dag.py
[2026-01-27T10:06:33.532+0000] {logging_mixin.py:190} INFO - [2026-01-27T10:06:33.531+0000] {dag.py:3239} INFO - Sync 1 DAGs
[2026-01-27T10:06:33.557+0000] {logging_mixin.py:190} INFO - [2026-01-27T10:06:33.557+0000] {dag.py:4180} INFO - Setting next_dagrun for 01_music_ingestion_realtime to 2026-01-27 09:00:00+00:00, run_after=2026-01-27 10:00:00+00:00
[2026-01-27T10:06:33.581+0000] {processor.py:208} INFO - Processing /opt/airflow/dags/music_ingestion_dag.py took 0.107 seconds
[2026-01-27T10:07:03.814+0000] {processor.py:186} INFO - Started process (PID=1112) to work on /opt/airflow/dags/music_ingestion_dag.py
[2026-01-27T10:07:03.815+0000] {processor.py:914} INFO - Processing file /opt/airflow/dags/music_ingestion_dag.py for tasks to queue
[2026-01-27T10:07:03.818+0000] {logging_mixin.py:190} INFO - [2026-01-27T10:07:03.817+0000] {dagbag.py:588} INFO - Filling up the DagBag from /opt/airflow/dags/music_ingestion_dag.py
[2026-01-27T10:07:03.845+0000] {processor.py:925} INFO - DAG(s) '01_music_ingestion_realtime' retrieved from /opt/airflow/dags/music_ingestion_dag.py
[2026-01-27T10:07:03.874+0000] {logging_mixin.py:190} INFO - [2026-01-27T10:07:03.874+0000] {dag.py:3239} INFO - Sync 1 DAGs
[2026-01-27T10:07:03.898+0000] {logging_mixin.py:190} INFO - [2026-01-27T10:07:03.898+0000] {dag.py:4180} INFO - Setting next_dagrun for 01_music_ingestion_realtime to 2026-01-27 09:00:00+00:00, run_after=2026-01-27 10:00:00+00:00
[2026-01-27T10:07:03.920+0000] {processor.py:208} INFO - Processing /opt/airflow/dags/music_ingestion_dag.py took 0.111 seconds
[2026-01-27T10:07:34.218+0000] {processor.py:186} INFO - Started process (PID=1117) to work on /opt/airflow/dags/music_ingestion_dag.py
[2026-01-27T10:07:34.220+0000] {processor.py:914} INFO - Processing file /opt/airflow/dags/music_ingestion_dag.py for tasks to queue
[2026-01-27T10:07:34.223+0000] {logging_mixin.py:190} INFO - [2026-01-27T10:07:34.223+0000] {dagbag.py:588} INFO - Filling up the DagBag from /opt/airflow/dags/music_ingestion_dag.py
[2026-01-27T10:07:34.251+0000] {processor.py:925} INFO - DAG(s) '01_music_ingestion_realtime' retrieved from /opt/airflow/dags/music_ingestion_dag.py
[2026-01-27T10:07:34.279+0000] {logging_mixin.py:190} INFO - [2026-01-27T10:07:34.279+0000] {dag.py:3239} INFO - Sync 1 DAGs
[2026-01-27T10:07:34.302+0000] {logging_mixin.py:190} INFO - [2026-01-27T10:07:34.302+0000] {dag.py:4180} INFO - Setting next_dagrun for 01_music_ingestion_realtime to 2026-01-27 09:00:00+00:00, run_after=2026-01-27 10:00:00+00:00
[2026-01-27T10:07:34.329+0000] {processor.py:208} INFO - Processing /opt/airflow/dags/music_ingestion_dag.py took 0.117 seconds
[2026-01-27T10:08:04.549+0000] {processor.py:186} INFO - Started process (PID=1122) to work on /opt/airflow/dags/music_ingestion_dag.py
[2026-01-27T10:08:04.551+0000] {processor.py:914} INFO - Processing file /opt/airflow/dags/music_ingestion_dag.py for tasks to queue
[2026-01-27T10:08:04.554+0000] {logging_mixin.py:190} INFO - [2026-01-27T10:08:04.554+0000] {dagbag.py:588} INFO - Filling up the DagBag from /opt/airflow/dags/music_ingestion_dag.py
[2026-01-27T10:08:04.589+0000] {processor.py:925} INFO - DAG(s) '01_music_ingestion_realtime' retrieved from /opt/airflow/dags/music_ingestion_dag.py
[2026-01-27T10:08:04.638+0000] {logging_mixin.py:190} INFO - [2026-01-27T10:08:04.637+0000] {dag.py:3239} INFO - Sync 1 DAGs
[2026-01-27T10:08:04.679+0000] {logging_mixin.py:190} INFO - [2026-01-27T10:08:04.679+0000] {dag.py:4180} INFO - Setting next_dagrun for 01_music_ingestion_realtime to 2026-01-27 09:00:00+00:00, run_after=2026-01-27 10:00:00+00:00
[2026-01-27T10:08:04.711+0000] {processor.py:208} INFO - Processing /opt/airflow/dags/music_ingestion_dag.py took 0.173 seconds
[2026-01-27T10:08:35.040+0000] {processor.py:186} INFO - Started process (PID=1127) to work on /opt/airflow/dags/music_ingestion_dag.py
[2026-01-27T10:08:35.042+0000] {processor.py:914} INFO - Processing file /opt/airflow/dags/music_ingestion_dag.py for tasks to queue
[2026-01-27T10:08:35.044+0000] {logging_mixin.py:190} INFO - [2026-01-27T10:08:35.044+0000] {dagbag.py:588} INFO - Filling up the DagBag from /opt/airflow/dags/music_ingestion_dag.py
[2026-01-27T10:08:35.063+0000] {processor.py:925} INFO - DAG(s) '01_music_ingestion_realtime' retrieved from /opt/airflow/dags/music_ingestion_dag.py
[2026-01-27T10:08:35.091+0000] {logging_mixin.py:190} INFO - [2026-01-27T10:08:35.091+0000] {dag.py:3239} INFO - Sync 1 DAGs
[2026-01-27T10:08:35.115+0000] {logging_mixin.py:190} INFO - [2026-01-27T10:08:35.115+0000] {dag.py:4180} INFO - Setting next_dagrun for 01_music_ingestion_realtime to 2026-01-27 09:00:00+00:00, run_after=2026-01-27 10:00:00+00:00
[2026-01-27T10:08:35.140+0000] {processor.py:208} INFO - Processing /opt/airflow/dags/music_ingestion_dag.py took 0.107 seconds
[2026-01-27T10:09:05.528+0000] {processor.py:186} INFO - Started process (PID=1132) to work on /opt/airflow/dags/music_ingestion_dag.py
[2026-01-27T10:09:05.531+0000] {processor.py:914} INFO - Processing file /opt/airflow/dags/music_ingestion_dag.py for tasks to queue
[2026-01-27T10:09:05.536+0000] {logging_mixin.py:190} INFO - [2026-01-27T10:09:05.535+0000] {dagbag.py:588} INFO - Filling up the DagBag from /opt/airflow/dags/music_ingestion_dag.py
[2026-01-27T10:09:05.559+0000] {processor.py:925} INFO - DAG(s) '01_music_ingestion_realtime' retrieved from /opt/airflow/dags/music_ingestion_dag.py
[2026-01-27T10:09:05.597+0000] {logging_mixin.py:190} INFO - [2026-01-27T10:09:05.596+0000] {dag.py:3239} INFO - Sync 1 DAGs
[2026-01-27T10:09:05.631+0000] {logging_mixin.py:190} INFO - [2026-01-27T10:09:05.631+0000] {dag.py:4180} INFO - Setting next_dagrun for 01_music_ingestion_realtime to 2026-01-27 09:00:00+00:00, run_after=2026-01-27 10:00:00+00:00
[2026-01-27T10:09:05.657+0000] {processor.py:208} INFO - Processing /opt/airflow/dags/music_ingestion_dag.py took 0.140 seconds
[2026-01-27T10:09:35.964+0000] {processor.py:186} INFO - Started process (PID=1137) to work on /opt/airflow/dags/music_ingestion_dag.py
[2026-01-27T10:09:35.966+0000] {processor.py:914} INFO - Processing file /opt/airflow/dags/music_ingestion_dag.py for tasks to queue
[2026-01-27T10:09:35.968+0000] {logging_mixin.py:190} INFO - [2026-01-27T10:09:35.968+0000] {dagbag.py:588} INFO - Filling up the DagBag from /opt/airflow/dags/music_ingestion_dag.py
[2026-01-27T10:09:35.991+0000] {processor.py:925} INFO - DAG(s) '01_music_ingestion_realtime' retrieved from /opt/airflow/dags/music_ingestion_dag.py
[2026-01-27T10:09:36.025+0000] {logging_mixin.py:190} INFO - [2026-01-27T10:09:36.024+0000] {dag.py:3239} INFO - Sync 1 DAGs
[2026-01-27T10:09:36.051+0000] {logging_mixin.py:190} INFO - [2026-01-27T10:09:36.051+0000] {dag.py:4180} INFO - Setting next_dagrun for 01_music_ingestion_realtime to 2026-01-27 09:00:00+00:00, run_after=2026-01-27 10:00:00+00:00
[2026-01-27T10:09:36.090+0000] {processor.py:208} INFO - Processing /opt/airflow/dags/music_ingestion_dag.py took 0.132 seconds
[2026-01-27T10:10:06.307+0000] {processor.py:186} INFO - Started process (PID=1142) to work on /opt/airflow/dags/music_ingestion_dag.py
[2026-01-27T10:10:06.309+0000] {processor.py:914} INFO - Processing file /opt/airflow/dags/music_ingestion_dag.py for tasks to queue
[2026-01-27T10:10:06.311+0000] {logging_mixin.py:190} INFO - [2026-01-27T10:10:06.311+0000] {dagbag.py:588} INFO - Filling up the DagBag from /opt/airflow/dags/music_ingestion_dag.py
[2026-01-27T10:10:06.347+0000] {processor.py:925} INFO - DAG(s) '01_music_ingestion_realtime' retrieved from /opt/airflow/dags/music_ingestion_dag.py
[2026-01-27T10:10:06.395+0000] {logging_mixin.py:190} INFO - [2026-01-27T10:10:06.394+0000] {dag.py:3239} INFO - Sync 1 DAGs
[2026-01-27T10:10:06.436+0000] {logging_mixin.py:190} INFO - [2026-01-27T10:10:06.436+0000] {dag.py:4180} INFO - Setting next_dagrun for 01_music_ingestion_realtime to 2026-01-27 09:00:00+00:00, run_after=2026-01-27 10:00:00+00:00
[2026-01-27T10:10:06.465+0000] {processor.py:208} INFO - Processing /opt/airflow/dags/music_ingestion_dag.py took 0.164 seconds
[2026-01-27T10:10:36.731+0000] {processor.py:186} INFO - Started process (PID=1147) to work on /opt/airflow/dags/music_ingestion_dag.py
[2026-01-27T10:10:36.732+0000] {processor.py:914} INFO - Processing file /opt/airflow/dags/music_ingestion_dag.py for tasks to queue
[2026-01-27T10:10:36.735+0000] {logging_mixin.py:190} INFO - [2026-01-27T10:10:36.734+0000] {dagbag.py:588} INFO - Filling up the DagBag from /opt/airflow/dags/music_ingestion_dag.py
[2026-01-27T10:10:36.754+0000] {processor.py:925} INFO - DAG(s) '01_music_ingestion_realtime' retrieved from /opt/airflow/dags/music_ingestion_dag.py
[2026-01-27T10:10:36.787+0000] {logging_mixin.py:190} INFO - [2026-01-27T10:10:36.787+0000] {dag.py:3239} INFO - Sync 1 DAGs
[2026-01-27T10:10:36.813+0000] {logging_mixin.py:190} INFO - [2026-01-27T10:10:36.813+0000] {dag.py:4180} INFO - Setting next_dagrun for 01_music_ingestion_realtime to 2026-01-27 09:00:00+00:00, run_after=2026-01-27 10:00:00+00:00
[2026-01-27T10:10:36.835+0000] {processor.py:208} INFO - Processing /opt/airflow/dags/music_ingestion_dag.py took 0.113 seconds
[2026-01-27T10:11:07.061+0000] {processor.py:186} INFO - Started process (PID=1152) to work on /opt/airflow/dags/music_ingestion_dag.py
[2026-01-27T10:11:07.063+0000] {processor.py:914} INFO - Processing file /opt/airflow/dags/music_ingestion_dag.py for tasks to queue
[2026-01-27T10:11:07.066+0000] {logging_mixin.py:190} INFO - [2026-01-27T10:11:07.065+0000] {dagbag.py:588} INFO - Filling up the DagBag from /opt/airflow/dags/music_ingestion_dag.py
[2026-01-27T10:11:07.086+0000] {processor.py:925} INFO - DAG(s) '01_music_ingestion_realtime' retrieved from /opt/airflow/dags/music_ingestion_dag.py
[2026-01-27T10:11:07.119+0000] {logging_mixin.py:190} INFO - [2026-01-27T10:11:07.118+0000] {dag.py:3239} INFO - Sync 1 DAGs
[2026-01-27T10:11:07.143+0000] {logging_mixin.py:190} INFO - [2026-01-27T10:11:07.143+0000] {dag.py:4180} INFO - Setting next_dagrun for 01_music_ingestion_realtime to 2026-01-27 09:00:00+00:00, run_after=2026-01-27 10:00:00+00:00
[2026-01-27T10:11:07.174+0000] {processor.py:208} INFO - Processing /opt/airflow/dags/music_ingestion_dag.py took 0.121 seconds
[2026-01-27T10:11:37.574+0000] {processor.py:186} INFO - Started process (PID=1157) to work on /opt/airflow/dags/music_ingestion_dag.py
[2026-01-27T10:11:37.577+0000] {processor.py:914} INFO - Processing file /opt/airflow/dags/music_ingestion_dag.py for tasks to queue
[2026-01-27T10:11:37.583+0000] {logging_mixin.py:190} INFO - [2026-01-27T10:11:37.582+0000] {dagbag.py:588} INFO - Filling up the DagBag from /opt/airflow/dags/music_ingestion_dag.py
[2026-01-27T10:11:37.617+0000] {processor.py:925} INFO - DAG(s) '01_music_ingestion_realtime' retrieved from /opt/airflow/dags/music_ingestion_dag.py
[2026-01-27T10:11:37.650+0000] {logging_mixin.py:190} INFO - [2026-01-27T10:11:37.649+0000] {dag.py:3239} INFO - Sync 1 DAGs
[2026-01-27T10:11:37.681+0000] {logging_mixin.py:190} INFO - [2026-01-27T10:11:37.681+0000] {dag.py:4180} INFO - Setting next_dagrun for 01_music_ingestion_realtime to 2026-01-27 09:00:00+00:00, run_after=2026-01-27 10:00:00+00:00
[2026-01-27T10:11:37.706+0000] {processor.py:208} INFO - Processing /opt/airflow/dags/music_ingestion_dag.py took 0.140 seconds
[2026-01-27T10:12:07.900+0000] {processor.py:186} INFO - Started process (PID=1162) to work on /opt/airflow/dags/music_ingestion_dag.py
[2026-01-27T10:12:07.902+0000] {processor.py:914} INFO - Processing file /opt/airflow/dags/music_ingestion_dag.py for tasks to queue
[2026-01-27T10:12:07.905+0000] {logging_mixin.py:190} INFO - [2026-01-27T10:12:07.905+0000] {dagbag.py:588} INFO - Filling up the DagBag from /opt/airflow/dags/music_ingestion_dag.py
[2026-01-27T10:12:07.935+0000] {processor.py:925} INFO - DAG(s) '01_music_ingestion_realtime' retrieved from /opt/airflow/dags/music_ingestion_dag.py
[2026-01-27T10:12:07.971+0000] {logging_mixin.py:190} INFO - [2026-01-27T10:12:07.970+0000] {dag.py:3239} INFO - Sync 1 DAGs
[2026-01-27T10:12:07.998+0000] {logging_mixin.py:190} INFO - [2026-01-27T10:12:07.998+0000] {dag.py:4180} INFO - Setting next_dagrun for 01_music_ingestion_realtime to 2026-01-27 09:00:00+00:00, run_after=2026-01-27 10:00:00+00:00
[2026-01-27T10:12:08.024+0000] {processor.py:208} INFO - Processing /opt/airflow/dags/music_ingestion_dag.py took 0.130 seconds
[2026-01-27T10:12:38.349+0000] {processor.py:186} INFO - Started process (PID=1167) to work on /opt/airflow/dags/music_ingestion_dag.py
[2026-01-27T10:12:38.354+0000] {processor.py:914} INFO - Processing file /opt/airflow/dags/music_ingestion_dag.py for tasks to queue
[2026-01-27T10:12:38.358+0000] {logging_mixin.py:190} INFO - [2026-01-27T10:12:38.357+0000] {dagbag.py:588} INFO - Filling up the DagBag from /opt/airflow/dags/music_ingestion_dag.py
[2026-01-27T10:12:38.408+0000] {processor.py:925} INFO - DAG(s) '01_music_ingestion_realtime' retrieved from /opt/airflow/dags/music_ingestion_dag.py
[2026-01-27T10:12:38.452+0000] {logging_mixin.py:190} INFO - [2026-01-27T10:12:38.452+0000] {dag.py:3239} INFO - Sync 1 DAGs
[2026-01-27T10:12:38.482+0000] {logging_mixin.py:190} INFO - [2026-01-27T10:12:38.481+0000] {dag.py:4180} INFO - Setting next_dagrun for 01_music_ingestion_realtime to 2026-01-27 09:00:00+00:00, run_after=2026-01-27 10:00:00+00:00
[2026-01-27T10:12:38.508+0000] {processor.py:208} INFO - Processing /opt/airflow/dags/music_ingestion_dag.py took 0.166 seconds
[2026-01-27T10:13:08.729+0000] {processor.py:186} INFO - Started process (PID=1172) to work on /opt/airflow/dags/music_ingestion_dag.py
[2026-01-27T10:13:08.731+0000] {processor.py:914} INFO - Processing file /opt/airflow/dags/music_ingestion_dag.py for tasks to queue
[2026-01-27T10:13:08.738+0000] {logging_mixin.py:190} INFO - [2026-01-27T10:13:08.737+0000] {dagbag.py:588} INFO - Filling up the DagBag from /opt/airflow/dags/music_ingestion_dag.py
[2026-01-27T10:13:08.767+0000] {processor.py:925} INFO - DAG(s) '01_music_ingestion_realtime' retrieved from /opt/airflow/dags/music_ingestion_dag.py
[2026-01-27T10:13:08.808+0000] {logging_mixin.py:190} INFO - [2026-01-27T10:13:08.808+0000] {dag.py:3239} INFO - Sync 1 DAGs
[2026-01-27T10:13:08.842+0000] {logging_mixin.py:190} INFO - [2026-01-27T10:13:08.842+0000] {dag.py:4180} INFO - Setting next_dagrun for 01_music_ingestion_realtime to 2026-01-27 09:00:00+00:00, run_after=2026-01-27 10:00:00+00:00
[2026-01-27T10:13:08.872+0000] {processor.py:208} INFO - Processing /opt/airflow/dags/music_ingestion_dag.py took 0.155 seconds
[2026-01-27T10:13:39.204+0000] {processor.py:186} INFO - Started process (PID=1177) to work on /opt/airflow/dags/music_ingestion_dag.py
[2026-01-27T10:13:39.206+0000] {processor.py:914} INFO - Processing file /opt/airflow/dags/music_ingestion_dag.py for tasks to queue
[2026-01-27T10:13:39.211+0000] {logging_mixin.py:190} INFO - [2026-01-27T10:13:39.210+0000] {dagbag.py:588} INFO - Filling up the DagBag from /opt/airflow/dags/music_ingestion_dag.py
[2026-01-27T10:13:39.254+0000] {processor.py:925} INFO - DAG(s) '01_music_ingestion_realtime' retrieved from /opt/airflow/dags/music_ingestion_dag.py
[2026-01-27T10:13:39.291+0000] {logging_mixin.py:190} INFO - [2026-01-27T10:13:39.291+0000] {dag.py:3239} INFO - Sync 1 DAGs
[2026-01-27T10:13:39.333+0000] {logging_mixin.py:190} INFO - [2026-01-27T10:13:39.332+0000] {dag.py:4180} INFO - Setting next_dagrun for 01_music_ingestion_realtime to 2026-01-27 09:00:00+00:00, run_after=2026-01-27 10:00:00+00:00
[2026-01-27T10:13:39.371+0000] {processor.py:208} INFO - Processing /opt/airflow/dags/music_ingestion_dag.py took 0.173 seconds
[2026-01-27T10:14:09.560+0000] {processor.py:186} INFO - Started process (PID=1182) to work on /opt/airflow/dags/music_ingestion_dag.py
[2026-01-27T10:14:09.562+0000] {processor.py:914} INFO - Processing file /opt/airflow/dags/music_ingestion_dag.py for tasks to queue
[2026-01-27T10:14:09.566+0000] {logging_mixin.py:190} INFO - [2026-01-27T10:14:09.565+0000] {dagbag.py:588} INFO - Filling up the DagBag from /opt/airflow/dags/music_ingestion_dag.py
[2026-01-27T10:14:09.599+0000] {processor.py:925} INFO - DAG(s) '01_music_ingestion_realtime' retrieved from /opt/airflow/dags/music_ingestion_dag.py
[2026-01-27T10:14:09.630+0000] {logging_mixin.py:190} INFO - [2026-01-27T10:14:09.630+0000] {dag.py:3239} INFO - Sync 1 DAGs
[2026-01-27T10:14:09.654+0000] {logging_mixin.py:190} INFO - [2026-01-27T10:14:09.654+0000] {dag.py:4180} INFO - Setting next_dagrun for 01_music_ingestion_realtime to 2026-01-27 09:00:00+00:00, run_after=2026-01-27 10:00:00+00:00
[2026-01-27T10:14:09.682+0000] {processor.py:208} INFO - Processing /opt/airflow/dags/music_ingestion_dag.py took 0.129 seconds
[2026-01-27T10:14:39.890+0000] {processor.py:186} INFO - Started process (PID=1187) to work on /opt/airflow/dags/music_ingestion_dag.py
[2026-01-27T10:14:39.891+0000] {processor.py:914} INFO - Processing file /opt/airflow/dags/music_ingestion_dag.py for tasks to queue
[2026-01-27T10:14:39.894+0000] {logging_mixin.py:190} INFO - [2026-01-27T10:14:39.894+0000] {dagbag.py:588} INFO - Filling up the DagBag from /opt/airflow/dags/music_ingestion_dag.py
[2026-01-27T10:14:39.915+0000] {processor.py:925} INFO - DAG(s) '01_music_ingestion_realtime' retrieved from /opt/airflow/dags/music_ingestion_dag.py
[2026-01-27T10:14:40.024+0000] {logging_mixin.py:190} INFO - [2026-01-27T10:14:40.023+0000] {dag.py:3239} INFO - Sync 1 DAGs
[2026-01-27T10:14:40.056+0000] {logging_mixin.py:190} INFO - [2026-01-27T10:14:40.056+0000] {dag.py:4180} INFO - Setting next_dagrun for 01_music_ingestion_realtime to 2026-01-27 09:00:00+00:00, run_after=2026-01-27 10:00:00+00:00
[2026-01-27T10:14:40.083+0000] {processor.py:208} INFO - Processing /opt/airflow/dags/music_ingestion_dag.py took 0.200 seconds
[2026-01-27T10:15:10.346+0000] {processor.py:186} INFO - Started process (PID=1192) to work on /opt/airflow/dags/music_ingestion_dag.py
[2026-01-27T10:15:10.347+0000] {processor.py:914} INFO - Processing file /opt/airflow/dags/music_ingestion_dag.py for tasks to queue
[2026-01-27T10:15:10.349+0000] {logging_mixin.py:190} INFO - [2026-01-27T10:15:10.349+0000] {dagbag.py:588} INFO - Filling up the DagBag from /opt/airflow/dags/music_ingestion_dag.py
[2026-01-27T10:15:10.369+0000] {processor.py:925} INFO - DAG(s) '01_music_ingestion_realtime' retrieved from /opt/airflow/dags/music_ingestion_dag.py
[2026-01-27T10:15:10.399+0000] {logging_mixin.py:190} INFO - [2026-01-27T10:15:10.399+0000] {dag.py:3239} INFO - Sync 1 DAGs
[2026-01-27T10:15:10.428+0000] {logging_mixin.py:190} INFO - [2026-01-27T10:15:10.428+0000] {dag.py:4180} INFO - Setting next_dagrun for 01_music_ingestion_realtime to 2026-01-27 09:00:00+00:00, run_after=2026-01-27 10:00:00+00:00
[2026-01-27T10:15:10.458+0000] {processor.py:208} INFO - Processing /opt/airflow/dags/music_ingestion_dag.py took 0.118 seconds
[2026-01-27T10:15:40.747+0000] {processor.py:186} INFO - Started process (PID=1197) to work on /opt/airflow/dags/music_ingestion_dag.py
[2026-01-27T10:15:40.748+0000] {processor.py:914} INFO - Processing file /opt/airflow/dags/music_ingestion_dag.py for tasks to queue
[2026-01-27T10:15:40.751+0000] {logging_mixin.py:190} INFO - [2026-01-27T10:15:40.750+0000] {dagbag.py:588} INFO - Filling up the DagBag from /opt/airflow/dags/music_ingestion_dag.py
[2026-01-27T10:15:40.781+0000] {processor.py:925} INFO - DAG(s) '01_music_ingestion_realtime' retrieved from /opt/airflow/dags/music_ingestion_dag.py
[2026-01-27T10:15:40.812+0000] {logging_mixin.py:190} INFO - [2026-01-27T10:15:40.812+0000] {dag.py:3239} INFO - Sync 1 DAGs
[2026-01-27T10:15:40.836+0000] {logging_mixin.py:190} INFO - [2026-01-27T10:15:40.836+0000] {dag.py:4180} INFO - Setting next_dagrun for 01_music_ingestion_realtime to 2026-01-27 09:00:00+00:00, run_after=2026-01-27 10:00:00+00:00
[2026-01-27T10:15:40.870+0000] {processor.py:208} INFO - Processing /opt/airflow/dags/music_ingestion_dag.py took 0.128 seconds
[2026-01-27T10:16:11.167+0000] {processor.py:186} INFO - Started process (PID=1202) to work on /opt/airflow/dags/music_ingestion_dag.py
[2026-01-27T10:16:11.168+0000] {processor.py:914} INFO - Processing file /opt/airflow/dags/music_ingestion_dag.py for tasks to queue
[2026-01-27T10:16:11.171+0000] {logging_mixin.py:190} INFO - [2026-01-27T10:16:11.170+0000] {dagbag.py:588} INFO - Filling up the DagBag from /opt/airflow/dags/music_ingestion_dag.py
[2026-01-27T10:16:11.192+0000] {processor.py:925} INFO - DAG(s) '01_music_ingestion_realtime' retrieved from /opt/airflow/dags/music_ingestion_dag.py
[2026-01-27T10:16:11.223+0000] {logging_mixin.py:190} INFO - [2026-01-27T10:16:11.222+0000] {dag.py:3239} INFO - Sync 1 DAGs
[2026-01-27T10:16:11.246+0000] {logging_mixin.py:190} INFO - [2026-01-27T10:16:11.246+0000] {dag.py:4180} INFO - Setting next_dagrun for 01_music_ingestion_realtime to 2026-01-27 09:00:00+00:00, run_after=2026-01-27 10:00:00+00:00
[2026-01-27T10:16:11.272+0000] {processor.py:208} INFO - Processing /opt/airflow/dags/music_ingestion_dag.py took 0.109 seconds
[2026-01-27T10:16:41.523+0000] {processor.py:186} INFO - Started process (PID=1207) to work on /opt/airflow/dags/music_ingestion_dag.py
[2026-01-27T10:16:41.524+0000] {processor.py:914} INFO - Processing file /opt/airflow/dags/music_ingestion_dag.py for tasks to queue
[2026-01-27T10:16:41.528+0000] {logging_mixin.py:190} INFO - [2026-01-27T10:16:41.528+0000] {dagbag.py:588} INFO - Filling up the DagBag from /opt/airflow/dags/music_ingestion_dag.py
[2026-01-27T10:16:41.549+0000] {processor.py:925} INFO - DAG(s) '01_music_ingestion_realtime' retrieved from /opt/airflow/dags/music_ingestion_dag.py
[2026-01-27T10:16:41.581+0000] {logging_mixin.py:190} INFO - [2026-01-27T10:16:41.580+0000] {dag.py:3239} INFO - Sync 1 DAGs
[2026-01-27T10:16:41.614+0000] {logging_mixin.py:190} INFO - [2026-01-27T10:16:41.613+0000] {dag.py:4180} INFO - Setting next_dagrun for 01_music_ingestion_realtime to 2026-01-27 09:00:00+00:00, run_after=2026-01-27 10:00:00+00:00
[2026-01-27T10:16:41.643+0000] {processor.py:208} INFO - Processing /opt/airflow/dags/music_ingestion_dag.py took 0.127 seconds
[2026-01-27T10:17:11.989+0000] {processor.py:186} INFO - Started process (PID=1212) to work on /opt/airflow/dags/music_ingestion_dag.py
[2026-01-27T10:17:11.999+0000] {processor.py:914} INFO - Processing file /opt/airflow/dags/music_ingestion_dag.py for tasks to queue
[2026-01-27T10:17:12.004+0000] {logging_mixin.py:190} INFO - [2026-01-27T10:17:12.003+0000] {dagbag.py:588} INFO - Filling up the DagBag from /opt/airflow/dags/music_ingestion_dag.py
[2026-01-27T10:17:12.089+0000] {processor.py:925} INFO - DAG(s) '01_music_ingestion_realtime' retrieved from /opt/airflow/dags/music_ingestion_dag.py
[2026-01-27T10:17:12.194+0000] {logging_mixin.py:190} INFO - [2026-01-27T10:17:12.191+0000] {dag.py:3239} INFO - Sync 1 DAGs
[2026-01-27T10:17:12.284+0000] {logging_mixin.py:190} INFO - [2026-01-27T10:17:12.284+0000] {dag.py:4180} INFO - Setting next_dagrun for 01_music_ingestion_realtime to 2026-01-27 09:00:00+00:00, run_after=2026-01-27 10:00:00+00:00
[2026-01-27T10:17:12.357+0000] {processor.py:208} INFO - Processing /opt/airflow/dags/music_ingestion_dag.py took 0.386 seconds
[2026-01-27T10:17:42.566+0000] {processor.py:186} INFO - Started process (PID=1217) to work on /opt/airflow/dags/music_ingestion_dag.py
[2026-01-27T10:17:42.570+0000] {processor.py:914} INFO - Processing file /opt/airflow/dags/music_ingestion_dag.py for tasks to queue
[2026-01-27T10:17:42.580+0000] {logging_mixin.py:190} INFO - [2026-01-27T10:17:42.580+0000] {dagbag.py:588} INFO - Filling up the DagBag from /opt/airflow/dags/music_ingestion_dag.py
[2026-01-27T10:17:42.866+0000] {processor.py:925} INFO - DAG(s) '01_music_ingestion_realtime' retrieved from /opt/airflow/dags/music_ingestion_dag.py
[2026-01-27T10:17:43.047+0000] {logging_mixin.py:190} INFO - [2026-01-27T10:17:43.046+0000] {dag.py:3239} INFO - Sync 1 DAGs
[2026-01-27T10:17:43.190+0000] {logging_mixin.py:190} INFO - [2026-01-27T10:17:43.190+0000] {dag.py:4180} INFO - Setting next_dagrun for 01_music_ingestion_realtime to 2026-01-27 09:00:00+00:00, run_after=2026-01-27 10:00:00+00:00
[2026-01-27T10:17:43.323+0000] {processor.py:208} INFO - Processing /opt/airflow/dags/music_ingestion_dag.py took 0.778 seconds
[2026-01-27T10:18:15.959+0000] {processor.py:186} INFO - Started process (PID=1222) to work on /opt/airflow/dags/music_ingestion_dag.py
[2026-01-27T10:18:15.974+0000] {processor.py:914} INFO - Processing file /opt/airflow/dags/music_ingestion_dag.py for tasks to queue
[2026-01-27T10:18:15.982+0000] {logging_mixin.py:190} INFO - [2026-01-27T10:18:15.981+0000] {dagbag.py:588} INFO - Filling up the DagBag from /opt/airflow/dags/music_ingestion_dag.py
[2026-01-27T10:18:16.124+0000] {processor.py:925} INFO - DAG(s) '01_music_ingestion_realtime' retrieved from /opt/airflow/dags/music_ingestion_dag.py
[2026-01-27T10:18:16.221+0000] {logging_mixin.py:190} INFO - [2026-01-27T10:18:16.220+0000] {dag.py:3239} INFO - Sync 1 DAGs
[2026-01-27T10:18:16.328+0000] {logging_mixin.py:190} INFO - [2026-01-27T10:18:16.327+0000] {dag.py:4180} INFO - Setting next_dagrun for 01_music_ingestion_realtime to 2026-01-27 09:00:00+00:00, run_after=2026-01-27 10:00:00+00:00
[2026-01-27T10:18:16.399+0000] {processor.py:208} INFO - Processing /opt/airflow/dags/music_ingestion_dag.py took 0.459 seconds
[2026-01-27T10:18:46.973+0000] {processor.py:186} INFO - Started process (PID=1227) to work on /opt/airflow/dags/music_ingestion_dag.py
[2026-01-27T10:18:46.976+0000] {processor.py:914} INFO - Processing file /opt/airflow/dags/music_ingestion_dag.py for tasks to queue
[2026-01-27T10:18:46.984+0000] {logging_mixin.py:190} INFO - [2026-01-27T10:18:46.982+0000] {dagbag.py:588} INFO - Filling up the DagBag from /opt/airflow/dags/music_ingestion_dag.py
[2026-01-27T10:18:47.074+0000] {processor.py:925} INFO - DAG(s) '01_music_ingestion_realtime' retrieved from /opt/airflow/dags/music_ingestion_dag.py
[2026-01-27T10:18:47.168+0000] {logging_mixin.py:190} INFO - [2026-01-27T10:18:47.167+0000] {dag.py:3239} INFO - Sync 1 DAGs
[2026-01-27T10:18:47.270+0000] {logging_mixin.py:190} INFO - [2026-01-27T10:18:47.269+0000] {dag.py:4180} INFO - Setting next_dagrun for 01_music_ingestion_realtime to 2026-01-27 09:00:00+00:00, run_after=2026-01-27 10:00:00+00:00
[2026-01-27T10:18:47.353+0000] {processor.py:208} INFO - Processing /opt/airflow/dags/music_ingestion_dag.py took 0.398 seconds
[2026-01-27T10:19:17.631+0000] {processor.py:186} INFO - Started process (PID=1232) to work on /opt/airflow/dags/music_ingestion_dag.py
[2026-01-27T10:19:17.635+0000] {processor.py:914} INFO - Processing file /opt/airflow/dags/music_ingestion_dag.py for tasks to queue
[2026-01-27T10:19:17.665+0000] {logging_mixin.py:190} INFO - [2026-01-27T10:19:17.664+0000] {dagbag.py:588} INFO - Filling up the DagBag from /opt/airflow/dags/music_ingestion_dag.py
[2026-01-27T10:19:17.763+0000] {processor.py:925} INFO - DAG(s) '01_music_ingestion_realtime' retrieved from /opt/airflow/dags/music_ingestion_dag.py
[2026-01-27T10:19:19.921+0000] {logging_mixin.py:190} INFO - [2026-01-27T10:19:19.920+0000] {dag.py:3239} INFO - Sync 1 DAGs
[2026-01-27T10:19:20.272+0000] {logging_mixin.py:190} INFO - [2026-01-27T10:19:20.271+0000] {dag.py:4180} INFO - Setting next_dagrun for 01_music_ingestion_realtime to 2026-01-27 09:00:00+00:00, run_after=2026-01-27 10:00:00+00:00
[2026-01-27T10:19:20.326+0000] {processor.py:208} INFO - Processing /opt/airflow/dags/music_ingestion_dag.py took 2.724 seconds
[2026-01-27T10:19:50.751+0000] {processor.py:186} INFO - Started process (PID=1237) to work on /opt/airflow/dags/music_ingestion_dag.py
[2026-01-27T10:19:50.754+0000] {processor.py:914} INFO - Processing file /opt/airflow/dags/music_ingestion_dag.py for tasks to queue
[2026-01-27T10:19:50.764+0000] {logging_mixin.py:190} INFO - [2026-01-27T10:19:50.762+0000] {dagbag.py:588} INFO - Filling up the DagBag from /opt/airflow/dags/music_ingestion_dag.py
[2026-01-27T10:19:50.841+0000] {processor.py:925} INFO - DAG(s) '01_music_ingestion_realtime' retrieved from /opt/airflow/dags/music_ingestion_dag.py
[2026-01-27T10:19:50.962+0000] {logging_mixin.py:190} INFO - [2026-01-27T10:19:50.961+0000] {dag.py:3239} INFO - Sync 1 DAGs
[2026-01-27T10:19:51.028+0000] {logging_mixin.py:190} INFO - [2026-01-27T10:19:51.028+0000] {dag.py:4180} INFO - Setting next_dagrun for 01_music_ingestion_realtime to 2026-01-27 09:00:00+00:00, run_after=2026-01-27 10:00:00+00:00
[2026-01-27T10:19:51.073+0000] {processor.py:208} INFO - Processing /opt/airflow/dags/music_ingestion_dag.py took 0.386 seconds
[2026-01-27T10:20:21.416+0000] {processor.py:186} INFO - Started process (PID=1242) to work on /opt/airflow/dags/music_ingestion_dag.py
[2026-01-27T10:20:21.418+0000] {processor.py:914} INFO - Processing file /opt/airflow/dags/music_ingestion_dag.py for tasks to queue
[2026-01-27T10:20:21.420+0000] {logging_mixin.py:190} INFO - [2026-01-27T10:20:21.420+0000] {dagbag.py:588} INFO - Filling up the DagBag from /opt/airflow/dags/music_ingestion_dag.py
[2026-01-27T10:20:21.450+0000] {processor.py:925} INFO - DAG(s) '01_music_ingestion_realtime' retrieved from /opt/airflow/dags/music_ingestion_dag.py
[2026-01-27T10:20:21.479+0000] {logging_mixin.py:190} INFO - [2026-01-27T10:20:21.479+0000] {dag.py:3239} INFO - Sync 1 DAGs
[2026-01-27T10:20:21.503+0000] {logging_mixin.py:190} INFO - [2026-01-27T10:20:21.503+0000] {dag.py:4180} INFO - Setting next_dagrun for 01_music_ingestion_realtime to 2026-01-27 09:00:00+00:00, run_after=2026-01-27 10:00:00+00:00
[2026-01-27T10:20:21.531+0000] {processor.py:208} INFO - Processing /opt/airflow/dags/music_ingestion_dag.py took 0.120 seconds
[2026-01-27T10:20:51.782+0000] {processor.py:186} INFO - Started process (PID=1247) to work on /opt/airflow/dags/music_ingestion_dag.py
[2026-01-27T10:20:51.784+0000] {processor.py:914} INFO - Processing file /opt/airflow/dags/music_ingestion_dag.py for tasks to queue
[2026-01-27T10:20:51.787+0000] {logging_mixin.py:190} INFO - [2026-01-27T10:20:51.787+0000] {dagbag.py:588} INFO - Filling up the DagBag from /opt/airflow/dags/music_ingestion_dag.py
[2026-01-27T10:20:51.819+0000] {processor.py:925} INFO - DAG(s) '01_music_ingestion_realtime' retrieved from /opt/airflow/dags/music_ingestion_dag.py
[2026-01-27T10:20:51.857+0000] {logging_mixin.py:190} INFO - [2026-01-27T10:20:51.857+0000] {dag.py:3239} INFO - Sync 1 DAGs
[2026-01-27T10:20:51.885+0000] {logging_mixin.py:190} INFO - [2026-01-27T10:20:51.885+0000] {dag.py:4180} INFO - Setting next_dagrun for 01_music_ingestion_realtime to 2026-01-27 09:00:00+00:00, run_after=2026-01-27 10:00:00+00:00
[2026-01-27T10:20:51.908+0000] {processor.py:208} INFO - Processing /opt/airflow/dags/music_ingestion_dag.py took 0.131 seconds
[2026-01-27T10:21:22.282+0000] {processor.py:186} INFO - Started process (PID=1252) to work on /opt/airflow/dags/music_ingestion_dag.py
[2026-01-27T10:21:22.284+0000] {processor.py:914} INFO - Processing file /opt/airflow/dags/music_ingestion_dag.py for tasks to queue
[2026-01-27T10:21:22.288+0000] {logging_mixin.py:190} INFO - [2026-01-27T10:21:22.287+0000] {dagbag.py:588} INFO - Filling up the DagBag from /opt/airflow/dags/music_ingestion_dag.py
[2026-01-27T10:21:22.330+0000] {processor.py:925} INFO - DAG(s) '01_music_ingestion_realtime' retrieved from /opt/airflow/dags/music_ingestion_dag.py
[2026-01-27T10:21:22.367+0000] {logging_mixin.py:190} INFO - [2026-01-27T10:21:22.367+0000] {dag.py:3239} INFO - Sync 1 DAGs
[2026-01-27T10:21:22.395+0000] {logging_mixin.py:190} INFO - [2026-01-27T10:21:22.394+0000] {dag.py:4180} INFO - Setting next_dagrun for 01_music_ingestion_realtime to 2026-01-27 09:00:00+00:00, run_after=2026-01-27 10:00:00+00:00
[2026-01-27T10:21:22.419+0000] {processor.py:208} INFO - Processing /opt/airflow/dags/music_ingestion_dag.py took 0.143 seconds
[2026-01-27T10:21:52.642+0000] {processor.py:186} INFO - Started process (PID=1257) to work on /opt/airflow/dags/music_ingestion_dag.py
[2026-01-27T10:21:52.645+0000] {processor.py:914} INFO - Processing file /opt/airflow/dags/music_ingestion_dag.py for tasks to queue
[2026-01-27T10:21:52.649+0000] {logging_mixin.py:190} INFO - [2026-01-27T10:21:52.648+0000] {dagbag.py:588} INFO - Filling up the DagBag from /opt/airflow/dags/music_ingestion_dag.py
[2026-01-27T10:21:52.683+0000] {processor.py:925} INFO - DAG(s) '01_music_ingestion_realtime' retrieved from /opt/airflow/dags/music_ingestion_dag.py
[2026-01-27T10:21:52.728+0000] {logging_mixin.py:190} INFO - [2026-01-27T10:21:52.727+0000] {dag.py:3239} INFO - Sync 1 DAGs
[2026-01-27T10:21:52.761+0000] {logging_mixin.py:190} INFO - [2026-01-27T10:21:52.761+0000] {dag.py:4180} INFO - Setting next_dagrun for 01_music_ingestion_realtime to 2026-01-27 09:00:00+00:00, run_after=2026-01-27 10:00:00+00:00
[2026-01-27T10:21:52.793+0000] {processor.py:208} INFO - Processing /opt/airflow/dags/music_ingestion_dag.py took 0.159 seconds
[2026-01-27T10:22:23.144+0000] {processor.py:186} INFO - Started process (PID=1262) to work on /opt/airflow/dags/music_ingestion_dag.py
[2026-01-27T10:22:23.145+0000] {processor.py:914} INFO - Processing file /opt/airflow/dags/music_ingestion_dag.py for tasks to queue
[2026-01-27T10:22:23.148+0000] {logging_mixin.py:190} INFO - [2026-01-27T10:22:23.148+0000] {dagbag.py:588} INFO - Filling up the DagBag from /opt/airflow/dags/music_ingestion_dag.py
[2026-01-27T10:22:23.172+0000] {processor.py:925} INFO - DAG(s) '01_music_ingestion_realtime' retrieved from /opt/airflow/dags/music_ingestion_dag.py
[2026-01-27T10:22:23.202+0000] {logging_mixin.py:190} INFO - [2026-01-27T10:22:23.202+0000] {dag.py:3239} INFO - Sync 1 DAGs
[2026-01-27T10:22:23.226+0000] {logging_mixin.py:190} INFO - [2026-01-27T10:22:23.226+0000] {dag.py:4180} INFO - Setting next_dagrun for 01_music_ingestion_realtime to 2026-01-27 09:00:00+00:00, run_after=2026-01-27 10:00:00+00:00
[2026-01-27T10:22:23.251+0000] {processor.py:208} INFO - Processing /opt/airflow/dags/music_ingestion_dag.py took 0.112 seconds
[2026-01-27T10:22:53.498+0000] {processor.py:186} INFO - Started process (PID=1267) to work on /opt/airflow/dags/music_ingestion_dag.py
[2026-01-27T10:22:53.500+0000] {processor.py:914} INFO - Processing file /opt/airflow/dags/music_ingestion_dag.py for tasks to queue
[2026-01-27T10:22:53.503+0000] {logging_mixin.py:190} INFO - [2026-01-27T10:22:53.502+0000] {dagbag.py:588} INFO - Filling up the DagBag from /opt/airflow/dags/music_ingestion_dag.py
[2026-01-27T10:22:53.534+0000] {processor.py:925} INFO - DAG(s) '01_music_ingestion_realtime' retrieved from /opt/airflow/dags/music_ingestion_dag.py
[2026-01-27T10:22:53.560+0000] {logging_mixin.py:190} INFO - [2026-01-27T10:22:53.560+0000] {dag.py:3239} INFO - Sync 1 DAGs
[2026-01-27T10:22:53.583+0000] {logging_mixin.py:190} INFO - [2026-01-27T10:22:53.583+0000] {dag.py:4180} INFO - Setting next_dagrun for 01_music_ingestion_realtime to 2026-01-27 09:00:00+00:00, run_after=2026-01-27 10:00:00+00:00
[2026-01-27T10:22:53.610+0000] {processor.py:208} INFO - Processing /opt/airflow/dags/music_ingestion_dag.py took 0.117 seconds
[2026-01-27T10:23:23.883+0000] {processor.py:186} INFO - Started process (PID=1272) to work on /opt/airflow/dags/music_ingestion_dag.py
[2026-01-27T10:23:23.886+0000] {processor.py:914} INFO - Processing file /opt/airflow/dags/music_ingestion_dag.py for tasks to queue
[2026-01-27T10:23:23.890+0000] {logging_mixin.py:190} INFO - [2026-01-27T10:23:23.889+0000] {dagbag.py:588} INFO - Filling up the DagBag from /opt/airflow/dags/music_ingestion_dag.py
[2026-01-27T10:23:23.926+0000] {processor.py:925} INFO - DAG(s) '01_music_ingestion_realtime' retrieved from /opt/airflow/dags/music_ingestion_dag.py
[2026-01-27T10:23:23.961+0000] {logging_mixin.py:190} INFO - [2026-01-27T10:23:23.960+0000] {dag.py:3239} INFO - Sync 1 DAGs
[2026-01-27T10:23:23.996+0000] {logging_mixin.py:190} INFO - [2026-01-27T10:23:23.996+0000] {dag.py:4180} INFO - Setting next_dagrun for 01_music_ingestion_realtime to 2026-01-27 09:00:00+00:00, run_after=2026-01-27 10:00:00+00:00
[2026-01-27T10:23:24.022+0000] {processor.py:208} INFO - Processing /opt/airflow/dags/music_ingestion_dag.py took 0.150 seconds
[2026-01-27T10:23:54.526+0000] {processor.py:186} INFO - Started process (PID=1277) to work on /opt/airflow/dags/music_ingestion_dag.py
[2026-01-27T10:23:54.529+0000] {processor.py:914} INFO - Processing file /opt/airflow/dags/music_ingestion_dag.py for tasks to queue
[2026-01-27T10:23:54.536+0000] {logging_mixin.py:190} INFO - [2026-01-27T10:23:54.534+0000] {dagbag.py:588} INFO - Filling up the DagBag from /opt/airflow/dags/music_ingestion_dag.py
[2026-01-27T10:23:54.593+0000] {processor.py:925} INFO - DAG(s) '01_music_ingestion_realtime' retrieved from /opt/airflow/dags/music_ingestion_dag.py
[2026-01-27T10:23:54.671+0000] {logging_mixin.py:190} INFO - [2026-01-27T10:23:54.670+0000] {dag.py:3239} INFO - Sync 1 DAGs
[2026-01-27T10:23:54.728+0000] {logging_mixin.py:190} INFO - [2026-01-27T10:23:54.727+0000] {dag.py:4180} INFO - Setting next_dagrun for 01_music_ingestion_realtime to 2026-01-27 09:00:00+00:00, run_after=2026-01-27 10:00:00+00:00
[2026-01-27T10:23:54.763+0000] {processor.py:208} INFO - Processing /opt/airflow/dags/music_ingestion_dag.py took 0.255 seconds
[2026-01-27T10:24:24.839+0000] {processor.py:186} INFO - Started process (PID=1282) to work on /opt/airflow/dags/music_ingestion_dag.py
[2026-01-27T10:24:24.841+0000] {processor.py:914} INFO - Processing file /opt/airflow/dags/music_ingestion_dag.py for tasks to queue
[2026-01-27T10:24:24.843+0000] {logging_mixin.py:190} INFO - [2026-01-27T10:24:24.843+0000] {dagbag.py:588} INFO - Filling up the DagBag from /opt/airflow/dags/music_ingestion_dag.py
[2026-01-27T10:24:24.865+0000] {processor.py:925} INFO - DAG(s) '01_music_ingestion_realtime' retrieved from /opt/airflow/dags/music_ingestion_dag.py
[2026-01-27T10:24:24.899+0000] {logging_mixin.py:190} INFO - [2026-01-27T10:24:24.899+0000] {dag.py:3239} INFO - Sync 1 DAGs
[2026-01-27T10:24:24.923+0000] {logging_mixin.py:190} INFO - [2026-01-27T10:24:24.923+0000] {dag.py:4180} INFO - Setting next_dagrun for 01_music_ingestion_realtime to 2026-01-27 09:00:00+00:00, run_after=2026-01-27 10:00:00+00:00
[2026-01-27T10:24:24.948+0000] {processor.py:208} INFO - Processing /opt/airflow/dags/music_ingestion_dag.py took 0.115 seconds
[2026-01-27T10:24:55.189+0000] {processor.py:186} INFO - Started process (PID=1287) to work on /opt/airflow/dags/music_ingestion_dag.py
[2026-01-27T10:24:55.190+0000] {processor.py:914} INFO - Processing file /opt/airflow/dags/music_ingestion_dag.py for tasks to queue
[2026-01-27T10:24:55.193+0000] {logging_mixin.py:190} INFO - [2026-01-27T10:24:55.193+0000] {dagbag.py:588} INFO - Filling up the DagBag from /opt/airflow/dags/music_ingestion_dag.py
[2026-01-27T10:24:55.224+0000] {processor.py:925} INFO - DAG(s) '01_music_ingestion_realtime' retrieved from /opt/airflow/dags/music_ingestion_dag.py
[2026-01-27T10:24:55.257+0000] {logging_mixin.py:190} INFO - [2026-01-27T10:24:55.257+0000] {dag.py:3239} INFO - Sync 1 DAGs
[2026-01-27T10:24:55.287+0000] {logging_mixin.py:190} INFO - [2026-01-27T10:24:55.287+0000] {dag.py:4180} INFO - Setting next_dagrun for 01_music_ingestion_realtime to 2026-01-27 09:00:00+00:00, run_after=2026-01-27 10:00:00+00:00
[2026-01-27T10:24:55.315+0000] {processor.py:208} INFO - Processing /opt/airflow/dags/music_ingestion_dag.py took 0.133 seconds
[2026-01-27T10:25:25.652+0000] {processor.py:186} INFO - Started process (PID=1292) to work on /opt/airflow/dags/music_ingestion_dag.py
[2026-01-27T10:25:25.653+0000] {processor.py:914} INFO - Processing file /opt/airflow/dags/music_ingestion_dag.py for tasks to queue
[2026-01-27T10:25:25.656+0000] {logging_mixin.py:190} INFO - [2026-01-27T10:25:25.656+0000] {dagbag.py:588} INFO - Filling up the DagBag from /opt/airflow/dags/music_ingestion_dag.py
[2026-01-27T10:25:25.685+0000] {processor.py:925} INFO - DAG(s) '01_music_ingestion_realtime' retrieved from /opt/airflow/dags/music_ingestion_dag.py
[2026-01-27T10:25:25.719+0000] {logging_mixin.py:190} INFO - [2026-01-27T10:25:25.718+0000] {dag.py:3239} INFO - Sync 1 DAGs
[2026-01-27T10:25:25.749+0000] {logging_mixin.py:190} INFO - [2026-01-27T10:25:25.748+0000] {dag.py:4180} INFO - Setting next_dagrun for 01_music_ingestion_realtime to 2026-01-27 09:00:00+00:00, run_after=2026-01-27 10:00:00+00:00
[2026-01-27T10:25:25.777+0000] {processor.py:208} INFO - Processing /opt/airflow/dags/music_ingestion_dag.py took 0.132 seconds
[2026-01-27T10:25:56.000+0000] {processor.py:186} INFO - Started process (PID=1297) to work on /opt/airflow/dags/music_ingestion_dag.py
[2026-01-27T10:25:56.001+0000] {processor.py:914} INFO - Processing file /opt/airflow/dags/music_ingestion_dag.py for tasks to queue
[2026-01-27T10:25:56.004+0000] {logging_mixin.py:190} INFO - [2026-01-27T10:25:56.004+0000] {dagbag.py:588} INFO - Filling up the DagBag from /opt/airflow/dags/music_ingestion_dag.py
[2026-01-27T10:25:56.025+0000] {processor.py:925} INFO - DAG(s) '01_music_ingestion_realtime' retrieved from /opt/airflow/dags/music_ingestion_dag.py
[2026-01-27T10:25:56.056+0000] {logging_mixin.py:190} INFO - [2026-01-27T10:25:56.055+0000] {dag.py:3239} INFO - Sync 1 DAGs
[2026-01-27T10:25:56.082+0000] {logging_mixin.py:190} INFO - [2026-01-27T10:25:56.082+0000] {dag.py:4180} INFO - Setting next_dagrun for 01_music_ingestion_realtime to 2026-01-27 09:00:00+00:00, run_after=2026-01-27 10:00:00+00:00
[2026-01-27T10:25:56.107+0000] {processor.py:208} INFO - Processing /opt/airflow/dags/music_ingestion_dag.py took 0.113 seconds
[2026-01-27T10:26:26.529+0000] {processor.py:186} INFO - Started process (PID=1302) to work on /opt/airflow/dags/music_ingestion_dag.py
[2026-01-27T10:26:26.530+0000] {processor.py:914} INFO - Processing file /opt/airflow/dags/music_ingestion_dag.py for tasks to queue
[2026-01-27T10:26:26.533+0000] {logging_mixin.py:190} INFO - [2026-01-27T10:26:26.533+0000] {dagbag.py:588} INFO - Filling up the DagBag from /opt/airflow/dags/music_ingestion_dag.py
[2026-01-27T10:26:26.561+0000] {processor.py:925} INFO - DAG(s) '01_music_ingestion_realtime' retrieved from /opt/airflow/dags/music_ingestion_dag.py
[2026-01-27T10:26:26.593+0000] {logging_mixin.py:190} INFO - [2026-01-27T10:26:26.593+0000] {dag.py:3239} INFO - Sync 1 DAGs
[2026-01-27T10:26:26.625+0000] {logging_mixin.py:190} INFO - [2026-01-27T10:26:26.624+0000] {dag.py:4180} INFO - Setting next_dagrun for 01_music_ingestion_realtime to 2026-01-27 09:00:00+00:00, run_after=2026-01-27 10:00:00+00:00
[2026-01-27T10:26:26.652+0000] {processor.py:208} INFO - Processing /opt/airflow/dags/music_ingestion_dag.py took 0.129 seconds
[2026-01-27T10:26:56.877+0000] {processor.py:186} INFO - Started process (PID=1307) to work on /opt/airflow/dags/music_ingestion_dag.py
[2026-01-27T10:26:56.878+0000] {processor.py:914} INFO - Processing file /opt/airflow/dags/music_ingestion_dag.py for tasks to queue
[2026-01-27T10:26:56.881+0000] {logging_mixin.py:190} INFO - [2026-01-27T10:26:56.881+0000] {dagbag.py:588} INFO - Filling up the DagBag from /opt/airflow/dags/music_ingestion_dag.py
[2026-01-27T10:26:56.918+0000] {processor.py:925} INFO - DAG(s) '01_music_ingestion_realtime' retrieved from /opt/airflow/dags/music_ingestion_dag.py
[2026-01-27T10:26:56.962+0000] {logging_mixin.py:190} INFO - [2026-01-27T10:26:56.962+0000] {dag.py:3239} INFO - Sync 1 DAGs
[2026-01-27T10:26:56.996+0000] {logging_mixin.py:190} INFO - [2026-01-27T10:26:56.996+0000] {dag.py:4180} INFO - Setting next_dagrun for 01_music_ingestion_realtime to 2026-01-27 09:00:00+00:00, run_after=2026-01-27 10:00:00+00:00
[2026-01-27T10:26:57.030+0000] {processor.py:208} INFO - Processing /opt/airflow/dags/music_ingestion_dag.py took 0.158 seconds
[2026-01-27T10:27:27.355+0000] {processor.py:186} INFO - Started process (PID=1312) to work on /opt/airflow/dags/music_ingestion_dag.py
[2026-01-27T10:27:27.356+0000] {processor.py:914} INFO - Processing file /opt/airflow/dags/music_ingestion_dag.py for tasks to queue
[2026-01-27T10:27:27.358+0000] {logging_mixin.py:190} INFO - [2026-01-27T10:27:27.358+0000] {dagbag.py:588} INFO - Filling up the DagBag from /opt/airflow/dags/music_ingestion_dag.py
[2026-01-27T10:27:27.381+0000] {processor.py:925} INFO - DAG(s) '01_music_ingestion_realtime' retrieved from /opt/airflow/dags/music_ingestion_dag.py
[2026-01-27T10:27:27.413+0000] {logging_mixin.py:190} INFO - [2026-01-27T10:27:27.413+0000] {dag.py:3239} INFO - Sync 1 DAGs
[2026-01-27T10:27:27.437+0000] {logging_mixin.py:190} INFO - [2026-01-27T10:27:27.437+0000] {dag.py:4180} INFO - Setting next_dagrun for 01_music_ingestion_realtime to 2026-01-27 09:00:00+00:00, run_after=2026-01-27 10:00:00+00:00
[2026-01-27T10:27:27.462+0000] {processor.py:208} INFO - Processing /opt/airflow/dags/music_ingestion_dag.py took 0.113 seconds
[2026-01-27T10:27:57.680+0000] {processor.py:186} INFO - Started process (PID=1317) to work on /opt/airflow/dags/music_ingestion_dag.py
[2026-01-27T10:27:57.682+0000] {processor.py:914} INFO - Processing file /opt/airflow/dags/music_ingestion_dag.py for tasks to queue
[2026-01-27T10:27:57.685+0000] {logging_mixin.py:190} INFO - [2026-01-27T10:27:57.684+0000] {dagbag.py:588} INFO - Filling up the DagBag from /opt/airflow/dags/music_ingestion_dag.py
[2026-01-27T10:27:57.711+0000] {processor.py:925} INFO - DAG(s) '01_music_ingestion_realtime' retrieved from /opt/airflow/dags/music_ingestion_dag.py
[2026-01-27T10:27:57.740+0000] {logging_mixin.py:190} INFO - [2026-01-27T10:27:57.740+0000] {dag.py:3239} INFO - Sync 1 DAGs
[2026-01-27T10:27:57.765+0000] {logging_mixin.py:190} INFO - [2026-01-27T10:27:57.765+0000] {dag.py:4180} INFO - Setting next_dagrun for 01_music_ingestion_realtime to 2026-01-27 09:00:00+00:00, run_after=2026-01-27 10:00:00+00:00
[2026-01-27T10:27:57.797+0000] {processor.py:208} INFO - Processing /opt/airflow/dags/music_ingestion_dag.py took 0.125 seconds
[2026-01-27T10:28:28.154+0000] {processor.py:186} INFO - Started process (PID=1322) to work on /opt/airflow/dags/music_ingestion_dag.py
[2026-01-27T10:28:28.156+0000] {processor.py:914} INFO - Processing file /opt/airflow/dags/music_ingestion_dag.py for tasks to queue
[2026-01-27T10:28:28.158+0000] {logging_mixin.py:190} INFO - [2026-01-27T10:28:28.158+0000] {dagbag.py:588} INFO - Filling up the DagBag from /opt/airflow/dags/music_ingestion_dag.py
[2026-01-27T10:28:28.181+0000] {processor.py:925} INFO - DAG(s) '01_music_ingestion_realtime' retrieved from /opt/airflow/dags/music_ingestion_dag.py
[2026-01-27T10:28:28.221+0000] {logging_mixin.py:190} INFO - [2026-01-27T10:28:28.221+0000] {dag.py:3239} INFO - Sync 1 DAGs
[2026-01-27T10:28:28.248+0000] {logging_mixin.py:190} INFO - [2026-01-27T10:28:28.247+0000] {dag.py:4180} INFO - Setting next_dagrun for 01_music_ingestion_realtime to 2026-01-27 09:00:00+00:00, run_after=2026-01-27 10:00:00+00:00
[2026-01-27T10:28:28.284+0000] {processor.py:208} INFO - Processing /opt/airflow/dags/music_ingestion_dag.py took 0.136 seconds
[2026-01-27T10:28:58.550+0000] {processor.py:186} INFO - Started process (PID=1327) to work on /opt/airflow/dags/music_ingestion_dag.py
[2026-01-27T10:28:58.553+0000] {processor.py:914} INFO - Processing file /opt/airflow/dags/music_ingestion_dag.py for tasks to queue
[2026-01-27T10:28:58.559+0000] {logging_mixin.py:190} INFO - [2026-01-27T10:28:58.558+0000] {dagbag.py:588} INFO - Filling up the DagBag from /opt/airflow/dags/music_ingestion_dag.py
[2026-01-27T10:28:58.597+0000] {processor.py:925} INFO - DAG(s) '01_music_ingestion_realtime' retrieved from /opt/airflow/dags/music_ingestion_dag.py
[2026-01-27T10:28:58.635+0000] {logging_mixin.py:190} INFO - [2026-01-27T10:28:58.634+0000] {dag.py:3239} INFO - Sync 1 DAGs
[2026-01-27T10:28:58.668+0000] {logging_mixin.py:190} INFO - [2026-01-27T10:28:58.668+0000] {dag.py:4180} INFO - Setting next_dagrun for 01_music_ingestion_realtime to 2026-01-27 09:00:00+00:00, run_after=2026-01-27 10:00:00+00:00
[2026-01-27T10:28:58.694+0000] {processor.py:208} INFO - Processing /opt/airflow/dags/music_ingestion_dag.py took 0.154 seconds
[2026-01-27T10:29:28.951+0000] {processor.py:186} INFO - Started process (PID=1332) to work on /opt/airflow/dags/music_ingestion_dag.py
[2026-01-27T10:29:28.952+0000] {processor.py:914} INFO - Processing file /opt/airflow/dags/music_ingestion_dag.py for tasks to queue
[2026-01-27T10:29:28.956+0000] {logging_mixin.py:190} INFO - [2026-01-27T10:29:28.955+0000] {dagbag.py:588} INFO - Filling up the DagBag from /opt/airflow/dags/music_ingestion_dag.py
[2026-01-27T10:29:28.989+0000] {processor.py:925} INFO - DAG(s) '01_music_ingestion_realtime' retrieved from /opt/airflow/dags/music_ingestion_dag.py
[2026-01-27T10:29:29.028+0000] {logging_mixin.py:190} INFO - [2026-01-27T10:29:29.028+0000] {dag.py:3239} INFO - Sync 1 DAGs
[2026-01-27T10:29:29.059+0000] {logging_mixin.py:190} INFO - [2026-01-27T10:29:29.059+0000] {dag.py:4180} INFO - Setting next_dagrun for 01_music_ingestion_realtime to 2026-01-27 09:00:00+00:00, run_after=2026-01-27 10:00:00+00:00
[2026-01-27T10:29:29.085+0000] {processor.py:208} INFO - Processing /opt/airflow/dags/music_ingestion_dag.py took 0.140 seconds
[2026-01-27T10:29:59.426+0000] {processor.py:186} INFO - Started process (PID=1337) to work on /opt/airflow/dags/music_ingestion_dag.py
[2026-01-27T10:29:59.428+0000] {processor.py:914} INFO - Processing file /opt/airflow/dags/music_ingestion_dag.py for tasks to queue
[2026-01-27T10:29:59.435+0000] {logging_mixin.py:190} INFO - [2026-01-27T10:29:59.434+0000] {dagbag.py:588} INFO - Filling up the DagBag from /opt/airflow/dags/music_ingestion_dag.py
[2026-01-27T10:29:59.473+0000] {processor.py:925} INFO - DAG(s) '01_music_ingestion_realtime' retrieved from /opt/airflow/dags/music_ingestion_dag.py
[2026-01-27T10:29:59.505+0000] {logging_mixin.py:190} INFO - [2026-01-27T10:29:59.505+0000] {dag.py:3239} INFO - Sync 1 DAGs
[2026-01-27T10:29:59.534+0000] {logging_mixin.py:190} INFO - [2026-01-27T10:29:59.534+0000] {dag.py:4180} INFO - Setting next_dagrun for 01_music_ingestion_realtime to 2026-01-27 09:00:00+00:00, run_after=2026-01-27 10:00:00+00:00
[2026-01-27T10:29:59.562+0000] {processor.py:208} INFO - Processing /opt/airflow/dags/music_ingestion_dag.py took 0.148 seconds
[2026-01-27T10:30:29.757+0000] {processor.py:186} INFO - Started process (PID=1342) to work on /opt/airflow/dags/music_ingestion_dag.py
[2026-01-27T10:30:29.759+0000] {processor.py:914} INFO - Processing file /opt/airflow/dags/music_ingestion_dag.py for tasks to queue
[2026-01-27T10:30:29.762+0000] {logging_mixin.py:190} INFO - [2026-01-27T10:30:29.762+0000] {dagbag.py:588} INFO - Filling up the DagBag from /opt/airflow/dags/music_ingestion_dag.py
[2026-01-27T10:30:29.788+0000] {processor.py:925} INFO - DAG(s) '01_music_ingestion_realtime' retrieved from /opt/airflow/dags/music_ingestion_dag.py
[2026-01-27T10:30:29.821+0000] {logging_mixin.py:190} INFO - [2026-01-27T10:30:29.821+0000] {dag.py:3239} INFO - Sync 1 DAGs
[2026-01-27T10:30:29.850+0000] {logging_mixin.py:190} INFO - [2026-01-27T10:30:29.850+0000] {dag.py:4180} INFO - Setting next_dagrun for 01_music_ingestion_realtime to 2026-01-27 09:00:00+00:00, run_after=2026-01-27 10:00:00+00:00
[2026-01-27T10:30:29.877+0000] {processor.py:208} INFO - Processing /opt/airflow/dags/music_ingestion_dag.py took 0.127 seconds
[2026-01-27T10:31:00.377+0000] {processor.py:186} INFO - Started process (PID=1347) to work on /opt/airflow/dags/music_ingestion_dag.py
[2026-01-27T10:31:00.380+0000] {processor.py:914} INFO - Processing file /opt/airflow/dags/music_ingestion_dag.py for tasks to queue
[2026-01-27T10:31:00.384+0000] {logging_mixin.py:190} INFO - [2026-01-27T10:31:00.383+0000] {dagbag.py:588} INFO - Filling up the DagBag from /opt/airflow/dags/music_ingestion_dag.py
[2026-01-27T10:31:00.414+0000] {processor.py:925} INFO - DAG(s) '01_music_ingestion_realtime' retrieved from /opt/airflow/dags/music_ingestion_dag.py
[2026-01-27T10:31:00.455+0000] {logging_mixin.py:190} INFO - [2026-01-27T10:31:00.455+0000] {dag.py:3239} INFO - Sync 1 DAGs
[2026-01-27T10:31:00.492+0000] {logging_mixin.py:190} INFO - [2026-01-27T10:31:00.492+0000] {dag.py:4180} INFO - Setting next_dagrun for 01_music_ingestion_realtime to 2026-01-27 09:00:00+00:00, run_after=2026-01-27 10:00:00+00:00
[2026-01-27T10:31:00.518+0000] {processor.py:208} INFO - Processing /opt/airflow/dags/music_ingestion_dag.py took 0.153 seconds
[2026-01-27T10:31:30.815+0000] {processor.py:186} INFO - Started process (PID=1352) to work on /opt/airflow/dags/music_ingestion_dag.py
[2026-01-27T10:31:30.816+0000] {processor.py:914} INFO - Processing file /opt/airflow/dags/music_ingestion_dag.py for tasks to queue
[2026-01-27T10:31:30.819+0000] {logging_mixin.py:190} INFO - [2026-01-27T10:31:30.819+0000] {dagbag.py:588} INFO - Filling up the DagBag from /opt/airflow/dags/music_ingestion_dag.py
[2026-01-27T10:31:30.854+0000] {processor.py:925} INFO - DAG(s) '01_music_ingestion_realtime' retrieved from /opt/airflow/dags/music_ingestion_dag.py
[2026-01-27T10:31:30.890+0000] {logging_mixin.py:190} INFO - [2026-01-27T10:31:30.890+0000] {dag.py:3239} INFO - Sync 1 DAGs
[2026-01-27T10:31:30.915+0000] {logging_mixin.py:190} INFO - [2026-01-27T10:31:30.914+0000] {dag.py:4180} INFO - Setting next_dagrun for 01_music_ingestion_realtime to 2026-01-27 09:00:00+00:00, run_after=2026-01-27 10:00:00+00:00
[2026-01-27T10:31:30.941+0000] {processor.py:208} INFO - Processing /opt/airflow/dags/music_ingestion_dag.py took 0.132 seconds
[2026-01-27T10:32:01.272+0000] {processor.py:186} INFO - Started process (PID=1357) to work on /opt/airflow/dags/music_ingestion_dag.py
[2026-01-27T10:32:01.274+0000] {processor.py:914} INFO - Processing file /opt/airflow/dags/music_ingestion_dag.py for tasks to queue
[2026-01-27T10:32:01.277+0000] {logging_mixin.py:190} INFO - [2026-01-27T10:32:01.277+0000] {dagbag.py:588} INFO - Filling up the DagBag from /opt/airflow/dags/music_ingestion_dag.py
[2026-01-27T10:32:01.304+0000] {processor.py:925} INFO - DAG(s) '01_music_ingestion_realtime' retrieved from /opt/airflow/dags/music_ingestion_dag.py
[2026-01-27T10:32:01.336+0000] {logging_mixin.py:190} INFO - [2026-01-27T10:32:01.336+0000] {dag.py:3239} INFO - Sync 1 DAGs
[2026-01-27T10:32:01.365+0000] {logging_mixin.py:190} INFO - [2026-01-27T10:32:01.365+0000] {dag.py:4180} INFO - Setting next_dagrun for 01_music_ingestion_realtime to 2026-01-27 09:00:00+00:00, run_after=2026-01-27 10:00:00+00:00
[2026-01-27T10:32:01.395+0000] {processor.py:208} INFO - Processing /opt/airflow/dags/music_ingestion_dag.py took 0.129 seconds
[2026-01-27T10:32:31.609+0000] {processor.py:186} INFO - Started process (PID=1362) to work on /opt/airflow/dags/music_ingestion_dag.py
[2026-01-27T10:32:31.611+0000] {processor.py:914} INFO - Processing file /opt/airflow/dags/music_ingestion_dag.py for tasks to queue
[2026-01-27T10:32:31.618+0000] {logging_mixin.py:190} INFO - [2026-01-27T10:32:31.617+0000] {dagbag.py:588} INFO - Filling up the DagBag from /opt/airflow/dags/music_ingestion_dag.py
[2026-01-27T10:32:31.651+0000] {processor.py:925} INFO - DAG(s) '01_music_ingestion_realtime' retrieved from /opt/airflow/dags/music_ingestion_dag.py
[2026-01-27T10:32:31.728+0000] {logging_mixin.py:190} INFO - [2026-01-27T10:32:31.728+0000] {dag.py:3239} INFO - Sync 1 DAGs
[2026-01-27T10:32:31.771+0000] {logging_mixin.py:190} INFO - [2026-01-27T10:32:31.771+0000] {dag.py:4180} INFO - Setting next_dagrun for 01_music_ingestion_realtime to 2026-01-27 09:00:00+00:00, run_after=2026-01-27 10:00:00+00:00
[2026-01-27T10:32:31.804+0000] {processor.py:208} INFO - Processing /opt/airflow/dags/music_ingestion_dag.py took 0.210 seconds
[2026-01-27T10:33:02.047+0000] {processor.py:186} INFO - Started process (PID=1367) to work on /opt/airflow/dags/music_ingestion_dag.py
[2026-01-27T10:33:02.049+0000] {processor.py:914} INFO - Processing file /opt/airflow/dags/music_ingestion_dag.py for tasks to queue
[2026-01-27T10:33:02.053+0000] {logging_mixin.py:190} INFO - [2026-01-27T10:33:02.053+0000] {dagbag.py:588} INFO - Filling up the DagBag from /opt/airflow/dags/music_ingestion_dag.py
[2026-01-27T10:33:02.078+0000] {processor.py:925} INFO - DAG(s) '01_music_ingestion_realtime' retrieved from /opt/airflow/dags/music_ingestion_dag.py
[2026-01-27T10:33:02.113+0000] {logging_mixin.py:190} INFO - [2026-01-27T10:33:02.113+0000] {dag.py:3239} INFO - Sync 1 DAGs
[2026-01-27T10:33:02.144+0000] {logging_mixin.py:190} INFO - [2026-01-27T10:33:02.144+0000] {dag.py:4180} INFO - Setting next_dagrun for 01_music_ingestion_realtime to 2026-01-27 09:00:00+00:00, run_after=2026-01-27 10:00:00+00:00
[2026-01-27T10:33:02.176+0000] {processor.py:208} INFO - Processing /opt/airflow/dags/music_ingestion_dag.py took 0.135 seconds
[2026-01-27T10:33:32.486+0000] {processor.py:186} INFO - Started process (PID=1372) to work on /opt/airflow/dags/music_ingestion_dag.py
[2026-01-27T10:33:32.488+0000] {processor.py:914} INFO - Processing file /opt/airflow/dags/music_ingestion_dag.py for tasks to queue
[2026-01-27T10:33:32.493+0000] {logging_mixin.py:190} INFO - [2026-01-27T10:33:32.492+0000] {dagbag.py:588} INFO - Filling up the DagBag from /opt/airflow/dags/music_ingestion_dag.py
[2026-01-27T10:33:32.518+0000] {processor.py:925} INFO - DAG(s) '01_music_ingestion_realtime' retrieved from /opt/airflow/dags/music_ingestion_dag.py
[2026-01-27T10:33:32.565+0000] {logging_mixin.py:190} INFO - [2026-01-27T10:33:32.565+0000] {dag.py:3239} INFO - Sync 1 DAGs
[2026-01-27T10:33:32.590+0000] {logging_mixin.py:190} INFO - [2026-01-27T10:33:32.590+0000] {dag.py:4180} INFO - Setting next_dagrun for 01_music_ingestion_realtime to 2026-01-27 09:00:00+00:00, run_after=2026-01-27 10:00:00+00:00
[2026-01-27T10:33:32.616+0000] {processor.py:208} INFO - Processing /opt/airflow/dags/music_ingestion_dag.py took 0.136 seconds
[2026-01-27T10:34:02.899+0000] {processor.py:186} INFO - Started process (PID=1377) to work on /opt/airflow/dags/music_ingestion_dag.py
[2026-01-27T10:34:02.901+0000] {processor.py:914} INFO - Processing file /opt/airflow/dags/music_ingestion_dag.py for tasks to queue
[2026-01-27T10:34:02.905+0000] {logging_mixin.py:190} INFO - [2026-01-27T10:34:02.904+0000] {dagbag.py:588} INFO - Filling up the DagBag from /opt/airflow/dags/music_ingestion_dag.py
[2026-01-27T10:34:02.940+0000] {processor.py:925} INFO - DAG(s) '01_music_ingestion_realtime' retrieved from /opt/airflow/dags/music_ingestion_dag.py
[2026-01-27T10:34:02.978+0000] {logging_mixin.py:190} INFO - [2026-01-27T10:34:02.977+0000] {dag.py:3239} INFO - Sync 1 DAGs
[2026-01-27T10:34:03.008+0000] {logging_mixin.py:190} INFO - [2026-01-27T10:34:03.008+0000] {dag.py:4180} INFO - Setting next_dagrun for 01_music_ingestion_realtime to 2026-01-27 09:00:00+00:00, run_after=2026-01-27 10:00:00+00:00
[2026-01-27T10:34:03.034+0000] {processor.py:208} INFO - Processing /opt/airflow/dags/music_ingestion_dag.py took 0.142 seconds
[2026-01-27T10:34:33.325+0000] {processor.py:186} INFO - Started process (PID=1382) to work on /opt/airflow/dags/music_ingestion_dag.py
[2026-01-27T10:34:33.327+0000] {processor.py:914} INFO - Processing file /opt/airflow/dags/music_ingestion_dag.py for tasks to queue
[2026-01-27T10:34:33.329+0000] {logging_mixin.py:190} INFO - [2026-01-27T10:34:33.329+0000] {dagbag.py:588} INFO - Filling up the DagBag from /opt/airflow/dags/music_ingestion_dag.py
[2026-01-27T10:34:33.359+0000] {processor.py:925} INFO - DAG(s) '01_music_ingestion_realtime' retrieved from /opt/airflow/dags/music_ingestion_dag.py
[2026-01-27T10:34:33.387+0000] {logging_mixin.py:190} INFO - [2026-01-27T10:34:33.386+0000] {dag.py:3239} INFO - Sync 1 DAGs
[2026-01-27T10:34:33.410+0000] {logging_mixin.py:190} INFO - [2026-01-27T10:34:33.410+0000] {dag.py:4180} INFO - Setting next_dagrun for 01_music_ingestion_realtime to 2026-01-27 09:00:00+00:00, run_after=2026-01-27 10:00:00+00:00
[2026-01-27T10:34:33.444+0000] {processor.py:208} INFO - Processing /opt/airflow/dags/music_ingestion_dag.py took 0.124 seconds
[2026-01-27T10:35:03.733+0000] {processor.py:186} INFO - Started process (PID=1387) to work on /opt/airflow/dags/music_ingestion_dag.py
[2026-01-27T10:35:03.735+0000] {processor.py:914} INFO - Processing file /opt/airflow/dags/music_ingestion_dag.py for tasks to queue
[2026-01-27T10:35:03.738+0000] {logging_mixin.py:190} INFO - [2026-01-27T10:35:03.738+0000] {dagbag.py:588} INFO - Filling up the DagBag from /opt/airflow/dags/music_ingestion_dag.py
[2026-01-27T10:35:03.774+0000] {processor.py:925} INFO - DAG(s) '01_music_ingestion_realtime' retrieved from /opt/airflow/dags/music_ingestion_dag.py
[2026-01-27T10:35:03.803+0000] {logging_mixin.py:190} INFO - [2026-01-27T10:35:03.803+0000] {dag.py:3239} INFO - Sync 1 DAGs
[2026-01-27T10:35:03.828+0000] {logging_mixin.py:190} INFO - [2026-01-27T10:35:03.828+0000] {dag.py:4180} INFO - Setting next_dagrun for 01_music_ingestion_realtime to 2026-01-27 09:00:00+00:00, run_after=2026-01-27 10:00:00+00:00
[2026-01-27T10:35:03.856+0000] {processor.py:208} INFO - Processing /opt/airflow/dags/music_ingestion_dag.py took 0.131 seconds
[2026-01-27T10:35:34.089+0000] {processor.py:186} INFO - Started process (PID=1392) to work on /opt/airflow/dags/music_ingestion_dag.py
[2026-01-27T10:35:34.091+0000] {processor.py:914} INFO - Processing file /opt/airflow/dags/music_ingestion_dag.py for tasks to queue
[2026-01-27T10:35:34.094+0000] {logging_mixin.py:190} INFO - [2026-01-27T10:35:34.093+0000] {dagbag.py:588} INFO - Filling up the DagBag from /opt/airflow/dags/music_ingestion_dag.py
[2026-01-27T10:35:34.132+0000] {processor.py:925} INFO - DAG(s) '01_music_ingestion_realtime' retrieved from /opt/airflow/dags/music_ingestion_dag.py
[2026-01-27T10:35:34.172+0000] {logging_mixin.py:190} INFO - [2026-01-27T10:35:34.172+0000] {dag.py:3239} INFO - Sync 1 DAGs
[2026-01-27T10:35:34.205+0000] {logging_mixin.py:190} INFO - [2026-01-27T10:35:34.204+0000] {dag.py:4180} INFO - Setting next_dagrun for 01_music_ingestion_realtime to 2026-01-27 09:00:00+00:00, run_after=2026-01-27 10:00:00+00:00
[2026-01-27T10:35:34.240+0000] {processor.py:208} INFO - Processing /opt/airflow/dags/music_ingestion_dag.py took 0.158 seconds
[2026-01-27T10:36:04.503+0000] {processor.py:186} INFO - Started process (PID=1397) to work on /opt/airflow/dags/music_ingestion_dag.py
[2026-01-27T10:36:04.504+0000] {processor.py:914} INFO - Processing file /opt/airflow/dags/music_ingestion_dag.py for tasks to queue
[2026-01-27T10:36:04.507+0000] {logging_mixin.py:190} INFO - [2026-01-27T10:36:04.506+0000] {dagbag.py:588} INFO - Filling up the DagBag from /opt/airflow/dags/music_ingestion_dag.py
[2026-01-27T10:36:04.534+0000] {processor.py:925} INFO - DAG(s) '01_music_ingestion_realtime' retrieved from /opt/airflow/dags/music_ingestion_dag.py
[2026-01-27T10:36:04.571+0000] {logging_mixin.py:190} INFO - [2026-01-27T10:36:04.570+0000] {dag.py:3239} INFO - Sync 1 DAGs
[2026-01-27T10:36:04.600+0000] {logging_mixin.py:190} INFO - [2026-01-27T10:36:04.600+0000] {dag.py:4180} INFO - Setting next_dagrun for 01_music_ingestion_realtime to 2026-01-27 09:00:00+00:00, run_after=2026-01-27 10:00:00+00:00
[2026-01-27T10:36:04.623+0000] {processor.py:208} INFO - Processing /opt/airflow/dags/music_ingestion_dag.py took 0.127 seconds
[2026-01-27T10:36:34.947+0000] {processor.py:186} INFO - Started process (PID=1402) to work on /opt/airflow/dags/music_ingestion_dag.py
[2026-01-27T10:36:34.949+0000] {processor.py:914} INFO - Processing file /opt/airflow/dags/music_ingestion_dag.py for tasks to queue
[2026-01-27T10:36:34.953+0000] {logging_mixin.py:190} INFO - [2026-01-27T10:36:34.953+0000] {dagbag.py:588} INFO - Filling up the DagBag from /opt/airflow/dags/music_ingestion_dag.py
[2026-01-27T10:36:34.986+0000] {processor.py:925} INFO - DAG(s) '01_music_ingestion_realtime' retrieved from /opt/airflow/dags/music_ingestion_dag.py
[2026-01-27T10:36:35.018+0000] {logging_mixin.py:190} INFO - [2026-01-27T10:36:35.017+0000] {dag.py:3239} INFO - Sync 1 DAGs
[2026-01-27T10:36:35.046+0000] {logging_mixin.py:190} INFO - [2026-01-27T10:36:35.046+0000] {dag.py:4180} INFO - Setting next_dagrun for 01_music_ingestion_realtime to 2026-01-27 09:00:00+00:00, run_after=2026-01-27 10:00:00+00:00
[2026-01-27T10:36:35.073+0000] {processor.py:208} INFO - Processing /opt/airflow/dags/music_ingestion_dag.py took 0.132 seconds
[2026-01-27T10:37:05.287+0000] {processor.py:186} INFO - Started process (PID=1407) to work on /opt/airflow/dags/music_ingestion_dag.py
[2026-01-27T10:37:05.289+0000] {processor.py:914} INFO - Processing file /opt/airflow/dags/music_ingestion_dag.py for tasks to queue
[2026-01-27T10:37:05.294+0000] {logging_mixin.py:190} INFO - [2026-01-27T10:37:05.293+0000] {dagbag.py:588} INFO - Filling up the DagBag from /opt/airflow/dags/music_ingestion_dag.py
[2026-01-27T10:37:05.324+0000] {processor.py:925} INFO - DAG(s) '01_music_ingestion_realtime' retrieved from /opt/airflow/dags/music_ingestion_dag.py
[2026-01-27T10:37:05.361+0000] {logging_mixin.py:190} INFO - [2026-01-27T10:37:05.361+0000] {dag.py:3239} INFO - Sync 1 DAGs
[2026-01-27T10:37:05.398+0000] {logging_mixin.py:190} INFO - [2026-01-27T10:37:05.398+0000] {dag.py:4180} INFO - Setting next_dagrun for 01_music_ingestion_realtime to 2026-01-27 09:00:00+00:00, run_after=2026-01-27 10:00:00+00:00
[2026-01-27T10:37:05.433+0000] {processor.py:208} INFO - Processing /opt/airflow/dags/music_ingestion_dag.py took 0.158 seconds
[2026-01-27T10:37:35.750+0000] {processor.py:186} INFO - Started process (PID=1412) to work on /opt/airflow/dags/music_ingestion_dag.py
[2026-01-27T10:37:35.756+0000] {processor.py:914} INFO - Processing file /opt/airflow/dags/music_ingestion_dag.py for tasks to queue
[2026-01-27T10:37:35.761+0000] {logging_mixin.py:190} INFO - [2026-01-27T10:37:35.761+0000] {dagbag.py:588} INFO - Filling up the DagBag from /opt/airflow/dags/music_ingestion_dag.py
[2026-01-27T10:37:35.795+0000] {processor.py:925} INFO - DAG(s) '01_music_ingestion_realtime' retrieved from /opt/airflow/dags/music_ingestion_dag.py
[2026-01-27T10:37:35.857+0000] {logging_mixin.py:190} INFO - [2026-01-27T10:37:35.856+0000] {dag.py:3239} INFO - Sync 1 DAGs
[2026-01-27T10:37:35.928+0000] {logging_mixin.py:190} INFO - [2026-01-27T10:37:35.925+0000] {dag.py:4180} INFO - Setting next_dagrun for 01_music_ingestion_realtime to 2026-01-27 09:00:00+00:00, run_after=2026-01-27 10:00:00+00:00
[2026-01-27T10:37:35.985+0000] {processor.py:208} INFO - Processing /opt/airflow/dags/music_ingestion_dag.py took 0.243 seconds
[2026-01-27T10:38:06.113+0000] {processor.py:186} INFO - Started process (PID=1417) to work on /opt/airflow/dags/music_ingestion_dag.py
[2026-01-27T10:38:06.115+0000] {processor.py:914} INFO - Processing file /opt/airflow/dags/music_ingestion_dag.py for tasks to queue
[2026-01-27T10:38:06.120+0000] {logging_mixin.py:190} INFO - [2026-01-27T10:38:06.119+0000] {dagbag.py:588} INFO - Filling up the DagBag from /opt/airflow/dags/music_ingestion_dag.py
[2026-01-27T10:38:06.156+0000] {processor.py:925} INFO - DAG(s) '01_music_ingestion_realtime' retrieved from /opt/airflow/dags/music_ingestion_dag.py
[2026-01-27T10:38:06.193+0000] {logging_mixin.py:190} INFO - [2026-01-27T10:38:06.193+0000] {dag.py:3239} INFO - Sync 1 DAGs
[2026-01-27T10:38:06.230+0000] {logging_mixin.py:190} INFO - [2026-01-27T10:38:06.230+0000] {dag.py:4180} INFO - Setting next_dagrun for 01_music_ingestion_realtime to 2026-01-27 09:00:00+00:00, run_after=2026-01-27 10:00:00+00:00
[2026-01-27T10:38:06.261+0000] {processor.py:208} INFO - Processing /opt/airflow/dags/music_ingestion_dag.py took 0.154 seconds
[2026-01-27T10:38:36.449+0000] {processor.py:186} INFO - Started process (PID=1422) to work on /opt/airflow/dags/music_ingestion_dag.py
[2026-01-27T10:38:36.451+0000] {processor.py:914} INFO - Processing file /opt/airflow/dags/music_ingestion_dag.py for tasks to queue
[2026-01-27T10:38:36.454+0000] {logging_mixin.py:190} INFO - [2026-01-27T10:38:36.454+0000] {dagbag.py:588} INFO - Filling up the DagBag from /opt/airflow/dags/music_ingestion_dag.py
[2026-01-27T10:38:36.480+0000] {processor.py:925} INFO - DAG(s) '01_music_ingestion_realtime' retrieved from /opt/airflow/dags/music_ingestion_dag.py
[2026-01-27T10:38:36.515+0000] {logging_mixin.py:190} INFO - [2026-01-27T10:38:36.515+0000] {dag.py:3239} INFO - Sync 1 DAGs
[2026-01-27T10:38:36.543+0000] {logging_mixin.py:190} INFO - [2026-01-27T10:38:36.543+0000] {dag.py:4180} INFO - Setting next_dagrun for 01_music_ingestion_realtime to 2026-01-27 09:00:00+00:00, run_after=2026-01-27 10:00:00+00:00
[2026-01-27T10:38:36.573+0000] {processor.py:208} INFO - Processing /opt/airflow/dags/music_ingestion_dag.py took 0.131 seconds
[2026-01-27T10:39:06.968+0000] {processor.py:186} INFO - Started process (PID=1427) to work on /opt/airflow/dags/music_ingestion_dag.py
[2026-01-27T10:39:06.970+0000] {processor.py:914} INFO - Processing file /opt/airflow/dags/music_ingestion_dag.py for tasks to queue
[2026-01-27T10:39:06.973+0000] {logging_mixin.py:190} INFO - [2026-01-27T10:39:06.973+0000] {dagbag.py:588} INFO - Filling up the DagBag from /opt/airflow/dags/music_ingestion_dag.py
[2026-01-27T10:39:06.999+0000] {processor.py:925} INFO - DAG(s) '01_music_ingestion_realtime' retrieved from /opt/airflow/dags/music_ingestion_dag.py
[2026-01-27T10:39:07.035+0000] {logging_mixin.py:190} INFO - [2026-01-27T10:39:07.035+0000] {dag.py:3239} INFO - Sync 1 DAGs
[2026-01-27T10:39:07.068+0000] {logging_mixin.py:190} INFO - [2026-01-27T10:39:07.068+0000] {dag.py:4180} INFO - Setting next_dagrun for 01_music_ingestion_realtime to 2026-01-27 09:00:00+00:00, run_after=2026-01-27 10:00:00+00:00
[2026-01-27T10:39:07.097+0000] {processor.py:208} INFO - Processing /opt/airflow/dags/music_ingestion_dag.py took 0.135 seconds
[2026-01-27T10:39:37.325+0000] {processor.py:186} INFO - Started process (PID=1432) to work on /opt/airflow/dags/music_ingestion_dag.py
[2026-01-27T10:39:37.327+0000] {processor.py:914} INFO - Processing file /opt/airflow/dags/music_ingestion_dag.py for tasks to queue
[2026-01-27T10:39:37.330+0000] {logging_mixin.py:190} INFO - [2026-01-27T10:39:37.330+0000] {dagbag.py:588} INFO - Filling up the DagBag from /opt/airflow/dags/music_ingestion_dag.py
[2026-01-27T10:39:37.360+0000] {processor.py:925} INFO - DAG(s) '01_music_ingestion_realtime' retrieved from /opt/airflow/dags/music_ingestion_dag.py
[2026-01-27T10:39:37.398+0000] {logging_mixin.py:190} INFO - [2026-01-27T10:39:37.397+0000] {dag.py:3239} INFO - Sync 1 DAGs
[2026-01-27T10:39:37.424+0000] {logging_mixin.py:190} INFO - [2026-01-27T10:39:37.424+0000] {dag.py:4180} INFO - Setting next_dagrun for 01_music_ingestion_realtime to 2026-01-27 09:00:00+00:00, run_after=2026-01-27 10:00:00+00:00
[2026-01-27T10:39:37.468+0000] {processor.py:208} INFO - Processing /opt/airflow/dags/music_ingestion_dag.py took 0.150 seconds
[2026-01-27T10:40:07.890+0000] {processor.py:186} INFO - Started process (PID=1437) to work on /opt/airflow/dags/music_ingestion_dag.py
[2026-01-27T10:40:07.891+0000] {processor.py:914} INFO - Processing file /opt/airflow/dags/music_ingestion_dag.py for tasks to queue
[2026-01-27T10:40:07.894+0000] {logging_mixin.py:190} INFO - [2026-01-27T10:40:07.893+0000] {dagbag.py:588} INFO - Filling up the DagBag from /opt/airflow/dags/music_ingestion_dag.py
[2026-01-27T10:40:07.923+0000] {processor.py:925} INFO - DAG(s) '01_music_ingestion_realtime' retrieved from /opt/airflow/dags/music_ingestion_dag.py
[2026-01-27T10:40:07.960+0000] {logging_mixin.py:190} INFO - [2026-01-27T10:40:07.960+0000] {dag.py:3239} INFO - Sync 1 DAGs
[2026-01-27T10:40:07.991+0000] {logging_mixin.py:190} INFO - [2026-01-27T10:40:07.990+0000] {dag.py:4180} INFO - Setting next_dagrun for 01_music_ingestion_realtime to 2026-01-27 09:00:00+00:00, run_after=2026-01-27 10:00:00+00:00
[2026-01-27T10:40:08.023+0000] {processor.py:208} INFO - Processing /opt/airflow/dags/music_ingestion_dag.py took 0.141 seconds
[2026-01-27T10:40:38.245+0000] {processor.py:186} INFO - Started process (PID=1442) to work on /opt/airflow/dags/music_ingestion_dag.py
[2026-01-27T10:40:38.246+0000] {processor.py:914} INFO - Processing file /opt/airflow/dags/music_ingestion_dag.py for tasks to queue
[2026-01-27T10:40:38.249+0000] {logging_mixin.py:190} INFO - [2026-01-27T10:40:38.249+0000] {dagbag.py:588} INFO - Filling up the DagBag from /opt/airflow/dags/music_ingestion_dag.py
[2026-01-27T10:40:38.277+0000] {processor.py:925} INFO - DAG(s) '01_music_ingestion_realtime' retrieved from /opt/airflow/dags/music_ingestion_dag.py
[2026-01-27T10:40:38.312+0000] {logging_mixin.py:190} INFO - [2026-01-27T10:40:38.312+0000] {dag.py:3239} INFO - Sync 1 DAGs
[2026-01-27T10:40:38.344+0000] {logging_mixin.py:190} INFO - [2026-01-27T10:40:38.343+0000] {dag.py:4180} INFO - Setting next_dagrun for 01_music_ingestion_realtime to 2026-01-27 09:00:00+00:00, run_after=2026-01-27 10:00:00+00:00
[2026-01-27T10:40:38.375+0000] {processor.py:208} INFO - Processing /opt/airflow/dags/music_ingestion_dag.py took 0.137 seconds
[2026-01-27T10:41:08.732+0000] {processor.py:186} INFO - Started process (PID=1447) to work on /opt/airflow/dags/music_ingestion_dag.py
[2026-01-27T10:41:08.735+0000] {processor.py:914} INFO - Processing file /opt/airflow/dags/music_ingestion_dag.py for tasks to queue
[2026-01-27T10:41:08.742+0000] {logging_mixin.py:190} INFO - [2026-01-27T10:41:08.741+0000] {dagbag.py:588} INFO - Filling up the DagBag from /opt/airflow/dags/music_ingestion_dag.py
[2026-01-27T10:41:08.767+0000] {processor.py:925} INFO - DAG(s) '01_music_ingestion_realtime' retrieved from /opt/airflow/dags/music_ingestion_dag.py
[2026-01-27T10:41:08.801+0000] {logging_mixin.py:190} INFO - [2026-01-27T10:41:08.800+0000] {dag.py:3239} INFO - Sync 1 DAGs
[2026-01-27T10:41:08.832+0000] {logging_mixin.py:190} INFO - [2026-01-27T10:41:08.832+0000] {dag.py:4180} INFO - Setting next_dagrun for 01_music_ingestion_realtime to 2026-01-27 09:00:00+00:00, run_after=2026-01-27 10:00:00+00:00
[2026-01-27T10:41:08.863+0000] {processor.py:208} INFO - Processing /opt/airflow/dags/music_ingestion_dag.py took 0.141 seconds
[2026-01-27T10:41:39.359+0000] {processor.py:186} INFO - Started process (PID=1452) to work on /opt/airflow/dags/music_ingestion_dag.py
[2026-01-27T10:41:39.362+0000] {processor.py:914} INFO - Processing file /opt/airflow/dags/music_ingestion_dag.py for tasks to queue
[2026-01-27T10:41:39.366+0000] {logging_mixin.py:190} INFO - [2026-01-27T10:41:39.365+0000] {dagbag.py:588} INFO - Filling up the DagBag from /opt/airflow/dags/music_ingestion_dag.py
[2026-01-27T10:41:39.412+0000] {processor.py:925} INFO - DAG(s) '01_music_ingestion_realtime' retrieved from /opt/airflow/dags/music_ingestion_dag.py
[2026-01-27T10:41:39.451+0000] {logging_mixin.py:190} INFO - [2026-01-27T10:41:39.451+0000] {dag.py:3239} INFO - Sync 1 DAGs
[2026-01-27T10:41:39.487+0000] {logging_mixin.py:190} INFO - [2026-01-27T10:41:39.486+0000] {dag.py:4180} INFO - Setting next_dagrun for 01_music_ingestion_realtime to 2026-01-27 09:00:00+00:00, run_after=2026-01-27 10:00:00+00:00
[2026-01-27T10:41:39.517+0000] {processor.py:208} INFO - Processing /opt/airflow/dags/music_ingestion_dag.py took 0.165 seconds
[2026-01-27T10:42:09.688+0000] {processor.py:186} INFO - Started process (PID=1457) to work on /opt/airflow/dags/music_ingestion_dag.py
[2026-01-27T10:42:09.690+0000] {processor.py:914} INFO - Processing file /opt/airflow/dags/music_ingestion_dag.py for tasks to queue
[2026-01-27T10:42:09.694+0000] {logging_mixin.py:190} INFO - [2026-01-27T10:42:09.693+0000] {dagbag.py:588} INFO - Filling up the DagBag from /opt/airflow/dags/music_ingestion_dag.py
[2026-01-27T10:42:09.718+0000] {processor.py:925} INFO - DAG(s) '01_music_ingestion_realtime' retrieved from /opt/airflow/dags/music_ingestion_dag.py
[2026-01-27T10:42:09.751+0000] {logging_mixin.py:190} INFO - [2026-01-27T10:42:09.750+0000] {dag.py:3239} INFO - Sync 1 DAGs
[2026-01-27T10:42:09.775+0000] {logging_mixin.py:190} INFO - [2026-01-27T10:42:09.775+0000] {dag.py:4180} INFO - Setting next_dagrun for 01_music_ingestion_realtime to 2026-01-27 09:00:00+00:00, run_after=2026-01-27 10:00:00+00:00
[2026-01-27T10:42:09.799+0000] {processor.py:208} INFO - Processing /opt/airflow/dags/music_ingestion_dag.py took 0.117 seconds
[2026-01-27T10:42:40.134+0000] {processor.py:186} INFO - Started process (PID=1462) to work on /opt/airflow/dags/music_ingestion_dag.py
[2026-01-27T10:42:40.135+0000] {processor.py:914} INFO - Processing file /opt/airflow/dags/music_ingestion_dag.py for tasks to queue
[2026-01-27T10:42:40.138+0000] {logging_mixin.py:190} INFO - [2026-01-27T10:42:40.138+0000] {dagbag.py:588} INFO - Filling up the DagBag from /opt/airflow/dags/music_ingestion_dag.py
[2026-01-27T10:42:40.184+0000] {processor.py:925} INFO - DAG(s) '01_music_ingestion_realtime' retrieved from /opt/airflow/dags/music_ingestion_dag.py
[2026-01-27T10:42:40.222+0000] {logging_mixin.py:190} INFO - [2026-01-27T10:42:40.222+0000] {dag.py:3239} INFO - Sync 1 DAGs
[2026-01-27T10:42:40.257+0000] {logging_mixin.py:190} INFO - [2026-01-27T10:42:40.257+0000] {dag.py:4180} INFO - Setting next_dagrun for 01_music_ingestion_realtime to 2026-01-27 09:00:00+00:00, run_after=2026-01-27 10:00:00+00:00
[2026-01-27T10:42:40.292+0000] {processor.py:208} INFO - Processing /opt/airflow/dags/music_ingestion_dag.py took 0.164 seconds
[2026-01-27T10:43:10.464+0000] {processor.py:186} INFO - Started process (PID=1467) to work on /opt/airflow/dags/music_ingestion_dag.py
[2026-01-27T10:43:10.465+0000] {processor.py:914} INFO - Processing file /opt/airflow/dags/music_ingestion_dag.py for tasks to queue
[2026-01-27T10:43:10.469+0000] {logging_mixin.py:190} INFO - [2026-01-27T10:43:10.468+0000] {dagbag.py:588} INFO - Filling up the DagBag from /opt/airflow/dags/music_ingestion_dag.py
[2026-01-27T10:43:10.505+0000] {processor.py:925} INFO - DAG(s) '01_music_ingestion_realtime' retrieved from /opt/airflow/dags/music_ingestion_dag.py
[2026-01-27T10:43:10.542+0000] {logging_mixin.py:190} INFO - [2026-01-27T10:43:10.542+0000] {dag.py:3239} INFO - Sync 1 DAGs
[2026-01-27T10:43:10.568+0000] {logging_mixin.py:190} INFO - [2026-01-27T10:43:10.568+0000] {dag.py:4180} INFO - Setting next_dagrun for 01_music_ingestion_realtime to 2026-01-27 09:00:00+00:00, run_after=2026-01-27 10:00:00+00:00
[2026-01-27T10:43:10.594+0000] {processor.py:208} INFO - Processing /opt/airflow/dags/music_ingestion_dag.py took 0.137 seconds
[2026-01-27T10:43:40.940+0000] {processor.py:186} INFO - Started process (PID=1472) to work on /opt/airflow/dags/music_ingestion_dag.py
[2026-01-27T10:43:40.941+0000] {processor.py:914} INFO - Processing file /opt/airflow/dags/music_ingestion_dag.py for tasks to queue
[2026-01-27T10:43:40.944+0000] {logging_mixin.py:190} INFO - [2026-01-27T10:43:40.944+0000] {dagbag.py:588} INFO - Filling up the DagBag from /opt/airflow/dags/music_ingestion_dag.py
[2026-01-27T10:43:40.970+0000] {processor.py:925} INFO - DAG(s) '01_music_ingestion_realtime' retrieved from /opt/airflow/dags/music_ingestion_dag.py
[2026-01-27T10:43:41.001+0000] {logging_mixin.py:190} INFO - [2026-01-27T10:43:41.000+0000] {dag.py:3239} INFO - Sync 1 DAGs
[2026-01-27T10:43:41.026+0000] {logging_mixin.py:190} INFO - [2026-01-27T10:43:41.026+0000] {dag.py:4180} INFO - Setting next_dagrun for 01_music_ingestion_realtime to 2026-01-27 09:00:00+00:00, run_after=2026-01-27 10:00:00+00:00
[2026-01-27T10:43:41.052+0000] {processor.py:208} INFO - Processing /opt/airflow/dags/music_ingestion_dag.py took 0.118 seconds
[2026-01-27T10:44:11.361+0000] {processor.py:186} INFO - Started process (PID=1477) to work on /opt/airflow/dags/music_ingestion_dag.py
[2026-01-27T10:44:11.363+0000] {processor.py:914} INFO - Processing file /opt/airflow/dags/music_ingestion_dag.py for tasks to queue
[2026-01-27T10:44:11.366+0000] {logging_mixin.py:190} INFO - [2026-01-27T10:44:11.366+0000] {dagbag.py:588} INFO - Filling up the DagBag from /opt/airflow/dags/music_ingestion_dag.py
[2026-01-27T10:44:11.407+0000] {processor.py:925} INFO - DAG(s) '01_music_ingestion_realtime' retrieved from /opt/airflow/dags/music_ingestion_dag.py
[2026-01-27T10:44:11.438+0000] {logging_mixin.py:190} INFO - [2026-01-27T10:44:11.437+0000] {dag.py:3239} INFO - Sync 1 DAGs
[2026-01-27T10:44:11.462+0000] {logging_mixin.py:190} INFO - [2026-01-27T10:44:11.461+0000] {dag.py:4180} INFO - Setting next_dagrun for 01_music_ingestion_realtime to 2026-01-27 09:00:00+00:00, run_after=2026-01-27 10:00:00+00:00
[2026-01-27T10:44:11.488+0000] {processor.py:208} INFO - Processing /opt/airflow/dags/music_ingestion_dag.py took 0.133 seconds
[2026-01-27T10:44:41.817+0000] {processor.py:186} INFO - Started process (PID=1482) to work on /opt/airflow/dags/music_ingestion_dag.py
[2026-01-27T10:44:41.819+0000] {processor.py:914} INFO - Processing file /opt/airflow/dags/music_ingestion_dag.py for tasks to queue
[2026-01-27T10:44:41.821+0000] {logging_mixin.py:190} INFO - [2026-01-27T10:44:41.821+0000] {dagbag.py:588} INFO - Filling up the DagBag from /opt/airflow/dags/music_ingestion_dag.py
[2026-01-27T10:44:41.844+0000] {processor.py:925} INFO - DAG(s) '01_music_ingestion_realtime' retrieved from /opt/airflow/dags/music_ingestion_dag.py
[2026-01-27T10:44:41.876+0000] {logging_mixin.py:190} INFO - [2026-01-27T10:44:41.875+0000] {dag.py:3239} INFO - Sync 1 DAGs
[2026-01-27T10:44:41.898+0000] {logging_mixin.py:190} INFO - [2026-01-27T10:44:41.898+0000] {dag.py:4180} INFO - Setting next_dagrun for 01_music_ingestion_realtime to 2026-01-27 09:00:00+00:00, run_after=2026-01-27 10:00:00+00:00
[2026-01-27T10:44:41.923+0000] {processor.py:208} INFO - Processing /opt/airflow/dags/music_ingestion_dag.py took 0.111 seconds
[2026-01-27T10:45:12.250+0000] {processor.py:186} INFO - Started process (PID=1487) to work on /opt/airflow/dags/music_ingestion_dag.py
[2026-01-27T10:45:12.251+0000] {processor.py:914} INFO - Processing file /opt/airflow/dags/music_ingestion_dag.py for tasks to queue
[2026-01-27T10:45:12.254+0000] {logging_mixin.py:190} INFO - [2026-01-27T10:45:12.254+0000] {dagbag.py:588} INFO - Filling up the DagBag from /opt/airflow/dags/music_ingestion_dag.py
[2026-01-27T10:45:12.284+0000] {processor.py:925} INFO - DAG(s) '01_music_ingestion_realtime' retrieved from /opt/airflow/dags/music_ingestion_dag.py
[2026-01-27T10:45:12.311+0000] {logging_mixin.py:190} INFO - [2026-01-27T10:45:12.311+0000] {dag.py:3239} INFO - Sync 1 DAGs
[2026-01-27T10:45:12.335+0000] {logging_mixin.py:190} INFO - [2026-01-27T10:45:12.334+0000] {dag.py:4180} INFO - Setting next_dagrun for 01_music_ingestion_realtime to 2026-01-27 09:00:00+00:00, run_after=2026-01-27 10:00:00+00:00
[2026-01-27T10:45:12.362+0000] {processor.py:208} INFO - Processing /opt/airflow/dags/music_ingestion_dag.py took 0.118 seconds
[2026-01-27T10:45:42.675+0000] {processor.py:186} INFO - Started process (PID=1492) to work on /opt/airflow/dags/music_ingestion_dag.py
[2026-01-27T10:45:42.677+0000] {processor.py:914} INFO - Processing file /opt/airflow/dags/music_ingestion_dag.py for tasks to queue
[2026-01-27T10:45:42.681+0000] {logging_mixin.py:190} INFO - [2026-01-27T10:45:42.680+0000] {dagbag.py:588} INFO - Filling up the DagBag from /opt/airflow/dags/music_ingestion_dag.py
[2026-01-27T10:45:42.722+0000] {processor.py:925} INFO - DAG(s) '01_music_ingestion_realtime' retrieved from /opt/airflow/dags/music_ingestion_dag.py
[2026-01-27T10:45:42.755+0000] {logging_mixin.py:190} INFO - [2026-01-27T10:45:42.755+0000] {dag.py:3239} INFO - Sync 1 DAGs
[2026-01-27T10:45:42.778+0000] {logging_mixin.py:190} INFO - [2026-01-27T10:45:42.777+0000] {dag.py:4180} INFO - Setting next_dagrun for 01_music_ingestion_realtime to 2026-01-27 09:00:00+00:00, run_after=2026-01-27 10:00:00+00:00
[2026-01-27T10:45:42.795+0000] {processor.py:208} INFO - Processing /opt/airflow/dags/music_ingestion_dag.py took 0.129 seconds
[2026-01-27T10:46:13.151+0000] {processor.py:186} INFO - Started process (PID=1497) to work on /opt/airflow/dags/music_ingestion_dag.py
[2026-01-27T10:46:13.152+0000] {processor.py:914} INFO - Processing file /opt/airflow/dags/music_ingestion_dag.py for tasks to queue
[2026-01-27T10:46:13.155+0000] {logging_mixin.py:190} INFO - [2026-01-27T10:46:13.155+0000] {dagbag.py:588} INFO - Filling up the DagBag from /opt/airflow/dags/music_ingestion_dag.py
[2026-01-27T10:46:13.180+0000] {processor.py:925} INFO - DAG(s) '01_music_ingestion_realtime' retrieved from /opt/airflow/dags/music_ingestion_dag.py
[2026-01-27T10:46:13.209+0000] {logging_mixin.py:190} INFO - [2026-01-27T10:46:13.208+0000] {dag.py:3239} INFO - Sync 1 DAGs
[2026-01-27T10:46:13.234+0000] {logging_mixin.py:190} INFO - [2026-01-27T10:46:13.233+0000] {dag.py:4180} INFO - Setting next_dagrun for 01_music_ingestion_realtime to 2026-01-27 09:00:00+00:00, run_after=2026-01-27 10:00:00+00:00
[2026-01-27T10:46:13.259+0000] {processor.py:208} INFO - Processing /opt/airflow/dags/music_ingestion_dag.py took 0.114 seconds
[2026-01-27T10:46:43.580+0000] {processor.py:186} INFO - Started process (PID=1502) to work on /opt/airflow/dags/music_ingestion_dag.py
[2026-01-27T10:46:43.582+0000] {processor.py:914} INFO - Processing file /opt/airflow/dags/music_ingestion_dag.py for tasks to queue
[2026-01-27T10:46:43.586+0000] {logging_mixin.py:190} INFO - [2026-01-27T10:46:43.586+0000] {dagbag.py:588} INFO - Filling up the DagBag from /opt/airflow/dags/music_ingestion_dag.py
[2026-01-27T10:46:43.627+0000] {processor.py:925} INFO - DAG(s) '01_music_ingestion_realtime' retrieved from /opt/airflow/dags/music_ingestion_dag.py
[2026-01-27T10:46:43.664+0000] {logging_mixin.py:190} INFO - [2026-01-27T10:46:43.664+0000] {dag.py:3239} INFO - Sync 1 DAGs
[2026-01-27T10:46:43.696+0000] {logging_mixin.py:190} INFO - [2026-01-27T10:46:43.695+0000] {dag.py:4180} INFO - Setting next_dagrun for 01_music_ingestion_realtime to 2026-01-27 09:00:00+00:00, run_after=2026-01-27 10:00:00+00:00
[2026-01-27T10:46:43.723+0000] {processor.py:208} INFO - Processing /opt/airflow/dags/music_ingestion_dag.py took 0.151 seconds
[2026-01-27T10:47:14.015+0000] {processor.py:186} INFO - Started process (PID=1507) to work on /opt/airflow/dags/music_ingestion_dag.py
[2026-01-27T10:47:14.016+0000] {processor.py:914} INFO - Processing file /opt/airflow/dags/music_ingestion_dag.py for tasks to queue
[2026-01-27T10:47:14.018+0000] {logging_mixin.py:190} INFO - [2026-01-27T10:47:14.018+0000] {dagbag.py:588} INFO - Filling up the DagBag from /opt/airflow/dags/music_ingestion_dag.py
[2026-01-27T10:47:14.044+0000] {processor.py:925} INFO - DAG(s) '01_music_ingestion_realtime' retrieved from /opt/airflow/dags/music_ingestion_dag.py
[2026-01-27T10:47:14.078+0000] {logging_mixin.py:190} INFO - [2026-01-27T10:47:14.078+0000] {dag.py:3239} INFO - Sync 1 DAGs
[2026-01-27T10:47:14.104+0000] {logging_mixin.py:190} INFO - [2026-01-27T10:47:14.103+0000] {dag.py:4180} INFO - Setting next_dagrun for 01_music_ingestion_realtime to 2026-01-27 09:00:00+00:00, run_after=2026-01-27 10:00:00+00:00
[2026-01-27T10:47:14.127+0000] {processor.py:208} INFO - Processing /opt/airflow/dags/music_ingestion_dag.py took 0.118 seconds
[2026-01-27T10:47:44.434+0000] {processor.py:186} INFO - Started process (PID=1512) to work on /opt/airflow/dags/music_ingestion_dag.py
[2026-01-27T10:47:44.436+0000] {processor.py:914} INFO - Processing file /opt/airflow/dags/music_ingestion_dag.py for tasks to queue
[2026-01-27T10:47:44.440+0000] {logging_mixin.py:190} INFO - [2026-01-27T10:47:44.440+0000] {dagbag.py:588} INFO - Filling up the DagBag from /opt/airflow/dags/music_ingestion_dag.py
[2026-01-27T10:47:44.475+0000] {processor.py:925} INFO - DAG(s) '01_music_ingestion_realtime' retrieved from /opt/airflow/dags/music_ingestion_dag.py
[2026-01-27T10:47:44.521+0000] {logging_mixin.py:190} INFO - [2026-01-27T10:47:44.521+0000] {dag.py:3239} INFO - Sync 1 DAGs
[2026-01-27T10:47:44.554+0000] {logging_mixin.py:190} INFO - [2026-01-27T10:47:44.554+0000] {dag.py:4180} INFO - Setting next_dagrun for 01_music_ingestion_realtime to 2026-01-27 09:00:00+00:00, run_after=2026-01-27 10:00:00+00:00
[2026-01-27T10:47:44.576+0000] {processor.py:208} INFO - Processing /opt/airflow/dags/music_ingestion_dag.py took 0.154 seconds
[2026-01-27T10:48:14.733+0000] {processor.py:186} INFO - Started process (PID=1517) to work on /opt/airflow/dags/music_ingestion_dag.py
[2026-01-27T10:48:14.736+0000] {processor.py:914} INFO - Processing file /opt/airflow/dags/music_ingestion_dag.py for tasks to queue
[2026-01-27T10:48:14.739+0000] {logging_mixin.py:190} INFO - [2026-01-27T10:48:14.739+0000] {dagbag.py:588} INFO - Filling up the DagBag from /opt/airflow/dags/music_ingestion_dag.py
[2026-01-27T10:48:14.766+0000] {processor.py:925} INFO - DAG(s) '01_music_ingestion_realtime' retrieved from /opt/airflow/dags/music_ingestion_dag.py
[2026-01-27T10:48:14.801+0000] {logging_mixin.py:190} INFO - [2026-01-27T10:48:14.801+0000] {dag.py:3239} INFO - Sync 1 DAGs
[2026-01-27T10:48:14.832+0000] {logging_mixin.py:190} INFO - [2026-01-27T10:48:14.832+0000] {dag.py:4180} INFO - Setting next_dagrun for 01_music_ingestion_realtime to 2026-01-27 09:00:00+00:00, run_after=2026-01-27 10:00:00+00:00
[2026-01-27T10:48:14.862+0000] {processor.py:208} INFO - Processing /opt/airflow/dags/music_ingestion_dag.py took 0.136 seconds
[2026-01-27T10:48:45.123+0000] {processor.py:186} INFO - Started process (PID=1522) to work on /opt/airflow/dags/music_ingestion_dag.py
[2026-01-27T10:48:45.124+0000] {processor.py:914} INFO - Processing file /opt/airflow/dags/music_ingestion_dag.py for tasks to queue
[2026-01-27T10:48:45.127+0000] {logging_mixin.py:190} INFO - [2026-01-27T10:48:45.127+0000] {dagbag.py:588} INFO - Filling up the DagBag from /opt/airflow/dags/music_ingestion_dag.py
[2026-01-27T10:48:45.153+0000] {processor.py:925} INFO - DAG(s) '01_music_ingestion_realtime' retrieved from /opt/airflow/dags/music_ingestion_dag.py
[2026-01-27T10:48:45.185+0000] {logging_mixin.py:190} INFO - [2026-01-27T10:48:45.185+0000] {dag.py:3239} INFO - Sync 1 DAGs
[2026-01-27T10:48:45.215+0000] {logging_mixin.py:190} INFO - [2026-01-27T10:48:45.214+0000] {dag.py:4180} INFO - Setting next_dagrun for 01_music_ingestion_realtime to 2026-01-27 09:00:00+00:00, run_after=2026-01-27 10:00:00+00:00
[2026-01-27T10:48:45.245+0000] {processor.py:208} INFO - Processing /opt/airflow/dags/music_ingestion_dag.py took 0.128 seconds
[2026-01-27T10:49:15.750+0000] {processor.py:186} INFO - Started process (PID=1527) to work on /opt/airflow/dags/music_ingestion_dag.py
[2026-01-27T10:49:15.754+0000] {processor.py:914} INFO - Processing file /opt/airflow/dags/music_ingestion_dag.py for tasks to queue
[2026-01-27T10:49:15.766+0000] {logging_mixin.py:190} INFO - [2026-01-27T10:49:15.764+0000] {dagbag.py:588} INFO - Filling up the DagBag from /opt/airflow/dags/music_ingestion_dag.py
[2026-01-27T10:49:15.865+0000] {processor.py:925} INFO - DAG(s) '01_music_ingestion_realtime' retrieved from /opt/airflow/dags/music_ingestion_dag.py
[2026-01-27T10:49:15.981+0000] {logging_mixin.py:190} INFO - [2026-01-27T10:49:15.980+0000] {dag.py:3239} INFO - Sync 1 DAGs
[2026-01-27T10:49:16.076+0000] {logging_mixin.py:190} INFO - [2026-01-27T10:49:16.075+0000] {dag.py:4180} INFO - Setting next_dagrun for 01_music_ingestion_realtime to 2026-01-27 09:00:00+00:00, run_after=2026-01-27 10:00:00+00:00
[2026-01-27T10:49:16.171+0000] {processor.py:208} INFO - Processing /opt/airflow/dags/music_ingestion_dag.py took 0.456 seconds
[2026-01-27T10:49:46.548+0000] {processor.py:186} INFO - Started process (PID=1532) to work on /opt/airflow/dags/music_ingestion_dag.py
[2026-01-27T10:49:46.549+0000] {processor.py:914} INFO - Processing file /opt/airflow/dags/music_ingestion_dag.py for tasks to queue
[2026-01-27T10:49:46.560+0000] {logging_mixin.py:190} INFO - [2026-01-27T10:49:46.559+0000] {dagbag.py:588} INFO - Filling up the DagBag from /opt/airflow/dags/music_ingestion_dag.py
[2026-01-27T10:49:46.605+0000] {processor.py:925} INFO - DAG(s) '01_music_ingestion_realtime' retrieved from /opt/airflow/dags/music_ingestion_dag.py
[2026-01-27T10:49:46.655+0000] {logging_mixin.py:190} INFO - [2026-01-27T10:49:46.653+0000] {dag.py:3239} INFO - Sync 1 DAGs
[2026-01-27T10:49:46.686+0000] {logging_mixin.py:190} INFO - [2026-01-27T10:49:46.686+0000] {dag.py:4180} INFO - Setting next_dagrun for 01_music_ingestion_realtime to 2026-01-27 09:00:00+00:00, run_after=2026-01-27 10:00:00+00:00
[2026-01-27T10:49:46.709+0000] {processor.py:208} INFO - Processing /opt/airflow/dags/music_ingestion_dag.py took 0.172 seconds
[2026-01-27T10:50:16.984+0000] {processor.py:186} INFO - Started process (PID=1537) to work on /opt/airflow/dags/music_ingestion_dag.py
[2026-01-27T10:50:16.985+0000] {processor.py:914} INFO - Processing file /opt/airflow/dags/music_ingestion_dag.py for tasks to queue
[2026-01-27T10:50:16.988+0000] {logging_mixin.py:190} INFO - [2026-01-27T10:50:16.988+0000] {dagbag.py:588} INFO - Filling up the DagBag from /opt/airflow/dags/music_ingestion_dag.py
[2026-01-27T10:50:17.014+0000] {processor.py:925} INFO - DAG(s) '01_music_ingestion_realtime' retrieved from /opt/airflow/dags/music_ingestion_dag.py
[2026-01-27T10:50:17.055+0000] {logging_mixin.py:190} INFO - [2026-01-27T10:50:17.055+0000] {dag.py:3239} INFO - Sync 1 DAGs
[2026-01-27T10:50:17.099+0000] {logging_mixin.py:190} INFO - [2026-01-27T10:50:17.099+0000] {dag.py:4180} INFO - Setting next_dagrun for 01_music_ingestion_realtime to 2026-01-27 09:00:00+00:00, run_after=2026-01-27 10:00:00+00:00
[2026-01-27T10:50:17.126+0000] {processor.py:208} INFO - Processing /opt/airflow/dags/music_ingestion_dag.py took 0.150 seconds
[2026-01-27T10:50:47.435+0000] {processor.py:186} INFO - Started process (PID=1542) to work on /opt/airflow/dags/music_ingestion_dag.py
[2026-01-27T10:50:47.436+0000] {processor.py:914} INFO - Processing file /opt/airflow/dags/music_ingestion_dag.py for tasks to queue
[2026-01-27T10:50:47.441+0000] {logging_mixin.py:190} INFO - [2026-01-27T10:50:47.440+0000] {dagbag.py:588} INFO - Filling up the DagBag from /opt/airflow/dags/music_ingestion_dag.py
[2026-01-27T10:50:47.464+0000] {processor.py:925} INFO - DAG(s) '01_music_ingestion_realtime' retrieved from /opt/airflow/dags/music_ingestion_dag.py
[2026-01-27T10:50:47.514+0000] {logging_mixin.py:190} INFO - [2026-01-27T10:50:47.514+0000] {dag.py:3239} INFO - Sync 1 DAGs
[2026-01-27T10:50:47.540+0000] {logging_mixin.py:190} INFO - [2026-01-27T10:50:47.540+0000] {dag.py:4180} INFO - Setting next_dagrun for 01_music_ingestion_realtime to 2026-01-27 09:00:00+00:00, run_after=2026-01-27 10:00:00+00:00
[2026-01-27T10:50:47.579+0000] {processor.py:208} INFO - Processing /opt/airflow/dags/music_ingestion_dag.py took 0.150 seconds
[2026-01-27T10:51:17.802+0000] {processor.py:186} INFO - Started process (PID=1547) to work on /opt/airflow/dags/music_ingestion_dag.py
[2026-01-27T10:51:17.804+0000] {processor.py:914} INFO - Processing file /opt/airflow/dags/music_ingestion_dag.py for tasks to queue
[2026-01-27T10:51:17.807+0000] {logging_mixin.py:190} INFO - [2026-01-27T10:51:17.807+0000] {dagbag.py:588} INFO - Filling up the DagBag from /opt/airflow/dags/music_ingestion_dag.py
[2026-01-27T10:51:17.847+0000] {processor.py:925} INFO - DAG(s) '01_music_ingestion_realtime' retrieved from /opt/airflow/dags/music_ingestion_dag.py
[2026-01-27T10:51:17.878+0000] {logging_mixin.py:190} INFO - [2026-01-27T10:51:17.878+0000] {dag.py:3239} INFO - Sync 1 DAGs
[2026-01-27T10:51:17.904+0000] {logging_mixin.py:190} INFO - [2026-01-27T10:51:17.904+0000] {dag.py:4180} INFO - Setting next_dagrun for 01_music_ingestion_realtime to 2026-01-27 09:00:00+00:00, run_after=2026-01-27 10:00:00+00:00
[2026-01-27T10:51:17.932+0000] {processor.py:208} INFO - Processing /opt/airflow/dags/music_ingestion_dag.py took 0.137 seconds
[2026-01-27T10:51:48.319+0000] {processor.py:186} INFO - Started process (PID=1552) to work on /opt/airflow/dags/music_ingestion_dag.py
[2026-01-27T10:51:48.320+0000] {processor.py:914} INFO - Processing file /opt/airflow/dags/music_ingestion_dag.py for tasks to queue
[2026-01-27T10:51:48.323+0000] {logging_mixin.py:190} INFO - [2026-01-27T10:51:48.322+0000] {dagbag.py:588} INFO - Filling up the DagBag from /opt/airflow/dags/music_ingestion_dag.py
[2026-01-27T10:51:48.345+0000] {processor.py:925} INFO - DAG(s) '01_music_ingestion_realtime' retrieved from /opt/airflow/dags/music_ingestion_dag.py
[2026-01-27T10:51:48.379+0000] {logging_mixin.py:190} INFO - [2026-01-27T10:51:48.379+0000] {dag.py:3239} INFO - Sync 1 DAGs
[2026-01-27T10:51:48.410+0000] {logging_mixin.py:190} INFO - [2026-01-27T10:51:48.410+0000] {dag.py:4180} INFO - Setting next_dagrun for 01_music_ingestion_realtime to 2026-01-27 09:00:00+00:00, run_after=2026-01-27 10:00:00+00:00
[2026-01-27T10:51:48.440+0000] {processor.py:208} INFO - Processing /opt/airflow/dags/music_ingestion_dag.py took 0.128 seconds
[2026-01-27T10:52:18.672+0000] {processor.py:186} INFO - Started process (PID=1557) to work on /opt/airflow/dags/music_ingestion_dag.py
[2026-01-27T10:52:18.673+0000] {processor.py:914} INFO - Processing file /opt/airflow/dags/music_ingestion_dag.py for tasks to queue
[2026-01-27T10:52:18.676+0000] {logging_mixin.py:190} INFO - [2026-01-27T10:52:18.675+0000] {dagbag.py:588} INFO - Filling up the DagBag from /opt/airflow/dags/music_ingestion_dag.py
[2026-01-27T10:52:18.699+0000] {processor.py:925} INFO - DAG(s) '01_music_ingestion_realtime' retrieved from /opt/airflow/dags/music_ingestion_dag.py
[2026-01-27T10:52:18.738+0000] {logging_mixin.py:190} INFO - [2026-01-27T10:52:18.738+0000] {dag.py:3239} INFO - Sync 1 DAGs
[2026-01-27T10:52:18.772+0000] {logging_mixin.py:190} INFO - [2026-01-27T10:52:18.772+0000] {dag.py:4180} INFO - Setting next_dagrun for 01_music_ingestion_realtime to 2026-01-27 09:00:00+00:00, run_after=2026-01-27 10:00:00+00:00
[2026-01-27T10:52:18.801+0000] {processor.py:208} INFO - Processing /opt/airflow/dags/music_ingestion_dag.py took 0.136 seconds
[2026-01-27T10:52:49.171+0000] {processor.py:186} INFO - Started process (PID=1562) to work on /opt/airflow/dags/music_ingestion_dag.py
[2026-01-27T10:52:49.172+0000] {processor.py:914} INFO - Processing file /opt/airflow/dags/music_ingestion_dag.py for tasks to queue
[2026-01-27T10:52:49.175+0000] {logging_mixin.py:190} INFO - [2026-01-27T10:52:49.175+0000] {dagbag.py:588} INFO - Filling up the DagBag from /opt/airflow/dags/music_ingestion_dag.py
[2026-01-27T10:52:49.208+0000] {processor.py:925} INFO - DAG(s) '01_music_ingestion_realtime' retrieved from /opt/airflow/dags/music_ingestion_dag.py
[2026-01-27T10:52:49.237+0000] {logging_mixin.py:190} INFO - [2026-01-27T10:52:49.237+0000] {dag.py:3239} INFO - Sync 1 DAGs
[2026-01-27T10:52:49.261+0000] {logging_mixin.py:190} INFO - [2026-01-27T10:52:49.261+0000] {dag.py:4180} INFO - Setting next_dagrun for 01_music_ingestion_realtime to 2026-01-27 09:00:00+00:00, run_after=2026-01-27 10:00:00+00:00
[2026-01-27T10:52:49.290+0000] {processor.py:208} INFO - Processing /opt/airflow/dags/music_ingestion_dag.py took 0.125 seconds
[2026-01-27T10:53:19.525+0000] {processor.py:186} INFO - Started process (PID=1567) to work on /opt/airflow/dags/music_ingestion_dag.py
[2026-01-27T10:53:19.526+0000] {processor.py:914} INFO - Processing file /opt/airflow/dags/music_ingestion_dag.py for tasks to queue
[2026-01-27T10:53:19.529+0000] {logging_mixin.py:190} INFO - [2026-01-27T10:53:19.529+0000] {dagbag.py:588} INFO - Filling up the DagBag from /opt/airflow/dags/music_ingestion_dag.py
[2026-01-27T10:53:19.554+0000] {processor.py:925} INFO - DAG(s) '01_music_ingestion_realtime' retrieved from /opt/airflow/dags/music_ingestion_dag.py
[2026-01-27T10:53:19.598+0000] {logging_mixin.py:190} INFO - [2026-01-27T10:53:19.598+0000] {dag.py:3239} INFO - Sync 1 DAGs
[2026-01-27T10:53:19.631+0000] {logging_mixin.py:190} INFO - [2026-01-27T10:53:19.631+0000] {dag.py:4180} INFO - Setting next_dagrun for 01_music_ingestion_realtime to 2026-01-27 09:00:00+00:00, run_after=2026-01-27 10:00:00+00:00
[2026-01-27T10:53:19.663+0000] {processor.py:208} INFO - Processing /opt/airflow/dags/music_ingestion_dag.py took 0.145 seconds
[2026-01-27T10:53:49.937+0000] {processor.py:186} INFO - Started process (PID=1572) to work on /opt/airflow/dags/music_ingestion_dag.py
[2026-01-27T10:53:49.938+0000] {processor.py:914} INFO - Processing file /opt/airflow/dags/music_ingestion_dag.py for tasks to queue
[2026-01-27T10:53:49.942+0000] {logging_mixin.py:190} INFO - [2026-01-27T10:53:49.941+0000] {dagbag.py:588} INFO - Filling up the DagBag from /opt/airflow/dags/music_ingestion_dag.py
[2026-01-27T10:53:49.967+0000] {processor.py:925} INFO - DAG(s) '01_music_ingestion_realtime' retrieved from /opt/airflow/dags/music_ingestion_dag.py
[2026-01-27T10:53:49.996+0000] {logging_mixin.py:190} INFO - [2026-01-27T10:53:49.996+0000] {dag.py:3239} INFO - Sync 1 DAGs
[2026-01-27T10:53:50.024+0000] {logging_mixin.py:190} INFO - [2026-01-27T10:53:50.023+0000] {dag.py:4180} INFO - Setting next_dagrun for 01_music_ingestion_realtime to 2026-01-27 09:00:00+00:00, run_after=2026-01-27 10:00:00+00:00
[2026-01-27T10:53:50.056+0000] {processor.py:208} INFO - Processing /opt/airflow/dags/music_ingestion_dag.py took 0.125 seconds
[2026-01-27T10:54:20.356+0000] {processor.py:186} INFO - Started process (PID=1577) to work on /opt/airflow/dags/music_ingestion_dag.py
[2026-01-27T10:54:20.358+0000] {processor.py:914} INFO - Processing file /opt/airflow/dags/music_ingestion_dag.py for tasks to queue
[2026-01-27T10:54:20.360+0000] {logging_mixin.py:190} INFO - [2026-01-27T10:54:20.360+0000] {dagbag.py:588} INFO - Filling up the DagBag from /opt/airflow/dags/music_ingestion_dag.py
[2026-01-27T10:54:20.381+0000] {processor.py:925} INFO - DAG(s) '01_music_ingestion_realtime' retrieved from /opt/airflow/dags/music_ingestion_dag.py
[2026-01-27T10:54:20.416+0000] {logging_mixin.py:190} INFO - [2026-01-27T10:54:20.415+0000] {dag.py:3239} INFO - Sync 1 DAGs
[2026-01-27T10:54:20.450+0000] {logging_mixin.py:190} INFO - [2026-01-27T10:54:20.449+0000] {dag.py:4180} INFO - Setting next_dagrun for 01_music_ingestion_realtime to 2026-01-27 09:00:00+00:00, run_after=2026-01-27 10:00:00+00:00
[2026-01-27T10:54:20.481+0000] {processor.py:208} INFO - Processing /opt/airflow/dags/music_ingestion_dag.py took 0.131 seconds
[2026-01-27T10:54:50.693+0000] {processor.py:186} INFO - Started process (PID=1582) to work on /opt/airflow/dags/music_ingestion_dag.py
[2026-01-27T10:54:50.695+0000] {processor.py:914} INFO - Processing file /opt/airflow/dags/music_ingestion_dag.py for tasks to queue
[2026-01-27T10:54:50.700+0000] {logging_mixin.py:190} INFO - [2026-01-27T10:54:50.699+0000] {dagbag.py:588} INFO - Filling up the DagBag from /opt/airflow/dags/music_ingestion_dag.py
[2026-01-27T10:54:50.739+0000] {processor.py:925} INFO - DAG(s) '01_music_ingestion_realtime' retrieved from /opt/airflow/dags/music_ingestion_dag.py
[2026-01-27T10:54:50.777+0000] {logging_mixin.py:190} INFO - [2026-01-27T10:54:50.776+0000] {dag.py:3239} INFO - Sync 1 DAGs
[2026-01-27T10:54:50.815+0000] {logging_mixin.py:190} INFO - [2026-01-27T10:54:50.814+0000] {dag.py:4180} INFO - Setting next_dagrun for 01_music_ingestion_realtime to 2026-01-27 09:00:00+00:00, run_after=2026-01-27 10:00:00+00:00
[2026-01-27T10:54:50.844+0000] {processor.py:208} INFO - Processing /opt/airflow/dags/music_ingestion_dag.py took 0.157 seconds
[2026-01-27T10:55:21.424+0000] {processor.py:186} INFO - Started process (PID=1587) to work on /opt/airflow/dags/music_ingestion_dag.py
[2026-01-27T10:55:21.432+0000] {processor.py:914} INFO - Processing file /opt/airflow/dags/music_ingestion_dag.py for tasks to queue
[2026-01-27T10:55:21.454+0000] {logging_mixin.py:190} INFO - [2026-01-27T10:55:21.451+0000] {dagbag.py:588} INFO - Filling up the DagBag from /opt/airflow/dags/music_ingestion_dag.py
[2026-01-27T10:55:21.581+0000] {processor.py:925} INFO - DAG(s) '01_music_ingestion_realtime' retrieved from /opt/airflow/dags/music_ingestion_dag.py
[2026-01-27T10:55:21.833+0000] {logging_mixin.py:190} INFO - [2026-01-27T10:55:21.832+0000] {dag.py:3239} INFO - Sync 1 DAGs
[2026-01-27T10:55:22.292+0000] {logging_mixin.py:190} INFO - [2026-01-27T10:55:22.290+0000] {dag.py:4180} INFO - Setting next_dagrun for 01_music_ingestion_realtime to 2026-01-27 09:00:00+00:00, run_after=2026-01-27 10:00:00+00:00
[2026-01-27T10:55:22.443+0000] {processor.py:208} INFO - Processing /opt/airflow/dags/music_ingestion_dag.py took 1.070 seconds
[2026-01-27T10:55:52.702+0000] {processor.py:186} INFO - Started process (PID=1592) to work on /opt/airflow/dags/music_ingestion_dag.py
[2026-01-27T10:55:52.703+0000] {processor.py:914} INFO - Processing file /opt/airflow/dags/music_ingestion_dag.py for tasks to queue
[2026-01-27T10:55:52.707+0000] {logging_mixin.py:190} INFO - [2026-01-27T10:55:52.707+0000] {dagbag.py:588} INFO - Filling up the DagBag from /opt/airflow/dags/music_ingestion_dag.py
[2026-01-27T10:55:52.735+0000] {processor.py:925} INFO - DAG(s) '01_music_ingestion_realtime' retrieved from /opt/airflow/dags/music_ingestion_dag.py
[2026-01-27T10:55:52.772+0000] {logging_mixin.py:190} INFO - [2026-01-27T10:55:52.772+0000] {dag.py:3239} INFO - Sync 1 DAGs
[2026-01-27T10:55:52.798+0000] {logging_mixin.py:190} INFO - [2026-01-27T10:55:52.798+0000] {dag.py:4180} INFO - Setting next_dagrun for 01_music_ingestion_realtime to 2026-01-27 09:00:00+00:00, run_after=2026-01-27 10:00:00+00:00
[2026-01-27T10:55:52.825+0000] {processor.py:208} INFO - Processing /opt/airflow/dags/music_ingestion_dag.py took 0.129 seconds
[2026-01-27T10:56:23.170+0000] {processor.py:186} INFO - Started process (PID=1597) to work on /opt/airflow/dags/music_ingestion_dag.py
[2026-01-27T10:56:23.172+0000] {processor.py:914} INFO - Processing file /opt/airflow/dags/music_ingestion_dag.py for tasks to queue
[2026-01-27T10:56:23.175+0000] {logging_mixin.py:190} INFO - [2026-01-27T10:56:23.175+0000] {dagbag.py:588} INFO - Filling up the DagBag from /opt/airflow/dags/music_ingestion_dag.py
[2026-01-27T10:56:23.211+0000] {processor.py:925} INFO - DAG(s) '01_music_ingestion_realtime' retrieved from /opt/airflow/dags/music_ingestion_dag.py
[2026-01-27T10:56:23.244+0000] {logging_mixin.py:190} INFO - [2026-01-27T10:56:23.243+0000] {dag.py:3239} INFO - Sync 1 DAGs
[2026-01-27T10:56:23.270+0000] {logging_mixin.py:190} INFO - [2026-01-27T10:56:23.270+0000] {dag.py:4180} INFO - Setting next_dagrun for 01_music_ingestion_realtime to 2026-01-27 09:00:00+00:00, run_after=2026-01-27 10:00:00+00:00
[2026-01-27T10:56:23.295+0000] {processor.py:208} INFO - Processing /opt/airflow/dags/music_ingestion_dag.py took 0.130 seconds
[2026-01-27T10:56:53.668+0000] {processor.py:186} INFO - Started process (PID=1602) to work on /opt/airflow/dags/music_ingestion_dag.py
[2026-01-27T10:56:53.670+0000] {processor.py:914} INFO - Processing file /opt/airflow/dags/music_ingestion_dag.py for tasks to queue
[2026-01-27T10:56:53.673+0000] {logging_mixin.py:190} INFO - [2026-01-27T10:56:53.673+0000] {dagbag.py:588} INFO - Filling up the DagBag from /opt/airflow/dags/music_ingestion_dag.py
[2026-01-27T10:56:53.712+0000] {processor.py:925} INFO - DAG(s) '01_music_ingestion_realtime' retrieved from /opt/airflow/dags/music_ingestion_dag.py
[2026-01-27T10:56:53.745+0000] {logging_mixin.py:190} INFO - [2026-01-27T10:56:53.744+0000] {dag.py:3239} INFO - Sync 1 DAGs
[2026-01-27T10:56:53.774+0000] {logging_mixin.py:190} INFO - [2026-01-27T10:56:53.774+0000] {dag.py:4180} INFO - Setting next_dagrun for 01_music_ingestion_realtime to 2026-01-27 09:00:00+00:00, run_after=2026-01-27 10:00:00+00:00
[2026-01-27T10:56:53.804+0000] {processor.py:208} INFO - Processing /opt/airflow/dags/music_ingestion_dag.py took 0.141 seconds
[2026-01-27T10:57:24.060+0000] {processor.py:186} INFO - Started process (PID=1607) to work on /opt/airflow/dags/music_ingestion_dag.py
[2026-01-27T10:57:24.062+0000] {processor.py:914} INFO - Processing file /opt/airflow/dags/music_ingestion_dag.py for tasks to queue
[2026-01-27T10:57:24.066+0000] {logging_mixin.py:190} INFO - [2026-01-27T10:57:24.066+0000] {dagbag.py:588} INFO - Filling up the DagBag from /opt/airflow/dags/music_ingestion_dag.py
[2026-01-27T10:57:24.112+0000] {processor.py:925} INFO - DAG(s) '01_music_ingestion_realtime' retrieved from /opt/airflow/dags/music_ingestion_dag.py
[2026-01-27T10:57:24.150+0000] {logging_mixin.py:190} INFO - [2026-01-27T10:57:24.150+0000] {dag.py:3239} INFO - Sync 1 DAGs
[2026-01-27T10:57:24.184+0000] {logging_mixin.py:190} INFO - [2026-01-27T10:57:24.184+0000] {dag.py:4180} INFO - Setting next_dagrun for 01_music_ingestion_realtime to 2026-01-27 09:00:00+00:00, run_after=2026-01-27 10:00:00+00:00
[2026-01-27T10:57:24.213+0000] {processor.py:208} INFO - Processing /opt/airflow/dags/music_ingestion_dag.py took 0.160 seconds
[2026-01-27T10:57:54.555+0000] {processor.py:186} INFO - Started process (PID=1612) to work on /opt/airflow/dags/music_ingestion_dag.py
[2026-01-27T10:57:54.556+0000] {processor.py:914} INFO - Processing file /opt/airflow/dags/music_ingestion_dag.py for tasks to queue
[2026-01-27T10:57:54.559+0000] {logging_mixin.py:190} INFO - [2026-01-27T10:57:54.559+0000] {dagbag.py:588} INFO - Filling up the DagBag from /opt/airflow/dags/music_ingestion_dag.py
[2026-01-27T10:57:54.585+0000] {processor.py:925} INFO - DAG(s) '01_music_ingestion_realtime' retrieved from /opt/airflow/dags/music_ingestion_dag.py
[2026-01-27T10:57:54.613+0000] {logging_mixin.py:190} INFO - [2026-01-27T10:57:54.613+0000] {dag.py:3239} INFO - Sync 1 DAGs
[2026-01-27T10:57:54.640+0000] {logging_mixin.py:190} INFO - [2026-01-27T10:57:54.640+0000] {dag.py:4180} INFO - Setting next_dagrun for 01_music_ingestion_realtime to 2026-01-27 09:00:00+00:00, run_after=2026-01-27 10:00:00+00:00
[2026-01-27T10:57:54.667+0000] {processor.py:208} INFO - Processing /opt/airflow/dags/music_ingestion_dag.py took 0.117 seconds
[2026-01-27T10:58:24.929+0000] {processor.py:186} INFO - Started process (PID=1617) to work on /opt/airflow/dags/music_ingestion_dag.py
[2026-01-27T10:58:24.931+0000] {processor.py:914} INFO - Processing file /opt/airflow/dags/music_ingestion_dag.py for tasks to queue
[2026-01-27T10:58:24.935+0000] {logging_mixin.py:190} INFO - [2026-01-27T10:58:24.934+0000] {dagbag.py:588} INFO - Filling up the DagBag from /opt/airflow/dags/music_ingestion_dag.py
[2026-01-27T10:58:24.965+0000] {processor.py:925} INFO - DAG(s) '01_music_ingestion_realtime' retrieved from /opt/airflow/dags/music_ingestion_dag.py
[2026-01-27T10:58:24.999+0000] {logging_mixin.py:190} INFO - [2026-01-27T10:58:24.999+0000] {dag.py:3239} INFO - Sync 1 DAGs
[2026-01-27T10:58:25.028+0000] {logging_mixin.py:190} INFO - [2026-01-27T10:58:25.028+0000] {dag.py:4180} INFO - Setting next_dagrun for 01_music_ingestion_realtime to 2026-01-27 09:00:00+00:00, run_after=2026-01-27 10:00:00+00:00
[2026-01-27T10:58:25.058+0000] {processor.py:208} INFO - Processing /opt/airflow/dags/music_ingestion_dag.py took 0.137 seconds
[2026-01-27T10:58:55.426+0000] {processor.py:186} INFO - Started process (PID=1622) to work on /opt/airflow/dags/music_ingestion_dag.py
[2026-01-27T10:58:55.427+0000] {processor.py:914} INFO - Processing file /opt/airflow/dags/music_ingestion_dag.py for tasks to queue
[2026-01-27T10:58:55.429+0000] {logging_mixin.py:190} INFO - [2026-01-27T10:58:55.429+0000] {dagbag.py:588} INFO - Filling up the DagBag from /opt/airflow/dags/music_ingestion_dag.py
[2026-01-27T10:58:55.450+0000] {processor.py:925} INFO - DAG(s) '01_music_ingestion_realtime' retrieved from /opt/airflow/dags/music_ingestion_dag.py
[2026-01-27T10:58:55.476+0000] {logging_mixin.py:190} INFO - [2026-01-27T10:58:55.476+0000] {dag.py:3239} INFO - Sync 1 DAGs
[2026-01-27T10:58:55.501+0000] {logging_mixin.py:190} INFO - [2026-01-27T10:58:55.501+0000] {dag.py:4180} INFO - Setting next_dagrun for 01_music_ingestion_realtime to 2026-01-27 09:00:00+00:00, run_after=2026-01-27 10:00:00+00:00
[2026-01-27T10:58:55.529+0000] {processor.py:208} INFO - Processing /opt/airflow/dags/music_ingestion_dag.py took 0.109 seconds
[2026-01-27T10:59:25.762+0000] {processor.py:186} INFO - Started process (PID=1627) to work on /opt/airflow/dags/music_ingestion_dag.py
[2026-01-27T10:59:25.763+0000] {processor.py:914} INFO - Processing file /opt/airflow/dags/music_ingestion_dag.py for tasks to queue
[2026-01-27T10:59:25.766+0000] {logging_mixin.py:190} INFO - [2026-01-27T10:59:25.766+0000] {dagbag.py:588} INFO - Filling up the DagBag from /opt/airflow/dags/music_ingestion_dag.py
[2026-01-27T10:59:25.803+0000] {processor.py:925} INFO - DAG(s) '01_music_ingestion_realtime' retrieved from /opt/airflow/dags/music_ingestion_dag.py
[2026-01-27T10:59:25.834+0000] {logging_mixin.py:190} INFO - [2026-01-27T10:59:25.834+0000] {dag.py:3239} INFO - Sync 1 DAGs
[2026-01-27T10:59:25.861+0000] {logging_mixin.py:190} INFO - [2026-01-27T10:59:25.861+0000] {dag.py:4180} INFO - Setting next_dagrun for 01_music_ingestion_realtime to 2026-01-27 09:00:00+00:00, run_after=2026-01-27 10:00:00+00:00
[2026-01-27T10:59:25.888+0000] {processor.py:208} INFO - Processing /opt/airflow/dags/music_ingestion_dag.py took 0.133 seconds
[2026-01-27T10:59:56.137+0000] {processor.py:186} INFO - Started process (PID=1632) to work on /opt/airflow/dags/music_ingestion_dag.py
[2026-01-27T10:59:56.139+0000] {processor.py:914} INFO - Processing file /opt/airflow/dags/music_ingestion_dag.py for tasks to queue
[2026-01-27T10:59:56.147+0000] {logging_mixin.py:190} INFO - [2026-01-27T10:59:56.146+0000] {dagbag.py:588} INFO - Filling up the DagBag from /opt/airflow/dags/music_ingestion_dag.py
[2026-01-27T10:59:56.197+0000] {processor.py:925} INFO - DAG(s) '01_music_ingestion_realtime' retrieved from /opt/airflow/dags/music_ingestion_dag.py
[2026-01-27T10:59:56.228+0000] {logging_mixin.py:190} INFO - [2026-01-27T10:59:56.228+0000] {dag.py:3239} INFO - Sync 1 DAGs
[2026-01-27T10:59:56.255+0000] {logging_mixin.py:190} INFO - [2026-01-27T10:59:56.255+0000] {dag.py:4180} INFO - Setting next_dagrun for 01_music_ingestion_realtime to 2026-01-27 09:00:00+00:00, run_after=2026-01-27 10:00:00+00:00
[2026-01-27T10:59:56.278+0000] {processor.py:208} INFO - Processing /opt/airflow/dags/music_ingestion_dag.py took 0.151 seconds
[2026-01-27T11:00:26.425+0000] {processor.py:186} INFO - Started process (PID=1637) to work on /opt/airflow/dags/music_ingestion_dag.py
[2026-01-27T11:00:26.426+0000] {processor.py:914} INFO - Processing file /opt/airflow/dags/music_ingestion_dag.py for tasks to queue
[2026-01-27T11:00:26.429+0000] {logging_mixin.py:190} INFO - [2026-01-27T11:00:26.429+0000] {dagbag.py:588} INFO - Filling up the DagBag from /opt/airflow/dags/music_ingestion_dag.py
[2026-01-27T11:00:26.463+0000] {processor.py:925} INFO - DAG(s) '01_music_ingestion_realtime' retrieved from /opt/airflow/dags/music_ingestion_dag.py
[2026-01-27T11:00:26.496+0000] {logging_mixin.py:190} INFO - [2026-01-27T11:00:26.496+0000] {dag.py:3239} INFO - Sync 1 DAGs
[2026-01-27T11:00:26.527+0000] {logging_mixin.py:190} INFO - [2026-01-27T11:00:26.527+0000] {dag.py:4180} INFO - Setting next_dagrun for 01_music_ingestion_realtime to 2026-01-27 10:00:00+00:00, run_after=2026-01-27 11:00:00+00:00
[2026-01-27T11:00:26.554+0000] {processor.py:208} INFO - Processing /opt/airflow/dags/music_ingestion_dag.py took 0.135 seconds
[2026-01-27T11:00:57.114+0000] {processor.py:186} INFO - Started process (PID=1642) to work on /opt/airflow/dags/music_ingestion_dag.py
[2026-01-27T11:00:57.117+0000] {processor.py:914} INFO - Processing file /opt/airflow/dags/music_ingestion_dag.py for tasks to queue
[2026-01-27T11:00:57.132+0000] {logging_mixin.py:190} INFO - [2026-01-27T11:00:57.130+0000] {dagbag.py:588} INFO - Filling up the DagBag from /opt/airflow/dags/music_ingestion_dag.py
[2026-01-27T11:00:57.217+0000] {processor.py:925} INFO - DAG(s) '01_music_ingestion_realtime' retrieved from /opt/airflow/dags/music_ingestion_dag.py
[2026-01-27T11:00:57.378+0000] {logging_mixin.py:190} INFO - [2026-01-27T11:00:57.378+0000] {dag.py:3239} INFO - Sync 1 DAGs
[2026-01-27T11:00:57.508+0000] {logging_mixin.py:190} INFO - [2026-01-27T11:00:57.505+0000] {dag.py:4180} INFO - Setting next_dagrun for 01_music_ingestion_realtime to 2026-01-27 10:00:00+00:00, run_after=2026-01-27 11:00:00+00:00
[2026-01-27T11:00:57.664+0000] {processor.py:208} INFO - Processing /opt/airflow/dags/music_ingestion_dag.py took 0.597 seconds
[2026-01-27T11:01:28.111+0000] {processor.py:186} INFO - Started process (PID=1647) to work on /opt/airflow/dags/music_ingestion_dag.py
[2026-01-27T11:01:28.113+0000] {processor.py:914} INFO - Processing file /opt/airflow/dags/music_ingestion_dag.py for tasks to queue
[2026-01-27T11:01:28.116+0000] {logging_mixin.py:190} INFO - [2026-01-27T11:01:28.116+0000] {dagbag.py:588} INFO - Filling up the DagBag from /opt/airflow/dags/music_ingestion_dag.py
[2026-01-27T11:01:28.146+0000] {processor.py:925} INFO - DAG(s) '01_music_ingestion_realtime' retrieved from /opt/airflow/dags/music_ingestion_dag.py
[2026-01-27T11:01:28.183+0000] {logging_mixin.py:190} INFO - [2026-01-27T11:01:28.183+0000] {dag.py:3239} INFO - Sync 1 DAGs
[2026-01-27T11:01:28.210+0000] {logging_mixin.py:190} INFO - [2026-01-27T11:01:28.210+0000] {dag.py:4180} INFO - Setting next_dagrun for 01_music_ingestion_realtime to 2026-01-27 10:00:00+00:00, run_after=2026-01-27 11:00:00+00:00
[2026-01-27T11:01:28.244+0000] {processor.py:208} INFO - Processing /opt/airflow/dags/music_ingestion_dag.py took 0.139 seconds
[2026-01-27T11:01:58.460+0000] {processor.py:186} INFO - Started process (PID=1652) to work on /opt/airflow/dags/music_ingestion_dag.py
[2026-01-27T11:01:58.461+0000] {processor.py:914} INFO - Processing file /opt/airflow/dags/music_ingestion_dag.py for tasks to queue
[2026-01-27T11:01:58.464+0000] {logging_mixin.py:190} INFO - [2026-01-27T11:01:58.463+0000] {dagbag.py:588} INFO - Filling up the DagBag from /opt/airflow/dags/music_ingestion_dag.py
[2026-01-27T11:01:58.513+0000] {processor.py:925} INFO - DAG(s) '01_music_ingestion_realtime' retrieved from /opt/airflow/dags/music_ingestion_dag.py
[2026-01-27T11:01:58.550+0000] {logging_mixin.py:190} INFO - [2026-01-27T11:01:58.550+0000] {dag.py:3239} INFO - Sync 1 DAGs
[2026-01-27T11:01:58.574+0000] {logging_mixin.py:190} INFO - [2026-01-27T11:01:58.574+0000] {dag.py:4180} INFO - Setting next_dagrun for 01_music_ingestion_realtime to 2026-01-27 10:00:00+00:00, run_after=2026-01-27 11:00:00+00:00
[2026-01-27T11:01:58.601+0000] {processor.py:208} INFO - Processing /opt/airflow/dags/music_ingestion_dag.py took 0.148 seconds
[2026-01-27T11:02:29.064+0000] {processor.py:186} INFO - Started process (PID=1657) to work on /opt/airflow/dags/music_ingestion_dag.py
[2026-01-27T11:02:29.066+0000] {processor.py:914} INFO - Processing file /opt/airflow/dags/music_ingestion_dag.py for tasks to queue
[2026-01-27T11:02:29.069+0000] {logging_mixin.py:190} INFO - [2026-01-27T11:02:29.069+0000] {dagbag.py:588} INFO - Filling up the DagBag from /opt/airflow/dags/music_ingestion_dag.py
[2026-01-27T11:02:29.100+0000] {processor.py:925} INFO - DAG(s) '01_music_ingestion_realtime' retrieved from /opt/airflow/dags/music_ingestion_dag.py
[2026-01-27T11:02:29.142+0000] {logging_mixin.py:190} INFO - [2026-01-27T11:02:29.142+0000] {dag.py:3239} INFO - Sync 1 DAGs
[2026-01-27T11:02:29.169+0000] {logging_mixin.py:190} INFO - [2026-01-27T11:02:29.169+0000] {dag.py:4180} INFO - Setting next_dagrun for 01_music_ingestion_realtime to 2026-01-27 10:00:00+00:00, run_after=2026-01-27 11:00:00+00:00
[2026-01-27T11:02:29.193+0000] {processor.py:208} INFO - Processing /opt/airflow/dags/music_ingestion_dag.py took 0.137 seconds
[2026-01-27T11:02:59.418+0000] {processor.py:186} INFO - Started process (PID=1662) to work on /opt/airflow/dags/music_ingestion_dag.py
[2026-01-27T11:02:59.421+0000] {processor.py:914} INFO - Processing file /opt/airflow/dags/music_ingestion_dag.py for tasks to queue
[2026-01-27T11:02:59.427+0000] {logging_mixin.py:190} INFO - [2026-01-27T11:02:59.427+0000] {dagbag.py:588} INFO - Filling up the DagBag from /opt/airflow/dags/music_ingestion_dag.py
[2026-01-27T11:02:59.469+0000] {processor.py:925} INFO - DAG(s) '01_music_ingestion_realtime' retrieved from /opt/airflow/dags/music_ingestion_dag.py
[2026-01-27T11:02:59.522+0000] {logging_mixin.py:190} INFO - [2026-01-27T11:02:59.522+0000] {dag.py:3239} INFO - Sync 1 DAGs
[2026-01-27T11:02:59.568+0000] {logging_mixin.py:190} INFO - [2026-01-27T11:02:59.568+0000] {dag.py:4180} INFO - Setting next_dagrun for 01_music_ingestion_realtime to 2026-01-27 10:00:00+00:00, run_after=2026-01-27 11:00:00+00:00
[2026-01-27T11:02:59.601+0000] {processor.py:208} INFO - Processing /opt/airflow/dags/music_ingestion_dag.py took 0.193 seconds
[2026-01-27T11:03:29.836+0000] {processor.py:186} INFO - Started process (PID=1667) to work on /opt/airflow/dags/music_ingestion_dag.py
[2026-01-27T11:03:29.839+0000] {processor.py:914} INFO - Processing file /opt/airflow/dags/music_ingestion_dag.py for tasks to queue
[2026-01-27T11:03:29.843+0000] {logging_mixin.py:190} INFO - [2026-01-27T11:03:29.843+0000] {dagbag.py:588} INFO - Filling up the DagBag from /opt/airflow/dags/music_ingestion_dag.py
[2026-01-27T11:03:29.883+0000] {processor.py:925} INFO - DAG(s) '01_music_ingestion_realtime' retrieved from /opt/airflow/dags/music_ingestion_dag.py
[2026-01-27T11:03:29.931+0000] {logging_mixin.py:190} INFO - [2026-01-27T11:03:29.931+0000] {dag.py:3239} INFO - Sync 1 DAGs
[2026-01-27T11:03:29.981+0000] {logging_mixin.py:190} INFO - [2026-01-27T11:03:29.981+0000] {dag.py:4180} INFO - Setting next_dagrun for 01_music_ingestion_realtime to 2026-01-27 10:00:00+00:00, run_after=2026-01-27 11:00:00+00:00
[2026-01-27T11:03:30.013+0000] {processor.py:208} INFO - Processing /opt/airflow/dags/music_ingestion_dag.py took 0.185 seconds
[2026-01-27T11:04:00.258+0000] {processor.py:186} INFO - Started process (PID=1672) to work on /opt/airflow/dags/music_ingestion_dag.py
[2026-01-27T11:04:00.260+0000] {processor.py:914} INFO - Processing file /opt/airflow/dags/music_ingestion_dag.py for tasks to queue
[2026-01-27T11:04:00.263+0000] {logging_mixin.py:190} INFO - [2026-01-27T11:04:00.263+0000] {dagbag.py:588} INFO - Filling up the DagBag from /opt/airflow/dags/music_ingestion_dag.py
[2026-01-27T11:04:00.302+0000] {processor.py:925} INFO - DAG(s) '01_music_ingestion_realtime' retrieved from /opt/airflow/dags/music_ingestion_dag.py
[2026-01-27T11:04:00.333+0000] {logging_mixin.py:190} INFO - [2026-01-27T11:04:00.333+0000] {dag.py:3239} INFO - Sync 1 DAGs
[2026-01-27T11:04:00.361+0000] {logging_mixin.py:190} INFO - [2026-01-27T11:04:00.361+0000] {dag.py:4180} INFO - Setting next_dagrun for 01_music_ingestion_realtime to 2026-01-27 10:00:00+00:00, run_after=2026-01-27 11:00:00+00:00
[2026-01-27T11:04:00.389+0000] {processor.py:208} INFO - Processing /opt/airflow/dags/music_ingestion_dag.py took 0.138 seconds
[2026-01-27T11:04:30.689+0000] {processor.py:186} INFO - Started process (PID=1677) to work on /opt/airflow/dags/music_ingestion_dag.py
[2026-01-27T11:04:30.691+0000] {processor.py:914} INFO - Processing file /opt/airflow/dags/music_ingestion_dag.py for tasks to queue
[2026-01-27T11:04:30.695+0000] {logging_mixin.py:190} INFO - [2026-01-27T11:04:30.694+0000] {dagbag.py:588} INFO - Filling up the DagBag from /opt/airflow/dags/music_ingestion_dag.py
[2026-01-27T11:04:30.742+0000] {processor.py:925} INFO - DAG(s) '01_music_ingestion_realtime' retrieved from /opt/airflow/dags/music_ingestion_dag.py
[2026-01-27T11:04:30.789+0000] {logging_mixin.py:190} INFO - [2026-01-27T11:04:30.789+0000] {dag.py:3239} INFO - Sync 1 DAGs
[2026-01-27T11:04:30.819+0000] {logging_mixin.py:190} INFO - [2026-01-27T11:04:30.819+0000] {dag.py:4180} INFO - Setting next_dagrun for 01_music_ingestion_realtime to 2026-01-27 10:00:00+00:00, run_after=2026-01-27 11:00:00+00:00
[2026-01-27T11:04:30.847+0000] {processor.py:208} INFO - Processing /opt/airflow/dags/music_ingestion_dag.py took 0.166 seconds
[2026-01-27T11:05:01.048+0000] {processor.py:186} INFO - Started process (PID=1682) to work on /opt/airflow/dags/music_ingestion_dag.py
[2026-01-27T11:05:01.049+0000] {processor.py:914} INFO - Processing file /opt/airflow/dags/music_ingestion_dag.py for tasks to queue
[2026-01-27T11:05:01.052+0000] {logging_mixin.py:190} INFO - [2026-01-27T11:05:01.051+0000] {dagbag.py:588} INFO - Filling up the DagBag from /opt/airflow/dags/music_ingestion_dag.py
[2026-01-27T11:05:01.073+0000] {processor.py:925} INFO - DAG(s) '01_music_ingestion_realtime' retrieved from /opt/airflow/dags/music_ingestion_dag.py
[2026-01-27T11:05:01.102+0000] {logging_mixin.py:190} INFO - [2026-01-27T11:05:01.102+0000] {dag.py:3239} INFO - Sync 1 DAGs
[2026-01-27T11:05:01.128+0000] {logging_mixin.py:190} INFO - [2026-01-27T11:05:01.127+0000] {dag.py:4180} INFO - Setting next_dagrun for 01_music_ingestion_realtime to 2026-01-27 10:00:00+00:00, run_after=2026-01-27 11:00:00+00:00
[2026-01-27T11:05:01.157+0000] {processor.py:208} INFO - Processing /opt/airflow/dags/music_ingestion_dag.py took 0.115 seconds
[2026-01-27T11:05:31.494+0000] {processor.py:186} INFO - Started process (PID=1687) to work on /opt/airflow/dags/music_ingestion_dag.py
[2026-01-27T11:05:31.495+0000] {processor.py:914} INFO - Processing file /opt/airflow/dags/music_ingestion_dag.py for tasks to queue
[2026-01-27T11:05:31.498+0000] {logging_mixin.py:190} INFO - [2026-01-27T11:05:31.498+0000] {dagbag.py:588} INFO - Filling up the DagBag from /opt/airflow/dags/music_ingestion_dag.py
[2026-01-27T11:05:31.519+0000] {processor.py:925} INFO - DAG(s) '01_music_ingestion_realtime' retrieved from /opt/airflow/dags/music_ingestion_dag.py
[2026-01-27T11:05:31.551+0000] {logging_mixin.py:190} INFO - [2026-01-27T11:05:31.551+0000] {dag.py:3239} INFO - Sync 1 DAGs
[2026-01-27T11:05:31.580+0000] {logging_mixin.py:190} INFO - [2026-01-27T11:05:31.580+0000] {dag.py:4180} INFO - Setting next_dagrun for 01_music_ingestion_realtime to 2026-01-27 10:00:00+00:00, run_after=2026-01-27 11:00:00+00:00
[2026-01-27T11:05:31.608+0000] {processor.py:208} INFO - Processing /opt/airflow/dags/music_ingestion_dag.py took 0.121 seconds
[2026-01-27T11:06:01.876+0000] {processor.py:186} INFO - Started process (PID=1692) to work on /opt/airflow/dags/music_ingestion_dag.py
[2026-01-27T11:06:01.917+0000] {processor.py:914} INFO - Processing file /opt/airflow/dags/music_ingestion_dag.py for tasks to queue
[2026-01-27T11:06:02.008+0000] {logging_mixin.py:190} INFO - [2026-01-27T11:06:02.003+0000] {dagbag.py:588} INFO - Filling up the DagBag from /opt/airflow/dags/music_ingestion_dag.py
[2026-01-27T11:06:02.079+0000] {processor.py:925} INFO - DAG(s) '01_music_ingestion_realtime' retrieved from /opt/airflow/dags/music_ingestion_dag.py
[2026-01-27T11:06:02.123+0000] {logging_mixin.py:190} INFO - [2026-01-27T11:06:02.123+0000] {dag.py:3239} INFO - Sync 1 DAGs
[2026-01-27T11:06:02.188+0000] {logging_mixin.py:190} INFO - [2026-01-27T11:06:02.188+0000] {dag.py:4180} INFO - Setting next_dagrun for 01_music_ingestion_realtime to 2026-01-27 10:00:00+00:00, run_after=2026-01-27 11:00:00+00:00
[2026-01-27T11:06:02.218+0000] {processor.py:208} INFO - Processing /opt/airflow/dags/music_ingestion_dag.py took 0.354 seconds
[2026-01-27T11:06:32.516+0000] {processor.py:186} INFO - Started process (PID=1697) to work on /opt/airflow/dags/music_ingestion_dag.py
[2026-01-27T11:06:32.520+0000] {processor.py:914} INFO - Processing file /opt/airflow/dags/music_ingestion_dag.py for tasks to queue
[2026-01-27T11:06:32.525+0000] {logging_mixin.py:190} INFO - [2026-01-27T11:06:32.525+0000] {dagbag.py:588} INFO - Filling up the DagBag from /opt/airflow/dags/music_ingestion_dag.py
[2026-01-27T11:06:32.565+0000] {processor.py:925} INFO - DAG(s) '01_music_ingestion_realtime' retrieved from /opt/airflow/dags/music_ingestion_dag.py
[2026-01-27T11:06:32.639+0000] {logging_mixin.py:190} INFO - [2026-01-27T11:06:32.638+0000] {dag.py:3239} INFO - Sync 1 DAGs
[2026-01-27T11:06:32.694+0000] {logging_mixin.py:190} INFO - [2026-01-27T11:06:32.693+0000] {dag.py:4180} INFO - Setting next_dagrun for 01_music_ingestion_realtime to 2026-01-27 10:00:00+00:00, run_after=2026-01-27 11:00:00+00:00
[2026-01-27T11:06:32.736+0000] {processor.py:208} INFO - Processing /opt/airflow/dags/music_ingestion_dag.py took 0.235 seconds
[2026-01-27T11:07:02.893+0000] {processor.py:186} INFO - Started process (PID=1702) to work on /opt/airflow/dags/music_ingestion_dag.py
[2026-01-27T11:07:02.895+0000] {processor.py:914} INFO - Processing file /opt/airflow/dags/music_ingestion_dag.py for tasks to queue
[2026-01-27T11:07:02.898+0000] {logging_mixin.py:190} INFO - [2026-01-27T11:07:02.898+0000] {dagbag.py:588} INFO - Filling up the DagBag from /opt/airflow/dags/music_ingestion_dag.py
[2026-01-27T11:07:02.932+0000] {processor.py:925} INFO - DAG(s) '01_music_ingestion_realtime' retrieved from /opt/airflow/dags/music_ingestion_dag.py
[2026-01-27T11:07:02.974+0000] {logging_mixin.py:190} INFO - [2026-01-27T11:07:02.973+0000] {dag.py:3239} INFO - Sync 1 DAGs
[2026-01-27T11:07:03.008+0000] {logging_mixin.py:190} INFO - [2026-01-27T11:07:03.008+0000] {dag.py:4180} INFO - Setting next_dagrun for 01_music_ingestion_realtime to 2026-01-27 10:00:00+00:00, run_after=2026-01-27 11:00:00+00:00
[2026-01-27T11:07:03.039+0000] {processor.py:208} INFO - Processing /opt/airflow/dags/music_ingestion_dag.py took 0.155 seconds
[2026-01-27T11:07:33.285+0000] {processor.py:186} INFO - Started process (PID=1707) to work on /opt/airflow/dags/music_ingestion_dag.py
[2026-01-27T11:07:33.288+0000] {processor.py:914} INFO - Processing file /opt/airflow/dags/music_ingestion_dag.py for tasks to queue
[2026-01-27T11:07:33.292+0000] {logging_mixin.py:190} INFO - [2026-01-27T11:07:33.291+0000] {dagbag.py:588} INFO - Filling up the DagBag from /opt/airflow/dags/music_ingestion_dag.py
[2026-01-27T11:07:33.327+0000] {processor.py:925} INFO - DAG(s) '01_music_ingestion_realtime' retrieved from /opt/airflow/dags/music_ingestion_dag.py
[2026-01-27T11:07:33.375+0000] {logging_mixin.py:190} INFO - [2026-01-27T11:07:33.375+0000] {dag.py:3239} INFO - Sync 1 DAGs
[2026-01-27T11:07:33.414+0000] {logging_mixin.py:190} INFO - [2026-01-27T11:07:33.413+0000] {dag.py:4180} INFO - Setting next_dagrun for 01_music_ingestion_realtime to 2026-01-27 10:00:00+00:00, run_after=2026-01-27 11:00:00+00:00
[2026-01-27T11:07:33.445+0000] {processor.py:208} INFO - Processing /opt/airflow/dags/music_ingestion_dag.py took 0.170 seconds
[2026-01-27T11:08:03.721+0000] {processor.py:186} INFO - Started process (PID=1712) to work on /opt/airflow/dags/music_ingestion_dag.py
[2026-01-27T11:08:03.723+0000] {processor.py:914} INFO - Processing file /opt/airflow/dags/music_ingestion_dag.py for tasks to queue
[2026-01-27T11:08:03.729+0000] {logging_mixin.py:190} INFO - [2026-01-27T11:08:03.728+0000] {dagbag.py:588} INFO - Filling up the DagBag from /opt/airflow/dags/music_ingestion_dag.py
[2026-01-27T11:08:03.765+0000] {processor.py:925} INFO - DAG(s) '01_music_ingestion_realtime' retrieved from /opt/airflow/dags/music_ingestion_dag.py
[2026-01-27T11:08:03.814+0000] {logging_mixin.py:190} INFO - [2026-01-27T11:08:03.813+0000] {dag.py:3239} INFO - Sync 1 DAGs
[2026-01-27T11:08:03.865+0000] {logging_mixin.py:190} INFO - [2026-01-27T11:08:03.864+0000] {dag.py:4180} INFO - Setting next_dagrun for 01_music_ingestion_realtime to 2026-01-27 10:00:00+00:00, run_after=2026-01-27 11:00:00+00:00
[2026-01-27T11:08:03.900+0000] {processor.py:208} INFO - Processing /opt/airflow/dags/music_ingestion_dag.py took 0.189 seconds
[2026-01-27T11:08:34.067+0000] {processor.py:186} INFO - Started process (PID=1717) to work on /opt/airflow/dags/music_ingestion_dag.py
[2026-01-27T11:08:34.068+0000] {processor.py:914} INFO - Processing file /opt/airflow/dags/music_ingestion_dag.py for tasks to queue
[2026-01-27T11:08:34.072+0000] {logging_mixin.py:190} INFO - [2026-01-27T11:08:34.071+0000] {dagbag.py:588} INFO - Filling up the DagBag from /opt/airflow/dags/music_ingestion_dag.py
[2026-01-27T11:08:34.100+0000] {processor.py:925} INFO - DAG(s) '01_music_ingestion_realtime' retrieved from /opt/airflow/dags/music_ingestion_dag.py
[2026-01-27T11:08:34.147+0000] {logging_mixin.py:190} INFO - [2026-01-27T11:08:34.147+0000] {dag.py:3239} INFO - Sync 1 DAGs
[2026-01-27T11:08:34.175+0000] {logging_mixin.py:190} INFO - [2026-01-27T11:08:34.175+0000] {dag.py:4180} INFO - Setting next_dagrun for 01_music_ingestion_realtime to 2026-01-27 10:00:00+00:00, run_after=2026-01-27 11:00:00+00:00
[2026-01-27T11:08:34.209+0000] {processor.py:208} INFO - Processing /opt/airflow/dags/music_ingestion_dag.py took 0.152 seconds
[2026-01-27T11:09:04.406+0000] {processor.py:186} INFO - Started process (PID=1722) to work on /opt/airflow/dags/music_ingestion_dag.py
[2026-01-27T11:09:04.408+0000] {processor.py:914} INFO - Processing file /opt/airflow/dags/music_ingestion_dag.py for tasks to queue
[2026-01-27T11:09:04.411+0000] {logging_mixin.py:190} INFO - [2026-01-27T11:09:04.410+0000] {dagbag.py:588} INFO - Filling up the DagBag from /opt/airflow/dags/music_ingestion_dag.py
[2026-01-27T11:09:04.441+0000] {processor.py:925} INFO - DAG(s) '01_music_ingestion_realtime' retrieved from /opt/airflow/dags/music_ingestion_dag.py
[2026-01-27T11:09:04.477+0000] {logging_mixin.py:190} INFO - [2026-01-27T11:09:04.477+0000] {dag.py:3239} INFO - Sync 1 DAGs
[2026-01-27T11:09:04.507+0000] {logging_mixin.py:190} INFO - [2026-01-27T11:09:04.507+0000] {dag.py:4180} INFO - Setting next_dagrun for 01_music_ingestion_realtime to 2026-01-27 10:00:00+00:00, run_after=2026-01-27 11:00:00+00:00
[2026-01-27T11:09:04.550+0000] {processor.py:208} INFO - Processing /opt/airflow/dags/music_ingestion_dag.py took 0.151 seconds
[2026-01-27T11:09:35.001+0000] {processor.py:186} INFO - Started process (PID=1727) to work on /opt/airflow/dags/music_ingestion_dag.py
[2026-01-27T11:09:35.004+0000] {processor.py:914} INFO - Processing file /opt/airflow/dags/music_ingestion_dag.py for tasks to queue
[2026-01-27T11:09:35.008+0000] {logging_mixin.py:190} INFO - [2026-01-27T11:09:35.007+0000] {dagbag.py:588} INFO - Filling up the DagBag from /opt/airflow/dags/music_ingestion_dag.py
[2026-01-27T11:09:35.029+0000] {processor.py:925} INFO - DAG(s) '01_music_ingestion_realtime' retrieved from /opt/airflow/dags/music_ingestion_dag.py
[2026-01-27T11:09:35.059+0000] {logging_mixin.py:190} INFO - [2026-01-27T11:09:35.058+0000] {dag.py:3239} INFO - Sync 1 DAGs
[2026-01-27T11:09:35.087+0000] {logging_mixin.py:190} INFO - [2026-01-27T11:09:35.086+0000] {dag.py:4180} INFO - Setting next_dagrun for 01_music_ingestion_realtime to 2026-01-27 10:00:00+00:00, run_after=2026-01-27 11:00:00+00:00
[2026-01-27T11:09:35.118+0000] {processor.py:208} INFO - Processing /opt/airflow/dags/music_ingestion_dag.py took 0.124 seconds
[2026-01-27T11:10:05.359+0000] {processor.py:186} INFO - Started process (PID=1732) to work on /opt/airflow/dags/music_ingestion_dag.py
[2026-01-27T11:10:05.360+0000] {processor.py:914} INFO - Processing file /opt/airflow/dags/music_ingestion_dag.py for tasks to queue
[2026-01-27T11:10:05.363+0000] {logging_mixin.py:190} INFO - [2026-01-27T11:10:05.362+0000] {dagbag.py:588} INFO - Filling up the DagBag from /opt/airflow/dags/music_ingestion_dag.py
[2026-01-27T11:10:05.395+0000] {processor.py:925} INFO - DAG(s) '01_music_ingestion_realtime' retrieved from /opt/airflow/dags/music_ingestion_dag.py
[2026-01-27T11:10:05.423+0000] {logging_mixin.py:190} INFO - [2026-01-27T11:10:05.422+0000] {dag.py:3239} INFO - Sync 1 DAGs
[2026-01-27T11:10:05.455+0000] {logging_mixin.py:190} INFO - [2026-01-27T11:10:05.454+0000] {dag.py:4180} INFO - Setting next_dagrun for 01_music_ingestion_realtime to 2026-01-27 10:00:00+00:00, run_after=2026-01-27 11:00:00+00:00
[2026-01-27T11:10:05.489+0000] {processor.py:208} INFO - Processing /opt/airflow/dags/music_ingestion_dag.py took 0.144 seconds
[2026-01-27T11:10:35.906+0000] {processor.py:186} INFO - Started process (PID=1737) to work on /opt/airflow/dags/music_ingestion_dag.py
[2026-01-27T11:10:35.907+0000] {processor.py:914} INFO - Processing file /opt/airflow/dags/music_ingestion_dag.py for tasks to queue
[2026-01-27T11:10:35.911+0000] {logging_mixin.py:190} INFO - [2026-01-27T11:10:35.911+0000] {dagbag.py:588} INFO - Filling up the DagBag from /opt/airflow/dags/music_ingestion_dag.py
[2026-01-27T11:10:35.955+0000] {processor.py:925} INFO - DAG(s) '01_music_ingestion_realtime' retrieved from /opt/airflow/dags/music_ingestion_dag.py
[2026-01-27T11:10:35.988+0000] {logging_mixin.py:190} INFO - [2026-01-27T11:10:35.988+0000] {dag.py:3239} INFO - Sync 1 DAGs
[2026-01-27T11:10:36.017+0000] {logging_mixin.py:190} INFO - [2026-01-27T11:10:36.017+0000] {dag.py:4180} INFO - Setting next_dagrun for 01_music_ingestion_realtime to 2026-01-27 10:00:00+00:00, run_after=2026-01-27 11:00:00+00:00
[2026-01-27T11:10:36.042+0000] {processor.py:208} INFO - Processing /opt/airflow/dags/music_ingestion_dag.py took 0.141 seconds
[2026-01-27T11:11:06.252+0000] {processor.py:186} INFO - Started process (PID=1742) to work on /opt/airflow/dags/music_ingestion_dag.py
[2026-01-27T11:11:06.254+0000] {processor.py:914} INFO - Processing file /opt/airflow/dags/music_ingestion_dag.py for tasks to queue
[2026-01-27T11:11:06.258+0000] {logging_mixin.py:190} INFO - [2026-01-27T11:11:06.257+0000] {dagbag.py:588} INFO - Filling up the DagBag from /opt/airflow/dags/music_ingestion_dag.py
[2026-01-27T11:11:06.293+0000] {processor.py:925} INFO - DAG(s) '01_music_ingestion_realtime' retrieved from /opt/airflow/dags/music_ingestion_dag.py
[2026-01-27T11:11:06.323+0000] {logging_mixin.py:190} INFO - [2026-01-27T11:11:06.323+0000] {dag.py:3239} INFO - Sync 1 DAGs
[2026-01-27T11:11:06.349+0000] {logging_mixin.py:190} INFO - [2026-01-27T11:11:06.349+0000] {dag.py:4180} INFO - Setting next_dagrun for 01_music_ingestion_realtime to 2026-01-27 10:00:00+00:00, run_after=2026-01-27 11:00:00+00:00
[2026-01-27T11:11:06.378+0000] {processor.py:208} INFO - Processing /opt/airflow/dags/music_ingestion_dag.py took 0.131 seconds
[2026-01-27T11:11:36.776+0000] {processor.py:186} INFO - Started process (PID=1747) to work on /opt/airflow/dags/music_ingestion_dag.py
[2026-01-27T11:11:36.777+0000] {processor.py:914} INFO - Processing file /opt/airflow/dags/music_ingestion_dag.py for tasks to queue
[2026-01-27T11:11:36.780+0000] {logging_mixin.py:190} INFO - [2026-01-27T11:11:36.780+0000] {dagbag.py:588} INFO - Filling up the DagBag from /opt/airflow/dags/music_ingestion_dag.py
[2026-01-27T11:11:36.807+0000] {processor.py:925} INFO - DAG(s) '01_music_ingestion_realtime' retrieved from /opt/airflow/dags/music_ingestion_dag.py
[2026-01-27T11:11:36.844+0000] {logging_mixin.py:190} INFO - [2026-01-27T11:11:36.844+0000] {dag.py:3239} INFO - Sync 1 DAGs
[2026-01-27T11:11:36.872+0000] {logging_mixin.py:190} INFO - [2026-01-27T11:11:36.872+0000] {dag.py:4180} INFO - Setting next_dagrun for 01_music_ingestion_realtime to 2026-01-27 10:00:00+00:00, run_after=2026-01-27 11:00:00+00:00
[2026-01-27T11:11:36.902+0000] {processor.py:208} INFO - Processing /opt/airflow/dags/music_ingestion_dag.py took 0.131 seconds
[2026-01-27T11:12:07.151+0000] {processor.py:186} INFO - Started process (PID=1752) to work on /opt/airflow/dags/music_ingestion_dag.py
[2026-01-27T11:12:07.152+0000] {processor.py:914} INFO - Processing file /opt/airflow/dags/music_ingestion_dag.py for tasks to queue
[2026-01-27T11:12:07.155+0000] {logging_mixin.py:190} INFO - [2026-01-27T11:12:07.154+0000] {dagbag.py:588} INFO - Filling up the DagBag from /opt/airflow/dags/music_ingestion_dag.py
[2026-01-27T11:12:07.174+0000] {processor.py:925} INFO - DAG(s) '01_music_ingestion_realtime' retrieved from /opt/airflow/dags/music_ingestion_dag.py
[2026-01-27T11:12:07.203+0000] {logging_mixin.py:190} INFO - [2026-01-27T11:12:07.203+0000] {dag.py:3239} INFO - Sync 1 DAGs
[2026-01-27T11:12:07.228+0000] {logging_mixin.py:190} INFO - [2026-01-27T11:12:07.227+0000] {dag.py:4180} INFO - Setting next_dagrun for 01_music_ingestion_realtime to 2026-01-27 10:00:00+00:00, run_after=2026-01-27 11:00:00+00:00
[2026-01-27T11:12:07.254+0000] {processor.py:208} INFO - Processing /opt/airflow/dags/music_ingestion_dag.py took 0.109 seconds
[2026-01-27T11:12:37.543+0000] {processor.py:186} INFO - Started process (PID=1757) to work on /opt/airflow/dags/music_ingestion_dag.py
[2026-01-27T11:12:37.544+0000] {processor.py:914} INFO - Processing file /opt/airflow/dags/music_ingestion_dag.py for tasks to queue
[2026-01-27T11:12:37.547+0000] {logging_mixin.py:190} INFO - [2026-01-27T11:12:37.547+0000] {dagbag.py:588} INFO - Filling up the DagBag from /opt/airflow/dags/music_ingestion_dag.py
[2026-01-27T11:12:37.588+0000] {processor.py:925} INFO - DAG(s) '01_music_ingestion_realtime' retrieved from /opt/airflow/dags/music_ingestion_dag.py
[2026-01-27T11:12:37.626+0000] {logging_mixin.py:190} INFO - [2026-01-27T11:12:37.626+0000] {dag.py:3239} INFO - Sync 1 DAGs
[2026-01-27T11:12:37.652+0000] {logging_mixin.py:190} INFO - [2026-01-27T11:12:37.652+0000] {dag.py:4180} INFO - Setting next_dagrun for 01_music_ingestion_realtime to 2026-01-27 10:00:00+00:00, run_after=2026-01-27 11:00:00+00:00
[2026-01-27T11:12:37.681+0000] {processor.py:208} INFO - Processing /opt/airflow/dags/music_ingestion_dag.py took 0.144 seconds
[2026-01-27T11:13:07.907+0000] {processor.py:186} INFO - Started process (PID=1762) to work on /opt/airflow/dags/music_ingestion_dag.py
[2026-01-27T11:13:07.909+0000] {processor.py:914} INFO - Processing file /opt/airflow/dags/music_ingestion_dag.py for tasks to queue
[2026-01-27T11:13:07.912+0000] {logging_mixin.py:190} INFO - [2026-01-27T11:13:07.912+0000] {dagbag.py:588} INFO - Filling up the DagBag from /opt/airflow/dags/music_ingestion_dag.py
[2026-01-27T11:13:07.955+0000] {processor.py:925} INFO - DAG(s) '01_music_ingestion_realtime' retrieved from /opt/airflow/dags/music_ingestion_dag.py
[2026-01-27T11:13:07.987+0000] {logging_mixin.py:190} INFO - [2026-01-27T11:13:07.986+0000] {dag.py:3239} INFO - Sync 1 DAGs
[2026-01-27T11:13:08.023+0000] {logging_mixin.py:190} INFO - [2026-01-27T11:13:08.023+0000] {dag.py:4180} INFO - Setting next_dagrun for 01_music_ingestion_realtime to 2026-01-27 10:00:00+00:00, run_after=2026-01-27 11:00:00+00:00
[2026-01-27T11:13:08.053+0000] {processor.py:208} INFO - Processing /opt/airflow/dags/music_ingestion_dag.py took 0.152 seconds
[2026-01-27T11:13:38.392+0000] {processor.py:186} INFO - Started process (PID=1767) to work on /opt/airflow/dags/music_ingestion_dag.py
[2026-01-27T11:13:38.393+0000] {processor.py:914} INFO - Processing file /opt/airflow/dags/music_ingestion_dag.py for tasks to queue
[2026-01-27T11:13:38.396+0000] {logging_mixin.py:190} INFO - [2026-01-27T11:13:38.396+0000] {dagbag.py:588} INFO - Filling up the DagBag from /opt/airflow/dags/music_ingestion_dag.py
[2026-01-27T11:13:38.433+0000] {processor.py:925} INFO - DAG(s) '01_music_ingestion_realtime' retrieved from /opt/airflow/dags/music_ingestion_dag.py
[2026-01-27T11:13:38.467+0000] {logging_mixin.py:190} INFO - [2026-01-27T11:13:38.467+0000] {dag.py:3239} INFO - Sync 1 DAGs
[2026-01-27T11:13:38.492+0000] {logging_mixin.py:190} INFO - [2026-01-27T11:13:38.491+0000] {dag.py:4180} INFO - Setting next_dagrun for 01_music_ingestion_realtime to 2026-01-27 10:00:00+00:00, run_after=2026-01-27 11:00:00+00:00
[2026-01-27T11:13:38.517+0000] {processor.py:208} INFO - Processing /opt/airflow/dags/music_ingestion_dag.py took 0.131 seconds
[2026-01-27T11:14:08.855+0000] {processor.py:186} INFO - Started process (PID=1772) to work on /opt/airflow/dags/music_ingestion_dag.py
[2026-01-27T11:14:08.857+0000] {processor.py:914} INFO - Processing file /opt/airflow/dags/music_ingestion_dag.py for tasks to queue
[2026-01-27T11:14:08.862+0000] {logging_mixin.py:190} INFO - [2026-01-27T11:14:08.861+0000] {dagbag.py:588} INFO - Filling up the DagBag from /opt/airflow/dags/music_ingestion_dag.py
[2026-01-27T11:14:08.898+0000] {processor.py:925} INFO - DAG(s) '01_music_ingestion_realtime' retrieved from /opt/airflow/dags/music_ingestion_dag.py
[2026-01-27T11:14:08.935+0000] {logging_mixin.py:190} INFO - [2026-01-27T11:14:08.935+0000] {dag.py:3239} INFO - Sync 1 DAGs
[2026-01-27T11:14:08.974+0000] {logging_mixin.py:190} INFO - [2026-01-27T11:14:08.974+0000] {dag.py:4180} INFO - Setting next_dagrun for 01_music_ingestion_realtime to 2026-01-27 10:00:00+00:00, run_after=2026-01-27 11:00:00+00:00
[2026-01-27T11:14:09.009+0000] {processor.py:208} INFO - Processing /opt/airflow/dags/music_ingestion_dag.py took 0.163 seconds
[2026-01-27T11:14:39.278+0000] {processor.py:186} INFO - Started process (PID=1777) to work on /opt/airflow/dags/music_ingestion_dag.py
[2026-01-27T11:14:39.280+0000] {processor.py:914} INFO - Processing file /opt/airflow/dags/music_ingestion_dag.py for tasks to queue
[2026-01-27T11:14:39.284+0000] {logging_mixin.py:190} INFO - [2026-01-27T11:14:39.284+0000] {dagbag.py:588} INFO - Filling up the DagBag from /opt/airflow/dags/music_ingestion_dag.py
[2026-01-27T11:14:39.325+0000] {processor.py:925} INFO - DAG(s) '01_music_ingestion_realtime' retrieved from /opt/airflow/dags/music_ingestion_dag.py
[2026-01-27T11:14:39.357+0000] {logging_mixin.py:190} INFO - [2026-01-27T11:14:39.356+0000] {dag.py:3239} INFO - Sync 1 DAGs
[2026-01-27T11:14:39.386+0000] {logging_mixin.py:190} INFO - [2026-01-27T11:14:39.386+0000] {dag.py:4180} INFO - Setting next_dagrun for 01_music_ingestion_realtime to 2026-01-27 10:00:00+00:00, run_after=2026-01-27 11:00:00+00:00
[2026-01-27T11:14:39.410+0000] {processor.py:208} INFO - Processing /opt/airflow/dags/music_ingestion_dag.py took 0.138 seconds
[2026-01-27T11:15:09.686+0000] {processor.py:186} INFO - Started process (PID=1782) to work on /opt/airflow/dags/music_ingestion_dag.py
[2026-01-27T11:15:09.687+0000] {processor.py:914} INFO - Processing file /opt/airflow/dags/music_ingestion_dag.py for tasks to queue
[2026-01-27T11:15:09.690+0000] {logging_mixin.py:190} INFO - [2026-01-27T11:15:09.690+0000] {dagbag.py:588} INFO - Filling up the DagBag from /opt/airflow/dags/music_ingestion_dag.py
[2026-01-27T11:15:09.721+0000] {processor.py:925} INFO - DAG(s) '01_music_ingestion_realtime' retrieved from /opt/airflow/dags/music_ingestion_dag.py
[2026-01-27T11:15:09.750+0000] {logging_mixin.py:190} INFO - [2026-01-27T11:15:09.750+0000] {dag.py:3239} INFO - Sync 1 DAGs
[2026-01-27T11:15:09.774+0000] {logging_mixin.py:190} INFO - [2026-01-27T11:15:09.774+0000] {dag.py:4180} INFO - Setting next_dagrun for 01_music_ingestion_realtime to 2026-01-27 10:00:00+00:00, run_after=2026-01-27 11:00:00+00:00
[2026-01-27T11:15:09.802+0000] {processor.py:208} INFO - Processing /opt/airflow/dags/music_ingestion_dag.py took 0.122 seconds
[2026-01-27T11:15:40.050+0000] {processor.py:186} INFO - Started process (PID=1787) to work on /opt/airflow/dags/music_ingestion_dag.py
[2026-01-27T11:15:40.052+0000] {processor.py:914} INFO - Processing file /opt/airflow/dags/music_ingestion_dag.py for tasks to queue
[2026-01-27T11:15:40.057+0000] {logging_mixin.py:190} INFO - [2026-01-27T11:15:40.057+0000] {dagbag.py:588} INFO - Filling up the DagBag from /opt/airflow/dags/music_ingestion_dag.py
[2026-01-27T11:15:40.083+0000] {processor.py:925} INFO - DAG(s) '01_music_ingestion_realtime' retrieved from /opt/airflow/dags/music_ingestion_dag.py
[2026-01-27T11:15:40.121+0000] {logging_mixin.py:190} INFO - [2026-01-27T11:15:40.120+0000] {dag.py:3239} INFO - Sync 1 DAGs
[2026-01-27T11:15:40.150+0000] {logging_mixin.py:190} INFO - [2026-01-27T11:15:40.150+0000] {dag.py:4180} INFO - Setting next_dagrun for 01_music_ingestion_realtime to 2026-01-27 10:00:00+00:00, run_after=2026-01-27 11:00:00+00:00
[2026-01-27T11:15:40.180+0000] {processor.py:208} INFO - Processing /opt/airflow/dags/music_ingestion_dag.py took 0.138 seconds
[2026-01-27T11:16:10.503+0000] {processor.py:186} INFO - Started process (PID=1792) to work on /opt/airflow/dags/music_ingestion_dag.py
[2026-01-27T11:16:10.505+0000] {processor.py:914} INFO - Processing file /opt/airflow/dags/music_ingestion_dag.py for tasks to queue
[2026-01-27T11:16:10.508+0000] {logging_mixin.py:190} INFO - [2026-01-27T11:16:10.508+0000] {dagbag.py:588} INFO - Filling up the DagBag from /opt/airflow/dags/music_ingestion_dag.py
[2026-01-27T11:16:10.545+0000] {processor.py:925} INFO - DAG(s) '01_music_ingestion_realtime' retrieved from /opt/airflow/dags/music_ingestion_dag.py
[2026-01-27T11:16:10.576+0000] {logging_mixin.py:190} INFO - [2026-01-27T11:16:10.575+0000] {dag.py:3239} INFO - Sync 1 DAGs
[2026-01-27T11:16:10.600+0000] {logging_mixin.py:190} INFO - [2026-01-27T11:16:10.600+0000] {dag.py:4180} INFO - Setting next_dagrun for 01_music_ingestion_realtime to 2026-01-27 10:00:00+00:00, run_after=2026-01-27 11:00:00+00:00
[2026-01-27T11:16:10.631+0000] {processor.py:208} INFO - Processing /opt/airflow/dags/music_ingestion_dag.py took 0.134 seconds
[2026-01-27T11:16:40.932+0000] {processor.py:186} INFO - Started process (PID=1797) to work on /opt/airflow/dags/music_ingestion_dag.py
[2026-01-27T11:16:40.934+0000] {processor.py:914} INFO - Processing file /opt/airflow/dags/music_ingestion_dag.py for tasks to queue
[2026-01-27T11:16:40.936+0000] {logging_mixin.py:190} INFO - [2026-01-27T11:16:40.936+0000] {dagbag.py:588} INFO - Filling up the DagBag from /opt/airflow/dags/music_ingestion_dag.py
[2026-01-27T11:16:40.979+0000] {processor.py:925} INFO - DAG(s) '01_music_ingestion_realtime' retrieved from /opt/airflow/dags/music_ingestion_dag.py
[2026-01-27T11:16:41.018+0000] {logging_mixin.py:190} INFO - [2026-01-27T11:16:41.017+0000] {dag.py:3239} INFO - Sync 1 DAGs
[2026-01-27T11:16:41.047+0000] {logging_mixin.py:190} INFO - [2026-01-27T11:16:41.047+0000] {dag.py:4180} INFO - Setting next_dagrun for 01_music_ingestion_realtime to 2026-01-27 10:00:00+00:00, run_after=2026-01-27 11:00:00+00:00
[2026-01-27T11:16:41.078+0000] {processor.py:208} INFO - Processing /opt/airflow/dags/music_ingestion_dag.py took 0.157 seconds
[2026-01-27T11:17:11.322+0000] {processor.py:186} INFO - Started process (PID=1802) to work on /opt/airflow/dags/music_ingestion_dag.py
[2026-01-27T11:17:11.324+0000] {processor.py:914} INFO - Processing file /opt/airflow/dags/music_ingestion_dag.py for tasks to queue
[2026-01-27T11:17:11.327+0000] {logging_mixin.py:190} INFO - [2026-01-27T11:17:11.326+0000] {dagbag.py:588} INFO - Filling up the DagBag from /opt/airflow/dags/music_ingestion_dag.py
[2026-01-27T11:17:11.367+0000] {processor.py:925} INFO - DAG(s) '01_music_ingestion_realtime' retrieved from /opt/airflow/dags/music_ingestion_dag.py
[2026-01-27T11:17:11.405+0000] {logging_mixin.py:190} INFO - [2026-01-27T11:17:11.404+0000] {dag.py:3239} INFO - Sync 1 DAGs
[2026-01-27T11:17:11.431+0000] {logging_mixin.py:190} INFO - [2026-01-27T11:17:11.431+0000] {dag.py:4180} INFO - Setting next_dagrun for 01_music_ingestion_realtime to 2026-01-27 10:00:00+00:00, run_after=2026-01-27 11:00:00+00:00
[2026-01-27T11:17:11.463+0000] {processor.py:208} INFO - Processing /opt/airflow/dags/music_ingestion_dag.py took 0.148 seconds
[2026-01-27T11:17:41.918+0000] {processor.py:186} INFO - Started process (PID=1807) to work on /opt/airflow/dags/music_ingestion_dag.py
[2026-01-27T11:17:41.919+0000] {processor.py:914} INFO - Processing file /opt/airflow/dags/music_ingestion_dag.py for tasks to queue
[2026-01-27T11:17:41.922+0000] {logging_mixin.py:190} INFO - [2026-01-27T11:17:41.921+0000] {dagbag.py:588} INFO - Filling up the DagBag from /opt/airflow/dags/music_ingestion_dag.py
[2026-01-27T11:17:41.942+0000] {processor.py:925} INFO - DAG(s) '01_music_ingestion_realtime' retrieved from /opt/airflow/dags/music_ingestion_dag.py
[2026-01-27T11:17:41.974+0000] {logging_mixin.py:190} INFO - [2026-01-27T11:17:41.974+0000] {dag.py:3239} INFO - Sync 1 DAGs
[2026-01-27T11:17:42.000+0000] {logging_mixin.py:190} INFO - [2026-01-27T11:17:42.000+0000] {dag.py:4180} INFO - Setting next_dagrun for 01_music_ingestion_realtime to 2026-01-27 10:00:00+00:00, run_after=2026-01-27 11:00:00+00:00
[2026-01-27T11:17:42.025+0000] {processor.py:208} INFO - Processing /opt/airflow/dags/music_ingestion_dag.py took 0.112 seconds
[2026-01-27T11:18:12.311+0000] {processor.py:186} INFO - Started process (PID=1812) to work on /opt/airflow/dags/music_ingestion_dag.py
[2026-01-27T11:18:12.312+0000] {processor.py:914} INFO - Processing file /opt/airflow/dags/music_ingestion_dag.py for tasks to queue
[2026-01-27T11:18:12.315+0000] {logging_mixin.py:190} INFO - [2026-01-27T11:18:12.315+0000] {dagbag.py:588} INFO - Filling up the DagBag from /opt/airflow/dags/music_ingestion_dag.py
[2026-01-27T11:18:12.336+0000] {processor.py:925} INFO - DAG(s) '01_music_ingestion_realtime' retrieved from /opt/airflow/dags/music_ingestion_dag.py
[2026-01-27T11:18:12.365+0000] {logging_mixin.py:190} INFO - [2026-01-27T11:18:12.365+0000] {dag.py:3239} INFO - Sync 1 DAGs
[2026-01-27T11:18:12.392+0000] {logging_mixin.py:190} INFO - [2026-01-27T11:18:12.392+0000] {dag.py:4180} INFO - Setting next_dagrun for 01_music_ingestion_realtime to 2026-01-27 10:00:00+00:00, run_after=2026-01-27 11:00:00+00:00
[2026-01-27T11:18:12.418+0000] {processor.py:208} INFO - Processing /opt/airflow/dags/music_ingestion_dag.py took 0.113 seconds
[2026-01-27T11:18:42.803+0000] {processor.py:186} INFO - Started process (PID=1817) to work on /opt/airflow/dags/music_ingestion_dag.py
[2026-01-27T11:18:42.805+0000] {processor.py:914} INFO - Processing file /opt/airflow/dags/music_ingestion_dag.py for tasks to queue
[2026-01-27T11:18:42.808+0000] {logging_mixin.py:190} INFO - [2026-01-27T11:18:42.807+0000] {dagbag.py:588} INFO - Filling up the DagBag from /opt/airflow/dags/music_ingestion_dag.py
[2026-01-27T11:18:42.828+0000] {processor.py:925} INFO - DAG(s) '01_music_ingestion_realtime' retrieved from /opt/airflow/dags/music_ingestion_dag.py
[2026-01-27T11:18:42.857+0000] {logging_mixin.py:190} INFO - [2026-01-27T11:18:42.857+0000] {dag.py:3239} INFO - Sync 1 DAGs
[2026-01-27T11:18:42.881+0000] {logging_mixin.py:190} INFO - [2026-01-27T11:18:42.881+0000] {dag.py:4180} INFO - Setting next_dagrun for 01_music_ingestion_realtime to 2026-01-27 10:00:00+00:00, run_after=2026-01-27 11:00:00+00:00
[2026-01-27T11:18:42.909+0000] {processor.py:208} INFO - Processing /opt/airflow/dags/music_ingestion_dag.py took 0.112 seconds
[2026-01-27T11:19:13.161+0000] {processor.py:186} INFO - Started process (PID=1822) to work on /opt/airflow/dags/music_ingestion_dag.py
[2026-01-27T11:19:13.163+0000] {processor.py:914} INFO - Processing file /opt/airflow/dags/music_ingestion_dag.py for tasks to queue
[2026-01-27T11:19:13.166+0000] {logging_mixin.py:190} INFO - [2026-01-27T11:19:13.165+0000] {dagbag.py:588} INFO - Filling up the DagBag from /opt/airflow/dags/music_ingestion_dag.py
[2026-01-27T11:19:13.188+0000] {processor.py:925} INFO - DAG(s) '01_music_ingestion_realtime' retrieved from /opt/airflow/dags/music_ingestion_dag.py
[2026-01-27T11:19:13.220+0000] {logging_mixin.py:190} INFO - [2026-01-27T11:19:13.219+0000] {dag.py:3239} INFO - Sync 1 DAGs
[2026-01-27T11:19:13.245+0000] {logging_mixin.py:190} INFO - [2026-01-27T11:19:13.245+0000] {dag.py:4180} INFO - Setting next_dagrun for 01_music_ingestion_realtime to 2026-01-27 10:00:00+00:00, run_after=2026-01-27 11:00:00+00:00
[2026-01-27T11:19:13.269+0000] {processor.py:208} INFO - Processing /opt/airflow/dags/music_ingestion_dag.py took 0.113 seconds
[2026-01-27T11:19:43.638+0000] {processor.py:186} INFO - Started process (PID=1827) to work on /opt/airflow/dags/music_ingestion_dag.py
[2026-01-27T11:19:43.639+0000] {processor.py:914} INFO - Processing file /opt/airflow/dags/music_ingestion_dag.py for tasks to queue
[2026-01-27T11:19:43.641+0000] {logging_mixin.py:190} INFO - [2026-01-27T11:19:43.641+0000] {dagbag.py:588} INFO - Filling up the DagBag from /opt/airflow/dags/music_ingestion_dag.py
[2026-01-27T11:19:43.669+0000] {processor.py:925} INFO - DAG(s) '01_music_ingestion_realtime' retrieved from /opt/airflow/dags/music_ingestion_dag.py
[2026-01-27T11:19:43.699+0000] {logging_mixin.py:190} INFO - [2026-01-27T11:19:43.699+0000] {dag.py:3239} INFO - Sync 1 DAGs
[2026-01-27T11:19:43.724+0000] {logging_mixin.py:190} INFO - [2026-01-27T11:19:43.724+0000] {dag.py:4180} INFO - Setting next_dagrun for 01_music_ingestion_realtime to 2026-01-27 10:00:00+00:00, run_after=2026-01-27 11:00:00+00:00
[2026-01-27T11:19:43.749+0000] {processor.py:208} INFO - Processing /opt/airflow/dags/music_ingestion_dag.py took 0.116 seconds
[2026-01-27T11:20:14.044+0000] {processor.py:186} INFO - Started process (PID=1832) to work on /opt/airflow/dags/music_ingestion_dag.py
[2026-01-27T11:20:14.045+0000] {processor.py:914} INFO - Processing file /opt/airflow/dags/music_ingestion_dag.py for tasks to queue
[2026-01-27T11:20:14.048+0000] {logging_mixin.py:190} INFO - [2026-01-27T11:20:14.047+0000] {dagbag.py:588} INFO - Filling up the DagBag from /opt/airflow/dags/music_ingestion_dag.py
[2026-01-27T11:20:14.075+0000] {processor.py:925} INFO - DAG(s) '01_music_ingestion_realtime' retrieved from /opt/airflow/dags/music_ingestion_dag.py
[2026-01-27T11:20:14.103+0000] {logging_mixin.py:190} INFO - [2026-01-27T11:20:14.103+0000] {dag.py:3239} INFO - Sync 1 DAGs
[2026-01-27T11:20:14.128+0000] {logging_mixin.py:190} INFO - [2026-01-27T11:20:14.128+0000] {dag.py:4180} INFO - Setting next_dagrun for 01_music_ingestion_realtime to 2026-01-27 10:00:00+00:00, run_after=2026-01-27 11:00:00+00:00
[2026-01-27T11:20:14.154+0000] {processor.py:208} INFO - Processing /opt/airflow/dags/music_ingestion_dag.py took 0.115 seconds
[2026-01-27T11:20:44.551+0000] {processor.py:186} INFO - Started process (PID=1837) to work on /opt/airflow/dags/music_ingestion_dag.py
[2026-01-27T11:20:44.554+0000] {processor.py:914} INFO - Processing file /opt/airflow/dags/music_ingestion_dag.py for tasks to queue
[2026-01-27T11:20:44.558+0000] {logging_mixin.py:190} INFO - [2026-01-27T11:20:44.557+0000] {dagbag.py:588} INFO - Filling up the DagBag from /opt/airflow/dags/music_ingestion_dag.py
[2026-01-27T11:20:44.587+0000] {processor.py:925} INFO - DAG(s) '01_music_ingestion_realtime' retrieved from /opt/airflow/dags/music_ingestion_dag.py
[2026-01-27T11:20:44.613+0000] {logging_mixin.py:190} INFO - [2026-01-27T11:20:44.612+0000] {dag.py:3239} INFO - Sync 1 DAGs
[2026-01-27T11:20:44.637+0000] {logging_mixin.py:190} INFO - [2026-01-27T11:20:44.637+0000] {dag.py:4180} INFO - Setting next_dagrun for 01_music_ingestion_realtime to 2026-01-27 10:00:00+00:00, run_after=2026-01-27 11:00:00+00:00
[2026-01-27T11:20:44.665+0000] {processor.py:208} INFO - Processing /opt/airflow/dags/music_ingestion_dag.py took 0.120 seconds
[2026-01-27T11:21:14.944+0000] {processor.py:186} INFO - Started process (PID=1842) to work on /opt/airflow/dags/music_ingestion_dag.py
[2026-01-27T11:21:14.946+0000] {processor.py:914} INFO - Processing file /opt/airflow/dags/music_ingestion_dag.py for tasks to queue
[2026-01-27T11:21:14.948+0000] {logging_mixin.py:190} INFO - [2026-01-27T11:21:14.948+0000] {dagbag.py:588} INFO - Filling up the DagBag from /opt/airflow/dags/music_ingestion_dag.py
[2026-01-27T11:21:14.968+0000] {processor.py:925} INFO - DAG(s) '01_music_ingestion_realtime' retrieved from /opt/airflow/dags/music_ingestion_dag.py
[2026-01-27T11:21:14.999+0000] {logging_mixin.py:190} INFO - [2026-01-27T11:21:14.999+0000] {dag.py:3239} INFO - Sync 1 DAGs
[2026-01-27T11:21:15.025+0000] {logging_mixin.py:190} INFO - [2026-01-27T11:21:15.024+0000] {dag.py:4180} INFO - Setting next_dagrun for 01_music_ingestion_realtime to 2026-01-27 10:00:00+00:00, run_after=2026-01-27 11:00:00+00:00
[2026-01-27T11:21:15.052+0000] {processor.py:208} INFO - Processing /opt/airflow/dags/music_ingestion_dag.py took 0.114 seconds
[2026-01-27T11:21:45.386+0000] {processor.py:186} INFO - Started process (PID=1847) to work on /opt/airflow/dags/music_ingestion_dag.py
[2026-01-27T11:21:45.387+0000] {processor.py:914} INFO - Processing file /opt/airflow/dags/music_ingestion_dag.py for tasks to queue
[2026-01-27T11:21:45.389+0000] {logging_mixin.py:190} INFO - [2026-01-27T11:21:45.389+0000] {dagbag.py:588} INFO - Filling up the DagBag from /opt/airflow/dags/music_ingestion_dag.py
[2026-01-27T11:21:45.411+0000] {processor.py:925} INFO - DAG(s) '01_music_ingestion_realtime' retrieved from /opt/airflow/dags/music_ingestion_dag.py
[2026-01-27T11:21:45.438+0000] {logging_mixin.py:190} INFO - [2026-01-27T11:21:45.438+0000] {dag.py:3239} INFO - Sync 1 DAGs
[2026-01-27T11:21:45.462+0000] {logging_mixin.py:190} INFO - [2026-01-27T11:21:45.462+0000] {dag.py:4180} INFO - Setting next_dagrun for 01_music_ingestion_realtime to 2026-01-27 10:00:00+00:00, run_after=2026-01-27 11:00:00+00:00
[2026-01-27T11:21:45.487+0000] {processor.py:208} INFO - Processing /opt/airflow/dags/music_ingestion_dag.py took 0.107 seconds
[2026-01-27T11:22:15.770+0000] {processor.py:186} INFO - Started process (PID=1852) to work on /opt/airflow/dags/music_ingestion_dag.py
[2026-01-27T11:22:15.772+0000] {processor.py:914} INFO - Processing file /opt/airflow/dags/music_ingestion_dag.py for tasks to queue
[2026-01-27T11:22:15.775+0000] {logging_mixin.py:190} INFO - [2026-01-27T11:22:15.775+0000] {dagbag.py:588} INFO - Filling up the DagBag from /opt/airflow/dags/music_ingestion_dag.py
[2026-01-27T11:22:15.803+0000] {processor.py:925} INFO - DAG(s) '01_music_ingestion_realtime' retrieved from /opt/airflow/dags/music_ingestion_dag.py
[2026-01-27T11:22:15.829+0000] {logging_mixin.py:190} INFO - [2026-01-27T11:22:15.829+0000] {dag.py:3239} INFO - Sync 1 DAGs
[2026-01-27T11:22:15.854+0000] {logging_mixin.py:190} INFO - [2026-01-27T11:22:15.854+0000] {dag.py:4180} INFO - Setting next_dagrun for 01_music_ingestion_realtime to 2026-01-27 10:00:00+00:00, run_after=2026-01-27 11:00:00+00:00
[2026-01-27T11:22:15.880+0000] {processor.py:208} INFO - Processing /opt/airflow/dags/music_ingestion_dag.py took 0.117 seconds
[2026-01-27T11:22:46.152+0000] {processor.py:186} INFO - Started process (PID=1857) to work on /opt/airflow/dags/music_ingestion_dag.py
[2026-01-27T11:22:46.153+0000] {processor.py:914} INFO - Processing file /opt/airflow/dags/music_ingestion_dag.py for tasks to queue
[2026-01-27T11:22:46.156+0000] {logging_mixin.py:190} INFO - [2026-01-27T11:22:46.155+0000] {dagbag.py:588} INFO - Filling up the DagBag from /opt/airflow/dags/music_ingestion_dag.py
[2026-01-27T11:22:46.172+0000] {processor.py:925} INFO - DAG(s) '01_music_ingestion_realtime' retrieved from /opt/airflow/dags/music_ingestion_dag.py
[2026-01-27T11:22:46.201+0000] {logging_mixin.py:190} INFO - [2026-01-27T11:22:46.201+0000] {dag.py:3239} INFO - Sync 1 DAGs
[2026-01-27T11:22:46.226+0000] {logging_mixin.py:190} INFO - [2026-01-27T11:22:46.225+0000] {dag.py:4180} INFO - Setting next_dagrun for 01_music_ingestion_realtime to 2026-01-27 10:00:00+00:00, run_after=2026-01-27 11:00:00+00:00
[2026-01-27T11:22:46.253+0000] {processor.py:208} INFO - Processing /opt/airflow/dags/music_ingestion_dag.py took 0.106 seconds
[2026-01-27T11:23:16.511+0000] {processor.py:186} INFO - Started process (PID=1862) to work on /opt/airflow/dags/music_ingestion_dag.py
[2026-01-27T11:23:16.512+0000] {processor.py:914} INFO - Processing file /opt/airflow/dags/music_ingestion_dag.py for tasks to queue
[2026-01-27T11:23:16.515+0000] {logging_mixin.py:190} INFO - [2026-01-27T11:23:16.514+0000] {dagbag.py:588} INFO - Filling up the DagBag from /opt/airflow/dags/music_ingestion_dag.py
[2026-01-27T11:23:16.534+0000] {processor.py:925} INFO - DAG(s) '01_music_ingestion_realtime' retrieved from /opt/airflow/dags/music_ingestion_dag.py
[2026-01-27T11:23:16.564+0000] {logging_mixin.py:190} INFO - [2026-01-27T11:23:16.563+0000] {dag.py:3239} INFO - Sync 1 DAGs
[2026-01-27T11:23:16.590+0000] {logging_mixin.py:190} INFO - [2026-01-27T11:23:16.590+0000] {dag.py:4180} INFO - Setting next_dagrun for 01_music_ingestion_realtime to 2026-01-27 10:00:00+00:00, run_after=2026-01-27 11:00:00+00:00
[2026-01-27T11:23:16.615+0000] {processor.py:208} INFO - Processing /opt/airflow/dags/music_ingestion_dag.py took 0.111 seconds
[2026-01-27T11:23:46.968+0000] {processor.py:186} INFO - Started process (PID=1867) to work on /opt/airflow/dags/music_ingestion_dag.py
[2026-01-27T11:23:46.969+0000] {processor.py:914} INFO - Processing file /opt/airflow/dags/music_ingestion_dag.py for tasks to queue
[2026-01-27T11:23:46.972+0000] {logging_mixin.py:190} INFO - [2026-01-27T11:23:46.971+0000] {dagbag.py:588} INFO - Filling up the DagBag from /opt/airflow/dags/music_ingestion_dag.py
[2026-01-27T11:23:46.989+0000] {processor.py:925} INFO - DAG(s) '01_music_ingestion_realtime' retrieved from /opt/airflow/dags/music_ingestion_dag.py
[2026-01-27T11:23:47.016+0000] {logging_mixin.py:190} INFO - [2026-01-27T11:23:47.016+0000] {dag.py:3239} INFO - Sync 1 DAGs
[2026-01-27T11:23:47.043+0000] {logging_mixin.py:190} INFO - [2026-01-27T11:23:47.043+0000] {dag.py:4180} INFO - Setting next_dagrun for 01_music_ingestion_realtime to 2026-01-27 10:00:00+00:00, run_after=2026-01-27 11:00:00+00:00
[2026-01-27T11:23:47.068+0000] {processor.py:208} INFO - Processing /opt/airflow/dags/music_ingestion_dag.py took 0.105 seconds
[2026-01-27T11:24:17.368+0000] {processor.py:186} INFO - Started process (PID=1872) to work on /opt/airflow/dags/music_ingestion_dag.py
[2026-01-27T11:24:17.370+0000] {processor.py:914} INFO - Processing file /opt/airflow/dags/music_ingestion_dag.py for tasks to queue
[2026-01-27T11:24:17.372+0000] {logging_mixin.py:190} INFO - [2026-01-27T11:24:17.372+0000] {dagbag.py:588} INFO - Filling up the DagBag from /opt/airflow/dags/music_ingestion_dag.py
[2026-01-27T11:24:17.403+0000] {processor.py:925} INFO - DAG(s) '01_music_ingestion_realtime' retrieved from /opt/airflow/dags/music_ingestion_dag.py
[2026-01-27T11:24:17.440+0000] {logging_mixin.py:190} INFO - [2026-01-27T11:24:17.439+0000] {dag.py:3239} INFO - Sync 1 DAGs
[2026-01-27T11:24:17.463+0000] {logging_mixin.py:190} INFO - [2026-01-27T11:24:17.463+0000] {dag.py:4180} INFO - Setting next_dagrun for 01_music_ingestion_realtime to 2026-01-27 10:00:00+00:00, run_after=2026-01-27 11:00:00+00:00
[2026-01-27T11:24:17.487+0000] {processor.py:208} INFO - Processing /opt/airflow/dags/music_ingestion_dag.py took 0.124 seconds
[2026-01-27T11:24:47.836+0000] {processor.py:186} INFO - Started process (PID=1877) to work on /opt/airflow/dags/music_ingestion_dag.py
[2026-01-27T11:24:47.838+0000] {processor.py:914} INFO - Processing file /opt/airflow/dags/music_ingestion_dag.py for tasks to queue
[2026-01-27T11:24:47.840+0000] {logging_mixin.py:190} INFO - [2026-01-27T11:24:47.840+0000] {dagbag.py:588} INFO - Filling up the DagBag from /opt/airflow/dags/music_ingestion_dag.py
[2026-01-27T11:24:47.860+0000] {processor.py:925} INFO - DAG(s) '01_music_ingestion_realtime' retrieved from /opt/airflow/dags/music_ingestion_dag.py
[2026-01-27T11:24:47.886+0000] {logging_mixin.py:190} INFO - [2026-01-27T11:24:47.885+0000] {dag.py:3239} INFO - Sync 1 DAGs
[2026-01-27T11:24:47.911+0000] {logging_mixin.py:190} INFO - [2026-01-27T11:24:47.911+0000] {dag.py:4180} INFO - Setting next_dagrun for 01_music_ingestion_realtime to 2026-01-27 10:00:00+00:00, run_after=2026-01-27 11:00:00+00:00
[2026-01-27T11:24:47.936+0000] {processor.py:208} INFO - Processing /opt/airflow/dags/music_ingestion_dag.py took 0.105 seconds
[2026-01-27T11:25:18.254+0000] {processor.py:186} INFO - Started process (PID=1882) to work on /opt/airflow/dags/music_ingestion_dag.py
[2026-01-27T11:25:18.255+0000] {processor.py:914} INFO - Processing file /opt/airflow/dags/music_ingestion_dag.py for tasks to queue
[2026-01-27T11:25:18.257+0000] {logging_mixin.py:190} INFO - [2026-01-27T11:25:18.257+0000] {dagbag.py:588} INFO - Filling up the DagBag from /opt/airflow/dags/music_ingestion_dag.py
[2026-01-27T11:25:18.294+0000] {processor.py:925} INFO - DAG(s) '01_music_ingestion_realtime' retrieved from /opt/airflow/dags/music_ingestion_dag.py
[2026-01-27T11:25:18.338+0000] {logging_mixin.py:190} INFO - [2026-01-27T11:25:18.337+0000] {dag.py:3239} INFO - Sync 1 DAGs
[2026-01-27T11:25:18.381+0000] {logging_mixin.py:190} INFO - [2026-01-27T11:25:18.380+0000] {dag.py:4180} INFO - Setting next_dagrun for 01_music_ingestion_realtime to 2026-01-27 10:00:00+00:00, run_after=2026-01-27 11:00:00+00:00
[2026-01-27T11:25:18.411+0000] {processor.py:208} INFO - Processing /opt/airflow/dags/music_ingestion_dag.py took 0.162 seconds
[2026-01-27T11:25:48.706+0000] {processor.py:186} INFO - Started process (PID=1887) to work on /opt/airflow/dags/music_ingestion_dag.py
[2026-01-27T11:25:48.708+0000] {processor.py:914} INFO - Processing file /opt/airflow/dags/music_ingestion_dag.py for tasks to queue
[2026-01-27T11:25:48.713+0000] {logging_mixin.py:190} INFO - [2026-01-27T11:25:48.712+0000] {dagbag.py:588} INFO - Filling up the DagBag from /opt/airflow/dags/music_ingestion_dag.py
[2026-01-27T11:25:48.744+0000] {processor.py:925} INFO - DAG(s) '01_music_ingestion_realtime' retrieved from /opt/airflow/dags/music_ingestion_dag.py
[2026-01-27T11:25:48.779+0000] {logging_mixin.py:190} INFO - [2026-01-27T11:25:48.779+0000] {dag.py:3239} INFO - Sync 1 DAGs
[2026-01-27T11:25:48.804+0000] {logging_mixin.py:190} INFO - [2026-01-27T11:25:48.804+0000] {dag.py:4180} INFO - Setting next_dagrun for 01_music_ingestion_realtime to 2026-01-27 10:00:00+00:00, run_after=2026-01-27 11:00:00+00:00
[2026-01-27T11:25:48.835+0000] {processor.py:208} INFO - Processing /opt/airflow/dags/music_ingestion_dag.py took 0.139 seconds
